Korean|English|Korean Chunk 1|English Chunk 1|Korean Chunk 2|English Chunk 2
있다1|to exist|책이 있다|there is a book|시간이 있어요|I have time
것1|thing|좋은 것|good thing|할 것|thing to do
스케이트|skate|스케이트를 타다|to skate|스케이트장|skating rink
하다1|to do|공부하다|to study|일하다|to work
되다1|to become|어른이 되다|to become an adult|의사가 되다|to become a doctor
공원3|park|공원에서 놀다|to play in the park|공원을 산책하다|to walk in the park
수2|way|좋은 수|good way|다른 수|different way
나3|I|나는 학생이다|I am a student|나도 가요|I'm going too
자르다1|to cut|머리를 자르다|to cut hair|종이를 자르다|to cut paper
그1|the|그 사람|that person|그 책|that book
없다1|to not exist|돈이 없다|to have no money|시간이 없어요|I don't have time
슈퍼마켓|supermarket|슈퍼마켓에서 사다|to buy at supermarket|큰 슈퍼마켓|big supermarket
않다|to not|하지 않다|to not do|가지 않아요|I don't go
사람|person|좋은 사람|good person|많은 사람|many people
고속버스터미널|express bus terminal|고속버스터미널에서 만나다|to meet at express bus terminal|고속버스터미널까지 가다|to go to express bus terminal
같다|to be the same|나와 같다|same as me|똑같아요|it's exactly the same
우리3|we|우리 집|our house|우리가 하다|we do
바다|sea|바다에서 수영하다|to swim in the sea|푸른 바다|blue sea
이3|tooth|이가 아프다|tooth hurts|이를 닦다|to brush teeth
이5|this|이 책|this book|이것은|this is
저것|that|저것은 뭐예요|what is that|저것을 주세요|please give me that
거1|thing|할 거예요|will do|좋은 거|good thing
아니다|to not be|학생이 아니다|to not be a student|그게 아니에요|that's not it
역사4|history|한국 역사|Korean history|역사를 공부하다|to study history
아2|ah|아, 그래요|ah, I see|아, 미안해요|ah, I'm sorry
보다1|to see|영화를 보다|to watch a movie|친구를 보다|to see a friend
경치2|scenery|아름다운 경치|beautiful scenery|경치를 구경하다|to enjoy the scenery
이렇다|to be like this|이렇게 하다|to do like this|이런 일|this kind of thing
때1|time|그 때|at that time|언제 때|what time
누가|who|누가 왔어요|who came|누가 했어요|who did it
더1|more|더 좋다|better|더 많이|more
주다1|to give|선물을 주다|to give a gift|도움을 주다|to give help
얼마|how much|얼마예요|how much is it|얼마나 좋아요|how good is it
진짜|really|진짜 좋아요|really good|진짜 예뻐요|really pretty
가다1|to go|학교에 가다|to go to school|집에 가다|to go home
치마1|skirt|긴 치마|long skirt|치마를 입다|to wear a skirt
너무1|too|너무 좋아요|too good|너무 많아요|too much
년2|year|올해|this year|내년|next year
닦다1|to wipe|바닥을 닦다|to wipe the floor|창문을 닦다|to wipe the window
또|again|또 만나요|see you again|또 왔어요|came again
한1|one|한 개|one piece|한 번|one time
박물관|museum|국립 박물관|national museum|박물관에 가다|to go to the museum
그렇다|to be so|그렇게 하다|to do so|그런 사람|that kind of person
말1|words|좋은 말|good words|말을 하다|to speak
산책|walk|공원에서 산책|walk in the park|산책을 하다|to take a walk
좋다1|to be good|날씨가 좋다|the weather is good|정말 좋아요|really good
일1|work|중요한 일|important work|일을 하다|to work
빵1|bread|맛있는 빵|delicious bread|빵을 먹다|to eat bread
알다|to know|잘 알아요|know well|모르겠어요|don't know
때문|because of|비 때문에|because of rain|일 때문에|because of work
노르웨이|Norway|노르웨이 여행|trip to Norway|노르웨이 사람|Norwegian person
먹다1|to eat|귀를 먹다|to go deaf|소리를 먹다|to muffle sound
말하다|to speak|한국말을 하다|to speak Korean|말해 주세요|please tell me
체육관|gymnasium|체육관에서 운동하다|to exercise in the gym|학교 체육관|school gymnasium
왜2|why|왜 그래요|why is that|왜 안 와요|why aren't you coming
그러나|however|그러나 문제가 있다|however there's a problem|그러나 괜찮아요|however it's okay
말씀드리다|to tell (honorific)|말씀드릴게요|I'll tell you|말씀드리고 싶어요|I want to tell you
어떻다|to be how|어떤 사람|what kind of person|어떻게 지내세요|how are you doing
오다1|to come|집에 오다|to come home|내일 오세요|please come tomorrow
한글날|Hangeul Day|한글날 행사|Hangeul Day event|한글날을 기념하다|to commemorate Hangeul Day
많이|a lot|많이 먹어요|eat a lot|많이 바빠요|very busy
씨7|Mr./Ms.|김 씨|Mr./Ms. Kim|박 씨 댁|Mr./Ms. Park's house
바람1|wind|바람이 불다|wind blows|시원한 바람|cool breeze
싶다|to want to|가고 싶다|want to go|먹고 싶어요|I want to eat
크다1|to be big|큰 집|big house|크게 말하다|to speak loudly
방학|vacation|여름 방학|summer vacation|방학 계획|vacation plans
많다|to be many|사람이 많다|there are many people|많은 친구|many friends
일7|day|하루 종일|all day long|며칠 동안|for several days
가르치다1|to teach|한국어를 가르치다|to teach Korean|학생을 가르치다|to teach students
오늘|today|오늘 날씨|today's weather|오늘 만나요|let's meet today
안2|not|안 가요|not going|안 좋아해요|don't like it
청소하다3|to clean|방을 청소하다|to clean the room|청소를 하다|to do cleaning
받다1|to receive|선물을 받다|to receive a gift|편지를 받다|to receive a letter
그것|that|그것 좀 주세요|please give me that|그것은 뭐예요|what is that
서핑|surfing|서핑을 하다|to surf|서핑 보드|surfboard
뭐|what|뭐 해요?|what are you doing?|뭐가 좋아요?|what do you like?
집1|house|우리 집|our house|집에 가다|to go home
고프다|to be hungry|배가 고프다|to be hungry|너무 고파요|I'm so hungry
만들다|to make|음식을 만들다|to make food|친구를 만들다|to make friends
나오다|to come out|밖으로 나오다|to come outside|결과가 나오다|results come out
가볍다|to be light|가벼운 가방|light bag|마음이 가볍다|to feel light-hearted
그냥|just|그냥 집에 있어요|just staying home|그냥 괜찮아요|it's just fine
그리고|and|그리고 나서|and then|그리고 또|and also
교실|classroom|우리 교실|our classroom|교실에 들어가다|to enter the classroom
생각1|thought|좋은 생각|good idea|생각이 나다|to come to mind
문제6|problem|어려운 문제|difficult problem|문제가 있다|there is a problem
잔3|cup|물 한 잔|a cup of water|커피 두 잔|two cups of coffee
생각하다|to think|열심히 생각하다|to think hard|생각해 보다|to think about it
살다1|to live|서울에 살다|to live in Seoul|혼자 살다|to live alone
게임|game|컴퓨터 게임|computer game|게임을 하다|to play a game
씨1|seed|씨를 심다|to plant seeds|꽃씨를 뿌리다|to sow flower seeds
저3|I|저는 학생이에요|I am a student|저도 가요|I'm going too
아니요|no|아니요, 괜찮아요|no, it's okay|아니요, 몰라요|no, I don't know
야4|hey|야, 이리 와|hey, come here|야, 뭐 해?|hey, what are you doing?
못하다|cannot|한국말 못해요|cannot speak Korean|못하겠어요|I can't do it
드시다|to eat|식사를 드시다|to have a meal|많이 드세요|please eat a lot
앵커|anchor|뉴스 앵커|news anchor|앵커가 되다|to become an anchor
모르다|to not know|잘 모르겠어요|I don't know well|모르는 사람|person I don't know
스케이트장|skating rink|스케이트장에 가다|to go to the skating rink|실내 스케이트장|indoor skating rink
대하다2|to treat|친절하게 대하다|to treat kindly|손님을 대하다|to treat guests
속1|inside|속이 아프다|stomach hurts|속을 들여다보다|to look inside
한번|once|한번 해보다|to try once|한번 더|once more
등1|back|등이 아프다|back hurts|등을 돌리다|to turn one's back
두1|two|두 개|two pieces|두 번|two times
프랑스말|French|프랑스말 공부|studying French|프랑스말로 말하다|to speak in French
위하다1|to be for|건강을 위하다|for health|가족을 위하다|for family
앞|front|앞에 서다|to stand in front|앞으로 가다|to go forward
연락하다2|to contact|전화로 연락하다|to contact by phone|나중에 연락하다|to contact later
못1|nail|못을 박다|to drive a nail|못이 빠지다|nail comes out
어떤|what kind of|어떤 사람|what kind of person|어떤 음식|what kind of food
입다1|to wear|옷을 입다|to wear clothes|정장을 입다|to wear a suit
다시1|again|다시 해보다|to try again|다시 만나다|to meet again
잘2|well|잘 모르다|to not know well|잘 지내다|to be doing well
삼계탕|ginseng chicken soup|삼계탕을 끓이다|to cook ginseng chicken soup|삼계탕 한 그릇|a bowl of ginseng chicken soup
들어가다1|to go in|집에 들어가다|to go into the house|방에 들어가다|to enter the room
먹다2|to eat|밥을 먹다|to eat rice|과일을 먹다|to eat fruit
기자5|reporter|신문 기자|newspaper reporter|기자가 되다|to become a reporter
맞다1|to be correct|답이 맞다|the answer is correct|맞는 말|correct words
원1|won|천 원|one thousand won|원을 바꾸다|to exchange won
책1|book|책을 읽다|to read a book|새 책|new book
그거|that|그거 뭐야|what is that|그거 좋다|that's good
명3|people|한 명|one person|두 명|two people
생일2|birthday|생일 파티|birthday party|생일 선물|birthday gift
예1|past|예나 지금이나|then and now|예부터|from the past
다른|other|다른 사람|other person|다른 방법|other method
여행하다1|to travel|해외여행하다|to travel abroad|가족여행하다|to travel with family
친구2|friend|좋은 친구|good friend|친구를 만나다|to meet a friend
이런1|like this|이런 일|this kind of thing|이런 사람|this kind of person
식사하다2|to have a meal|점심식사하다|to have lunch|함께 식사하다|to dine together
안1|inside|집 안|inside the house|방 안|inside the room
여자2|woman|젊은 여자|young woman|여자 친구|girlfriend
추다2|to dance|춤을 추다|to dance|탱고를 추다|to dance tango
조금1|a little|조금 더|a little more|조금씩|little by little
개10|counter for items|사과 세 개|three apples|책 한 개|one book
만1|only|십 년 만에|after ten years|오랜만에|after a long time
맛있다|to be delicious|맛있는 음식|delicious food|정말 맛있다|really delicious
뒤1|back|집 뒤|behind the house|뒤에서|from behind
준비하다|to prepare|시험을 준비하다|to prepare for an exam|여행을 준비하다|to prepare for a trip
여러분|everyone|여러분 안녕하세요|hello everyone|여러분 감사합니다|thank you everyone
듣다1|to hear|소리를 듣다|to hear a sound|음악을 듣다|to listen to music
볼펜2|ballpoint pen|파란 볼펜|blue ballpoint pen|볼펜으로 쓰다|to write with a ballpoint pen
시간4|time|시간이 없다|no time|시간을 보내다|to spend time
다3|all|다 먹었어요|ate it all|다 왔어요|everyone came
공항2|airport|인천공항|Incheon Airport|공항에 가다|to go to the airport
어디1|where|어디에 가요|where are you going|어디서 왔어요|where did you come from
좀2|a little|좀 더|a little more|좀 천천히|a little slowly
샤워하다|to shower|샤워를 하다|to take a shower|뜨거운 샤워|hot shower
엄마|mom|우리 엄마|my mom|엄마한테 전화하다|to call mom
들다1|to enter|여관에 들다|to enter an inn|방에 들다|to enter a room
바꾸다|to change|옷을 바꾸다|to change clothes|계획을 바꾸다|to change plans
중4|middle|중학교|middle school|중간에|in the middle
가지다|to have|돈을 가지다|to have money|생각을 가지다|to have an idea
향수4|perfume|향수를 뿌리다|to spray perfume|좋은 향수|good perfume
괜찮다|to be okay|괜찮은 사람|decent person|괜찮아요|it's okay
함께|together|함께 가다|to go together|함께 살다|to live together
언니|older sister|언니가 왔어요|older sister came|친한 언니|close older sister
소리1|sound|큰 소리|loud sound|소리를 내다|to make a sound
아이1|child|어린 아이|young child|아이가 울다|child is crying
세우다1|to build|집을 세우다|to build a house|계획을 세우다|to make a plan
마음1|heart|좋은 마음|good heart|마음이 아프다|heart hurts
너1|you|너는 누구야|who are you|너를 사랑해|I love you
전화7|telephone|전화를 걸다|to make a call|전화가 오다|phone call comes
좋아하다|to like|음악을 좋아하다|to like music|좋아하는 사람|person I like
나다1|to come out|소리가 나다|sound comes out|냄새가 나다|smell comes out
권1|volume|책 한 권|one book|몇 권|how many volumes
같이|together|같이 가자|let's go together|같이 먹다|to eat together
어머니1|mother|어머니께서|mother (honorific)|우리 어머니|my mother
반7|half|반 시간|half an hour|반값|half price
처음|beginning|처음 만나다|to meet for the first time|처음부터|from the beginning
눈1|eye|큰 눈|big eyes|눈을 감다|to close eyes
서점3|bookstore|큰 서점|big bookstore|서점에 가다|to go to bookstore
응1|yes|응, 알겠어|yes, I understand|응, 맞아|yes, that's right
다음1|next|다음 주|next week|다음에 보자|see you next time
컴퓨터|computer|새 컴퓨터|new computer|컴퓨터를 켜다|to turn on computer
찾다|to find|길을 찾다|to find the way|사람을 찾다|to look for someone
누구|who|누구세요|who is it|누구 것|whose thing
모자8|hat|모자를 쓰다|to wear a hat|예쁜 모자|pretty hat
저희1|we|저희 가족|our family|저희 회사|our company
전8|before|전 시간|previous time|전 학기|previous semester
할머니|grandmother|할머니 집|grandmother's house|할머니께 인사|greet grandmother
정도11|degree|이 정도면|to this degree|어느 정도|to some extent
곳1|place|좋은 곳|good place|조용한 곳|quiet place
수요일|Wednesday|수요일 오후|Wednesday afternoon|수요일에 만나다|to meet on Wednesday
가장1|most|가장 좋다|to be the best|가장 중요한|most important
여러|various|여러 사람|various people|여러 가지|various things
여기1|here|여기 있어요|it's here|여기서 만나다|to meet here
아직1|still|아직 안 왔어요|hasn't come yet|아직 일찍|still early
하나|one|하나씩|one by one|하나만|just one
인분80|serving|삼 인분|three servings|한 인분 주세요|one serving please
시작하다1|to start|수업을 시작하다|to start class|시작할 시간|time to start
버리다1|to throw away|쓰레기를 버리다|to throw away trash|버리고 가다|to throw away and go
의사2|doctor|의사 선생님|doctor|의사가 되다|to become a doctor
웃음|laughter|웃음소리|sound of laughter|웃음이 나다|to laugh
위1|above|책상 위|on the desk|위에 올리다|to put on top
왔습니다|came|학교에 왔습니다|came to school|일찍 왔습니다|came early
계속4|continuously|계속 공부하다|to study continuously|계속 비가 오다|to keep raining
운동2|exercise|운동을 하다|to exercise|운동장에서|at the playground
시6|city|서울시|Seoul city|우리 시|our city
넣다|to put in|가방에 넣다|to put in bag|설탕을 넣다|to add sugar
퍼센트|percent|오십 퍼센트|fifty percent|몇 퍼센트|how many percent
가방1|bag|가방을 메다|to carry a bag|새 가방|new bag
형1|older brother|형이 왔다|older brother came|우리 형|my older brother
학교|school|학교에 가다|to go to school|새 학교|new school
번4|number|몇 번|what number|3번 버스|bus number 3
상황2|situation|어려운 상황|difficult situation|상황을 파악하다|to grasp the situation
들다4|to hold|꽃을 들다|to hold flowers|손에 들다|to hold in hand
베트남|Vietnam|베트남 음식|Vietnamese food|베트남에 가다|to go to Vietnam
잘하다|to be good at|공부를 잘하다|to be good at studying|요리를 잘하다|to be good at cooking
바로2|right away|바로 가다|to go right away|바로 여기|right here
탁구장|ping pong hall|탁구장에서 치다|to play at ping pong hall|새 탁구장|new ping pong hall
경우3|case|이런 경우|in this case|특별한 경우|special case
어느1|which|어느 것|which one|어느 날|which day
의자3|chair|의자에 앉다|to sit on chair|편한 의자|comfortable chair
그때|that time|그때 만났어요|we met at that time|그때부터|from that time
그래서|so|그래서 왔어요|so I came|그래서 좋아요|so it's good
무엇|what|무엇을 하다|to do what|무엇이 좋아요|what is good
미국|America|미국에 가다|to go to America|미국 사람|American person
모든|all|모든 사람|all people|모든 것|everything
요리5|cooking|요리를 하다|to cook|한국 요리|Korean cooking
라|or|사과라 배|apple or pear|이것이라 저것|this or that
돈1|money|돈을 벌다|to earn money|용돈|pocket money
학생회관|student center|학생회관에서 만나다|to meet at student center|새 학생회관|new student center
음악1|music|음악을 듣다|to listen to music|좋은 음악|good music
그런데|but|그런데 비싸요|but it's expensive|그런데 왜|but why
호선80|line|2호선|line 2|지하철 호선|subway line
아주1|very|아주 좋다|very good|아주 많이|very much
날1|day|어느 날|one day|좋은 날|good day
찜질방|jjimjilbang|찜질방에 가다|to go to jjimjilbang|찜질방에서 자다|to sleep at jjimjilbang
모습1|appearance|예쁜 모습|pretty appearance|변한 모습|changed appearance
모두1|all|모두 다|all together|모두 왔어요|everyone came
피자|pizza|피자 주문|pizza order|피자를 먹다|to eat pizza
몇|how many|몇 개|how many|몇 시|what time
후8|after|한 시간 후|after one hour|식사 후|after meal
콘서트|concert|콘서트 티켓|concert ticket|콘서트에 가다|to go to concert
딱2|exactly|딱 맞다|to fit exactly|딱 좋다|just right
놓다1|to put|책상에 놓다|to put on desk|여기에 놓다|to put here
쇼핑하다|to shop|쇼핑하러 가다|to go shopping|온라인 쇼핑하다|to shop online
먼저|first|먼저 해보다|to try first|먼저 가세요|please go first
아버지|father|우리 아버지|my father|아버지께서|father (honorific)
가수11|singer|유명한 가수|famous singer|가수가 되다|to become singer
대통령|president|대통령 선거|presidential election|대통령이 되다|to become president
남자2|man|젊은 남자|young man|남자 친구|boyfriend
불다1|to blow|바람이 불다|wind blows|세게 불다|to blow hard
오2|oh|오 정말|oh really|오 그래요|oh I see
몸1|body|건강한 몸|healthy body|몸이 아프다|body hurts
초콜릿|chocolate|초콜릿 케이크|chocolate cake|초콜릿을 먹다|to eat chocolate
감사하다5|to be grateful|감사한 마음|grateful heart|감사하게 생각하다|to think gratefully
얼굴1|face|예쁜 얼굴|pretty face|얼굴을 씻다|to wash face
병4|illness|심한 병|serious illness|병에 걸리다|to get sick
빨리|quickly|빨리 가다|to go quickly|빨리 해요|do it quickly
말다3|to stop|비가 그치지 말다|may the rain not stop|하지 말다|don't do it
골프|golf|골프를 치다|to play golf|골프장에서|at the golf course
보내다|to send|편지를 보내다|to send a letter|시간을 보내다|to spend time
다르다1|to be different|완전히 다르다|completely different|다른 방법|different method
육교|overpass|육교를 건너다|to cross the overpass|육교 아래|under the overpass
막1|just now|막 도착했다|just arrived|막 시작했어요|just started
물1|water|바닷물|seawater|물을 마시다|to drink water
교통1|traffic|교통이 복잡하다|traffic is heavy|교통수단|means of transportation
나가다|to go out|밖으로 나가다|to go outside|집에서 나가다|to leave home
만나다|to meet|친구를 만나다|to meet a friend|처음 만나다|to meet for the first time
아래1|below|책상 아래|under the desk|아래층|lower floor
잡다1|to catch|버스를 잡다|to catch a bus|손을 잡다|to hold hands
내다2|to make|길을 내다|to make a road|소리를 내다|to make a sound
복습|review|복습을 하다|to review|복습이 필요하다|review is needed
보이다1|to be seen|잘 보이다|to be clearly visible|멀리 보이다|to be visible from afar
쓰다1|to write|글씨를 쓰다|to write letters|편지를 쓰다|to write a letter
기다리다|to wait|버스를 기다리다|to wait for the bus|오래 기다리다|to wait long
굉장히|very|굉장히 좋다|very good|굉장히 빠르다|very fast
이것|this|이것은 뭐예요|what is this|이것을 주세요|please give me this
아르바이트하다|to work part-time|카페에서 아르바이트하다|to work part-time at a cafe|아르바이트를 구하다|to look for part-time work
지금3|now|지금 몇 시|what time is it now|지금 바쁘다|busy now
이번1|this time|이번 주말|this weekend|이번에는|this time
책상1|desk|책상 위에|on the desk|책상을 정리하다|to organize the desk
안녕하다|to be well|안녕하세요|hello|안녕하십니까|how do you do
길1|road|길을 건너다|to cross the road|긴 길|long road
내일|tomorrow|내일 만나요|see you tomorrow|내일 계획|tomorrow's plan
중요하다2|to be important|중요한 일|important matter|중요하게 생각하다|to consider important
생활|life|일상생활|daily life|생활비|living expenses
식당|restaurant|학교 식당|school cafeteria|식당에서 먹다|to eat at a restaurant
힘들다|to be difficult|힘든 일|difficult work|힘들어하다|to find it hard
쓰다3|to take|약을 쓰다|to take medicine|감기약을 쓰다|to take cold medicine
노래1|song|좋은 노래|good song|노래를 부르다|to sing a song
번째|ordinal marker|첫 번째|first|두 번째|second
사이1|between|친구 사이|between friends|사이가 좋다|to get along well
빵집|bakery|동네 빵집|neighborhood bakery|빵집에서 사다|to buy at a bakery
들어오다|to come in|집에 들어오다|to come into the house|방에 들어오다|to come into the room
우리나라|our country|우리나라 문화|our country's culture|우리나라 사람|people of our country
수영2|swimming|수영 수업|swimming lesson|수영을 하다|to swim
얘기하다|to talk|친구와 얘기하다|to talk with friends|재미있게 얘기하다|to talk enjoyably
앉다|to sit|의자에 앉다|to sit on a chair|바닥에 앉다|to sit on the floor
요일|day of the week|무슨 요일|what day|월요일|Monday
선생님|teacher|담임 선생님|homeroom teacher|선생님께 인사하다|to greet the teacher
손1|hand|오른손|right hand|손을 씻다|to wash hands
아침|morning|아침 시간|morning time|아침에 일어나다|to wake up in the morning
아빠|dad|우리 아빠|my dad|아빠와 놀다|to play with dad
시10|o'clock|몇 시|what time|세 시|three o'clock
걷다2|to walk|천천히 걷다|to walk slowly|공원에서 걷다|to walk in the park
죽다1|to die|굶어 죽다|to starve to death|병으로 죽다|to die from illness
이야기|story|재미있는 이야기|interesting story|이야기를 듣다|to listen to a story
똑바로|straight|똑바로 서다|to stand straight|똑바로 보다|to look straight
부분1|part|일부분만|only a part|중요한 부분|important part
사다|to buy|책을 사다|to buy a book|선물을 사다|to buy a gift
반갑다|to be glad|반가운 소식|glad news|반갑게 인사하다|to greet warmly
끝나다|to end|수업이 끝나다|class ends|영화가 끝나다|movie ends
서다1|to stand|줄을 서다|to stand in line|문 앞에 서다|to stand in front of the door
공부하다|to study|한국어를 공부하다|to study Korean|열심히 공부하다|to study hard
마지막|last|마지막 기회|last chance|마지막 날|last day
못4|cannot|못 가다|cannot go|못 먹다|cannot eat
일본|Japan|일본 여행|trip to Japan|일본 음식|Japanese food
떨어지다|to fall|사과가 떨어지다|apple falls|시험에 떨어지다|to fail an exam
읽다|to read|책을 읽다|to read a book|신문을 읽다|to read a newspaper
피곤하다|to be tired|너무 피곤하다|to be very tired|피곤한 표정|tired expression
예쁘다|to be pretty|예쁜 꽃|pretty flower|예쁘게 입다|to dress prettily
이제1|now|이제 시작이다|now it begins|이제 알겠다|now I understand
쉽다|to be easy|쉬운 문제|easy problem|쉽게 설명하다|to explain easily
줄1|line|긴 줄|long line|줄을 서다|to stand in line
물론1|of course|물론이다|of course|물론 좋다|of course it's good
자주1|often|자주 만나다|to meet often|자주 가다|to go often
얘2|hey|얘, 들어봐|hey, listen|얘, 뭐해|hey, what are you doing
동안1|during|방학 동안|during vacation|한 시간 동안|for one hour
시작되다1|to begin|수업이 시작되다|class begins|영화가 시작되다|movie begins
그녀|she|그녀의 이름|her name|그녀를 만나다|to meet her
일어나다|to get up|아침에 일어나다|to get up in the morning|일찍 일어나다|to get up early
여권2|passport|여권을 보여주다|to show passport|여권이 필요하다|passport is needed
머리1|head|머리가 아프다|head hurts|머리를 감다|to wash hair
시장4|market|전통 시장|traditional market|시장에 가다|to go to the market
심심하다1|to be bored|심심한 시간|boring time|심심해서 나갔다|went out because I was bored
꼭2|tightly|꼭 안다|to hug tightly|꼭 잡다|to hold tightly
무슨|what|무슨 일|what matter|무슨 말|what words
팝콘|popcorn|팝콘을 먹다|to eat popcorn|달콤한 팝콘|sweet popcorn
찍다2|to stamp|도장을 찍다|to stamp a seal|서류에 찍다|to stamp on documents
어렵다|to be difficult|어려운 문제|difficult problem|어려워 보이다|to look difficult
시작1|beginning|시작이 중요하다|the beginning is important|좋은 시작|good start
갖다1|to have|돈을 갖다|to have money|시간을 갖다|to have time
힘1|strength|힘이 세다|to be strong|힘을 내다|to exert strength
호수7|lake|아름다운 호수|beautiful lake|호수에서 낚시|fishing at the lake
끝1|end|영화의 끝|end of the movie|끝까지 보다|to watch until the end
나라1|country|우리 나라|our country|외국 나라|foreign country
열둘|twelve|열둘 시|twelve o'clock|열둘 개|twelve pieces
이유4|reason|좋은 이유|good reason|이유를 말하다|to state a reason
부르다1|to call|이름을 부르다|to call a name|크게 부르다|to call loudly
영화관1|movie theater|영화관에 가다|to go to the movie theater|새로운 영화관|new movie theater
따르다1|to follow|뒤를 따르다|to follow behind|선생님을 따르다|to follow the teacher
자리1|seat|좋은 자리|good seat|자리가 없다|there are no seats
교수6|professor|대학교 교수|university professor|교수님께 인사|greeting the professor
없이|without|돈 없이|without money|말 없이|without words
쪽5|direction|이쪽으로 오다|to come this way|저쪽을 보다|to look that way
방학이|vacation|여름 방학|summer vacation|방학이 시작되다|vacation begins
엄청|tremendously|엄청 크다|tremendously big|엄청 많다|tremendously many
얘기|story|재미있는 얘기|interesting story|얘기를 하다|to tell a story
골프장|golf course|골프장에서 치다|to play at the golf course|골프장 예약|golf course reservation
고맙다1|to be thankful|고마운 마음|grateful heart|고맙다고 하다|to say thank you
학생|student|대학생|university student|학생증|student ID
재미있다|to be interesting|재미있는 영화|interesting movie|재미있게 놀다|to have fun
믿다|to believe|친구를 믿다|to trust a friend|말을 믿다|to believe words
이름|name|이름을 쓰다|to write one's name|이름이 뭐예요|what is your name
더럽다|to be dirty|더러운 옷|dirty clothes|손이 더럽다|hands are dirty
첫|first|첫 번째|first time|첫 만남|first meeting
내리다1|to fall|눈이 내리다|snow falls|비가 내리다|rain falls
삼십|thirty|삼십 분|thirty minutes|삼십 살|thirty years old
적3|time|어릴 적|childhood time|학교 다닐 적|school days
필요하다|to be necessary|돈이 필요하다|money is needed|필요한 물건|necessary items
꽃1|flower|예쁜 꽃|pretty flower|꽃을 피우다|to bloom flowers
어제1|yesterday|어제 만났어요|met yesterday|어제 일|yesterday's work
생기다|to occur|문제가 생기다|a problem occurs|기회가 생기다|an opportunity arises
사십|forty|사십 대|in one's forties|사십 년|forty years
원래1|originally|원래 계획|original plan|원래대로|as originally planned
사용하다3|to use|컴퓨터를 사용하다|to use a computer|사용법|how to use
돈을|money|돈을 벌다|to earn money|돈을 쓰다|to spend money
아까|a while ago|아까 전에|a while ago|아까 말한|what I said earlier
남편1|husband|남편과 아내|husband and wife|남편을 만나다|to meet one's husband
영어2|English|영어 공부|English study|영어를 배우다|to learn English
터1|site|건물 터|building site|놀이터|playground
밖|outside|집 밖|outside the house|밖에 나가다|to go outside
병원2|hospital|병원에 가다|to go to the hospital|병원 치료|hospital treatment
자신1|oneself|자신을 믿다|to believe in oneself|자신이 없다|to lack confidence
작다1|to be small|작은 집|small house|크기가 작다|the size is small
유차자|vehicle owner|유차자 우선|vehicle owner priority|유차자 할인|vehicle owner discount
혼자1|alone|혼자 살다|to live alone|혼자서 하다|to do by oneself
타다2|to ride|버스에 타다|to ride the bus|지하철을 타다|to take the subway
보통|usually|보통 때|usual times|보통 사람|ordinary person
최근|recently|최근 소식|recent news|최근에 왔다|came recently
대학1|university|대학을 다니다|to attend university|대학 생활|university life
올해|this year|올해 계획|this year's plan|올해 졸업하다|to graduate this year
탄성|exclamation|탄성을 지르다|to exclaim|감탄의 탄성|exclamation of admiration
가운데|middle|길 가운데|middle of the road|가운데 자리|middle seat
프랑스|France|프랑스 여행|trip to France|프랑스 음식|French food
방법|method|좋은 방법|good method|방법을 찾다|to find a way
밤1|night|어두운 밤|dark night|밤에 자다|to sleep at night
출구1|exit|비상 출구|emergency exit|출구를 찾다|to find the exit
내용2|content|책의 내용|book content|내용을 확인하다|to check the content
높다|to be high|산이 높다|the mountain is high|키가 높다|to be tall
칠판|blackboard|칠판에 쓰다|to write on the blackboard|칠판을 지우다|to erase the blackboard
요즘|these days|요즘 날씨|recent weather|요즘 바쁘다|busy these days
다니다|to attend|학교를 다니다|to attend school|회사에 다니다|to work at a company
언제1|when|언제 올까요|when will you come|언제든지 좋다|anytime is fine
쪽2|side|오른쪽으로|to the right side|이쪽으로 오세요|come this way
얼마나|how much|얼마나 비싸요|how expensive is it|얼마나 좋은지|how good it is
여름1|summer|더운 여름|hot summer|여름 휴가|summer vacation
세계2|world|전 세계|the whole world|세계 여행|world travel
열다2|to open|문을 열다|to open a door|가게를 열다|to open a store
가을1|autumn|가을 날씨|autumn weather|가을이 오다|autumn comes
아무1|any|아무나|anyone|아무것도|anything
묻다3|to ask|길을 묻다|to ask for directions|이름을 묻다|to ask someone's name
음식|food|한국 음식|Korean food|음식을 만들다|to make food
웃다|to laugh|크게 웃다|to laugh loudly|함께 웃다|to laugh together
거기1|there|거기서 만나자|let's meet there|거기에 있어요|it's over there
겨울|winter|추운 겨울|cold winter|겨울 방학|winter vacation
당신2|you|당신의 이름|your name|당신을 사랑해요|I love you
아들|son|큰 아들|eldest son|아들과 딸|son and daughter
그리다2|to draw|그림을 그리다|to draw a picture|선을 그리다|to draw a line
상태1|state|건강 상태|health condition|좋은 상태|good condition
분8|minute|10시 20분|10:20|5분 후|after 5 minutes
불고기|bulgogi|불고기 정식|bulgogi set meal|맛있는 불고기|delicious bulgogi
말씀|words|좋은 말씀|good words|말씀해 주세요|please tell me
곧1|soon|곧 도착해요|will arrive soon|곧 시작합니다|will start soon
인형1|doll|예쁜 인형|pretty doll|인형을 사다|to buy a doll
역시1|also|역시 좋아요|it's good too|역시 그래요|that's right too
서로1|each other|서로 도와주다|to help each other|서로 사랑하다|to love each other
할아버지|grandfather|우리 할아버지|my grandfather|할아버지 댁|grandfather's house
지역3|region|서울 지역|Seoul region|농촌 지역|rural area
이거1|this|이거 뭐예요|what is this|이거 주세요|please give me this
태권도|taekwondo|태권도 수업|taekwondo class|태권도를 배우다|to learn taekwondo
이후2|after|그 이후|after that|졸업 이후|after graduation
방7|room|내 방|my room|방을 청소하다|to clean the room
늦다|to be late|늦게 일어나다|to wake up late|시간이 늦다|time is late
밥1|rice|밥을 먹다|to eat rice|밥을 짓다|to cook rice
떠나다|to leave|집을 떠나다|to leave home|여행을 떠나다|to go on a trip
민박하다|to stay at a guesthouse|민박을 하다|to stay at a guesthouse|시골에서 민박하다|to stay at a rural guesthouse
혹시1|by any chance|혹시 모르니까|just in case|혹시 시간 있어요?|do you happen to have time?
그래1|yes|그래, 맞아|yes, that's right|그래, 좋아|yes, good
은행2|bank|은행에 가다|to go to the bank|은행 계좌|bank account
느끼다2|to feel|추위를 느끼다|to feel cold|기쁨을 느끼다|to feel joy
아름답다|to be beautiful|아름다운 꽃|beautiful flower|아름답게 꾸미다|to decorate beautifully
한국말|Korean language|한국말을 배우다|to learn Korean|한국말로 말하다|to speak in Korean
직접|directly|직접 만나다|to meet directly|직접 가다|to go directly
입|mouth|입을 열다|to open one's mouth|입이 마르다|mouth is dry
신다|to wear|신발을 신다|to wear shoes|양말을 신다|to wear socks
해보다|to try|한번 해보다|to try once|요리해보다|to try cooking
영화1|movie|영화를 보다|to watch a movie|영화관에 가다|to go to the cinema
브라질|Brazil|브라질 사람|Brazilian person|브라질에 가다|to go to Brazil
중국|China|중국 음식|Chinese food|중국어를 배우다|to learn Chinese
필요|necessity|필요한 물건|necessary items|필요에 따라|according to need
데이트하다|to date|남친과 데이트하다|to date boyfriend|처음 데이트하다|to go on a first date
대표|representative|회사 대표|company representative|대표로 선출되다|to be elected as representative
하늘1|sky|파란 하늘|blue sky|하늘을 보다|to look at the sky
주무시다|to sleep|잘 주무세요|sleep well|편히 주무시다|to sleep comfortably
옆|side|옆에 앉다|to sit beside|옆 사람|person next to
정말1|really|정말 좋아요|really good|정말 그래요?|really?
미터2|meter|몇 미터|how many meters|10미터 거리|10 meter distance
하루1|day|하루 종일|all day long|하루에 한 번|once a day
네3|yes|네, 알겠습니다|yes, I understand|네, 맞아요|yes, that's right
지도3|map|세계 지도|world map|지도를 보다|to look at a map
재밌다|to be fun|재밌는 영화|fun movie|정말 재밌다|really fun
그림1|picture|그림을 그리다|to draw a picture|예쁜 그림|pretty picture
케이크|cake|생일 케이크|birthday cake|케이크를 만들다|to make a cake
정부8|government|한국 정부|Korean government|정부 정책|government policy
마시다|to drink|물을 마시다|to drink water|커피를 마시다|to drink coffee
거울1|mirror|거울을 보다|to look in the mirror|화장실 거울|bathroom mirror
현재2|currently|현재 상황|current situation|현재 살고 있다|currently living
치다2|to hit|얼굴을 치다|to hit the face|공을 치다|to hit a ball
테니스장|tennis court|테니스장에서 치다|to play at the tennis court|실내 테니스장|indoor tennis court
사랑하다|to love|가족을 사랑하다|to love family|서로 사랑하다|to love each other
술1|alcohol|술을 마시다|to drink alcohol|술을 끊다|to quit drinking
피다1|to bloom|꽃이 피다|flowers bloom|벚꽃이 피다|cherry blossoms bloom
결국|result|좋은 결국|good result|나쁜 결국|bad result
사랑1|love|첫사랑|first love|진정한 사랑|true love
샌드위치|sandwich|햄 샌드위치|ham sandwich|샌드위치를 만들다|to make a sandwich
새롭다|to be new|새로운 경험|new experience|새롭게 시작하다|to start anew
돌아오다|to come back|집에 돌아오다|to come back home|늦게 돌아오다|to come back late
개3|dog|귀여운 개|cute dog|개를 키우다|to raise a dog
의원5|member of parliament|국회 의원|member of parliament|의원 선거|parliamentary election
커피|coffee|아침 커피|morning coffee|커피를 타다|to make coffee
천1|cloth|면 천|cotton cloth|천으로 만들다|to make with cloth
목소리|voice|큰 목소리|loud voice|목소리가 좋다|to have a good voice
가슴1|chest|가슴이 아프다|chest hurts|가슴을 펴다|to puff out one's chest
숙제3|homework|숙제를 하다|to do homework|숙제가 많다|there's a lot of homework
특히|especially|특히 좋아하다|to especially like|특히 중요하다|to be especially important
길다2|to be long|밤이 길다|the night is long|시간이 길다|time is long
학기가|semester|새 학기가 시작되다|new semester starts|학기가 끝나다|semester ends
호응|response|좋은 호응|good response|호응을 얻다|to get a response
회사4|company|회사에 다니다|to work at a company|회사 생활|company life
시키다1|to make do|일을 시키다|to make someone work|주문을 시키다|to place an order
너희|you guys|너희들은|you guys|너희 집|your house
맛1|taste|맛이 좋다|tastes good|맛을 보다|to taste
피우다1|to smoke|담배를 피우다|to smoke cigarettes|불을 피우다|to light a fire
제품2|product|새로운 제품|new product|제품을 만들다|to make a product
매우1|very|매우 좋다|very good|매우 중요하다|very important
카드|card|신용카드|credit card|카드로 결제하다|to pay by card
올라가다|to go up|위로 올라가다|to go up|가격이 올라가다|price goes up
오르다|to rise|산에 오르다|to climb a mountain|온도가 오르다|temperature rises
눈이|snow|눈이 오다|snow falls|눈이 많다|there's a lot of snow
귀엽다|to be cute|아기가 귀엽다|baby is cute|귀여운 강아지|cute puppy
꼭3|definitely|꼭 해야 한다|must definitely do|꼭 필요하다|definitely necessary
게스트하우스|guesthouse|게스트하우스에 머물다|to stay at a guesthouse|저렴한 게스트하우스|cheap guesthouse
순간3|moment|그 순간|that moment|순간적으로|momentarily
계획1|plan|여행 계획|travel plan|계획을 세우다|to make a plan
저녁|evening|저녁 시간|evening time|저녁을 먹다|to eat dinner
가족1|family|우리 가족|our family|가족과 함께|together with family
아내1|wife|내 아내|my wife|아내와 함께|together with wife
크림빵|cream bread|크림빵을 먹다|to eat cream bread|달콤한 크림빵|sweet cream bread
싫다1|to dislike|공부가 싫다|to dislike studying|싫어하는 음식|food I dislike
세1|years old|세 살|three years old|다섯 세|five years old
빌리다|to borrow|책을 빌리다|to borrow a book|돈을 빌리다|to borrow money
미안하다|to be sorry|정말 미안하다|really sorry|미안한 마음|apologetic feeling
차6|car|새 차|new car|차를 운전하다|to drive a car
게임하다|to play games|컴퓨터 게임하다|to play computer games|친구와 게임하다|to play games with friends
당시2|at that time|당시 상황|the situation at that time|당시에는|at that time
놀다1|to play|친구와 놀다|to play with friends|공원에서 놀다|to play in the park
어린이1|child|어린이 놀이터|children's playground|어린이를 위한|for children
도시3|city|큰 도시|big city|도시 생활|city life
여기저기|here and there|여기저기 다니다|to go here and there|여기저기 찾다|to look here and there
열심히|diligently|열심히 공부하다|to study diligently|열심히 일하다|to work hard
나이1|age|나이가 많다|to be old|나이를 묻다|to ask one's age
날씨1|weather|좋은 날씨|good weather|날씨가 춥다|the weather is cold
살짝1|slightly|살짝 열다|to open slightly|살짝 만지다|to touch lightly
배우다1|to learn|한국어를 배우다|to learn Korean|새로운 것을 배우다|to learn something new
실례지만|excuse me|실례지만 질문이|excuse me, I have a question|실례지만 시간이|excuse me, what time
잠깐|a moment|잠깐만 기다려|wait a moment|잠깐 시간 있어|do you have a moment
어2|oh|어, 정말|oh, really|어, 그래|oh, I see
빨래하다|to do laundry|빨래를 하다|to do the laundry|빨래가 많다|there's a lot of laundry
돌아가다|to go back|집에 돌아가다|to go back home|고향에 돌아가다|to return to hometown
그럼1|then|그럼 안녕|then goodbye|그럼 내일|then tomorrow
내년|next year|내년 계획|next year's plan|내년에 만나자|let's meet next year
스물(스무)|twenty|스무 살|twenty years old|스무 개|twenty pieces
지키다1|to keep|약속을 지키다|to keep a promise|규칙을 지키다|to follow rules
저4|that|저 사람|that person|저 건물|that building
문5|door|문을 열다|to open the door|문을 닫다|to close the door
확인하다|to confirm|시간을 확인하다|to check the time|예약을 확인하다|to confirm a reservation
배2|ship|배를 띄우다|to launch a ship|배로 여행하다|to travel by ship
토요일|Saturday|토요일 오후|Saturday afternoon|토요일에 만나다|to meet on Saturday
고개1|head|고개를 돌리다|to turn one's head|고개를 끄덕이다|to nod one's head
산1|mountain|높은 산|high mountain|산에 오르다|to climb a mountain
학기2|semester|새 학기|new semester|학기가 시작되다|semester begins
억4|hundred million|일억 원|one hundred million won|억대 부자|billionaire
새6|new|새 옷|new clothes|새로운 시작|new beginning
여덟|eight|여덟 시|eight o'clock|여덟 개|eight pieces
뜻|meaning|단어의 뜻|meaning of a word|좋은 뜻|good intention
하지만|but|하지만 괜찮아요|but it's okay|하지만 어려워요|but it's difficult
누굴|whom|누굴 만났어요|whom did you meet|누굴 찾아요|whom are you looking for
항상|always|항상 바쁘다|always busy|항상 감사해요|always grateful
그동안|meanwhile|그동안 잘 지냈어요|I've been well meanwhile|그동안 고생했어요|you worked hard meanwhile
여행2|travel|해외 여행|overseas travel|여행을 가다|to go on a trip
기억2|memory|좋은 기억|good memory|기억이 나다|to remember
갑자기|suddenly|갑자기 비가 오다|suddenly it rains|갑자기 생각나다|suddenly remember
지난달|last month|지난달에 만났어요|met last month|지난달 일|last month's work
안녕|hello|안녕하세요|hello|안녕히 가세요|goodbye
공부1|study|한국어 공부|Korean study|공부를 하다|to study
판1|round|마지막 판|final round|한 판 더|one more round
후보4|candidate|대통령 후보|presidential candidate|후보를 선택하다|to choose a candidate
분1|minute|한 분|one minute|몇 분|a few minutes
축하하다|to congratulate|생일을 축하하다|to congratulate on birthday|축하해 주세요|please congratulate me
무섭다|to be scary|무서운 영화|scary movie|무서워하다|to be afraid
불1|fire|불을 켜다|to turn on the light|불이 나다|a fire breaks out
끄다1|to turn off|불을 끄다|to turn off the light|텔레비전을 끄다|to turn off the TV
잠시|briefly|잠시만요|just a moment|잠시 기다리다|to wait briefly
학년|grade|몇 학년|what grade|새 학년|new school year
한식4|Korean food|한식 레스토랑|Korean restaurant|한식을 먹다|to eat Korean food
비슷하다2|to be similar|비슷한 모양|similar shape|서로 비슷하다|to be similar to each other
신문10|newspaper|신문을 읽다|to read newspaper|아침 신문|morning newspaper
독서3|reading|독서 시간|reading time|독서를 하다|to do reading
나쁘다1|to be bad|나쁜 사람|bad person|기분이 나쁘다|to feel bad
이해하다2|to understand|내용을 이해하다|to understand content|이해가 안 되다|to not understand
차3|order|첫 번째 차|first order|다음 차|next order
궁금하다1|to be curious|궁금한 것|curious thing|궁금해하다|to wonder
선생1|teacher|선생님|teacher|우리 선생|our teacher
조용하다1|to be quiet|조용한 곳|quiet place|조용히 하다|to be quiet
과정3|process|학습 과정|learning process|과정을 거치다|to go through process
기분1|mood|좋은 기분|good mood|기분이 나쁘다|to be in bad mood
냉면|cold noodles|물냉면|water cold noodles|냉면을 먹다|to eat cold noodles
빠지다1|to fall out|머리가 빠지다|hair falls out|이가 빠지다|tooth falls out
옷1|clothes|새 옷|new clothes|옷을 입다|to wear clothes
자체2|itself|그 자체|itself|문제 자체|the problem itself
꿈1|dream|좋은 꿈|good dream|꿈을 꾸다|to have a dream
둘(두)|two|둘 다|both|둘이서|the two of us
물어보다|to ask|길을 물어보다|to ask for directions|선생님께 물어보다|to ask the teacher
아마1|probably|아마 올 거야|probably will come|아마 맞을 거예요|probably correct
회의4|meeting|회의를 하다|to have a meeting|회의실에서|in the meeting room
약속이|appointment|약속이 있어요|I have an appointment|약속이 취소됐다|the appointment was cancelled
남다1|to remain|시간이 남다|time remains|돈이 남다|money is left over
이야기하다|to talk|친구와 이야기하다|to talk with a friend|재미있게 이야기하다|to have an interesting conversation
소풍을|picnic|소풍을 가다|to go on a picnic|소풍을 준비하다|to prepare for a picnic
가격3|price|가격이 비싸다|the price is expensive|가격을 확인하다|to check the price
나무1|tree|큰 나무|big tree|나무를 심다|to plant a tree
네2|yes|네, 알겠습니다|yes, I understand|네, 맞아요|yes, that's right
가능하다|to be possible|가능한 시간|possible time|가능하다면|if possible
자다1|to sleep|일찍 자다|to sleep early|잘 자다|to sleep well
운동화|sneakers|새 운동화|new sneakers|운동화를 신다|to wear sneakers
움직이다|to move|천천히 움직이다|to move slowly|몸을 움직이다|to move one's body
이때|at this time|이때까지|until this time|이때부터|from this time
사거리|intersection|큰 사거리|major intersection|사거리에서 만나다|to meet at the intersection
죄송하다|to be sorry|정말 죄송해요|I'm really sorry|죄송한 마음|apologetic feeling
물건|thing|비싼 물건|expensive thing|물건을 사다|to buy things
여행사|travel agency|여행사에 가다|to go to a travel agency|여행사 직원|travel agency staff
원하다2|to want|정말 원하다|to really want|원하는 것|what one wants
발1|foot|발이 아프다|foot hurts|발을 씻다|to wash feet
여섯|six|여섯 시|six o'clock|여섯 개|six pieces
소식4|news|좋은 소식|good news|소식을 듣다|to hear news
둘1|two|둘 중에서|between the two|둘째|second child
댁1|house|선생님 댁|teacher's house|댁으로 가다|to go home
만큼|as much as|할 수 있는 만큼|as much as possible|노력한 만큼|as much as one tried
설명하다|to explain|자세히 설명하다|to explain in detail|설명해 주세요|please explain
운전하다|to drive|차를 운전하다|to drive a car|조심히 운전하다|to drive carefully
애1|child|애가 타다|to be anxious|애를 태우다|to make someone worry
살4|years old|한 살|one year old|몇 살이에요|how old are you
걸리다1|to be caught|감기에 걸리다|to catch a cold|시간이 걸리다|to take time
지2|since|만난 지 오래되다|it's been long since we met|온 지 얼마나|how long since coming
아프다|to be sick|머리가 아프다|to have a headache|배가 아파요|my stomach hurts
달다3|to attach|단추를 달다|to attach a button|이름표를 달다|to attach a name tag
사진7|photo|사진을 찍다|to take a photo|가족 사진|family photo
적다2|to be few|경험이 적다|to have little experience|돈이 적어요|there's little money
왼쪽|left side|왼쪽으로 가다|to go left|왼쪽 편|left side
새끼2|baby animal|강아지 새끼|puppy|고양이 새끼|kitten
비1|rain|비가 내리다|rain falls|비가 와요|it's raining
부모님|parents|부모님께 인사|greetings to parents|부모님 말씀|parents' words
맞추다1|to match|시간을 맞추다|to match the time|약속을 맞추다|to keep an appointment
고향2|hometown|고향에 가다|to go to hometown|고향이 그립다|to miss hometown
베트남말|Vietnamese|베트남말을 배우다|to learn Vietnamese|베트남말로 말하다|to speak in Vietnamese
다양하다1|to be diverse|다양한 음식|diverse food|다양하게 준비하다|to prepare diversely
놀라다|to be surprised|깜짝 놀라다|to be startled|놀라서 소리치다|to scream in surprise
이따가|later|이따가 만나요|see you later|이따가 전화할게|I'll call later
나타나다|to appear|갑자기 나타나다|to appear suddenly|모습을 나타내다|to show oneself
울다1|to cry|울음을 터뜨리다|to burst into tears|아이가 울어요|the child is crying
사11|four|사과 네 개|four apples|사월|April
얻다1|to obtain|정보를 얻다|to obtain information|기회를 얻다|to get an opportunity
지내다1|to spend time|잘 지내다|to get along well|방학을 지내다|to spend vacation
방학하다|to be on vacation|여름 방학하다|to have summer vacation|내일부터 방학하다|to start vacation tomorrow
빠르다|to be fast|빠른 속도|fast speed|시간이 빠르다|time goes fast
결혼|marriage|결혼 생활|married life|결혼을 하다|to get married
내려가다|to go down|계단을 내려가다|to go down stairs|지하로 내려가다|to go down to basement
준비|preparation|시험 준비|exam preparation|준비를 하다|to prepare
동생1|younger sibling|남동생|younger brother|동생과 놀다|to play with younger sibling
그제|the day before yesterday|그제 만났어요|met the day before yesterday|그제 일|what happened the day before yesterday
표정3|facial expression|기쁜 표정|happy expression|표정이 어둡다|to have a dark expression
예6|yes|예, 맞습니다|yes, that's right|예, 알겠어요|yes, I understand
강1|river|한강|Han River|강을 건너다|to cross a river
느낌|feeling|좋은 느낌|good feeling|느낌이 오다|to get a feeling
오후2|afternoon|오후 시간|afternoon time|오후에 만나다|to meet in the afternoon
서양|the West|서양 문화|Western culture|서양 음식|Western food
선배|senior|회사 선배|company senior|선배님|senior (honorific)
아기1|baby|귀여운 아기|cute baby|아기를 돌보다|to take care of a baby
가능성|possibility|성공 가능성|possibility of success|가능성이 높다|high possibility
아저씨|uncle|동네 아저씨|neighborhood uncle|아저씨 안녕하세요|hello uncle
노래하다|to sing|노래를 하다|to sing a song|함께 노래하다|to sing together
질문|question|어려운 질문|difficult question|질문이 있어요|I have a question
옛날|old days|옛날 이야기|old story|옛날에|in the old days
마리1|counter for animals|한 마리|one animal|두 마리|two animals
모양2|shape|동그란 모양|round shape|이상한 모양|strange shape
달5|month|한 달|one month|몇 달|how many months
셋(세)|three|셋째 아이|third child|셋이서 가다|to go as three people
들1|field|넓은 들|wide field|들에서 놀다|to play in the field
선수5|athlete|축구 선수|soccer player|유명한 선수|famous athlete
참1|truly|참 좋다|truly good|참 예쁘다|truly pretty
어서1|quickly|어서 오세요|please come in|어서 가자|let's go quickly
훨씬|much more|훨씬 좋다|much better|훨씬 크다|much bigger
이곳|this place|이곳은 어디예요|where is this place|이곳에 살다|to live in this place
저쪽|that side|저쪽으로 가다|to go that way|저쪽 건물|that building over there
전혀1|not at all|전혀 모르다|to not know at all|전혀 안 좋다|not good at all
딸1|daughter|큰딸|eldest daughter|딸과 아들|daughter and son
축구4|soccer|축구 경기|soccer game|축구를 하다|to play soccer
효과음|sound effect|효과음을 넣다|to add sound effects|영화 효과음|movie sound effects
경찰4|police|경찰서|police station|경찰관|police officer
글쎄요|well|글쎄요, 모르겠어요|well, I don't know|글쎄요, 어떨까요|well, how about it
국민|citizen|국민 모두|all citizens|국민의 의무|citizen's duty
그러면|then|그러면 가자|then let's go|그러면 어떻게|then how
바나나|banana|바나나 우유|banana milk|바나나를 먹다|to eat a banana
걱정|worry|걱정하지 마세요|don't worry|걱정이 많다|to have many worries
넓다|to be wide|넓은 방|wide room|길이 넓다|the road is wide
일기예보|weather forecast|일기예보를 보다|to watch the weather forecast|내일 일기예보|tomorrow's weather forecast
안되다1|to not work|공부가 안되다|studying doesn't work|일이 안되다|work doesn't go well
시험3|test|시험을 보다|to take a test|어려운 시험|difficult test
비빔밥|bibimbap|비빔밥 한 그릇|a bowl of bibimbap|맛있는 비빔밥|delicious bibimbap
의미2|meaning|의미가 있다|to have meaning|깊은 의미|deep meaning
잠1|sleep|잠을 자다|to sleep|잠이 오다|to feel sleepy
오른쪽|right side|오른쪽으로 가다|to go to the right|오른쪽 손|right hand
말다1|to roll up|소매를 말다|to roll up sleeves|머리를 말다|to roll up hair
건강3|health|건강이 좋다|to be healthy|건강을 지키다|to maintain health
화요일|Tuesday|화요일에 만나다|to meet on Tuesday|화요일 수업|Tuesday class
바라보다|to look at|하늘을 바라보다|to look at the sky|미래를 바라보다|to look toward the future
가깝다|to be close|집이 가깝다|the house is close|가까운 친구|close friend
풍선|balloon|풍선을 불다|to blow up a balloon|생일 풍선|birthday balloon
아유1|oh my|아유, 깜짝이야|oh my, what a surprise|아유, 피곤해|oh my, I'm tired
건물3|building|높은 건물|tall building|건물을 짓다|to construct a building
넷(네)|four|넷째 아이|fourth child|넷이서 가다|to go as four people
관심1|interest|관심이 많다|to have much interest|관심을 갖다|to take interest
외국2|foreign country|외국에 가다|to go to a foreign country|외국 친구|foreign friend
표2|ticket|영화 표|movie ticket|표를 사다|to buy a ticket
멈추다|to stop|차가 멈추다|the car stops|비가 멈추다|the rain stops
밑1|bottom|책상 밑|under the desk|나무 밑|under the tree
딸기|strawberry|딸기를 따다|to pick strawberries|딸기 케이크|strawberry cake
대부분|most|대부분의 사람|most people|대부분 좋아해요|most people like it
어른1|adult|어른이 되다|to become an adult|어른께 인사|greeting to adults
알겠습니다|I understand|네, 알겠습니다|yes, I understand|잘 알겠습니다|I understand well
멋지다|to be cool|정말 멋지다|really cool|멋진 사람|cool person
팔다|to sell|물건을 팔다|to sell goods|집을 팔다|to sell a house
스키장|ski resort|스키장에 가다|to go to a ski resort|유명한 스키장|famous ski resort
현장3|site|공사 현장|construction site|현장에서 일하다|to work on site
일하다|to work|회사에서 일하다|to work at a company|열심히 일하다|to work hard
자장면|black bean noodles|자장면을 먹다|to eat black bean noodles|자장면 한 그릇|a bowl of black bean noodles
약1|medicine|약을 먹다|to take medicine|감기약|cold medicine
팀1|team|우리 팀|our team|팀 경기|team game
걸다2|to hang|옷을 걸다|to hang clothes|벽에 걸다|to hang on the wall
저거1|that|저거 뭐야|what is that|저거 주세요|please give me that
부모1|parents|부모님께|to parents|부모 사랑|parental love
공책1|notebook|공책에 쓰다|to write in a notebook|새 공책|new notebook
주변4|surroundings|학교 주변|around the school|주변 사람들|people around
그날|that day|그날 밤|that night|그날 일|what happened that day
맵다|to be spicy|너무 맵다|too spicy|맵게 먹다|to eat spicy food
들리다3|to be heard|소리가 들리다|sound is heard|잘 들리다|to be heard well
담배|cigarette|담배를 피우다|to smoke cigarettes|담배 냄새|cigarette smell
자전거|bicycle|자전거를 타다|to ride a bicycle|자전거 여행|bicycle trip
붙다|to stick|벽에 붙다|to stick to the wall|붙어 있다|to be attached
태어나다|to be born|한국에서 태어나다|to be born in Korea|태어난 날|birthday
구1|nine|구시|nine o'clock|구개월|nine months
다리1|leg|다리가 아프다|leg hurts|긴 다리|long legs
벌써|already|벌써 왔어요|already came|벌써 늦었다|already late
음력2|lunar calendar|음력 설날|lunar New Year|음력으로|by lunar calendar
행복하다|to be happy|행복한 가정|happy family|행복하게 살다|to live happily
환자3|patient|환자를 치료하다|to treat patients|중환자실|intensive care unit
해수욕장에|at the beach|해수욕장에 가다|to go to the beach|해수욕장에서|at the beach
작품1|work|예술 작품|artwork|작품을 만들다|to create a work
대화6|conversation|대화를 나누다|to have a conversation|일상 대화|daily conversation
어린이날|Children's Day|어린이날 선물|Children's Day gift|어린이날 행사|Children's Day event
뿐1|only|그것뿐|only that|한 개뿐|only one
멀다2|to be far|갈 길이 멀다|the road is long|집이 멀다|home is far
그렇지만|but|그렇지만 괜찮아요|but it's okay|그렇지만 어려워요|but it's difficult
똑같다|to be the same|똑같은 색깔|the same color|똑같이 생겼다|to look exactly the same
버스2|bus|버스를 타다|to take a bus|버스 정류장|bus stop
잡수시다|to eat (honorific)|식사 잡수세요|please have a meal|많이 잡수세요|please eat a lot
이상하다|to be strange|이상한 사람|strange person|이상하게 생각하다|to think strangely
제일4|first|제일 좋다|to be the best|제일 먼저|first of all
장22|sheet|종이 한 장|one sheet of paper|사진 두 장|two photos
막다1|to block|길을 막다|to block the road|문을 막다|to block the door
해1|sun|해가 뜨다|the sun rises|해가 지다|the sun sets
출발하다|to depart|기차가 출발하다|the train departs|내일 출발해요|we leave tomorrow
올리다1|to raise|손을 올리다|to raise one's hand|가격을 올리다|to raise the price
잃다|to lose|열쇠를 잃다|to lose keys|기회를 잃다|to lose an opportunity
비행기|airplane|비행기를 타다|to take a plane|비행기 표|airplane ticket
이용하다1|to use|지하철을 이용하다|to use the subway|시설을 이용하다|to use facilities
달러|dollar|백 달러|one hundred dollars|달러로 계산하다|to calculate in dollars
주3|main|주 고객|main customer|주 원인|main cause
입장4|position|어려운 입장|difficult position|입장을 바꾸다|to change one's position
그러니까|so|그러니까 조심해요|so be careful|그러니까 그래요|so that's why
오십|fifty|오십 원|fifty won|오십 살|fifty years old
도와주다|to help|일을 도와주다|to help with work|친구를 도와주다|to help a friend
값|price|값이 비싸다|the price is expensive|값을 묻다|to ask the price
젓가락|chopsticks|젓가락을 사용하다|to use chopsticks|젓가락질을 하다|to eat with chopsticks
전하다|to convey|안부를 전하다|to send regards|소식을 전하다|to convey news
언제나|always|언제나 행복하다|to always be happy|언제나 고마워요|always grateful
삼6|three|삼 개|three pieces|삼 시|three o'clock
그러다|to do so|그러다가|while doing so|그러지 마세요|don't do that
자동차|car|자동차 사고|car accident|자동차를 운전하다|to drive a car
호주|Australia|호주 여행|trip to Australia|호주에서 살다|to live in Australia
드리다1|to give|도와 드리다|to help (someone)|말씀드리다|to tell (respectfully)
개월|months|세 개월|three months|몇 개월 동안|for several months
싣다1|to load|짐을 싣다|to load luggage|트럭에 싣다|to load on a truck
냄새|smell|좋은 냄새|good smell|냄새가 나다|to smell
눈물1|tears|눈물을 흘리다|to shed tears|눈물이 나다|tears come out
지하|underground|지하철|subway|지하 주차장|underground parking
땅1|ground|땅을 파다|to dig the ground|넓은 땅|wide land
아니1|no|아니에요|no, it's not|아니야|no (informal)
놀이공원|amusement park|놀이공원에 가다|to go to an amusement park|놀이공원 입장권|amusement park ticket
기회3|opportunity|좋은 기회|good opportunity|기회를 놓치다|to miss an opportunity
주인1|owner|집 주인|house owner|가게 주인|shop owner
창문|window|창문을 열다|to open a window|창문 너머|beyond the window
인생1|life|인생이 힘들다|life is hard|인생 경험|life experience
귀1|ear|귀가 아프다|ear hurts|귀를 기울이다|to listen carefully
전주|Jeonju|전주 한옥마을|Jeonju Hanok Village|전주 비빔밥|Jeonju bibimbap
오히려|rather|오히려 좋다|rather good|오히려 더 어렵다|rather more difficult
어떠하다|to be how|어떠세요|how is it|어떠한 상황|what kind of situation
그릇1|bowl|밥그릇|rice bowl|그릇을 씻다|to wash dishes
수사|investigation|수사를 하다|to investigate|수사 기관|investigative agency
배1|stomach|배가 아프다|stomach hurts|배가 고프다|to be hungry
짧다|to be short|짧은 머리|short hair|시간이 짧다|time is short
기사2|driver|택시 기사|taxi driver|버스 기사|bus driver
아파트|apartment|아파트 단지|apartment complex|아파트에 살다|to live in an apartment
형제1|brothers|형제간의 우정|brotherhood friendship|형제가 많다|to have many brothers
정보6|information|정보를 찾다|to find information|유용한 정보|useful information
가끔|sometimes|가끔 만나다|to meet sometimes|가끔씩 연락하다|to contact occasionally
와2|wow|와, 정말 좋다|wow, really good|와, 대단해|wow, amazing
묻다1|to get dirty|옷에 흙이 묻다|dirt gets on clothes|손에 물감이 묻다|paint gets on hands
술6|spoonful|밥 한 술|one spoonful of rice|약 한 술|one spoonful of medicine
농구장|basketball court|학교 농구장|school basketball court|농구장에서 운동하다|to exercise at the basketball court
알아보다|to find out|전화번호를 알아보다|to find out a phone number|가격을 알아보다|to check the price
그곳|that place|그곳에 가다|to go to that place|그곳은 유명하다|that place is famous
이메일|email|이메일을 보내다|to send an email|이메일 주소|email address
대박|jackpot|대박이 났다|hit the jackpot|대박 영화|blockbuster movie
보다2|more|한층 더 보다|even more so|보다 나은 방법|a better method
시디1|CD|시디를 듣다|to listen to a CD|음악 시디|music CD
듯1|as if|꿈만 듯하다|as if it's a dream|아는 듯하다|as if one knows
바쁘다|to be busy|너무 바쁘다|to be very busy|바쁜 일정|busy schedule
육2|six|육 개월|six months|육 시|six o'clock
뽑다|to pull out|이를 뽑다|to pull out a tooth|번호를 뽑다|to draw a number
내려오다|to come down|계단을 내려오다|to come down the stairs|산에서 내려오다|to come down from the mountain
세수하다|to wash face|아침에 세수하다|to wash face in the morning|찬물로 세수하다|to wash face with cold water
카메라|camera|카메라로 찍다|to take with a camera|디지털 카메라|digital camera
손님|guest|손님을 맞다|to greet a guest|귀한 손님|honored guest
배우1|actor|유명한 배우|famous actor|배우가 되다|to become an actor
셋|three|셋이서 가다|three people go|셋째 아이|third child
뉴스|news|뉴스를 보다|to watch the news|아침 뉴스|morning news
달력|calendar|벽걸이 달력|wall calendar|달력을 보다|to check the calendar
대상|target|연구 대상|research subject|대상을 선정하다|to select a target
등산하다|to hike|산을 등산하다|to hike a mountain|주말에 등산하다|to hike on weekends
안녕히|peacefully|안녕히 가세요|goodbye (to someone leaving)|안녕히 계세요|goodbye (to someone staying)
지하도|underground passage|지하도를 걷다|to walk through the underground passage|지하도 입구|underground passage entrance
여기요|excuse me|여기요, 주문할게요|excuse me, I'll order|여기요, 계산해 주세요|excuse me, please give me the check
엄청나다|to be tremendous|엄청난 사람|tremendous person|엄청나게 크다|to be tremendously big
한복|hanbok|예쁜 한복|beautiful hanbok|한복을 입다|to wear hanbok
호텔|hotel|5성급 호텔|5-star hotel|호텔을 예약하다|to book a hotel
북한|North Korea|북한 사람|North Korean person|북한과 남한|North and South Korea
텔레비전|television|텔레비전을 보다|to watch television|큰 텔레비전|big television
상품권|gift certificate|백화점 상품권|department store gift certificate|상품권을 주다|to give a gift certificate
알리다|to inform|소식을 알리다|to inform of news|미리 알리다|to inform in advance
씻다|to wash|손을 씻다|to wash hands|얼굴을 씻다|to wash face
죄송합니다|I'm sorry|정말 죄송합니다|I'm really sorry|늦어서 죄송합니다|sorry for being late
수업4|class|수업 시간|class time|수업을 듣다|to take a class
초3|early|초여름|early summer|초저녁|early evening
층2|floor|2층|second floor|층을 올라가다|to go up a floor
자꾸1|repeatedly|자꾸 말하다|to keep saying|자꾸 생각나다|to keep remembering
식사3|meal|식사 시간|meal time|식사를 하다|to have a meal
시장3|mayor|시장 선거|mayoral election|시장을 만나다|to meet the mayor
안다1|to know|잘 안다|to know well|안고 있다|to be holding
잊다1|to forget|이름을 잊다|to forget a name|잊지 마세요|don't forget
월2|month|3월|March|월급|monthly salary
반11|class|우리 반|our class|반 친구|classmate
아무것|nothing|아무것도 없다|there's nothing|아무것이나|anything
편지2|letter|편지를 쓰다|to write a letter|편지가 오다|to receive a letter
근처|vicinity|학교 근처|near the school|근처에 살다|to live nearby
직원3|employee|회사 직원|company employee|직원을 뽑다|to hire employees
센티미터|centimeter|10센티미터|10 centimeters|센티미터로 재다|to measure in centimeters
코미디|comedy|코미디 영화|comedy movie|코미디를 보다|to watch comedy
올라오다|to come up|위로 올라오다|to come up|계단을 올라오다|to come up the stairs
팔1|arm|팔을 들다|to raise one's arm|팔이 아프다|arm hurts
김치1|kimchi|김치찌개|kimchi stew|김치를 담그다|to make kimchi
풀다|to solve|문제를 풀다|to solve a problem|매듭을 풀다|to untie a knot
설명|explanation|설명을 듣다|to listen to an explanation|설명이 필요하다|to need an explanation
일곱|seven|일곱 시|seven o'clock|일곱 명|seven people
발생하다|to occur|사고가 발생하다|an accident occurs|문제가 발생하다|a problem arises
세13|years old|스무 세|twenty years old|몇 세|how old
얇다|to be thin|얇은 종이|thin paper|얇게 썰다|to slice thinly
서울|Seoul|서울역|Seoul Station|서울에 살다|to live in Seoul
티브이|TV|티브이를 보다|to watch TV|티브이를 켜다|to turn on TV
맛없다|to be tasteless|맛없는 음식|tasteless food|맛없어 보이다|to look unappetizing
당연히1|naturally|당연히 그렇다|naturally so|당연히 해야 한다|naturally should do
봄1|spring|봄이 오다|spring comes|봄 날씨|spring weather
다섯|five|다섯 시|five o'clock|다섯 개|five pieces
여성1|woman|젊은 여성|young woman|여성 의류|women's clothing
낮다|to be low|키가 낮다|to be short|가격이 낮다|price is low
국가1|country|우리 국가|our country|국가 정책|national policy
방식1|method|새로운 방식|new method|방식을 바꾸다|to change the method
어깨1|shoulder|어깨가 아프다|shoulder hurts|어깨를 두드리다|to pat the shoulder
좁다1|to be narrow|길이 좁다|the road is narrow|좁은 방|narrow room
관계5|relationship|인간관계|human relationships|좋은 관계|good relationship
부부3|married couple|신혼부부|newlywed couple|부부 싸움|marital fight
점심|lunch|점심을 먹다|to eat lunch|점심시간|lunch time
멋있다|to be cool|정말 멋있다|really cool|멋있는 사람|cool person
오래2|for a long time|오래 기다리다|to wait long|오래된 친구|old friend
치다1|to hit|폭풍우가 치다|storm hits|비가 치다|rain beats down
챙기다|to take care of|건강을 챙기다|to take care of health|짐을 챙기다|to pack luggage
공1|ball|축구공|soccer ball|공을 던지다|to throw a ball
학생증|student ID|학생증을 보여주다|to show student ID|학생증 발급|student ID issuance
꺼내다|to take out|지갑을 꺼내다|to take out wallet|책을 꺼내다|to take out a book
오월1|May|오월에 가다|to go in May|오월 날씨|May weather
필통|pencil case|필통을 열다|to open pencil case|새 필통|new pencil case
예정2|plan|여행 예정|travel plan|예정대로 하다|to do as planned
쉬다3|to rest|편안히 쉬다|to rest comfortably|잠깐 쉬다|to rest briefly
편의점|convenience store|편의점에 가다|to go to convenience store|24시간 편의점|24-hour convenience store
알려지다|to become known|널리 알려지다|to become widely known|유명해져 알려지다|to become known through fame
과10|lesson|한국어 과|Korean lesson|다음 과|next lesson
어떻게|how|어떻게 지내세요|how are you|어떻게 왔어요|how did you come
결과2|result|시험 결과|test result|좋은 결과|good result
오빠|older brother|친오빠|real older brother|오빠야|hey brother
두껍다|to be thick|두꺼운 책|thick book|벽이 두껍다|the wall is thick
듯하다|to seem like|그런 듯하다|it seems so|좋은 듯하다|it seems good
즐겁다|to be enjoyable|즐거운 시간|enjoyable time|즐겁게 놀다|to have fun
천천히|slowly|천천히 걷다|to walk slowly|천천히 말하다|to speak slowly
본인|oneself|본인 확인|identity verification|본인이 직접|personally by oneself
사월2|April|사월 날씨|April weather|사월에 만나다|to meet in April
고속버스|express bus|고속버스 터미널|express bus terminal|고속버스를 타다|to take an express bus
이어지다|to be connected|길이 이어지다|the road continues|대화가 이어지다|the conversation continues
싸우다|to fight|친구와 싸우다|to fight with a friend|말로 싸우다|to argue verbally
저기1|over there|저기 보세요|look over there|저기 있어요|it's over there
멤버|member|팀 멤버|team member|새로운 멤버|new member
나중1|later|나중에 보자|see you later|나중 일|future matter
약속|promise|약속을 지키다|to keep a promise|약속 시간|appointment time
완전히|completely|완전히 다르다|completely different|완전히 끝나다|to be completely finished
며칠|a few days|며칠 전|a few days ago|며칠 동안|for a few days
남동생|younger brother|남동생과 놀다|to play with younger brother|남동생 생일|younger brother's birthday
전체1|whole|전체 학생|all students|전체적으로 보다|to look at the whole
작년|last year|작년 여름|last summer|작년에 갔다|went last year
송이1|stem|꽃 한 송이|one flower stem|장미 송이|rose stem
스스로|by oneself|스스로 하다|to do by oneself|스스로 결정하다|to decide by oneself
쓰레기|trash|쓰레기통에 버리다|to throw in the trash|쓰레기를 치우다|to clean up trash
제|my|제 이름은|my name is|제 생각에는|in my opinion
도착하다1|to arrive|집에 도착하다|to arrive home|시간에 도착하다|to arrive on time
고기1|meat|고기를 굽다|to grill meat|고기 요리|meat dish
배가|pear|배가 달다|the pear is sweet|배 한 개|one pear
검찰|prosecution|검찰 수사|prosecution investigation|검찰청에 가다|to go to the prosecutor's office
가져오다|to bring|책을 가져오다|to bring a book|우산을 가져오다|to bring an umbrella
택시|taxi|택시를 타다|to take a taxi|택시 기사|taxi driver
인사1|greeting|인사를 하다|to give a greeting|인사말|greeting words
남녀|men and women|남녀노소|people of all ages|남녀 구분|gender distinction
고향에|to hometown|고향에 가다|to go to hometown|고향에 살다|to live in hometown
여전히|still|여전히 좋다|still good|여전히 기다리다|still waiting
구월2|September|구월에 시작하다|to start in September|구월 날씨|September weather
여동생|younger sister|여동생과 놀다|to play with younger sister|여동생을 돌보다|to take care of younger sister
당장2|right now|당장 와라|come right now|당장 필요하다|need right now
맑다1|to be clear|날씨가 맑다|the weather is clear|물이 맑다|the water is clear
짬뽕|jjamppong|짬뽕을 먹다|to eat jjamppong|짬뽕 한 그릇|a bowl of jjamppong
식4|style|한국식으로|in Korean style|새로운 식|new style
유월1|June|유월에 졸업하다|to graduate in June|유월 결혼식|June wedding
날마다|every day|날마다 운동하다|to exercise every day|날마다 만나다|to meet every day
인간1|human|인간관계|human relationships|인간의 본성|human nature
허리1|waist|허리가 아프다|waist hurts|허리를 굽히다|to bend the waist
가십시오|please go|집에 가십시오|please go home|먼저 가십시오|please go first
편하다|to be comfortable|편한 옷|comfortable clothes|편하게 앉다|to sit comfortably
새3|bird|새가 날다|bird flies|새 소리|bird sound
극장|theater|극장에 가다|to go to theater|극장 표|theater ticket
요3|around|학교 요 근방|around the school|집 요 근처|around the house
대답하다|to answer|질문에 대답하다|to answer a question|빨리 대답하다|to answer quickly
영화표|movie ticket|영화표를 사다|to buy movie tickets|영화표 예매|movie ticket reservation
컬러1|color|컬러 사진|color photo|컬러를 바꾸다|to change color
벗다|to take off|옷을 벗다|to take off clothes|신발을 벗다|to take off shoes
십만|one hundred thousand|십만 원|one hundred thousand won|십만 명|one hundred thousand people
관련|relation|관련 자료|related materials|관련이 있다|to be related
돕다|to help|친구를 돕다|to help a friend|일을 돕다|to help with work
오세요|please come|집에 오세요|please come home|빨리 오세요|please come quickly
방금1|just now|방금 왔어요|just came|방금 전에|just before
사장15|president|회사 사장|company president|사장님께서|the president
닫다2|to close|문을 닫다|to close the door|가게를 닫다|to close the store
고|and|빵하고 우유|bread and milk|친구하고 같이|together with a friend
삼월|March|삼월에 가다|to go in March|삼월 날씨|March weather
양말1|socks|양말을 신다|to put on socks|흰 양말|white socks
제발1|please|제발 도와주세요|please help me|제발 그만해|please stop
키1|height|키가 크다|to be tall|키를 재다|to measure height
끊다|to cut|전화를 끊다|to hang up|줄을 끊다|to cut the rope
형님|older brother|형님께서|older brother|형님 말씀|older brother's words
결혼하다|to marry|내년에 결혼하다|to marry next year|결혼을 하다|to get married
백5|hundred|백 원|one hundred won|백 명|one hundred people
촬영|filming|영화 촬영|movie filming|촬영 현장|filming site
누나1|older sister|누나가 왔다|older sister came|누나와 함께|together with older sister
여보세요|hello|여보세요 안녕하세요|hello|전화로 여보세요|hello on the phone
왜냐하면|because|왜냐하면 바빠서|because I'm busy|왜냐하면 비가 와서|because it's raining
계시다|to be|집에 계시다|to be at home|어머니께서 계시다|mother is here
전화하다2|to call|친구에게 전화하다|to call a friend|집에 전화하다|to call home
방송1|broadcast|텔레비전 방송|television broadcast|방송을 보다|to watch a broadcast
그2|well|그 그래요|well, yes|그 잠깐만요|well, wait a moment
잡지|magazine|패션 잡지|fashion magazine|잡지를 읽다|to read a magazine
신음|groaning|신음 소리|groaning sound|아픈 신음|painful groaning
뜨겁다|to be hot|물이 뜨겁다|water is hot|뜨거운 커피|hot coffee
초밥|sushi|초밥을 먹다|to eat sushi|초밥 집|sushi restaurant
녀석|guy|이 녀석|this guy|못된 녀석|bad guy
낮|daytime|낮에 만나다|to meet during the day|낮잠을 자다|to take a nap
코엑스|COEX|코엑스에 가다|to go to COEX|코엑스 전시회|COEX exhibition
일찍|early|일찍 일어나다|to wake up early|일찍 도착하다|to arrive early
늦게|late|늦게 오다|to come late|늦게 자다|to sleep late
가게|store|작은 가게|small store|가게를 열다|to open a store
종업원|employee|식당 종업원|restaurant employee|종업원을 고용하다|to hire employees
민박|homestay|민박집에서|at a homestay|민박을 예약하다|to book a homestay
우체국|post office|우체국에 가다|to go to the post office|우체국 직원|post office worker
크리스마스|Christmas|크리스마스 선물|Christmas present|크리스마스를 보내다|to spend Christmas
회장7|chairman|회장 선거|chairman election|회장님께서|the chairman
조13|article|제1조|article 1|법률 조항|legal article
오전2|morning|오전 회의|morning meeting|오전 10시|10 AM
구두1|leather shoes|구두를 신다|to wear leather shoes|검은 구두|black leather shoes
점점1|gradually|점점 좋아지다|to gradually improve|점점 어려워지다|to gradually become difficult
바닥1|floor|바닥을 청소하다|to clean the floor|바닥에 앉다|to sit on the floor
인사2|personnel|인사부|personnel department|인사 이동|personnel transfer
거리1|street|번화한 거리|busy street|거리를 걷다|to walk the street
소금1|salt|소금을 넣다|to add salt|소금 간|salt seasoning
넘어가다1|to go over|다음 장으로 넘어가다|to go to the next chapter|시간이 넘어가다|time passes
그래3|so|그래서 왔어요|so I came|그래 맞아|yes, that's right
고르다1|to choose|옷을 고르다|to choose clothes|신중히 고르다|to choose carefully
전국3|nationwide|전국 방송|nationwide broadcast|전국 대회|national competition
목1|neck|목이 아프다|neck hurts|목을 돌리다|to turn one's neck
총3|gun|총을 쏘다|to shoot a gun|총 소리|gunshot sound
한글1|Korean alphabet|한글을 배우다|to learn Korean alphabet|한글 교육|Korean alphabet education
요가|yoga|요가 수업|yoga class|요가를 하다|to do yoga
아무리|no matter how|아무리 해도|no matter what you do|아무리 바빠도|no matter how busy
매일|every day|매일 운동하다|to exercise every day|매일 아침|every morning
문구점|stationery store|문구점에서 사다|to buy at a stationery store|동네 문구점|neighborhood stationery store
검사2|prosecutor|검사가 되다|to become a prosecutor|담당 검사|prosecutor in charge
손가락|finger|손가락을 가리키다|to point with finger|손가락 부상|finger injury
모레|day after tomorrow|모레 만나요|see you the day after tomorrow|모레까지|by the day after tomorrow
국내2|domestic|국내 여행|domestic travel|국내 시장|domestic market
급4|grade|1급 자격증|grade 1 certificate|고급 과정|advanced course
펜션|pension|펜션을 예약하다|to book a pension|바다 펜션|seaside pension
잘못|mistake|잘못을 인정하다|to admit a mistake|잘못된 정보|wrong information
동물|animal|동물을 키우다|to raise animals|야생 동물|wild animals
김밥|kimbap|김밥을 만들다|to make kimbap|참치 김밥|tuna kimbap
넘다1|to exceed|시간을 넘다|to exceed time|한계를 넘다|to exceed limits
의사12|doctor|의사 선생님|doctor|의사가 되다|to become a doctor
따뜻하다|to be warm|날씨가 따뜻하다|the weather is warm|따뜻한 마음|warm heart
예전1|past|예전 같지 않다|not like before|예전 이야기|old story
건강하다2|to be healthy|몸이 건강하다|to be physically healthy|건강한 생활|healthy lifestyle
스키|ski|스키를 타다|to ski|스키 여행|ski trip
행동|behavior|이상한 행동|strange behavior|행동을 조심하다|to be careful with behavior
밝다|to be bright|불이 밝다|the light is bright|밝은 성격|bright personality
예매하다1|to book in advance|표를 예매하다|to book tickets|온라인 예매|online booking
꽤1|quite|꽤 좋아요|quite good|꽤 오래|quite a long time
장소5|place|만날 장소|meeting place|좋은 장소|good place
-쯤|around|세 시쯤|around 3 o'clock|집 근처쯤|around near home
만하다|to be worth|볼 만하다|worth seeing|읽을 만하다|worth reading
적다1|to write|답을 적다|to write the answer|이름을 적다|to write one's name
지하철|subway|지하철역|subway station|지하철을 타다|to take the subway
저렇다|to be like that|저런 사람|that kind of person|저렇게 하다|to do like that
코1|nose|코가 높다|to have a high nose|코를 풀다|to blow one's nose
꽃다발|bouquet|꽃다발을 주다|to give a bouquet|예쁜 꽃다발|beautiful bouquet
기업1|company|대기업|large company|기업체|business enterprise
고등학교|high school|고등학교 학생|high school student|고등학교를 졸업하다|to graduate from high school
전화번호|phone number|전화번호를 알려주다|to give phone number|휴대폰 번호|mobile phone number
차량1|vehicle|차량 통행|vehicle traffic|차량을 운전하다|to drive a vehicle
별1|star|밤하늘의 별|stars in the night sky|별을 보다|to look at stars
이게|this|이게 뭐야|what is this|이게 맞아|this is right
새벽1|dawn|새벽 시간|dawn time|새벽에 일어나다|to wake up at dawn
복잡하다|to be complicated|복잡한 문제|complicated problem|머리가 복잡하다|to have a complicated mind
켤레|pair|신발 한 켤레|a pair of shoes|양말 두 켤레|two pairs of socks
인기1|popularity|인기가 많다|to be popular|인기 있는 가수|popular singer
색3|color|빨간색|red color|색깔이 예쁘다|the color is pretty
하나(한)|one|하나씩|one by one|한 개|one piece
솔직히|honestly|솔직히 말하면|to speak honestly|솔직한 의견|honest opinion
말씀하다|to say|말씀해 주세요|please tell me|말씀드리다|to tell (humble)
잠깐만요|wait a moment|잠깐만 기다려|wait just a moment|잠깐만요, 전화|wait, phone call
특파원|correspondent|해외 특파원|overseas correspondent|특파원 보고|correspondent report
소개하다1|to introduce|친구를 소개하다|to introduce a friend|자기소개|self-introduction
지갑3|wallet|지갑을 잃어버리다|to lose a wallet|지갑에서 돈을 꺼내다|to take money from wallet
영향4|influence|좋은 영향|good influence|영향을 미치다|to have an influence
칠월|July|칠월에 태어나다|to be born in July|칠월 여름휴가|July summer vacation
구경하다|to look around|시장을 구경하다|to look around the market|구경만 하다|to just look around
능력2|ability|언어 능력|language ability|능력을 기르다|to develop ability
십이월|December|십이월 크리스마스|December Christmas|십이월에 졸업하다|to graduate in December
목요일|Thursday|목요일 회의|Thursday meeting|목요일마다 만나다|to meet every Thursday
의견1|opinion|개인적인 의견|personal opinion|의견을 말하다|to express an opinion
컵|cup|커피 컵|coffee cup|컵을 씻다|to wash a cup
그래요|I see|아, 그래요|oh, I see|그래요? 정말요?|really? is that so?
공간5|space|넓은 공간|wide space|공간을 활용하다|to utilize space
종이1|paper|흰 종이|white paper|종이에 쓰다|to write on paper
십|ten|십 개|ten pieces|십 분|ten minutes
위험하다|to be dangerous|위험한 길|dangerous road|위험하다고 생각하다|to think it's dangerous
재미1|fun|재미있는 영화|fun movie|재미를 느끼다|to feel fun
쌀쌀하다|to be chilly|쌀쌀한 날씨|chilly weather|아침이 쌀쌀하다|the morning is chilly
상당히|quite|상당히 어렵다|quite difficult|상당히 많다|quite a lot
떡1|rice cake|떡을 만들다|to make rice cake|떡국을 끓이다|to cook rice cake soup
액션영화|action movie|액션영화를 보다|to watch an action movie|새로운 액션영화|new action movie
숨소리|breathing sound|거친 숨소리|rough breathing sound|숨소리가 들리다|to hear breathing sounds
끝내다|to finish|일을 끝내다|to finish work|빨리 끝내다|to finish quickly
재미없다|to be boring|재미없는 책|boring book|너무 재미없다|too boring
작가1|writer|유명한 작가|famous writer|작가가 되다|to become a writer
대답|answer|정확한 대답|correct answer|대답을 하다|to give an answer
탁구|table tennis|탁구를 치다|to play table tennis|탁구 경기|table tennis match
찾아오다|to come to visit|친구가 찾아오다|a friend comes to visit|집에 찾아오다|to come to the house
일주일|one week|일주일 동안|for one week|일주일에 한 번|once a week
요리사|chef|유명한 요리사|famous chef|요리사가 되다|to become a chef
감정6|emotion|감정을 표현하다|to express emotions|복잡한 감정|complex emotions
춤1|dance|춤을 추다|to dance|전통 춤|traditional dance
예약하다|to make a reservation|호텔을 예약하다|to book a hotel|미리 예약하다|to reserve in advance
신경4|nerve|신경이 쓰이다|to be concerned|신경을 끄다|to not worry
깨끗하다|to be clean|깨끗한 방|clean room|깨끗하게 정리하다|to organize cleanly
덥다1|to be hot|날씨가 덥다|the weather is hot|너무 더워요|it's too hot
계속하다3|to continue|공부를 계속하다|to continue studying|계속 노력하다|to keep trying
스트레스|stress|스트레스를 받다|to feel stress|스트레스가 쌓이다|stress builds up
갈아타다|to transfer|지하철을 갈아타다|to transfer subway|버스 갈아타기|bus transfer
단계3|stage|첫 번째 단계|first stage|단계별로 진행하다|to proceed step by step
과일1|fruit|신선한 과일|fresh fruit|과일을 먹다|to eat fruit
계절1|season|좋아하는 계절|favorite season|계절이 바뀌다|seasons change
평소|usual time|평소보다 일찍|earlier than usual|평소 습관|usual habit
눈4|snow|눈이 내리다|snow falls|하얀 눈|white snow
이걸|this|이걸 봐요|look at this|이걸로 하자|let's go with this
중심1|center|도시 중심|city center|중심에 있다|to be in the center
시월1|October|시월에 만나다|to meet in October|시월 날씨|October weather
눈싸움|snowball fight|눈싸움을 하다|to have a snowball fight|재미있는 눈싸움|fun snowball fight
과연1|indeed|과연 그렇다|indeed so|과연 맞다|indeed correct
팔월|August|팔월 휴가|August vacation|팔월이 더워요|August is hot
대학교|university|대학교에 다니다|to attend university|유명한 대학교|famous university
차례1|turn|내 차례|my turn|차례대로 하다|to do in order
호14|number|14호선|line number 14|3호 출구|exit number 3
비가|rain|비가 오다|it's raining|비가 그치다|the rain stops
혐의|suspicion|살인 혐의|murder suspicion|혐의를 받다|to be suspected
라디오|radio|라디오를 듣다|to listen to radio|라디오 방송|radio broadcast
화장품|cosmetics|화장품 가게|cosmetics store|화장품을 바르다|to apply cosmetics
대단하다|to be amazing|대단한 사람|amazing person|정말 대단해요|really amazing
남쪽|south|남쪽 지역|southern region|남쪽으로 가다|to go south
맥주|beer|맥주 한 잔|a glass of beer|맥주를 마시다|to drink beer
작업1|work|작업 중|work in progress|작업을 하다|to do work
색깔|color|예쁜 색깔|pretty color|색깔을 칠하다|to paint colors
떡국|rice cake soup|떡국을 끓이다|to cook rice cake soup|새해 떡국|New Year's rice cake soup
반응|reaction|좋은 반응|good reaction|반응을 보이다|to show a reaction
유명하다1|to be famous|유명한 배우|famous actor|세계적으로 유명하다|to be world-famous
번호2|number|전화번호|phone number|번호를 누르다|to dial a number
마치3|as if|마치 꿈처럼|as if a dream|마치 진짜 같다|as if it's real
외국인|foreigner|외국인 친구|foreign friend|외국인 관광객|foreign tourist
꽃집|flower shop|꽃집에서 사다|to buy at flower shop|동네 꽃집|neighborhood flower shop
마을1|village|작은 마을|small village|마을 사람들|village people
부인1|wife|사장님 부인|boss's wife|부인과 함께|together with wife
드라마|drama|한국 드라마|Korean drama|드라마를 보다|to watch drama
대체2|roughly|대체로 좋다|roughly good|대체 뭐야|what on earth
뛰다2|to run|빨리 뛰다|to run fast|학교로 뛰다|to run to school
크리스마스트리|Christmas tree|크리스마스트리 장식|Christmas tree decoration|예쁜 크리스마스트리|pretty Christmas tree
마찬가지|the same|나도 마찬가지|me too|마찬가지 상황|same situation
우산1|umbrella|우산을 쓰다|to use an umbrella|접는 우산|folding umbrella
은행원|bank employee|은행원이 되다|to become a bank employee|친절한 은행원|kind bank employee
국회|National Assembly|국회 의원|National Assembly member|국회에서 토론하다|to debate in the National Assembly
춥다|to be cold|날씨가 춥다|the weather is cold|추운 겨울|cold winter
테니스|tennis|테니스를 치다|to play tennis|테니스 라켓|tennis racket
전쟁|war|전쟁이 일어나다|war breaks out|전쟁의 피해|damage from war
둘째|second|둘째 아들|second son|둘째 날|second day
선글라스|sunglasses|선글라스를 쓰다|to wear sunglasses|멋진 선글라스|stylish sunglasses
진행하다|to proceed|회의를 진행하다|to conduct a meeting|순조롭게 진행하다|to proceed smoothly
무겁다|to be heavy|짐이 무겁다|the luggage is heavy|무거운 상자|heavy box
선선하다|to be cool|날씨가 선선하다|the weather is cool|선선한 바람|cool breeze
확실히|certainly|확실히 알다|to know for certain|확실히 맞다|certainly correct
인사드리다|to greet|안부 인사드리다|to give regards|정중히 인사드리다|to greet politely
지나가다|to pass by|시간이 지나가다|time passes by|길을 지나가다|to pass by the road
시끄럽다|to be noisy|너무 시끄럽다|too noisy|시끄러운 소리|noisy sound
어울리다|to suit|잘 어울리다|to suit well|색깔이 어울리다|colors match well
스포츠|sports|스포츠를 즐기다|to enjoy sports|인기 있는 스포츠|popular sports
넥타이|necktie|넥타이를 매다|to tie a necktie|빨간 넥타이|red necktie
아쉽다|to be regrettable|시간이 아쉽다|time is precious|아쉬운 마음|regretful feeling
침대2|bed|침대에 눕다|to lie on the bed|침대를 정리하다|to make the bed
시계1|clock|시계를 보다|to check the time|벽시계|wall clock
생신2|birthday|생신 축하드려요|happy birthday|생신 선물|birthday gift
놈1|guy|그 놈|that guy|나쁜 놈|bad guy
잎1|leaf|나뭇잎|tree leaf|잎이 떨어지다|leaves fall
교회2|church|교회에 가다|to go to church|교회 예배|church service
과자2|snack|과자를 먹다|to eat snacks|과자 봉지|snack bag
기억하다2|to remember|이름을 기억하다|to remember a name|기억하고 있다|to keep in mind
화6|anger|화를 내다|to get angry|화가 나다|to be angry
한가하다2|to be free|시간이 한가하다|to have free time|한가한 오후|leisurely afternoon
차이|difference|큰 차이|big difference|차이가 나다|to differ
일월1|January|일월 첫째 날|January first|일월에 태어나다|to be born in January
운동하다|to exercise|매일 운동하다|to exercise daily|운동을 시작하다|to start exercising
비싸다|to be expensive|너무 비싸다|too expensive|비싼 옷|expensive clothes
첫째|first|첫째 아들|first son|첫째로|first of all
감사합니다|thank you|정말 감사합니다|thank you very much|감사합니다만|thank you but
형사2|detective|형사가 조사하다|detective investigates|형사 드라마|detective drama
도서관|library|도서관에서 공부하다|to study at the library|도서관 카드|library card
문자메시지|text message|문자메시지를 보내다|to send a text message|문자메시지가 오다|to receive a text message
효과1|effect|좋은 효과|good effect|효과가 있다|to be effective
선물3|gift|선물을 주다|to give a gift|생일 선물|birthday gift
수영장|swimming pool|수영장에서 수영하다|to swim in the pool|실내 수영장|indoor swimming pool
한숨2|sigh|한숨을 쉬다|to sigh|깊은 한숨|deep sigh
아주머니|lady|옆집 아주머니|lady next door|아주머니께 인사하다|to greet the lady
건너다|to cross|길을 건너다|to cross the street|다리를 건너다|to cross the bridge
감독2|director|영화 감독|movie director|감독이 지시하다|director gives instructions
위험|danger|위험한 상황|dangerous situation|위험에 빠지다|to fall into danger
타다1|to burn|장작이 타다|wood burns|불이 타다|fire burns
깊다|to be deep|물이 깊다|water is deep|깊은 생각|deep thought
사무실|office|사무실에서 일하다|to work in the office|사무실 문|office door
삼성역|Samsung Station|삼성역에서 내리다|to get off at Samsung Station|삼성역 근처|near Samsung Station
역할|role|중요한 역할|important role|역할을 하다|to play a role
이월1|February|이월 중순|mid-February|이월에 태어나다|to be born in February
통화3|currency|외국 통화|foreign currency|통화 가치|currency value
과거2|past civil service exam|과거에 급제하다|to pass the civil service exam|과거 시험|civil service examination
일요일|Sunday|일요일 오후|Sunday afternoon|일요일에 쉬다|to rest on Sunday
정류장|bus stop|버스 정류장|bus stop|정류장에서 기다리다|to wait at the bus stop
파이팅|fighting|파이팅 하세요|good luck|파이팅 정신|fighting spirit
쓰다2|to wear|모자를 쓰다|to wear a hat|안경을 쓰다|to wear glasses
티셔츠|T-shirt|흰색 티셔츠|white T-shirt|티셔츠를 입다|to wear a T-shirt
의혹|suspicion|의혹을 받다|to be suspected|의혹이 생기다|suspicion arises
시원하다|to be cool|시원한 바람|cool breeze|시원하게 느끼다|to feel cool
간호사|nurse|병원 간호사|hospital nurse|간호사가 되다|to become a nurse
빛|light|햇빛이 밝다|sunlight is bright|빛이 나다|to shine
뛰다1|to beat|심장이 뛰다|heart beats|가슴이 뛰다|heart pounds
전화드리다|to call|전화드릴게요|I'll call you|나중에 전화드리다|to call later
덕분|thanks to|선생님 덕분|thanks to the teacher|덕분에 성공하다|to succeed thanks to
다녀오다|to go and come back|학교에 다녀오다|to go to school and come back|잠깐 다녀올게요|I'll be right back
역6|role|주인공 역|leading role|중요한 역할|important role
활동2|activity|동아리 활동|club activity|활동을 시작하다|to start an activity
비디오|video|비디오를 보다|to watch a video|비디오 촬영|video recording
바지1|pants|청바지를 입다|to wear jeans|바지가 작다|pants are small
법1|law|교통 법규|traffic law|법을 지키다|to obey the law
이쪽2|this way|이쪽으로 오세요|please come this way|이쪽이 더 좋다|this way is better
건너편|opposite side|길 건너편|across the street|건너편에 있다|to be on the opposite side
신기하다1|to be amazing|신기한 경험|amazing experience|신기하게 생각하다|to find it amazing
연습3|practice|피아노 연습|piano practice|연습을 하다|to practice
하와이|Hawaii|하와이 여행|Hawaii trip|하와이에 가다|to go to Hawaii
걱정하다|to worry|걱정하지 마세요|don't worry|미래를 걱정하다|to worry about the future
화장실|restroom|화장실이 어디예요|where is the restroom|화장실에 가다|to go to the restroom
칠1|seven|칠 시|seven o'clock|칠 명|seven people
표현|expression|자유로운 표현|free expression|표현을 하다|to express
주말2|weekend|주말 계획|weekend plans|주말에 쉬다|to rest on weekends
운동장|playground|학교 운동장|school playground|운동장에서 뛰다|to run on the playground
수업3|class|수업 시간|class time|수업을 듣다|to take a class
대학생|college student|대학생 생활|college student life|대학생이 되다|to become a college student
벌2|set|옷 한 벌|one set of clothes|새 옷 한 벌|one new set of clothes
프로그램|program|텔레비전 프로그램|television program|프로그램을 보다|to watch a program
걸어가다|to walk|학교에 걸어가다|to walk to school|천천히 걸어가다|to walk slowly
월요일|Monday|월요일 아침|Monday morning|월요일에 만나다|to meet on Monday
동시2|same time|동시에 시작하다|to start at the same time|동시 통역|simultaneous interpretation
백화점|department store|백화점에서 쇼핑|shopping at department store|백화점 세일|department store sale
와이셔츠|dress shirt|흰 와이셔츠|white dress shirt|와이셔츠를 입다|to wear a dress shirt
피해자|victim|사고 피해자|accident victim|피해자를 돕다|to help victims
병5|bottle|물병 한 개|one water bottle|맥주 한 병|one bottle of beer
중국말|Chinese language|중국말을 배우다|to learn Chinese|중국말로 말하다|to speak in Chinese
살펴보다|to examine|자세히 살펴보다|to examine closely|상황을 살펴보다|to look into the situation
고양이|cat|귀여운 고양이|cute cat|고양이를 키우다|to raise a cat
기차1|train|기차 여행|train trip|기차를 타다|to take a train
가까이|close|가까이 오다|to come close|가까이에 살다|to live nearby
중학교|middle school|중학교 학생|middle school student|중학교를 졸업하다|to graduate from middle school
외할머니|maternal grandmother|외할머니 집|maternal grandmother's house|외할머니를 뵙다|to visit maternal grandmother
캐릭터|character|만화 캐릭터|cartoon character|캐릭터가 귀엽다|the character is cute
흰색|white|흰색 옷|white clothes|흰색으로 칠하다|to paint white
액세서리|accessory|머리 액세서리|hair accessory|액세서리를 착용하다|to wear accessories
포인트|point|중요한 포인트|important point|포인트를 얻다|to earn points
한강공원|Han River Park|한강공원에서 산책|walk in Han River Park|한강공원 피크닉|Han River Park picnic
경험|experience|좋은 경험|good experience|경험이 부족하다|to lack experience
발표하다|to present|연구를 발표하다|to present research|발표를 준비하다|to prepare a presentation
설날|New Year's Day|설날 연휴|New Year's holiday|설날에 성묘하다|to visit graves on New Year's
십일월|November|십일월 날씨|November weather|십일월에 시험|exam in November
그쪽|that side|그쪽으로 가다|to go that way|그쪽 사람|that person
졸업하다|to graduate|대학을 졸업하다|to graduate from university|내년에 졸업하다|to graduate next year
약속을하다|to make a promise|친구와 약속을하다|to make plans with a friend|약속을하고 지키다|to make and keep a promise
부엌|kitchen|넓은 부엌|spacious kitchen|부엌에서 요리하다|to cook in the kitchen
지난주|last week|지난주 월요일|last Monday|지난주에 만났다|met last week
북쪽|north|북쪽 지역|northern region|북쪽으로 가다|to go north
스노보드|snowboard|스노보드 타기|snowboarding|스노보드를 배우다|to learn snowboarding
약7|medicine|감기약|cold medicine|약을 먹다|to take medicine
우유2|milk|우유 한 잔|a glass of milk|우유를 마시다|to drink milk
싸다1|to wrap|보자기에 싸다|to wrap in cloth|선물을 싸다|to wrap a gift
표4|ticket|영화표|movie ticket|표를 사다|to buy a ticket
기준3|standard|평가 기준|evaluation standard|기준을 정하다|to set standards
양5|sheep|양 떼|flock of sheep|양을 기르다|to raise sheep
정확하다1|to be accurate|정확한 시간|accurate time|정확하게 말하다|to speak accurately
기술1|technology|정보 기술|information technology|기술을 개발하다|to develop technology
방향1|direction|오른쪽 방향|right direction|방향을 바꾸다|to change direction
쇠고기|beef|쇠고기 요리|beef dish|쇠고기를 굽다|to grill beef
일본말|Japanese language|일본말 공부|studying Japanese|일본말을 배우다|to learn Japanese
내놓다|to put out|의견을 내놓다|to present an opinion|돈을 내놓다|to pay money
주26|week|이번 주|this week|주말|weekend
친절하다|to be kind|친절한 사람|kind person|친절하게 대하다|to treat kindly
부드럽다|to be soft|부드러운 피부|soft skin|부드럽게 말하다|to speak softly
단어|word|새로운 단어|new word|단어를 외우다|to memorize words
케냐|Kenya|케냐 여행|trip to Kenya|케냐에서 오다|to come from Kenya
겪다|to experience|어려움을 겪다|to experience difficulty|시련을 겪다|to go through hardship
신발|shoes|운동화|sneakers|신발을 신다|to put on shoes
말씀하시다|to speak|말씀해 주세요|please tell me|말씀하신 대로|as you said
맡다1|to take charge|담임을 맡다|to be a homeroom teacher|일을 맡다|to take on work
날다1|to fly|새가 날다|bird flies|하늘을 날다|to fly in the sky
이분1|this person|이분은 누구세요|who is this person|이분께 인사하다|to greet this person
수준|level|한국어 수준|Korean language level|수준이 높다|the level is high
설탕|sugar|설탕 한 숟가락|one spoonful of sugar|설탕을 넣다|to add sugar
면세점|duty-free shop|공항 면세점|airport duty-free shop|면세점에서 사다|to buy at duty-free
부족하다|to be insufficient|시간이 부족하다|time is insufficient|돈이 부족하다|money is lacking
싸다5|to be cheap|집값이 싸다|house prices are cheap|물건이 싸다|things are cheap
가지고|with|책을 가지고|with a book|가지고 가다|to take with
자식1|child|자식을 키우다|to raise children|자식 걱정|worry about children
칼1|knife|요리용 칼|cooking knife|칼로 자르다|to cut with a knife
피시방|PC room|피시방에서 게임|gaming at PC room|피시방 이용|using PC room
니|you|니가 해라|you do it|니 것|yours
슬프다|to be sad|슬픈 영화|sad movie|슬프게 울다|to cry sadly
선물하다|to give a gift|생일 선물하다|to give a birthday gift|친구에게 선물하다|to give a gift to a friend
늘어나다|to increase|인구가 늘어나다|population increases|시간이 늘어나다|time extends
경찰관|police officer|경찰관이 되다|to become a police officer|경찰관을 부르다|to call a police officer
생선|fish|생선을 굽다|to grill fish|신선한 생선|fresh fish
던지다|to throw|공을 던지다|to throw a ball|쓰레기를 던지다|to throw trash
오랜만|long time|오랜만이에요|it's been a long time|오랜만에 만나다|to meet after a long time
카페|cafe|카페에서 만나다|to meet at a cafe|카페 사장|cafe owner
선택하다|to choose|메뉴를 선택하다|to choose a menu|신중히 선택하다|to choose carefully
아줌마|middle-aged woman|동네 아줌마|neighborhood lady|아줌마께 인사하다|to greet the lady
수단1|means|교통 수단|means of transportation|해결 수단|solution method
바뀌다|to change|계획이 바뀌다|plans change|날씨가 바뀌다|weather changes
켜다1|to light|성냥을 켜다|to light a match|불을 켜다|to light a fire
연필|pencil|연필로 쓰다|to write with a pencil|연필을 깎다|to sharpen a pencil
면4|township|면사무소|township office|시골 면|rural township
군인|soldier|군인이 되다|to become a soldier|군인 생활|military life
중이다|to be in the middle of|공부하는 중이다|in the middle of studying|준비 중이다|in preparation
조심하다2|to be careful|길을 조심하다|to be careful on the road|몸을 조심하다|to take care of oneself
깎다|to cut|머리를 깎다|to cut hair|가격을 깎다|to cut the price
단풍1|autumn leaves|단풍이 지다|autumn leaves fall|단풍을 보다|to see autumn leaves
완벽하다|to be perfect|완벽한 계획|perfect plan|완벽하게 하다|to do perfectly
다리2|bridge|다리를 건너다|to cross a bridge|한강 다리|Han River bridge
동물원|zoo|동물원에 가다|to go to the zoo|동물원 입장료|zoo admission fee
박10|nights|2박 3일|2 nights 3 days|1박만 하다|to stay just one night
청소6|cleaning|청소를 하다|to do cleaning|청소 시간|cleaning time
괜찮습니다|it's okay|괜찮습니다, 감사해요|it's okay, thank you|정말 괜찮습니다|it's really okay
붙이다|to attach|스티커를 붙이다|to attach a sticker|벽에 붙이다|to stick on the wall
구름1|cloud|하얀 구름|white cloud|구름이 끼다|clouds gather
뭐가|what|뭐가 좋아요?|what's good?|뭐가 문제예요?|what's the problem?
떠오르다|to come to mind|생각이 떠오르다|a thought comes to mind|해가 떠오르다|the sun rises
동쪽|east|동쪽 지역|eastern region|동쪽으로 가다|to go east
노래방|karaoke room|노래방에 가다|to go to karaoke|노래방에서 놀다|to have fun at karaoke
러시아|Russia|러시아 사람|Russian person|러시아어를 배우다|to learn Russian
요즈음|these days|요즈음 날씨|the weather these days|요즈음 바쁘다|busy these days
금년|this year|금년 계획|this year's plan|금년에 졸업하다|to graduate this year
행사1|event|학교 행사|school event|행사를 준비하다|to prepare an event
잃어버리다|to lose|열쇠를 잃어버리다|to lose keys|기억을 잃어버리다|to lose memory
눈사람|snowman|눈사람을 만들다|to make a snowman|큰 눈사람|big snowman
회8|time|세 회|three times|몇 회째|what time/round
라면1|ramen|라면을 끓이다|to cook ramen|컵라면|cup ramen
민박집|guesthouse|민박집에 머물다|to stay at a guesthouse|저렴한 민박집|cheap guesthouse
미리1|in advance|미리 준비하다|to prepare in advance|미리 알려주다|to let know in advance
싫어하다|to dislike|매운 음식을 싫어하다|to dislike spicy food|싫어하는 사람|person I dislike
계십시오|please stay|안전하게 계십시오|please stay safe|건강하게 계십시오|please stay healthy
발견하다1|to discover|새로운 사실을 발견하다|to discover a new fact|문제를 발견하다|to discover a problem
테이블|table|식탁 테이블|dining table|테이블을 닦다|to wipe the table
코트3|court|테니스 코트|tennis court|농구 코트|basketball court
충분히|sufficiently|충분히 먹다|to eat enough|충분히 쉬다|to rest enough
한국어|Korean language|한국어를 배우다|to learn Korean|한국어 수업|Korean class
아홉|nine|아홉 시|nine o'clock|아홉 개|nine pieces
가져가다|to take away|책을 가져가다|to take a book|집에 가져가다|to take home
한자2|Chinese characters|한자를 쓰다|to write Chinese characters|한자 공부|studying Chinese characters
안녕하십니까?|How are you? (formal)|안녕하십니까? 처음 뵙겠습니다|How are you? Nice to meet you|안녕하십니까? 선생님|How are you, teacher?
당연하다1|to be natural|당연한 결과|natural result|당연하게 생각하다|to think naturally
안경3|glasses|안경을 쓰다|to wear glasses|안경을 벗다|to take off glasses
사과5|apple|사과를 먹다|to eat an apple|빨간 사과|red apple
선택|choice|좋은 선택|good choice|선택의 여지|room for choice
약속하다|to promise|친구와 약속하다|to make a promise with a friend|시간을 약속하다|to set a time
콘도|condo|콘도에서 휴가|vacation at a condo|콘도 예약|condo reservation
및|and|음식 및 음료|food and drinks|학생 및 교사|students and teachers
취미4|hobby|취미 생활|hobby life|취미를 갖다|to have a hobby
이십|twenty|이십 살|twenty years old|이십 분|twenty minutes
연락2|contact|연락을 하다|to make contact|연락이 오다|to receive contact
야구2|baseball|야구를 하다|to play baseball|야구 경기|baseball game
주스|juice|오렌지 주스|orange juice|주스를 마시다|to drink juice
짓다1|to build|집을 짓다|to build a house|이름을 짓다|to give a name
구경1|sightseeing|구경을 하다|to go sightseeing|구경 나가다|to go out sightseeing
저분|that person (honorific)|저분은 누구세요?|Who is that person?|저분께 인사하다|to greet that person
아무튼|anyway|아무튼 괜찮아요|anyway, it's okay|아무튼 고마워요|anyway, thank you
그분|that person (honorific)|그분은 선생님이다|that person is a teacher|그분께 말씀드리다|to speak to that person
학생식당|student cafeteria|학생식당에서 먹다|to eat at the student cafeteria|학생식당 메뉴|student cafeteria menu
분명히|clearly|분명히 말하다|to speak clearly|분명히 알다|to know clearly
그럼2|then|그럼 안녕히 가세요|then, goodbye|그럼 내일 봐요|then, see you tomorrow
연락드리다|to contact (humble)|연락드릴게요|I will contact you|나중에 연락드리다|to contact later
성공하다|to succeed|시험에 성공하다|to succeed in the exam|사업에 성공하다|to succeed in business
지우다1|to erase|낙서를 지우다|to erase graffiti|칠판을 지우다|to erase the blackboard
세배하다|to bow for New Year|세배하러 가다|to go bow for New Year|어른께 세배하다|to bow to elders
확실하다|to be certain|확실한 답|certain answer|확실하게 알다|to know for certain
셋째|third|셋째 아이|third child|셋째 날|third day
농구7|basketball|농구 경기|basketball game|농구를 하다|to play basketball
장관2|minister|교육 장관|education minister|장관이 되다|to become a minister
졸업|graduation|졸업 시험|graduation exam|졸업을 하다|to graduate
뭘1|what|뭘 하세요|what are you doing|뭘 드릴까요|what shall I give you
늘다1|to increase|실력이 늘다|skills improve|인구가 늘다|population increases
닭|chicken|닭고기 요리|chicken dish|닭을 기르다|to raise chickens
옷걸이|clothes hanger|옷걸이에 걸다|to hang on hanger|옷걸이를 사다|to buy a hanger
인터넷|internet|인터넷 검색|internet search|인터넷을 하다|to use the internet
교과서|textbook|영어 교과서|English textbook|교과서를 펴다|to open a textbook
녹차1|green tea|녹차 한 잔|a cup of green tea|녹차를 마시다|to drink green tea
연기5|postponement|시험 연기|exam postponement|연기하다|to postpone
돼지|pig|돼지고기 요리|pork dish|돼지를 기르다|to raise pigs
슬리퍼|slippers|실내 슬리퍼|indoor slippers|슬리퍼를 신다|to wear slippers
표현하다|to express|감정을 표현하다|to express emotions|의견을 표현하다|to express an opinion
잊어버리다|to forget|약속을 잊어버리다|to forget a promise|이름을 잊어버리다|to forget a name
한국|Korea|한국 사람|Korean person|한국에 가다|to go to Korea
장면4|scene|영화 장면|movie scene|인상적인 장면|impressive scene
식탁|dining table|식탁을 차리다|to set the table|식탁에 앉다|to sit at the table
약국2|pharmacy|동네 약국|neighborhood pharmacy|약국에서 사다|to buy at pharmacy
살리다|to save|생명을 살리다|to save a life|나무를 살리다|to save a tree
날짜1|date|약속 날짜|appointment date|날짜를 정하다|to set a date
기차표|train ticket|기차표를 사다|to buy a train ticket|기차표 예매|train ticket reservation
속도1|speed|속도를 높이다|to increase speed|속도 제한|speed limit
차9|tea|녹차를 마시다|to drink green tea|차 한 잔|a cup of tea
벚꽃|cherry blossom|벚꽃이 피다|cherry blossoms bloom|벚꽃 축제|cherry blossom festival
관련하다|to be related|업무와 관련하다|to be related to work|관련된 문제|related problem
검은색|black|검은색 옷|black clothes|검은색으로 칠하다|to paint black
장미5|rose|빨간 장미|red rose|장미꽃을 주다|to give roses
예수|Jesus|예수님을 믿다|to believe in Jesus|예수 그리스도|Jesus Christ
천3|thousand|천 원|one thousand won|천 명|one thousand people
우동|udon|우동을 먹다|to eat udon|우동 한 그릇|a bowl of udon
더욱|more|더욱 열심히|more diligently|더욱 좋아지다|to get even better
서쪽|west|서쪽으로 가다|to go west|서쪽 지역|western region
예습|preview|예습을 하다|to preview|예습과 복습|preview and review
정신12|mind|정신을 차리다|to come to one's senses|정신이 없다|to be busy/distracted
경찰서|police station|경찰서에 신고하다|to report to police|경찰서 앞|in front of police station
충전기|charger|핸드폰 충전기|phone charger|충전기를 꽂다|to plug in charger
호응하다|to respond|관객이 호응하다|audience responds|열렬히 호응하다|to respond enthusiastically
여학생|female student|여학생 기숙사|girls' dormitory|여학생들이 많다|there are many female students
열3|ten|열 개|ten pieces|열 살|ten years old
증거|evidence|증거를 찾다|to find evidence|확실한 증거|solid evidence
냉장고|refrigerator|냉장고에 넣다|to put in refrigerator|냉장고 문|refrigerator door
오토바이|motorcycle|오토바이를 타다|to ride motorcycle|오토바이 사고|motorcycle accident
잡히다2|to be caught|도둑이 잡히다|thief gets caught|손에 잡히다|to be caught in hand
감기4|cold|감기에 걸리다|to catch a cold|감기가 낫다|cold gets better
자루|sack|쌀 한 자루|a sack of rice|자루에 담다|to put in sack
아휴|oh my|아휴 힘들다|oh my, it's hard|아휴 깜빡했다|oh my, I forgot
결혼식|wedding|결혼식 준비|wedding preparation|결혼식에 참석하다|to attend a wedding
미술관|art museum|미술관 관람|art museum visit|미술관에 가다|to go to an art museum
변호사|lawyer|변호사 상담|lawyer consultation|변호사를 만나다|to meet a lawyer
운전2|driving|운전 연습|driving practice|운전을 배우다|to learn driving
금요일|Friday|금요일 저녁|Friday evening|금요일에 만나다|to meet on Friday
댓글|comment|댓글을 달다|to leave a comment|댓글 확인|checking comments
목욕|bath|목욕을 하다|to take a bath|목욕탕에 가다|to go to a bathhouse
삼겹살|pork belly|삼겹살 구이|grilled pork belly|삼겹살을 먹다|to eat pork belly
이루어지다|to be achieved|꿈이 이루어지다|dream comes true|계획이 이루어지다|plan is realized
만6|ten thousand|만 원|ten thousand won|만 명|ten thousand people
공항버스|airport bus|공항버스 정류장|airport bus stop|공항버스를 타다|to take airport bus
어차피|anyway|어차피 늦었어|late anyway|어차피 해야 해|have to do it anyway
걸어오다1|to walk over|집까지 걸어오다|to walk home|천천히 걸어오다|to walk over slowly
인사하다|to greet|인사를 하다|to say hello|정중히 인사하다|to greet politely
거짓말|lie|거짓말을 하다|to tell a lie|거짓말이 아니야|it's not a lie
소파6|sofa|소파에 앉다|to sit on sofa|편안한 소파|comfortable sofa
기숙사|dormitory|기숙사 생활|dormitory life|기숙사에 살다|to live in dormitory
지원2|support|지원을 받다|to receive support|정부 지원|government support
스무|twenty|스무 살|twenty years old|스무 개|twenty pieces
생일축하|happy birthday|생일축하 인사|birthday greeting|생일축하 케이크|birthday cake
지켜보다|to watch|조용히 지켜보다|to watch quietly|상황을 지켜보다|to watch the situation
역14|station|지하철역|subway station|역에서 만나다|to meet at the station
외할아버지|maternal grandfather|외할아버지 댁|maternal grandfather's house|외할아버지를 뵙다|to visit maternal grandfather
왕4|king|조선 왕|Joseon king|왕의 명령|king's order
열쇠|key|집 열쇠|house key|열쇠를 잃어버리다|to lose keys
열하나|eleven|열하나 개|eleven pieces|열하나 시|eleven o'clock
다행|good fortune|다행히도|fortunately|다행이다|it's fortunate
오렌지|orange|오렌지 주스|orange juice|오렌지 색깔|orange color
파티|party|생일 파티|birthday party|파티에 가다|to go to a party
금방1|just now|금방 왔어요|just came|금방 할게요|I'll do it right away
수박1|watermelon|수박을 먹다|to eat watermelon|달콤한 수박|sweet watermelon
횡단보도|crosswalk|횡단보도를 건너다|to cross the crosswalk|횡단보도 신호등|crosswalk signal
환경2|environment|자연 환경|natural environment|환경을 보호하다|to protect the environment
돼지고기|pork|돼지고기 요리|pork dish|돼지고기를 굽다|to grill pork
흐리다1|to make muddy|물을 흐리다|to muddy the water|강물이 흐려지다|the river water becomes muddy
진행되다|to proceed|회의가 진행되다|the meeting proceeds|순조롭게 진행되다|to proceed smoothly
수건|towel|목욕 수건|bath towel|수건으로 닦다|to wipe with a towel
휴가1|vacation|여름 휴가|summer vacation|휴가를 가다|to go on vacation
받아들이다|to accept|제안을 받아들이다|to accept a proposal|현실을 받아들이다|to accept reality
양복1|suit|검은 양복|black suit|양복을 입다|to wear a suit
휴일|holiday|공휴일|public holiday|휴일에 쉬다|to rest on holidays
주제4|topic|토론 주제|discussion topic|주제를 바꾸다|to change the topic
잠자다|to sleep|일찍 잠자다|to sleep early|푹 잠자다|to sleep soundly
어휘|vocabulary|어휘 공부|vocabulary study|어휘를 늘리다|to increase vocabulary
주장하다1|to claim|자신의 의견을 주장하다|to claim one's opinion|강하게 주장하다|to claim strongly
피아노1|piano|피아노를 치다|to play piano|피아노 연주|piano performance
휴대전화|mobile phone|휴대전화 번호|mobile phone number|휴대전화를 끄다|to turn off mobile phone
설마|surely not|설마 그럴까|surely not that|설마 진짜야|surely not real
주소1|address|집 주소|home address|주소를 알려주다|to give an address
회사원|office worker|회사원이 되다|to become an office worker|젊은 회사원|young office worker
어떡|what to do|어떡하지|what should I do|어떡해요|what should we do
달다7|to be sweet|달콤한 맛|sweet taste|달게 만들다|to make sweet
아흔|ninety|아흔 살|ninety years old|아흔 개|ninety pieces
존재|existence|존재 이유|reason for existence|존재하다|to exist
등산|mountain climbing|등산을 하다|to go mountain climbing|등산복|mountain climbing clothes
매년|every year|매년 여행|travel every year|매년 증가하다|to increase every year
낫다1|to recover|병이 낫다|to recover from illness|감기가 낫다|to get over a cold
메뉴|menu|메뉴를 보다|to look at the menu|메뉴 선택|menu selection
쓸다2|to sweep|마당을 쓸다|to sweep the yard|바닥을 쓸다|to sweep the floor
변화|change|큰 변화|big change|변화가 있다|there is change
외국어|foreign language|외국어 공부|foreign language study|외국어 실력|foreign language ability
개다1|to clear up|날이 개다|the weather clears up|하늘이 개다|the sky clears
주인공|main character|영화 주인공|movie main character|소설 주인공|novel protagonist
중학생|middle school student|중학생 시절|middle school days|중학생 아들|middle school son
밀리다1|to be behind|방세가 밀리다|rent is overdue|일정이 밀리다|schedule is behind
간단하다2|to be simple|간단한 방법|simple method|간단하게 말하다|to say simply
소풍2|picnic|소풍을 가다|to go on a picnic|봄 소풍|spring picnic
공무원|civil servant|공무원 시험|civil service exam|공무원이 되다|to become a civil servant
자료3|data|참고 자료|reference material|자료를 수집하다|to collect data
춤추다|to dance|춤을 추다|to dance|함께 춤추다|to dance together
방석|cushion|방석에 앉다|to sit on a cushion|방석을 깔다|to lay out a cushion
구하다1|to seek|도움을 구하다|to seek help|일자리를 구하다|to look for a job
배3|pear|달콤한 배|sweet pear|배를 깎다|to peel a pear
쌓다|to pile up|책을 쌓다|to pile up books|경험을 쌓다|to accumulate experience
유저|user|게임 유저|game user|신규 유저|new user
초대하다2|to invite|친구를 초대하다|to invite a friend|파티에 초대받다|to be invited to a party
지나다|to pass|시간이 지나다|time passes|길을 지나다|to pass by a road
어둡다|to be dark|밤이 어둡다|the night is dark|어두운 방|dark room
연습하다3|to practice|피아노를 연습하다|to practice piano|매일 연습하다|to practice every day
서해|West Sea|서해 바다|West Sea|서해안 지역|West Coast region
참다|to endure|아픔을 참다|to endure pain|화를 참다|to hold back anger
발음1|pronunciation|정확한 발음|correct pronunciation|발음이 어렵다|pronunciation is difficult
한라산|Hallasan|한라산 등반|climbing Hallasan|한라산 정상|summit of Hallasan
실제2|reality|실제 상황|actual situation|실제로 일어나다|to actually happen
콜라|cola|콜라 한 잔|a glass of cola|콜라를 마시다|to drink cola
강아지|puppy|귀여운 강아지|cute puppy|강아지를 키우다|to raise a puppy
나서다|to step forward|앞으로 나서다|to step forward|일에 나서다|to take initiative
남학생|male student|남학생 기숙사|male student dormitory|남학생과 여학생|male and female students
등록금|tuition|등록금을 내다|to pay tuition|비싼 등록금|expensive tuition
교육|education|좋은 교육|good education|교육을 받다|to receive education
대사관|embassy|한국 대사관|Korean embassy|대사관에 가다|to go to the embassy
여성복|women's clothing|여성복 매장|women's clothing store|여성복을 입다|to wear women's clothing
진심1|sincerity|진심으로 말하다|to speak sincerely|진심이 담긴|filled with sincerity
배고프다|to be hungry|너무 배고프다|to be very hungry|배고픈 아이|hungry child
기념품|souvenir|여행 기념품|travel souvenir|기념품을 사다|to buy a souvenir
젊다|to be young|젊은 사람|young person|젊을 때|when young
오래간만|long time|오래간만에 만나다|to meet after a long time|오래간만이다|it's been a long time
통화하다|to talk on phone|전화로 통화하다|to talk on the phone|친구와 통화하다|to talk with a friend
로봇|robot|똑똑한 로봇|smart robot|로봇이 일하다|robot works
점심시간|lunch time|점심시간이 되다|lunch time arrives|점심시간에 만나다|to meet at lunch time
세다2|to count|돈을 세다|to count money|하나씩 세다|to count one by one
특별하다|to be special|특별한 날|special day|특별히 좋다|to be especially good
휴지2|tissue|휴지를 뽑다|to pull out tissue|화장실 휴지|toilet paper
점수6|score|점수를 받다|to receive a score|높은 점수|high score
쭉|straight|쭉 가다|to go straight|쭉 서다|to stand straight
넷째|fourth|넷째 아이|fourth child|넷째 날|fourth day
뵙다|to see|어른을 뵙다|to see an elder|내일 뵙겠습니다|I'll see you tomorrow
가치6|value|가치가 있다|to have value|높은 가치|high value
햄버거|hamburger|햄버거를 먹다|to eat a hamburger|치즈 햄버거|cheeseburger
원피스|dress|예쁜 원피스|pretty dress|원피스를 입다|to wear a dress
결정1|decision|결정을 내리다|to make a decision|중요한 결정|important decision
감사8|gratitude|감사를 표하다|to express gratitude|깊은 감사|deep gratitude
조깅하다|to jog|아침에 조깅하다|to jog in the morning|공원에서 조깅하다|to jog in the park
없어지다|to disappear|돈이 없어지다|money disappears|기억이 없어지다|memory disappears
비누|soap|비누로 씻다|to wash with soap|손 비누|hand soap
세상1|world|넓은 세상|wide world|세상이 변하다|the world changes
목표|goal|목표를 세우다|to set a goal|높은 목표|high goal
세수4|face washing|세수를 하다|to wash one's face|아침 세수|morning face wash
다치다1|to get hurt|다리를 다치다|to hurt one's leg|심하게 다치다|to get seriously hurt
기록2|record|기록을 세우다|to set a record|새로운 기록|new record
찌개1|stew|김치찌개|kimchi stew|찌개를 끓이다|to boil stew
참외1|melon|달콤한 참외|sweet melon|참외를 먹다|to eat melon
담다1|to put in|물을 담다|to put in water|그릇에 담다|to put in a bowl
계란|egg|계란을 삶다|to boil an egg|신선한 계란|fresh egg
비옷|raincoat|비옷을 입다|to wear a raincoat|노란 비옷|yellow raincoat
사업4|business|사업을 시작하다|to start a business|사업이 잘되다|business is going well
넷1|four|넷째 아이|fourth child|넷이서 가다|to go as four people
접시|plate|접시를 씻다|to wash dishes|큰 접시|large plate
규모|scale|대규모 공사|large-scale construction|규모가 크다|the scale is large
에어컨|air conditioner|에어컨을 켜다|to turn on the air conditioner|에어컨이 고장나다|the air conditioner breaks down
정리하다|to organize|방을 정리하다|to organize the room|자료를 정리하다|to organize materials
즉1|namely|즉 그 말은|namely, that means|즉시 출발하다|to depart immediately
초대6|invitation|초대를 받다|to receive an invitation|초대 손님|invited guest
하늘색|sky blue|하늘색 셔츠|sky blue shirt|하늘색으로 칠하다|to paint sky blue
돌다|to turn|길을 돌다|to turn the road|시계가 돌다|the clock turns
사전22|dictionary|영어 사전|English dictionary|사전을 찾다|to look up in a dictionary
회색1|gray|회색 양복|gray suit|회색 머리|gray hair
스타일|style|헤어 스타일|hairstyle|새로운 스타일|new style
실례1|rudeness|실례가 되다|to be rude|실례합니다|excuse me
소화6|digestion|소화가 안 되다|to have indigestion|소화를 돕다|to aid digestion
채우다3|to fill|자리를 채우다|to fill a position|빈 공간을 채우다|to fill empty space
고등학생|high school student|고등학생 시절|high school days|고등학생이 되다|to become a high school student
사귀다|to make friends|친구를 사귀다|to make friends|새로 사귄 친구|newly made friend
해결하다|to solve|문제를 해결하다|to solve a problem|해결 방법|solution method
닭고기|chicken|닭고기 요리|chicken dish|닭고기를 굽다|to grill chicken
치료비|medical expenses|치료비가 비싸다|medical expenses are expensive|치료비를 내다|to pay medical expenses
시스템|system|컴퓨터 시스템|computer system|새로운 시스템|new system
숟가락|spoon|숟가락과 젓가락|spoon and chopsticks|숟가락을 놓다|to put down the spoon
최고2|the best|최고의 선수|the best player|최고 기록|best record
멀리1|far|멀리 가다|to go far|멀리서 보다|to see from far away
일5|one|일 년|one year|일 번|number one
부탁|favor|부탁이 있어요|I have a favor|부탁드립니다|please help me
흥미롭다|to be interesting|흥미로운 책|interesting book|흥미롭게 읽다|to read with interest
질문하다|to ask|질문이 있어요|I have a question|선생님께 질문하다|to ask the teacher
취소1|cancellation|예약 취소|reservation cancellation|취소 수수료|cancellation fee
대회2|competition|축구 대회|soccer competition|대회에 참가하다|to participate in a competition
치약|toothpaste|치약을 짜다|to squeeze toothpaste|치약 한 개|one tube of toothpaste
인출기|ATM|현금 인출기|cash ATM|인출기에서 뽑다|to withdraw from ATM
만약|if|만약에 비가 오면|if it rains|만약 그렇다면|if that's the case
노트2|notebook|노트에 쓰다|to write in notebook|공책과 노트|textbook and notebook
송별회|farewell party|송별회를 열다|to hold farewell party|송별회에 참석하다|to attend farewell party
불편하다1|to be inconvenient|교통이 불편하다|transportation is inconvenient|불편한 시간|inconvenient time
노란색|yellow|노란색 꽃|yellow flower|노란색으로 칠하다|to paint yellow
소화제|digestive medicine|소화제를 먹다|to take digestive medicine|소화제 한 알|one digestive pill
기대하다|to expect|좋은 결과를 기대하다|to expect good results|많이 기대해요|I'm looking forward to it
칫솔|toothbrush|칫솔로 닦다|to brush with toothbrush|새 칫솔|new toothbrush
계약하다|to contract|집을 계약하다|to contract a house|계약서에 서명하다|to sign a contract
자연스럽다|to be natural|자연스러운 표현|natural expression|자연스럽게 말하다|to speak naturally
포도6|grape|포도를 먹다|to eat grapes|포도 한 송이|one bunch of grapes
배달시키다|to have delivered|피자를 배달시키다|to have pizza delivered|집으로 배달시키다|to have delivered home
발견되다|to be discovered|새로운 사실이 발견되다|new fact is discovered|문제가 발견되다|problem is discovered
공중전화|public phone|공중전화를 걸다|to make public phone call|공중전화 박스|public phone booth
버튼|button|버튼을 누르다|to press button|빨간 버튼|red button
트럼프|playing cards|트럼프를 치다|to play cards|트럼프 게임|card game
배부르다|to be full|배가 배부르다|stomach is full|배부르게 먹다|to eat until full
해산물|seafood|신선한 해산물|fresh seafood|해산물 요리|seafood dish
찾아보다|to look up|사전을 찾아보다|to look up in dictionary|인터넷에서 찾아보다|to search on the internet
샤워|shower|샤워를 하다|to take a shower|샤워실|shower room
늘|always|늘 바쁘다|always busy|늘 그렇다|always like that
우주2|universe|우주 과학|space science|우주선|spaceship
세탁기|washing machine|세탁기를 돌리다|to run the washing machine|세탁기가 고장나다|washing machine breaks down
택배|delivery service|택배로 보내다|to send by delivery|택배 기사|delivery person
함께하다|to be together|친구와 함께하다|to be with friends|여행을 함께하다|to travel together
도착1|arrival|도착 시간|arrival time|도착하다|to arrive
찌다1|to gain weight|살이 찌다|to gain weight|많이 쪘다|gained a lot of weight
상대4|opponent|강한 상대|strong opponent|상대방|the other party
쇼핑|shopping|쇼핑을 하다|to go shopping|쇼핑몰|shopping mall
순서|order|순서대로|in order|순서를 정하다|to decide the order
공격2|attack|공격하다|to attack|공격적이다|to be aggressive
짜다3|to be salty|음식이 짜다|food is salty|너무 짜다|too salty
항공권|airline ticket|항공권을 예약하다|to book airline ticket|항공권 가격|airline ticket price
도대체|on earth|도대체 뭐야|what on earth|도대체 왜|why on earth
초등학교|elementary school|초등학교 학생|elementary school student|초등학교를 졸업하다|to graduate from elementary school
마르다1|to be thin|몸이 마르다|to be thin|마른 사람|thin person
시선3|gaze|시선을 돌리다|to turn one's gaze|시선이 집중되다|attention is focused
공휴일|public holiday|공휴일에 쉬다|to rest on public holiday|공휴일 계획|public holiday plans
나흘|four days|나흘 동안|for four days|나흘째|fourth day
인하다1|to be due to|날씨 인하여|due to weather|사정상 인하여|due to circumstances
마흔|forty|마흔 살|forty years old|마흔이 되다|to turn forty
큰어머니|aunt|큰어머니 댁|aunt's house|큰어머니를 뵙다|to visit aunt
각1|each|각 나라|each country|각자 다르다|each is different
빨간색|red|빨간색 옷|red clothes|빨간색이 예쁘다|red is pretty
주머니|pocket|바지 주머니|pants pocket|주머니에 넣다|to put in pocket
그저|just|그저 그래요|just so-so|그저 기다리다|just wait
이9|two|이 개|two pieces|이 명|two people
휴학|leave of absence|휴학을 하다|to take leave|휴학 신청|leave application
서비스|service|좋은 서비스|good service|서비스를 받다|to receive service
스물|twenty|스물 살|twenty years old|스물 개|twenty pieces
미세|fine|미세먼지|fine dust|미세한 차이|fine difference
참여하다|to participate|회의에 참여하다|to participate in meeting|적극 참여하다|to actively participate
청바지|jeans|새 청바지|new jeans|청바지를 입다|to wear jeans
연세2|age|연세가 어떻게|how old are you|높은 연세|advanced age
주장3|claim|강한 주장|strong claim|주장을 하다|to make a claim
핸드폰|cell phone|새 핸드폰|new cell phone|핸드폰을 바꾸다|to change cell phone
졸리다1|to be sleepy|너무 졸리다|very sleepy|졸린 눈|sleepy eyes
즐기다1|to enjoy|여행을 즐기다|to enjoy travel|음악을 즐기다|to enjoy music
휴지통|trash can|휴지통에 버리다|to throw in trash|큰 휴지통|big trash can
새1|gap|문 새로|through door gap|틈 새로|through the gap
상처2|wound|깊은 상처|deep wound|상처가 나다|to get wounded
지우개|eraser|연필 지우개|pencil eraser|지우개로 지우다|to erase with eraser
배낭여행|backpacking|배낭여행을 가다|to go backpacking|유럽 배낭여행|Europe backpacking
논란|controversy|큰 논란|big controversy|논란이 되다|to become controversial
일본어|Japanese|일본어 공부|Japanese study|일본어를 배우다|to learn Japanese
선크림|sunscreen|선크림을 바르다|to apply sunscreen|좋은 선크림|good sunscreen
일으키다|to cause|사고를 일으키다|to cause accident|문제를 일으키다|to cause problems
갈비1|ribs|갈비탕|rib soup|소갈비|beef ribs
대다1|to put against|귀에 대다|to put to one's ear|전화를 대다|to answer the phone
강하다2|to be strong|강한 바람|strong wind|의지가 강하다|to have strong will
서른|thirty|서른 살|thirty years old|서른 번째|thirtieth
동네|neighborhood|우리 동네|our neighborhood|동네 친구|neighborhood friend
개인적|personal|개인적인 의견|personal opinion|개인적으로|personally
파란색|blue|파란색 하늘|blue sky|파란색 옷|blue clothes
계획표|schedule|여행 계획표|travel schedule|공부 계획표|study schedule
기능1|function|새로운 기능|new function|기능이 좋다|to have good function
여든|eighty|여든 살|eighty years old|여든 번째|eightieth
반지2|ring|결혼 반지|wedding ring|다이아몬드 반지|diamond ring
끌다|to pull|줄을 끌다|to pull a rope|관심을 끌다|to attract attention
일흔|seventy|일흔 살|seventy years old|일흔 번째|seventieth
붓다1|to swell|얼굴이 붓다|face swells|발이 붓다|feet swell
반드시|definitely|반드시 와야 해|must definitely come|반드시 필요하다|to be absolutely necessary
아이스크림|ice cream|바닐라 아이스크림|vanilla ice cream|아이스크림을 먹다|to eat ice cream
특급2|express|특급 열차|express train|특급 배송|express delivery
고생하다|to suffer|많이 고생하다|to suffer a lot|고생이 많다|to have many hardships
요리하다2|to cook|저녁을 요리하다|to cook dinner|맛있게 요리하다|to cook deliciously
막히다|to be blocked|길이 막히다|road is blocked|코가 막히다|nose is blocked
죽음1|death|죽음을 맞다|to face death|죽음이 두렵다|to fear death
다섯째|fifth|다섯째 아이|fifth child|다섯째 날|fifth day
후추|pepper|후추를 뿌리다|to sprinkle pepper|검은 후추|black pepper
노력하다1|to make effort|열심히 노력하다|to make earnest effort|노력이 필요하다|effort is needed
팔3|eight|팔 시|eight o'clock|팔 개|eight pieces
사흘|three days|사흘 동안|for three days|사흘 후에|after three days
지구3|district|상업 지구|commercial district|주거 지구|residential district
실례하다|to be rude|실례합니다|excuse me|실례했습니다|I was rude
마치다2|to finish|일을 마치다|to finish work|회의를 마치다|to finish a meeting
위치1|location|좋은 위치|good location|위치를 확인하다|to check the location
중국어|Chinese|중국어 공부|Chinese study|중국어를 배우다|to learn Chinese
착하다|to be kind|착한 사람|kind person|착하게 살다|to live kindly
깜짝2|with surprise|깜짝 놀라다|to be startled|깜짝 소리|startling sound
칠십|seventy|칠십 세|seventy years old|칠십 명|seventy people
빨갛다|to be red|빨간 사과|red apple|빨갛게 익다|to ripen red
벽6|wall|하얀 벽|white wall|벽에 걸다|to hang on the wall
사탕2|candy|사탕을 먹다|to eat candy|달콤한 사탕|sweet candy
경영학|business administration|경영학과|business administration department|경영학을 전공하다|to major in business administration
범인2|criminal|범인을 잡다|to catch the criminal|진짜 범인|real criminal
예순|sixty|예순 살|sixty years old|예순 번|sixty times
무척1|very|무척 좋다|very good|무척 바쁘다|very busy
결정하다1|to decide|결정을 내리다|to make a decision|빨리 결정하다|to decide quickly
오4|five|오 명|five people|오 시|five o'clock
고장1|region|시골 고장|rural region|고향 고장|hometown region
와인|wine|레드 와인|red wine|와인을 마시다|to drink wine
쉰|fifty|쉰 살|fifty years old|쉰 개|fifty pieces
-일|day|첫째 일|first day|마지막 일|last day
뻔하다1|to be obvious|뻔한 결과|obvious result|뻔히 알다|to know obviously
육십|sixty|육십 세|sixty years old|육십 점|sixty points
이상5|more than|열 명 이상|more than ten people|이상 없다|no problem
활용하다|to utilize|자료를 활용하다|to utilize materials|기술을 활용하다|to utilize technology
팔십|eighty|팔십 세|eighty years old|팔십 점|eighty points
똑똑하다|to be smart|똑똑한 학생|smart student|똑똑하게 행동하다|to act smartly
등장하다1|to appear|무대에 등장하다|to appear on stage|새로운 기술이 등장하다|new technology appears
저곳|that place|저곳이 학교다|that place is a school|저곳으로 가자|let's go to that place
낫다2|to be better|건강이 낫다|health is better|이게 더 낫다|this is better
포기하다1|to give up|꿈을 포기하다|to give up dreams|포기하지 마세요|don't give up
경복궁|Gyeongbokgung Palace|경복궁을 구경하다|to tour Gyeongbokgung|경복궁 근처|near Gyeongbokgung
삶다|to boil|달걀을 삶다|to boil eggs|물을 삶다|to boil water
이르다1|to arrive|일찍 이르다|to arrive early|목적지에 이르다|to arrive at destination
경주|Gyeongju|경주 여행|Gyeongju trip|경주에 가다|to go to Gyeongju
거의1|almost|거의 다 했어요|almost finished|거의 매일|almost every day
문화1|culture|한국 문화|Korean culture|문화를 배우다|to learn culture
구십|ninety|구십 세|ninety years old|구십 점|ninety points
길이1|length|길이를 재다|to measure length|적당한 길이|appropriate length
터지다|to burst|풍선이 터지다|balloon bursts|전쟁이 터지다|war breaks out
남대문|Namdaemun Gate|남대문을 구경하다|to see Namdaemun|남대문 근처|near Namdaemun
비밀번호|password|비밀번호를 입력하다|to enter password|비밀번호를 바꾸다|to change password
노력1|effort|노력을 하다|to make effort|노력이 필요하다|effort is needed
남대문시장|Namdaemun Market|남대문시장에서 쇼핑하다|to shop at Namdaemun Market|남대문시장 구경|touring Namdaemun Market
남성복|men's clothing|남성복 매장|men's clothing store|남성복을 사다|to buy men's clothing
쳐다보다|to stare at|하늘을 쳐다보다|to stare at the sky|사람을 쳐다보다|to stare at someone
독일|Germany|독일 여행|Germany trip|독일에 가다|to go to Germany
컴퓨터공학|computer science|컴퓨터공학을 전공하다|to major in computer science|컴퓨터공학과|computer science department
인정하다|to acknowledge|실수를 인정하다|to acknowledge mistakes|능력을 인정하다|to acknowledge ability
부산|Busan|부산 여행|Busan trip|부산에 가다|to go to Busan
봉투2|envelope|편지 봉투|letter envelope|봉투에 넣다|to put in an envelope
마법|magic|마법의 힘|magic power|마법을 부리다|to cast magic
서울역|Seoul Station|서울역에서 만나다|to meet at Seoul Station|서울역 근처|near Seoul Station
목걸이1|necklace|금 목걸이|gold necklace|목걸이를 하다|to wear a necklace
고민|worry|고민이 많다|to have many worries|고민을 하다|to worry
설악산|Seoraksan|설악산 등반|Seoraksan climbing|설악산에 가다|to go to Seoraksan
생수|bottled water|생수 한 병|a bottle of water|생수를 마시다|to drink bottled water
대한민국|Republic of Korea|대한민국 국민|Korean citizen|대한민국에 살다|to live in Korea
영국|United Kingdom|영국 여행|UK trip|영국에서 오다|to come from the UK
전공하다1|to major in|경제학을 전공하다|to major in economics|무엇을 전공하다|to major in what
분명1|clearly|분명히 말하다|to speak clearly|분명한 답|clear answer
인천|Incheon|인천 공항|Incheon Airport|인천에 살다|to live in Incheon
계좌2|account|은행 계좌|bank account|계좌를 만들다|to open an account
관리1|management|시설 관리|facility management|관리를 하다|to manage
제주도|Jeju Island|제주도 여행|Jeju Island trip|제주도에 가다|to go to Jeju Island
인사동|Insadong|인사동 구경|sightseeing in Insadong|인사동에서 쇼핑|shopping in Insadong
공개하다|to reveal|정보를 공개하다|to reveal information|비밀을 공개하다|to reveal a secret
캐나다|Canada|캐나다 여행|Canada trip|캐나다에서 오다|to come from Canada
유행이다|to be trendy|요즘 유행이다|to be trendy these days|유행인 옷|trendy clothes
드러나다|to be revealed|진실이 드러나다|the truth is revealed|문제가 드러나다|problems are revealed
한강|Han River|한강 공원|Han River Park|한강에서 놀다|to play at Han River
할인1|discount|할인 가격|discount price|할인을 받다|to get a discount
리2|village|우리 리|our village|리 사무소|village office
등5|etc.|책, 연필 등|books, pencils, etc.|과일 등을 사다|to buy fruits, etc.
이삿짐|moving luggage|이삿짐을 싸다|to pack moving items|이삿짐 센터|moving company
실력2|ability|실력을 기르다|to develop skills|실력이 부족하다|to lack ability
사회7|society|사회 문제|social problem|사회에 나가다|to enter society
섬3|island|작은 섬|small island|섬에 가다|to go to an island
해외|overseas|해외 여행|overseas travel|해외에 살다|to live overseas
그런1|such|그런 사람|such a person|그런 일|such a thing
바르다1|to apply|벽지를 바르다|to apply wallpaper|풀을 바르다|to apply glue
핵심|core|핵심 내용|core content|핵심을 파악하다|to grasp the essence
데1|place|갈 데가 없다|nowhere to go|올 데가 있다|there's a reason to come
법학|law studies|법학과|law department|법학을 전공하다|to major in law
시리즈|series|드라마 시리즈|drama series|시리즈물|series work
통하다|to go through|길이 통하다|the road goes through|전화가 통하다|the phone connects
사고12|accident|교통 사고|traffic accident|사고가 나다|an accident occurs
그치|only|비가 그치다|the rain stops|말만 그치다|to only talk
사실4|fact|사실을 말하다|to tell the truth|사실은|actually
광화문|Gwanghwamun|광화문 광장|Gwanghwamun Square|광화문에서 만나다|to meet at Gwanghwamun
사용4|use|사용법|usage method|사용을 금지하다|to prohibit use
점10|point|좋은 점|good point|점수를 받다|to receive points
항공편|flight|국제 항공편|international flight|항공편을 예약하다|to book a flight
놀랍다|to be surprising|놀라운 소식|surprising news|놀랍게도|surprisingly
의하다1|to depend on|법에 의하다|to depend on law|규칙에 의하다|to follow rules
무료1|free of charge|무료 서비스|free service|무료로 제공하다|to provide for free
르|to|하느냐 마느냐|whether to do or not|가느냐 마느냐|whether to go or not
시대2|era|새로운 시대|new era|시대가 변하다|times change
다림질하다|to iron|옷을 다림질하다|to iron clothes|다림질이 필요하다|ironing is needed
가만히|quietly|가만히 있다|to stay still|가만히 듣다|to listen quietly
이러하다|to be like this|이러한 상황|this kind of situation|이러하게 되다|to become like this
변비약|constipation medicine|변비약을 먹다|to take constipation medicine|변비약을 사다|to buy constipation medicine
조용히|quietly|조용히 말하다|to speak quietly|조용히 걷다|to walk quietly
자기4|oneself|자기 일|one's own work|자기 집|one's own house
체크카드|debit card|체크카드로 결제|payment by debit card|체크카드를 만들다|to make a debit card
성공1|success|성공의 비결|secret of success|성공을 거두다|to achieve success
가지4|kind|한 가지|one kind|여러 가지|various kinds
빌려주다|to lend|책을 빌려주다|to lend a book|돈을 빌려주다|to lend money
살1|flesh|살을 빼다|to lose weight|살이 찌다|to gain weight
보이다2|to show|길을 보이다|to show the way|모습을 보이다|to show one's appearance
통장2|bankbook|통장을 만들다|to open a bank account|통장에 입금하다|to deposit in the account
강조하다|to emphasize|중요성을 강조하다|to emphasize importance|다시 강조하다|to emphasize again
경제4|economy|경제 발전|economic development|경제가 어렵다|the economy is difficult
의학2|medicine|의학을 공부하다|to study medicine|의학 발전|medical advancement
훌륭하다|to be excellent|훌륭한 사람|excellent person|훌륭하게 해내다|to do excellently
예술|art|예술 작품|work of art|예술을 사랑하다|to love art
유학4|studying abroad|유학을 가다|to go study abroad|유학 생활|life studying abroad
다가오다|to approach|시간이 다가오다|time approaches|천천히 다가오다|to approach slowly
밝히다|to reveal|사실을 밝히다|to reveal the truth|비밀을 밝히다|to reveal a secret
키우다|to raise|아이를 키우다|to raise a child|식물을 키우다|to grow plants
평생|lifetime|평생 친구|lifelong friend|평생 동안|throughout one's lifetime
이미1|already|이미 끝났다|already finished|이미 알고 있다|already know
핸드백|handbag|핸드백을 들다|to carry a handbag|예쁜 핸드백|pretty handbag
부탁하다|to ask|도움을 부탁하다|to ask for help|부탁이 있다|to have a favor to ask
정치3|politics|정치인|politician|정치적 문제|political issue
프라이팬|frying pan|프라이팬에 굽다|to fry in a pan|새 프라이팬|new frying pan
당|party|정당|political party|당원|party member
연구3|research|연구 결과|research results|연구를 하다|to do research
배낭|backpack|배낭여행|backpack travel|배낭을 메다|to carry a backpack
짓1|deed|나쁜 짓|bad deed|좋은 짓|good deed
또한|also|또한 중요하다|also important|또한 필요하다|also necessary
습하다|to be humid|날씨가 습하다|the weather is humid|습한 여름|humid summer
정책|policy|정부 정책|government policy|새로운 정책|new policy
또는|or|커피 또는 차|coffee or tea|오늘 또는 내일|today or tomorrow
우표|stamp|우표를 붙이다|to attach a stamp|우표 수집|stamp collecting
잘되다|to go well|일이 잘되다|things go well|잘된 일|something that went well
글|writing|글을 쓰다|to write|좋은 글|good writing
오랜만이다|it's been a long time|오랜만이에요|it's been a long time|오랜만에 만나다|to meet after a long time
보도하다2|to report|뉴스를 보도하다|to report news|사건을 보도하다|to report an incident
두다1|to put|책상에 두다|to put on the desk|마음에 두다|to keep in mind
-박|nights|2박 3일|2 nights 3 days|1박 2일|1 night 2 days
브랜드|brand|유명한 브랜드|famous brand|브랜드 제품|brand product
문학1|literature|한국 문학|Korean literature|문학 작품|literary work
시골|countryside|시골에 살다|to live in the countryside|시골 마을|rural village
확2|definitely|확 달라지다|to change dramatically|확 좋아지다|to improve dramatically
지방5|region|지방 정부|regional government|지방에 가다|to go to the provinces
시설3|facility|운동 시설|sports facility|편의 시설|convenience facilities
평가3|evaluation|성과 평가|performance evaluation|평가를 받다|to be evaluated
관하다2|to be related to|~에 관하다|to be related to|~에 관한 책|book about
다지다|to chop finely|마늘을 다지다|to chop garlic|양파를 다지다|to chop onions
목숨|life|목숨을 구하다|to save a life|목숨이 위험하다|life is in danger
나누다|to divide|의견을 나누다|to share opinions|돈을 나누다|to divide money
물고기|fish|물고기를 잡다|to catch fish|물고기가 헤엄치다|fish swim
무릎|knee|무릎을 꿇다|to kneel down|무릎이 아프다|knee hurts
애2|child|애가 울다|child cries|애를 돌보다|to take care of a child
종일1|all day|종일 일하다|to work all day|종일 비가 오다|it rains all day
박사1|doctor|박사 학위|doctoral degree|박사가 되다|to become a doctor
광고2|advertisement|광고를 보다|to watch an ad|광고를 만들다|to make an advertisement
자동1|automatic|자동 문|automatic door|자동으로 작동하다|to operate automatically
숫자|number|숫자를 세다|to count numbers|숫자가 크다|the number is big
이루다1|to achieve|꿈을 이루다|to achieve a dream|목표를 이루다|to accomplish a goal
상품3|product|상품을 판매하다|to sell products|상품이 인기다|the product is popular
옮기다|to move|짐을 옮기다|to move luggage|자리를 옮기다|to change seats
민족|nation|한민족|Korean people|민족 문화|national culture
조카|nephew/niece|조카를 돌보다|to take care of nephew|조카가 방문하다|nephew visits
마스크|mask|마스크를 쓰다|to wear a mask|마스크를 벗다|to take off a mask
간10|between|서울과 부산 간|between Seoul and Busan|두 도시 간|between two cities
기름1|oil|기름을 붓다|to pour oil|기름이 떨어지다|to run out of oil
외4|outside|집 외|outside the house|학교 외|outside school
조사30|survey|조사를 하다|to conduct a survey|조사 결과|survey results
주방용품|kitchen utensils|주방용품을 사다|to buy kitchen utensils|주방용품 가게|kitchen utensil store
당황하다|to be flustered|갑자기 당황하다|to suddenly be flustered|당황한 표정|flustered expression
그대로|as it is|그대로 두다|to leave as it is|그대로 따라하다|to follow exactly
외삼촌|maternal uncle|외삼촌 댁|uncle's house|외삼촌을 만나다|to meet maternal uncle
잘못하다|to do wrong|잘못한 일|something done wrong|잘못했어요|I did wrong
줄4|way|하는 줄 알다|to think that|모르는 줄|not knowing that
모이다1|to gather|사람들이 모이다|people gather|한곳에 모이다|to gather in one place
미소5|smile|미소를 짓다|to smile|따뜻한 미소|warm smile
년대|decade|90년대|the 90s|어느 년대|which decade
그치다|to stop|비가 그치다|rain stops|울음을 그치다|to stop crying
그만하다|to be enough|이제 그만하다|that's enough now|공부는 그만하자|let's stop studying
과학|science|과학 기술|science technology|과학자가 되다|to become a scientist
음료|beverage|시원한 음료|cold beverage|음료를 마시다|to drink a beverage
성격2|personality|좋은 성격|good personality|성격이 급하다|to have an impatient personality
자연1|nature|자연 환경|natural environment|자연을 보호하다|to protect nature
신문사|newspaper company|대형 신문사|major newspaper company|신문사에서 일하다|to work at a newspaper company
확인되다|to be confirmed|사실이 확인되다|facts are confirmed|결과가 확인되다|results are confirmed
터2|place|놀이터|playground|주차할 터|place to park
실내|indoor|실내 온도|indoor temperature|실내에서 운동하다|to exercise indoors
최초|first time|최초의 시도|first attempt|최초로 성공하다|to succeed for the first time
일부2|part|일부 지역|some areas|일부만 완성하다|to complete only part
퇴근하다|to leave work|일찍 퇴근하다|to leave work early|퇴근 시간|time to leave work
죄3|sin|큰 죄|big sin|죄를 짓다|to commit a sin
세기3|century|21세기|21st century|새로운 세기|new century
유턴|U-turn|유턴 금지|no U-turn|유턴을 하다|to make a U-turn
쏟아지다|to pour down|비가 쏟아지다|rain pours down|눈물이 쏟아지다|tears pour down
발전1|development|경제 발전|economic development|기술이 발전하다|technology develops
현관1|entrance|현관문|entrance door|현관에서 신발을 벗다|to take off shoes at the entrance
닮다|to resemble|아버지를 닮다|to resemble father|서로 닮은 형제|brothers who resemble each other
향하다|to head toward|집으로 향하다|to head home|목표를 향하다|to aim for a goal
배추1|napa cabbage|배추 김치|napa cabbage kimchi|배추를 심다|to plant napa cabbage
목적3|purpose|여행 목적|travel purpose|목적을 달성하다|to achieve a purpose
분위기|atmosphere|좋은 분위기|good atmosphere|분위기가 어색하다|the atmosphere is awkward
앨범|album|사진 앨범|photo album|앨범을 발표하다|to release an album
제공하다2|to provide|서비스를 제공하다|to provide service|정보를 제공하다|to provide information
그러하다|to be so|그러한 경우|such a case|그러하지 않다|it is not so
떠들다1|to chatter|시끄럽게 떠들다|to chatter noisily|아이들이 떠들다|children chatter
온라인|online|온라인 쇼핑|online shopping|온라인으로 주문하다|to order online
우선2|first|우선 해보자|let's try first|우선 순위|priority
스포츠용품|sports equipment|스포츠용품 가게|sports equipment store|스포츠용품을 사다|to buy sports equipment
집중하다2|to concentrate|공부에 집중하다|to concentrate on studying|집중해서 듣다|to listen with concentration
낳다1|to give birth|아이를 낳다|to give birth to a child|새끼를 낳다|to give birth to offspring
분홍색|pink|분홍색 옷|pink clothes|분홍색으로 칠하다|to paint pink
포함하다2|to include|세금을 포함하다|to include tax|모든 것을 포함하다|to include everything
열리다2|to open|문이 열리다|the door opens|가게가 열리다|the store opens
채소|vegetables|신선한 채소|fresh vegetables|채소를 기르다|to grow vegetables
박수2|applause|박수를 치다|to clap|큰 박수|loud applause
예8|example|좋은 예|good example|예를 들다|to give an example
깨다1|to wake up|잠이 깨다|to wake up|술이 깨다|to sober up
때리다1|to hit|공을 때리다|to hit a ball|문을 때리다|to knock on the door
흐르다1|to flow|물이 흐르다|water flows|시간이 흐르다|time passes
-세|years old|스무 세|twenty years old|몇 세|how old
에이|hey|에이 정말|hey really|에이 괜찮아|hey it's okay
조건2|condition|좋은 조건|good condition|조건을 만족하다|to meet conditions
연기하다1|to postpone|회의를 연기하다|to postpone a meeting|연기된 일정|postponed schedule
펼치다|to unfold|지도를 펼치다|to unfold a map|날개를 펼치다|to spread wings
어리다3|to be young|어린 아이|young child|너무 어리다|too young
무게|weight|무게를 재다|to weigh|가벼운 무게|light weight
개발|development|신제품 개발|new product development|개발 계획|development plan
단체2|group|학생 단체|student group|단체 여행|group trip
출판사|publisher|유명한 출판사|famous publisher|출판사에서 일하다|to work at a publisher
심각하다2|to be serious|심각한 문제|serious problem|상황이 심각하다|the situation is serious
돌리다4|to spin|팽이를 돌리다|to spin a top|바퀴를 돌리다|to turn a wheel
단순하다|to be simple|단순한 방법|simple method|생각이 단순하다|thinking is simple
출연진|cast|영화 출연진|movie cast|주요 출연진|main cast
모으다|to collect|돈을 모으다|to save money|사람들을 모으다|to gather people
노랗다|to be yellow|노란 꽃|yellow flower|노랗게 물들다|to turn yellow
배터리|battery|휴대폰 배터리|phone battery|배터리가 없다|battery is dead
지난해|last year|지난해 여름|last year's summer|지난해 성과|last year's results
매달|every month|매달 만나다|to meet every month|매달 지불하다|to pay monthly
남성1|male|성인 남성|adult male|남성 의류|men's clothing
과거3|past|과거의 일|past events|과거를 잊다|to forget the past
연초|beginning of year|연초 계획|beginning of year plan|연초부터|from the beginning of the year
공기6|air|신선한 공기|fresh air|공기가 좋다|the air is good
현대1|modern times|현대 사회|modern society|현대적인 건물|modern building
해변|beach|아름다운 해변|beautiful beach|해변에서 놀다|to play at the beach
닿다1|to reach|손이 닿다|hand reaches|목표에 닿다|to reach the goal
시절1|time period|어린 시절|childhood|좋은 시절|good times
입학하다|to enter school|대학에 입학하다|to enter university|입학 시험|entrance exam
종류2|type|음식 종류|types of food|여러 종류|various types
개인2|individual|개인 정보|personal information|개인적으로|personally
걸레질하다|to mop|바닥을 걸레질하다|to mop the floor|걸레질을 하다|to do mopping
치료|treatment|병원 치료|hospital treatment|치료를 받다|to receive treatment
근데1|but|근데 말이야|but you know|근데 왜|but why
잡채|japchae|잡채를 만들다|to make japchae|맛있는 잡채|delicious japchae
벗어나다|to escape|위험에서 벗어나다|to escape from danger|틀에서 벗어나다|to break out of the mold
불교|Buddhism|불교 신자|Buddhist believer|불교 문화|Buddhist culture
을지로입구역|Euljiro 1-ga Station|을지로입구역에서|at Euljiro 1-ga Station|을지로입구역까지|to Euljiro 1-ga Station
그룹1|group|음악 그룹|music group|그룹 활동|group activity
바라다1|to wish|행복을 바라다|to wish for happiness|건강을 바라다|to wish for health
날씬하다|to be slim|날씬한 몸매|slim figure|날씬해 보이다|to look slim
불안하다|to be anxious|마음이 불안하다|to feel anxious|불안한 기분|anxious feeling
나타내다|to show|감정을 나타내다|to show emotions|의견을 나타내다|to express an opinion
왕복|round trip|왕복 티켓|round trip ticket|왕복 2시간|2 hours round trip
보도4|news report|뉴스 보도|news report|보도에 따르면|according to reports
소설3|novel|장편 소설|full-length novel|소설을 읽다|to read a novel
유치원|kindergarten|유치원 선생님|kindergarten teacher|유치원에 다니다|to attend kindergarten
요구하다|to demand|임금 인상을 요구하다|to demand a wage increase|설명을 요구하다|to demand an explanation
질서3|order|교통 질서|traffic order|질서를 지키다|to maintain order
빌딩|building|높은 빌딩|tall building|사무용 빌딩|office building
범죄|crime|강력 범죄|violent crime|범죄를 저지르다|to commit a crime
시민|citizen|시민의 권리|citizens' rights|시민 단체|civic organization
목이|neck|목이 아프다|neck hurts|목이 마르다|to be thirsty
유지하다2|to maintain|건강을 유지하다|to maintain health|관계를 유지하다|to maintain a relationship
이날|this day|이날 오후에|this afternoon|이날 저녁|this evening
동호회|club|동호회 활동|club activities|동호회에 가입하다|to join a club
피부2|skin|피부가 좋다|to have good skin|피부 관리|skin care
제대로|properly|제대로 하다|to do properly|제대로 안 돼요|it's not working properly
까맣다|to be black|까만 머리|black hair|까맣게 타다|to be burned black
좋아지다|to get better|날씨가 좋아지다|the weather gets better|성적이 좋아지다|grades improve
벌이다|to earn|돈을 벌이다|to earn money|생계를 벌이다|to make a living
직진|straight ahead|직진하세요|go straight|직진 신호|straight signal
관련되다|to be related|일과 관련되다|to be work-related|건강과 관련되다|to be health-related
한편|meanwhile|한편으로는|on one hand|한편 그는|meanwhile he
결석하다|to be absent|수업을 결석하다|to be absent from class|결석이 많다|to have many absences
존재하다|to exist|문제가 존재하다|problems exist|실제로 존재하다|to actually exist
주로1|mainly|주로 학생들|mainly students|주로 사용하다|to mainly use
디자인|design|디자인이 좋다|good design|디자인을 하다|to design
이기다1|to win|경기에서 이기다|to win a game|적을 이기다|to defeat the enemy
통일2|unification|남북 통일|North-South unification|통일을 원하다|to want unification
지각하다|to be late|수업에 지각하다|to be late for class|지각이 잦다|to be frequently late
살아가다|to live|열심히 살아가다|to live diligently|함께 살아가다|to live together
들어서다|to enter|집에 들어서다|to enter the house|문을 들어서다|to step through the door
스크린도어|screen door|지하철 스크린도어|subway screen door|스크린도어가 열리다|screen door opens
에너지|energy|에너지를 절약하다|to save energy|에너지가 부족하다|to lack energy
대신3|substitute|대신 선생님|substitute teacher|대신 일하다|to work as a substitute
예약석|reserved seat|예약석을 잡다|to book a reserved seat|예약석 번호|reserved seat number
정리9|organization|책상 정리|desk organization|정리를 하다|to organize
군5|military|군에 가다|to go to the military|군 복무|military service
두통|headache|두통이 심하다|to have a severe headache|두통약을 먹다|to take headache medicine
도5|degree|영하 10도|minus 10 degrees|온도가 높다|the temperature is high
재산|property|재산을 모으다|to accumulate wealth|재산이 많다|to have a lot of property
자1|ruler|자로 재다|to measure with a ruler|30센티미터 자|30-centimeter ruler
기록하다|to record|일기를 기록하다|to record a diary|기록해 두다|to keep a record
약간|slightly|약간 춥다|slightly cold|약간의 시간|a little time
닷새|five days|닷새 동안|for five days|닷새째 되는 날|the fifth day
정하다3|to decide|날짜를 정하다|to set a date|규칙을 정하다|to establish rules
약3|about|약 10분|about 10 minutes|약 100명|about 100 people
서명하다1|to sign|계약서에 서명하다|to sign a contract|서명을 받다|to get a signature
진행2|progress|회의 진행|meeting progress|진행 상황|progress status
기간7|period|계약 기간|contract period|기간이 길다|the period is long
팩스|fax|팩스를 보내다|to send a fax|팩스 번호|fax number
버티다|to endure|끝까지 버티다|to endure until the end|추위를 버티다|to endure the cold
공장2|factory|자동차 공장|car factory|공장에서 일하다|to work at a factory
영하|below zero|영하 5도|5 degrees below zero|영하로 떨어지다|to drop below zero
한마디|one word|한마디 말|one word|한마디로 말하면|in a word
변하다|to change|날씨가 변하다|the weather changes|마음이 변하다|one's mind changes
렌터카|rental car|렌터카를 빌리다|to rent a car|렌터카 회사|rental car company
숨다1|to hide|나무 뒤에 숨다|to hide behind a tree|숨어 있다|to be hiding
그래도|still|그래도 괜찮다|it's still okay|그래도 좋아요|I still like it
이태원역|Itaewon Station|이태원역에서 만나다|to meet at Itaewon Station|이태원역 근처|near Itaewon Station
업체|company|건설 업체|construction company|업체를 선택하다|to choose a company
쌀|rice|쌀을 씻다|to wash rice|쌀 한 포대|one bag of rice
급하다|to be urgent|일이 급하다|the work is urgent|급한 용무|urgent business
교장3|principal|교장 선생님|principal teacher|교장실에 가다|to go to the principal's office
일반2|general|일반적으로|generally|일반 사람들|ordinary people
마음에|to one's liking|마음에 들다|to like|마음에 안 들어요|I don't like it
쌓이다|to accumulate|눈이 쌓이다|snow accumulates|경험이 쌓이다|experience accumulates
도움|help|도움이 필요해요|I need help|도움을 주다|to give help
수영복|swimsuit|수영복을 입다|to wear a swimsuit|새 수영복|new swimsuit
놓치다|to miss|기회를 놓치다|to miss an opportunity|버스를 놓치다|to miss the bus
가정6|family|가정생활|family life|행복한 가정|happy family
심하다|to be severe|감기가 심하다|the cold is severe|심한 통증|severe pain
유럽|Europe|유럽 여행|Europe trip|유럽 국가들|European countries
빠지다2|to fall into|물에 빠지다|to fall into water|구멍에 빠지다|to fall into a hole
된장|soybean paste|된장찌개|soybean paste stew|된장을 넣다|to add soybean paste
흔들다|to shake|머리를 흔들다|to shake one's head|나무가 흔들리다|the tree shakes
오늘날|nowadays|오늘날 사회|today's society|오늘날에는|nowadays
꽂다|to insert|꽃을 꽂다|to arrange flowers|플러그를 꽂다|to plug in
안전하다|to be safe|안전한 곳|safe place|안전하게 가세요|go safely
농업|agriculture|농업 기술|agricultural technology|농업에 종사하다|to work in agriculture
들어주다|to listen to|부탁을 들어주다|to grant a request|말을 들어주다|to listen to someone
관계자|person concerned|관계자 회의|meeting of concerned parties|관계자만 출입|authorized personnel only
경기11|game|축구 경기|soccer game|경기를 보다|to watch a game
볶다|to stir-fry|김치를 볶다|to stir-fry kimchi|볶은 밥|fried rice
봐주다|to look after|아이를 봐주다|to look after a child|좀 봐주세요|please take care of it
태도3|attitude|좋은 태도|good attitude|태도를 바꾸다|to change one's attitude
해외여행|overseas travel|해외여행을 가다|to go on overseas travel|해외여행 경험|overseas travel experience
인물|person|유명한 인물|famous person|역사적 인물|historical figure
주위2|surroundings|주위를 둘러보다|to look around|주위 사람들|people around
출석하다|to attend|수업에 출석하다|to attend class|출석을 확인하다|to check attendance
수고하다1|to work hard|수고 많으셨어요|thank you for your hard work|수고하고 있다|to be working hard
그만2|enough|그만 하세요|that's enough|그만 먹어라|stop eating
성함|name|성함이 어떻게|what is your name|성함을 알려주세요|please tell me your name
찾아가다|to visit|친구를 찾아가다|to visit a friend|병원을 찾아가다|to go to the hospital
어쩌다1|to happen|어쩌다 보니|it happened that|어쩌다 만났어요|we happened to meet
마트|mart|대형 마트|large mart|마트에서 쇼핑|shopping at the mart
형태|form|다양한 형태|various forms|형태를 바꾸다|to change form
재료1|ingredient|요리 재료|cooking ingredients|재료를 준비하다|to prepare ingredients
파랗다|to be blue|파란 하늘|blue sky|파랗게 보이다|to look blue
앞두다|to face|시험을 앞두다|to face an exam|졸업을 앞두고|before graduation
각각1|each|각각 다르다|each is different|각각의 특징|each characteristic
서류2|documents|필요한 서류|necessary documents|서류를 제출하다|to submit documents
어찌|how|어찌 된 일인지|how it happened|어찌 그럴 수가|how could that be
자유3|freedom|자유로운 생활|free life|자유를 누리다|to enjoy freedom
동해|East Sea|동해 바다|East Sea|동해안 지역|East Sea coastal area
수도권|metropolitan area|수도권 지역|metropolitan area|수도권 인구|metropolitan population
책임|responsibility|책임을 지다|to take responsibility|책임감이 강하다|to have strong responsibility
저울1|scale|저울로 재다|to weigh with a scale|전자 저울|electronic scale
비롯하다|to begin with|가족을 비롯해서|beginning with family|친구들을 비롯한|including friends
아니2|no|아니, 그게 아니야|no, that's not it|아니 정말|no really
이전3|before|이전보다 좋다|better than before|이전 경험|previous experience
바3|thing|할 바를 모르다|not know what to do|갈 바를 잃다|to lose direction
자라다1|to grow|키가 자라다|to grow tall|건강하게 자라다|to grow up healthy
주차4|parking|주차 공간|parking space|주차를 하다|to park
실수1|mistake|실수를 하다|to make a mistake|작은 실수|small mistake
구체적|specific|구체적인 계획|specific plan|구체적으로 말하다|to speak specifically
홈페이지|homepage|회사 홈페이지|company homepage|홈페이지를 방문하다|to visit the homepage
곳곳|everywhere|곳곳에 있다|to be everywhere|나라 곳곳|throughout the country
지구4|Earth|지구 온난화|global warming|지구를 보호하다|to protect the Earth
매다1|to tie|끈을 매다|to tie a string|신발끈을 매다|to tie shoelaces
곡2|song|좋아하는 곡|favorite song|새로운 곡|new song
소비자|consumer|소비자 권리|consumer rights|소비자를 보호하다|to protect consumers
여행자|traveler|외국인 여행자|foreign traveler|여행자 보험|travel insurance
고통|pain|심한 고통|severe pain|고통을 받다|to suffer pain
말11|end|월말까지|until the end of the month|연말 파티|year-end party
노선도|route map|지하철 노선도|subway route map|버스 노선도|bus route map
생각나다|to come to mind|갑자기 생각나다|to suddenly remember|이름이 생각나다|to remember the name
노동자|worker|공장 노동자|factory worker|노동자의 권리|workers' rights
운동복|sportswear|운동복을 입다|to wear sportswear|새 운동복|new sportswear
전7|all|전 국민|all citizens|전 세계|the whole world
맞다2|to greet|손님을 맞다|to greet a guest|공항에서 맞다|to meet at the airport
콧물|runny nose|콧물이 나다|to have a runny nose|콧물을 닦다|to wipe one's nose
바보|fool|바보 같다|to be foolish|바보야!|You fool!
별로1|not particularly|별로 좋지 않다|not particularly good|별로 안 좋아해요|I don't like it much
그만두다|to quit|일을 그만두다|to quit work|담배를 그만두다|to quit smoking
약하다1|to be weak|몸이 약하다|to be physically weak|의지가 약하다|to have weak willpower
대중2|the public|대중 교통|public transportation|대중의 관심|public interest
남기다|to leave|음식을 남기다|to leave food|메시지를 남기다|to leave a message
당하다1|to suffer|피해를 당하다|to suffer damage|사기를 당하다|to be deceived
각종|various kinds|각종 문제|various problems|각종 행사|various events
졸다1|to doze|수업 중에 졸다|to doze during class|졸면서 듣다|to listen while dozing
주민|resident|지역 주민|local resident|주민들이 반대하다|residents oppose
특징|characteristic|주요 특징|main characteristic|특징을 설명하다|to explain characteristics
만화10|cartoon|만화를 그리다|to draw cartoons|일본 만화|Japanese cartoon
심장2|heart|심장이 뛰다|heart beats|심장 수술|heart surgery
마련하다|to prepare|계획을 마련하다|to prepare a plan|자리를 마련하다|to arrange a seat
갈아입다|to change clothes|옷을 갈아입다|to change clothes|새 옷으로 갈아입다|to change into new clothes
기온|temperature|기온이 오르다|temperature rises|오늘 기온|today's temperature
기본|basic|기본 원칙|basic principle|기본적으로|basically
편도|one way|편도 티켓|one-way ticket|편도 요금|one-way fare
잘못되다|to go wrong|계획이 잘못되다|plan goes wrong|잘못된 정보|wrong information
사라지다|to disappear|흔적이 사라지다|traces disappear|기억에서 사라지다|to disappear from memory
토픽|TOPIK|토픽 시험|TOPIK exam|토픽 준비|TOPIK preparation
편4|gust|바람이 부는 편|windy side|한쪽 편|one side
관리4|management|시설 관리|facility management|관리를 맡다|to take charge of management
만화책|comic book|만화책을 읽다|to read comic books|재미있는 만화책|interesting comic book
기쁘다|to be happy|소식을 듣고 기쁘다|happy to hear news|기쁜 마음|happy heart
달리다4|to gallop|말을 달리다|to gallop a horse|빠르게 달리다|to gallop fast
그립다|to miss|고향이 그립다|to miss hometown|친구가 그립다|to miss friends
연결하다1|to connect|전화를 연결하다|to connect a call|인터넷에 연결하다|to connect to internet
국제2|international|국제 회의|international conference|국제적으로|internationally
그렇게|like that|그렇게 하다|to do like that|그렇게 말하다|to say like that
중간1|middle|중간 지점|middle point|중간에 멈추다|to stop in the middle
전통6|tradition|전통 문화|traditional culture|전통을 지키다|to preserve tradition
데려오다|to bring|아이를 데려오다|to bring a child|친구를 데려오다|to bring a friend
구매하다|to purchase|온라인으로 구매하다|to purchase online|상품을 구매하다|to purchase goods
기르다|to raise|아이를 기르다|to raise a child|식물을 기르다|to grow plants
관광2|tourism|관광 여행|tourism trip|관광지를 방문하다|to visit tourist spots
전망3|prospect|미래 전망|future prospects|경제 전망|economic outlook
조사하다12|to investigate|사건을 조사하다|to investigate a case|자료를 조사하다|to research data
세일하다|to have a sale|옷을 세일하다|to put clothes on sale|대폭 세일하다|to have a big sale
일부러|on purpose|일부러 늦다|to be late on purpose|일부러 그러다|to do it intentionally
커다랗다|to be huge|커다란 집|huge house|커다랗게 자라다|to grow very big
한약|herbal medicine|한약을 먹다|to take herbal medicine|한약을 짓다|to prepare herbal medicine
줄어들다|to decrease|인구가 줄어들다|population decreases|수입이 줄어들다|income decreases
시인10|poet|유명한 시인|famous poet|시인이 되다|to become a poet
붓다2|to pour|물을 붓다|to pour water|차를 붓다|to pour tea
정20|affection|정이 많다|to be affectionate|정을 주다|to show affection
줄이다|to reduce|비용을 줄이다|to reduce costs|시간을 줄이다|to reduce time
직장5|workplace|직장 생활|work life|직장을 구하다|to find a job
공식1|formula|수학 공식|mathematical formula|공식을 외우다|to memorize a formula
달라지다|to change|상황이 달라지다|situation changes|생각이 달라지다|thoughts change
연휴2|consecutive holidays|긴 연휴|long holiday|연휴 계획|holiday plans
피해1|damage|태풍 피해|typhoon damage|피해를 입다|to suffer damage
통신1|communication|무선 통신|wireless communication|통신 기술|communication technology
거실2|living room|넓은 거실|spacious living room|거실에서 쉬다|to rest in the living room
현상4|phenomenon|자연 현상|natural phenomenon|사회 현상|social phenomenon
모임1|gathering|친구 모임|friend gathering|정기 모임|regular meeting
달리다1|to hang|문에 달리다|to hang on the door|벽에 달리다|to hang on the wall
공주1|princess|공주님|princess|공주 이야기|princess story
기계7|machine|기계를 작동하다|to operate a machine|기계가 고장나다|machine breaks down
베란다|veranda|베란다에서 쉬다|to rest on the veranda|베란다 문|veranda door
충분하다1|to be sufficient|시간이 충분하다|time is sufficient|충분한 준비|sufficient preparation
아나운서|announcer|뉴스 아나운서|news announcer|아나운서가 되다|to become an announcer
공상|fantasy|공상을 하다|to fantasize|공상 과학|science fiction
깔끔하다|to be neat|깔끔한 옷차림|neat appearance|깔끔하게 정리하다|to organize neatly
펴다|to spread|책을 펴다|to open a book|이불을 펴다|to spread a blanket
부장7|department head|영업 부장|sales manager|부장님께 보고하다|to report to the manager
공연2|performance|음악 공연|music performance|공연을 보다|to watch a performance
종교|religion|종교를 믿다|to believe in religion|종교적 신념|religious belief
부끄럽다|to be embarrassed|부끄러운 실수|embarrassing mistake|부끄러워하다|to feel embarrassed
각자2|each|각자 준비하다|each prepare|각자의 의견|each person's opinion
이해6|understanding|이해가 빠르다|quick understanding|상호 이해|mutual understanding
당기다1|to pull|문을 당기다|to pull the door|줄을 당기다|to pull the rope
원인2|cause|사고 원인|cause of accident|원인을 찾다|to find the cause
혹은|or|커피 혹은 차|coffee or tea|오늘 혹은 내일|today or tomorrow
신청서|application form|신청서를 작성하다|to fill out application|입학 신청서|admission application
인터뷰|interview|취업 인터뷰|job interview|인터뷰를 하다|to conduct an interview
편9|episode|첫 번째 편|first episode|다음 편|next episode
여의도역|Yeouido Station|여의도역에서 만나다|to meet at Yeouido Station|여의도역 출구|Yeouido Station exit
발표1|presentation|발표를 하다|to give a presentation|연구 발표|research presentation
보호1|protection|환경 보호|environmental protection|보호를 받다|to receive protection
기침1|cough|기침이 나다|to cough|기침 소리|coughing sound
비교하다|to compare|가격을 비교하다|to compare prices|두 제품을 비교하다|to compare two products
이웃|neighbor|이웃집|neighbor's house|이웃과 인사하다|to greet neighbors
주차장|parking lot|지하 주차장|underground parking lot|주차장을 찾다|to look for a parking lot
친하다|to be close|친한 친구|close friend|친하게 지내다|to get along well
공동2|joint|공동 작업|joint work|공동으로 하다|to do jointly
시청1|city hall|시청 앞|in front of city hall|시청에 가다|to go to city hall
방문하다|to visit|친구를 방문하다|to visit a friend|집을 방문하다|to visit home
까닭|reason|그런 까닭에|for that reason|까닭을 묻다|to ask the reason
메모|memo|메모를 하다|to take a memo|메모장에 적다|to write in a memo pad
판단하다|to judge|상황을 판단하다|to judge the situation|옳고 그름을 판단하다|to judge right and wrong
소녀2|girl|예쁜 소녀|pretty girl|소녀가 웃다|a girl smiles
교육학|education|교육학과|education department|교육학을 전공하다|to major in education
정확히1|exactly|정확히 말하다|to speak exactly|정확히 10시|exactly 10 o'clock
새로|newly|새로 이사하다|to move newly|새로 시작하다|to start anew
노약자석|priority seat|노약자석에 앉다|to sit in priority seat|노약자석을 양보하다|to give up priority seat
태풍|typhoon|강한 태풍|strong typhoon|태풍이 오다|a typhoon comes
눕다1|to lie down|침대에 눕다|to lie on bed|바닥에 눕다|to lie on the floor
젓다1|to stir|국을 젓다|to stir soup|커피를 젓다|to stir coffee
현실2|reality|현실적인 문제|realistic problem|현실을 받아들이다|to accept reality
발달하다|to develop|기술이 발달하다|technology develops|근육이 발달하다|muscles develop
편리하다|to be convenient|교통이 편리하다|transportation is convenient|편리한 위치|convenient location
가득1|full|물이 가득하다|full of water|사람이 가득하다|full of people
발전하다1|to develop|경제가 발전하다|economy develops|실력이 발전하다|skills develop
반바지|shorts|여름 반바지|summer shorts|반바지를 입다|to wear shorts
운영하다|to operate|사업을 운영하다|to operate a business|식당을 운영하다|to run a restaurant
듯이1|as if|꿈만 듯이|as if it were a dream|아는 듯이|as if knowing
동창1|alumni|고등학교 동창|high school alumni|동창 모임|alumni meeting
이른바|so-called|이른바 전문가|so-called expert|이른바 명품|so-called luxury goods
빼다1|to remove|가시를 빼다|to remove a thorn|뼈를 빼다|to remove bones
냉동식품|frozen food|냉동식품 코너|frozen food section|냉동식품을 해동하다|to thaw frozen food
정상2|normal|정상적인 상태|normal condition|정상으로 돌아가다|to return to normal
흔히|commonly|흔히 볼 수 있다|commonly seen|흔히 말하는|commonly said
멜로|romance|멜로 영화|romance movie|멜로 드라마|romance drama
요거|this thing|요거 좀 봐|look at this thing|요거 어때요|how about this thing
느껴지다|to be felt|따뜻함이 느껴지다|warmth is felt|변화가 느껴지다|change is felt
패션잡화|fashion accessories|패션잡화 매장|fashion accessories store|패션잡화를 구입하다|to buy fashion accessories
년간|for years|3년간 근무|work for 3 years|10년간 연구|research for 10 years
전문8|specialty|의학 전문|medical specialty|전문 분야|field of specialty
남해|South Sea|남해 바다|South Sea|남해안 지역|South Sea coastal area
안쪽|inside|방 안쪽|inside the room|건물 안쪽|inside the building
경영2|management|회사 경영|company management|경영 전략|management strategy
기침약|cough medicine|기침약을 먹다|to take cough medicine|기침약을 사다|to buy cough medicine
총리1|prime minister|국무 총리|prime minister|총리 관저|prime minister's residence
숲1|forest|울창한 숲|dense forest|숲 속에서|in the forest
이모부|aunt's husband|이모부 댁|aunt's husband's house|이모부를 만나다|to meet aunt's husband
비용3|cost|생활 비용|living cost|비용을 절약하다|to save costs
미치다2|to reach|영향이 미치다|influence reaches|손이 미치다|hand reaches
요금1|fee|버스 요금|bus fee|요금을 지불하다|to pay the fee
워낙|so much|워낙 바빠서|so busy that|워낙 유명해서|so famous that
얼른2|quickly|얼른 가자|let's go quickly|얼른 해결하다|to solve quickly
볼링|bowling|볼링을 치다|to go bowling|볼링장에서|at the bowling alley
사실상|practically|사실상 불가능하다|practically impossible|사실상 끝났다|practically finished
임금3|wages|임금을 받다|to receive wages|최저 임금|minimum wage
엽서2|postcard|엽서를 보내다|to send a postcard|여행 엽서|travel postcard
돌아보다|to look back|뒤를 돌아보다|to look back|과거를 돌아보다|to look back on the past
크기|size|크기가 다르다|different in size|적당한 크기|appropriate size
홍대입구역|Hongik University Station|홍대입구역에서|at Hongik University Station|홍대입구역까지|to Hongik University Station
떨리다1|to tremble|손이 떨리다|hands tremble|긴장해서 떨리다|to tremble from nervousness
주요1|main|주요 문제|main problem|주요 원인|main cause
찻잔|teacup|찻잔을 놓다|to place a teacup|예쁜 찻잔|pretty teacup
기13|energy|기가 없다|to have no energy|기를 내다|to cheer up
지나치다|to be excessive|너무 지나치다|too excessive|지나친 걱정|excessive worry
벌다2|to earn|돈을 벌다|to earn money|생활비를 벌다|to earn living expenses
생명|life|생명이 위험하다|life is in danger|생명을 구하다|to save a life
떼다1|to remove|스티커를 떼다|to remove a sticker|껍질을 떼다|to peel off the skin
변비|constipation|변비가 있다|to have constipation|변비 약|constipation medicine
사례5|case|성공 사례|success case|실제 사례|actual case
만들어지다|to be made|빵이 만들어지다|bread is made|계획이 만들어지다|a plan is made
신선하다3|to be fresh|신선한 야채|fresh vegetables|신선하게 보관하다|to keep fresh
이쁘다|to be pretty|이쁜 아이|pretty child|이쁘게 생겼다|to look pretty
계속되다2|to continue|회의가 계속되다|the meeting continues|비가 계속되다|the rain continues
잡지사|magazine company|잡지사에서 일하다|to work at a magazine company|유명한 잡지사|famous magazine company
떠올리다|to recall|기억을 떠올리다|to recall a memory|이름을 떠올리다|to recall a name
소년1|boy|어린 소년|young boy|소년이 뛰다|a boy runs
덜다1|to reduce|소금을 덜다|to reduce salt|양을 덜다|to reduce the amount
섞다|to mix|재료를 섞다|to mix ingredients|물과 기름을 섞다|to mix water and oil
그중|among them|그중에서 하나|one among them|그중 가장 좋은|the best among them
따로|separately|따로 보관하다|to store separately|따로 만나자|let's meet separately
수많다|to be countless|수많은 사람들|countless people|수많은 문제|countless problems
노인1|elderly person|노인 복지|elderly welfare|노인을 돕다|to help the elderly
이마1|forehead|이마를 짚다|to touch one's forehead|넓은 이마|wide forehead
교사9|teacher|초등학교 교사|elementary school teacher|교사가 되다|to become a teacher
썰다1|to slice|양파를 썰다|to slice onions|얇게 썰다|to slice thinly
굽다1|to bake|빵을 굽다|to bake bread|고기를 굽다|to grill meat
달리1|differently|생각이 달리|thinking differently|달리 표현하다|to express differently
이미지|image|브랜드 이미지|brand image|좋은 이미지|good image
윗사람|superior|윗사람에게 인사|greeting to superiors|윗사람을 존경하다|to respect superiors
자세히|in detail|자세히 설명하다|to explain in detail|자세히 알아보다|to look into in detail
업무2|work|업무를 처리하다|to handle work|중요한 업무|important work
경제학|economics|경제학을 공부하다|to study economics|경제학 교수|economics professor
소스1|sauce|토마토 소스|tomato sauce|소스를 만들다|to make sauce
청소년|youth|청소년 문제|youth problems|청소년을 위한|for youth
열리다1|to ripen|과일이 열리다|fruit ripens|열매가 열리다|fruit bears
괜히|for no reason|괜히 걱정하다|to worry for no reason|괜히 화내다|to get angry for no reason
취하다1|to take|조치를 취하다|to take measures|행동을 취하다|to take action
단말기|terminal|카드 단말기|card terminal|결제 단말기|payment terminal
강력하다|to be powerful|강력한 힘|powerful force|강력하게 반대하다|to strongly oppose
그러므로|therefore|그러므로 중요하다|therefore it's important|그러므로 필요하다|therefore it's necessary
습관|habit|좋은 습관|good habit|습관을 바꾸다|to change habits
눈치|sense|눈치를 보다|to read the situation|눈치가 빠르다|to be quick-witted
바르다3|to be straight|바른 자세|straight posture|바르게 서다|to stand straight
밀다1|to push|문을 밀다|to push the door|앞으로 밀다|to push forward
지원하다1|to support|재정 지원하다|to provide financial support|지원을 받다|to receive support
숨1|breath|숨을 쉬다|to breathe|숨이 차다|to be out of breath
잘생기다|to be handsome|잘생긴 남자|handsome man|정말 잘생겼다|really handsome
정답|correct answer|정답을 맞히다|to get the correct answer|정답은 무엇인가요|what is the correct answer
특별|special|특별한 날|special day|특별 할인|special discount
롤러코스터|roller coaster|롤러코스터를 타다|to ride a roller coaster|무서운 롤러코스터|scary roller coaster
캐스터|caster|의자 캐스터|chair caster|캐스터가 고장났다|the caster is broken
판단|judgment|올바른 판단|correct judgment|판단을 내리다|to make a judgment
이사하다1|to move|새 집으로 이사하다|to move to a new house|이사 준비|moving preparations
추천하다2|to recommend|책을 추천하다|to recommend a book|강력히 추천하다|to highly recommend
너무나|so very|너무나 기쁘다|so very happy|너무나 아름답다|so very beautiful
참기름|sesame oil|참기름을 넣다|to add sesame oil|고소한 참기름|fragrant sesame oil
높이1|height|건물의 높이|height of a building|높이를 재다|to measure height
높이다|to raise|목소리를 높이다|to raise one's voice|수준을 높이다|to raise the level
금지4|prohibition|흡연 금지|smoking prohibition|금지 구역|prohibited area
목사5|pastor|교회 목사|church pastor|목사님께 인사하다|to greet the pastor
막2|recklessly|막 달리다|to run recklessly|막 소리치다|to shout recklessly
당근|carrot|당근을 썰다|to cut carrots|신선한 당근|fresh carrots
제목2|title|책 제목|book title|제목을 정하다|to decide on a title
수출3|export|수출 업체|export company|수출을 늘리다|to increase exports
비다1|to be empty|방이 비다|the room is empty|자리가 비다|the seat is empty
직업|occupation|좋은 직업|good occupation|직업을 구하다|to find a job
데리다|to bring|아이를 데리다|to bring a child|병원에 데리다|to take to the hospital
양념하다|to season|고기를 양념하다|to season meat|양념해서 굽다|to grill with seasoning
없애다|to eliminate|문제를 없애다|to eliminate problems|흔적을 없애다|to remove traces
옳다1|to be right|옳은 판단|right judgment|옳다고 생각하다|to think it's right
환영회|welcome party|신입생 환영회|freshman welcome party|환영회를 열다|to hold a welcome party
기본적|basic|기본적인 원리|basic principle|기본적으로 동의하다|to basically agree
놀이1|play|아이들 놀이|children's play|전통 놀이|traditional games
출퇴근|commuting|출퇴근 시간|commuting hours|출퇴근하다|to commute
사이즈|size|옷 사이즈|clothing size|사이즈를 재다|to measure size
뿌리|root|나무 뿌리|tree roots|뿌리를 내리다|to put down roots
소독약|disinfectant|상처에 소독약|disinfectant on wound|소독약을 바르다|to apply disinfectant
싹2|completely|싹 다 먹다|to eat everything up|싹 사라지다|to disappear completely
수입2|import|수입 상품|imported goods|수입을 늘리다|to increase imports
짐1|luggage|무거운 짐|heavy luggage|짐을 싸다|to pack luggage
탓|fault|내 탓이다|it's my fault|날씨 탓에|due to the weather
장군4|general|유명한 장군|famous general|장군이 되다|to become a general
풍경1|scenery|아름다운 풍경|beautiful scenery|풍경을 감상하다|to appreciate scenery
콘텐츠|content|디지털 콘텐츠|digital content|콘텐츠를 제작하다|to create content
무역2|trade|국제 무역|international trade|무역을 하다|to do trade
피2|blood|피를 흘리다|to bleed|피가 나다|to bleed
거대하다|to be huge|거대한 건물|huge building|거대해 보이다|to look enormous
대15|unit counter|컴퓨터 한 대|one computer|자동차 두 대|two cars
학원2|academy|영어 학원|English academy|학원에 다니다|to attend academy
차지하다|to occupy|1위를 차지하다|to occupy first place|많은 부분을 차지하다|to take up a large part
신체2|body|신체 검사|physical examination|신체가 건강하다|to have a healthy body
월급|monthly salary|월급을 받다|to receive monthly salary|월급이 적다|monthly salary is low
대구|Daegu|대구 시내|downtown Daegu|대구에 살다|to live in Daegu
집안1|family|집안 일|household work|좋은 집안|good family
계산하다|to calculate|돈을 계산하다|to calculate money|계산해 보다|to calculate and see
괴물|monster|바다 괴물|sea monster|괴물 같은|like a monster
배경1|background|산을 배경으로|with mountains as background|배경 음악|background music
약사|pharmacist|병원 약사|hospital pharmacist|약사와 상담하다|to consult with a pharmacist
예상되다|to be expected|비가 예상되다|rain is expected|좋은 결과가 예상되다|good results are expected
죽이다1|to kill|굶겨 죽이다|to starve to death|벌레를 죽이다|to kill insects
좌회전|left turn|좌회전 금지|no left turn|좌회전하다|to turn left
높아지다|to become high|온도가 높아지다|temperature rises|키가 높아지다|to grow taller
반대3|opposition|강한 반대|strong opposition|반대 의견|opposing opinion
시간표|timetable|버스 시간표|bus timetable|시간표를 확인하다|to check the timetable
측|side|오른쪽 측|right side|한쪽 측|one side
푸르다|to be blue|푸른 하늘|blue sky|푸르게 보이다|to look blue
바깥|outside|집 바깥|outside the house|바깥 날씨|outside weather
행위|behavior|나쁜 행위|bad behavior|불법 행위|illegal act
걔|that kid|걔가 했어|that kid did it|걘 누구야|who is that kid
이불1|blanket|따뜻한 이불|warm blanket|이불을 덮다|to cover with a blanket
축제1|festival|음식 축제|food festival|축제에 참가하다|to participate in a festival
기초6|foundation|튼튼한 기초|solid foundation|기초를 다지다|to lay the foundation
감1|persimmon|단감|sweet persimmon|감을 따다|to pick persimmons
오래되다|to be old|건물이 오래되다|the building is old|오래된 친구|old friend
오랜|long-time|오랜 친구|long-time friend|오랜 시간|long time
매주1|every week|매주 월요일|every Monday|매주 만나다|to meet every week
위원장|chairman|학생회 위원장|student council chairman|위원장을 선출하다|to elect a chairman
젊은이|young person|젊은이들이|young people|젊은이 세대|young generation
분식집|snack bar|분식집에서|at the snack bar|분식집 메뉴|snack bar menu
따지다|to argue|이유를 따지다|to ask for reasons|따지고 보면|when you think about it
과제4|assignment|과제를 하다|to do homework|과제 제출|assignment submission
생활용품|daily necessities|생활용품 매장|daily goods store|생활용품을 사다|to buy daily necessities
충격2|shock|큰 충격|big shock|충격을 받다|to be shocked
종합|comprehensive|종합 병원|general hospital|종합적으로|comprehensively
하얗다|to be white|하얀 눈|white snow|하얗게 변하다|to turn white
용기2|courage|용기를 내다|to gather courage|용기 있는|courageous
개발하다|to develop|기술을 개발하다|to develop technology|개발 계획|development plan
열쇠고리|keychain|열쇠고리를 달다|to attach a keychain|예쁜 열쇠고리|pretty keychain
나이스|nice|나이스 샷|nice shot|나이스 플레이|nice play
떨다1|to tremble|손이 떨다|hands tremble|떨리는 목소리|trembling voice
점퍼|jumper|점퍼를 입다|to wear a jumper|따뜻한 점퍼|warm jumper
척1|pretense|못 이기는 척|pretending to lose|모르는 척하다|to pretend not to know
자4|well|자, 시작하자|well, let's start|자, 그럼|well, then
감기약|cold medicine|감기약을 먹다|to take cold medicine|감기약 처방|cold medicine prescription
어유|oh my|어유, 깜짝이야|oh my, what a surprise|어유, 피곤해|oh my, I'm tired
자유롭다|to be free|자유로운 분위기|free atmosphere|자유롭게 행동하다|to act freely
신청하다1|to apply|신청서를 내다|to submit an application|온라인 신청|online application
자녀1|children|자녀 교육|children's education|자녀를 키우다|to raise children
적극적|active|적극적인 참여|active participation|적극적으로 나서다|to step forward actively
튀기다1|to splash|물방울을 튀기다|to splash water droplets|기름이 튀기다|oil splashes
촬영하다|to film|영화를 촬영하다|to film a movie|촬영 현장|filming site
판매|sales|판매 가격|selling price|판매를 시작하다|to start selling
고모부|uncle (father's sister's husband)|고모부 댁|uncle's house|고모부와 인사|greeting uncle
플레이|play|플레이 버튼|play button|플레이하다|to play
점차2|gradually|점차 증가하다|to gradually increase|점차 좋아지다|to gradually improve
겉1|outside|겉만 보다|to only look at the outside|겉과 속|outside and inside
최종|final|최종 결과|final result|최종 단계|final stage
톤1|ton|몇 톤|several tons|한 톤|one ton
외우다1|to memorize|단어를 외우다|to memorize words|시를 외우다|to memorize a poem
투자2|investment|투자 계획|investment plan|투자를 하다|to make an investment
나머지|the rest|나머지 시간|remaining time|나머지 사람들|the rest of the people
이모2|aunt (mother's sister)|이모 집|aunt's house|이모와 통화|phone call with aunt
머릿속|inside one's head|머릿속이 복잡하다|mind is complicated|머릿속에 떠오르다|to come to mind
미래2|future|미래 계획|future plans|밝은 미래|bright future
배달되다|to be delivered|음식이 배달되다|food is delivered|택배가 배달되다|package is delivered
더하다|to add|숫자를 더하다|to add numbers|설탕을 더하다|to add sugar
인구1|population|인구 증가|population increase|인구 조사|population survey
음1|hmm|음, 그렇구나|hmm, I see|음, 잠깐만|hmm, wait a moment
마이크|microphone|마이크를 켜다|to turn on the microphone|마이크 테스트|microphone test
흘리다|to spill|물을 흘리다|to spill water|눈물을 흘리다|to shed tears
춘천|Chuncheon|춘천 여행|trip to Chuncheon|춘천 닭갈비|Chuncheon dakgalbi
예상2|expectation|예상보다 좋다|better than expected|예상 결과|expected result
놓이다|to be placed|책상에 놓이다|to be placed on the desk|여기에 놓이다|to be placed here
온천|hot spring|온천 여행|hot spring trip|온천에 가다|to go to hot springs
분명하다1|to be clear|분명한 답|clear answer|분명히 말하다|to speak clearly
무렵|around the time|그 무렵|around that time|졸업할 무렵|around graduation time
손잡이|handle|문 손잡이|door handle|손잡이를 잡다|to grab the handle
난리2|chaos|난리가 나다|chaos breaks out|난리를 치다|to cause a commotion
사물10|things|사물의 이름|names of things|사물을 관찰하다|to observe things
회비|membership fee|회비를 내다|to pay membership fees|회비가 비싸다|membership fees are expensive
시즌|season|새로운 시즌|new season|시즌이 시작되다|the season starts
일반적|general|일반적인 경우|general case|일반적으로 말하면|generally speaking
가전제품|home appliances|가전제품 매장|appliance store|가전제품을 사다|to buy home appliances
상관없다|to not matter|나이는 상관없어요|age doesn't matter|상관없는 일|irrelevant matter
곱다2|to be beautiful|곱게 생기다|to be beautifully formed|곱고 예쁘다|to be lovely and pretty
연예인|celebrity|유명한 연예인|famous celebrity|연예인을 만나다|to meet a celebrity
꽉|tightly|꽉 잡다|to grip tightly|꽉 차다|to be packed full
생각되다|to be thought|좋게 생각되다|to be thought of well|그렇게 생각돼요|I think so
기타1|other|기타 사항|other matters|기타 등등|and so on
미14|beauty|미의 기준|standards of beauty|미를 추구하다|to pursue beauty
심다1|to plant|나무를 심다|to plant a tree|꽃을 심다|to plant flowers
신문방송학|journalism|신문방송학과|journalism department|신문방송학을 전공하다|to major in journalism
인상1|impression|좋은 인상|good impression|인상을 받다|to get an impression
견디다|to endure|고통을 견디다|to endure pain|추위를 견디다|to endure the cold
세제4|detergent|세제를 넣다|to add detergent|세제가 떨어지다|to run out of detergent
밟다|to step on|발을 밟다|to step on a foot|땅을 밟다|to step on the ground
기사10|article|신문 기사|newspaper article|기사를 쓰다|to write an article
객실|guest room|호텔 객실|hotel room|객실을 예약하다|to reserve a room
취재하다|to gather news|현장을 취재하다|to cover the scene|취재를 나가다|to go out for reporting
뿌리다|to sprinkle|물을 뿌리다|to sprinkle water|씨를 뿌리다|to sow seeds
외롭다|to be lonely|외롭게 살다|to live lonely|외로운 마음|lonely heart
매력|charm|매력이 있다|to have charm|매력적인 사람|charming person
어쩌면|maybe|어쩌면 맞을지도|maybe it's right|어쩌면 늦을 수도|maybe we'll be late
최저1|minimum|최저 온도|minimum temperature|최저 가격|lowest price
추억|memory|좋은 추억|good memories|추억을 만들다|to make memories
비밀|secret|비밀을 지키다|to keep a secret|비밀 이야기|secret story
수학여행|school trip|수학여행을 가다|to go on a school trip|수학여행 준비|school trip preparation
고민하다|to worry|진로를 고민하다|to worry about career|고민이 많다|to have many worries
알맞다|to be suitable|크기가 알맞다|the size is suitable|알맞은 옷|suitable clothes
볼거리|things to see|볼거리가 많다|there are many things to see|관광 볼거리|tourist attractions
재판6|trial|재판을 받다|to stand trial|재판이 열리다|a trial is held
희다|to be white|얼굴이 희다|face is white|희고 깨끗하다|white and clean
배탈|stomachache|배탈이 나다|to get a stomachache|배탈 때문에|because of stomachache
그대|you|그대를 사랑해|I love you|그대의 마음|your heart
가리키다1|to point|손으로 가리키다|to point with finger|방향을 가리키다|to point direction
장화|boots|비 오는 날 장화|boots on rainy days|장화를 신다|to wear boots
끓이다1|to boil|물을 끓이다|to boil water|라면을 끓이다|to boil ramen
모시다|to serve|부모님을 모시다|to serve parents|손님을 모시다|to serve guests
당구|billiards|당구를 치다|to play billiards|당구장에서|at the billiard hall
희망|hope|희망을 갖다|to have hope|희망이 있다|there is hope
발달|development|기술 발달|technological development|발달이 빠르다|development is fast
포장하다|to wrap|선물을 포장하다|to wrap a gift|음식을 포장하다|to pack food
날아가다|to fly away|새가 날아가다|bird flies away|시간이 날아가다|time flies by
평화2|peace|세계 평화|world peace|평화를 지키다|to keep peace
버섯2|mushroom|버섯을 따다|to pick mushrooms|버섯 요리|mushroom dish
비명2|scream|비명을 지르다|to scream|비명 소리|screaming sound
공사2|construction|도로 공사|road construction|공사가 시작되다|construction begins
만지다|to touch|손으로 만지다|to touch with hands|만지지 마세요|don't touch
최|Choi|최 선생님|Mr. Choi|최 씨|Ms. Choi
돌2|stone|돌멩이|small stone|돌을 던지다|to throw a stone
감자1|potato|감자튀김|french fries|감자를 삶다|to boil potatoes
동료|colleague|직장 동료|work colleague|동료와 협력하다|to cooperate with colleagues
전문가|expert|의료 전문가|medical expert|전문가의 조언|expert's advice
공포8|fear|공포 영화|horror movie|공포에 떨다|to tremble with fear
불법1|illegal|불법 주차|illegal parking|불법 행위|illegal act
단지4|only|단지 농담이야|it's only a joke|단지 한 번|only once
접다1|to fold|종이를 접다|to fold paper|옷을 접다|to fold clothes
누르다1|to press|버튼을 누르다|to press a button|힘을 누르다|to apply pressure
무용3|dance|무용 공연|dance performance|무용을 배우다|to learn dance
외출|going out|외출 준비|preparation for going out|외출을 하다|to go out
메이크업|makeup|메이크업 아티스트|makeup artist|메이크업을 하다|to do makeup
불리다4|to be called|이름이 불리다|name is called|별명으로 불리다|to be called by nickname
햄4|ham|햄 샌드위치|ham sandwich|햄을 굽다|to grill ham
대충1|roughly|대충 알겠어요|I roughly understand|대충 해도 돼|it's okay to do roughly
싸움|fight|친구와 싸움|fight with friend|싸움을 말리다|to stop a fight
옷장|wardrobe|옷장을 정리하다|to organize wardrobe|옷장 문|wardrobe door
모델|model|패션 모델|fashion model|모델이 되다|to become a model
차리다|to prepare|식탁을 차리다|to set the table|마음을 차리다|to pull oneself together
상자10|box|선물 상자|gift box|상자를 열다|to open a box
적히다|to be written|이름이 적히다|name is written|메모에 적히다|to be written in memo
그리2|so|그리 어렵지 않다|not so difficult|그리 많지 않다|not so many
초대장|invitation|결혼 초대장|wedding invitation|초대장을 보내다|to send invitation
분석2|analysis|데이터 분석|data analysis|분석 결과|analysis results
뜨다1|to rise|해가 뜨다|the sun rises|달이 뜨다|the moon rises
예절|etiquette|식사 예절|dining etiquette|예절을 지키다|to observe etiquette
줄다|to decrease|인구가 줄다|population decreases|시간이 줄다|time decreases
의미하다2|to mean|성공을 의미하다|to mean success|변화를 의미하다|to mean change
드럼|drum|드럼을 치다|to play drums|드럼 소리|drum sound
아이디어|idea|좋은 아이디어|good idea|아이디어를 내다|to come up with an idea
체육|physical education|체육 시간|PE class|체육관에서|in the gymnasium
농구공|basketball|농구공을 던지다|to throw a basketball|농구공이 튀다|basketball bounces
미치다1|to go crazy|스트레스로 미치다|to go crazy from stress|미친 사람|crazy person
땀1|sweat|땀을 흘리다|to sweat|땀이 나다|sweat comes out
약도|simple map|약도를 그리다|to draw a simple map|약도를 보다|to look at a map
훔치다2|to steal|돈을 훔치다|to steal money|물건을 훔치다|to steal things
이익2|profit|큰 이익|big profit|이익을 얻다|to gain profit
샐러드|salad|과일 샐러드|fruit salad|샐러드를 만들다|to make salad
드러내다|to reveal|비밀을 드러내다|to reveal a secret|감정을 드러내다|to show emotions
쥐다1|to grip|주먹을 쥐다|to clench a fist|손을 쥐다|to grip hands
큰아버지|uncle|큰아버지 댁|uncle's house|큰아버지를 만나다|to meet uncle
전투|battle|치열한 전투|fierce battle|전투에서 이기다|to win a battle
게다가|moreover|게다가 비싸다|moreover it's expensive|게다가 어렵다|moreover it's difficult
향초|scented candle|향초를 켜다|to light a scented candle|향초 냄새|scented candle smell
계약|contract|계약을 맺다|to make a contract|계약서를 쓰다|to write a contract
논문|thesis|졸업 논문|graduation thesis|논문을 쓰다|to write a thesis
동아리2|club|동아리 활동|club activities|동아리에 가입하다|to join a club
학부모|parent|학부모 회의|parent meeting|학부모님들|parents
사용되다|to be used|널리 사용되다|to be widely used|카드가 사용되다|the card is used
교통카드|transportation card|교통카드를 충전하다|to charge a transportation card|교통카드로 결제하다|to pay with a transportation card
의|of|학교의 선생님|teacher of the school|나의 친구|my friend
오랫동안|for a long time|오랫동안 기다리다|to wait for a long time|오랫동안 살다|to live for a long time
쓰레기통|trash can|쓰레기통에 버리다|to throw in the trash can|쓰레기통을 비우다|to empty the trash can
앞으로|in the future|앞으로 계획|future plans|앞으로 나아가다|to move forward
망하다|to be ruined|회사가 망하다|the company goes bankrupt|사업이 망하다|the business fails
올림픽|Olympics|올림픽 경기|Olympic games|올림픽에 참가하다|to participate in Olympics
구멍|hole|구멍이 뚫리다|a hole is made|구멍을 막다|to block a hole
친척|relative|친척 모임|family gathering|친척을 만나다|to meet relatives
양념|seasoning|양념을 넣다|to add seasoning|양념이 맛있다|the seasoning is delicious
진지|meal|진지 드세요|please have your meal|진지를 준비하다|to prepare a meal
흔들리다|to shake|나무가 흔들리다|the tree shakes|마음이 흔들리다|one's heart wavers
최선2|best effort|최선을 다하다|to do one's best|최선의 방법|the best method
양20|amount|많은 양|large amount|양을 늘리다|to increase the amount
속하다2|to belong|회사에 속하다|to belong to a company|어느 그룹에 속하다|to belong to which group
고모1|aunt|고모님 댁|aunt's house|고모와 만나다|to meet with aunt
방안1|plan|좋은 방안|good plan|방안을 세우다|to establish a plan
도장17|seal|도장을 찍다|to stamp a seal|회사 도장|company seal
이외1|besides|이외의 방법|other methods|그 이외에|besides that
법원1|court|법원에 가다|to go to court|법원 판결|court decision
기대3|expectation|큰 기대|high expectations|기대를 하다|to have expectations
곁1|side|곁에 있다|to be by one's side|곁을 지키다|to stay by someone's side
식물2|plant|식물을 기르다|to grow plants|식물원|botanical garden
옛1|old|옛 친구|old friend|옛날 이야기|old story
종로|Jongno|종로에서 만나다|to meet in Jongno|종로 거리|Jongno street
요새1|fortress|요새를 건설하다|to build a fortress|견고한 요새|strong fortress
적어도|at least|적어도 한 번|at least once|적어도 열 명|at least ten people
동창회|alumni meeting|동창회에 참석하다|to attend alumni meeting|고등학교 동창회|high school reunion
이벤트|event|특별 이벤트|special event|이벤트를 열다|to hold an event
어려움|difficulty|큰 어려움|great difficulty|어려움을 겪다|to experience difficulty
바비큐|barbecue|바비큐 파티|barbecue party|바비큐를 굽다|to grill barbecue
대책3|countermeasure|좋은 대책|good countermeasure|대책을 마련하다|to prepare countermeasures
온1|whole|온 가족|whole family|온 마음|whole heart
우회전|right turn|우회전하다|to turn right|우회전 금지|no right turn
숨기다|to hide|비밀을 숨기다|to hide a secret|감정을 숨기다|to hide emotions
젖다1|to get wet|비에 젖다|to get wet in rain|옷이 젖다|clothes get wet
지난번|last time|지난번에 만났다|met last time|지난번 약속|last appointment
피하다|to avoid|위험을 피하다|to avoid danger|만남을 피하다|to avoid meeting
최대|maximum|최대 속도|maximum speed|최대한 노력하다|to make maximum effort
영문학|English literature|영문학과|English literature department|영문학을 전공하다|to major in English literature
다행히|fortunately|다행히 안전하다|fortunately safe|다행히 성공했다|fortunately succeeded
농사1|farming|농사를 짓다|to do farming|농사일|farm work
항공사|airline|대한항공사|Korean Air|항공사 직원|airline employee
시점2|point in time|중요한 시점|important point in time|시점을 정하다|to set a point in time
더구나1|moreover|더구나 비싸다|moreover expensive|더구나 어렵다|moreover difficult
드디어|finally|드디어 도착했다|finally arrived|드디어 성공했다|finally succeeded
절반|half|절반 가격|half price|절반을 나누다|to divide in half
어둠|darkness|깊은 어둠|deep darkness|어둠 속에서|in the darkness
잇다1|to connect|길을 잇다|to connect roads|대화를 잇다|to continue conversation
상대방2|counterpart|상대방과 협상하다|to negotiate with the counterpart|상대방을 이해하다|to understand the other party
주택|housing|주택 가격|housing prices|주택을 구입하다|to purchase a house
요리법|recipe|요리법을 배우다|to learn a recipe|간단한 요리법|simple recipe
접종|vaccination|백신 접종|vaccine vaccination|접종을 받다|to get vaccinated
고려하다1|to consider|신중히 고려하다|to consider carefully|모든 면을 고려하다|to consider all aspects
관광지|tourist destination|유명한 관광지|famous tourist destination|관광지를 방문하다|to visit a tourist site
준비되다|to be prepared|모든 것이 준비되다|everything is prepared|준비된 상태|prepared state
농촌|rural area|농촌 생활|rural life|농촌으로 이주하다|to move to the countryside
주차하다1|to park|차를 주차하다|to park a car|주차 공간|parking space
장비7|equipment|운동 장비|sports equipment|장비를 점검하다|to check equipment
벌어지다2|to break out|싸움이 벌어지다|a fight breaks out|사건이 벌어지다|an incident occurs
록|rock|록 음악|rock music|록 밴드|rock band
처리하다|to process|업무를 처리하다|to process work|문제를 처리하다|to handle a problem
고치다1|to fix|고장을 고치다|to fix a breakdown|실수를 고치다|to correct a mistake
홍대|Hongdae|홍대 거리|Hongdae street|홍대에서 만나다|to meet in Hongdae
장점2|advantage|큰 장점|big advantage|장점을 살리다|to make use of advantages
그림자|shadow|나무 그림자|tree shadow|그림자가 지다|a shadow falls
연말2|year-end|연말 파티|year-end party|연말이 다가오다|year-end approaches
치즈|cheese|치즈 케이크|cheese cake|치즈를 넣다|to add cheese
다하다|to exhaust|최선을 다하다|to do one's best|힘을 다하다|to exert all one's strength
환전|currency exchange|환전을 하다|to exchange currency|환전 수수료|exchange fee
평범하다|to be ordinary|평범한 사람|ordinary person|평범하게 살다|to live ordinarily
마침내|finally|마침내 성공하다|to finally succeed|마침내 도착하다|to finally arrive
유물4|relic|문화 유물|cultural relic|유물을 발굴하다|to excavate relics
참가하다1|to participate|대회에 참가하다|to participate in a competition|참가 신청|participation application
커지다|to grow|키가 커지다|to grow tall|소리가 커지다|to get louder
끼다2|to form|구름이 끼다|clouds form|안개가 끼다|fog forms
불가능하다|to be impossible|불가능한 일|impossible task|불가능하다고 생각하다|to think it's impossible
한쪽|one side|한쪽 끝|one end|한쪽으로 가다|to go to one side
부치다2|to send|편지를 부치다|to send a letter|소포를 부치다|to send a package
행복2|happiness|진정한 행복|true happiness|행복을 느끼다|to feel happiness
검사3|examination|건강 검사|health examination|검사를 받다|to receive an examination
화려하다|to be splendid|화려한 옷|splendid clothes|화려하게 꾸미다|to decorate splendidly
발언|statement|공식 발언|official statement|발언을 하다|to make a statement
맡기다|to entrust|일을 맡기다|to entrust work|아이를 맡기다|to entrust a child
집들이|housewarming|집들이 파티|housewarming party|집들이에 가다|to go to a housewarming
상2|top|책상 상|on the desk|상위 등급|upper grade
소문2|rumor|이상한 소문|strange rumor|소문이 나다|a rumor spreads
안개|fog|짙은 안개|thick fog|안개가 끼다|fog forms
저번2|last time|저번 주|last week|저번에 만났다|met last time
군대3|military|군대에 가다|to go to the military|군대 생활|military life
소포1|package|작은 소포|small package|소포를 보내다|to send a package
의아하다|to be puzzled|의아한 표정|puzzled expression|의아하게 생각하다|to think strangely
그만큼|that much|그만큼 중요하다|that important|그만큼 어렵다|that difficult
번호표|number ticket|번호표를 뽑다|to take a number ticket|번호표 순서|number ticket order
가득하다1|to be full|물이 가득하다|full of water|사람이 가득하다|full of people
무어1|what|무어라고 하다|to say what|무어든지|whatever
외숙모|aunt|외숙모 댁|aunt's house|외숙모를 만나다|to meet aunt
믿음|faith|강한 믿음|strong faith|믿음을 갖다|to have faith
폭6|width|길의 폭|width of road|폭이 넓다|width is wide
신용카드|credit card|신용카드로 결제|pay by credit card|신용카드를 발급받다|to get a credit card issued
남1|man|젊은 남|young man|남과 여|men and women
내밀다|to extend|손을 내밀다|to extend one's hand|카드를 내밀다|to hold out a card
센터2|center|쇼핑센터|shopping center|고객센터|customer center
반면2|the other hand|반면에|on the other hand|그 반면|on that side
맞다3|to be hit|매를 맞다|to be beaten|비를 맞다|to get rained on
연극|play|연극을 보다|to watch a play|연극 배우|theater actor
펼쳐지다|to unfold|풍경이 펼쳐지다|scenery unfolds|이야기가 펼쳐지다|story unfolds
임신2|pregnancy|임신 중|during pregnancy|임신을 하다|to become pregnant
동전5|coin|동전을 던지다|to flip a coin|동전 한 개|one coin
대형4|large scale|대형 마트|large mart|대형 사고|major accident
그램|gram|100그램|100 grams|몇 그램|how many grams
광장2|square|시청 광장|city hall square|광장에서 만나다|to meet at the square
맞히다|to hit|정답을 맞히다|to get the right answer|과녁을 맞히다|to hit the target
밭1|field|채소밭|vegetable field|밭을 갈다|to plow a field
화분1|flower pot|화분에 심다|to plant in a pot|화분을 옮기다|to move a flower pot
눈빛1|look in one's eyes|눈빛이 매섭다|to have a fierce look|따뜻한 눈빛|warm look
분석하다2|to analyze|데이터를 분석하다|to analyze data|결과를 분석하다|to analyze results
공과금|utility bills|공과금을 내다|to pay utility bills|공과금이 나오다|utility bills come out
공격하다|to attack|적을 공격하다|to attack the enemy|공격하는 방법|way of attacking
식구1|family member|우리 식구|our family|식구가 많다|to have many family members
부럽다|to be envious|부러운 마음|envious heart|부럽게 생각하다|to think enviously
아이템|item|필수 아이템|essential item|인기 아이템|popular item
울리다1|to ring|종을 울리다|to ring a bell|벨을 울리다|to ring the doorbell
주유소|gas station|주유소에서 기름을 넣다|to get gas at a gas station|주유소 직원|gas station employee
답답하다|to be stuffy|답답한 기분|stuffy feeling|가슴이 답답하다|to feel suffocated
글자|letter|한글 글자|Korean letters|글자를 쓰다|to write letters
방송국|broadcasting station|KBS 방송국|KBS broadcasting station|방송국에서 일하다|to work at a broadcasting station
앱|app|카카오톡 앱|KakaoTalk app|앱을 다운로드하다|to download an app
연구하다2|to research|과학을 연구하다|to research science|연구하는 학자|researcher
귀걸이|earrings|예쁜 귀걸이|pretty earrings|귀걸이를 하다|to wear earrings
헤어지다|to break up|연인과 헤어지다|to break up with lover|친구와 헤어지다|to part with friends
부동산|real estate|부동산 중개소|real estate agency|부동산을 투자하다|to invest in real estate
이삿짐센터|moving center|이삿짐센터에 전화하다|to call moving center|이삿짐센터를 이용하다|to use moving service
의식3|consciousness|의식을 잃다|to lose consciousness|의식이 있다|to be conscious
조상7|ancestor|조상의 무덤|ancestor's grave|조상을 기리다|to honor ancestors
두통약|headache medicine|두통약을 먹다|to take headache medicine|두통약이 효과적이다|headache medicine is effective
안타깝다|to be regrettable|안타까운 소식|regrettable news|정말 안타깝다|really regrettable
검다2|to be black|검은 머리|black hair|색깔이 검다|the color is black
저금|savings|저금을 하다|to save money|저금 통장|savings account
아가씨|young lady|예쁜 아가씨|pretty young lady|아가씨를 부르다|to call a young lady
따다1|to pick|사과를 따다|to pick apples|꽃을 따다|to pick flowers
욕실|bathroom|욕실을 청소하다|to clean bathroom|욕실 문|bathroom door
차원|dimension|3차원 영화|3D movie|다른 차원|different dimension
문제점|problem|심각한 문제점|serious problem|문제점을 찾다|to find problems
긋다1|to draw|선을 긋다|to draw a line|금을 긋다|to draw a line
참석하다|to attend|회의에 참석하다|to attend meeting|참석하는 사람|attendee
인제1|now|인제 가자|let's go now|인제 알겠다|now I understand
열흘|ten days|열흘 동안|for ten days|열흘 후|after ten days
자막|subtitles|영어 자막|English subtitles|자막을 보다|to watch subtitles
미술|art|미술 작품|art work|미술관에 가다|to go to an art museum
햇빛|sunlight|따뜻한 햇빛|warm sunlight|햇빛이 들어오다|sunlight comes in
도망가다|to run away|집에서 도망가다|to run away from home|범인이 도망가다|the criminal runs away
한참|a long while|한참 기다리다|to wait a long while|한참 생각하다|to think for a long time
익숙하다|to be familiar|익숙한 얼굴|familiar face|일에 익숙하다|to be familiar with work
돌아다니다|to walk around|시장을 돌아다니다|to walk around the market|여기저기 돌아다니다|to wander here and there
담기다1|to be contained|물이 담기다|water is contained|그릇에 담기다|to be put in a bowl
출근하다|to go to work|아침에 출근하다|to go to work in the morning|일찍 출근하다|to go to work early
실패하다1|to fail|시험에 실패하다|to fail the exam|사업에 실패하다|to fail in business
서두르다|to hurry|집에 서두르다|to hurry home|일을 서두르다|to hurry with work
낚시하다|to fish|강에서 낚시하다|to fish in the river|낚시를 즐기다|to enjoy fishing
이러다|to be like this|이러다 늦겠다|at this rate we'll be late|이러다 큰일 나다|this will cause trouble
기쁨|joy|큰 기쁨|great joy|기쁨을 나누다|to share joy
집안일|housework|집안일을 하다|to do housework|집안일이 많다|there's a lot of housework
내려놓다|to put down|짐을 내려놓다|to put down luggage|책을 내려놓다|to put down a book
깊이2|deeply|깊이 생각하다|to think deeply|깊이 감사하다|to be deeply grateful
보험|insurance|자동차 보험|car insurance|보험에 가입하다|to sign up for insurance
도망치다|to escape|감옥에서 도망치다|to escape from prison|현실에서 도망치다|to escape from reality
꾸미다|to decorate|방을 꾸미다|to decorate a room|예쁘게 꾸미다|to decorate prettily
특별히|especially|특별히 좋다|especially good|특별히 신경 쓰다|to pay special attention
소원4|wish|간절한 소원|earnest wish|소원을 빌다|to make a wish
늘리다|to increase|실력을 늘리다|to improve skills|시간을 늘리다|to extend time
소고기|beef|소고기 요리|beef dish|소고기를 굽다|to grill beef
운명1|fate|운명을 믿다|to believe in fate|운명적인 만남|fateful meeting
이용1|use|시설 이용|facility use|교통을 이용하다|to use transportation
환기|ventilation|환기를 시키다|to ventilate|환기가 필요하다|ventilation is needed
차라리|rather|차라리 집에 있자|let's rather stay home|차라리 포기하겠다|I'd rather give up
지르다3|to shout|소리를 지르다|to shout|큰 소리를 지르다|to shout loudly
룸메이트|roommate|룸메이트를 구하다|to find a roommate|룸메이트와 살다|to live with a roommate
공개되다|to be revealed|비밀이 공개되다|the secret is revealed|정보가 공개되다|information is disclosed
걸음|step|한 걸음씩|step by step|걸음을 옮기다|to take steps
여행지|travel destination|인기 여행지|popular travel destination|해외 여행지|overseas destination
익살스럽다|to be humorous|익살스러운 표정|humorous expression|익살스럽게 말하다|to speak humorously
겨우|barely|겨우 통과했다|barely passed|겨우 도착했어요|just arrived
간1|taste|음식의 간|taste of food|간을 보다|to taste and season
언론|media|언론의 자유|freedom of press|언론 보도|media report
비교적|relatively|비교적 쉽다|relatively easy|비교적 저렴하다|relatively cheap
매장6|store|대형 매장|large store|매장을 운영하다|to operate a store
성6|surname|성과 이름|surname and name|성이 뭐예요|what's your surname
늙다|to age|늙어 보이다|to look old|점점 늙다|to gradually age
발로|with feet|발로 차다|to kick with feet|발로 걷다|to walk on foot
어젯밤|last night|어젯밤에 만났어요|met last night|어젯밤 꿈|last night's dream
상상7|imagination|상상이 안 돼요|can't imagine|상상 속에서|in imagination
비비다|to rub|손을 비비다|to rub hands|눈을 비비다|to rub eyes
이동하다|to move|다른 곳으로 이동하다|to move to another place|빠르게 이동하다|to move quickly
뜨다5|to open|눈을 뜨다|to open eyes|눈을 크게 뜨다|to open eyes wide
국어국문학|Korean language and literature|국어국문학과|Korean literature department|국어국문학을 전공하다|to major in Korean literature
요청하다|to request|도움을 요청하다|to request help|회의를 요청하다|to request a meeting
스타|star|영화 스타|movie star|스타가 되다|to become a star
구경거리|sightseeing attraction|좋은 구경거리|good sightseeing spot|구경거리가 많다|many things to see
삶|life|삶의 의미|meaning of life|힘든 삶|difficult life
입술|lips|입술이 마르다|lips are dry|입술을 깨물다|to bite one's lips
안전선|safety line|지하철 안전선|subway safety line|안전선 밖으로|outside the safety line
포함되다1|to be included|세금이 포함되다|tax is included|가격에 포함되다|to be included in the price
몹시|very|몹시 추워요|it's very cold|몹시 기뻐하다|to be very happy
책장|bookshelf|책장을 정리하다|to organize the bookshelf|책장에 꽂다|to put on the bookshelf
연애5|romance|연애를 하다|to be in a relationship|연애 경험|dating experience
넘어서다|to go beyond|한계를 넘어서다|to go beyond limits|기대를 넘어서다|to exceed expectations
꽃바구니|flower basket|꽃바구니를 보내다|to send a flower basket|축하 꽃바구니|congratulatory flower basket
쓰러지다|to fall down|갑자기 쓰러지다|to suddenly collapse|과로로 쓰러지다|to collapse from overwork
언젠가|someday|언젠가 만나자|let's meet someday|언젠가는 성공할 거야|I'll succeed someday
승강장|platform|지하철 승강장|subway platform|승강장에서 기다리다|to wait on the platform
찾아내다|to find out|진실을 찾아내다|to find out the truth|해답을 찾아내다|to find the solution
예술가|artist|유명한 예술가|famous artist|예술가의 작품|artist's work
교환1|exchange|의견 교환|exchange of opinions|교환 학생|exchange student
마무리|finishing|일의 마무리|finishing work|마무리를 하다|to finish up
한두|one or two|한두 번|once or twice|한두 개|one or two pieces
몸이|body|몸이 아프다|body hurts|몸이 무겁다|body feels heavy
뉴욕|New York|뉴욕에 가다|to go to New York|뉴욕 여행|New York trip
흙1|soil|흙을 파다|to dig soil|비옥한 흙|fertile soil
영상1|video|영상을 보다|to watch a video|영상 촬영|video filming
기억나다|to remember|이름이 기억나다|to remember the name|갑자기 기억나다|to suddenly remember
가난하다|to be poor|가난한 집|poor house|가난하게 살다|to live in poverty
식초|vinegar|식초를 넣다|to add vinegar|사과 식초|apple vinegar
프로젝트|project|새로운 프로젝트|new project|프로젝트를 진행하다|to proceed with a project
고객4|customer|고객 서비스|customer service|고객을 응대하다|to serve customers
벽시계|wall clock|벽시계가 멈췄다|the wall clock stopped|벽시계를 보다|to look at the wall clock
날리다2|to make fly|연을 날리다|to fly a kite|공을 날리다|to kick a ball
과학자|scientist|유명한 과학자|famous scientist|과학자가 되다|to become a scientist
녹음하다|to record|음성을 녹음하다|to record voice|녹음해 주세요|please record it
훈련|training|훈련을 받다|to receive training|체력 훈련|physical training
수술5|surgery|수술을 받다|to have surgery|심장 수술|heart surgery
양파|onion|양파를 썰다|to slice onions|양파 볶음|stir-fried onions
내9|within|일주일 내|within a week|한 달 내|within a month
식품1|food|식품 안전|food safety|가공 식품|processed food
고추장|red pepper paste|고추장 찌개|red pepper paste stew|고추장을 넣다|to add red pepper paste
문장2|sentence|긴 문장|long sentence|문장을 만들다|to make a sentence
연기10|acting|연기를 하다|to act|뛰어난 연기|excellent acting
좌회전하다|to turn left|좌회전하세요|please turn left|좌회전 금지|no left turn
시각3|time|정확한 시각|exact time|시각을 확인하다|to check the time
회원|member|회원 가입|membership registration|회원이 되다|to become a member
푹1|deeply|푹 자다|to sleep deeply|푹 빠지다|to fall deeply into
주식3|stocks|주식 투자|stock investment|주식을 사다|to buy stocks
들려오다|to be heard|소리가 들려오다|sound is heard|음악이 들려오다|music is heard
샤부샤부|shabu-shabu|샤부샤부 먹자|let's eat shabu-shabu|샤부샤부 집|shabu-shabu restaurant
편안하다1|to be comfortable|편안한 의자|comfortable chair|편안하게 쉬다|to rest comfortably
조금씩|little by little|조금씩 늘다|to increase little by little|조금씩 배우다|to learn gradually
설거지하다|to wash dishes|설거지를 하다|to do the dishes|설거지가 끝났다|finished washing dishes
본격적|full-scale|본격적인 시작|full-scale start|본격적으로 하다|to do in earnest
풀리다|to be solved|문제가 풀리다|the problem is solved|매듭이 풀리다|the knot comes undone
냄비|pot|냄비에 끓이다|to boil in a pot|냄비를 씻다|to wash the pot
귀신1|ghost|귀신이 나타나다|a ghost appears|귀신 이야기|ghost story
들여다보다|to look into|창문을 들여다보다|to look into the window|거울을 들여다보다|to look into the mirror
현금4|cash|현금으로 결제|pay with cash|현금이 부족하다|cash is insufficient
갈등|conflict|내적 갈등|internal conflict|갈등을 해결하다|to resolve conflict
마늘|garlic|마늘을 다지다|to mince garlic|마늘 냄새|garlic smell
뒤풀이|after-party|뒤풀이를 하다|to have an after-party|뒤풀이 장소|after-party venue
이스라엘|Israel|이스라엘 여행|trip to Israel|이스라엘 사람|Israeli person
가꾸다|to cultivate|정원을 가꾸다|to tend a garden|마음을 가꾸다|to cultivate one's mind
우편번호|postal code|우편번호를 적다|to write postal code|우편번호 검색|postal code search
신나다|to be excited|정말 신난다|really excited|신나는 음악|exciting music
맨1|bare|맨손으로|with bare hands|맨발로|with bare feet
등록1|registration|학생 등록|student registration|등록을 하다|to register
눈앞|before one's eyes|눈앞에 펼쳐지다|to unfold before one's eyes|눈앞이 캄캄하다|to feel hopeless
집다1|to pick up|젓가락으로 집다|to pick up with chopsticks|돈을 집다|to pick up money
미용실|beauty salon|미용실에 가다|to go to beauty salon|미용실 예약|beauty salon appointment
파악하다|to grasp|상황을 파악하다|to grasp the situation|내용을 파악하다|to understand the content
군4|guy|저 군|that guy|젊은 군|young guy
결제하다|to pay|카드로 결제하다|to pay by card|온라인 결제하다|to pay online
무너지다|to collapse|건물이 무너지다|building collapses|꿈이 무너지다|dreams collapse
대표적|representative|대표적인 예|representative example|대표적인 음식|representative food
팀장|team leader|팀장님께 보고|report to team leader|새로운 팀장|new team leader
넘치다|to overflow|물이 넘치다|water overflows|열정이 넘치다|passion overflows
만일1|in case|만일의 경우|in case of emergency|만일을 대비해서|in preparation for contingencies
서재|study room|개인 서재|personal study|서재에서 독서|reading in the study
투표1|vote|투표를 하다|to vote|투표 결과|voting results
사회적|social|사회적 문제|social problem|사회적 책임|social responsibility
팬1|fan|열렬한 팬|enthusiastic fan|팬 클럽|fan club
섞이다|to be mixed|물과 섞이다|to be mixed with water|잘 섞이다|to mix well
생겨나다|to arise|문제가 생겨나다|problems arise|새로 생겨나다|to newly emerge
평일|weekday|평일 오후|weekday afternoon|평일에 만나다|to meet on weekdays
끔찍하다|to be terrible|끔찍한 사고|terrible accident|끔찍하게 추워요|terribly cold
주부3|housewife|전업 주부|full-time housewife|주부 생활|housewife life
섭섭하다1|to be disappointed|마음이 섭섭하다|to feel disappointed|섭섭한 기분|disappointed feeling
스토리|story|재미있는 스토리|interesting story|스토리가 좋다|the story is good
태양2|sun|태양이 뜨다|the sun rises|태양 에너지|solar energy
일정3|schedule|바쁜 일정|busy schedule|일정을 조정하다|to adjust the schedule
따라가다|to follow|뒤를 따라가다|to follow behind|천천히 따라가다|to follow slowly
틀림없다|to be certain|틀림없이 올 거야|will definitely come|틀림없는 사실|certain fact
벨|bell|초인종 벨|doorbell|벨이 울리다|the bell rings
언어1|language|외국 언어|foreign language|언어를 배우다|to learn a language
프로3|professional|프로 선수|professional player|프로가 되다|to become a professional
보라색|purple|보라색 꽃|purple flower|보라색 옷|purple clothes
감염|infection|바이러스 감염|virus infection|감염을 예방하다|to prevent infection
도로7|road|넓은 도로|wide road|도로 공사|road construction
설렁탕|seolleongtang|설렁탕 한 그릇|a bowl of seolleongtang|설렁탕을 끓이다|to cook seolleongtang
후보자|candidate|대통령 후보자|presidential candidate|후보자를 선택하다|to choose a candidate
지다5|to carry|가방을 지다|to carry a bag|등에 지다|to carry on one's back
토마토|tomato|빨간 토마토|red tomato|토마토 주스|tomato juice
동작3|movement|빠른 동작|quick movement|동작을 따라하다|to imitate the movement
부족5|tribe|아프리카 부족|African tribe|부족 문화|tribal culture
검색하다|to search|인터넷 검색하다|to search the internet|정보를 검색하다|to search for information
공개2|disclosure|정보 공개|information disclosure|공개 행사|public event
총장1|president|대학교 총장|university president|총장 선거|presidential election
배편|ship|배편으로 가다|to go by ship|배편을 예약하다|to book passage
여부|whether or not|참석 여부|whether to attend|성공 여부|whether it succeeds
단순히|simply|단순히 생각하다|to think simply|단순히 말하면|simply speaking
명절1|holiday|전통 명절|traditional holiday|명절 음식|holiday food
둘러보다|to look around|박물관을 둘러보다|to look around the museum|시장을 둘러보다|to browse the market
달려가다|to run to|병원으로 달려가다|to run to the hospital|급히 달려가다|to rush over
출국하다|to leave the country|내일 출국하다|to leave the country tomorrow|출국 수속|departure procedures
갚다|to repay|돈을 갚다|to repay money|은혜를 갚다|to repay a favor
방문3|visit|병원 방문|hospital visit|방문 일정|visit schedule
리포터|reporter|뉴스 리포터|news reporter|현장 리포터|field reporter
근육|muscle|근육 운동|muscle exercise|근육이 아프다|muscles hurt
불만|dissatisfaction|불만을 표시하다|to express dissatisfaction|불만이 많다|to have many complaints
포스터1|poster|영화 포스터|movie poster|포스터를 붙이다|to put up a poster
절차2|procedure|신청 절차|application procedure|복잡한 절차|complicated procedure
종9|type|새로운 종|new type|다양한 종|various types
차다1|to be full|물이 차다|to be full of water|가득 차다|to be completely full
전체적|overall|전체적인 계획|overall plan|전체적으로 보다|to view overall
관객|audience|영화 관객|movie audience|관객 반응|audience reaction
메다2|to carry|총을 메다|to carry a gun|가방을 메다|to carry a bag
추가2|addition|추가 요금|additional fee|추가로 주문하다|to order additionally
밀리미터|millimeter|5밀리미터|5 millimeters|밀리미터 단위|millimeter unit
식료품|groceries|식료품점|grocery store|식료품을 사다|to buy groceries
얼음1|ice|얼음물|ice water|얼음을 넣다|to add ice
열7|fever|열이 나다|to have a fever|열을 재다|to take temperature
장갑1|gloves|장갑을 끼다|to put on gloves|겨울 장갑|winter gloves
뛰어나다|to be outstanding|뛰어난 실력|outstanding ability|성적이 뛰어나다|to have excellent grades
계산1|calculation|계산을 하다|to calculate|계산이 틀리다|the calculation is wrong
올려놓다|to put up|책상에 올려놓다|to put on the desk|높이 올려놓다|to put up high
많아지다|to increase|사람이 많아지다|people increase|일이 많아지다|work increases
저5|well|저, 실례합니다|well, excuse me|저, 잠깐만요|well, wait a moment
연락처|contact information|연락처를 알려주다|to give contact info|연락처를 바꾸다|to change contact info
출신|origin|서울 출신|from Seoul|대학 출신|university graduate
전기15|electricity|전기가 나가다|electricity goes out|전기를 켜다|to turn on electricity
몸무게|body weight|몸무게를 재다|to weigh oneself|몸무게가 늘다|to gain weight
예상하다|to expect|결과를 예상하다|to expect results|예상하지 못하다|to not expect
틀리다1|to be wrong|답이 틀리다|the answer is wrong|계산이 틀리다|the calculation is wrong
아랫사람|subordinate|아랫사람을 돌보다|to care for subordinates|아랫사람에게 친절하다|to be kind to subordinates
승리|victory|승리를 거두다|to achieve victory|승리의 기쁨|joy of victory
딱3|exactly|딱 맞다|to fit exactly|딱 좋다|to be just right
삼거리|three-way intersection|삼거리에서 만나다|to meet at the intersection|삼거리를 지나다|to pass the intersection
우크라이나|Ukraine|우크라이나 사람|Ukrainian person|우크라이나에 가다|to go to Ukraine
부족1|shortage|물 부족|water shortage|부족한 점|lacking points
파1|green onion|파를 썰다|to chop green onions|파 한 단|one bunch of green onions
소개2|introduction|자기소개|self-introduction|친구를 소개하다|to introduce a friend
토론1|discussion|토론을 하다|to have a discussion|토론 주제|discussion topic
남이섬|Nami Island|남이섬에 가다|to go to Nami Island|남이섬 여행|Nami Island trip
깊이1|depth|물의 깊이|depth of water|깊이 생각하다|to think deeply
고급2|luxury|고급 호텔|luxury hotel|고급 브랜드|luxury brand
선풍기|electric fan|선풍기를 켜다|to turn on the fan|선풍기 바람|fan breeze
선14|line|전화선|telephone line|지하철 선|subway line
고생|hardship|고생을 하다|to suffer hardship|고생이 많다|to have many hardships
교통편|transportation|교통편이 좋다|good transportation|교통편을 찾다|to find transportation
전략|strategy|마케팅 전략|marketing strategy|전략을 세우다|to establish a strategy
이뤄지다|to be achieved|꿈이 이뤄지다|dreams come true|합의가 이뤄지다|agreement is reached
답장|reply|답장을 하다|to reply|답장이 오다|to receive a reply
성적1|grades|성적이 좋다|good grades|성적표를 받다|to receive a report card
정상11|summit|산의 정상|mountain summit|정상에 오르다|to reach the summit
조끼|vest|조끼를 입다|to wear a vest|털 조끼|wool vest
직전2|just before|시험 직전|just before the exam|출발 직전|just before departure
굵다|to be thick|굵은 나무|thick tree|굵게 쓰다|to write thickly
숙박하다|to stay overnight|호텔에 숙박하다|to stay at a hotel|숙박 시설|accommodation facilities
계단4|stairs|계단을 오르다|to go up stairs|계단이 가파르다|stairs are steep
깨끗이|cleanly|깨끗이 씻다|to wash cleanly|깨끗이 정리하다|to organize neatly
캠핑장|campground|캠핑장에서 자다|to sleep at campground|캠핑장을 예약하다|to reserve a campground
출시|launch|신제품 출시|new product launch|출시일이 정해지다|launch date is set
낡다1|to be old|낡은 책|old book|낡아서 버리다|to throw away because it's old
부케|bouquet|꽃 부케|flower bouquet|부케를 던지다|to throw a bouquet
붙잡다|to grab|손을 붙잡다|to grab someone's hand|기회를 붙잡다|to seize an opportunity
붉다1|to be red|붉은 꽃|red flower|얼굴이 붉다|face is red
씹다1|to chew|음식을 씹다|to chew food|껌을 씹다|to chew gum
탁1|with a thud|탁 소리가 나다|to make a thud sound|탁 치다|to hit with a thud
아무래도|probably|아무래도 늦을 것 같다|probably will be late|아무래도 힘들어요|it's probably difficult
동영상|video|동영상을 보다|to watch a video|동영상을 올리다|to upload a video
전달하다2|to deliver|메시지를 전달하다|to deliver a message|소식을 전달하다|to convey news
연구소|research institute|연구소에서 일하다|to work at a research institute|국립 연구소|national research institute
어리다1|to well up|눈물이 어리다|tears well up|눈에 어리다|to well up in eyes
거치다1|to go through|과정을 거치다|to go through a process|검사를 거치다|to undergo inspection
이사14|moving|이사를 하다|to move house|이사 준비|moving preparations
대학원|graduate school|대학원에 진학하다|to enter graduate school|대학원생|graduate student
도전하다|to challenge|새로운 일에 도전하다|to challenge new work|도전하는 정신|challenging spirit
들르다|to drop by|집에 들르다|to drop by home|잠깐 들르다|to stop by briefly
이틀1|two days|이틀 동안|for two days|이틀 후|after two days
치르다|to take|시험을 치르다|to take an exam|대가를 치르다|to pay a price
이하2|below|18세 이하|18 years old and below|100원 이하|100 won or less
먼지1|dust|먼지를 털다|to dust off|먼지가 쌓이다|dust accumulates
테스트|test|테스트를 하다|to do a test|테스트 결과|test results
해결2|solution|문제 해결|problem solving|해결 방법|solution method
친분|friendship|친분을 쌓다|to build friendship|친분이 있다|to have a friendship
옅다|to be light|색이 옅다|color is light|맛이 옅다|taste is mild
근로자|worker|근로자의 권리|workers' rights|근로자를 보호하다|to protect workers
거절하다1|to refuse|제안을 거절하다|to refuse a proposal|거절할 수 없다|cannot refuse
결론2|conclusion|결론을 내리다|to draw a conclusion|결론적으로|in conclusion
글쎄1|well|글쎄요|well|글쎄 모르겠어요|well, I don't know
좌석|seat|좌석을 예약하다|to reserve a seat|좌석 번호|seat number
가짜|fake|가짜 물건|fake goods|가짜인지 확인하다|to check if it's fake
변화하다|to change|급격히 변화하다|to change rapidly|사회가 변화하다|society changes
하긴|well|하긴 그렇지|well, that's true|하긴 맞는 말이야|well, you're right
실험|experiment|과학 실험|science experiment|실험을 하다|to conduct an experiment
결정되다1|to be decided|날짜가 결정되다|the date is decided|결과가 결정되다|the result is decided
아침저녁|morning and evening|아침저녁으로|morning and evening|아침저녁 인사|morning and evening greetings
연속2|succession|연속 드라마|serial drama|연속으로 하다|to do consecutively
불안1|anxiety|불안한 마음|anxious heart|불안을 느끼다|to feel anxiety
쫓기다|to be chased|경찰에게 쫓기다|to be chased by police|시간에 쫓기다|to be pressed for time
솔직하다|to be honest|솔직한 말|honest words|솔직하게 말하다|to speak honestly
여유|leisure|시간 여유|spare time|여유가 있다|to have leisure
엑스레이|X-ray|엑스레이 촬영|X-ray imaging|엑스레이를 찍다|to take an X-ray
흔적|trace|발자국 흔적|footprint traces|흔적을 남기다|to leave traces
킬로미터|kilometer|몇 킬로미터|how many kilometers|킬로미터당|per kilometer
야식|late-night snack|야식을 먹다|to eat late-night snacks|야식 배달|late-night snack delivery
범행|crime|범행 현장|crime scene|범행을 저지르다|to commit a crime
파도|wave|큰 파도|big waves|파도가 치다|waves crash
십중팔구|nine times out of ten|십중팔구 맞다|nine times out of ten it's right|십중팔구 올 거야|nine times out of ten he'll come
주문하다1|to order|음식을 주문하다|to order food|온라인으로 주문하다|to order online
단9|only|한 개 단|only one|이것 단|only this
기운1|energy|기운이 없다|to have no energy|기운을 내다|to cheer up
웃기다|to be funny|정말 웃기다|really funny|웃기는 이야기|funny story
예금1|deposit|은행 예금|bank deposit|예금을 하다|to make a deposit
깨지다|to break|유리가 깨지다|glass breaks|접시가 깨지다|plate breaks
입구2|entrance|건물 입구|building entrance|입구에서 만나다|to meet at the entrance
입학|admission|대학 입학|university admission|입학을 하다|to enter school
생활비|living expenses|한 달 생활비|monthly living expenses|생활비가 부족하다|living expenses are insufficient
바이러스|virus|바이러스 감염|virus infection|컴퓨터 바이러스|computer virus
물다2|to bite|담배를 물다|to bite a cigarette|파이프를 물다|to bite a pipe
녹다1|to melt|얼음이 녹다|ice melts|눈이 녹다|snow melts
숙|lodge|민숙집|private lodge|여관숙|inn lodge
어느새|before one knows|어느새 시간이|time passed before I knew|어느새 어른이|became an adult before knowing
낯설다|to be unfamiliar|낯선 사람|unfamiliar person|낯선 곳|unfamiliar place
신호1|signal|교통 신호|traffic signal|신호를 보내다|to send a signal
초7|second|몇 초|a few seconds|30초 후|after 30 seconds
휠체어|wheelchair|휠체어를 타다|to ride a wheelchair|휠체어 접근|wheelchair access
요소|element|중요한 요소|important element|핵심 요소|key element
반대하다1|to oppose|계획을 반대하다|to oppose the plan|강력히 반대하다|to strongly oppose
구인|job opening|구인 광고|job opening advertisement|구인 정보|job opening information
진실2|truth|진실을 말하다|to tell the truth|진실한 마음|truthful heart
아이고|oh my|아이고 힘들어|oh my, it's hard|아이고 깜짝이야|oh my, what a surprise
이력서|resume|이력서를 쓰다|to write a resume|이력서 제출|resume submission
수학3|study|해외 수학|studying abroad|수학 기간|study period
가스|gas|가스 요금|gas bill|가스를 켜다|to turn on gas
어지럽다|to be dizzy|머리가 어지럽다|head is dizzy|어지러운 느낌|dizzy feeling
취향1|taste|개인 취향|personal taste|취향이 다르다|tastes are different
먹이다|to feed|아이에게 먹이다|to feed a child|새에게 먹이다|to feed birds
캠퍼스|campus|대학 캠퍼스|university campus|캠퍼스 생활|campus life
답하다|to answer|질문에 답하다|to answer a question|편지에 답하다|to reply to a letter
무시하다|to ignore|조언을 무시하다|to ignore advice|완전히 무시하다|to completely ignore
굉장하다|to be amazing|굉장한 실력|amazing skill|굉장히 좋다|amazingly good
비판1|criticism|날카로운 비판|sharp criticism|비판을 받다|to receive criticism
차갑다|to be cold|차가운 물|cold water|손이 차갑다|hands are cold
취업|employment|취업 준비|job preparation|취업에 성공하다|to succeed in getting a job
아뇨1|no|아뇨, 괜찮아요|no, it's okay|아뇨, 아닙니다|no, it's not
관찰하다|to observe|동물을 관찰하다|to observe animals|자세히 관찰하다|to observe closely
화면5|screen|컴퓨터 화면|computer screen|화면을 보다|to look at the screen
정치적|political|정치적 문제|political issue|정치적 상황|political situation
끼다3|to insert|반지를 끼다|to put on a ring|장갑을 끼다|to put on gloves
잔소리가|nagging|잔소리가 많다|to nag a lot|잔소리가 심하다|nagging is severe
긴장되다|to be nervous|시험이 긴장된다|to be nervous about the exam|긴장되는 순간|nervous moment
날개1|wing|새의 날개|bird's wing|날개를 펼치다|to spread wings
동기4|motive|범행 동기|criminal motive|동기가 불분명하다|motive is unclear
잔뜩|a lot|잔뜩 쌓이다|to pile up a lot|화가 잔뜩 나다|to be very angry
단지8|complex|아파트 단지|apartment complex|주거 단지|residential complex
겁5|fear|겁이 나다|to be scared|겁을 먹다|to get frightened
유|oil|참기름 유|sesame oil|기름 유|oil character
물속|underwater|물속에 들어가다|to go underwater|물속 생물|underwater creatures
가리다2|to block|시야를 가리다|to block the view|햇빛을 가리다|to block sunlight
어색하다2|to be awkward|분위기가 어색하다|atmosphere is awkward|어색한 침묵|awkward silence
소나무|pine tree|소나무 숲|pine forest|소나무 향기|pine tree scent
형광등|fluorescent light|형광등을 켜다|to turn on fluorescent light|형광등이 깜빡이다|fluorescent light flickers
대응2|response|적절한 대응|appropriate response|대응 방안|response plan
머무르다|to stay|호텔에 머무르다|to stay at a hotel|잠시 머무르다|to stay briefly
태우다1|to burn|쓰레기를 태우다|to burn trash|불에 태우다|to burn in fire
추천3|recommendation|책 추천|book recommendation|추천 목록|recommendation list
딴3|other|딴 일|other work|딴 사람|other person
서투르다|to be clumsy|서투른 솜씨|clumsy skills|아직 서투르다|still clumsy
설치하다1|to install|에어컨을 설치하다|to install air conditioning|프로그램을 설치하다|to install a program
몇몇|some|몇몇 사람들|some people|몇몇 문제|some problems
삼삼오오|in small groups|삼삼오오 모이다|to gather in small groups|삼삼오오 걷다|to walk in small groups
실패2|failure|실패의 원인|cause of failure|실패를 인정하다|to admit failure
세계적|global|세계적인 문제|global problem|세계적으로 유명하다|to be world-famous
제기차기|jegichagi|제기차기를 하다|to play jegichagi|제기차기 놀이|jegichagi game
인정|recognition|인정을 받다|to receive recognition|인정하지 않다|to not acknowledge
안전3|safety|안전한 곳|safe place|안전을 확인하다|to check safety
숙박비|accommodation fee|숙박비가 비싸다|accommodation is expensive|숙박비를 지불하다|to pay accommodation fee
분노|anger|분노를 표현하다|to express anger|분노가 치밀다|anger wells up
이상12|abnormality|이상한 소리|strange sound|이상이 없다|there's no problem
체중1|body weight|체중을 재다|to weigh oneself|체중이 늘다|to gain weight
감다1|to close|눈을 감다|to close eyes|눈을 꼭 감다|to close eyes tightly
틀다|to turn on|라디오를 틀다|to turn on the radio|음악을 틀다|to play music
포장1|packaging|포장을 뜯다|to unwrap packaging|포장이 예쁘다|the packaging is pretty
묶다|to tie|끈으로 묶다|to tie with string|머리를 묶다|to tie up hair
가지1|eggplant|가지를 볶다|to stir-fry eggplant|가지 요리|eggplant dish
추리닝|tracksuit|추리닝을 입다|to wear a tracksuit|추리닝 바지|tracksuit pants
무리1|group|무리를 이루다|to form a group|무리에서 떨어지다|to fall behind the group
고추1|chili pepper|고추를 넣다|to add chili pepper|고추가 맵다|the chili is spicy
절약하다|to save|돈을 절약하다|to save money|전기를 절약하다|to save electricity
쿠션|cushion|쿠션을 놓다|to place a cushion|부드러운 쿠션|soft cushion
규칙2|rule|규칙을 지키다|to follow rules|규칙을 어기다|to break rules
혼|soul|혼을 내다|to scold|혼이 나다|to get scolded
어이|expression of surprise|어이가 없다|to be speechless|어이 저기요|hey there
아마도|probably|아마도 맞을 거야|probably right|아마도 올 것이다|probably will come
식후|after meals|식후 30분|30 minutes after meals|식후 운동|exercise after meals
구독|subscription|구독 신청|subscription application|구독을 취소하다|to cancel subscription
안방2|master bedroom|안방에서 자다|to sleep in master bedroom|안방 침대|master bedroom bed
앉히다|to seat|아이를 앉히다|to seat a child|의자에 앉히다|to seat on a chair
작전|strategy|작전을 세우다|to devise a strategy|작전 회의|strategy meeting
앓다|to be sick|감기를 앓다|to suffer from a cold|오래 앓다|to be sick for long
지원서|application form|지원서를 제출하다|to submit application|지원서 작성|filling out application
완성1|completion|작품의 완성|completion of work|완성을 위해|for completion
오직1|only|오직 너만|only you|오직 하나뿐|only one
재활용품|recyclables|재활용품 분리|separating recyclables|재활용품 수거|recyclable collection
확보하다|to secure|자금을 확보하다|to secure funds|안전을 확보하다|to secure safety
자신2|confidence|자신이 있다|to have confidence|자신을 잃다|to lose confidence
뛰어놀다|to run around playing|아이들이 뛰어놀다|children running around playing|마당에서 뛰어놀다|to play around in the yard
알아내다|to find out|진실을 알아내다|to find out the truth|방법을 알아내다|to figure out a way
호랑이|tiger|호랑이 굴|tiger's den|호랑이처럼 용맹하다|to be brave like a tiger
일석이조|killing two birds with one stone|일석이조의 효과|effect of killing two birds with one stone|일석이조다|it's killing two birds with one stone
덮다|to cover|이불로 덮다|to cover with blanket|뚜껑을 덮다|to put on a lid
덜1|less|덜 달다|less sweet|덜 먹다|to eat less
판소리|traditional Korean narrative singing|판소리 공연|pansori performance|판소리를 배우다|to learn pansori
귀찮다|to be bothersome|일이 귀찮다|work is bothersome|귀찮은 일|bothersome task
둥글다1|to be round|둥근 모양|round shape|둥글게 만들다|to make round
학과1|department|영어학과|English department|학과 선택|department selection
쯧|tsk|쯧쯧 소리|tsk-tsk sound|쯧 하고 혀를 차다|to click tongue saying tsk
본래|originally|본래 계획|original plan|본래 모습|original appearance
재우다1|to marinate|고기를 재우다|to marinate meat|양념에 재우다|to marinate in seasoning
임무1|mission|중요한 임무|important mission|임무를 수행하다|to carry out a mission
세금1|tax|세금을 내다|to pay taxes|소득세금|income tax
정신없이|frantically|정신없이 바쁘다|frantically busy|정신없이 뛰다|to run frantically
똥|poop|개똥|dog poop|똥을 싸다|to poop
적극|active|적극적인 자세|active attitude|적극 참여|active participation
덕수궁|Deoksugung Palace|덕수궁 관람|visiting Deoksugung|덕수궁 근처|near Deoksugung
광주|Gwangju|광주 여행|trip to Gwangju|광주 출신|from Gwangju
최소한|minimum|최소한의 비용|minimum cost|최소한 한 번|at least once
환하다1|to be bright|환한 미소|bright smile|환하게 웃다|to smile brightly
아깝다|to be wasteful|시간이 아깝다|time is precious|돈이 아깝다|money is wasted
경험하다|to experience|새로운 경험하다|to experience something new|직접 경험하다|to experience directly
초보자|beginner|초보자 과정|beginner course|초보자를 위한|for beginners
농담1|joke|농담을 하다|to make a joke|재미있는 농담|funny joke
또다시|once again|또다시 시작하다|to start once again|또다시 만나다|to meet once again
초청하다|to invite|파티에 초청하다|to invite to a party|정식으로 초청하다|to formally invite
파리1|fly|파리가 날다|fly buzzing|파리를 잡다|to catch a fly
위반3|violation|교통 위반|traffic violation|규칙 위반|rule violation
그다지|not so much|그다지 좋지 않다|not so good|그다지 중요하지 않다|not so important
불구하다2|despite|어려움에 불구하다|despite difficulties|반대에 불구하다|despite opposition
몰다1|to drive|차를 몰다|to drive a car|택시를 몰다|to drive a taxi
일자리|job|좋은 일자리|good job|일자리를 찾다|to find a job
신규|new|신규 회원|new member|신규 사업|new business
알1|egg|달걀 알|chicken egg|알을 깨다|to crack an egg
관람객|visitor|관람객이 많다|many visitors|관람객을 위한|for visitors
아아1|ah|아아, 그렇구나|ah, I see|아아, 힘들다|ah, it's hard
앞서다|to be ahead|시간에 앞서다|to be ahead of time|남들보다 앞서다|to be ahead of others
깨우다1|to wake up|아이를 깨우다|to wake up a child|일찍 깨우다|to wake up early
지적1|intellectual|지적 능력|intellectual ability|지적인 사람|intellectual person
오래전|long ago|오래전 일|something from long ago|오래전부터|from long ago
합격하다|to pass|시험에 합격하다|to pass an exam|합격한 학생|student who passed
응원하다|to cheer|팀을 응원하다|to cheer for a team|열심히 응원하다|to cheer enthusiastically
자격4|qualification|자격을 얻다|to obtain qualification|자격이 있다|to be qualified
알레르기|allergy|알레르기 반응|allergic reaction|알레르기가 있다|to have allergies
청년|young person|청년 세대|young generation|청년 취업|youth employment
끄덕이다|to nod|고개를 끄덕이다|to nod one's head|끄덕이며 듣다|to listen while nodding
수집하다2|to collect|우표를 수집하다|to collect stamps|자료를 수집하다|to collect data
상상하다3|to imagine|미래를 상상하다|to imagine the future|상상하기 어렵다|hard to imagine
마음속|in one's heart|마음속 생각|thoughts in one's heart|마음속으로 말하다|to say in one's heart
골고루|evenly|골고루 나누다|to divide evenly|골고루 섞다|to mix evenly
통과하다|to pass through|터널을 통과하다|to pass through a tunnel|검사를 통과하다|to pass inspection
뼈|bone|뼈가 부러지다|bone is broken|뼈까지 아프다|to hurt to the bone
핸들|handle|핸들을 돌리다|to turn the handle|핸들을 잡다|to grab the handle
마주치다|to encounter|친구를 마주치다|to run into a friend|우연히 마주치다|to encounter by chance
연결되다|to be connected|전화가 연결되다|phone is connected|인터넷에 연결되다|to be connected to internet
늦추다|to slow down|속도를 늦추다|to slow down speed|시간을 늦추다|to delay time
경북|Gyeongbuk|경북 지역|Gyeongbuk region|경북 출신|from Gyeongbuk
장사1|business|장사를 하다|to do business|장사가 잘되다|business is going well
안내서|guidebook|여행 안내서|travel guidebook|안내서를 보다|to look at guidebook
뻗다|to stretch|손을 뻗다|to stretch out one's hand|뿌리가 뻗다|roots spread out
제한1|restriction|시간 제한|time limit|제한이 있다|there is a restriction
술자리|drinking gathering|술자리에 참석하다|to attend a drinking party|회사 술자리|company drinking gathering
집중2|concentration|집중이 필요하다|concentration is needed|집중 시간|concentration time
차다2|to kick|공을 차다|to kick a ball|축구공을 차다|to kick a soccer ball
체온|body temperature|체온을 재다|to take body temperature|체온이 높다|body temperature is high
사과하다2|to apologize|진심으로 사과하다|to sincerely apologize|사과하고 싶다|want to apologize
취하다3|to get drunk|술에 취하다|to get drunk|많이 취했다|got very drunk
콘센트|electrical outlet|콘센트에 꽂다|to plug into outlet|콘센트가 없다|there's no outlet
시체|corpse|시체를 발견하다|to discover a corpse|시체 검사|corpse examination
콩1|bean|콩을 삶다|to boil beans|검은 콩|black beans
영양제|nutritional supplement|영양제를 먹다|to take supplements|비타민 영양제|vitamin supplement
로|by means of|버스로 가다|to go by bus|이메일로 보내다|to send by email
너머|beyond|산 너머|beyond the mountain|바다 너머|beyond the sea
수납|storage|수납 공간|storage space|수납장에 넣다|to put in storage
발사|launch|로켓 발사|rocket launch|발사 준비|launch preparation
동기7|motive|범행 동기|criminal motive|동기가 불분명하다|motive is unclear
수리|repair|수리가 필요하다|repair is needed|수리 비용|repair cost
제공4|provision|서비스 제공|service provision|정보를 제공하다|to provide information
순수하다2|to be pure|순수한 마음|pure heart|순수하게 생각하다|to think purely
공공장소|public place|공공장소에서|in public places|공공장소 금연|no smoking in public places
협상|negotiation|협상을 하다|to negotiate|협상 테이블|negotiation table
큰일1|big trouble|큰일이 났다|big trouble happened|큰일을 당하다|to face big trouble
다다익선|the more the better|사람은 다다익선|more people is better|돈은 다다익선|more money is better
원장7|director|병원 원장|hospital director|원장님께 인사|greet the director
대단히|very much|대단히 감사합니다|thank you very much|대단히 어렵다|very difficult
정원6|garden|아름다운 정원|beautiful garden|정원을 가꾸다|to tend a garden
이따|later|이따 봐요|see you later|이따 만나자|let's meet later
마주1|face to face|마주 앉다|to sit face to face|마주 보다|to face each other
길거리|street|길거리 음식|street food|길거리에서 만나다|to meet on the street
활동하다1|to be active|적극적으로 활동하다|to be actively involved|동아리에서 활동하다|to be active in a club
온통|entirely|온통 하얗다|entirely white|온통 젖었다|completely soaked
게으르다|to be lazy|게으른 학생|lazy student|게으르게 지내다|to live lazily
플레이어|player|음악 플레이어|music player|DVD 플레이어|DVD player
지치다1|to be tired|일에 지치다|to be tired from work|몸이 지치다|to be physically tired
오픈카|convertible|오픈카를 타다|to ride in a convertible|오픈카 드라이브|convertible drive
데이터|data|데이터를 분석하다|to analyze data|중요한 데이터|important data
혀1|tongue|혀를 내밀다|to stick out tongue|혀가 아프다|tongue hurts
재학2|enrollment|대학교 재학|university enrollment|재학 중이다|to be enrolled
뜯다|to tear|편지를 뜯다|to open a letter|포장을 뜯다|to tear packaging
확대하다2|to expand|사업을 확대하다|to expand business|규모를 확대하다|to expand scale
찾아다니다|to search around|집을 찾아다니다|to search for a house|일자리를 찾아다니다|to search for jobs
학습|learning|언어 학습|language learning|학습 능력|learning ability
후춧가루|pepper powder|후춧가루를 뿌리다|to sprinkle pepper|검은 후춧가루|black pepper powder
그렇지|that's right|그렇지 않다|that's not right|그렇지 뭐|that's right
따라오다|to follow|뒤를 따라오다|to follow behind|천천히 따라오다|to follow slowly
마침2|just then|마침 왔네요|you came just in time|마침 좋다|perfect timing
입히다|to dress|옷을 입히다|to dress someone|아이에게 입히다|to dress a child
모드|mode|게임 모드|game mode|절약 모드|saving mode
신용1|credit|신용 카드|credit card|신용을 잃다|to lose credit
헬스클럽|gym|헬스클럽에 가다|to go to the gym|헬스클럽 회원|gym member
너무너무|very very|너무너무 좋아요|I like it very very much|너무너무 예뻐|very very pretty
온몸|whole body|온몸이 아프다|the whole body hurts|온몸에 힘을 주다|to tense the whole body
입학식|entrance ceremony|입학식에 참석하다|to attend the entrance ceremony|입학식 준비|entrance ceremony preparation
넘기다|to skip|밥을 넘기다|to skip a meal|페이지를 넘기다|to turn the page
정신적|mental|정신적 스트레스|mental stress|정신적으로 힘들다|to be mentally difficult
개념|concept|기본 개념|basic concept|개념을 이해하다|to understand the concept
특가|special price|특가 상품|special price product|특가로 판매하다|to sell at special price
놔두다|to leave alone|그냥 놔두세요|just leave it alone|책상에 놔두다|to leave on the desk
근육이|muscle|근육이 아프다|muscles hurt|근육이 생기다|muscles develop
짜증|irritation|짜증이 나다|to get irritated|짜증을 내다|to show irritation
한꺼번에|all at once|한꺼번에 하다|to do all at once|한꺼번에 사다|to buy all at once
장난|joke|장난하지 마|don't joke around|장난을 치다|to play pranks
적당히|moderately|적당히 먹어요|eat moderately|적당히 하세요|do it moderately
참가자|participant|참가자 명단|participant list|참가자를 모집하다|to recruit participants
낚시|fishing|낚시를 하다|to go fishing|낚시 도구|fishing equipment
신기다|to be amazing|정말 신기해요|it's really amazing|신기한 일|amazing thing
힘주다|to exert force|힘주어 당기다|to pull with force|목소리에 힘주다|to put strength in voice
다가가다|to approach|천천히 다가가다|to approach slowly|먼저 다가가다|to approach first
조리|cooking|조리법을 배우다|to learn cooking methods|조리 도구|cooking utensils
대강2|roughly|대강 설명하다|to explain roughly|대강 알겠어요|I understand roughly
증상1|symptom|감기 증상|cold symptoms|증상이 나타나다|symptoms appear
출연하다2|to appear|드라마에 출연하다|to appear in a drama|출연한 배우|actor who appeared
반복하다1|to repeat|같은 실수를 반복하다|to repeat the same mistake|반복해서 연습하다|to practice repeatedly
강제1|coercion|강제로 하다|to do by force|강제 조치|coercive measures
인근|nearby area|인근 지역|nearby area|인근 주민|nearby residents
뛰어들다|to jump into|물에 뛰어들다|to jump into water|일에 뛰어들다|to throw oneself into work
경비2|expenses|생활 경비|living expenses|경비를 절약하다|to save expenses
머리카락|hair|머리카락이 빠지다|hair falls out|긴 머리카락|long hair
신부10|bride|아름다운 신부|beautiful bride|신부와 신랑|bride and groom
급히|urgently|급히 가다|to go urgently|급히 처리하다|to handle urgently
간식2|snack|오후 간식|afternoon snack|간식을 먹다|to eat a snack
오징어|squid|오징어 볶음|stir-fried squid|마른 오징어|dried squid
직접적으로|directly|직접적으로 말하다|to speak directly|직접적으로 영향을 주다|to directly influence
바퀴1|wheel|네 바퀴|four wheels|바퀴가 돌다|wheel turns
용돈|allowance|용돈을 주다|to give allowance|용돈이 부족하다|allowance is insufficient
질8|quality|좋은 질|good quality|질이 떨어지다|quality deteriorates
백신|vaccine|코로나 백신|COVID vaccine|백신을 맞다|to get vaccinated
전자6|electron|전자 제품|electronic products|전자 기기|electronic device
편식|picky eating|편식하지 마세요|don't be picky about food|편식 습관|picky eating habit
자신감|confidence|자신감이 있다|to have confidence|자신감을 잃다|to lose confidence
전해지다|to be transmitted|소식이 전해지다|news is transmitted|이야기가 전해지다|story is passed down
저층|low floor|저층 아파트|low-rise apartment|저층에 살다|to live on a low floor
그놈|that guy|그놈이 누구야|who is that guy|그놈 때문에|because of that guy
활발하다|to be active|활발한 성격|active personality|활발하게 활동하다|to be actively involved
경기장|stadium|축구 경기장|soccer stadium|경기장에 가다|to go to the stadium
걸치다|to put on|어깨에 걸치다|to put on shoulders|코트를 걸치다|to put on a coat
가리다3|to distinguish|시비를 가리다|to distinguish right from wrong|옳고 그름을 가리다|to distinguish right from wrong
이심전심|telepathy|이심전심으로 통하다|to communicate telepathically|이심전심이네요|it's like telepathy
잇따르다|to follow consecutively|사고가 잇따르다|accidents occur consecutively|좋은 소식이 잇따르다|good news follows
껍질|peel|과일 껍질|fruit peel|달걀 껍질|eggshell
유지|to maintain|건강을 유지하다|to maintain health|관계를 유지하다|to maintain a relationship
내부4|interior|건물 내부|building interior|내부 구조|internal structure
명령1|command|명령을 내리다|to give a command|명령에 따르다|to follow orders
가입하다|to join|회원으로 가입하다|to join as a member|동아리에 가입하다|to join a club
데프콘|DEFCON|데프콘 상황|DEFCON situation|데프콘 단계|DEFCON level
몰래1|secretly|몰래 나가다|to go out secretly|몰래 숨기다|to hide secretly
곤란하다|to be difficult|매우 곤란하다|to be very difficult|곤란한 상황|difficult situation
화제7|topic|화제가 되다|to become a topic|화제를 바꾸다|to change the topic
무조건|unconditionally|무조건 찬성하다|to agree unconditionally|무조건 믿다|to trust unconditionally
과식|overeating|과식을 하다|to overeat|과식이 문제다|overeating is a problem
공룡|dinosaur|공룡 화석|dinosaur fossil|공룡 시대|dinosaur era
반장8|class president|반장을 뽑다|to elect a class president|반장이 되다|to become class president
자부심|pride|자부심을 갖다|to have pride|자부심이 강하다|to have strong pride
갇히다|to be trapped|방에 갇히다|to be trapped in a room|엘리베이터에 갇히다|to be stuck in an elevator
부근3|vicinity|학교 부근|vicinity of school|집 부근|near home
따로따로1|separately|따로따로 앉다|to sit separately|따로따로 살다|to live separately
데뷔|debut|가수로 데뷔하다|to debut as a singer|데뷔 무대|debut stage
역사가|historian|유명한 역사가|famous historian|역사가의 연구|historian's research
속이다|to deceive|사람을 속이다|to deceive someone|거짓말로 속이다|to deceive with lies
연결1|connection|인터넷 연결|internet connection|연결이 끊어지다|connection is cut off
연구자|researcher|과학 연구자|scientific researcher|연구자가 되다|to become a researcher
엠티|MT|엠티를 가다|to go on MT|엠티 준비|MT preparation
미션|mission|미션을 수행하다|to carry out a mission|특별한 미션|special mission
조그맣다|to be small|조그만 집|small house|조그맣게 보이다|to look small
난방2|heating|난방 시설|heating facilities|난방비가 비싸다|heating costs are expensive
드래곤|dragon|드래곤 영화|dragon movie|드래곤 캐릭터|dragon character
줄기1|stem|꽃 줄기|flower stem|나무 줄기|tree trunk
횡설수설|nonsense|횡설수설하다|to talk nonsense|횡설수설한 말|nonsensical words
리뷰|review|영화 리뷰|movie review|리뷰를 쓰다|to write a review
권하다|to recommend|책을 권하다|to recommend a book|친구에게 권하다|to recommend to a friend
재학생|current student|재학생 할인|student discount|재학생 증명서|student ID certificate
찍히다2|to be stamped|도장이 찍히다|to be stamped|여권에 찍히다|to be stamped on passport
끝내|finally|끝내 성공했다|finally succeeded|끝내 포기했다|finally gave up
게시판|bulletin board|학교 게시판|school bulletin board|게시판에 올리다|to post on bulletin board
따위|and such|돈 따위|money and such|그런 따위|such things
대문3|main gate|집 대문|house gate|대문을 열다|to open the gate
생년월일|date of birth|생년월일을 쓰다|to write date of birth|생년월일 확인|date of birth verification
성능|performance|컴퓨터 성능|computer performance|성능이 좋다|good performance
시내3|downtown|시내 중심가|downtown center|시내로 나가다|to go downtown
진통제|painkiller|진통제를 먹다|to take painkillers|두통 진통제|headache medicine
넘어지다|to fall down|길에서 넘어지다|to fall on the road|계단에서 넘어지다|to fall down stairs
신2|shoes|새 신|new shoes|신을 벗다|to take off shoes
안전띠|seatbelt|안전띠를 매다|to fasten seatbelt|안전띠 착용|wearing seatbelt
시청자|viewer|TV 시청자|TV viewer|시청자 의견|viewer opinion
쏟다|to spill|물을 쏟다|to spill water|커피를 쏟다|to spill coffee
고집이|stubbornness|고집이 세다|to be stubborn|고집을 부리다|to be obstinate
보호하다|to protect|환경을 보호하다|to protect environment|아이를 보호하다|to protect a child
외교1|diplomacy|국제 외교|international diplomacy|외교 관계|diplomatic relations
과음|excessive drinking|과음하다|to drink excessively|과음을 피하다|to avoid excessive drinking
지점1|branch|은행 지점|bank branch|지점을 방문하다|to visit a branch
과장7|section chief|영업 과장|sales section chief|과장님께 보고하다|to report to the section chief
선반|shelf|책 선반|bookshelf|선반에 놓다|to put on a shelf
확인2|confirmation|예약 확인|reservation confirmation|확인이 필요하다|confirmation is needed
신청1|application|입학 신청|school application|신청서를 제출하다|to submit an application
과목2|subject|필수 과목|required subject|과목을 선택하다|to choose a subject
욕심|greed|욕심이 많다|to be greedy|욕심을 부리다|to be greedy
아픔|pain|마음의 아픔|heartache|아픔을 견디다|to endure pain
합창|chorus|합창 연습|chorus practice|합창을 하다|to sing in chorus
박스|box|택배 박스|delivery box|박스를 포장하다|to pack a box
알아듣다|to understand|말을 알아듣다|to understand words|잘 알아들었어요|I understood well
존경하다|to respect|선생님을 존경하다|to respect the teacher|존경받는 사람|respected person
전원|all members|전원 참석|full attendance|전원이 동의하다|all members agree
연기9|smoke|담배 연기|cigarette smoke|연기가 나다|smoke comes out
오해하다|to misunderstand|말을 오해하다|to misunderstand words|오해가 생기다|a misunderstanding arises
영원히|forever|영원히 기억하다|to remember forever|영원히 사랑하다|to love forever
이동3|movement|이동 시간|travel time|이동하는 중|in the process of moving
양보하다|to yield|자리를 양보하다|to yield one's seat|서로 양보하다|to yield to each other
운전자|driver|버스 운전자|bus driver|운전자 보험|driver's insurance
바위1|rock|큰 바위|big rock|바위를 오르다|to climb a rock
상하다2|to be hurt|마음이 상하다|to have hurt feelings|기분이 상하다|to feel hurt
방문2|door|현관 방문|front door|방문을 열다|to open the door
버릇1|habit|나쁜 버릇|bad habit|버릇을 고치다|to fix a habit
겁이|fear|겁이 나다|to be scared|겁이 많다|to be fearful
측면|side|건물 측면|side of building|측면에서 보다|to view from the side
비판하다|to criticize|정부를 비판하다|to criticize the government|비판적으로 보다|to view critically
다행이다|to be fortunate|다행히도|fortunately|다행인 일|a fortunate thing
뚫다|to pierce|구멍을 뚫다|to make a hole|터널을 뚫다|to dig a tunnel
세워지다|to be built|건물이 세워지다|a building is built|기념비가 세워지다|a monument is erected
감추다|to hide|비밀을 감추다|to hide a secret|감정을 감추다|to hide emotions
통10|container|물통|water container|쓰레기통|trash can
술집|bar|동네 술집|neighborhood bar|술집에서 만나다|to meet at a bar
끊기다|to be cut off|전화가 끊기다|the phone is cut off|인터넷이 끊기다|the internet is cut off
정체|identity|정체를 밝히다|to reveal identity|정체불명|unknown identity
쉬다4|to breathe|숨을 쉬다|to breathe|깊게 쉬다|to breathe deeply
어떡하다|what to do|어떡하지|what should I do|어떡할까요|what shall we do
디테일|detail|디테일이 중요하다|details are important|디테일을 확인하다|to check details
갈다2|to grind|칼을 갈다|to sharpen a knife|이를 갈다|to grind teeth
플러그|plug|플러그를 꽂다|to plug in|플러그를 뽑다|to unplug
깔다|to lay down|카펫을 깔다|to lay carpet|이불을 깔다|to lay out bedding
교류1|exchange|문화 교류|cultural exchange|교류하다|to exchange
단독2|alone|단독 주택|detached house|단독으로 하다|to do alone
이끌다|to lead|팀을 이끌다|to lead a team|대화를 이끌다|to lead a conversation
글쓰기|writing|글쓰기 연습|writing practice|글쓰기 실력|writing skills
홈스테이|homestay|홈스테이 가족|homestay family|홈스테이를 하다|to do homestay
환호|cheering|환호성|cheering sound|환호하다|to cheer
내내1|throughout|하루 내내|all day long|밤새 내내|all night long
단점1|disadvantage|단점이 있다|to have disadvantages|단점을 보완하다|to compensate for shortcomings
설정|setting|환경 설정|environment setting|설정을 바꾸다|to change settings
대기업|large corporation|대기업에 취직하다|to get a job at a large company|대기업 직원|large company employee
국악|traditional Korean music|국악 공연|traditional Korean music performance|국악을 배우다|to learn traditional Korean music
확률|probability|확률이 높다|high probability|확률을 계산하다|to calculate probability
들키다|to be caught|비밀이 들키다|secret is discovered|들키지 않다|not to be caught
운영|operation|사업 운영|business operation|운영하다|to operate
회복|recovery|건강 회복|health recovery|회복하다|to recover
판매하다|to sell|상품을 판매하다|to sell products|온라인 판매하다|to sell online
위치하다|to be located|중심가에 위치하다|located in downtown|편리하게 위치하다|conveniently located
쇼핑백|shopping bag|쇼핑백을 들다|to carry shopping bags|쇼핑백에 넣다|to put in shopping bag
출발|departure|출발 시간|departure time|출발하다|to depart
정말로|really|정말로 좋다|really good|정말로 감사하다|really grateful
투|fighting spirit|투지를 보이다|to show fighting spirit|투가 넘치다|full of fighting spirit
코너|corner|길모퉁이 코너|street corner|코너를 돌다|to turn the corner
쇼핑몰|shopping mall|대형 쇼핑몰|large shopping mall|쇼핑몰에 가다|to go to shopping mall
은혜|grace|부모의 은혜|parents' grace|은혜를 갚다|to repay kindness
행동하다|to act|신중하게 행동하다|to act carefully|올바르게 행동하다|to act properly
증명서|certificate|졸업 증명서|graduation certificate|증명서를 발급하다|to issue a certificate
도구10|tool|작업 도구|work tools|도구를 사용하다|to use tools
가죽1|leather|가죽 신발|leather shoes|가죽으로 만들다|to make with leather
턱1|chin|턱을 괴다|to rest one's chin|턱이 아프다|chin hurts
소3|cow|소를 기르다|to raise cattle|소가 울다|cow moos
심리1|psychology|심리 상태|psychological state|심리를 분석하다|to analyze psychology
셈1|calculation|그런 셈이다|it's like that|셈을 하다|to calculate
쏘다1|to shoot|총을 쏘다|to shoot a gun|화살을 쏘다|to shoot an arrow
대비10|preparation|시험 대비|exam preparation|대비를 하다|to prepare
갖추다1|to prepare|준비를 갖추다|to make preparations|시설을 갖추다|to equip facilities
자세2|posture|올바른 자세|correct posture|자세를 바르다|to straighten posture
감동2|emotion|깊은 감동|deep emotion|감동을 받다|to be moved
찢어지다|to be torn|종이가 찢어지다|paper is torn|옷이 찢어지다|clothes are torn
도쿄|Tokyo|도쿄에 가다|to go to Tokyo|도쿄 여행|Tokyo trip
굳이|necessarily|굳이 할 필요|need to necessarily do|굳이 가지 않다|not necessarily go
유실물|lost property|유실물 센터|lost property center|유실물을 찾다|to find lost items
의심하다|to doubt|진실을 의심하다|to doubt the truth|의심하지 않다|not to doubt
그늘|shade|나무 그늘|tree shade|그늘에 앉다|to sit in shade
걱정스럽다|to be worried|걱정스러운 표정|worried expression|걱정스럽게 보다|to look worriedly
수상하다|to be suspicious|수상한 사람|suspicious person|수상하게 행동하다|to act suspiciously
달걀|egg|달걀을 삶다|to boil eggs|달걀 요리|egg dish
특기|specialty|특기를 살리다|to utilize specialty|특기가 있다|to have a specialty
향3|scent|좋은 향|good scent|향이 나다|to smell fragrant
대중문화|popular culture|대중문화 콘텐츠|popular culture content|대중문화를 즐기다|to enjoy popular culture
하도1|so much|하도 많아서|so much that|하도 바빠서|so busy that
데이트|date|데이트를 하다|to go on a date|첫 데이트|first date
마련되다|to be prepared|계획이 마련되다|plan is prepared|자리가 마련되다|seat is arranged
진찰2|medical examination|진찰을 받다|to receive examination|진찰 시간|examination time
탄식|sigh|깊은 탄식|deep sigh|탄식을 하다|to sigh
마루3|floor|마루를 닦다|to clean the floor|나무 마루|wooden floor
연날리기|kite flying|연날리기 대회|kite flying contest|연날리기를 하다|to fly kites
성장1|growth|빠른 성장|rapid growth|성장을 하다|to grow
성적4|grades|좋은 성적|good grades|성적을 올리다|to improve grades
꺼지다1|to go out|불이 꺼지다|fire goes out|전등이 꺼지다|light goes out
지혜2|wisdom|깊은 지혜|deep wisdom|지혜를 얻다|to gain wisdom
시도하다3|to try|새로운 방법을 시도하다|to try a new method|다시 시도해보다|to try again
충고|advice|좋은 충고|good advice|충고를 듣다|to listen to advice
칸1|compartment|기차 칸|train car|짐칸에 넣다|to put in the luggage compartment
인상6|impression|좋은 인상|good impression|첫인상이 중요하다|first impressions are important
일시|date and time|회의 일시|meeting date and time|일시를 정하다|to set the date and time
전기9|first half|전기 성적|first semester grades|전기에 비해|compared to the first half
적용하다|to apply|규칙을 적용하다|to apply rules|새 제도를 적용하다|to apply a new system
진료|medical treatment|진료를 받다|to receive medical treatment|진료 시간|consultation hours
모15|certain|모 회사|a certain company|모 대학교|a certain university
전통적|traditional|전통적인 방식|traditional method|전통적 문화|traditional culture
당일|the same day|당일 배송|same-day delivery|당일 취소|same-day cancellation
대비하다4|to prepare for|시험에 대비하다|to prepare for an exam|겨울에 대비하다|to prepare for winter
긴장|tension|긴장이 풀리다|tension is relieved|긴장을 하다|to be nervous
이대로|like this|이대로 괜찮다|it's fine like this|이대로 가면|if we continue like this
억울하다|to feel wronged|억울한 마음|feeling of being wronged|억울해서 울다|to cry from feeling wronged
부처4|government ministry|교육부처|education ministry|관련 부처|relevant ministry
개통하다|to open|지하철이 개통하다|subway line opens|도로를 개통하다|to open a road
비율2|ratio|성공 비율|success rate|남녀 비율|male-female ratio
숙이다|to bow|고개를 숙이다|to bow one's head|허리를 숙이다|to bow at the waist
성별1|gender|성별을 구분하다|to distinguish by gender|성별 차이|gender difference
정식1|formal|정식 회원|formal member|정식으로 시작하다|to start formally
온도|temperature|온도가 높다|temperature is high|온도를 재다|to measure temperature
운동량이|amount of exercise|운동량이 부족하다|lack of exercise|운동량을 늘리다|to increase exercise
부위4|body part|아픈 부위|painful area|손상된 부위|damaged part
절대로|absolutely|절대로 안 된다|absolutely not allowed|절대로 포기하지 마|never give up
공연장|performance venue|공연장 예약|performance venue reservation|공연장에서 만나다|to meet at the performance venue
베이스|bass|베이스 기타|bass guitar|베이스 연주자|bass player
지붕|roof|빨간 지붕|red roof|지붕을 수리하다|to repair the roof
피로가|fatigue|피로가 쌓이다|fatigue accumulates|피로가 풀리다|fatigue is relieved
레|D (musical note)|레 음계|D scale|레로 시작하다|to start with D
짙다2|to be thick|짙은 화장|thick makeup|짙게 바르다|to apply thickly
음주|drinking alcohol|음주 운전|drunk driving|음주를 금지하다|to prohibit drinking
주년2|anniversary|10주년 기념|10th anniversary commemoration|창립 주년|founding anniversary
창밖|outside the window|창밖을 보다|to look outside the window|창밖 풍경|scenery outside the window
윷놀이|yut game|윷놀이를 하다|to play yut|전통 윷놀이|traditional yut game
인류1|humanity|인류의 역사|history of humanity|인류를 위해|for humanity
햇살|sunlight|따뜻한 햇살|warm sunlight|햇살이 비치다|sunlight shines
안심|relief|안심이 되다|to feel relieved|안심하고 가다|to go with peace of mind
빠져나가다|to escape|위험에서 빠져나가다|to escape from danger|미로에서 빠져나가다|to get out of a maze
경제적|economic|경제적 문제|economic problem|경제적으로 어렵다|to be economically difficult
안색|complexion|좋은 안색|good complexion|안색이 나쁘다|to have a bad complexion
휴대폰|mobile phone|휴대폰 번호|mobile phone number|휴대폰을 충전하다|to charge a mobile phone
담당하다|to be in charge|업무를 담당하다|to be in charge of work|담당 직원|staff in charge
체험하다|to experience|문화를 체험하다|to experience culture|직접 체험하다|to experience directly
워싱턴|Washington|워싱턴 DC|Washington DC|워싱턴에 가다|to go to Washington
벗기다2|to take off|옷을 벗기다|to take off clothes|신발을 벗기다|to take off shoes
않아도|even if not|하지 않아도|even if you don't do|오지 않아도|even if you don't come
신고하다1|to report|경찰에 신고하다|to report to police|사고를 신고하다|to report an accident
불빛|light|밝은 불빛|bright light|불빛이 보이다|light is visible
스테이|stay|호텔 스테이|hotel stay|스테이 기간|stay period
체험|experience|체험 학습|experiential learning|직접 체험하다|to experience directly
절1|temple|유명한 절|famous temple|절에 가다|to go to a temple
양국1|both countries|양국 관계|bilateral relations|양국 정상|leaders of both countries
기존|existing|기존 방법|existing method|기존 계획|existing plan
한동안|for a while|한동안 쉬다|to rest for a while|한동안 연락이 없다|no contact for a while
우정2|friendship|깊은 우정|deep friendship|우정을 나누다|to share friendship
대1|pack|담배 한 대|one pack of cigarettes|라면 한 대|one pack of ramen
바늘|needle|바늘과 실|needle and thread|바늘로 꿰매다|to sew with a needle
역사적|historical|역사적 사건|historical event|역사적 의미|historical significance
하여튼|anyway|하여튼 좋다|anyway it's good|하여튼 그렇다|anyway that's how it is
부15|department|경찰서 형사부|detective department|회사 영업부|sales department
당황스럽다|to be flustered|당황스러운 상황|flustering situation|당황스럽게 느끼다|to feel flustered
떡볶이|tteokbokki|매운 떡볶이|spicy tteokbokki|떡볶이를 먹다|to eat tteokbokki
수입1|income|월 수입|monthly income|수입이 늘다|income increases
_차|car|새 차|new car|차를 운전하다|to drive a car
스튜디오|studio|녹음 스튜디오|recording studio|스튜디오에서 촬영하다|to film in a studio
양쪽|both sides|양쪽 끝|both ends|양쪽 모두|both sides
실용적|practical|실용적인 방법|practical method|실용적으로 생각하다|to think practically
지식2|knowledge|전문 지식|professional knowledge|지식을 쌓다|to build knowledge
풀2|grass|푸른 풀|green grass|풀을 베다|to cut grass
첫인상|first impression|좋은 첫인상|good first impression|첫인상이 중요하다|first impression is important
야당|opposition party|야당 의원|opposition party member|야당과 여당|opposition and ruling party
해마다|every year|해마다 증가하다|to increase every year|해마다 방문하다|to visit every year
연주회|concert|피아노 연주회|piano concert|연주회에 가다|to go to a concert
대장|leader|팀 대장|team leader|대장 역할|role of leader
후배6|junior|회사 후배|company junior|후배를 돌보다|to take care of juniors
신혼부부|newlyweds|신혼부부 여행|newlywed trip|신혼부부 집|newlywed couple's house
꼬마|little kid|꼬마 아이|little child|꼬마가 뛰어다니다|little kid runs around
국회의원|member of parliament|국회의원 선거|parliamentary election|국회의원이 되다|to become a member of parliament
피부과|dermatology|피부과 병원|dermatology clinic|피부과에 가다|to go to dermatology
닫히다|to be closed|문이 닫히다|door closes|가게가 닫히다|store closes
생활하다|to live|학교에서 생활하다|to live at school|건강하게 생활하다|to live healthily
신형|new model|신형 자동차|new model car|신형이 나오다|new model comes out
버전|version|새로운 버전|new version|최신 버전|latest version
이르다3|to be early|시간이 이르다|time is early|너무 이른 시간|too early time
정형외과|orthopedics|정형외과 병원|orthopedic hospital|정형외과에서 치료받다|to receive treatment at orthopedics
요구3|demand|임금 인상 요구|wage increase demand|요구가 많다|many demands
터뜨리다|to burst|풍선을 터뜨리다|to burst a balloon|박수를 터뜨리다|to burst into applause
입장료|admission fee|입장료를 내다|to pay admission fee|입장료가 비싸다|admission fee is expensive
묻히다1|to get stained|옷에 흙이 묻히다|clothes get stained with dirt|손에 물감이 묻히다|paint gets on hands
높이2|high|높이 날다|to fly high|목소리를 높이다|to raise one's voice
풀다1|to untie|끈을 풀다|to untie a string|문제를 풀다|to solve a problem
기도하다2|to pray|하나님께 기도하다|to pray to God|건강을 위해 기도하다|to pray for health
마구1|recklessly|마구 달리다|to run recklessly|마구 소리치다|to shout recklessly
새내기|freshman|대학교 새내기|university freshman|새내기 환영회|freshman welcome party
왕자1|prince|왕자님|prince|왕자가 되다|to become a prince
만남|meeting|좋은 만남|good meeting|만남의 기회|opportunity to meet
종량제|pay-per-use system|쓰레기 종량제|garbage pay-per-use system|종량제 봉투|pay-per-use bag
샷|shot|커피 한 샷|one shot of coffee|좋은 샷|good shot
미디어|media|소셜 미디어|social media|미디어 보도|media report
속다|to be deceived|사기에 속다|to be deceived by fraud|쉽게 속다|to be easily fooled
꾸준히|steadily|꾸준히 노력하다|to work steadily|꾸준히 운동하다|to exercise regularly
복도4|corridor|학교 복도|school corridor|복도를 걷다|to walk down the corridor
아이쇼핑|window shopping|아이쇼핑하다|to go window shopping|아이쇼핑을 즐기다|to enjoy window shopping
데려가다|to take someone|아이를 데려가다|to take a child|병원에 데려가다|to take to the hospital
수상9|prime minister|수상이 되다|to become prime minister|수상 관저|prime minister's residence
조언|advice|좋은 조언|good advice|조언을 구하다|to seek advice
최악|the worst|최악의 상황|the worst situation|최악을 피하다|to avoid the worst
자랑스럽다|to be proud|자랑스러운 아들|proud son|자랑스럽게 생각하다|to think proudly
대사4|ambassador|한국 대사|Korean ambassador|대사관에 가다|to go to the embassy
매니저|manager|팀 매니저|team manager|매니저와 상담하다|to consult with the manager
적당하다2|to be appropriate|적당한 가격|reasonable price|적당히 하다|to do moderately
까먹다|to forget|약속을 까먹다|to forget an appointment|이름을 까먹다|to forget a name
제안2|proposal|좋은 제안|good proposal|제안을 받다|to receive a proposal
내지1|or|3일 내지 4일|3 or 4 days|10명 내지 15명|10 to 15 people
교통비|transportation fee|교통비가 비싸다|transportation is expensive|교통비를 절약하다|to save on transportation
감히|dare to|감히 말하다|to dare to speak|감히 반대하다|to dare to oppose
달려오다|to come running|급히 달려오다|to come running urgently|집으로 달려오다|to come running home
상담실|counseling room|학생 상담실|student counseling room|상담실에 가다|to go to the counseling room
직후|immediately after|회의 직후|immediately after the meeting|졸업 직후|right after graduation
비교1|comparison|가격 비교|price comparison|비교가 어렵다|comparison is difficult
진학|advancing to higher education|대학 진학|college admission|진학을 준비하다|to prepare for higher education
굿|exorcism ritual|굿을 하다|to perform an exorcism|무당의 굿|shaman's ritual
열차2|train|고속 열차|high-speed train|열차를 타다|to board a train
창피하다|to be embarrassed|너무 창피하다|to be very embarrassed|창피한 일|embarrassing thing
라인1|line|라인을 그리다|to draw a line|라인업을 확인하다|to check the lineup
유난히|especially|유난히 추운 날|especially cold day|유난히 예쁘다|to be especially pretty
상쾌하다|to be refreshing|상쾌한 아침|refreshing morning|기분이 상쾌하다|to feel refreshed
소리치다|to shout|크게 소리치다|to shout loudly|이름을 소리치다|to call out a name
잠들다|to fall asleep|깊이 잠들다|to fall into deep sleep|아기가 잠들다|the baby falls asleep
괴로워하다|to suffer|마음이 괴로워하다|to suffer in one's heart|병으로 괴로워하다|to suffer from illness
실장|section chief|영업 실장|sales section chief|실장님께 보고하다|to report to the section chief
즉시|immediately|즉시 출발하다|to depart immediately|즉시 연락하다|to contact immediately
식욕|appetite|식욕이 없다|to have no appetite|식욕을 돋우다|to stimulate appetite
성장하다1|to grow|빠르게 성장하다|to grow rapidly|키가 성장하다|to grow in height
탑2|tower|높은 탑|tall tower|탑을 올라가다|to climb the tower
간편하다|to be convenient|간편한 음식|convenient food|간편하게 요리하다|to cook simply
밝혀지다|to be revealed|사실이 밝혀지다|the truth is revealed|원인이 밝혀지다|the cause is revealed
건축1|architecture|건축 설계|architectural design|건축을 공부하다|to study architecture
자연환경|natural environment|자연환경 보호|natural environment protection|자연환경이 좋다|the natural environment is good
마무리하다|to finish|일을 마무리하다|to finish work|프로젝트를 마무리하다|to complete a project
떨어뜨리다|to drop|물건을 떨어뜨리다|to drop something|실수로 떨어뜨리다|to accidentally drop
여드름|acne|여드름이 나다|to get acne|여드름을 치료하다|to treat acne
처리2|processing|데이터 처리|data processing|문제를 처리하다|to handle a problem
똑같이|exactly the same|똑같이 생기다|to look exactly the same|똑같이 행동하다|to act exactly the same
수입하다2|to import|상품을 수입하다|to import goods|외국에서 수입하다|to import from abroad
저렴하다|to be cheap|가격이 저렴하다|the price is cheap|저렴한 상품|cheap product
말5|horse|말을 타다|to ride a horse|말이 달리다|the horse runs
경력2|career|풍부한 경력|rich experience|경력을 쌓다|to build experience
아우|younger brother|막내 아우|youngest brother|아우와 함께|together with younger brother
밀가루|flour|밀가루 반죽|flour dough|밀가루를 체치다|to sift flour
쓰이다1|to be used|글이 쓰이다|writing is used|많이 쓰이다|to be widely used
어휴|oh my|어휴 힘들어|oh my, it's hard|어휴 정말|oh my goodness
벌리다1|to open|입을 벌리다|to open one's mouth|다리를 벌리다|to spread one's legs
영양5|nutrition|영양 상태|nutritional condition|영양을 섭취하다|to take in nutrition
신동|child prodigy|수학 신동|math prodigy|신동으로 불리다|to be called a prodigy
보고서|report|연구 보고서|research report|보고서를 작성하다|to write a report
초청장|invitation|결혼 초청장|wedding invitation|초청장을 보내다|to send an invitation
특이하다|to be unique|특이한 경험|unique experience|특이하게 생기다|to look unusual
보관하다|to store|냉장고에 보관하다|to store in refrigerator|안전하게 보관하다|to store safely
낯|face|낯이 익다|face looks familiar|낯을 가리다|to be shy with strangers
코스|course|골프 코스|golf course|요리 코스|cooking course
부딪치다|to collide|벽에 부딪치다|to hit the wall|문제에 부딪치다|to encounter a problem
장학금|scholarship|장학금을 받다|to receive a scholarship|장학금 신청|scholarship application
티|sign|피곤한 티|sign of tiredness|티가 나다|to show signs
빨래|laundry|빨래를 하다|to do laundry|빨래가 마르다|laundry dries
되게|really|되게 좋다|really good|되게 빨라|really fast
증가하다1|to increase|인구가 증가하다|population increases|급격히 증가하다|to increase rapidly
식용유|cooking oil|식용유를 두르다|to pour cooking oil|식용유 한 병|a bottle of cooking oil
예의6|manners|예의가 바르다|to have good manners|예의를 지키다|to keep manners
해내다|to accomplish|일을 해내다|to get work done|끝까지 해내다|to see through to the end
산소3|oxygen|산소 부족|oxygen deficiency|산소를 공급하다|to supply oxygen
낮추다|to lower|목소리를 낮추다|to lower one's voice|가격을 낮추다|to lower the price
두렵다1|to be afraid|두려운 마음|fearful heart|두렵게 느끼다|to feel afraid
석유1|oil|석유 가격|oil price|석유를 수입하다|to import oil
안기다1|to be held|엄마에게 안기다|to be held by mom|아이가 안기다|the child is held
언급하다|to mention|문제를 언급하다|to mention a problem|언급한 내용|mentioned content
장25|chapter|첫 번째 장|first chapter|마지막 장|last chapter
자세하다1|to be detailed|자세한 설명|detailed explanation|자세히 알아보다|to look into in detail
아이씨|geez|아이씨 정말|geez really|아이씨 왜 그래|geez why is that
적13|enemy|천적|natural enemy|적을 물리치다|to defeat the enemy
실망하다2|to be disappointed|결과에 실망하다|to be disappointed with results|실망스러운 표정|disappointed expression
꼬리1|tail|개의 꼬리|dog's tail|꼬리를 흔들다|to wag tail
찌르다|to stab|칼로 찌르다|to stab with knife|가시에 찔리다|to be pricked by thorn
상대방에게|to the other party|상대방에게 말하다|to speak to the other party|상대방에게 사과하다|to apologize to the other party
불쌍하다|to be pitiful|불쌍한 아이|pitiful child|불쌍해 보이다|to look pitiful
책임자|person in charge|프로젝트 책임자|project manager|책임자를 찾다|to find the person in charge
가렵다|to be itchy|손이 가렵다|hand is itchy|가려운 곳|itchy spot
끼치다|to cause|피해를 끼치다|to cause damage|민폐를 끼치다|to cause trouble
확대되다2|to be expanded|사업이 확대되다|business is expanded|범위가 확대되다|scope is expanded
녹이다|to melt|얼음을 녹이다|to melt ice|눈을 녹이다|to melt snow
정권|political power|정권을 잡다|to seize power|정권 교체|change of government
별2|each|사람별로|by each person|나라별 통계|statistics by country
안과2|ophthalmology|안과 병원|eye hospital|안과 검진|eye examination
하트|heart|하트 모양|heart shape|하트를 그리다|to draw a heart
보람|reward|보람을 느끼다|to feel rewarded|보람찬 일|rewarding work
정기7|regular|정기 검진|regular checkup|정기적으로|regularly
괴롭히다|to torment|친구를 괴롭히다|to torment a friend|괴롭히지 마세요|don't torment me
부작용|side effect|약의 부작용|side effect of medicine|부작용이 생기다|side effects occur
수도9|capital|한국의 수도|Korea's capital|수도로 가다|to go to the capital
경남|Gyeongnam|경남 지역|Gyeongnam region|경남 출신|from Gyeongnam
신고1|report|세무서에 신고|report to tax office|신고 의무|reporting obligation
일상생활|daily life|일상생활 속에서|in daily life|일상생활을 하다|to live daily life
슈퍼|supermarket|슈퍼에 가다|go to supermarket|동네 슈퍼|neighborhood supermarket
이상9|ideal|이상을 추구하다|pursue an ideal|이상적인 삶|ideal life
동문서답|irrelevant answer|동문서답을 하다|give irrelevant answers|동문서답만 하네|only giving irrelevant answers
금리|interest rate|금리가 오르다|interest rate rises|금리를 인하하다|lower interest rate
주먹|fist|주먹을 쥐다|clench a fist|주먹으로 치다|hit with fist
여가3|leisure|여가 시간|leisure time|여가를 즐기다|enjoy leisure
추가하다|to add|내용을 추가하다|add content|추가로 주문하다|order additionally
털다|to shake off|먼지를 털다|shake off dust|옷을 털다|brush off clothes
씻기다1|to be washed|비에 씻기다|be washed by rain|물에 씻기다|be washed by water
맺다|to form|관계를 맺다|form a relationship|계약을 맺다|make a contract
근무|work|근무 시간|working hours|근무를 하다|to work
씻기다2|to wash|아이를 씻기다|wash a child|머리를 씻기다|wash hair
호흡|breathing|호흡이 곤란하다|breathing is difficult|깊은 호흡|deep breathing
달아나다|to run away|범인이 달아나다|criminal runs away|급히 달아나다|run away quickly
주고받다|to exchange|편지를 주고받다|exchange letters|인사를 주고받다|exchange greetings
금액2|amount|총 금액|total amount|금액을 계산하다|calculate the amount
우리말|Korean language|우리말을 배우다|learn Korean|우리말 실력|Korean language skills
후회스럽다|to be regretful|후회스러운 마음|regretful heart|후회스럽게 생각하다|think regretfully
물가2|prices|물가가 오르다|prices rise|물가 상승|price increase
유교2|Confucianism|유교 사상|Confucian thought|유교 문화|Confucian culture
노약자|elderly and weak|노약자 좌석|seats for elderly and weak|노약자를 배려하다|be considerate of elderly and weak
깨닫다|to realize|진리를 깨닫다|realize the truth|실수를 깨닫다|realize a mistake
이성8|reason|이성적 판단|rational judgment|이성을 잃다|to lose one's reason
판매자|seller|온라인 판매자|online seller|판매자와 협상하다|to negotiate with the seller
권력|power|정치적 권력|political power|권력을 남용하다|to abuse power
일상4|daily life|일상생활|daily life|일상적인 일|routine work
끼이다|to be caught|문에 끼이다|to be caught in the door|손가락이 끼이다|finger gets caught
제도|system|교육 제도|education system|제도를 개선하다|to improve the system
장래|future|장래 계획|future plans|장래가 밝다|to have a bright future
상영관|theater|영화 상영관|movie theater|상영관을 선택하다|to choose a theater
크림|cream|생크림|fresh cream|크림을 바르다|to apply cream
중요성|importance|교육의 중요성|importance of education|중요성을 강조하다|to emphasize importance
처방하다|to prescribe|약을 처방하다|to prescribe medicine|의사가 처방하다|doctor prescribes
여당|ruling party|여당 의원|ruling party member|여당과 야당|ruling and opposition parties
탤런트|talent|연기 탤런트|acting talent|탤런트가 있다|to have talent
눕히다|to lay down|환자를 눕히다|to lay down a patient|아이를 눕히다|to put a child to bed
판결|verdict|법원 판결|court verdict|판결을 내리다|to deliver a verdict
과학적|scientific|과학적 방법|scientific method|과학적 근거|scientific evidence
평화롭다|to be peaceful|평화로운 마을|peaceful village|평화롭게 지내다|to live peacefully
긴장하다|to be nervous|시험 전에 긴장하다|to be nervous before an exam|너무 긴장하지 마|don't be too nervous
지다2|to set|해가 지다|the sun sets|해 질 무렵|around sunset
신입생|freshman|대학교 신입생|university freshman|신입생 오리엔테이션|freshman orientation
자랑하다1|to be proud|아들을 자랑하다|to be proud of one's son|자랑할 만하다|to be worth being proud of
함부로|carelessly|함부로 말하다|to speak carelessly|함부로 행동하다|to act recklessly
치수|size|옷 치수|clothing size|치수를 재다|to measure size
영혼2|soul|순수한 영혼|pure soul|영혼을 구원하다|to save a soul
향기1|fragrance|꽃의 향기|fragrance of flowers|좋은 향기|pleasant fragrance
식비|meal expenses|식비를 지급하다|to provide meal expenses|식비가 비싸다|meal expenses are expensive
곧바로|immediately|곧바로 출발하다|to depart immediately|곧바로 답하다|to answer right away
현지3|local area|현지 사정|local circumstances|현지에서 구입하다|to purchase locally
깜박하다|to forget|약속을 깜박하다|to forget an appointment|깜박하고 놓쳤다|I forgot and missed it
수치|shame|수치를 당하다|to be shamed|수치심을 느끼다|to feel shame
가늘다|to be thin|가는 실|thin thread|목소리가 가늘다|voice is thin
어기다1|to break|약속을 어기다|to break a promise|규칙을 어기다|to break rules
안무|choreography|안무를 만들다|to create choreography|안무를 연습하다|to practice choreography
근무하다|to work|회사에서 근무하다|to work at a company|야간 근무하다|to work night shifts
짜다1|to weave|관을 짜다|to weave a coffin|바구니를 짜다|to weave a basket
사망4|death|사망 원인|cause of death|사망 신고|death report
넓히다|to widen|도로를 넓히다|to widen the road|시야를 넓히다|to broaden one's view
환상적|fantastic|환상적인 경치|fantastic scenery|환상적인 공연|fantastic performance
라이브|live|라이브 공연|live performance|라이브 방송|live broadcast
대11|versus|개인 대 개인|individual versus individual|팀 대 팀|team versus team
주의하다1|to be careful|안전에 주의하다|to be careful about safety|말에 주의하다|to be careful with words
케이스|case|휴대폰 케이스|phone case|특별한 케이스|special case
발생|occurrence|사고 발생|accident occurrence|문제 발생|problem occurrence
상영하다|to screen|영화를 상영하다|to screen a movie|새 작품을 상영하다|to screen a new work
특정|specific|특정 장소|specific place|특정 시간|specific time
소주5|soju|소주 한 병|one bottle of soju|소주를 마시다|to drink soju
금연1|no smoking|금연 구역|no smoking area|금연을 시작하다|to start quitting smoking
영역3|domain|전문 영역|professional domain|새로운 영역|new domain
손바닥|palm|손바닥을 펴다|to open one's palm|손바닥만 한|as small as a palm
필수2|necessity|필수 조건|necessary condition|필수 과목|required subject
개미3|ant|개미집|ant nest|개미가 기어가다|ants crawling
승용차|passenger car|승용차를 운전하다|to drive a car|새 승용차|new passenger car
_끼|suffix for meals|아침끼|breakfast meal|점심끼|lunch meal
동의하다1|to agree|의견에 동의하다|to agree with an opinion|동의할 수 없다|cannot agree
얹다|to place on top|밥 위에 얹다|to put on top of rice|접시에 얹다|to place on a plate
해결책|solution|좋은 해결책|good solution|해결책을 찾다|to find a solution
타이밍|timing|좋은 타이밍|good timing|타이밍이 중요하다|timing is important
줍다1|to pick up|돈을 줍다|to pick up money|쓰레기를 줍다|to pick up trash
전용4|exclusive use|회원 전용|members only|전용 주차장|exclusive parking lot
이탈리아|Italy|이탈리아 여행|trip to Italy|이탈리아 음식|Italian food
진출2|advance|해외 진출|overseas expansion|시장 진출|market entry
관람하다|to view|영화를 관람하다|to watch a movie|전시회를 관람하다|to view an exhibition
블랙|black|블랙 커피|black coffee|블랙 드레스|black dress
킬로그램|kilogram|3킬로그램|3 kilograms|킬로그램당 가격|price per kilogram
음식물2|food waste|음식물 쓰레기|food waste|음식물을 버리다|to throw away food
바탕1|foundation|좋은 바탕|good foundation|바탕이 되다|to become the foundation
프로4|program|TV 프로그램|TV program|새로운 프로그램|new program
신세대|new generation|신세대 문화|new generation culture|신세대 젊은이|young people of the new generation
중얼거리다|to mutter|혼자 중얼거리다|to mutter to oneself|불만을 중얼거리다|to mutter complaints
가루1|powder|분필 가루|chalk powder|밀가루|flour powder
규칙적|regularity|규칙적인 생활|regular lifestyle|규칙적으로 운동하다|to exercise regularly
황제|emperor|로마 황제|Roman emperor|황제의 권력|emperor's power
건지다|to fish out|물에서 건지다|to fish out from water|목숨을 건지다|to save one's life
의논하다|to discuss|가족과 의논하다|to discuss with family|중요한 일을 의논하다|to discuss important matters
합치다|to combine|힘을 합치다|to join forces|의견을 합치다|to reach consensus
슬픔|sadness|깊은 슬픔|deep sadness|슬픔을 달래다|to soothe sadness
까다롭다|to be picky|까다로운 성격|picky personality|까다롭게 굴다|to be difficult
욕2|insult|욕을 하다|to curse|욕을 먹다|to be insulted
아무렇다|to be indifferent|아무렇지 않다|to be fine|아무렇게나 하다|to do carelessly
고급스럽다|to be luxurious|고급스러운 호텔|luxurious hotel|고급스럽게 차려입다|to dress elegantly
거부하다|to refuse|제안을 거부하다|to refuse a proposal|거부할 수 없다|cannot refuse
이용되다|to be used|자료로 이용되다|to be used as data|악용되다|to be misused
찾아뵈다|to visit|선생님을 찾아뵈다|to visit the teacher|찾아뵙겠습니다|I will visit you
긍정적|positive|긍정적인 사고|positive thinking|긍정적으로 생각하다|to think positively
이튿날|the next day|이튿날 아침|the next morning|이튿날까지|until the next day
풍부하다|to be abundant|경험이 풍부하다|to have rich experience|풍부한 자료|abundant materials
뇌3|brain|뇌 수술|brain surgery|뇌를 사용하다|to use one's brain
임시2|temporary|임시 직원|temporary employee|임시로 하다|to do temporarily
신제품|new product|신제품 출시|new product launch|신제품을 개발하다|to develop a new product
당분간|for the time being|당분간 기다리다|to wait for the time being|당분간은 괜찮다|it's okay for now
팬3|pan|프라이팬|frying pan|팬에 굽다|to cook in a pan
안내원|guide|관광 안내원|tour guide|안내원에게 묻다|to ask the guide
인마|hey you|인마 이것 봐|hey look at this|인마 뭐하냐|hey what are you doing
골목1|alley|좁은 골목|narrow alley|골목길을 걷다|to walk down an alley
꽂히다|to be stuck|마음에 꽂히다|to be struck by|화살이 꽂히다|an arrow gets stuck
인식|recognition|문제 인식|problem recognition|인식을 바꾸다|to change perception
돌아서다|to turn around|뒤로 돌아서다|to turn back|돌아서서 가다|to turn and go
켜지다|to turn on|불이 켜지다|the light turns on|컴퓨터가 켜지다|the computer turns on
영웅|hero|전쟁 영웅|war hero|영웅이 되다|to become a hero
동화7|fairy tale|어린이 동화|children's fairy tale|동화책을 읽다|to read a fairy tale book
차츰|gradually|차츰 좋아지다|to gradually get better|차츰 익숙해지다|to gradually get used to
애초1|the beginning|애초 계획|original plan|애초부터|from the beginning
맞서다|to confront|어려움에 맞서다|to confront difficulties|당당히 맞서다|to face boldly
팔리다|to be sold|잘 팔리다|to sell well|빨리 팔리다|to sell quickly
평가하다|to evaluate|성과를 평가하다|to evaluate performance|객관적으로 평가하다|to evaluate objectively
모자라다|to be insufficient|돈이 모자라다|money is insufficient|시간이 모자라다|time is insufficient
의류|clothing|의류 매장|clothing store|의류 산업|clothing industry
예약|reservation|예약을 하다|to make a reservation|예약 확인|reservation confirmation
콤플렉스|complex|외모 콤플렉스|appearance complex|콤플렉스가 있다|to have a complex
편의2|convenience|편의 시설|convenience facilities|편의를 위해|for convenience
기대되다|to be anticipated|결과가 기대되다|results are anticipated|많이 기대되다|to be highly anticipated
그다음|next|그다음 순서|next order|그다음에|after that
등록증|registration card|학생 등록증|student registration card|등록증을 발급받다|to receive a registration card
검토하다|to review|계획을 검토하다|to review a plan|신중히 검토하다|to carefully review
끓다|to boil|물이 끓다|water boils|끓는 물|boiling water
금주|this week|금주 일정|this week's schedule|금주 중에|during this week
튀어나오다|to pop out|갑자기 튀어나오다|to suddenly pop out|앞으로 튀어나오다|to pop out forward
날아오다|to fly over|새가 날아오다|a bird flies over|공이 날아오다|a ball flies over
웃어른|elder|웃어른을 공경하다|to respect elders|웃어른께 인사하다|to greet elders
토끼|rabbit|하얀 토끼|white rabbit|토끼를 기르다|to raise rabbits
담임|homeroom teacher|담임 선생님|homeroom teacher|담임을 맡다|to be in charge of a class
택배비|delivery fee|택배비를 지불하다|to pay delivery fee|택배비가 비싸다|delivery fee is expensive
판사1|judge|담당 판사|presiding judge|판사가 되다|to become a judge
도중4|in the middle|가는 도중에|on the way|일하는 도중|in the middle of work
들다2|to lift|짐을 들다|to lift luggage|무거운 것을 들다|to lift heavy things
불과하다|to be merely|불과 몇 분|just a few minutes|불과한 차이|mere difference
모래1|sand|모래사장|sandy beach|모래놀이|playing with sand
통역|interpretation|통역사|interpreter|통역을 하다|to interpret
책임지다|to take responsibility|결과를 책임지다|to take responsibility for results|끝까지 책임지다|to take responsibility to the end
아버님|father (honorific)|아버님께서|father (subject honorific)|아버님 안녕하세요|hello father
갑작스럽다|to be sudden|갑작스러운 변화|sudden change|갑작스럽게 나타나다|to appear suddenly
요청|request|도움 요청|request for help|요청을 받다|to receive a request
허용하다|to allow|출입을 허용하다|to allow entry|허용된 시간|allowed time
졸업생|graduate|대학 졸업생|university graduate|졸업생 모임|alumni meeting
부딪히다|to collide|벽에 부딪히다|to hit the wall|문제에 부딪히다|to encounter a problem
각국|each country|각국 대표|representatives from each country|각국의 문화|culture of each country
아끼다|to cherish|시간을 아끼다|to save time|돈을 아끼다|to save money
도로1|again|도로 시작하다|to start again|도로 돌아가다|to go back again
그려지다|to be drawn|그림이 그려지다|a picture is drawn|마음에 그려지다|to be pictured in mind
틀림없이|undoubtedly|틀림없이 맞다|undoubtedly correct|틀림없이 올 거야|will definitely come
클럽|club|골프 클럽|golf club|클럽 활동|club activities
년도|year|올해 년도|this year|졸업 년도|graduation year
역무실|station office|역무실에서|at the station office|역무실 직원|station office staff
요렇다|to be like this|요렇게 하다|to do like this|요런 것|this kind of thing
다수|majority|다수의 사람|majority of people|다수 의견|majority opinion
상담1|consultation|진로 상담|career counseling|상담을 받다|to receive counseling
걱정되다|to be worried|건강이 걱정되다|to be worried about health|많이 걱정돼요|I'm very worried
두드리다|to knock|문을 두드리다|to knock on the door|어깨를 두드리다|to pat the shoulder
겹치다|to overlap|시간이 겹치다|times overlap|일정이 겹치다|schedules overlap
제작2|production|영화 제작|movie production|제작 과정|production process
물음1|question|물음에 답하다|to answer a question|물음을 던지다|to ask a question
지루하다1|to be boring|지루한 시간|boring time|지루해 죽겠다|bored to death
소송|lawsuit|소송을 제기하다|to file a lawsuit|소송에 휘말리다|to get involved in a lawsuit
빌다1|to pray|소원을 빌다|to make a wish|신에게 빌다|to pray to God
흡연|smoking|흡연 금지|no smoking|흡연실에서|in the smoking room
그나마|at least|그나마 다행이다|at least it's fortunate|그나마 괜찮다|at least it's okay
스님|monk|스님께 인사하다|to greet the monk|스님의 법문|the monk's sermon
관리하다|to manage|시설을 관리하다|to manage facilities|건물을 관리하다|to manage a building
초등학생|elementary student|초등학생 아들|elementary school son|초등학생 때|during elementary school
썩다|to rot|음식이 썩다|food rots|이가 썩다|teeth decay
고궁1|palace|고궁을 구경하다|to tour the palace|고궁 관람|palace visit
적절하다|to be appropriate|적절한 시기|appropriate time|적절한 조치|appropriate measures
어머님|mother|어머님께 인사드리다|to greet mother|어머님 안부|mother's well-being
재킷|jacket|재킷을 입다|to wear a jacket|가죽 재킷|leather jacket
뒤집다|to flip|책장을 뒤집다|to flip pages|상황을 뒤집다|to turn the situation around
엉뚱하다|to be absurd|엉뚱한 소리|absurd talk|엉뚱한 행동|absurd behavior
공연하다2|to perform|무대에서 공연하다|to perform on stage|콘서트를 공연하다|to perform a concert
타입2|type|혈액형 타입|blood type|성격 타입|personality type
여보1|honey|여보 어디 가?|honey, where are you going?|여보 좀 봐|honey, look at this
쓸데없이|uselessly|쓸데없이 걱정하다|to worry uselessly|쓸데없는 말|useless words
환영하다|to welcome|손님을 환영하다|to welcome guests|따뜻하게 환영하다|to warmly welcome
조각5|sculpture|조각 작품|sculpture work|나무 조각|wood carving
후회하다|to regret|결정을 후회하다|to regret a decision|후회막심하다|to deeply regret
액션|action|액션 영화|action movie|액션 장면|action scene
해석4|interpretation|문장을 해석하다|to interpret a sentence|꿈의 해석|dream interpretation
돌려서|by turning|손잡이를 돌려서|by turning the handle|시계를 돌려서|by turning the clock
담그다|to soak|물에 담그다|to soak in water|김치를 담그다|to make kimchi
마약|drugs|마약을 하다|to do drugs|마약 중독|drug addiction
마음대로|as one pleases|마음대로 하세요|do as you please|마음대로 안 돼|it doesn't go as planned
건전지|battery|건전지를 갈다|to change batteries|건전지가 없다|there's no battery
덧붙이다|to add|말을 덧붙이다|to add words|설명을 덧붙이다|to add explanation
며느리|daughter-in-law|며느리가 오다|daughter-in-law comes|며느리를 맞다|to welcome daughter-in-law
유익하다|to be beneficial|건강에 유익하다|beneficial to health|유익한 정보|beneficial information
전시회|exhibition|미술 전시회|art exhibition|전시회를 보다|to see an exhibition
악마|devil|악마 같은|like a devil|악마를 물리치다|to defeat the devil
관계없이|regardless|나이 관계없이|regardless of age|결과 관계없이|regardless of results
한계|limit|시간의 한계|time limit|한계를 넘다|to exceed limits
사용자|user|컴퓨터 사용자|computer user|사용자 매뉴얼|user manual
경력자|experienced person|경력자 우대|preference for experienced|경력자를 찾다|to look for experienced person
으|uh|으, 그래요|uh, I see|으, 잠깐만|uh, wait a moment
영원하다|to be eternal|영원한 사랑|eternal love|영원히 살다|to live forever
환불|refund|환불을 받다|to receive refund|환불이 안 돼|refund not possible
우연히|by chance|우연히 만나다|to meet by chance|우연히 발견하다|to discover by chance
우승5|victory|우승을 차지하다|to win the championship|우승 후보|championship candidate
틈1|gap|틈이 생기다|a gap forms|틈을 노리다|to watch for an opportunity
오브|oven|오브에 굽다|to bake in the oven|오브를 예열하다|to preheat the oven
발견1|discovery|새로운 발견|new discovery|발견의 기쁨|joy of discovery
보고3|report|보고서를 작성하다|to write a report|보고를 받다|to receive a report
짚다1|to point out|문제를 짚다|to point out a problem|요점을 짚다|to point out the main point
놀리다1|to tease|친구를 놀리다|to tease a friend|장난으로 놀리다|to tease playfully
비키다|to move aside|자리를 비키다|to vacate a seat|길을 비키다|to get out of the way
정해지다|to be decided|날짜가 정해지다|the date is decided|규칙이 정해지다|rules are established
조심스럽다|to be careful|조심스럽게 말하다|to speak carefully|조심스러운 행동|careful behavior
장난감|toy|장난감을 가지고 놀다|to play with toys|장난감 가게|toy store
칭찬|praise|칭찬을 받다|to receive praise|칭찬하는 말|words of praise
갖추다2|to prepare|준비를 갖추다|to make preparations|시설을 갖추다|to equip facilities
소속1|affiliation|회사 소속|company affiliation|소속을 밝히다|to reveal one's affiliation
튼튼하다|to be strong|몸이 튼튼하다|to be physically strong|튼튼한 건물|sturdy building
풀다2|to solve|문제를 풀다|to solve a problem|매듭을 풀다|to untie a knot
울음|crying|울음을 터뜨리다|to burst into tears|아기 울음|baby's crying
논의하다|to discuss|문제를 논의하다|to discuss a problem|회의에서 논의하다|to discuss in a meeting
지내보다|to try living|혼자 지내보다|to try living alone|함께 지내보다|to try living together
물질2|substance|화학 물질|chemical substance|물질적 풍요|material abundance
돌보다|to take care of|아이를 돌보다|to take care of a child|환자를 돌보다|to care for a patient
읽히다1|to be read|책이 읽히다|the book is read|글이 잘 읽히다|the text reads well
실시하다3|to implement|정책을 실시하다|to implement a policy|검사를 실시하다|to conduct an examination
바닷가|seaside|바닷가에서 놀다|to play at the seaside|바닷가 산책|seaside walk
거절|refusal|거절하는 이유|reason for refusal|정중한 거절|polite refusal
추석1|Chuseok|추석 연휴|Chuseok holiday|추석을 보내다|to spend Chuseok
반하다3|to oppose|의견에 반하다|to oppose an opinion|규칙에 반하다|to go against rules
고층|high-rise|고층 건물|high-rise building|고층에 살다|to live on a high floor
의상|clothing|무대 의상|stage costume|의상을 입다|to wear clothing
사원4|employee|회사 사원|company employee|신입 사원|new employee
경기하다|to compete|축구 경기하다|to play soccer|시합에서 경기하다|to compete in a match
결코|never|결코 포기하지 않다|never give up|결코 쉽지 않다|never easy
왠지|somehow|왠지 이상하다|somehow strange|왠지 좋아요|I like it somehow
자기소개|self-introduction|자기소개를 하다|to introduce oneself|간단한 자기소개|brief self-introduction
웃음소리|laughter|큰 웃음소리|loud laughter|웃음소리가 들리다|to hear laughter
익다1|to ripen|감이 익다|persimmons ripen|잘 익은 과일|well-ripened fruit
알아주다|to recognize|실력을 알아주다|to recognize ability|노력을 알아주다|to acknowledge effort
애니메이션|animation|애니메이션 영화|animation movie|애니메이션을 보다|to watch animation
제출하다2|to submit|과제를 제출하다|to submit homework|서류를 제출하다|to submit documents
혼이|soul|혼이 나다|to get scolded|혼이 빠지다|to be exhausted
딱히|particularly|딱히 없어요|nothing in particular|딱히 좋지 않다|not particularly good
피시3|PC|피시방|PC room|피시를 켜다|to turn on PC
휴식2|rest|휴식을 취하다|to take a rest|잠깐 휴식|brief rest
숙소2|accommodation|숙소를 예약하다|to book accommodation|깨끗한 숙소|clean accommodation
흘러나오다|to flow out|음악이 흘러나오다|music flows out|물이 흘러나오다|water flows out
카센터|car service center|카센터에 가다|to go to car center|카센터에서 수리|repair at car center
국물|broth|뜨거운 국물|hot broth|국물을 마시다|to drink broth
간단히|simply|간단히 말하다|to say simply|간단히 설명하다|to explain simply
오디션|audition|오디션을 보다|to audition|오디션에 합격하다|to pass audition
구역4|area|금연 구역|non-smoking area|위험 구역|danger zone
강물|river water|맑은 강물|clear river water|강물이 흐르다|river water flows
템플|temple|템플 스테이|temple stay|유명한 템플|famous temple
지적하다|to point out|문제를 지적하다|to point out problems|실수를 지적하다|to point out mistakes
리듬|rhythm|빠른 리듬|fast rhythm|리듬을 타다|to follow rhythm
처방전|prescription|처방전을 받다|to receive prescription|처방전이 필요하다|need a prescription
저지르다|to commit|실수를 저지르다|to make mistakes|범죄를 저지르다|to commit crime
모니터|monitor|컴퓨터 모니터|computer monitor|모니터를 보다|to look at monitor
군데|places|몇 군데|several places|두 군데|two places
시위4|demonstration|시위에 참가하다|to participate in a demonstration|평화 시위|peaceful demonstration
운6|luck|운이 좋다|to be lucky|운을 시험하다|to test one's luck
인스턴트식품|instant food|인스턴트식품을 먹다|to eat instant food|인스턴트식품 포장|instant food packaging
순위|ranking|순위를 매기다|to rank|1순위|first place
진하다1|to be thick|진한 커피|strong coffee|진하게 우리다|to brew strongly
인원수|number of people|인원수를 확인하다|to check the number of people|인원수 제한|limit on number of people
제작하다2|to produce|영화를 제작하다|to produce a movie|제작 과정|production process
회복하다|to recover|건강을 회복하다|to recover health|빨리 회복하다|to recover quickly
최신|latest|최신 정보|latest information|최신 기술|latest technology
꿈꾸다|to dream|미래를 꿈꾸다|to dream of the future|행복을 꿈꾸다|to dream of happiness
흘러가다|to flow|시간이 흘러가다|time flows by|강물이 흘러가다|river water flows
소비하다|to consume|에너지를 소비하다|to consume energy|많이 소비하다|to consume a lot
집회|assembly|집회에 참석하다|to attend an assembly|집회를 열다|to hold an assembly
흥미|interest|흥미를 느끼다|to feel interest|흥미로운 이야기|interesting story
꾸다1|to have|꿈을 꾸다|to have a dream|좋은 꿈 꾸다|to have a good dream
추정되다|to be estimated|비용이 추정되다|cost is estimated|원인이 추정되다|cause is estimated
내려다보다|to look down|창문에서 내려다보다|to look down from window|위에서 내려다보다|to look down from above
속마음|inner feelings|속마음을 털어놓다|to reveal inner feelings|속마음이 다르다|inner feelings are different
돌려주다|to return|책을 돌려주다|to return a book|빌린 것을 돌려주다|to return borrowed things
눈썹|eyebrow|눈썹을 그리다|to draw eyebrows|진한 눈썹|thick eyebrows
실생활|real life|실생활에 적용하다|to apply to real life|실생활 경험|real life experience
노|song|노를 부르다|to sing a song|전통 노|traditional song
비닐|vinyl|비닐봉지|plastic bag|비닐을 버리다|to throw away plastic
감동적|touching|감동적인 영화|touching movie|감동적인 순간|touching moment
답변|answer|답변을 하다|to give an answer|정확한 답변|accurate answer
털|fur|털이 빠지다|fur falls out|개 털|dog fur
한옥|traditional Korean house|한옥 마을|traditional Korean village|한옥에서 살다|to live in a hanok
산업|industry|제조업 산업|manufacturing industry|산업이 발달하다|industry develops
수표1|check|수표를 발행하다|to issue a check|수표로 결제하다|to pay by check
착각하다|to be mistaken|착각하고 있다|to be mistaken|착각할 뻔했다|almost made a mistake
귤|tangerine|귤을 까다|to peel a tangerine|달콤한 귤|sweet tangerine
얘3|this kid|얘가 누구야|who is this kid|얘 좀 봐|look at this kid
커닝|cheating|커닝을 하다|to cheat|커닝이 발각되다|cheating is discovered
도저히|absolutely not|도저히 안 돼|absolutely not possible|도저히 모르겠다|absolutely don't know
어머|oh my|어머 깜짝이야|oh my, what a surprise|어머 이런|oh my goodness
굶다|to starve|하루 굶다|to starve for a day|굶고 있다|to be starving
사망자|casualty|사망자가 발생하다|casualties occur|사망자 수|number of casualties
테이프|tape|테이프를 붙이다|to attach tape|테이프로 감다|to wrap with tape
귀하다|to be precious|귀한 시간|precious time|귀하게 여기다|to value highly
애플|Apple|애플 제품|Apple product|애플 스토어|Apple Store
간장1|soy sauce|간장을 넣다|to add soy sauce|진간장|dark soy sauce
학력2|educational background|높은 학력|high educational background|학력을 쌓다|to build educational background
출시하다|to launch|신제품을 출시하다|to launch a new product|출시 예정|scheduled for launch
국어1|Korean language|국어 시간|Korean language class|국어를 배우다|to learn Korean
냉방|air conditioning|냉방을 켜다|to turn on air conditioning|냉방 시설|air conditioning facility
탄핵|impeachment|탄핵을 추진하다|to pursue impeachment|탄핵 절차|impeachment process
동양3|the East|동양 문화|Eastern culture|동양 철학|Eastern philosophy
강의2|lecture|강의를 듣다|to attend a lecture|강의 시간|lecture time
추진하다2|to promote|계획을 추진하다|to promote a plan|적극 추진하다|to actively promote
악기5|musical instrument|악기를 연주하다|to play an instrument|전통 악기|traditional instrument
다행스럽다|to be fortunate|다행스럽게도|fortunately|다행스러운 일|fortunate thing
유리10|glass|유리창|glass window|유리컵|glass cup
치우다1|to clean up|책상을 치우다|to clear the desk|그릇을 치우다|to clear the dishes
추천서|letter of recommendation|추천서를 쓰다|to write a recommendation letter|추천서가 필요하다|to need a recommendation letter
완료|completion|작업 완료|work completion|완료되었습니다|it's completed
피로2|fatigue|피로가 쌓이다|fatigue accumulates|피로를 풀다|to relieve fatigue
화해하다|to reconcile|친구와 화해하다|to reconcile with a friend|화해를 제안하다|to propose reconciliation
짱|the best|실력이 짱이다|skills are the best|너무 짱이야|it's so awesome
따르다2|to pour|물을 따르다|to pour water|차를 따르다|to pour tea
접수|reception|접수를 하다|to register|접수 시간|reception hours
대결|confrontation|최종 대결|final confrontation|대결을 펼치다|to engage in confrontation
부자8|rich person|부자가 되다|to become rich|부자 동네|wealthy neighborhood
품질3|quality|품질이 좋다|good quality|품질 관리|quality control
경쟁|competition|치열한 경쟁|fierce competition|경쟁이 심하다|competition is intense
손자1|grandson|첫째 손자|first grandson|손자를 보다|to see one's grandson
구하다2|to save|생명을 구하다|to save a life|위험에서 구하다|to rescue from danger
창고1|warehouse|창고에 보관하다|to store in warehouse|창고를 빌리다|to rent a warehouse
신랑2|groom|신랑 신부|bride and groom|신랑이 되다|to become a groom
진찰실|examination room|진찰실에 들어가다|to enter examination room|진찰실에서 기다리다|to wait in examination room
트럭|truck|트럭을 운전하다|to drive a truck|화물 트럭|cargo truck
제법1|quite|제법 잘하다|to do quite well|제법 많다|quite a lot
시급|urgent|시급한 문제|urgent problem|시급히 처리하다|to handle urgently
판정|judgment|최종 판정|final judgment|판정을 내리다|to make a judgment
화가3|painter|유명한 화가|famous painter|화가가 되다|to become a painter
일정표|schedule|일정표를 만들다|to make a schedule|일정표를 확인하다|to check the schedule
의문2|doubt|의문이 들다|to have doubts|의문을 제기하다|to raise a question
멀어지다|to become distant|점점 멀어지다|to gradually become distant|친구와 멀어지다|to drift apart from a friend
넉넉하다|to be generous|마음이 넉넉하다|to have a generous heart|시간이 넉넉하다|to have plenty of time
플랫폼|platform|지하철 플랫폼|subway platform|온라인 플랫폼|online platform
야채|vegetables|신선한 야채|fresh vegetables|야채를 기르다|to grow vegetables
입사하다4|to join a company|회사에 입사하다|to join a company|내년에 입사하다|to join next year
재능|talent|음악적 재능|musical talent|재능을 발휘하다|to display talent
전부5|everything|전부 다 했어요|I did everything|전부 팔렸다|everything was sold
뜻대로|as intended|뜻대로 되다|to go as intended|뜻대로 안 돼요|it's not going as planned
