Rank|Word
1|있다
2|것
3|하다
4|되다
5|수
6|그
7|없다
8|않다
9|같다
10|이
11|거
12|아
13|우리
14|이렇다
15|때
16|더
17|진짜
18|너무
19|또
20|그렇다
21|좋다
22|알다
23|먹다
24|왜
25|사람
26|어떻다
27|많이
28|싶다
29|많다
30|때문
31|오늘
32|받다
33|뭐
34|만들다
35|그냥
36|오다
37|생각
38|생각하다
39|씨
40|야
41|앵커
42|대하다
43|등
44|위하다
45|두
46|못
47|다시
48|말하다
49|못하다
50|들어가다
51|맞다
52|그거
53|예
54|친구
55|집
56|안
57|조금
58|맛있다
59|앞
60|여러분
61|시간
62|어디
63|엄마
64|중
65|괜찮다
66|소리
67|가다
68|마음
69|좋아하다
70|아이
71|같이
72|처음
73|응
74|뒤
75|찾다
76|문제
77|저희
78|누구
79|정도
80|가장
81|아직
82|시작하다
83|눈
84|웃음
85|계속
86|명
87|넣다
88|형
89|상황
90|잘하다
91|곳
92|경우
93|그때
94|미국
95|라
96|음악
97|아주
98|모습
99|몇
100|딱
101|먼저
102|대통령
103|오
104|감사하다
105|빨리
106|그것
107|보내다
108|막
109|나가다
110|잡다
111|보이다
112|굉장히
113|지금
114|년
115|위
116|모르다
117|안녕하다
118|중요하다
119|힘들다
120|번째
121|얼굴
122|들어오다
123|얘기하다
124|선생님
125|시
126|아빠
127|죽다
128|부분
129|끝나다
130|손
131|마지막
132|떨어지다
133|예쁘다
134|줄
135|속
136|얘
137|그녀
138|머리
139|꼭
140|동안
141|찍다
142|갖다
143|끝
144|이유
145|언니
146|따르다
147|없이
148|엄청
149|나
150|고맙다
151|말
152|믿다
153|첫
154|적
155|학교
156|어제
157|돈
158|원래
159|아까
160|사용하다
161|터
162|자신
163|앉다
164|아버지
165|혼자
166|자리
167|최근
168|책
169|탄성
170|방법
171|내용
172|요즘
173|쪽
174|세계
175|아무
176|웃다
177|어렵다
178|당신
179|높다
180|상태
181|일어나다
182|말씀
183|역시
184|지역
185|쉽다
186|이후
187|밥
188|혹시
189|느끼다
190|직접
191|해보다
192|듣다
193|학생
194|기다리다
195|만나다
196|밖
197|어느
198|아침
199|중국
200|대표
201|옆
202|하루
203|너
204|재밌다
205|읽다
206|정부
207|언제
208|현재
209|사랑하다
210|결국
211|새롭다
212|필요하다
213|의원
214|목소리
215|특히
216|호응
217|너희
218|제품
219|올라가다
220|귀엽다
221|순간
222|크다
223|맛
224|가족
225|돌아오다
226|일
227|회사
228|싫다
229|보다
230|미안하다
231|당시
232|후
233|준비하다
234|어린이
235|열심히
236|살짝
237|잠깐
238|들다
239|돌아가다
240|어머니
241|무엇
242|지키다
243|확인하다
244|고개
245|시키다
246|기자
247|억
248|뜻
249|항상
250|기억
251|음식
252|안녕
253|후보
254|저
255|무섭다
256|잠시
257|비슷하다
258|나쁘다
259|궁금하다
260|부르다
261|얼마
262|과정
263|영화
264|빠지다
265|자체
266|옷
267|살다
268|아마
269|만
270|남다
271|가격
272|날
273|남자
274|번
275|가능하다
276|우리나라
277|다르다
278|움직이다
279|죄송하다
280|원하다
281|소식
282|만큼
283|애
284|지
285|사진
286|새끼
287|맞추다
288|다양하다
289|학년
290|나타나다
291|얻다
292|올해
293|빠르다
294|전화
295|준비
296|표정
297|느낌
298|입다
299|선배
300|가능성
301|질문
302|계획
303|모양
304|선수
305|물어보다
306|훨씬
307|전혀
308|아니다
309|병원
310|아프다
311|할머니
312|효과음
313|국민
314|걱정
315|안되다
316|의미
317|말다
318|원
319|바라보다
320|분
321|아유
322|관심
323|멈추다
324|대부분
325|멋지다
326|기분
327|현장
328|나다
329|약
330|보통
331|저거
332|주변
333|들리다
334|붙다
335|다리
336|행복하다
337|작품
338|하늘
339|뿐
340|오후
341|설명하다
342|똑같다
343|이상하다
344|막다
345|열다
346|올리다
347|이용하다
348|입장
349|장
350|놓다
351|도와주다
352|전하다
353|그러다
354|드리다
355|냄새
356|땅
357|여자
358|아저씨
359|곧
360|이곳
361|기회
362|떠나다
363|인생
364|오히려
365|수사
366|시작
367|기사
368|입
369|정보
370|묻다
371|알아보다
372|대박
373|게임
374|듯
375|방
376|뽑다
377|카메라
378|말씀드리다
379|시작되다
380|셋
381|대상
382|초
383|자꾸
384|시장
385|엄청나다
386|월
387|북한
388|알리다
389|아무것
390|운동
391|직원
392|올라오다
393|풀다
394|발생하다
395|서울
396|당연히
397|여성
398|층
399|이해하다
400|방식
401|관계
402|저녁
403|멋있다
404|챙기다
405|꺼내다
406|예정
407|알려지다
408|결과
409|듯하다
410|본인
411|이어지다
412|멤버
413|걸다
414|여행
415|완전히
416|전체
417|스스로
418|놀다
419|도착하다
420|검찰
421|인사
422|재미있다
423|여전히
424|당장
425|식
426|인간
427|편하다
428|요
429|컬러
430|관련
431|방금
432|늦다
433|고
434|제발
435|형님
436|촬영
437|환자
438|달다
439|왜냐하면
440|내다
441|잊다
442|날씨
443|밑
444|방송
445|신음
446|녀석
447|회장
448|조
449|점점
450|모두
451|바닥
452|거리
453|넘어가다
454|전국
455|사랑
456|총
457|아무리
458|검사
459|국내
460|잘못
461|동생
462|넘다
463|가져오다
464|예전
465|행동
466|꽤
467|배우다
468|손님
469|그동안
470|개월
471|만하다
472|영어
473|저렇다
474|계시다
475|기업
476|차량
477|가깝다
478|짧다
479|새벽
480|인기
481|솔직히
482|특파원
483|영향
484|능력
485|의견
486|마리
487|공간
488|말씀하다
489|대화
490|위험하다
491|상당히
492|나무
493|대답하다
494|숨소리
495|작가
496|찾아오다
497|감정
498|신경
499|즐겁다
500|계속하다
501|단계
502|평소
503|의사
504|천천히
505|중심
506|과연
507|남편
508|차례
509|밝다
510|뉴스
511|혐의
512|대단하다
513|작업
514|반응
515|마치
516|국가
517|부모님
518|마을
519|대체
520|마찬가지
521|국회
522|전쟁
523|나이
524|진행하다
525|아름답다
526|확실히
527|지나가다
528|놈
529|할아버지
530|어울리다
531|아쉽다
532|기억하다
533|이야기하다
534|아파트
535|차이
536|비싸다
537|형사
538|설명
539|효과
540|적다
541|한숨
542|감독
543|깊다
544|바쁘다
545|역할
546|과거
547|파이팅
548|의혹
549|빛
550|덕분
551|활동
552|법
553|신기하다
554|걱정하다
555|생기다
556|표현
557|수업
558|프로그램
559|동시
560|피해자
561|살펴보다
562|커피
563|가까이
564|울다
565|캐릭터
566|포인트
567|태어나다
568|도시
569|경험
570|발표하다
571|기준
572|양
573|정확하다
574|내일
575|기술
576|방향
577|따뜻하다
578|내놓다
579|부드럽다
580|근처
581|소개하다
582|겪다
583|맡다
584|눈물
585|카드
586|수준
587|부족하다
588|자식
589|니
590|꽃
591|내려가다
592|늘어나다
593|던지다
594|선택하다
595|바뀌다
596|뜨겁다
597|면
598|조심하다
599|완벽하다
600|박
601|붙이다
602|떠오르다
603|러시아
604|행사
605|회
606|미리
607|발견하다
608|충분히
609|어깨
610|가져가다
611|선물
612|다니다
613|길
614|당연하다
615|교수
616|선택
617|옛날
618|장소
619|및
620|연락
621|짓다
622|아무튼
623|분명히
624|성공하다
625|가방
626|확실하다
627|아내
628|장관
629|낮
630|늘다
631|인터넷
632|연기
633|표현하다
634|축하하다
635|장면
636|살리다
637|속도
638|가볍다
639|관련하다
640|여름
641|세우다
642|예수
643|더욱
644|호텔
645|반갑다
646|하나
647|가르치다
648|정신
649|호응하다
650|증거
651|다섯
652|잡히다
653|아휴
654|무겁다
655|변호사
656|댓글
657|이루어지다
658|버리다
659|어차피
660|화장실
661|거짓말
662|지원
663|시험
664|왼쪽
665|지켜보다
666|왕
667|다행
668|동물
669|금방
670|환경
671|진행되다
672|받아들이다
673|색깔
674|목
675|주제
676|키
677|주장하다
678|설마
679|어떡
680|존재
681|낫다
682|변화
683|주인공
684|간단하다
685|자료
686|구하다
687|유저
688|어둡다
689|나오다
690|참다
691|실제
692|나서다
693|교육
694|쉬다
695|진심
696|젊다
697|단어
698|공부
699|로봇
700|특별하다
701|부모
702|쭉
703|건물
704|가치
705|결정
706|없어지다
707|가지다
708|목표
709|기록
710|담다
711|끊다
712|사업
713|규모
714|즉
715|돌다
716|스타일
717|채우다
718|타다
719|해결하다
720|시스템
721|멀리
722|흥미롭다
723|대회
724|뛰다
725|만약
726|불편하다
727|기대하다
728|자연스럽다
729|다녀오다
730|발견되다
731|트럼프
732|찾아보다
733|우주
734|함께하다
735|상대
736|오른쪽
737|호
738|약속
739|공격
740|연습
741|도대체
742|드라마
743|시선
744|인하다
745|각
746|그저
747|서비스
748|역사
749|공부하다
750|참여하다
751|주장
752|대학
753|즐기다
754|상처
755|논란
756|일으키다
757|정리하다
758|강하다
759|개인적
760|기능
761|끌다
762|교회
763|반드시
764|넓다
765|시원하다
766|고생하다
767|죽음
768|반
769|노력하다
770|지구
771|위치
772|깜짝
773|벽
774|범인
775|결정하다
776|싫어하다
777|와인
778|식사
779|뻔하다
780|활용하다
781|버스
782|등장하다
783|포기하다
784|자동차
785|이르다
786|문화
787|터지다
788|노력
789|쳐다보다
790|인정하다
791|컴퓨터
792|마법
793|고민
794|대한민국
795|막히다
796|분명
797|요리
798|관리
799|배우
800|사과
801|공개하다
802|드러나다
803|리
804|실력
805|손가락
806|해외
807|핵심
808|시리즈
809|그치
810|사용
811|놀랍다
812|르
813|가만히
814|조용히
815|빵
816|성공
817|살
818|강조하다
819|작다
820|훌륭하다
821|팔다
822|초등학교
823|프랑스
824|다가오다
825|주인
826|평생
827|이름
828|생활
829|부탁하다
830|지나다
831|당
832|짓
833|걷다
834|정책
835|잘되다
836|보도하다
837|브랜드
838|확
839|그분
840|카페
841|평가
842|그곳
843|목숨
844|무릎
845|박사
846|숫자
847|옮기다
848|마스크
849|외
850|문
851|당황하다
852|잘못하다
853|미소
854|돕다
855|그만하다
856|성격
857|확인되다
858|최초
859|두다
860|죄
861|쏟아지다
862|닮다
863|목적
864|제공하다
865|온라인
866|그쪽
867|집중하다
868|배
869|포함하다
870|결혼하다
871|박수
872|때리다
873|에이
874|펼치다
875|개발
876|심각하다
877|출연진
878|배터리
879|남성
880|씻다
881|공기
882|닿다
883|종류
884|치료
885|벗어나다
886|그룹
887|불안하다
888|보도
889|요구하다
890|침대
891|범죄
892|유지하다
893|피부
894|좋아지다
895|관련되다
896|존재하다
897|가게
898|쓰다
899|이기다
900|일찍
901|디자인
902|살아가다
903|에너지
904|정리
905|춥다
906|도
907|닫다
908|기록하다
909|광고
910|정하다
911|진행
912|버티다
913|한마디
914|숨다
915|비행기
916|업체
917|교장
918|지방
919|시민
920|쌓이다
921|놓치다
922|건강하다
923|급하다
924|유럽
925|건강
926|흔들다
927|안전하다
928|싸다
929|관계자
930|봐주다
931|인물
932|수고하다
933|찾아가다
934|형태
935|앞두다
936|어찌
937|수도권
938|비롯하다
939|연구
940|바
941|실수
942|파티
943|어쩌다
944|곳곳
945|곡
946|고통
947|닦다
948|김치
949|생각나다
950|핸드폰
951|전
952|바보
953|코
954|약하다
955|남기다
956|치다
957|작년
958|당하다
959|신발
960|주민
961|심장
962|기온
963|잘못되다
964|각각
965|재미
966|편
967|기쁘다
968|연결하다
969|중간
970|구매하다
971|전망
972|의자
973|일부러
974|술
975|줄어들다
976|앨범
977|자전거
978|정
979|공식
980|피해
981|출발하다
982|바다
983|주위
984|현상
985|공주
986|벗다
987|메뉴
988|충분하다
989|비
990|달라지다
991|깔끔하다
992|공연
993|각자
994|원인
995|인터뷰
996|낳다
997|발표
998|강
999|비교하다
1000|친하다
1001|방문하다
1002|판단하다
1003|정확히
1004|태풍
1005|현실
1006|내리다
1007|가득
1008|운영하다
1009|이른바
1010|정상
1011|요거
1012|년간
1013|안쪽
1014|총리
1015|꿈
1016|비용
1017|워낙
1018|사실상
1019|딸
1020|돌아보다
1021|떨리다
1022|기
1023|생명
1024|재료
1025|사례
1026|이쁘다
1027|계속되다
1028|위험
1029|팀
1030|떠올리다
1031|지내다
1032|섞다
1033|시절
1034|소녀
1035|수많다
1036|교사
1037|깨끗하다
1038|달리
1039|자세히
1040|전화하다
1041|개
1042|소스
1043|굽다
1044|변하다
1045|괜히
1046|강력하다
1047|기간
1048|달
1049|바람
1050|눈치
1051|지원하다
1052|정답
1053|캐스터
1054|추천하다
1055|높이
1056|목사
1057|제목
1058|흐르다
1059|직업
1060|인천
1061|없애다
1062|벌다
1063|특징
1064|기본적
1065|사이즈
1066|싹
1067|낮다
1068|복잡하다
1069|홈페이지
1070|탓
1071|공
1072|콘텐츠
1073|식당
1074|거대하다
1075|맥주
1076|고양이
1077|차지하다
1078|대구
1079|점수
1080|괴물
1081|유명하다
1082|가을
1083|예상되다
1084|쌓다
1085|높아지다
1086|측
1087|걸리다
1088|행위
1089|서로
1090|축제
1091|오래되다
1092|위원장
1093|따지다
1094|충격
1095|용기
1096|공장
1097|나이스
1098|척
1099|어유
1100|인형
1101|자녀
1102|촬영하다
1103|플레이
1104|최종
1105|투자
1106|머릿속
1107|귀
1108|더하다
1109|이걸
1110|구체적
1111|마이크
1112|단체
1113|예상
1114|선생
1115|상품
1116|배고프다
1117|분명하다
1118|약속하다
1119|일하다
1120|난리
1121|시즌
1122|상관없다
1123|꽉
1124|한국어
1125|슬프다
1126|미
1127|숲
1128|마련하다
1129|피곤하다
1130|인상
1131|밟다
1132|취재하다
1133|매력
1134|추억
1135|고민하다
1136|재판
1137|그대
1138|끓이다
1139|그럼
1140|저쪽
1141|희망
1142|날아가다
1143|비명
1144|그중
1145|최
1146|지나치다
1147|데
1148|동료
1149|기계
1150|불법
1151|누르다
1152|글
1153|메이크업
1154|잃다
1155|대충
1156|점심
1157|몸
1158|허리
1159|판단
1160|모델
1161|적히다
1162|분석
1163|줄다
1164|그리
1165|사라지다
1166|걸어가다
1167|학원
1168|아이디어
1169|미치다
1170|열리다
1171|훔치다
1172|드러내다
1173|전투
1174|계약
1175|학부모
1176|의
1177|얇다
1178|최선
1179|망하다
1180|방안
1181|구멍
1182|결혼
1183|법원
1184|곁
1185|둘
1186|흔들리다
1187|업무
1188|요새
1189|이벤트
1190|그만두다
1191|대책
1192|숨기다
1193|피하다
1194|통화
1195|무료
1196|다행히
1197|시점
1198|절반
1199|칼
1200|과학
1201|덥다
1202|상대방
1203|병
1204|접종
1205|준비되다
1206|백
1207|회의
1208|상자
1209|겨울
1210|장비
1211|처리하다
1212|장점
1213|치즈
1214|평범하다
1215|참가하다
1216|불가능하다
1217|아줌마
1218|행복
1219|발언
1220|상
1221|저번
1222|배경
1223|스트레스
1224|아니
1225|의아하다
1226|가득하다
1227|믿음
1228|남
1229|반면
1230|펼쳐지다
1231|대형
1232|맞히다
1233|주말
1234|눈빛
1235|택시
1236|테이블
1237|공격하다
1238|아이템
1239|답답하다
1240|부탁
1241|앱
1242|아이스크림
1243|은행
1244|헤어지다
1245|의식
1246|연습하다
1247|안타깝다
1248|아가씨
1249|차원
1250|참석하다
1251|자막
1252|도망가다
1253|돌아다니다
1254|밤
1255|실패하다
1256|이러다
1257|내려놓다
1258|도망치다
1259|자유롭다
1260|소원
1261|운명
1262|집안
1263|오랫동안
1264|차라리
1265|얘기
1266|공개되다
1267|익살스럽다
1268|언론
1269|각종
1270|성
1271|어젯밤
1272|이동하다
1273|요청하다
1274|삶
1275|포함되다
1276|연애
1277|쓰러지다
1278|일반적
1279|찾아내다
1280|마무리
1281|권
1282|크리스마스
1283|뉴욕
1284|기억나다
1285|번호
1286|프로젝트
1287|산
1288|죽이다
1289|날리다
1290|훈련
1291|내
1292|담배
1293|문장
1294|시각
1295|부인
1296|주식
1297|편안하다
1298|본격적
1299|귀신
1300|안다
1301|갈등
1302|이스라엘
1303|신나다
1304|눈앞
1305|파악하다
1306|무너지다
1307|개발하다
1308|인구
1309|넘치다
1310|빨갛다
1311|투표
1312|섞이다
1313|끔찍하다
1314|스토리
1315|따라가다
1316|언어
1317|감염
1318|후보자
1319|동작
1320|공개
1321|소금
1322|여부
1323|둘러보다
1324|갚다
1325|떨다
1326|근육
1327|절차
1328|전체적
1329|고등학교
1330|연락하다
1331|추가
1332|급
1333|스타
1334|책상
1335|부산
1336|얼음
1337|그림자
1338|그릇
1339|뛰어나다
1340|많아지다
1341|출신
1342|값
1343|예상하다
1344|승리
1345|외국
1346|화
1347|우크라이나
1348|잘생기다
1349|소개
1350|깊이
1351|분석하다
1352|선
1353|태도
1354|편의점
1355|전략
1356|지난번
1357|여섯
1358|성적
1359|직전
1360|계단
1361|출시
1362|붙잡다
1363|탁
1364|전달하다
1365|사회적
1366|입술
1367|좁다
1368|거치다
1369|도전하다
1370|치르다
1371|테스트
1372|상상
1373|옅다
1374|결론
1375|팬
1376|가짜
1377|실험
1378|연속
1379|점
1380|화려하다
1381|소문
1382|솔직하다
1383|흔적
1384|범행
1385|주문하다
1386|웃기다
1387|지르다
1388|자유
1389|입구
1390|바이러스
1391|숙
1392|신호
1393|가정
1394|요소
1395|진실
1396|멀다
1397|청소
1398|수학
1399|취향
1400|답하다
1401|고려하다
1402|비판
1403|아뇨
1404|정치적
1405|긴장되다
1406|잔뜩
1407|유
1408|케이크
1409|부부
1410|어색하다
1411|대응
1412|추천
1413|설치하다
1414|뵙다
1415|실패
1416|시끄럽다
1417|인정
1418|분노
1419|감다
1420|묶다
1421|무리
1422|쿠션
1423|견디다
1424|어이
1425|단순하다
1426|감사
1427|구독
1428|작전
1429|완성
1430|확보하다
1431|알아내다
1432|가리키다
1433|덮다
1434|귀찮다
1435|쯧
1436|임무
1437|주
1438|대표적
1439|똥
1440|공원
1441|광주
1442|습관
1443|형제
1444|아깝다
1445|간
1446|농담
1447|파리
1448|불구하다
1449|신규
1450|표
1451|버튼
1452|아아
1453|지적
1454|응원하다
1455|더럽다
1456|고치다
1457|공포
1458|세계적
1459|잔
1460|내밀다
1461|청년
1462|높이다
1463|적극적
1464|소년
1465|상상하다
1466|잃어버리다
1467|통과하다
1468|마주치다
1469|창문
1470|경북
1471|부끄럽다
1472|뻗다
1473|집중
1474|사과하다
1475|시체
1476|로
1477|발사
1478|익숙하다
1479|제공
1480|풍경
1481|협상
1482|청소년
1483|축구
1484|색
1485|원장
1486|이따
1487|활동하다
1488|플레이어
1489|연결되다
1490|데이터
1491|뜯다
1492|학습
1493|따라오다
1494|모드
1495|너무너무
1496|넘기다
1497|개념
1498|놔두다
1499|짜증
1500|반복하다
1501|참가자
1502|힘주다
1503|인근
1504|시설
1505|머리카락
1506|간식
1507|바퀴
1508|틀다
1509|백신
1510|자신감
1511|그놈
1512|걸치다
1513|잇따르다
1514|세금
1515|내부
1516|데프콘
1517|화제
1518|명령
1519|식물
1520|공룡
1521|컵
1522|갇히다
1523|데뷔
1524|연결
1525|모으다
1526|미션
1527|들여다보다
1528|드래곤
1529|리뷰
1530|찍히다
1531|따위
1532|달리다
1533|들려오다
1534|우유
1535|끝내다
1536|주택
1537|성능
1538|넘어지다
1539|시청자
1540|관객
1541|고객
1542|보호하다
1543|지점
1544|확인
1545|욕심
1546|박스
1547|전원
1548|인사하다
1549|무게
1550|영원히
1551|운전자
1552|방문
1553|푹
1554|측면
1555|뚫다
1556|물론
1557|콘서트
1558|평화
1559|통
1560|정원
1561|반대하다
1562|여유
1563|정체
1564|디테일
1565|초콜릿
1566|깔다
1567|이끌다
1568|환호
1569|설정
1570|확률
1571|턱
1572|운영
1573|셈
1574|지하철
1575|대비
1576|출발
1577|투
1578|은혜
1579|피
1580|고향
1581|자세
1582|도쿄
1583|의심하다
1584|다가가다
1585|수상하다
1586|향
1587|데이트
1588|탄식
1589|성장
1590|글쎄
1591|지혜
1592|전통
1593|칸
1594|냉장고
1595|비밀
1596|올림픽
1597|전기
1598|소설
1599|이뤄지다
1600|시계
1601|최고
1602|모
1603|직장
1604|대비하다
1605|억울하다
1606|비율
1607|정식
1608|중학교
1609|부위
1610|심하다
1611|장난
1612|베이스
1613|레
1614|종
1615|주년
1616|비판하다
1617|열쇠
1618|고생
1619|인류
1620|군
1621|오르다
1622|향하다
1623|빠져나가다
1624|휴대폰
1625|워싱턴
1626|신고하다
1627|체험
1628|그림
1629|긴장
1630|기존
1631|겁
1632|무시하다
1633|대
1634|하여튼
1635|똑바로
1636|온도
1637|차다
1638|마침내
1639|떡볶이
1640|공무원
1641|스튜디오
1642|지식
1643|야당
1644|대장
1645|생일
1646|꼬마
1647|닫히다
1648|버전
1649|맡기다
1650|요구
1651|묻히다
1652|기도하다
1653|왕자
1654|안경
1655|샷
1656|꾸준히
1657|데려가다
1658|최악
1659|매니저
1660|제안
1661|감히
1662|신청하다
1663|의하다
1664|경험하다
1665|직후
1666|굿
1667|사무실
1668|매년
1669|라인
1670|소리치다
1671|실장
1672|성장하다
1673|밝혀지다
1674|증상
1675|마무리하다
1676|처리
1677|저렴하다
1678|날개
1679|아우
1680|어휴
1681|신동
1682|특이하다
1683|총장
1684|코스
1685|티
1686|대사
1687|증가하다
1688|해내다
1689|두렵다
1690|그날
1691|담기다
1692|언급하다
1693|아이씨
1694|둘째
1695|꼬리
1696|불쌍하다
1697|공사
1698|끼치다
1699|바위
1700|정권
1701|하트
1702|괴롭히다
1703|바깥
1704|신문
1705|자격
1706|경남
1707|슈퍼
1708|금리
1709|추가하다
1710|동영상
1711|맺다
1712|호흡
1713|금액
1714|물가
1715|약간
1716|돌리다
1717|기운
1718|깨닫다
1719|권력
1720|태양
1721|잠들다
1722|제도
1723|규칙
1724|특별히
1725|판매
1726|크림
1727|커지다
1728|여당
1729|판결
1730|긴장하다
1731|신청
1732|적당히
1733|만화
1734|자랑하다
1735|오랜만
1736|온몸
1737|취하다
1738|영혼
1739|곧바로
1740|나타내다
1741|스포츠
1742|내년
1743|밝히다
1744|수치
1745|부장
1746|두껍다
1747|안무
1748|식구
1749|사망
1750|양쪽
1751|라이브
1752|외롭다
1753|사용되다
1754|떼다
1755|케이스
1756|동네
1757|수술
1758|특정
1759|영역
1760|발생
1761|무척
1762|개미
1763|지도
1764|동의하다
1765|꽂다
1766|타이밍
1767|떡
1768|이탈리아
1769|블랙
1770|주소
1771|바탕
1772|중얼거리다
1773|황제
1774|합치다
1775|욕
1776|거부하다
1777|긍정적
1778|해결
1779|뇌
1780|당분간
1781|단독
1782|인마
1783|인식
1784|영웅
1785|또다시
1786|애초
1787|평가하다
1788|예약
1789|닭
1790|기대되다
1791|소주
1792|데려오다
1793|코너
1794|공동
1795|검토하다
1796|튀어나오다
1797|공항
1798|토끼
1799|모자
1800|만지다
1801|판사
1802|들키다
1803|마늘
1804|불과하다
1805|책임지다
1806|요청
1807|부딪히다
1808|도로
1809|양념
1810|클럽
1811|요렇다
1812|위반
1813|도구
1814|걱정되다
1815|부럽다
1816|제주도
1817|제작
1818|소송
1819|그나마
1820|적용하다
1821|초등학생
1822|적절하다
1823|뒤집다
1824|타입
1825|환영하다
1826|액션
1827|우승
1828|마약
1829|달려가다
1830|덧붙이다
1831|오브
1832|악마
1833|여기저기
1834|한계
1835|으
1836|톤
1837|녹다
1838|짚다
1839|자동
1840|비키다
1841|장난감
1842|소속
1843|옳다
1844|발전
1845|울음
1846|물질
1847|매장
1848|실시하다
1849|보호
1850|꺼지다
1851|추석
1852|의상
1853|결코
1854|웃음소리
1855|애니메이션
1856|딱히
1857|숙소
1858|굉장하다
1859|국물
1860|구역
1861|지적하다
1862|저지르다
1863|얹다
1864|감추다
1865|시위
1866|순위
1867|늙다
1868|넷
1869|제작하다
1870|꿈꾸다
1871|집회
1872|추정되다
1873|돌려주다
1874|노인
1875|단순히
1876|노
1877|칭찬
1878|답변
1879|춤추다
1880|산업
1881|귤
1882|도저히
1883|주먹
1884|지난주
1885|퍼센트
1886|사망자
1887|개인
1888|애플
1889|출시하다
1890|탄핵
1891|추진하다
1892|유리
1893|완료
1894|짱
1895|친절하다
1896|대결
1897|경쟁
1898|창고
1899|트럭
1900|판정
1901|익다
1902|의문
1903|이익
1904|강제
1905|차갑다
1906|플랫폼
1907|재능
1908|구성되다
1909|애쓰다
1910|가난하다
1911|주문
1912|서류
1913|독자
1914|감각
1915|패스
1916|제작진
1917|엘리베이터
1918|뒤쪽
1919|제외하다
1920|자
1921|석
1922|떨어뜨리다
1923|독특하다
1924|규제
1925|지시
1926|의도
1927|세력
1928|설탕
1929|자연
1930|판
1931|나아가다
1932|답
1933|음성
1934|구독자
1935|최소
1936|홍콩
1937|쇼
1938|대규모
1939|고소하다
1940|문득
1941|장르
1942|센터
1943|태우다
1944|쫙
1945|맞이하다
1946|날카롭다
1947|권리
1948|파워
1949|등급
1950|모니터
1951|다치다
1952|디지털
1953|만족하다
1954|교실
1955|똑똑하다
1956|법적
1957|연휴
1958|씹다
1959|어느새
1960|말투
1961|한국인
1962|접근하다
1963|빨간색
1964|수십
1965|취미
1966|순식간
1967|현금
1968|출연하다
1969|물러나다
1970|캠프
1971|갖추다
1972|쫓다
1973|투자하다
1974|댄스
1975|털다
1976|주차장
1977|눈썹
1978|감싸다
1979|완성되다
1980|프레임
1981|원칙
1982|마음속
1983|여인
1984|안녕히
1985|체력
1986|폭력
1987|공급
1988|반도체
1989|과장
1990|커뮤니티
1991|차분하다
1992|처벌
1993|무렵
1994|운
1995|첫째
1996|행성
1997|후회하다
1998|상관
1999|흔히
2000|플라스틱
2001|즉시
2002|긴급
2003|날짜
2004|보상
2005|파트
2006|결혼식
2007|기반
2008|텐트
2009|뺏다
2010|신다
2011|신부
2012|투어
2013|유행
2014|다소
2015|스티커
2016|전부
2017|대답
2018|후배
2019|위치하다
2020|스팀
2021|도서관
2022|방역
2023|경쾌하다
2024|문자
2025|조심스럽다
2026|단점
2027|충전
2028|전남
2029|설치되다
2030|모레
2031|아이돌
2032|호주
2033|알바
2034|기뻐하다
2035|정말
2036|애매하다
2037|깨어나다
2038|갓
2039|코드
2040|제출하다
2041|힘
2042|해석
2043|감옥
2044|깎다
2045|안전
2046|한동안
2047|보스
2048|기관
2049|레드
2050|범위
2051|승객
2052|논의하다
2053|당국
2054|기타
2055|아프리카
2056|오픈
2057|박물관
2058|공유하다
2059|시도하다
2060|판매하다
2061|월드컵
2062|복도
2063|매번
2064|학기
2065|흙
2066|글자
2067|인연
2068|첫날
2069|팀장
2070|햄
2071|혜택
2072|살아남다
2073|당기다
2074|들려주다
2075|아시아
2076|패션
2077|실시간
2078|사귀다
2079|처하다
2080|제안하다
2081|음료
2082|사망하다
2083|여기다
2084|우
2085|불안
2086|마시다
2087|상담
2088|초반
2089|소파
2090|마련되다
2091|여왕
2092|멀어지다
2093|장사
2094|엉덩이
2095|컷
2096|쥐
2097|실내
2098|온갖
2099|다이어트
2100|시신
2101|흰색
2102|사항
2103|힘내다
2104|추위
2105|선장
2106|웬만하다
2107|되찾다
2108|소름
2109|베트남
2110|다루다
2111|비주얼
2112|모험
2113|곤란하다
2114|헷갈리다
2115|화성
2116|단단하다
2117|디저트
2118|잔잔하다
2119|컨텐츠
2120|와중
2121|부족
2122|과제
2123|노동자
2124|부자
2125|주방
2126|의무
2127|흠
2128|성분
2129|가위바위보
2130|영감
2131|안개
2132|비교
2133|핑크
2134|영업
2135|종종
2136|지옥
2137|법안
2138|입히다
2139|인력
2140|대신
2141|뿌리다
2142|시도
2143|너머
2144|특검
2145|행동하다
2146|수입
2147|응원
2148|채소
2149|복
2150|기르다
2151|우연히
2152|줄이다
2153|양파
2154|제거하다
2155|어마어마하다
2156|참고하다
2157|거절하다
2158|이웃
2159|일자리
2160|삼다
2161|터뜨리다
2162|마이
2163|뚜껑
2164|생물
2165|강화하다
2166|잊어버리다
2167|주의하다
2168|햇빛
2169|사흘
2170|스케줄
2171|명확하다
2172|합의
2173|분기
2174|셰프
2175|부담스럽다
2176|외모
2177|저것
2178|불다
2179|마녀
2180|캠핑
2181|웬일
2182|마디
2183|수익
2184|적당하다
2185|관찰하다
2186|휘두르다
2187|장군
2188|독일
2189|레벨
2190|전력
2191|자금
2192|흥미진진하다
2193|와우
2194|나름
2195|발견
2196|끼
2197|젖다
2198|파란색
2199|방침
2200|전면
2201|제법
2202|태국
2203|제시하다
2204|역
2205|계산하다
2206|제기하다
2207|에다
2208|노란색
2209|피디
2210|띄우다
2211|마트
2212|안팎
2213|식감
2214|감동
2215|경제적
2216|빌다
2217|관광객
2218|반장
2219|라운드
2220|접다
2221|죠
2222|과학자
2223|양반
2224|시내
2225|김밥
2226|위주
2227|소득
2228|용의자
2229|녹음
2230|노래하다
2231|달걀
2232|그래다
2233|논의
2234|접시
2235|치
2236|탑
2237|호기심
2238|뽑히다
2239|갈아입다
2240|좀비
2241|간장
2242|스위치
2243|무사히
2244|업계
2245|새우
2246|패턴
2247|캐나다
2248|거짓
2249|구입하다
2250|속상하다
2251|대학교
2252|게이트
2253|찢다
2254|국제
2255|순서
2256|제주
2257|동기
2258|굳다
2259|도전
2260|오리지널
2261|적용되다
2262|달콤하다
2263|닥치다
2264|베이징
2265|컨셉
2266|괴롭다
2267|박히다
2268|거울
2269|폭
2270|지갑
2271|창
2272|가수
2273|용
2274|여덟
2275|과일
2276|숙제
2277|등장
2278|별로
2279|부정적
2280|운동하다
2281|대응하다
2282|발음
2283|경고
2284|인원
2285|몰다
2286|흔하다
2287|차리다
2288|출근하다
2289|겹치다
2290|법정
2291|힌트
2292|진지하다
2293|심사
2294|별명
2295|잠
2296|소
2297|복수
2298|흘러나오다
2299|촉촉하다
2300|내쉬다
2301|제기되다
2302|심다
2303|규정
2304|안보
2305|낮추다
2306|임금
2307|연습생
2308|외국인
2309|스페인
2310|운전하다
2311|폭탄
2312|해당하다
2313|튀다
2314|봉투
2315|오토바이
2316|막상
2317|너무하다
2318|수영
2319|악
2320|빠져나오다
2321|참사
2322|골목
2323|붓다
2324|날다
2325|수사하다
2326|유치원
2327|선언하다
2328|두려워하다
2329|그리다
2330|유명
2331|진술
2332|연구하다
2333|멀쩡하다
2334|소비자
2335|에코
2336|전북
2337|몇몇
2338|검은색
2339|정치인
2340|상대적
2341|강화
2342|파일
2343|떠들다
2344|강렬하다
2345|채널
2346|내려지다
2347|예산
2348|비디오
2349|정치권
2350|커버
2351|썰다
2352|주고받다
2353|끊임없이
2354|빼앗다
2355|힘겹다
2356|남쪽
2357|선물하다
2358|도중
2359|마마
2360|기본
2361|증명하다
2362|기도
2363|주의
2364|그래픽
2365|방학
2366|별
2367|내보내다
2368|수영장
2369|위협
2370|화이트
2371|오디션
2372|사안
2373|조절하다
2374|간호사
2375|담당하다
2376|플러스
2377|다하다
2378|프로
2379|종목
2380|형식
2381|택배
2382|낚시
2383|까먹다
2384|뜻하다
2385|성향
2386|김
2387|도착
2388|혼란
2389|아주머니
2390|유령
2391|내려다보다
2392|라디오
2393|진정
2394|마련
2395|특별
2396|전시
2397|토마토
2398|포즈
2399|아무렇다
2400|그대로
2401|진정하다
2402|티셔츠
2403|전하
2404|입맛
2405|일행
2406|치열하다
2407|필수
2408|중앙
2409|기적
2410|서쪽
2411|무
2412|덕
2413|성과
2414|밴드
2415|월급
2416|정면
2417|작성하다
2418|연예인
2419|오징어
2420|우정
2421|옵션
2422|슬슬
2423|종이
2424|종교
2425|산책
2426|아끼다
2427|소중하다
2428|멍청하다
2429|방해하다
2430|위쪽
2431|발전하다
2432|도시락
2433|접하다
2434|경계
2435|대단히
2436|뿌리
2437|꺾다
2438|미루다
2439|올려놓다
2440|아래쪽
2441|명수
2442|맑다
2443|살인
2444|빌려주다
2445|끝내주다
2446|빛나다
2447|의미심장하다
2448|노트
2449|마스터
2450|행운
2451|단위
2452|달려오다
2453|깨우다
2454|매출
2455|길다
2456|상당하다
2457|소비
2458|화장
2459|불빛
2460|요정
2461|글씨
2462|히트
2463|비록
2464|전반적
2465|화장품
2466|다물다
2467|피의자
2468|몬스터
2469|파도
2470|전용
2471|여호와
2472|수정
2473|보수
2474|퍼포먼스
2475|해결되다
2476|한꺼번에
2477|뛰어들다
2478|소통
2479|재산
2480|자국
2481|찢어지다
2482|원리
2483|정황
2484|코로나
2485|결정되다
2486|협력
2487|폭발
2488|갈다
2489|매력적
2490|나비
2491|마법사
2492|흥
2493|치킨
2494|근무
2495|사다
2496|침묵
2497|의미하다
2498|검색하다
2499|예능
2500|햄버거
2501|불꽃
2502|징역
2503|되
2504|비행
2505|꾸미다
2506|핵
2507|눈동자
2508|징계
2509|챌린지
2510|위원
2511|보석
2512|내륙
2513|수박
2514|이것저것
2515|균형
2516|허락하다
2517|건
2518|헌터
2519|여권
2520|스치다
2521|수행하다
2522|회복
2523|키보드
2524|개혁
2525|폭행
2526|영란
2527|마당
2528|쏟다
2529|겉
2530|홍보
2531|숟가락
2532|고백
2533|영
2534|강의
2535|확신
2536|삼겹살
2537|심심하다
2538|업데이트
2539|수백
2540|곤충
2541|와이프
2542|야구
2543|쿠키
2544|자랑스럽다
2545|유일하다
2546|피아노
2547|건조하다
2548|가까워지다
2549|탈출하다
2550|동화
2551|현실적
2552|장애
2553|언덕
2554|손바닥
2555|좌석
2556|달아나다
2557|테슬라
2558|북쪽
2559|장기
2560|보관하다
2561|반발하다
2562|부상
2563|끼다
2564|대리
2565|소위
2566|내뱉다
2567|중단하다
2568|가구
2569|수단
2570|확대하다
2571|군사
2572|진화
2573|차
2574|회원
2575|노트북
2576|뮤지컬
2577|체크
2578|겸
2579|꼽다
2580|옛
2581|집어넣다
2582|거두다
2583|긁다
2584|흩어지다
2585|수색
2586|호소하다
2587|이용
2588|동
2589|고작
2590|살아나다
2591|남북
2592|안내
2593|의료
2594|철저하다
2595|발표되다
2596|끼우다
2597|가문
2598|계산
2599|띄다
2600|제국
2601|쓸데없다
2602|조사하다
2603|유전자
2604|퍼지다
2605|쇼핑
2606|런던
2607|안정적
2608|연기하다
2609|대학생
2610|서운하다
2611|콩
2612|감당하다
2613|총선
2614|비중
2615|저리
2616|인도
2617|재미없다
2618|공식적
2619|근무하다
2620|확신하다
2621|피우다
2622|꿇다
2623|대법원
2624|늑대
2625|살아오다
2626|해
2627|신분
2628|등등
2629|가위
2630|엔딩
2631|출동하다
2632|알아차리다
2633|골프
2634|꽂히다
2635|바치다
2636|압박
2637|자존심
2638|특성
2639|점차
2640|손해
2641|결정적
2642|표시
2643|감성
2644|툭
2645|쏙
2646|거기
2647|감염되다
2648|원숭이
2649|게이머
2650|후회
2651|신뢰
2652|손목
2653|체제
2654|경고하다
2655|앞쪽
2656|뮤직비디오
2657|혼나다
2658|먹이
2659|정당
2660|논문
2661|뚫리다
2662|품다
2663|충북
2664|여론
2665|왕국
2666|설득하다
2667|렌즈
2668|개국
2669|대선
2670|대출
2671|뺨
2672|퀘스트
2673|승리하다
2674|동쪽
2675|남녀
2676|대화하다
2677|꼽히다
2678|생활하다
2679|완성하다
2680|이야기
2681|댁
2682|반복되다
2683|콘셉트
2684|야외
2685|지도자
2686|칭찬하다
2687|용서하다
2688|작업하다
2689|서서히
2690|흘러가다
2691|데뷔하다
2692|기념
2693|예술
2694|고장
2695|몫
2696|발목
2697|초록색
2698|펴내다
2699|아멘
2700|승용차
2701|강사
2702|팁
2703|거실
2704|멘트
2705|짝
2706|립
2707|코치
2708|가만있다
2709|빨리빨리
2710|에어컨
2711|정의
2712|확대
2713|저러다
2714|번역
2715|폐하
2716|소감
2717|길이
2718|년도
2719|질문하다
2720|제자
2721|핑계
2722|딱딱하다
2723|랩
2724|별다르다
2725|종료
2726|유쾌하다
2727|대가
2728|정작
2729|뒤늦다
2730|주목하다
2731|부엌
2732|확산
2733|마음껏
2734|로켓
2735|적용
2736|통합
2737|살피다
2738|그제
2739|수능
2740|불길
2741|백화점
2742|가라앉다
2743|버섯
2744|목걸이
2745|고급
2746|보고하다
2747|화나다
2748|비교적
2749|계곡
2750|외우다
2751|편집
2752|인정받다
2753|아홉
2754|동그랗다
2755|짜다
2756|지진
2757|붙잡히다
2758|유행하다
2759|나뉘다
2760|신선하다
2761|글쓴이
2762|탐정
2763|촉구하다
2764|테이프
2765|고르다
2766|으음
2767|오해하다
2768|발휘하다
2769|다급하다
2770|후반
2771|추가되다
2772|항공기
2773|택하다
2774|지사
2775|앓다
2776|뱉다
2777|색상
2778|땡
2779|퇴근하다
2780|큰일
2781|극복하다
2782|고백하다
2783|대중
2784|수석
2785|나란히
2786|스피커
2787|출시되다
2788|혀
2789|흥분하다
2790|고구마
2791|신상
2792|티켓
2793|펴다
2794|만족스럽다
2795|케이블
2796|돌보다
2797|폭우
2798|휴식
2799|상승
2800|식탁
2801|연주
2802|거꾸로
2803|아동
2804|과자
2805|몹시
2806|실망하다
2807|텔레비전
2808|공약
2809|작동하다
2810|거품
2811|과목
2812|장갑
2813|지속적
2814|향기
2815|민족
2816|포장
2817|특유
2818|윤화
2819|지자체
2820|희미하다
2821|연극
2822|결심하다
2823|해변
2824|조심
2825|풍부하다
2826|고정
2827|밀다
2828|노려보다
2829|걸어오다
2830|역사적
2831|고통스럽다
2832|심정
2833|착용하다
2834|속삭이다
2835|불
2836|전설
2837|비추다
2838|자극
2839|공중
2840|베스트
2841|치료하다
2842|컨디션
2843|젤리
2844|옥상
2845|누리꾼
2846|위성
2847|퇴근
2848|침착하다
2849|상식
2850|지시하다
2851|대기업
2852|생생하다
2853|별도
2854|청소하다
2855|회복하다
2856|보험
2857|지지하다
2858|직접적
2859|통제
2860|더위
2861|실질적
2862|토론
2863|간신히
2864|시청하다
2865|성경
2866|흥미
2867|콘솔
2868|긴장감
2869|익숙해지다
2870|셔츠
2871|합격
2872|창피하다
2873|그전
2874|통로
2875|헤이
2876|영원하다
2877|경력
2878|일본어
2879|상어
2880|면접
2881|개구리
2882|투자자
2883|예방
2884|끊어지다
2885|출동
2886|투명하다
2887|스님
2888|간단히
2889|광경
2890|밸런스
2891|폭발하다
2892|여행하다
2893|자다
2894|그립다
2895|초등
2896|뿌듯하다
2897|아티스트
2898|팩
2899|지붕
2900|분량
2901|볶다
2902|협박
2903|사모님
2904|세팅
2905|검색
2906|활짝
2907|방어
2908|씩
2909|통증
2910|초대하다
2911|공짜
2912|못되다
2913|키스
2914|잠기다
2915|부인하다
2916|의대
2917|라이트
2918|출근
2919|취소하다
2920|간격
2921|신체
2922|마크
2923|뼈
2924|더불다
2925|여학생
2926|틀림없다
2927|끈
2928|우아
2929|막걸리
2930|덩어리
2931|대원
2932|정상적
2933|뷰
2934|줍다
2935|관점
2936|여태
2937|그리스
2938|지도부
2939|운전
2940|전시회
2941|광장
2942|기초
2943|길어지다
2944|늘리다
2945|체험하다
2946|꼴
2947|야채
2948|마구
2949|도입하다
2950|잘나다
2951|으악
2952|수위
2953|빚
2954|점프
2955|동해안
2956|착각하다
2957|소음
2958|갤럭시
2959|논리
2960|대왕
2961|헌법
2962|울리다
2963|농장
2964|오른손
2965|취업
2966|파스타
2967|샐러드
2968|안내하다
2969|튼튼하다
2970|찌르다
2971|낮아지다
2972|어르신
2973|돋다
2974|엎드리다
2975|며칠
2976|날아오다
2977|영향력
2978|향수
2979|압도적
2980|전세
2981|털어놓다
2982|뒤지다
2983|이틀
2984|도깨비
2985|홍
2986|금메달
2987|심리
2988|여쭤보다
2989|요원
2990|보물
2991|다윗
2992|밤사이
2993|짜리
2994|흉기
2995|계좌
2996|파트너
2997|짐승
2998|화이팅
2999|재빨리
3000|리그
3001|버려지다
3002|도련님
3003|인제
3004|물체
3005|오렌지
3006|녹화
3007|도달하다
3008|눈치채다
3009|반응하다
3010|계절
3011|로마
3012|졸업하다
3013|외교
3014|증인
3015|뚝
3016|우울하다
3017|어머나
3018|미끄러지다
3019|켜지다
3020|마케팅
3021|운동장
3022|시상식
3023|거짓말하다
3024|생존
3025|아씨
3026|발사하다
3027|소장
3028|해석하다
3029|예약하다
3030|반박하다
3031|지상
3032|중단되다
3033|자원
3034|년생
3035|발걸음
3036|흘리다
3037|생산하다
3038|보
3039|레이저
3040|부딪치다
3041|성공적
3042|젊은이
3043|초점
3044|생겨나다
3045|무서워하다
3046|찌푸리다
3047|가능
3048|담그다
3049|황금
3050|엔진
3051|진료
3052|바짝
3053|통화하다
3054|아웃
3055|가해자
3056|벌어지다
3057|올려다보다
3058|대표하다
3059|예측
3060|용도
3061|지경
3062|끓다
3063|경기장
3064|동원하다
3065|체계
3066|나아지다
3067|스킬
3068|매트
3069|강도
3070|무죄
3071|행사하다
3072|파악
3073|경로
3074|보호자
3075|환하다
3076|들
3077|집사
3078|디자이너
3079|머물다
3080|작동
3081|블루
3082|연합
3083|확정되다
3084|호동
3085|애정
3086|털
3087|척하다
3088|지치다
3089|용감하다
3090|증언
3091|중학생
3092|똘똘
3093|쓰이다
3094|샌드위치
3095|갑작스럽다
3096|부근
3097|얼다
3098|허락
3099|앞머리
3100|결과적
3101|타격
3102|음료수
3103|겁먹다
3104|으아
3105|비상
3106|물
3107|레몬
3108|요금
3109|치솟다
3110|달성하다
3111|전화번호
3112|문구
3113|살해하다
3114|커플
3115|통계
3116|레스토랑
3117|교체
3118|향후
3119|합리적
3120|손잡이
3121|론
3122|재수
3123|멕시코
3124|한잔하다
3125|바르다
3126|구성하다
3127|유족
3128|든든하다
3129|교통사고
3130|껍질
3131|트위터
3132|함정
3133|조카
3134|해명
3135|음식점
3136|상대하다
3137|사소하다
3138|그나저나
3139|집값
3140|놀이
3141|환상
3142|축복
3143|맙소사
3144|레시피
3145|우려
3146|효과적
3147|명품
3148|휴가
3149|콜라
3150|전역
3151|게다
3152|패드
3153|발자국
3154|교통
3155|조절
3156|급히
3157|예측하다
3158|고모
3159|운행
3160|신라
3161|황
3162|감소하다
3163|성인
3164|주름
3165|허벅지
3166|심판
3167|앗
3168|각도
3169|마우스
3170|체포하다
3171|혼란스럽다
3172|민주주의
3173|일요일
3174|네다
3175|체포되다
3176|추구하다
3177|경찰관
3178|외부
3179|문명
3180|가입하다
3181|갈색
3182|통하다
3183|결제
3184|존중하다
3185|송
3186|철학
3187|아니하다
3188|착하다
3189|병사
3190|정숙
3191|변수
3192|곧장
3193|브라운
3194|오늘날
3195|외치다
3196|여사
3197|쥐다
3198|색감
3199|동아리
3200|선호하다
3201|이런저런
3202|수염
3203|합의하다
3204|고등학생
3205|어리석다
3206|타인
3207|차장
3208|젠장
3209|흐리다
3210|재석
3211|폰
3212|개성
3213|대륙
3214|실종되다
3215|독립
3216|평화롭다
3217|호수
3218|알
3219|그자
3220|찬성
3221|건네다
3222|취소
3223|수근
3224|시합
3225|싣다
3226|접근
3227|햇살
3228|명단
3229|안정
3230|그러게
3231|손톱
3232|개선
3233|민감하다
3234|스승
3235|하얗다
3236|위스키
3237|질병
3238|우연
3239|꺾이다
3240|리허설
3241|오크
3242|목적지
3243|부작용
3244|잡아먹다
3245|지급하다
3246|뚜렷하다
3247|체크하다
3248|상징
3249|다음날
3250|로비
3251|대피하다
3252|탄생하다
3253|희생자
3254|게시판
3255|클래스
3256|극장
3257|공감하다
3258|서버
3259|부회장
3260|스테이크
3261|조용하다
3262|엉뚱하다
3263|정신적
3264|한글
3265|검증
3266|당사자
3267|충격적
3268|가이드
3269|목록
3270|평양
3271|반발
3272|제거
3273|젓가락
3274|악기
3275|극단적
3276|관광
3277|물량
3278|덕화
3279|끼어들다
3280|졸업
3281|확대되다
3282|드레스
3283|좌우
3284|금세
3285|투입하다
3286|격리
3287|국수
3288|싱가포르
3289|필리핀
3290|빌딩
3291|해명하다
3292|먹방
3293|식품
3294|나빠지다
3295|블리자드
3296|실적
3297|일다
3298|중단
3299|호남
3300|여동생
3301|칩
3302|국장
3303|박다
3304|상관없이
3305|가사
3306|임시
3307|비난하다
3308|덩치
3309|일어서다
3310|계정
3311|면적
3312|좀
3313|어른
3314|이집트
3315|미사일
3316|점검
3317|물속
3318|쿵
3319|허공
3320|어지럽다
3321|디스플레이
3322|비즈니스
3323|선정되다
3324|검토
3325|원고
3326|가스
3327|실수하다
3328|익히다
3329|요인
3330|악몽
3331|달려들다
3332|퀴즈
3333|뛰어넘다
3334|노출되다
3335|출석하다
3336|관측
3337|용어
3338|씌우다
3339|왼손
3340|온통
3341|썩다
3342|링크
3343|슬쩍
3344|유리하다
3345|컴백
3346|넘어오다
3347|엏다
3348|코디
3349|굵다
3350|반대쪽
3351|폭풍
3352|기구
3353|캠페인
3354|잔인하다
3355|공유
3356|절벽
3357|위협하다
3358|텅
3359|예고하다
3360|눈높이
3361|예정되다
3362|청문회
3363|다음
3364|그리스도
3365|파악되다
3366|데려다주다
3367|끌어올리다
3368|앉아있다
3369|주저앉다
3370|검색어
3371|단단히
3372|사랑스럽다
3373|코어
3374|깔리다
3375|매체
3376|구속되다
3377|탈출
3378|상상력
3379|미워하다
3380|주사
3381|싸움
3382|게스트
3383|내세우다
3384|불안감
3385|확보
3386|유지되다
3387|담당자
3388|메일
3389|코트
3390|농도
3391|오우
3392|완전하다
3393|빨다
3394|은근히
3395|집중되다
3396|한반도
3397|모이다
3398|말리다
3399|연인
3400|길거리
3401|공급하다
3402|금지하다
3403|복귀하다
3404|셋째
3405|당부하다
3406|구분하다
3407|짐작하다
3408|엉망
3409|전사
3410|비비다
3411|의지하다
3412|적응하다
3413|제자리
3414|용량
3415|비타민
3416|들이받다
3417|지난해
3418|절
3419|옥수수
3420|달라붙다
3421|계란
3422|달하다
3423|뵈다
3424|신화
3425|이론
3426|반전
3427|실례하다
3428|조언
3429|국경
3430|가량
3431|정지
3432|산타
3433|가죽
3434|우주선
3435|속하다
3436|연장
3437|출마
3438|돼지고기
3439|헤매다
3440|어이없다
3441|상가
3442|화살
3443|인재
3444|연출하다
3445|주가
3446|당원
3447|착각
3448|인증
3449|실천하다
3450|귀족
3451|당내
3452|경찰서
3453|발랄하다
3454|퍼즐
3455|토요일
3456|목격하다
3457|승
3458|임기
3459|꼼꼼하다
3460|마이너스
3461|번개
3462|청구하다
3463|말소리
3464|변경
3465|주목
3466|씨앗
3467|넘어서다
3468|제형
3469|기념하다
3470|등록
3471|단속
3472|코리아
3473|다투다
3474|교복
3475|누적
3476|불리다
3477|상점
3478|월요일
3479|에피소드
3480|매일매일
3481|앞뒤
3482|월세
3483|노동
3484|철수
3485|수출
3486|활발하다
3487|고난
3488|웹진
3489|지루하다
3490|대전
3491|아파하다
3492|업
3493|도둑
3494|노릇
3495|녹색
3496|야옹
3497|기상청
3498|고추
3499|비난
3500|생산
3501|핫하다
3502|집계되다
3503|유독
3504|인테리어
3505|출연
3506|본사
3507|단서
3508|서점
3509|역사상
3510|반찬
3511|친척
3512|찬성하다
3513|승부
3514|잭
3515|교과서
3516|모공
3517|보라색
3518|알아듣다
3519|죽
3520|지역구
3521|우선
3522|감자
3523|유학
3524|꼼짝
3525|테마
3526|객실
3527|기소
3528|저택
3529|가상
3530|자극하다
3531|냄비
3532|꼭대기
3533|신중하다
3534|금융
3535|수상
3536|사퇴
3537|탈락
3538|적극
3539|오라버니
3540|진출하다
3541|거듭
3542|쉿
3543|약점
3544|연구소
3545|생명체
3546|헬기
3547|특수
3548|대략
3549|선고
3550|관세
3551|드시다
3552|전국적
3553|헉
3554|불행하다
3555|차트
3556|욕망
3557|뇌물
3558|일정하다
3559|파괴하다
3560|터치
3561|추적
3562|선언
3563|부처님
3564|허위
3565|도망
3566|반대편
3567|의장
3568|철저히
3569|빼내다
3570|산불
3571|기막히다
3572|감탄하다
3573|위로하다
3574|덜다
3575|도와드리다
3576|북미
3577|스위스
3578|배추
3579|십
3580|사용자
3581|잇다
3582|출입
3583|달달하다
3584|충청
3585|브레이크
3586|양심
3587|빌리다
3588|기둥
3589|장미
3590|범죄자
3591|해적
3592|돌
3593|피자
3594|연설
3595|회색
3596|내다보다
3597|논설위원
3598|샵
3599|기후
3600|팔꿈치
3601|밀가루
3602|인권
3603|추측
3604|감상하다
3605|유죄
3606|요리하다
3607|강릉
3608|그토록
3609|짜장면
3610|대개
3611|조심히
3612|먹히다
3613|산소
3614|인식하다
3615|스태프
3616|브이로그
3617|물품
3618|파업
3619|식량
3620|심해지다
3621|피규어
3622|계획하다
3623|진술하다
3624|널리
3625|접수되다
3626|브리핑
3627|마피아
3628|리스트
3629|굴다
3630|수험생
3631|이혼하다
3632|도입
3633|북
3634|충돌하다
3635|부정하다
3636|각국
3637|속다
3638|얼어붙다
3639|우산
3640|주스
3641|진입하다
3642|거미
3643|무사하다
3644|장식
3645|표시하다
3646|포
3647|내장
3648|과도하다
3649|과학적
3650|금지되다
3651|대변인
3652|예의
3653|중독
3654|어미
3655|전직
3656|한심하다
3657|가리다
3658|평
3659|조사되다
3660|늘어지다
3661|기획
3662|행보
3663|꾹
3664|근본적
3665|쓸다
3666|노조
3667|반영하다
3668|놀이터
3669|만만하다
3670|불쾌하다
3671|도장
3672|룩
3673|캡처
3674|솜씨
3675|스무
3676|경향
3677|생각되다
3678|잔소리
3679|유형
3680|나리
3681|맵다
3682|경기도
3683|샤워
3684|로드
3685|최후
3686|각오
3687|국정
3688|지지율
3689|컨트롤
3690|쫓아가다
3691|겨냥하다
3692|전시되다
3693|적응
3694|계열
3695|증가
3696|정성
3697|미스터
3698|베이비
3699|중반
3700|리듬
3701|추적하다
3702|그간
3703|민망하다
3704|마무리되다
3705|레이
3706|추락하다
3707|참기름
3708|우려하다
3709|섬세하다
3710|돌이키다
3711|상인
3712|미디어
3713|언급
3714|욕하다
3715|출근길
3716|몸무게
3717|부동산
3718|효율적
3719|섹시하다
3720|단맛
3721|발달하다
3722|양식
3723|풀리다
3724|존경하다
3725|집단
3726|권하다
3727|어동
3728|부디
3729|하우스
3730|접촉
3731|시나리오
3732|인상적
3733|톡
3734|건축
3735|센스
3736|측정하다
3737|대목
3738|리액션
3739|팔레트
3740|죄책감
3741|포스터
3742|풍선
3743|안심하다
3744|지위
3745|녹음하다
3746|노래방
3747|마저
3748|한눈
3749|논리적
3750|병력
3751|드론
3752|압력
3753|쇼핑몰
3754|명분
3755|소프트웨어
3756|주어지다
3757|동물원
3758|봉지
3759|소용없다
3760|군인
3761|무시무시하다
3762|의회
3763|혁신
3764|말없이
3765|부서지다
3766|왕비
3767|생선
3768|고추장
3769|야생
3770|법칙
3771|선정하다
3772|부문
3773|굶다
3774|못생기다
3775|화상
3776|충돌
3777|연락처
3778|활용
3779|여정
3780|작용하다
3781|새
3782|쫓겨나다
3783|보컬
3784|도박
3785|국어
3786|셀카
3787|뭉치다
3788|바이
3789|차별
3790|한입
3791|합격하다
3792|태블릿
3793|지정되다
3794|동굴
3795|화석
3796|공방
3797|신랑
3798|양국
3799|벌금
3800|결심
3801|선명하다
3802|사이드
3803|디아
3804|카카오
3805|감안하다
3806|국
3807|냥
3808|요란하다
3809|비밀번호
3810|설정하다
3811|술집
3812|내버리다
3813|관리하다
3814|필요성
3815|웅장하다
3816|모금
3817|청주
3818|우습다
3819|불리하다
3820|시행하다
3821|넓히다
3822|합류하다
3823|제한하다
3824|응하다
3825|패치
3826|빼놓다
3827|기색
3828|소방관
3829|초코
3830|무지개
3831|출전하다
3832|사유
3833|쫓아오다
3834|치명적
3835|오래전
3836|복장
3837|연말
3838|저놈
3839|대북
3840|피터
3841|회식
3842|자살
3843|해상
3844|호시
3845|춤
3846|스크린
3847|고급스럽다
3848|시티
3849|선박
3850|지겹다
3851|적합하다
3852|올라타다
3853|네덜란드
3854|식다
3855|채용
3856|볶음밥
3857|선글라스
3858|잎
3859|까다롭다
3860|골드
3861|펜
3862|뒷모습
3863|방송국
3864|액체
3865|공작
3866|무역
3867|기숙사
3868|주석
3869|일반인
3870|발소리
3871|가루
3872|구경하다
3873|동의
3874|나이트
3875|짖다
3876|원작
3877|농구
3878|어이구
3879|뭣
3880|깨끗이
3881|전통적
3882|상체
3883|은이
3884|실종
3885|지팡이
3886|신원
3887|대량
3888|미팅
3889|쯤
3890|전주
3891|섬
3892|소통하다
3893|후추
3894|삶다
3895|짱구
3896|동맹
3897|연주하다
3898|이어폰
3899|압박하다
3900|선정
3901|즉각
3902|형도
3903|여유롭다
3904|국방부
3905|상승하다
3906|망고
3907|문제점
3908|근사하다
3909|팀원
3910|현직
3911|출장
3912|탁자
3913|수도
3914|블록
3915|금속
3916|퍼프
3917|데다
3918|세
3919|마치다
3920|무늬
3921|오디오
3922|본회의
3923|배치하다
3924|희생
3925|뿜다
3926|적발되다
3927|제임스
3928|진상
3929|엄격하다
3930|전달되다
3931|간절하다
3932|루틴
3933|분리
3934|옆집
3935|시달리다
3936|팩트
3937|생태계
3938|한층
3939|건배
3940|경비
3941|클래식
3942|재난
3943|시속
3944|워
3945|민심
3946|슛
3947|시행되다
3948|끌어안다
3949|신세
3950|개정안
3951|교육부
3952|투입되다
3953|내주다
3954|응급실
3955|아마존
3956|일방적
3957|예민하다
3958|지속되다
3959|깨지다
3960|최애
3961|서두르다
3962|엘시
3963|통째
3964|참가
3965|부수다
3966|애교
3967|우승하다
3968|업그레이드
3969|진동
3970|수수료
3971|금요일
3972|발
3973|여우
3974|수원
3975|농사
3976|게이밍
3977|상무
3978|좁히다
3979|벌떡
3980|이리저리
3981|예비
3982|개입
3983|던전
3984|협조
3985|마냥
3986|민상
3987|시골
3988|비로소
3989|응시하다
3990|어찌하다
3991|휩싸이다
3992|쫓아내다
3993|한우
3994|체포
3995|이윽고
3996|뻥
3997|수수께끼
3998|체중
3999|저분
4000|근로자
4001|보드
4002|배치
4003|세계관
4004|폭염
4005|며느리
4006|개선하다
4007|강풍
4008|고프다
4009|이란
4010|책임감
4011|공통점
4012|속눈썹
4013|보장하다
4014|차단하다
4015|잠자리
4016|식사하다
4017|시청
4018|집행
4019|더더욱
4020|방패
4021|모형
4022|지저분하다
4023|원대
4024|벨트
4025|재킷
4026|부정
4027|마주하다
4028|여자아이
4029|카레
4030|열흘
4031|트렌드
4032|더욱더
4033|오픈하다
4034|브러시
4035|두드리다
4036|고발하다
4037|개최하다
4038|법무부
4039|연구원
4040|개입하다
4041|벌써
4042|미처
4043|바닷가
4044|운영되다
4045|반죽
4046|하루하루
4047|깨물다
4048|챔피언
4049|입시
4050|빼다
4051|창밖
4052|반복
4053|에이스
4054|바늘
4055|호랑이
4056|선원
4057|제정신
4058|착수하다
4059|아이구
4060|그래그래
4061|메모
4062|전환
4063|악당
4064|유치하다
4065|방지
4066|조작하다
4067|상사
4068|임원
4069|물건
4070|예외
4071|볼
4072|감탄
4073|수상자
4074|연료
4075|필름
4076|기독교
4077|집중력
4078|당황스럽다
4079|판타지
4080|미미
4081|교훈
4082|단호하다
4083|수정하다
4084|논쟁
4085|동일하다
4086|안심
4087|머스크
4088|헛기침
4089|치마
4090|마땅하다
4091|헛소리
4092|브러쉬
4093|가입
4094|첫사랑
4095|편히
4096|바닷물
4097|사로잡다
4098|출구
4099|파이
4100|빠져들다
4101|양손
4102|십자가
4103|흘러내리다
4104|고블린
4105|이득
4106|어린아이
4107|운동화
4108|미선
4109|나뭇가지
4110|데리다
4111|명백하다
4112|프랜차이즈
4113|확장
4114|변명
4115|진하다
4116|획득하다
4117|복구
4118|혁명
4119|실망
4120|갑옷
4121|가두다
4122|루머
4123|타고나다
4124|욕실
4125|유력하다
4126|달러
4127|상징하다
4128|서양
4129|판매량
4130|형성되다
4131|버릇
4132|어린애
4133|다이아몬드
4134|낯설다
4135|착용
4136|네놈
4137|늦어지다
4138|환영
4139|힘껏
4140|개발되다
4141|토
4142|진리
4143|볼트
4144|클릭하다
4145|암컷
4146|마력
4147|보장
4148|현역
4149|냉정하다
4150|쓰다듬다
4151|뜨다
4152|훅
4153|소품
4154|수컷
4155|궁금증
4156|점심시간
4157|참여
4158|얽히다
4159|밀어내다
4160|입원하다
4161|남부
4162|불편
4163|오사카
4164|사기꾼
4165|실례
4166|틀림없이
4167|관여하다
4168|기부하다
4169|일치하다
4170|비리
4171|객관적
4172|축
4173|성령
4174|고리
4175|뛰어가다
4176|학대
4177|동전
4178|서랍
4179|매콤하다
4180|아르바이트
4181|번쩍
4182|통장
4183|계엄
4184|깃발
4185|확정
4186|승무원
4187|꼼꼼히
4188|빅
4189|사운드
4190|시행
4191|여전하다
4192|쟁점
4193|감시
4194|퍽
4195|미스터리
4196|탄생
4197|틴트
4198|연출
4199|협박하다
4200|드물다
4201|과감하다
4202|남매
4203|인도네시아
4204|개정
4205|분쟁
4206|네트워크
4207|접수
4208|몸통
4209|번갈다
4210|보복
4211|설계
4212|자산
4213|불가피하다
4214|의식하다
4215|한국말
4216|스마트
4217|책임자
4218|진
4219|맞서다
4220|파운데이션
4221|해제
4222|고위
4223|야호
4224|힙합
4225|품질
4226|신앙
4227|제보
4228|지정하다
4229|서방
4230|모모
4231|하하하다
4232|스톱
4233|벚꽃
4234|훌쩍
4235|집주인
4236|신사
4237|골고루
4238|난이도
4239|접촉하다
4240|의뢰하다
4241|수용하다
4242|맞은편
4243|특정하다
4244|시간대
4245|무난하다
4246|손자
4247|아무거
4248|수명
4249|돌파하다
4250|빚다
4251|명예
4252|어허
4253|미친놈
4254|날아다니다
4255|특집
4256|닌자
4257|지급
4258|출석
4259|고춧가루
4260|공연하다
4261|측정
4262|마음먹다
4263|특혜
4264|선고하다
4265|쓰레기통
4266|깜빡하다
4267|상반기
4268|밧줄
4269|입력하다
4270|피고인
4271|급증하다
4272|색다르다
4273|편견
4274|뒤통수
4275|본능
4276|나흘
4277|착
4278|문법
4279|맥락
4280|묵직하다
4281|조종하다
4282|부처
4283|살인자
4284|망치다
4285|포착되다
4286|취재진
4287|안해
4288|해피
4289|유닛
4290|예보
4291|맛보다
4292|시중
4293|학자
4294|교재
4295|다수
4296|돋보이다
4297|점검하다
4298|손상
4299|뛰어내리다
4300|북부
4301|해결책
4302|제공되다
4303|규정하다
4304|엄지
4305|당초
4306|피스
4307|기합
4308|사냥꾼
4309|당선되다
4310|분야
4311|그딴
4312|전환하다
4313|안기다
4314|해킹
4315|일당
4316|신속하다
4317|화학
4318|제사
4319|홀
4320|작아지다
4321|아비
4322|뽀뽀
4323|향상
4324|자정
4325|저항
4326|문학
4327|포트
4328|액수
4329|수리
4330|유감
4331|홈런
4332|편집하다
4333|다짐하다
4334|된장
4335|수집하다
4336|복귀
4337|자격증
4338|세탁기
4339|기절하다
4340|쓸쓸하다
4341|차관
4342|의료진
4343|오버
4344|조항
4345|보조
4346|환호성
4347|들어서다
4348|공범
4349|뷔페
4350|떠돌다
4351|설레다
4352|관장
4353|허용하다
4354|쓰읍
4355|팍
4356|코끼리
4357|사이버
4358|터널
4359|고집
4360|연봉
4361|쌀쌀하다
4362|쏠리다
4363|리더
4364|텐션
4365|희한하다
4366|항구
4367|이용자
4368|소화
4369|대처하다
4370|양말
4371|배송
4372|입원
4373|끌려가다
4374|대신하다
4375|타이완
4376|수행
4377|알아주다
4378|면허
4379|끌어들이다
4380|자세하다
4381|하이라이트
4382|공천
4383|복숭아
4384|블러셔
4385|베개
4386|볼륨
4387|조정하다
4388|음주
4389|전복
4390|미현
4391|게임하다
4392|중국어
4393|들뜨다
4394|출판사
4395|카운터
4396|촛불
4397|목격자
4398|인턴
4399|반짝
4400|방귀
4401|펭귄
4402|물리적
4403|확진되다
4404|팔
4405|받들다
4406|사악하다
4407|시범
4408|임마
4409|질투
4410|누리다
4411|우울증
4412|불러오다
4413|변기
4414|취소되다
4415|종족
4416|중요성
4417|블로그
4418|글쓰기
4419|현관문
4420|썩
4421|비트
4422|지지자
4423|협의
4424|섭섭하다
4425|포스트
4426|뾰족하다
4427|신
4428|매달리다
4429|진작
4430|졸리다
4431|다름없다
4432|명령하다
4433|아이스
4434|교도소
4435|굿즈
4436|쿨하다
4437|쓸모
4438|숨지다
4439|재정
4440|제작되다
4441|본질
4442|저장하다
4443|신곡
4444|유사하다
4445|치료제
4446|정리되다
4447|극적
4448|듬뿍
4449|거주하다
4450|남학생
4451|튕기다
4452|부적절하다
4453|흉터
4454|평상시
4455|전공
4456|연어
4457|장난하다
4458|샴푸
4459|우아하다
4460|모집하다
4461|전반
4462|고구려
4463|필터
4464|장애인
4465|쪽지
4466|마켓
4467|쾅
4468|독감
4469|쌀
4470|일시적
4471|성실하다
4472|최소한
4473|파고들다
4474|트레일러
4475|전날
4476|지금껏
4477|호박
4478|토론하다
4479|욕구
4480|불행
4481|안주
4482|생방송
4483|내역
4484|편리하다
4485|깃털
4486|옷장
4487|자르다
4488|혜영
4489|협력하다
4490|성질
4491|부적
4492|지독하다
4493|본래
4494|처분
4495|배부르다
4496|슬퍼하다
4497|횟수
4498|기차
4499|협회
4500|소수
4501|뽐내다
4502|삭제하다
4503|다람쥐
4504|자석
4505|현관
4506|권한
4507|명심하다
4508|비웃다
4509|살해
4510|상하다
4511|스피드
4512|아따
4513|힘쓰다
4514|속옷
4515|스웨덴
4516|입학
4517|운학
4518|지정
4519|감염자
4520|병상
4521|다
4522|기묘하다
4523|독
4524|위원회
4525|랜덤
4526|탐험
4527|항공사
4528|외계인
4529|루
4530|피드백
4531|저주
4532|기록되다
4533|뒤집히다
4534|표결
4535|알아채다
4536|넉넉하다
4537|포장하다
4538|벗겨지다
4539|도끼
4540|지문
4541|교체하다
4542|구급차
4543|쭉쭉
4544|명의
4545|고스란히
4546|표하다
4547|소개되다
4548|부여하다
4549|대체하다
4550|스
4551|항공
4552|기소되다
4553|최강
4554|발효
4555|어둠
4556|대파
4557|전학
4558|토크
4559|화물차
4560|순간적
4561|칼로리
4562|노선
4563|알코올
4564|항의하다
4565|블레이드
4566|양보하다
4567|자기소개
4568|혼내다
4569|명상
4570|부하
4571|해산물
4572|수분
4573|제조
4574|노예
4575|자제하다
4576|황급히
4577|입안
4578|룸
4579|트리
4580|덮이다
4581|강화되다
4582|폴란드
4583|엇갈리다
4584|일제히
4585|밝혀내다
4586|받치다
4587|상위
4588|대기하다
4589|기꺼이
4590|원피스
4591|스시
4592|스푼
4593|앉히다
4594|보증금
4595|어우러지다
4596|수프
4597|음식물
4598|집중적
4599|냉면
4600|의외
4601|일용
4602|모시다
4603|입국
4604|잡아당기다
4605|청구
4606|자켓
4607|실행
4608|무리하다
4609|경쟁력
4610|아베
4611|연애하다
4612|물리치다
4613|하드
4614|공개적
4615|덤비다
4616|저자
4617|비둘기
4618|느끼하다
4619|레콘
4620|처벌하다
4621|스토어
4622|신비롭다
4623|어린이집
4624|두르다
4625|강연
4626|중력
4627|헬스장
4628|램
4629|웅
4630|샴페인
4631|공세
4632|소거
4633|데일리
4634|의심스럽다
4635|간부
4636|돌려보내다
4637|이례적
4638|배제하다
4639|인정되다
4640|나뭇잎
4641|유리창
4642|항목
4643|안방
4644|벗기다
4645|곱다
4646|터트리다
4647|이다
4648|질감
4649|먹이다
4650|스파이
4651|열받다
4652|유난히
4653|개봉하다
4654|잠그다
4655|활약
4656|증세
4657|제한
4658|산책하다
4659|발톱
4660|러브
4661|통신
4662|메모리
4663|분리하다
4664|진단
4665|드나들다
4666|눈부시다
4667|답장
4668|못마땅하다
4669|개그
4670|개그맨
4671|재벌
4672|가시
4673|간직하다
4674|프리미엄
4675|애인
4676|손실
4677|반영되다
4678|결승
4679|끊이다
4680|쪽팔리다
4681|붕괴
4682|명절
4683|단장
4684|어린이날
4685|비결
4686|교인
4687|건드리다
4688|재질
4689|정체성
4690|장례식
4691|유물
4692|손잡다
4693|남해안
4694|게임기
4695|자택
4696|움켜쥐다
4697|질환
4698|울음소리
4699|부채
4700|자살하다
4701|시동
4702|전후
4703|학급
4704|결승전
4705|명성
4706|분노하다
4707|모조리
4708|공동체
4709|재활용
4710|포항
4711|그만
4712|어긋나다
4713|엔터테인먼트
4714|비법
4715|장훈
4716|하반기
4717|막대하다
4718|와아
4719|드
4720|대안
4721|총기
4722|반성하다
4723|시트
4724|소개팅
4725|동상
4726|힘차다
4727|전형적
4728|장마
4729|조화
4730|민생
4731|양배추
4732|경
4733|큰술
4734|숙성
4735|기상
4736|두께
4737|내려앉다
4738|갖다주다
4739|어제저녁
4740|도리
4741|더듬다
4742|설득
4743|뮤비
4744|메인
4745|봄
4746|홍보하다
4747|온전히
4748|쑥
4749|변신하다
4750|민원
4751|급식
4752|혹
4753|입학하다
4754|아이콘
4755|문화재
4756|지멘
4757|협조하다
4758|룰
4759|양측
4760|완화
4761|요리사
4762|빈
4763|세입자
4764|참석
4765|뛰어다니다
4766|손길
4767|교류
4768|이별
4769|독도
4770|잔치
4771|할인
4772|같이하다
4773|대상자
4774|함께
4775|맛없다
4776|도발
4777|바삭하다
4778|지불하다
4779|진입
4780|뉴질랜드
4781|인자
4782|신입
4783|하얀색
4784|대거
4785|광화문
4786|건너편
4787|아메리카노
4788|화사하다
4789|국무총리
4790|주목받다
4791|탱크
4792|친환경
4793|탐사
4794|여드름
4795|문제없다
4796|궤도
4797|저하
4798|다릏다
4799|변화하다
4800|단원
4801|울산
4802|추측하다
4803|스페이스
4804|유권자
4805|하
4806|중동
4807|남친
4808|픽
4809|퍼붓다
4810|한복판
4811|빤히
4812|킹
4813|입증하다
4814|출마하다
4815|이혼
4816|셀프
4817|사투리
4818|짬뽕
4819|담백하다
4820|상당수
4821|멜로디
4822|헬멧
4823|대꾸하다
4824|파우치
4825|공정
4826|다듬다
4827|모양새
4828|난감하다
4829|회복되다
4830|여명
4831|밭
4832|바람직하다
4833|튀기다
4834|창의적
4835|초밥
4836|우려되다
4837|경계하다
4838|붙들다
4839|책장
4840|전파
4841|쓱
4842|유도하다
4843|유통
4844|누님
4845|집착하다
4846|하룻밤
4847|스며들다
4848|불쑥
4849|불교
4850|유니폼
4851|야권
4852|청바지
4853|마라톤
4854|강요하다
4855|소나무
4856|대다수
4857|용돈
4858|등교
4859|검사하다
4860|현무
4861|유가족
4862|의존하다
4863|장수
4864|벌레
4865|지장
4866|실종자
4867|목욕
4868|계약하다
4869|다니엘
4870|안드로이드
4871|칼날
4872|행정
4873|호르몬
4874|마왕
4875|봉사
4876|충전기
4877|죄인
4878|페스티벌
4879|묘하다
4880|연못
4881|드라이브
4882|깊어지다
4883|위반하다
4884|샘플
4885|가져다주다
4886|일상생활
4887|여파
4888|불필요하다
4889|역량
4890|되돌리다
4891|인터뷰하다
4892|국밥
4893|폭포
4894|입력
4895|슬리퍼
4896|신분증
4897|자물쇠
4898|지분
4899|지능
4900|바로잡다
4901|보좌관
4902|개별
4903|단일화
4904|이왕
4905|쿠폰
4906|놔주다
4907|아트
4908|몰려들다
4909|단추
4910|차오르다
4911|묵다
4912|전제
4913|카피
4914|뉴
4915|골반
4916|몰려오다
4917|불길하다
4918|은퇴하다
4919|아바타
4920|고용
4921|추정하다
4922|이상형
4923|호감
4924|요괴
4925|수법
4926|단백질
4927|헛웃음
4928|네
4929|눈길
4930|해경
4931|유용하다
4932|무관하다
4933|자칫
4934|강원도
4935|엮다
4936|교육청
4937|작성
4938|힘들어지다
4939|당근
4940|줄곧
4941|둘러싸이다
4942|추워지다
4943|절대적
4944|철
4945|중고
4946|포근하다
4947|맥
4948|다채롭다
4949|탕
4950|환상적
4951|설령
4952|토다
4953|진화하다
4954|하마스
4955|배려하다
4956|류
4957|개봉
4958|책임
4959|끊기다
4960|빨리하다
4961|무당
4962|장난치다
4963|충전하다
4964|낭비하다
4965|취급
4966|아메리카
4967|예방하다
4968|센서
4969|차세대
4970|세다
4971|간판
4972|팝
4973|독점
4974|기세
4975|패딩
4976|화폐
4977|의뢰
4978|세련되다
4979|김치찌개
4980|보이
4981|관심사
4982|초록
4983|흡수하다
4984|활성화
4985|전작
4986|대기실
4987|어묵
4988|뒷면
4989|성명
4990|섭취하다
4991|매직
4992|급격히
4993|팔짱
4994|빡세다
4995|울타리
4996|감동적
4997|차마
4998|가지
4999|모임
5000|등록하다
5001|바로바로
5002|쓰리
5003|변경하다
5004|고소
5005|해안
5006|투표하다
5007|반짝반짝
5008|심상하다
5009|자극적
5010|엥
5011|창의력
5012|끌어당기다
5013|진흙
5014|가장자리
5015|까닭
5016|선반
5017|달빛
5018|유의하다
5019|심리적
5020|우동
5021|햇볕
5022|피식
5023|하락하다
5024|밀어붙이다
5025|결말
5026|직무
5027|배신하다
5028|그늘
5029|낭비
5030|건수
5031|응답하다
5032|최종적
5033|영화관
5034|장로
5035|마술
5036|소피
5037|맵
5038|관중
5039|대가리
5040|사무총장
5041|주상
5042|험하다
5043|저장
5044|전교생
5045|뱀파이어
5046|후원
5047|복지
5048|천
5049|회전
5050|실컷
5051|창가
5052|전략적
5053|작업실
5054|휴게소
5055|클리어
5056|이기적
5057|공연장
5058|궁
5059|유입
5060|프리가
5061|들르다
5062|주도하다
5063|수술하다
5064|입법
5065|사이버펑크
5066|돈가스
5067|연장하다
5068|그물
5069|스타일링
5070|품종
5071|건축물
5072|인체
5073|미성년자
5074|갈비
5075|탄수화물
5076|입수하다
5077|은퇴
5078|임명
5079|발길
5080|중대하다
5081|대폭
5082|극심하다
5083|물결
5084|주류
5085|걱정스럽다
5086|장벽
5087|형편
5088|끌리다
5089|윈도우
5090|깻잎
5091|중구
5092|선발
5093|달력
5094|국왕
5095|관광지
5096|이메일
5097|예술가
5098|망토
5099|본격
5100|시대
5101|부리다
5102|제한되다
5103|펀드
5104|품목
5105|똑똑히
5106|스펙
5107|사고
5108|구축하다
5109|유발하다
5110|새기다
5111|소매
5112|트롤
5113|확산하다
5114|암튼
5115|개수
5116|아카데미
5117|포지션
5118|늘어놓다
5119|배치되다
5120|석유
5121|지하
5122|웹툰
5123|밝아지다
5124|리드미컬하다
5125|서해안
5126|짙다
5127|몸집
5128|설교
5129|사료
5130|리스크
5131|흐느끼다
5132|리더십
5133|쿠팡
5134|빌리
5135|전공의
5136|독수리
5137|선보이다
5138|드라이버
5139|비누
5140|재미나다
5141|비공개
5142|별개
5143|콘크리트
5144|휴일
5145|주황색
5146|시험하다
5147|급격하다
5148|경쟁하다
5149|유아
5150|그림책
5151|칼리
5152|임명하다
5153|염두
5154|돌아서다
5155|시집
5156|까다
5157|추정
5158|패배
5159|버그
5160|심플하다
5161|벌칙
5162|파괴되다
5163|원수
5164|종합
5165|간절히
5166|따라다니다
5167|킬로미터
5168|묻어나다
5169|영남
5170|도입되다
5171|잔디
5172|남극
5173|입자
5174|인
5175|무례하다
5176|끝없이
5177|허가
5178|무작정
5179|커튼
5180|굽히다
5181|비빔밥
5182|땅콩
5183|맴돌다
5184|승자
5185|귀국하다
5186|파괴
5187|울트라
5188|장애물
5189|활기차다
5190|충실하다
5191|아슬아슬하다
5192|록
5193|입가
5194|식초
5195|제곱미터
5196|접어들다
5197|선진국
5198|접속하다
5199|판매되다
5200|어조
5201|카트
5202|직장인
5203|진로
5204|복권
5205|저항하다
5206|축원하다
5207|대나무
5208|연필
5209|난민
5210|자외선
5211|붉다
5212|추리
5213|한껏
5214|찾아뵙다
5215|약국
5216|순수하다
5217|서구
5218|수습
5219|유혹
5220|달칵
5221|구독하다
5222|확정하다
5223|선두
5224|미용실
5225|외면하다
5226|코앞
5227|배달하다
5228|넘겨주다
5229|오프라인
5230|소화하다
5231|하와이
5232|물들다
5233|캐럿
5234|순
5235|본체
5236|넓어지다
5237|겨울철
5238|완료하다
5239|장식하다
5240|통제되다
5241|기호
5242|업적
5243|장악하다
5244|기술적
5245|빌보드
5246|유니콘
5247|절망
5248|혈액
5249|보유하다
5250|장례
5251|작정
5252|뻔뻔하다
5253|정직하다
5254|정규
5255|충성
5256|유익하다
5257|미끼
5258|소풍
5259|사이좋다
5260|보트
5261|인공
5262|캡틴
5263|트랙
5264|여럿
5265|악어
5266|사냥하다
5267|팔찌
5268|욕조
5269|꽁꽁
5270|인수
5271|자손
5272|교환하다
5273|작용
5274|격렬하다
5275|짐
5276|폐
5277|구현하다
5278|산사태
5279|생
5280|위로
5281|화산
5282|동그라미
5283|밤하늘
5284|원망하다
5285|하여간
5286|대피
5287|몰입
5288|동선
5289|예감
5290|권위
5291|메타
5292|옷차림
5293|시위대
5294|소방
5295|실행하다
5296|취급하다
5297|버터
5298|관람객
5299|와이파이
5300|유입되다
5301|링
5302|도넛
5303|베데스다
5304|태극기
5305|측근
5306|쳐주다
5307|국적
5308|멧돼지
5309|나가보다
5310|바울
5311|군주
5312|명칭
5313|분리되다
5314|실전
5315|참
5316|주최
5317|통일
5318|거론되다
5319|본부
5320|상공
5321|핫도그
5322|쩝
5323|빼돌리다
5324|빠뜨리다
5325|타워
5326|창백하다
5327|머무르다
5328|정교하다
5329|전달
5330|릴리
5331|양성
5332|여름철
5333|까마귀
5334|비전
5335|찰나
5336|국면
5337|형체
5338|잠옷
5339|라면
5340|휠체어
5341|크리스
5342|찾아다니다
5343|소환하다
5344|생존자
5345|가쁘다
5346|사퇴하다
5347|선풍기
5348|방송하다
5349|사로잡히다
5350|리조트
5351|강력
5352|멋
5353|막판
5354|대행
5355|불러일으키다
5356|훈련하다
5357|침실
5358|거슬리다
5359|묘사하다
5360|똑
5361|분홍색
5362|악수
5363|영수증
5364|들이켜다
5365|분류되다
5366|극도
5367|전망하다
5368|프로필
5369|보내오다
5370|옆구리
5371|장기적
5372|미주
5373|전시하다
5374|스텝
5375|씁쓸하다
5376|수첩
5377|고등어
5378|잦다
5379|손끝
5380|정점
5381|다정하다
5382|스테이
5383|매일
5384|멍하다
5385|초조하다
5386|안정되다
5387|음원
5388|맺히다
5389|재생
5390|연금
5391|정적
5392|체육
5393|로즈
5394|통과되다
5395|시인
5396|경찰청
5397|명대
5398|방울
5399|바깥쪽
5400|비극
5401|전교
5402|까불다
5403|하드웨어
5404|과하다
5405|연쇄
5406|지목하다
5407|상장
5408|무너뜨리다
5409|암호
5410|당첨
5411|투명
5412|위장
5413|상큼하다
5414|욕설
5415|오르막
5416|주목되다
5417|뒤집어쓰다
5418|주사위
5419|칼럼
5420|그레이
5421|혈관
5422|할리우드
5423|둥지
5424|검사장
5425|트라우마
5426|성추행
5427|첨단
5428|꼬맹이
5429|의심되다
5430|돌려보다
5431|살해당하다
5432|외국어
5433|시비
5434|도움
5435|표시되다
5436|리즈
5437|뒤편
5438|대본
5439|기장
5440|풀이되다
5441|납치하다
5442|덜하다
5443|거래하다
5444|밀어주다
5445|평균
5446|내버려두다
5447|탑승하다
5448|돌진하다
5449|흥겹다
5450|수비
5451|엑스
5452|의도적
5453|알파
5454|둘러싸다
5455|통보하다
5456|감성적
5457|자부심
5458|기원전
5459|휙
5460|확산되다
5461|정국
5462|선비
5463|물러가다
5464|뽑아내다
5465|니키
5466|산맥
5467|툭툭
5468|유연하다
5469|자발적
5470|인간적
5471|소소하다
5472|연령
5473|복수하다
5474|콜라보
5475|뜻밖
5476|배낭
5477|입장하다
5478|활약하다
5479|타이틀
5480|라이프
5481|재앙
5482|터미널
5483|진출
5484|완료되다
5485|평온하다
5486|염색
5487|지원금
5488|지난달
5489|전적
5490|팝콘
5491|고정하다
5492|동참하다
5493|꼴찌
5494|노하우
5495|발가락
5496|서브
5497|멋쩍다
5498|깡패
5499|신유
5500|코팅
5501|뚱뚱하다
5502|감상
5503|체리
5504|집다
5505|아오
5506|질서
5507|버거
5508|소형
5509|처먹다
5510|정장
5511|박쥐
5512|마리아
5513|발사되다
5514|공평하다
5515|기법
5516|소동
5517|혼
5518|침수
5519|육아
5520|남다르다
5521|침입하다
5522|이루다
5523|틀
5524|신뢰하다
5525|알레르기
5526|레이어
5527|콩나물
5528|사다리
5529|기여하다
5530|재작년
5531|리뷰하다
5532|따갑다
5533|피트
5534|오피스텔
5535|새해
5536|불태우다
5537|순순히
5538|배후
5539|길드
5540|아드님
5541|봉
5542|휩쓸다
5543|캐리어
5544|주최하다
5545|광수
5546|공공
5547|창작
5548|틈새
5549|병실
5550|근본
5551|대검
5552|여행지
5553|방류
5554|이슬람
5555|허브
5556|장어
5557|외곽
5558|포크
5559|리포트
5560|하느님
5561|교황
5562|개체
5563|매운맛
5564|오염
5565|기원하다
5566|전염병
5567|춘천
5568|하체
5569|비겁하다
5570|김형래
5571|문신
5572|터키
5573|차이점
5574|착장
5575|서늘하다
5576|쓸모없다
5577|구석구석
5578|해병대
5579|알리바이
5580|홀리다
5581|벌이다
5582|따내다
5583|머뭇거리다
5584|파인애플
5585|덴마크
5586|구르다
5587|감칠맛
5588|대중교통
5589|재촉하다
5590|지우개
5591|수월하다
5592|첫인상
5593|번지다
5594|전선
5595|바나나
5596|화면
5597|뱀
5598|반성
5599|틀리다
5600|어느덧
5601|관람
5602|확장하다
5603|부스
5604|빗방울
5605|징그럽다
5606|여객기
5607|반하다
5608|주자
5609|통보
5610|미간
5611|검출되다
5612|괜하다
5613|보완하다
5614|양복
5615|컨실러
5616|통과
5617|현안
5618|경비원
5619|성별
5620|대처
5621|스트레칭
5622|투쟁
5623|사춘기
5624|붉은색
5625|얌전히
5626|아일랜드
5627|수습하다
5628|따라잡다
5629|솟다
5630|설사
5631|권고하다
5632|놀이공원
5633|불러내다
5634|당일
5635|노르웨이
5636|물감
5637|둥
5638|의욕
5639|밥상
5640|잔해
5641|복음
5642|겸손하다
5643|공지
5644|상추
5645|정신없이
5646|외출하다
5647|투수
5648|창업
5649|마스카라
5650|불안정하다
5651|소유
5652|활용되다
5653|틈
5654|페인트
5655|발전시키다
5656|후드
5657|양상
5658|장담하다
5659|오가다
5660|한순간
5661|스키
5662|시커멓다
5663|비참하다
5664|알맞다
5665|공자
5666|국가대표
5667|가하다
5668|느리다
5669|찐
5670|가려지다
5671|만남
5672|극
5673|다이어리
5674|전문적
5675|돌려받다
5676|예배
5677|에잇
5678|껴안다
5679|건들다
5680|초속
5681|함성
5682|해당되다
5683|물방울
5684|예루살렘
5685|해법
5686|액세서리
5687|기소하다
5688|상쾌하다
5689|보조금
5690|뒤따르다
5691|테스트하다
5692|처녀
5693|스쿼트
5694|후쿠시마
5695|가파르다
5696|원조
5697|산뜻하다
5698|차츰
5699|트렁크
5700|감사원
5701|키스하다
5702|조종사
5703|필사적
5704|파장
5705|인파
5706|심
5707|문서
5708|생활비
5709|재건축
5710|고교
5711|해치우다
5712|탄탄하다
5713|떼
5714|표현되다
5715|탓하다
5716|페이스
5717|보살피다
5718|토론회
5719|고문
5720|테니스
5721|가로막다
5722|사드
5723|루시
5724|상호
5725|태평양
5726|꾸준하다
5727|프로듀서
5728|왕따
5729|스타트
5730|통제하다
5731|경복궁
5732|수없이
5733|레이스
5734|교감
5735|집착
5736|공적
5737|쌤
5738|원형
5739|얼핏
5740|주마
5741|전차
5742|제비
5743|팬츠
5744|팬티
5745|순경
5746|일기장
5747|진보
5748|느긋하다
5749|인명
5750|몸속
5751|못지않다
5752|뜨거워지다
5753|과외
5754|웅크리다
5755|휴대
5756|체계적
5757|그리드
5758|헌재
5759|원료
5760|두뇌
5761|그래프
5762|거인
5763|타오르다
5764|포터
5765|신종
5766|실물
5767|지표
5768|패널
5769|은은하다
5770|감수하다
5771|후작
5772|핀
5773|발짝
5774|포착하다
5775|부사장
5776|신형
5777|권총
5778|야무지다
5779|탕수육
5780|무드
5781|전문가
5782|성폭력
5783|클릭
5784|성숙하다
5785|힙하다
5786|휴
5787|탑승
5788|지목되다
5789|코인
5790|뒤덮이다
5791|잉
5792|궁궐
5793|다큐멘터리
5794|낭자
5795|재단
5796|공격적
5797|예시
5798|매치
5799|요것
5800|쇼케이스
5801|반칙
5802|정령
5803|건네주다
5804|염증
5805|노을
5806|공백
5807|어플
5808|풀려나다
5809|선포하다
5810|눕히다
5811|간지럽다
5812|우리말
5813|임신하다
5814|접수하다
5815|형상
5816|비장하다
5817|횡단보도
5818|고용하다
5819|결합하다
5820|안들다
5821|발끝
5822|신념
5823|영토
5824|적자
5825|맹세하다
5826|찬스
5827|그치다
5828|온전하다
5829|비닐
5830|의리
5831|장거리
5832|유네스코
5833|상의
5834|톡톡
5835|쑥스럽다
5836|밀려오다
5837|모여들다
5838|북극
5839|관람하다
5840|새삼
5841|간편하다
5842|정류장
5843|심지어
5844|즈음
5845|뒤집어지다
5846|사업자
5847|물려받다
5848|넋
5849|파헤치다
5850|쌍
5851|발바닥
5852|가치관
5853|재주
5854|계급
5855|알차다
5856|신비
5857|합동
5858|하락
5859|찰리
5860|아이디
5861|미묘하다
5862|돌입하다
5863|미터
5864|변태
5865|삐
5866|매너
5867|엮이다
5868|감정적
5869|착륙
5870|우승자
5871|탈락하다
5872|고정되다
5873|말미암다
5874|설계하다
5875|채택하다
5876|존재감
5877|데이트하다
5878|탄소
5879|기미
5880|분류하다
5881|꽃잎
5882|컵라면
5883|수장
5884|들이마시다
5885|부검
5886|찬송
5887|닷새
5888|별장
5889|유산
5890|주체
5891|용서
5892|체온
5893|총알
5894|오프닝
5895|통과시키다
5896|환율
5897|성범죄
5898|몸매
5899|뚫어지다
5900|에버랜드
5901|염려
5902|건지다
5903|찌다
5904|미스
5905|기생충
5906|중세
5907|고비
5908|에바
5909|지배
5910|겨루다
5911|동지
5912|한화
5913|엿보다
5914|즐거워하다
5915|응급
5916|헬
5917|실감
5918|원활하다
5919|손쉽다
5920|주유소
5921|뛰어오르다
5922|거부권
5923|까맣다
5924|탁월하다
5925|사표
5926|화분
5927|라이벌
5928|보너스
5929|칠하다
5930|추세
5931|다다르다
5932|아자
5933|의료계
5934|원단
5935|몰아치다
5936|집권
5937|빨개지다
5938|목욕탕
5939|최저
5940|답변하다
5941|토하다
5942|다시금
5943|어휘
5944|차림
5945|앨런
5946|깊숙이
5947|파편
5948|스피릿
5949|교정
5950|지랄
5951|해리스
5952|구성원
5953|막말
5954|누나
5955|황사
5956|앞당기다
5957|홍수
5958|시급하다
5959|요령
5960|익명
5961|해양
5962|피라미드
5963|소란스럽다
5964|도주
5965|혼잣말
5966|로맨스
5967|결단
5968|미끄럽다
5969|빡
5970|부과하다
5971|주거
5972|스틱
5973|부러지다
5974|저작권
5975|복원
5976|서장
5977|아르헨티나
5978|전자레인지
5979|역겹다
5980|변호인
5981|가까스로
5982|대대적
5983|팥
5984|가동
5985|청춘
5986|간담회
5987|코코넛
5988|텍스트
5989|아미
5990|어머머
5991|점령하다
5992|냉동
5993|개선되다
5994|치과
5995|유출되다
5996|후손
5997|속보
5998|남겨지다
5999|대법원장
6000|평창
6001|크루즈
6002|골치
6003|반말
6004|유료
6005|작곡가
6006|위안
6007|발달
6008|심부름
6009|오토
6010|동력
6011|비구름
6012|궁전
6013|앞세우다
6014|출력
6015|증오
6016|방치하다
6017|재우다
6018|디
6019|연관
6020|잊혀지다
6021|오페라
6022|남작
6023|협의하다
6024|궁합
6025|들여오다
6026|먹고살다
6027|신장
6028|소중히
6029|톱
6030|인용
6031|납치
6032|생산되다
6033|경쟁자
6034|개운하다
6035|수요일
6036|못나다
6037|음반
6038|탭
6039|주니어
6040|아싸
6041|목요일
6042|와닿다
6043|손등
6044|친근하다
6045|서명
6046|바닷속
6047|브라질
6048|음미하다
6049|화가
6050|순하다
6051|일러스트
6052|내뿜다
6053|예뻐지다
6054|가꾸다
6055|차전
6056|임신
6057|흐릿하다
6058|요번
6059|올리브
6060|형성
6061|폴
6062|기조
6063|왕관
6064|정신없다
6065|표적
6066|대희
6067|또렷하다
6068|남동생
6069|인종
6070|관두다
6071|접히다
6072|살인범
6073|플래시
6074|활
6075|캡슐
6076|절실하다
6077|왕실
6078|중소기업
6079|왓슨
6080|종업원
6081|조언하다
6082|이토록
6083|선사하다
6084|낡다
6085|납득하다
6086|변이
6087|철거
6088|메뉴판
6089|찬물
6090|즈하다
6091|운항
6092|분수
6093|국제적
6094|곱창
6095|증원
6096|키트
6097|지리산
6098|고무
6099|본드
6100|지휘
6101|솟구치다
6102|컬렉션
6103|리모컨
6104|중증
6105|폭행하다
6106|캔
6107|속이다
6108|달래다
6109|폭발적
6110|소행성
6111|계집애
6112|율법
6113|로또
6114|기원
6115|실리콘
6116|망원경
6117|가설
6118|증시
6119|캐스팅
6120|만화책
6121|비하인드
6122|속마음
6123|잉크
6124|로토
6125|존
6126|치사하다
6127|피어나다
6128|삭제
6129|코미디
6130|대접하다
6131|제압하다
6132|루피
6133|리치
6134|시뮬레이션
6135|시력
6136|장착하다
6137|본명
6138|맞장구
6139|미역국
6140|구슬
6141|모니터링
6142|비대위
6143|탄력
6144|팔다리
6145|도마뱀
6146|멀티
6147|은근
6148|억누르다
6149|대우
6150|건너가다
6151|재개하다
6152|헛되다
6153|이순신
6154|니트
6155|시어머니
6156|다지다
6157|헨리
6158|개편
6159|홍대
6160|종소리
6161|번역하다
6162|기획하다
6163|트로피
6164|구별하다
6165|언론사
6166|피부과
6167|방지하다
6168|지극히
6169|훑어보다
6170|위험성
6171|관저
6172|바이올린
6173|베다
6174|서바이벌
6175|청하다
6176|고립되다
6177|인적
6178|지속
6179|카셀
6180|더미
6181|가다듬다
6182|실천
6183|배출하다
6184|수사관
6185|액자
6186|예산안
6187|고도
6188|합
6189|더군다나
6190|실화
6191|지명
6192|스프레이
6193|제약
6194|따스하다
6195|픽셀
6196|일상적
6197|가로등
6198|현행
6199|상하이
6200|거미줄
6201|뒤덮다
6202|노이즈
6203|생기
6204|몰입하다
6205|튜브
6206|지각
6207|지혜롭다
6208|전문
6209|조그맣다
6210|채다
6211|입양
6212|버디
6213|소유하다
6214|시술
6215|돌멩이
6216|송구하다
6217|가령
6218|취약하다
6219|유치
6220|신입생
6221|헤엄치다
6222|충만하다
6223|올려보다
6224|쑥쑥
6225|침묵하다
6226|차근차근
6227|크
6228|상병
6229|인격
6230|읽히다
6231|말레이시아
6232|썰매
6233|위력
6234|실시되다
6235|종로
6236|불어나다
6237|목포
6238|알리
6239|청
6240|난처하다
6241|베리
6242|악화되다
6243|졸다
6244|바퀴벌레
6245|상품권
6246|광대
6247|추첨
6248|간혹
6249|장원
6250|분류
6251|착륙하다
6252|자두
6253|그리워하다
6254|육박하다
6255|지폐
6256|사이렌
6257|대접
6258|클라우드
6259|외출
6260|형성하다
6261|파다
6262|후계자
6263|인지하다
6264|스팸
6265|알고리즘
6266|켜다
6267|으응
6268|체육관
6269|증언하다
6270|마요네즈
6271|괴로워하다
6272|발매
6273|내용물
6274|거듭하다
6275|교시
6276|부풀다
6277|꼬집다
6278|탄
6279|행방
6280|막막하다
6281|양자
6282|단식
6283|출입문
6284|항아리
6285|라미
6286|요거트
6287|잘나가다
6288|골목길
6289|패티
6290|자판기
6291|눕다
6292|팔리다
6293|불가능
6294|멍
6295|구입
6296|처방
6297|임명되다
6298|실루엣
6299|다운로드
6300|짐작
6301|겨누다
6302|날뛰다
6303|왼발
6304|여친
6305|소규모
6306|은밀하다
6307|명소
6308|꼭꼭
6309|총회
6310|술자리
6311|프로모션
6312|용병
6313|분주하다
6314|맨발
6315|발열
6316|잦아들다
6317|생애
6318|하인
6319|나미
6320|쾌적하다
6321|출범
6322|비유
6323|흡수
6324|손녀
6325|성폭행
6326|피어오르다
6327|신비하다
6328|싸늘하다
6329|조립하다
6330|승인
6331|경감
6332|뼘
6333|땅속
6334|데모
6335|인어
6336|씩씩하다
6337|침해
6338|전무
6339|전장
6340|획득
6341|선관위
6342|훑다
6343|의뢰인
6344|외신
6345|모집
6346|병장
6347|일가
6348|묵묵히
6349|칼국수
6350|베타
6351|평년
6352|갤러리
6353|팽팽하다
6354|신도시
6355|교내
6356|인간관계
6357|해소하다
6358|재현하다
6359|보리
6360|형편없다
6361|면회
6362|장작
6363|인수하다
6364|비바람
6365|밸브
6366|갯벌
6367|고수
6368|제때
6369|구원하다
6370|원주민
6371|라스트
6372|한없이
6373|손주
6374|긋다
6375|주행
6376|빙글빙글
6377|해수욕장
6378|나이키
6379|벽돌
6380|육즙
6381|마술사
6382|빵집
6383|병아리
6384|채권
6385|개인기
6386|낙엽
6387|강철
6388|루트
6389|개학
6390|존스
6391|펜스
6392|몰리다
6393|제출
6394|쫓아다니다
6395|공모전
6396|차차
6397|인조
6398|동행하다
6399|짜릿하다
6400|흑인
6401|후원하다
6402|커버하다
6403|기억력
6404|기저귀
6405|상식적
6406|닭고기
6407|중사
6408|방심하다
6409|여러모로
6410|특기
6411|디자인하다
6412|훼손하다
6413|서너
6414|예언
6415|수요
6416|기체
6417|반대
6418|장학금
6419|울부짖다
6420|놓이다
6421|효율
6422|위태롭다
6423|작별
6424|능숙하다
6425|약물
6426|분양
6427|관건
6428|빗자루
6429|평평하다
6430|와이엇
6431|볼일
6432|나르다
6433|간추리다
6434|인질
6435|큰돈
6436|다양성
6437|루비
6438|쓰러뜨리다
6439|견해
6440|석탄
6441|대표단
6442|이라크
6443|펜션
6444|그루
6445|학교생활
6446|대사관
6447|하찮다
6448|멘탈
6449|꿀
6450|고조되다
6451|횡령
6452|거론하다
6453|수입하다
6454|풍
6455|블루투스
6456|법사위
6457|드럼
6458|렉스
6459|최소화하다
6460|창원
6461|타이탄
6462|겁쟁이
6463|국내외
6464|쓸데없이
6465|진범
6466|푸딩
6467|인도하다
6468|애벌레
6469|부상자
6470|어설프다
6471|형수
6472|검정색
6473|식단
6474|전생
6475|빨아들이다
6476|대호
6477|정비
6478|샤
6479|불가
6480|접속
6481|로제
6482|망가뜨리다
6483|긍정
6484|시리아
6485|음영
6486|강남
6487|설비
6488|수련
6489|몰두하다
6490|신제품
6491|너구리
6492|전개
6493|내비치다
6494|종료되다
6495|퍼뜨리다
6496|자취
6497|학문
6498|제스처
6499|물려주다
6500|동창
6501|창조하다
6502|노골적
6503|무심코
6504|스케일
6505|생산량
6506|특허
6507|인용하다
6508|도토리
6509|이해되다
6510|도수
6511|순조롭다
6512|미얀마
6513|삼각형
6514|빙수
6515|장인
6516|오너
6517|기념품
6518|길가
6519|문양
6520|설립하다
6521|구청
6522|희망하다
6523|스타워즈
6524|깜깜하다
6525|경호원
6526|가축
6527|처리되다
6528|퇴원하다
6529|감소
6530|출국
6531|외할머니
6532|주저하다
6533|손뼉
6534|첫눈
6535|열정적
6536|기부
6537|열풍
6538|바둑
6539|면역
6540|골짜기
6541|희생하다
6542|페르시아
6543|총재
6544|핵무기
6545|건설
6546|겹
6547|귀걸이
6548|베풀다
6549|상의하다
6550|공정하다
6551|연루되다
6552|직면하다
6553|비틀거리다
6554|내외
6555|결제하다
6556|증명
6557|완화하다
6558|풀
6559|젖히다
6560|오염되다
6561|휴대용
6562|벅차다
6563|가정하다
6564|되풀이하다
6565|언뜻
6566|건조
6567|래퍼
6568|윤곽
6569|부통령
6570|된장찌개
6571|노출
6572|이를테면
6573|아이유
6574|여수
6575|정복하다
6576|현수막
6577|정문
6578|수중
6579|질투하다
6580|매섭다
6581|리어
6582|주택가
6583|토마스
6584|도전자
6585|토스트
6586|요약하다
6587|따돌리다
6588|방콕
6589|실버
6590|정자
6591|타이어
6592|앞바다
6593|자매
6594|공직자
6595|여느
6596|회수하다
6597|자백
6598|뚝뚝
6599|유머
6600|굳어지다
6601|하여금
6602|이상적
6603|동갑
6604|엇
6605|채취하다
6606|라떼
6607|일교차
6608|수갑
6609|장례식장
6610|동무
6611|본능적
6612|소명
6613|무력
6614|북측
6615|굴러가다
6616|건설하다
6617|연관되다
6618|철수하다
6619|수영하다
6620|신호등
6621|온종일
6622|입국하다
6623|뿅
6624|등록되다
6625|캐다
6626|무장
6627|무더위
6628|반반
6629|예년
6630|그새
6631|분석되다
6632|유적
6633|써먹다
6634|양아치
6635|붐비다
6636|하필
6637|중순
6638|발명품
6639|선교사
6640|러닝
6641|유세
6642|포켓
6643|벨
6644|해제되다
6645|닳다
6646|컨테이너
6647|골프장
6648|돌풍
6649|지원자
6650|누명
6651|꽃게
6652|행
6653|투입
6654|가늠하다
6655|쫀쫀하다
6656|몸짓
6657|팍팍
6658|벙커
6659|떠나가다
6660|특강
6661|플로리
6662|수칙
6663|오두막
6664|당황
6665|배상
6666|농부
6667|상징적
6668|산속
6669|대학원
6670|결론적
6671|원샷
6672|호칭
6673|유심히
6674|대령
6675|정반대
6676|의심
6677|철회하다
6678|배달
6679|단검
6680|시련
6681|모서리
6682|속속
6683|검정
6684|가급적
6685|튀르키예
6686|헝가리
6687|띠
6688|국세청
6689|궁극적
6690|업종
6691|효력
6692|텃밭
6693|훗날
6694|얕다
6695|영양제
6696|로스앤젤레스
6697|성장률
6698|이력
6699|축축하다
6700|군사적
6701|신작
6702|점장
6703|계약서
6704|목구멍
6705|명확히
6706|틀어지다
6707|떨구다
6708|핵심적
6709|약자
6710|포르투갈
6711|끝장
6712|난동
6713|섭취
6714|행하다
6715|출처
6716|수확
6717|짝꿍
6718|라이터
6719|큐
6720|속성
6721|수레
6722|화염
6723|구절
6724|수용
6725|델타
6726|크루
6727|담아내다
6728|전망대
6729|실험실
6730|또라이
6731|공책
6732|카리스마
6733|설립
6734|동남아
6735|떨어트리다
6736|해석되다
6737|아찔하다
6738|물끄러미
6739|중부
6740|소란
6741|랭킹
6742|훈훈하다
6743|통행
6744|항의
6745|여하튼
6746|촌스럽다
6747|콧물
6748|리사
6749|되살아나다
6750|임대료
6751|놀리다
6752|매듭
6753|판문점
6754|망가지다
6755|비판적
6756|밀도
6757|뒤섞이다
6758|떨치다
6759|흥분
6760|난쟁이
6761|각기
6762|절박하다
6763|일생
6764|곽
6765|내리치다
6766|꿀꺽
6767|두들기다
6768|배꼽
6769|해체
6770|출연자
6771|출입구
6772|계장
6773|찝찝하다
6774|필드
6775|의논하다
6776|대위
6777|이모티콘
6778|정기적
6779|핼러윈
6780|보름달
6781|누이
6782|도어
6783|복제
6784|땡기다
6785|매끄럽다
6786|보험금
6787|하위
6788|이브
6789|회동
6790|잠잠하다
6791|농업
6792|큐브
6793|도우미
6794|어리둥절하다
6795|생계
6796|기쁨
6797|인플레이션
6798|인내심
6799|축복하다
6800|안전성
6801|엉망진창
6802|저학년
6803|황후
6804|논술
6805|전신
6806|담화
6807|김포
6808|갈아타다
6809|단정하다
6810|서민
6811|폐기물
6812|벽면
6813|그럴듯하다
6814|웹
6815|운전석
6816|행정부
6817|브이
6818|남자아이
6819|재개발
6820|문지르다
6821|집안일
6822|보험료
6823|움직임
6824|사우디
6825|넥타이
6826|평일
6827|원망
6828|불씨
6829|상당
6830|프라이팬
6831|허다
6832|손발
6833|포스
6834|초청
6835|빠짐없이
6836|빨강
6837|막내
6838|정기
6839|금발
6840|성벽
6841|언더
6842|얍
6843|비롯되다
6844|뜯어보다
6845|현황
6846|트레이너
6847|반년
6848|두툼하다
6849|반짝거리다
6850|달아오르다
6851|참모
6852|독서
6853|주주
6854|갑
6855|주파수
6856|방치되다
6857|형아
6858|숙박
6859|격려하다
6860|고요하다
6861|개최
6862|타깃
6863|소변
6864|뽀뽀하다
6865|손질하다
6866|콕
6867|칫솔
6868|악성
6869|고가
6870|넉
6871|일꾼
6872|클렌징
6873|실태
6874|장교
6875|에센스
6876|웨이브
6877|혼인
6878|왕위
6879|가닥
6880|당첨되다
6881|존댓말
6882|외식
6883|다녀가다
6884|해외여행
6885|지배하다
6886|복근
6887|미연
6888|매점
6889|아악
6890|동반하다
6891|고속
6892|후속
6893|가슴속
6894|장사하다
6895|채팅
6896|이따금
6897|마블
6898|개교
6899|반쪽
6900|걸맞다
6901|화요일
6902|인프라
6903|실무
6904|깜빡
6905|강점
6906|스카이
6907|쩔다
6908|확고하다
6909|엊그제
6910|단계적
6911|새하얗다
6912|열
6913|부츠
6914|빛깔
6915|단풍
6916|번거롭다
6917|흐려지다
6918|피치
6919|수색하다
6920|악귀
6921|연달다
6922|매매
6923|추모
6924|각별히
6925|맞장구치다
6926|머금다
6927|근심
6928|서식하다
6929|출범하다
6930|자빠지다
6931|스케치
6932|쫄깃하다
6933|건방지다
6934|화물
6935|지긋지긋하다
6936|가혹하다
6937|개표
6938|세균
6939|표지판
6940|담당
6941|거절
6942|외벽
6943|스프
6944|척추
6945|총각
6946|남미
6947|독립하다
6948|일그러지다
6949|진전
6950|폭로하다
6951|해소
6952|도마
6953|곰돌이
6954|미모
6955|청약
6956|진정시키다
6957|리메이크
6958|손짓
6959|별자리
6960|부담하다
6961|난간
6962|랍스터
6963|구치소
6964|용건
6965|입장료
6966|파이프
6967|배우자
6968|핥다
6969|박자
6970|대문
6971|변론
6972|캄캄하다
6973|불량
6974|선선하다
6975|부러워하다
6976|페트병
6977|워텋다
6978|볼거리
6979|협정
6980|해병
6981|영화제
6982|기울어지다
6983|명목
6984|휴전
6985|하마터면
6986|트로트
6987|앞장서다
6988|스탠드
6989|솟아오르다
6990|자루
6991|무사
6992|해방
6993|흠뻑
6994|도파민
6995|생강
6996|세심하다
6997|지출
6998|목마르다
6999|위층
7000|대낮
7001|폐허
7002|반바지
7003|폐쇄되다
7004|악취
7005|촬영장
7006|얼굴형
7007|수소
7008|하천
7009|해발
7010|정석
7011|장모님
7012|풍성하다
7013|달성
7014|오른발
7015|구름
7016|국기
7017|손전등
7018|변화시키다
7019|달팽이
7020|실험하다
7021|과시하다
7022|각오하다
7023|회차
7024|광복절
7025|빚어지다
7026|테디
7027|극복
7028|기발하다
7029|미생물
7030|돈키호테
7031|믿어지다
7032|치약
7033|콜라겐
7034|코딩
7035|바닐라
7036|머
7037|학습하다
7038|노래
7039|강조
7040|혈압
7041|아래층
7042|고성
7043|지급되다
7044|환호하다
7045|채택되다
7046|강행하다
7047|합병
7048|흥행
7049|풀어내다
7050|담장
7051|두근거리다
7052|쉼터
7053|초대형
7054|안쓰럽다
7055|허용되다
7056|태양계
7057|빼먹다
7058|처분하다
7059|기특하다
7060|망
7061|의류
7062|밤늦다
7063|파동
7064|조용
7065|보편적
7066|원격
7067|두피
7068|문화적
7069|부담감
7070|출전
7071|모터
7072|무한하다
7073|감지하다
7074|발리
7075|전망되다
7076|권고
7077|격려
7078|한가하다
7079|남한
7080|씹히다
7081|출산
7082|관통하다
7083|아몬드
7084|수납
7085|우상
7086|푸짐하다
7087|작업자
7088|알파벳
7089|계열사
7090|종사자
7091|문의
7092|초청하다
7093|식약처
7094|정가
7095|메신저
7096|장착
7097|섭외
7098|폴리
7099|뿔
7100|필승
7101|목덜미
7102|마감하다
7103|귓가
7104|혐오
7105|운동회
7106|졸업식
7107|관절
7108|관
7109|리정
7110|살해되다
7111|클리오
7112|묘사
7113|떡국
7114|의석
7115|인터페이스
7116|부쩍
7117|수록
7118|물티슈
7119|병들다
7120|섬뜩하다
7121|지연되다
7122|매뉴얼
7123|수직
7124|생성
7125|몽땅
7126|무효
7127|거칠다
7128|이견
7129|리드
7130|느닷없이
7131|부실하다
7132|붓
7133|냉동실
7134|꿰뚫다
7135|등장인물
7136|희귀하다
7137|배신자
7138|초능력
7139|멸종
7140|컴백하다
7141|늦추다
7142|조심스레
7143|참견
7144|주시하다
7145|논의되다
7146|식욕
7147|발색
7148|얌전하다
7149|마차
7150|필수적
7151|속임수
7152|포토
7153|온화하다
7154|초보
7155|총격
7156|블루베리
7157|제왕
7158|자체적
7159|되돌아가다
7160|아늑하다
7161|잭슨
7162|분장
7163|광기
7164|연구실
7165|잡혀가다
7166|매월
7167|유대인
7168|막연하다
7169|프린터
7170|빌드
7171|대감
7172|리본
7173|점프하다
7174|사업가
7175|외삼촌
7176|엔지니어
7177|이성적
7178|로션
7179|말문
7180|스트리밍
7181|덮치다
7182|설날
7183|샅샅이
7184|우물
7185|눈사람
7186|과태료
7187|해치다
7188|업다
7189|법률
7190|지속하다
7191|반박
7192|가입자
7193|설득력
7194|모호하다
7195|쿠데타
7196|성당
7197|매미
7198|충동
7199|불어오다
7200|한자리
7201|채
7202|추락
7203|칵테일
7204|놓아주다
7205|수리하다
7206|함대
7207|슈트
7208|정모
7209|잡아가다
7210|스파이더맨
7211|패배하다
7212|귀하다
7213|행적
7214|샌프란시스코
7215|상륙하다
7216|도사
7217|자랑
7218|셔먼
7219|미술관
7220|베를린
7221|걷어차다
7222|친숙하다
7223|즉석
7224|미인
7225|시멘트
7226|앤
7227|다이아
7228|엎다
7229|상냥하다
7230|식빵
7231|동구
7232|으쓱하다
7233|복원하다
7234|새롬
7235|수급
7236|당선
7237|원룸
7238|극히
7239|사납다
7240|촉
7241|흐트러지다
7242|코스피
7243|리터
7244|부활하다
7245|뱃속
7246|점원
7247|용사
7248|인건비
7249|거룩하다
7250|완벽
7251|공허하다
7252|제작자
7253|고릴라
7254|파운드
7255|강물
7256|푼
7257|점유율
7258|중대
7259|베란다
7260|광어
7261|단기
7262|고마워하다
7263|기름지다
7264|문턱
7265|뛰어오다
7266|자백하다
7267|고의
7268|서식지
7269|종아리
7270|무심하다
7271|제시
7272|한라산
7273|밀려들다
7274|투덜거리다
7275|비닐봉지
7276|캄보디아
7277|공모
7278|휘발유
7279|카펫
7280|멸망하다
7281|면역력
7282|뷰티
7283|납득
7284|외계
7285|스케이트
7286|주되다
7287|가드
7288|상승세
7289|부담
7290|결합
7291|립스틱
7292|통상
7293|가라앉히다
7294|곰
7295|점포
7296|갸웃거리다
7297|토핑
7298|통통하다
7299|전공하다
7300|시청률
7301|쉬워지다
7302|만족도
7303|숨
7304|파이터
7305|담담하다
7306|봉쇄
7307|지하철역
7308|주관하다
7309|훼손되다
7310|기수
7311|스토커
7312|절정
7313|치밀하다
7314|환장하다
7315|살인마
7316|벽화
7317|일회용
7318|초상화
7319|구속하다
7320|줄넘기
7321|여신
7322|비틀다
7323|연
7324|싱겁다
7325|흥얼거리다
7326|현명하다
7327|상단
7328|거세다
7329|느려지다
7330|장병
7331|금품
7332|크로스
7333|힘없이
7334|푸드
7335|애완동물
7336|우뚝
7337|쇼핑하다
7338|털썩
7339|특보
7340|비행하다
7341|만찬
7342|납작하다
7343|레디
7344|강수량
7345|분홍
7346|폐쇄
7347|무어
7348|낯
7349|위장하다
7350|모텔
7351|짊어지다
7352|관행
7353|스펀지
7354|공화국
7355|웃돌다
7356|땅바닥
7357|오스트리아
7358|엘리트
7359|정수
7360|가슴
7361|좇다
7362|눈꺼풀
7363|죄수
7364|도심
7365|크리에이터
7366|하구
7367|동원되다
7368|밤낮
7369|인디
7370|들이닥치다
7371|방어하다
7372|사업장
7373|피지컬
7374|안도하다
7375|핏줄
7376|잘
7377|안색
7378|민간인
7379|물다
7380|샤워하다
7381|등교하다
7382|그해
7383|심호흡
7384|삼키다
7385|차선
7386|그럭저럭
7387|주춤하다
7388|그깟
7389|곡물
7390|고집하다
7391|종합적
7392|엔
7393|모스크바
7394|포도
7395|행렬
7396|잡음
7397|뺏기다
7398|디스크
7399|내쫓다
7400|이펙트
7401|부패
7402|의도하다
7403|면하다
7404|휘파람
7405|마음가짐
7406|실현하다
7407|봉봉
7408|언급되다
7409|종이컵
7410|조치하다
7411|소설가
7412|핀란드
7413|모녀
7414|유학생
7415|고발
7416|연예계
7417|조합하다
7418|윙크
7419|타일
7420|코웃음
7421|졸업생
7422|킥
7423|언젠가
7424|꿈속
7425|개조하다
7426|킬러
7427|해제하다
7428|폐지하다
7429|오븐
7430|수육
7431|발명
7432|잡채
7433|캐시
7434|행사장
7435|입주
7436|듀어
7437|사생활
7438|수출하다
7439|한국
7440|비위
7441|셔터
7442|환기
7443|철학자
7444|부총리
7445|재차
7446|옥순
7447|분자
7448|자비
7449|나인
7450|불어넣다
7451|주기적
7452|건빵
7453|팔뚝
7454|버즈
7455|먹거리
7456|토너
7457|대법관
7458|엉
7459|저승
7460|앞서가다
7461|하품
7462|차질
7463|애착
7464|군중
7465|항소심
7466|쪼끔
7467|부끄러워하다
7468|풍자
7469|트레이닝
7470|어선
7471|하이라이터
7472|지어내다
7473|아마추어
7474|속출하다
7475|쌍둥이
7476|갈라지다
7477|샤넬
7478|연예
7479|전시장
7480|할다
7481|광
7482|들판
7483|생소하다
7484|찌그러지다
7485|노크
7486|국민적
7487|예언자
7488|득점
7489|부피
7490|캐리
7491|오래가다
7492|스펜서
7493|맞붙다
7494|돌려놓다
7495|테라스
7496|탁탁
7497|미련
7498|베스트셀러
7499|어려워하다
7500|화끈하다
7501|완성도
7502|재개
7503|청원
7504|기름기
7505|보존하다
7506|헤드폰
7507|비치다
7508|원유
7509|선대위
7510|체격
7511|돼다
7512|어김없이
7513|주둥이
7514|배포
7515|네팔
7516|회피하다
7517|지껄이다
7518|두근두근
7519|기습
7520|정서
7521|속초
7522|신세계
7523|충고
7524|안전벨트
7525|개헌
7526|밑바닥
7527|무산되다
7528|입건하다
7529|거듭나다
7530|야식
7531|생크림
7532|꽃다발
7533|담요
7534|손상되다
7535|섬유
7536|위생
7537|곡선
7538|야경
7539|용산
7540|변신
7541|풀어지다
7542|선포
7543|발행하다
7544|지휘관
7545|신용
7546|더워지다
7547|잡초
7548|수강생
7549|작곡
7550|족발
7551|성국
7552|한여름
7553|두바이
7554|보고되다
7555|연약하다
7556|거부감
7557|이송되다
7558|회계
7559|주차되다
7560|녹차
7561|소문나다
7562|침해하다
7563|디젤
7564|스미스
7565|잇
7566|실망시키다
7567|계층
7568|말썽
7569|알루미늄
7570|리튬
7571|와사비
7572|주먹밥
7573|탈모
7574|정착하다
7575|아보카도
7576|체질
7577|냠냠
7578|동화책
7579|선출되다
7580|학업
7581|매기다
7582|풍요롭다
7583|보안
7584|허술하다
7585|양보
7586|짧아지다
7587|방해
7588|수차례
7589|초창기
7590|넷째
7591|미역
7592|패밀리
7593|세팅하다
7594|스위트
7595|과잉
7596|선뜻
7597|기괴하다
7598|반란
7599|업로드
7600|취직하다
7601|돌파
7602|치유
7603|줄거리
7604|오싹하다
7605|굳히다
7606|오케스트라
7607|귀중하다
7608|강좌
7609|팬텀
7610|태연하다
7611|견제
7612|의학
7613|날아들다
7614|청사
7615|끝없다
7616|가난
7617|넵
7618|냅다
7619|발의하다
7620|팔레스타인
7621|엉키다
7622|취임하다
7623|방사능
7624|왕조
7625|느슨하다
7626|생사
7627|늙은이
7628|타투
7629|방송사
7630|뜯어내다
7631|부리
7632|거액
7633|빗물
7634|체결하다
7635|소인
7636|찜질방
7637|만족감
7638|테두리
7639|침입
7640|임대
7641|본토
7642|로그
7643|아우터
7644|컨트롤러
7645|가로지르다
7646|진행자
7647|절친
7648|원어민
7649|수호자
7650|설계되다
7651|키다
7652|센티미터
7653|부활
7654|사교육
7655|긴박하다
7656|생존하다
7657|부치다
7658|들이쉬다
7659|커브
7660|명작
7661|때우다
7662|서럽다
7663|보행자
7664|미녀
7665|화장하다
7666|회원국
7667|두리번거리다
7668|초원
7669|저장되다
7670|찬란하다
7671|뒷받침하다
7672|각지
7673|특수하다
7674|중지
7675|폭죽
7676|찰떡
7677|한가득
7678|딱딱
7679|잠재력
7680|싱싱하다
7681|완벽히
7682|삽
7683|두드러지다
7684|시편
7685|기척
7686|뻔히
7687|재개되다
7688|꿀벌
7689|모듈
7690|소박하다
7691|전년
7692|처참하다
7693|대도시
7694|제롬
7695|신병
7696|여행객
7697|농산물
7698|용품
7699|시리얼
7700|간략하다
7701|담보
7702|폭로
7703|관측하다
7704|수돗물
7705|체코
7706|형량
7707|건너다
7708|매
7709|도덕적
7710|부품
7711|들이밀다
7712|계
7713|보안관
7714|전액
7715|어필하다
7716|항공편
7717|터무니없다
7718|캔디
7719|뿌옇다
7720|실망스럽다
7721|근접하다
7722|온기
7723|가담하다
7724|서핑
7725|냄새나다
7726|깨뜨리다
7727|특권
7728|방수
7729|의제
7730|단편
7731|자라나다
7732|신생아
7733|강원
7734|무의미하다
7735|구조되다
7736|일화
7737|바디
7738|폭력적
7739|우측
7740|관련자
7741|위상
7742|루이스
7743|일깨우다
7744|비유하다
7745|참석자
7746|행진
7747|일컫다
7748|변동
7749|늪
7750|독자적
7751|깜찍하다
7752|근원
7753|소방차
7754|창의성
7755|윤기
7756|척척
7757|팡팡
7758|공교롭다
7759|우두머리
7760|아참
7761|정수리
7762|파격적
7763|고학년
7764|순수
7765|추후
7766|표명하다
7767|접근성
7768|경찰차
7769|멱살
7770|노숙자
7771|임팩트
7772|조직원
7773|야망
7774|기념식
7775|왕복
7776|되물다
7777|택
7778|감시하다
7779|공사장
7780|지하실
7781|시사하다
7782|해파리
7783|자수하다
7784|이념
7785|불만
7786|통영
7787|연기되다
7788|미술
7789|깨끗해지다
7790|진압
7791|양갱
7792|소비하다
7793|중독되다
7794|잔혹하다
7795|레바논
7796|짓밟다
7797|맞
7798|시뻘겋다
7799|호흡기
7800|부지런히
7801|숯
7802|화해하다
7803|준비물
7804|페이
7805|벌
7806|생수
7807|본성
7808|하이볼
7809|흐뭇하다
7810|램프
7811|수증기
7812|외투
7813|큰소리
7814|무덤
7815|거래소
7816|기금
7817|뒤돌아보다
7818|협약
7819|윗부분
7820|연방
7821|보급
7822|볶음
7823|펑크
7824|원자
7825|네모
7826|접종하다
7827|공습
7828|방문객
7829|백두산
7830|짜장
7831|존중
7832|각별하다
7833|교양
7834|동양
7835|싱크대
7836|주차하다
7837|엄두
7838|물어뜯다
7839|민주화
7840|습도
7841|조심조심
7842|밀려나다
7843|퍼블리셔
7844|깨다
7845|웹사이트
7846|씬
7847|살벌하다
7848|카지노
7849|한낮
7850|보건소
7851|앞치마
7852|파견하다
7853|안테나
7854|수영복
7855|납치되다
7856|마비되다
7857|전쟁터
7858|자본
7859|펑펑
7860|민트
7861|박람회
7862|술잔
7863|동사
7864|투약
7865|유혹하다
7866|폭격
7867|구겨지다
7868|운행하다
7869|할인하다
7870|라마
7871|블라인드
7872|뒷부분
7873|탐험하다
7874|손맛
7875|카테고리
7876|후유증
7877|공조
7878|궐
7879|비비
7880|단짝
7881|동요
7882|소속되다
7883|밥집
7884|존경
7885|뜬금없이
7886|검다
7887|나라
7888|출생
7889|오메
7890|악물다
7891|계집
7892|소심하다
7893|뻣뻣하다
7894|대치
7895|음모
7896|본론
7897|걘
7898|벨벳
7899|미아
7900|사후
7901|리키
7902|따듯하다
7903|둥둥
7904|쳇
7905|그사이
7906|앙
7907|귀국
7908|슈퍼맨
7909|마땅히
7910|수학여행
7911|딛다
7912|들기름
7913|안정감
7914|평점
7915|팬데믹
7916|스파게티
7917|친분
7918|견제하다
7919|마비
7920|응답
7921|만능
7922|게으르다
7923|매달다
7924|소유자
7925|아재
7926|모리스
7927|꼬치
7928|대포
7929|배틀
7930|수집
7931|풍미
7932|쫄다
7933|도주하다
7934|매끈하다
7935|닭발
7936|쇼크
7937|로망
7938|반기다
7939|기류
7940|복싱
7941|벼락
7942|그리하다
7943|일찌감치
7944|내전
7945|행태
7946|테크
7947|오죽하다
7948|독립적
7949|열악하다
7950|부추
7951|햄스터
7952|프랑스어
7953|함량
7954|파손되다
7955|빛내다
7956|앰프
7957|조성되다
7958|악인
7959|뒤쫓다
7960|우르르
7961|초인종
7962|메이
7963|체형
7964|신하
7965|가로채다
7966|고령
7967|미드
7968|전까지
7969|신전
7970|반주
7971|후원금
7972|내각
7973|불평
7974|선조
7975|여의도
7976|위축되다
7977|국과수
7978|기종
7979|녹화하다
7980|반영
7981|녹취
7982|예보되다
7983|노리다
7984|벤츠
7985|수확하다
7986|학력
7987|때마침
7988|빈자리
7989|비서
7990|미나리
7991|합당하다
7992|비스트
7993|맡아보다
7994|용지
7995|정글
7996|하늘색
7997|보육원
7998|덫
7999|큼직하다
8000|신체적
8001|종합하다
8002|지미
8003|최상
8004|협업
8005|불구속
8006|무대
8007|투구
8008|빌런
8009|몸싸움
8010|연관성
8011|크레인
8012|입사하다
8013|억제하다
8014|캡
8015|누룽지
8016|한정되다
8017|자네
8018|제작사
8019|초월하다
8020|버겁다
8021|웅성거리다
8022|등산
8023|따다
8024|두려움
8025|그때그때
8026|굴리다
8027|복사
8028|상담하다
8029|대망
8030|신도
8031|그럴싸하다
8032|호스
8033|뿜어내다
8034|고약하다
8035|침공
8036|목도리
8037|밀착
8038|산모
8039|경영권
8040|화내다
8041|고스트
8042|메이저
8043|복사하다
8044|보장되다
8045|기내식
8046|당당히
8047|모션
8048|겉모습
8049|헤드
8050|소신
8051|통역
8052|선지자
8053|수저
8054|파크
8055|드라이
8056|생태
8057|합성
8058|발상
8059|제조업
8060|포비
8061|경애
8062|반격
8063|거침없이
8064|아쉬워하다
8065|아테네
8066|공략
8067|줄줄
8068|대중적
8069|빌라
8070|팀워크
8071|주일
8072|장화
8073|서다
8074|수족관
8075|찰칵
8076|선호
8077|꽝
8078|유가
8079|콧소리
8080|헤어스타일
8081|용납하다
8082|쇼츠
8083|원주
8084|그러니까
8085|최첨단
8086|노른자
8087|침낭
8088|캠퍼스
8089|선로
8090|풍속
8091|솔루션
8092|사회생활
8093|수익률
8094|수면제
8095|챗
8096|적시다
8097|팔로우
8098|휘말리다
8099|용암
8100|종전
8101|아들
8102|연령대
8103|혼인하다
8104|바싹
8105|규리하다
8106|호들갑
8107|발전소
8108|암흑
8109|매각
8110|가벼워지다
8111|어저께
8112|집요하다
8113|서명하다
8114|얄밉다
8115|체조
8116|흠집
8117|갈비뼈
8118|발밑
8119|발행
8120|찬반
8121|습격
8122|포테이토
8123|돌연
8124|기술자
8125|히
8126|사상자
8127|민폐
8128|트릭
8129|가로
8130|제외되다
8131|병역
8132|보정
8133|뉘앙스
8134|생쥐
8135|불꽃놀이
8136|미친년
8137|개최되다
8138|명동
8139|소련
8140|미용
8141|수산물
8142|파자마
8143|취직
8144|건축가
8145|강당
8146|파견
8147|밤새다
8148|제한적
8149|만끽하다
8150|짭짤하다
8151|허무하다
8152|규칙적
8153|종말
8154|앵무새
8155|인선
8156|수홍
8157|순방
8158|움찔하다
8159|흑백
8160|부들부들
8161|태그
8162|쳐들어오다
8163|울컥하다
8164|감자튀김
8165|개시
8166|길쭉하다
8167|동점
8168|공통적
8169|공모하다
8170|횃불
8171|오른팔
8172|급여
8173|이목구비
8174|리트
8175|피다
8176|인공위성
8177|성규
8178|보완
8179|추진
8180|주범
8181|자릿수
8182|기념일
8183|빙빙
8184|기각되다
8185|롱
8186|아일릿
8187|을지문덕
8188|광채
8189|드워프
8190|장기간
8191|중점
8192|칠레
8193|염색하다
8194|얻어먹다
8195|기각
8196|조수석
8197|베테랑
8198|붕대
8199|망설이다
8200|더러워지다
8201|느그
8202|광재
8203|펜싱
8204|겁내다
8205|앞서다
8206|정통
8207|출혈
8208|수수
8209|공략하다
8210|성큼성큼
8211|폭설
8212|전방
8213|회전하다
8214|모닥불
8215|정오
8216|꾹꾹
8217|색소
8218|공터
8219|낙타
8220|총수
8221|커피숍
8222|지탱하다
8223|초래하다
8224|잠정
8225|타겟
8226|육
8227|작
8228|저물다
8229|집계
8230|김장
8231|외교적
8232|호다
8233|검증하다
8234|슈퍼스타
8235|불이익
8236|관계없이
8237|먹
8238|무전기
8239|보유
8240|보도되다
8241|로키
8242|보충하다
8243|광고하다
8244|인맥
8245|서사
8246|다이빙
8247|매트리스
8248|펌프
8249|품위
8250|점잖다
8251|무소속
8252|날아오르다
8253|시차
8254|의인
8255|빗줄기
8256|삐삐
8257|트리플
8258|무고하다
8259|퍼뜩
8260|잉글랜드
8261|씨름
8262|공통
8263|스트라이크
8264|되살리다
8265|중립
8266|근력
8267|당직
8268|전례
8269|짝사랑
8270|솔로
8271|포함
8272|들여보내다
8273|베끼다
8274|주도권
8275|사양하다
8276|암
8277|브로커
8278|우체국
8279|이용되다
8280|임박하다
8281|소환
8282|트레이
8283|가계
8284|철새
8285|호떡
8286|법인
8287|난로
8288|성전
8289|염려하다
8290|최적
8291|차곡차곡
8292|떠보다
8293|인위적
8294|제어하다
8295|의사소통
8296|출산율
8297|자회사
8298|낚싯대
8299|원정
8300|항
8301|잠수
8302|젓다
8303|이민자
8304|정서적
8305|관료
8306|진도
8307|빵빵하다
8308|오스틴
8309|찬찬히
8310|간섭
8311|읊다
8312|수줍다
8313|막바지
8314|개방
8315|이탈하다
8316|뒷자리
8317|손오공
8318|인트로
8319|근황
8320|위협적
8321|귀가하다
8322|싫어지다
8323|거창하다
8324|머지않다
8325|출퇴근
8326|분해하다
8327|추진되다
8328|위대하다
8329|프린팅
8330|틸러
8331|북극곰
8332|광범위하다
8333|개개인
8334|장래
8335|무책임하다
8336|규명
8337|환불
8338|의약품
8339|크리드
8340|노랫소리
8341|은색
8342|질주하다
8343|더럽히다
8344|무거워지다
8345|출국하다
8346|로이터
8347|힘입다
8348|라이딩
8349|사용법
8350|허전하다
8351|선녀
8352|추임새
8353|깍두기
8354|방향성
8355|해소되다
8356|만지작거리다
8357|티비
8358|활력
8359|드러눕다
8360|감돌다
8361|제보하다
8362|좁아지다
8363|시리우스
8364|막강하다
8365|예금
8366|교직원
8367|케첩
8368|플러팅
8369|서울역
8370|곡식
8371|내걸다
8372|초보자
8373|회사원
8374|당뇨
8375|년전
8376|청장
8377|인상하다
8378|아으
8379|성취
8380|병행하다
8381|쏘아보다
8382|내부적
8383|골
8384|앞날
8385|적성
8386|취지
8387|과반
8388|산길
8389|자리하다
8390|안도
8391|댄서
8392|부자연스럽다
8393|홍차
8394|거구
8395|희승
8396|한마음
8397|찻잔
8398|생리
8399|표심
8400|엿
8401|타협
8402|채택
8403|발령
8404|불공평하다
8405|나약하다
8406|기껏
8407|난장판
8408|수동
8409|과
8410|뒷좌석
8411|뛰쳐나가다
8412|긁히다
8413|견과류
8414|수거하다
8415|유능하다
8416|움츠리다
8417|타자
8418|스포
8419|밀접하다
8420|애비
8421|급등하다
8422|와플
8423|굶주리다
8424|태세
8425|정상화
8426|위조
8427|불투명하다
8428|퍼레이드
8429|온천
8430|훼손
8431|앗싸
8432|견고하다
8433|꾸리다
8434|온실가스
8435|침입자
8436|교과
8437|명탐정
8438|발라드
8439|왕족
8440|합법적
8441|저편
8442|템
8443|미끄럼틀
8444|낚다
8445|준수하다
8446|폭언
8447|할매
8448|평택
8449|우선순위
8450|갖가지
8451|네모나다
8452|허수아비
8453|불평하다
8454|바이크
8455|호두
8456|거주
8457|잠자코
8458|방면
8459|수술실
8460|아이참
8461|맞닿다
8462|되돌아오다
8463|과장되다
8464|평안
8465|습하다
8466|창업자
8467|수작
8468|발명하다
8469|말리
8470|꼬박꼬박
8471|소독
8472|밀리다
8473|신데렐라
8474|오버하다
8475|기일
8476|데스
8477|잽싸다
8478|섹스
8479|쿵쿵
8480|감식
8481|무의식
8482|덩달다
8483|무궁화
8484|송편
8485|저축
8486|왁스
8487|특별법
8488|루루
8489|화들짝
8490|진학하다
8491|독재
8492|허허
8493|순종하다
8494|국토
8495|시늉
8496|보답하다
8497|멸망
8498|슈퍼마켓
8499|기름
8500|개조
8501|패션쇼
8502|음색
8503|조급하다
8504|사무소
8505|멤버십
8506|그다음
8507|않
8508|찬양하다
8509|물통
8510|로브
8511|개척하다
8512|이맘때
8513|발령되다
8514|항해
8515|친정
8516|할렐루야
8517|울프
8518|포장지
8519|광희
8520|실상
8521|뒹굴다
8522|보관
8523|낙지
8524|캐치
8525|대담하다
8526|중전
8527|사계절
8528|포도주
8529|대항하다
8530|문제집
8531|냅두다
8532|모욕
8533|끈기
8534|철원
8535|종교적
8536|엣지
8537|스코틀랜드
8538|탈색
8539|이즈
8540|꿈틀거리다
8541|발표회
8542|웜
8543|훈장
8544|섣불리
8545|낚시하다
8546|중식
8547|아프가니스탄
8548|침수되다
8549|거세지다
8550|치코
8551|향상되다
8552|레이드
8553|강타하다
8554|의구심
8555|시설물
8556|팡
8557|무시
8558|항복하다
8559|고층
8560|최연소
8561|번식
8562|불법적
8563|향신료
8564|비꼬다
8565|심판하다
8566|쓱쓱
8567|감방
8568|수조
8569|공존하다
8570|원전
8571|당나귀
8572|조약
8573|반납하다
8574|블랙리스트
8575|요트
8576|문어
8577|벤
8578|문화유산
8579|메이드
8580|피크
8581|텍스처
8582|넘나들다
8583|로펌
8584|발효되다
8585|주력하다
8586|모범
8587|투표율
8588|식은땀
8589|희생되다
8590|직구
8591|강조되다
8592|첩보
8593|쫓기다
8594|클립
8595|무릅쓰다
8596|혁신적
8597|지뢰
8598|어스
8599|우위
8600|총성
8601|메이커
8602|제외
8603|금상
8604|맨손
8605|뒤흔들다
8606|농가
8607|비스킷
8608|정녕
8609|엘리자베스
8610|정의롭다
8611|눈살
8612|목회
8613|수의사
8614|세세하다
8615|라벨
8616|엔터
8617|거짓말쟁이
8618|몽골
8619|걸음
8620|활기
8621|변형
8622|범하다
8623|평균적
8624|펑
8625|눈매
8626|올라서다
8627|부과되다
8628|난방
8629|연세
8630|쟈
8631|읏차
8632|소집하다
8633|깡통
8634|장부
8635|신기록
8636|보일러
8637|연승
8638|무의식적
8639|해체하다
8640|차단
8641|라즈베리
8642|맞대다
8643|부
8644|타이
8645|참새
8646|철회
8647|취임식
8648|노비
8649|임하다
8650|단자
8651|당첨자
8652|신경전
8653|브로콜리
8654|몰아붙이다
8655|당면
8656|실명
8657|보수적
8658|와이드
8659|침팬지
8660|패다
8661|떠다니다
8662|무용
8663|입사
8664|보이스
8665|국방
8666|이곳저곳
8667|뒤엉키다
8668|동향
8669|쏘리
8670|한옥
8671|케어
8672|독성
8673|수제
8674|뒤처지다
8675|가엾다
8676|마카롱
8677|거르다
8678|제트
8679|추궁하다
8680|방영되다
8681|훔쳐보다
8682|해역
8683|잘살다
8684|뛰쳐나오다
8685|벗
8686|진정되다
8687|전형
8688|빈손
8689|선택권
8690|콧구멍
8691|염소
8692|추다
8693|소용돌이
8694|다짜고짜
8695|헤헤
8696|덕후
8697|툴
8698|토비
8699|부지런하다
8700|비자금
8701|벌리다
8702|타코
8703|여고생
8704|증권사
8705|어리다
8706|싹싹
8707|브라보
8708|장모
8709|숙녀
8710|마스코트
8711|균열
8712|실리다
8713|프로그래밍
8714|기생
8715|등심
8716|하루아침
8717|조롱하다
8718|자본주의
8719|실정
8720|미스트
8721|주차
8722|개구쟁이
8723|코코아
8724|토로하다
8725|방화
8726|예뻐하다
8727|보습
8728|케이블카
8729|규탄하다
8730|주력
8731|과금
8732|절약
8733|신축
8734|다시마
8735|날씬하다
8736|우표
8737|자수
8738|재빠르다
8739|북상하다
8740|득표율
8741|달그락거리다
8742|스토킹
8743|전문점
8744|소질
8745|화질
8746|건너뛰다
8747|청탁
8748|뜻깊다
8749|스카우트
8750|대강
8751|요약
8752|등록금
8753|정거장
8754|실형
8755|침략
8756|멎다
8757|욥
8758|대세
8759|치밀다
8760|공감대
8761|대주주
8762|자연스레
8763|보상하다
8764|협치
8765|영철
8766|빈틈
8767|전환되다
8768|윤리
8769|수량
8770|애당초
8771|수평
8772|입김
8773|대립
8774|허용
8775|지구촌
8776|보증
8777|먹잇감
8778|해녀
8779|얻어맞다
8780|거래되다
8781|정규직
8782|내던지다
8783|사고방식
8784|재발
8785|운동선수
8786|탄압
8787|헬리콥터
8788|장난스럽다
8789|농담하다
8790|팬덤
8791|드럽다
8792|문항
8793|수여하다
8794|대머리
8795|변
8796|전구
8797|생성되다
8798|술병
8799|꽁지
8800|원본
8801|청명
8802|공고
8803|쌈장
8804|파키스탄
8805|평가되다
8806|메뚜기
8807|커리어
8808|멍멍
8809|청국장
8810|세례
8811|지원되다
8812|임상
8813|독립운동
8814|가발
8815|기승
8816|선교
8817|즉각적
8818|예선
8819|세면대
8820|실체
8821|헤드셋
8822|흐름
8823|틈틈이
8824|매다
8825|단거리
8826|추경
8827|멋쟁이
8828|합체
8829|본질적
8830|시험지
8831|은사
8832|연구자
8833|상위권
8834|경비병
8835|뚝딱
8836|실현
8837|반사
8838|카타르
8839|아인슈타인
8840|부류
8841|넘버
8842|좌절
8843|강자
8844|도통
8845|유적지
8846|명언
8847|거북이
8848|스파르타
8849|활성화되다
8850|여관
8851|물리
8852|차려입다
8853|조율하다
8854|분양가
8855|낚아채다
8856|더듬이
8857|팬케이크
8858|배신
8859|선자
8860|락
8861|발매하다
8862|컨트롤하다
8863|스페인어
8864|초음파
8865|고종
8866|위헌
8867|소극적
8868|이행하다
8869|사과드리다
8870|파출소
8871|헬스
8872|까치
8873|호의
8874|숨결
8875|전등
8876|기력
8877|폭넓다
8878|모순
8879|외교관
8880|단디
8881|호선
8882|세차다
8883|홱
8884|오케
8885|낙하산
8886|거점
8887|테크닉
8888|천연기념물
8889|새누리당
8890|스크롤
8891|명사
8892|코코
8893|괴상하다
8894|철제
8895|주점
8896|양옆
8897|개인전
8898|집게
8899|자아내다
8900|사우나
8901|분위기
8902|백과사전
8903|교묘하다
8904|팔로워
8905|고양
8906|여태껏
8907|코피
8908|감동하다
8909|감촉
8910|등대
8911|가오루
8912|안동
8913|찜찜하다
8914|얼룩
8915|어루만지다
8916|상관하다
8917|서리
8918|펴지다
8919|유출
8920|집행하다
8921|런
8922|짜내다
8923|벌벌
8924|집어삼키다
8925|배설물
8926|쿠
8927|전격
8928|원칙적
8929|해바라기
8930|전문성
8931|대장장이
8932|복합적
8933|결투
8934|발굴하다
8935|모드다
8936|우주인
8937|엎어지다
8938|파랗다
8939|하사
8940|꽃가루
8941|스토리텔링
8942|감기다
8943|매입
8944|성급하다
8945|공급되다
8946|김씨
8947|장시간
8948|앰버
8949|뽕
8950|엿새
8951|서커스
8952|초과하다
8953|쾌감
8954|기술력
8955|아지트
8956|들여놓다
8957|휘어지다
8958|무지하다
8959|재물
8960|침범하다
8961|처박히다
8962|전철
8963|격하다
8964|짙어지다
8965|합격자
8966|깎이다
8967|음향
8968|대변하다
8969|짝퉁
8970|도둑질
8971|싸이
8972|정성껏
8973|구리하시
8974|덜컥
8975|통조림
8976|직감
8977|고사리
8978|신자
8979|낱말
8980|거위
8981|검거
8982|자상하다
8983|망상
8984|시세
8985|집무실
8986|영양소
8987|기울다
8988|혹독하다
8989|영입하다
8990|거들다
8991|머리칼
8992|발급
8993|마취
8994|빵빵
8995|미흡하다
8996|홍조
8997|출판
8998|이재민
8999|입양하다
9000|배드민턴
9001|승인하다
9002|미키
9003|정중하다
9004|이어받다
9005|부풀리다
9006|기점
9007|본연
9008|외상
9009|획기적
9010|흘러들다
9011|작물
9012|단말기
9013|탁하다
9014|사부님
9015|유충
9016|훌쩍이다
9017|현대적
9018|의결
9019|대금
9020|전학생
9021|브릿지
9022|식용유
9023|집합
9024|패스하다
9025|고수하다
9026|연고
9027|인칭
9028|금화
9029|하마
9030|들어차다
9031|클로버
9032|몰아쉬다
9033|재채기
9034|질색
9035|선행
9036|달그락
9037|프리랜서
9038|화살표
9039|비린내
9040|운전기사
9041|설명서
9042|연유
9043|영양분
9044|실습
9045|검거하다
9046|스캔
9047|스퀘어
9048|빗나가다
9049|변명하다
9050|푸른색
9051|탐구하다
9052|까꿍
9053|줄무늬
9054|네티즌
9055|정전
9056|케이
9057|삭제되다
9058|너그럽다
9059|여행사
9060|동부
9061|괴성
9062|녹이다
9063|모의고사
9064|재즈
9065|탐나다
9066|휘둘리다
9067|병동
9068|실마리
9069|호구
9070|대다
9071|따름
9072|정음
9073|성희롱
9074|면제
9075|초대장
9076|승제
9077|도적
9078|바비큐
9079|내비게이션
9080|탕후루
9081|욕먹다
9082|부추기다
9083|매입하다
9084|혈흔
9085|점퍼
9086|엑스포
9087|종료하다
9088|경쟁률
9089|가득차다
9090|전성기
9091|피겨
9092|대로
9093|침체
9094|타이머
9095|지퍼
9096|간밤
9097|세레
9098|웨이팅
9099|회의실
9100|하프
9101|후쿠오카
9102|낙서
9103|저출산
9104|저승사자
9105|농작물
9106|석상
9107|창조
9108|복용하다
9109|전동
9110|쓴웃음
9111|원화
9112|신문사
9113|변경되다
9114|지각하다
9115|모종
9116|신인
9117|어렴풋이
9118|스웨터
9119|암석
9120|엉터리
9121|회담
9122|포옹
9123|충주
9124|후다닥
9125|코끝
9126|휘다
9127|발코니
9128|재활용하다
9129|고기압
9130|직관적
9131|개비
9132|시각적
9133|평등하다
9134|제로
9135|속셈
9136|군단
9137|심문
9138|고되다
9139|소용
9140|왜곡
9141|연기자
9142|해맑다
9143|성취감
9144|뒷문
9145|금지
9146|협동
9147|수다
9148|여배우
9149|슬롯
9150|수제비
9151|퇴원
9152|주전자
9153|외적
9154|밟히다
9155|버너
9156|가로수
9157|하노이
9158|물리다
9159|마시멜로
9160|단축
9161|발부하다
9162|맞닥뜨리다
9163|출간되다
9164|침투하다
9165|근방
9166|길목
9167|형식적
9168|고체
9169|휩쓸리다
9170|교환
9171|방송되다
9172|진단하다
9173|입증
9174|후려치다
9175|발음하다
9176|운반하다
9177|손질
9178|근로
9179|조직적
9180|바르셀로나
9181|솜사탕
9182|영광스럽다
9183|통상적
9184|셸리
9185|비밀스럽다
9186|소량
9187|사신
9188|동국
9189|징후
9190|피노키오
9191|당혹스럽다
9192|장바구니
9193|정품
9194|제시되다
9195|표본
9196|선발하다
9197|대유행
9198|생명력
9199|보태다
9200|터치하다
9201|위너
9202|추이
9203|아날로그
9204|잘리다
9205|끄집어내다
9206|연안
9207|발판
9208|섭외하다
9209|슈
9210|좌절하다
9211|배포하다
9212|스윙
9213|손짓하다
9214|마누라
9215|봉사하다
9216|육체적
9217|판단되다
9218|불신
9219|승부욕
9220|부친
9221|맛나다
9222|흉내
9223|프롬
9224|쌍꺼풀
9225|유리병
9226|골키퍼
9227|운석
9228|일관되다
9229|프로그래머
9230|콜롬비아
9231|초과
9232|강력히
9233|노벨
9234|초장
9235|비버
9236|토종
9237|나중
9238|전개되다
9239|금색
9240|전문의
9241|미숙하다
9242|불타오르다
9243|관찰
9244|치료비
9245|제복
9246|고민되다
9247|마루
9248|기울이다
9249|발동하다
9250|비정규직
9251|스킨십
9252|중심지
9253|가르마
9254|눈알
9255|이튿날
9256|씻기다
9257|물리학
9258|노랗다
9259|들러붙다
9260|걸음걸이
9261|황소
9262|잡수다
9263|번호판
9264|올여름
9265|콱
9266|주간
9267|원금
9268|밀실
9269|맑아지다
9270|대검찰청
9271|목성
9272|길바닥
9273|날렵하다
9274|자잘하다
9275|왕좌
9276|코리
9277|전설적
9278|관상
9279|궁녀
9280|들이다
9281|쳐지다
9282|얼추
9283|보잉
9284|눈여겨보다
9285|견학
9286|미만
9287|해나다
9288|적금
9289|머리띠
9290|아그네스
9291|수녀
9292|이제껏
9293|칼집
9294|버프
9295|단골
9296|달님
9297|가이드라인
9298|두꺼비
9299|소셜
9300|데우다
9301|낭만적
9302|외압
9303|늘어뜨리다
9304|다윈
9305|낫
9306|빙긋
9307|원소
9308|우스꽝스럽다
9309|독창적
9310|하버드
9311|실감하다
9312|나폴레옹
9313|모세
9314|중독성
9315|실용적
9316|확장되다
9317|최고급
9318|국립
9319|신혼여행
9320|결핍
9321|축소하다
9322|도성
9323|한구석
9324|학위
9325|곰팡이
9326|날라가다
9327|목재
9328|국보
9329|생전
9330|구미호
9331|세탁소
9332|촬영되다
9333|왕세자
9334|커리큘럼
9335|세안
9336|철거하다
9337|포유류
9338|조형물
9339|규명하다
9340|연회
9341|주역
9342|재배하다
9343|사우디아라비아
9344|마찰
9345|열심
9346|기어이
9347|선경
9348|벽난로
9349|데드
9350|벌어들이다
9351|정의하다
9352|앤드
9353|힘없다
9354|본문
9355|태자
9356|후식
9357|중계
9358|틀어박히다
9359|부합하다
9360|아차
9361|크리스티
9362|필라테스
9363|으르렁거리다
9364|스카프
9365|고깃집
9366|일부분
9367|성대모사
9368|감찰
9369|바이킹
9370|스쿠터
9371|떳떳하다
9372|선고되다
9373|실시
9374|원자력
9375|열망
9376|탁구
9377|쫄깃쫄깃하다
9378|쫀득하다
9379|오락실
9380|요구르트
9381|성수
9382|귀염둥이
9383|빽빽하다
9384|엔드
9385|스팟
9386|불확실성
9387|빗소리
9388|다큐
9389|복무
9390|틀어막다
9391|식히다
9392|못살다
9393|뒤돌다
9394|쉬
9395|명백히
9396|후딱
9397|깊숙하다
9398|흑자
9399|오래간만
9400|써지다
9401|공소장
9402|대체적
9403|앵콜
9404|시럽
9405|안목
9406|마다
9407|대수롭다
9408|새싹
9409|폐쇄하다
9410|황자
9411|가늘다
9412|몸값
9413|볼펜
9414|토막
9415|영입
9416|계획적
9417|발버둥
9418|애잔하다
9419|체구
9420|마중
9421|부스터
9422|장착되다
9423|패
9424|채찍
9425|몸뚱이
9426|팩스
9427|새까맣다
9428|빙고
9429|홀로그램
9430|설교하다
9431|추모하다
9432|피리
9433|유산균
9434|야산
9435|최대치
9436|애굽
9437|부담되다
9438|반듯하다
9439|창구
9440|관측되다
9441|원한
9442|고시원
9443|돌돌
9444|유후
9445|원동력
9446|삼총사
9447|잔디밭
9448|씌다
9449|흘려보내다
9450|공군
9451|따분하다
9452|회화
9453|야수
9454|강수
9455|단기간
9456|올리브유
9457|스파이크
9458|브릭
9459|관문
9460|쪼그리다
9461|연출되다
9462|리얼하다
9463|답다
9464|찌꺼기
9465|거처
9466|선의
9467|동거
9468|제작비
9469|완화되다
9470|땋다
9471|세컨드
9472|숙주
9473|붉어지다
9474|부분적
9475|암시하다
9476|시공
9477|필기
9478|닉
9479|사각지대
9480|미지근하다
9481|테리
9482|안부
9483|뒤꿈치
9484|부서
9485|끄덕이다
9486|양주
9487|내수
9488|체크인
9489|치우치다
9490|걷히다
9491|좋
9492|사이코패스
9493|통치하다
9494|갸웃하다
9495|붕괴되다
9496|모자이크
9497|빙
9498|녹아내리다
9499|유인하다
9500|레지던트
9501|자작
9502|당정
9503|학계
9504|때려치우다
9505|훤히
9506|플렉스
9507|아득하다
9508|예술적
9509|이름표
9510|한적하다
9511|족장
9512|앞발
9513|유행어
9514|파묻히다
9515|신혼부부
9516|교도관
9517|질의
9518|전과자
9519|강가
9520|역부족
9521|보관되다
9522|퍼트
9523|나이프
9524|흔쾌히
9525|아나운서
9526|험악하다
9527|일축하다
9528|동공
9529|자아
9530|굴뚝
9531|새소리
9532|새삼스럽다
9533|가운
9534|릴레이
9535|총괄
9536|시크하다
9537|한국사
9538|상렬
9539|거느리다
9540|양궁
9541|슬픔
9542|유감스럽다
9543|숏
9544|가제트
9545|협곡
9546|깜짝하다
9547|빙하
9548|신박하다
9549|저지하다
9550|놓아두다
9551|아련하다
9552|연계하다
9553|갈비찜
9554|파밍
9555|금복
9556|꼬박
9557|사법부
9558|효자
9559|기량
9560|되새기다
9561|감지되다
9562|올리
9563|고슴도치
9564|자사
9565|힐끗
9566|먹구름
9567|개정하다
9568|숯불
9569|산부인과
9570|산림
9571|색채
9572|시끌벅적하다
9573|까칠하다
9574|요양원
9575|패거리
9576|권장하다
9577|폐기하다
9578|사놓다
9579|면세점
9580|리프트
9581|중량
9582|귀요미
9583|비눗방울
9584|찬양
9585|배신감
9586|젊음
9587|성화
9588|옹호하다
9589|배웅하다
9590|특급
9591|구출하다
9592|설악산
9593|뀌다
9594|찧다
9595|끌어내리다
9596|탈레반
9597|대리석
9598|원로
9599|쇠
9600|개방하다
9601|그린
9602|불분명하다
9603|그이
9604|승강장
9605|불참하다
9606|지름길
9607|학
9608|로우
9609|슬라이드
9610|이너
9611|수익금
9612|무뚝뚝하다
9613|숟갈
9614|동행
9615|좌측
9616|학창
9617|업주
9618|풍기다
9619|중복
9620|꿈나무
9621|핑
9622|학번
9623|헌신하다
9624|추출하다
9625|덮개
9626|소모
9627|운전사
9628|붕
9629|공정성
9630|두텁다
9631|몰아넣다
9632|소환되다
9633|민간
9634|송이
9635|투약하다
9636|빅토리아
9637|가동하다
9638|붐
9639|평안하다
9640|우드
9641|컨설팅
9642|특색
9643|동백
9644|무인도
9645|모색하다
9646|빌미
9647|걸터앉다
9648|신음하다
9649|산포
9650|표명
9651|비정상적
9652|둘레
9653|응응
9654|후루룩
9655|앞길
9656|포드
9657|타이트하다
9658|인지도
9659|평지
9660|기부금
9661|앵글
9662|결
9663|나트륨
9664|알갱이
9665|입체적
9666|동식물
9667|노화
9668|문의하다
9669|군데군데
9670|순차적
9671|세밀하다
9672|정복
9673|가오리
9674|본선
9675|과언
9676|생략하다
9677|성사되다
9678|좆
9679|맞아떨어지다
9680|소피아
9681|꿰매다
9682|촘촘하다
9683|남짓
9684|음력
9685|파김치
9686|축하
9687|메타버스
9688|야구장
9689|어른스럽다
9690|역경
9691|양육비
9692|임직원
9693|질리다
9694|토양
9695|하시
9696|총파업
9697|평하다
9698|옆면
9699|학점
9700|관계없다
9701|자몽
9702|애원하다
9703|탈당
9704|중위
9705|테일러
9706|사냥감
9707|품절
9708|증오하다
9709|걍
9710|아크
9711|별일
9712|취득하다
9713|검거되다
9714|여력
9715|엄밀히
9716|줄리엣
9717|분열
9718|총비서
9719|끓어오르다
9720|발매되다
9721|삼계탕
9722|사죄
9723|건너오다
9724|수배
9725|화음
9726|결의안
9727|정지되다
9728|식혜
9729|부르짖다
9730|붉히다
9731|인기척
9732|음악회
9733|자연적
9734|내리막길
9735|습격하다
9736|국가적
9737|따라붙다
9738|이행
9739|양평
9740|약초
9741|약품
9742|정세
9743|사이먼
9744|멀미
9745|외관
9746|성형
9747|커다랗다
9748|나노
9749|물소리
9750|에스컬레이터
9751|무전
9752|묘
9753|진학
9754|화단
9755|엄지손가락
9756|낯익다
9757|로맨틱하다
9758|솔로몬
9759|직선
9760|차분히
9761|정화
9762|절약하다
9763|선출하다
9764|덮밥
9765|관념
9766|독하다
9767|승려
9768|네네
9769|안내문
9770|주지사
9771|깃들다
9772|잡아먹히다
9773|하이브리드
9774|포로
9775|후련하다
9776|윗선
9777|오르막길
9778|끈끈하다
9779|동등하다
9780|캔버스
9781|해골
9782|쏙쏙
9783|등지
9784|옆쪽
9785|불출마
9786|피에로
9787|캠핑하다
9788|마수
9789|밉다
9790|드립
9791|으이구
9792|멘토
9793|내딛다
9794|손꼽히다
9795|누그러지다
9796|성탄절
9797|휘청거리다
9798|비현실적
9799|거취
9800|물음표
9801|항복
9802|벌집
9803|칼슘
9804|잊히다
9805|대략적
9806|전념하다
9807|종류별
9808|숙이다
9809|아침밥
9810|조작되다
9811|세탁하다
9812|실현되다
9813|내보다
9814|이론적
9815|상실하다
9816|갈증
9817|방도
9818|결의
9819|뺑소니
9820|채용하다
9821|겨를
9822|근래
9823|치켜들다
9824|정시
9825|간접적
9826|가만두다
9827|새콤하다
9828|전류
9829|밤중
9830|어금니
9831|붉은기
9832|재계약
9833|거북
9834|메다
9835|굉음
9836|아스팔트
9837|가습기
9838|양양
9839|도톰하다
9840|버림받다
9841|교민
9842|금빛
9843|여백
9844|복구하다
9845|압수하다
9846|딸내미
9847|그라운드
9848|충족하다
9849|디스코
9850|볼링
9851|파우더
9852|새미
9853|옷걸이
9854|단속하다
9855|버럭
9856|나으
9857|샘
9858|토드
9859|허리케인
9860|만족시키다
9861|무자비하다
9862|축구공
9863|코알라
9864|유토
9865|페어링
9866|끌어오다
9867|가리비
9868|심리학
9869|짠하다
9870|혈액형
9871|퇴근길
9872|재치
9873|컵케이크
9874|데스크
9875|상주
9876|홍삼
9877|공휴일
9878|하단
9879|슈터
9880|모바일
9881|입문하다
9882|화사
9883|회의하다
9884|곱씹다
9885|유언
9886|참신하다
9887|대수
9888|기각하다
9889|달구다
9890|왕창
9891|죄악
9892|국화
9893|전자
9894|듀오
9895|회수
9896|동결
9897|갑판
9898|연상
9899|발령하다
9900|안면
9901|빈소
9902|혁
9903|탐구
9904|취업하다
9905|다그치다
9906|충성하다
9907|선체
9908|기한
9909|재배
9910|소행
9911|시사
9912|알프스
9913|정직
9914|무표정하다
9915|토네이도
9916|우편물
9917|적절히
9918|흡수되다
9919|고전
9920|장막
9921|잠재우다
9922|전송하다
9923|단발
9924|목욕하다
9925|해커
9926|건전하다
9927|고삐
9928|허가하다
9929|소지품
9930|연초
9931|악화
9932|무분별하다
9933|토성
9934|부잣집
9935|부축하다
9936|승합차
9937|쾌락
9938|석방
9939|현지인
9940|극우
9941|성의
9942|고독
9943|탐욕
9944|중간고사
9945|마지못하다
9946|한곳
9947|원내
9948|족속
9949|태아
9950|효율성
9951|불상
9952|매칭
9953|입증되다
9954|오묘하다
9955|반론
9956|대결하다
9957|판매자
9958|균일하다
9959|자성
9960|짓거리
9961|값지다
9962|위엄
9963|클럭
9964|우여곡절
9965|섭
9966|신빙성
9967|이남
9968|독후감
9969|물류
9970|공문
9971|사회자
9972|원점
9973|사회주의
9974|알록달록하다
9975|찬사
9976|건성
9977|연차
9978|파충류
9979|효소
9980|풀밭
9981|제대로
9982|봉우리
9983|파프리카
9984|교차로
9985|마일
9986|중국집
9987|방사
9988|루카
9989|안심시키다
9990|확보되다
9991|몰아가다
9992|촉감
9993|반사적
9994|수령
9995|투숙객
9996|정조
9997|커뮤니케이션
9998|다이애나
9999|중상
10000|똑똑
10001|다스리다
10002|탑재되다
10003|사각형
10004|기증하다
10005|죽여주다
10006|기록적
10007|줄임말
10008|저격
10009|철도
10010|로프
10011|초라하다
10012|쓴맛
10013|감축
10014|신변
10015|다잡다
10016|드리우다
10017|유력
10018|손목시계
10019|순환
10020|고독하다
10021|사고력
10022|밥그릇
10023|흡사하다
10024|호소
10025|운전대
10026|공용
10027|민들레
10028|총괄하다
10029|입장권
10030|긁적이다
10031|꼬미
10032|메이크업하다
10033|확연히
10034|공판
10035|재심
10036|사의
10037|넓이
10038|전진하다
10039|수표
10040|왕궁
10041|부제
10042|질주
10043|조합원
10044|거스르다
10045|난관
10046|흠칫
10047|한잔
10048|구분되다
10049|예절
10050|오지랖
10051|포탄
10052|쳐들다
10053|배짱
10054|아이언
10055|스파
10056|명곡
10057|풀어놓다
10058|브
10059|무작위
10060|강국
10061|발작
10062|치유하다
10063|색연필
10064|교육하다
10065|체스
10066|은빛
10067|새것
10068|불확실하다
10069|파병
10070|병기
10071|통통
10072|지배자
10073|스트랩
10074|만장일치
10075|뒷
10076|종사하다
10077|분이
10078|매형
10079|숨통
10080|간증
10081|성적표
10082|대마
10083|송화
10084|사용량
10085|글짓기
10086|영업하다
10087|잡스
10088|두루마리
10089|장식장
10090|의결하다
10091|뮤트
10092|파견되다
10093|간첩
10094|전시관
10095|열광하다
10096|레슨
10097|산더미
10098|반나절
10099|메인보드
10100|영등포구
10101|환각
10102|강경
10103|순전히
10104|베이글
10105|동해
10106|증가세
10107|회견
10108|논하다
10109|화원
10110|좌표
10111|이용객
10112|물병
10113|태권도
10114|타령
10115|야야
10116|발동
10117|내리쬐다
10118|로사
10119|후퇴하다
10120|번영
10121|진통제
10122|장터
10123|악보
10124|하녀
10125|아랑곳하다
10126|유니버스
10127|엉엉
10128|나토
10129|티저
10130|압도하다
10131|시크릿
10132|심경
10133|호스트
10134|주입하다
10135|후각
10136|성게
10137|연동
10138|주권
10139|연도
10140|흙탕물
10141|심각성
10142|수억
10143|행인
10144|차별하다
10145|생산성
10146|진동하다
10147|앞자리
10148|시내버스
10149|비극적
10150|대권
10151|섬기다
10152|유품
10153|제각각
10154|마니아
10155|룸메이트
10156|파문
10157|음악가
10158|고령화
10159|꾸러기
10160|졸음
10161|태산
10162|뒤틀리다
10163|영희
10164|교단
10165|수도원
10166|악순환
10167|온난화
10168|고귀하다
10169|비늘
10170|따로따로
10171|소유권
10172|접전
10173|회피
10174|압축
10175|기억되다
10176|눈깔
10177|직책
10178|필
10179|유치원생
10180|위법
10181|땀
10182|걸림돌
10183|이슬
10184|초심
10185|선발되다
10186|불의
10187|성도
10188|팔아먹다
10189|몰아주다
10190|페리
10191|야근
10192|왜곡되다
10193|둘러대다
10194|동동
10195|요구되다
10196|신정
10197|노동력
10198|음산하다
10199|옆방
10200|보충
10201|도덕
10202|미지수
10203|부릅뜨다
10204|조화롭다
10205|통일하다
10206|시집가다
10207|보소
10208|호위
10209|경유
10210|모욕하다
10211|재택근무
10212|부시
10213|낙동강
10214|가정집
10215|흩날리다
10216|단무지
10217|빈집
10218|의무적
10219|스타디움
10220|구현
10221|혼돈
10222|스키장
10223|철학적
10224|공복
10225|워킹
10226|레이싱
10227|열중하다
10228|미세하다
10229|경영진
10230|춘희
10231|수학적
10232|특사
10233|장양
10234|성지
10235|파주
10236|퇴직금
10237|평판
10238|휴게실
10239|복습
10240|지칭하다
10241|상궁
10242|맹렬하다
10243|교관
10244|올바르다
10245|감미롭다
10246|슬그머니
10247|토사
10248|상권
10249|단
10250|야시장
10251|으스스하다
10252|독일어
10253|경악하다
10254|예컨대
10255|진실하다
10256|거머쥐다
10257|접점
10258|벼슬
10259|계약금
10260|다운되다
10261|끼얹다
10262|어지간하다
10263|텀블러
10264|떠나보내다
10265|꿈쩍
10266|의향
10267|매물
10268|애타다
10269|참되다
10270|피카소
10271|주부
10272|물놀이
10273|허점
10274|애틋하다
10275|장인어른
10276|죗값
10277|꽃밭
10278|메시지
10279|판결문
10280|잿빛
10281|증거물
10282|물줄기
10283|풍습
10284|카르텔
10285|획
10286|연계
10287|우박
10288|은신처
10289|나침반
10290|비구
10291|반사되다
10292|이태리
10293|발등
10294|총력
10295|부착하다
10296|이모부
10297|수련회
10298|리셋
10299|표기하다
10300|강성
10301|저소득층
10302|들어맞다
10303|조율
10304|설립되다
10305|완수하다
10306|탤런트
10307|아치
10308|정성스럽다
10309|알렉산더
10310|갈리다
10311|상세
10312|독보적
10313|상속
10314|슈팅
10315|종자
10316|통합하다
10317|포털
10318|본업
10319|순진하다
10320|쳐내다
10321|년차
10322|최우선
10323|치아
10324|즙
10325|청각
10326|내디디다
10327|머릿결
10328|감수성
10329|광산
10330|앞면
10331|슬로건
10332|밤비
10333|심사평
10334|내적
10335|사실적
10336|참외
10337|광복
10338|려
10339|레슬링
10340|마네킹
10341|연주자
10342|떠들썩하다
10343|김태현
10344|미래
10345|정밀하다
10346|지그시
10347|동정
10348|소요되다
10349|전개하다
10350|기계적
10351|제지하다
10352|별빛
10353|프라임
10354|윈스턴
10355|안도감
10356|서부
10357|상황실
10358|턱없이
10359|극한
10360|양산
10361|액정
10362|스틸
10363|뇌리
10364|수강
10365|제물
10366|화력
10367|도피
10368|인사말
10369|구조대원
10370|티슈
10371|매치하다
10372|스터디
10373|연상시키다
10374|요만하다
10375|고혈압
10376|바람피우다
10377|퇴사
10378|재화
10379|현기증
10380|우연하다
10381|체감하다
10382|단체전
10383|여행자
10384|멀리하다
10385|허겁지겁
10386|담벼락
10387|도내
10388|세이브
10389|부팅
10390|모로코
10391|도청
10392|심히
10393|학살
10394|기어오르다
10395|싱글
10396|성읍
10397|탑재하다
10398|신당
10399|비자
10400|개뿔
10401|항생제
10402|어댑터
10403|대국
10404|험난하다
10405|사과문
10406|시베리아
10407|전도사
10408|점주
10409|해설
10410|배제
10411|여운
10412|지리
10413|시그널
10414|석영
10415|아귀
10416|식료품
10417|쌀밥
10418|맞받다
10419|륜
10420|고흐
10421|자제
10422|폭동
10423|역동적
10424|배구
10425|세리머니
10426|사마귀
10427|부르르
10428|헤치다
10429|콧대
10430|마찰음
10431|식중독
10432|긴밀하다
10433|초딩
10434|상급
10435|폐암
10436|생후
10437|상표
10438|장단점
10439|승계
10440|번화가
10441|단면
10442|시방
10443|시국
10444|절망적
10445|무도회
10446|판결하다
10447|보따리
10448|애칭
10449|약사
10450|정신력
10451|과실
10452|강세
10453|개설하다
10454|봉독하다
10455|되돌아보다
10456|리콜
10457|토익
10458|어수선하다
10459|동남아시아
10460|별말씀
10461|증가시키다
10462|논평
10463|하루빨리
10464|인싸
10465|매스
10466|게일
10467|후우
10468|부각
10469|국감
10470|기질
10471|게이
10472|엄니
10473|소멸
10474|교무실
10475|차렷
10476|휠
10477|공손하다
10478|영옥
10479|전술
10480|근디
10481|용식
10482|상영
10483|습득하다
10484|청량하다
10485|세차하다
10486|상업
10487|배열
10488|치료법
10489|랑
10490|목줄
10491|알약
10492|화합
10493|관습
10494|라벤더
10495|퇴직
10496|솥
10497|압박감
10498|얼큰하다
10499|혈통
10500|스커트
10501|필로폰
10502|출입하다
10503|보상금
10504|유전적
10505|시리
10506|유도
10507|모퉁이
10508|상향
10509|일가족
10510|우회전
10511|함수
10512|신속히
10513|트
10514|육개장
10515|안장
10516|다급히
10517|백운
10518|예매
10519|한겨울
10520|대꾸
10521|품격
10522|대화방
10523|옥
10524|뿌리치다
10525|강변
10526|필자
10527|재생하다
10528|입체
10529|키위
10530|독해력
10531|가이
10532|개막식
10533|편지
10534|에헤
10535|주꾸미
10536|시식
10537|향긋하다
10538|승관
10539|레인보우
10540|롤
10541|디스
10542|증명되다
10543|루프
10544|건전지
10545|무명
10546|꾸짖다
10547|히말라야
10548|별채
10549|현영
10550|이식하다
10551|머리통
10552|국악
10553|수액
10554|에미
10555|회개하다
10556|취업자
10557|당론
10558|기대치
10559|거절당하다
10560|메꾸다
10561|동포
10562|일쑤
10563|학비
10564|격
10565|부두
10566|산산조각
10567|뻗치다
10568|맞벌이
10569|까투리
10570|올빼미
10571|눈초리
10572|면모
10573|커트
10574|행시
10575|순찰차
10576|계산대
10577|뒤로하다
10578|군복
10579|절망하다
10580|신문지
10581|프로세스
10582|전화벨
10583|바삭바삭하다
10584|제보자
10585|발각되다
10586|출제
10587|소재
10588|소견
10589|잎사귀
10590|초소
10591|유효하다
10592|언행
10593|괴짜
10594|물총
10595|출연료
10596|교대
10597|권유하다
10598|공로
10599|처지다
10600|자객
10601|검열
10602|차가워지다
10603|탐색
10604|수업하다
10605|빡빡하다
10606|생일날
10607|선입견
10608|불쾌감
10609|물약
10610|핸드
10611|부러뜨리다
10612|공익
10613|아기자기하다
10614|매출액
10615|운송
10616|방구석
10617|학사
10618|살며시
10619|봄날
10620|타임
10621|쿠바
10622|지휘자
10623|와
10624|희귀
10625|셋업
10626|출소하다
10627|가전제품
10628|통나무
10629|좌회전
10630|이파리
10631|쏘아붙이다
10632|유모
10633|재확인하다
10634|조커
10635|양육
10636|혓바닥
10637|배정
10638|완만하다
10639|무식하다
10640|성직자
10641|빽
10642|케미
10643|짓누르다
10644|파
10645|발언하다
10646|침몰하다
10647|이방인
10648|합류
10649|플립
10650|배출
10651|인내
10652|중재
10653|홍도
10654|순천
10655|대표작
10656|기능성
10657|정당성
10658|지향하다
10659|퓨즈
10660|이전하다
10661|채도
10662|사무엘
10663|누드
10664|미사
10665|막장
10666|대입
10667|온실
10668|구상하다
10669|군무
10670|운용
10671|양해
10672|동호회
10673|단언하다
10674|성공시키다
10675|샤오
10676|상업적
10677|탐내다
10678|본받다
10679|겉옷
10680|환불하다
10681|랜턴
10682|내려오다
10683|애플리케이션
10684|시시하다
10685|돗자리
10686|찬바람
10687|주관적
10688|벤치마크
10689|제육볶음
10690|맘껏
10691|소유주
10692|관자놀이
10693|이륙하다
10694|신맛
10695|미리미리
10696|눈보라
10697|교토
10698|위기감
10699|대피소
10700|탈퇴
10701|명호
10702|텁텁하다
10703|이래저래
10704|폐업
10705|루스
10706|고령자
10707|얼버무리다
10708|만취
10709|군부대
10710|행세
10711|발끈하다
10712|대역
10713|서신
10714|중고차
10715|승패
10716|질량
10717|항암
10718|흑
10719|요가
10720|해먹
10721|올리버
10722|메마르다
10723|등불
10724|여개
10725|콜린
10726|성장기
10727|리오
10728|강호
10729|빼앗기다
10730|돌연변이
10731|옹주
10732|되짚다
10733|탈당하다
10734|무수히
10735|미라
10736|규제하다
10737|윙
10738|국자
10739|못다
10740|무차별
10741|포트폴리오
10742|스케치북
10743|분유
10744|개막하다
10745|감쪽같이
10746|분배
10747|불거지다
10748|렌터카
10749|연패
10750|라이즈
10751|확성기
10752|단호박
10753|자책하다
10754|유엔
10755|한산하다
10756|전파되다
10757|시원시원하다
10758|수축
10759|아낌없이
10760|드로잉
10761|코디하다
10762|전갈
10763|원두
10764|에녹
10765|방황하다
10766|비례
10767|등받이
10768|경계심
10769|항공권
10770|발레
10771|하염없이
10772|폭풍우
10773|덤벼들다
10774|로미오
10775|물살
10776|업히다
10777|지느러미
10778|아이러니하다
10779|정한
10780|바느질
10781|과격하다
10782|산초
10783|꾸벅
10784|복제하다
10785|반말하다
10786|엿듣다
10787|질끈
10788|딱하다
10789|분비
10790|따끔하다
10791|황홀하다
10792|셔틀
10793|습성
10794|실효성
10795|랜드
10796|휴양지
10797|벽지
10798|제도적
10799|딥
10800|합참
10801|칼칼하다
10802|산타클로스
10803|스킨
10804|스타킹
10805|애드리브
10806|무상
10807|베이컨
10808|제정
10809|선인장
10810|삑
10811|동요하다
10812|본적
10813|인쇄
10814|부임하다
10815|포장되다
10816|채무
10817|시야
10818|복면
10819|어워드
10820|체류
10821|도모하다
10822|전송
10823|겁주다
10824|울퉁불퉁하다
10825|만회하다
10826|끌어내다
10827|사진작가
10828|진통
10829|콩쿠르
10830|계속적
10831|무기력하다
10832|외할아버지
10833|곤경
10834|축구장
10835|사업하다
10836|시사회
10837|해저
10838|콜
10839|포장마차
10840|퇴장
10841|부작
10842|수립
10843|응가
10844|데치다
10845|슝
10846|해고하다
10847|순발력
10848|사역
10849|유통되다
10850|역력하다
10851|농약
10852|화창하다
10853|수긍하다
10854|조미료
10855|기왕
10856|노사
10857|끈질기다
10858|스타일리스트
10859|허세
10860|묽다
10861|서적
10862|다빈치
10863|수치스럽다
10864|헤아리다
10865|까보다
10866|스테레오
10867|시간표
10868|빙그레
10869|히다카
10870|훈민
10871|화해
10872|창틀
10873|자크
10874|지다
10875|접착제
10876|이물질
10877|뽀얗다
10878|체인
10879|작업장
10880|장단
10881|대뜸
10882|미심쩍다
10883|생중계
10884|장신구
10885|스프링
10886|추상적
10887|가렵다
10888|거만하다
10889|튜토리얼
10890|후회되다
10891|대만
10892|숨어들다
10893|수감되다
10894|외형
10895|자원봉사자
10896|성대
10897|칼라
10898|도둑놈
10899|요일
10900|휘젓다
10901|편의
10902|해장
10903|퇴사하다
10904|채비
10905|다운
10906|하소
10907|박테리아
10908|손아귀
10909|제일
10910|탈북자
10911|학습지
10912|호평
10913|을다
10914|갈림길
10915|광택
10916|배출되다
10917|쿨러
10918|보랏빛
10919|총액
10920|쇼핑백
10921|시들다
10922|저기압
10923|도소
10924|부대찌개
10925|이동시키다
10926|운차
10927|판다
10928|응용하다
10929|추기경
10930|파멸
10931|맹세
10932|사이비
10933|형평성
10934|쫀득쫀득하다
10935|목장
10936|악의
10937|감행하다
10938|경례
10939|가장하다
10940|소리하다
10941|전파하다
10942|공학
10943|거장
10944|개장
10945|중산층
10946|동대문
10947|나옹
10948|당선자
10949|잡동사니
10950|칸막이
10951|부여잡다
10952|야간
10953|어민
10954|참혹하다
10955|고유
10956|가출하다
10957|벌컥
10958|수치심
10959|야아
10960|왼팔
10961|정지하다
10962|소멸하다
10963|유기농
10964|깨우치다
10965|히어로
10966|쥐어짜다
10967|전광판
10968|소액
10969|최상급
10970|맹수
10971|옆모습
10972|관내
10973|널브러지다
10974|수채화
10975|굴복하다
10976|가공
10977|자신만만하다
10978|투박하다
10979|마렵다
10980|조성하다
10981|치열
10982|상세하다
10983|값싸다
10984|대작
10985|동표
10986|처치하다
10987|미숙
10988|징
10989|전셋값
10990|실외
10991|리모델링
10992|모티브
10993|나치
10994|앙코르
10995|말벌
10996|송금
10997|장난꾸러기
10998|헤집다
10999|교활하다
11000|푸르다
11001|로딩
11002|미련하다
11003|맘
11004|내성
11005|입금하다
11006|멈칫하다
11007|제동
11008|제거되다
11009|에워싸다
11010|나무꾼
11011|뚜
11012|대명사
11013|간섭하다
11014|들끓다
11015|충족시키다
11016|목격되다
11017|건의하다
11018|탄산음료
11019|후퇴
11020|굴러다니다
11021|쟁반
11022|도약
11023|중환자실
11024|어버이날
11025|어처구니없다
11026|사녹
11027|포탈
11028|으뜸
11029|중환자
11030|말랑말랑하다
11031|방북
11032|절묘하다
11033|업장
11034|합창
11035|악영향
11036|덧바르다
11037|구부러지다
11038|퇴학
11039|튀김
11040|데이터베이스
11041|수당
11042|효능
11043|청중
11044|자처하다
11045|최장
11046|두리안
11047|현대인
11048|로스쿨
11049|김해
11050|왜곡하다
11051|어항
11052|공중전화
11053|은인
11054|동반자
11055|인센티브
11056|어지럽히다
11057|빌
11058|강의하다
11059|미궁
11060|보금자리
11061|피크닉
11062|격차
11063|발달되다
11064|그을리다
11065|송치하다
11066|철컥
11067|막무가내
11068|전봇대
11069|편법
11070|경계선
11071|나른하다
11072|욕심내다
11073|소식통
11074|웨스트
11075|엄연히
11076|조지다
11077|수학자
11078|검
11079|메모하다
11080|올겨울
11081|참담하다
11082|다케
11083|파일럿
11084|캥거루
11085|공구
11086|코뿔소
11087|남산
11088|제의
11089|제제
11090|끌어모으다
11091|부랴부랴
11092|쓰나미
11093|터전
11094|작곡하다
11095|악명
11096|형광등
11097|주눅
11098|남측
11099|피아니스트
11100|트리거
11101|솔솔
11102|구매자
11103|나위
11104|터득하다
11105|할인되다
11106|크리스털
11107|이송
11108|철근
11109|행진하다
11110|잠재적
11111|걸려들다
11112|작성되다
11113|낙원
11114|이특
11115|학폭
11116|템포
11117|제명
11118|포괄적
11119|내성적
11120|케어하다
11121|처치
11122|다가서다
11123|소홀하다
11124|다행스럽다
11125|소홀히
11126|말끝
11127|이성계
11128|신조어
11129|결합되다
11130|가맹점
11131|치타
11132|예고되다
11133|안양
11134|스파크
11135|겉보기
11136|자율적
11137|상류
11138|족보
11139|킹크랩
11140|시애틀
11141|개별적
11142|데미안
11143|유사
11144|후후
11145|그레이엄
11146|교차하다
11147|미미하다
11148|니코
11149|습관적
11150|차단되다
11151|성립
11152|논
11153|사옥
11154|붕어
11155|호주머니
11156|메시
11157|기껏해야
11158|고금리
11159|피로
11160|넘겨받다
11161|가평
11162|생방
11163|폭주하다
11164|몸살
11165|설문
11166|걸쭉하다
11167|건더기
11168|색조
11169|영롱하다
11170|가톨릭
11171|무슬림
11172|메아리치다
11173|처형
11174|악수하다
11175|공직
11176|상반되다
11177|야심
11178|적외선
11179|뻑뻑하다
11180|엑스레이
11181|아주아주
11182|에티오피아
11183|넘어뜨리다
11184|퉤
11185|범주
11186|침울하다
11187|수시
11188|반항하다
11189|현상금
11190|얹히다
11191|이해관계
11192|소울
11193|유모차
11194|내일모레
11195|쇠사슬
11196|딥하다
11197|사죄하다
11198|적대적
11199|살충제
11200|스럽다
11201|받아먹다
11202|징조
11203|뮤
11204|학용품
11205|독려하다
11206|출산하다
11207|쿡
11208|결실
11209|뒷다리
11210|탐사하다
11211|에스프레소
11212|처방하다
11213|펄쩍
11214|받아치다
11215|귀퉁이
11216|추진력
11217|파묻다
11218|폭발물
11219|세부적
11220|드르륵
11221|일관성
11222|기겁하다
11223|마티아스
11224|동경
11225|대장간
11226|베이
11227|맨체스터
11228|경제학
11229|나으리
11230|객석
11231|검찰청
11232|유비
11233|유서
11234|꾸러미
11235|복합
11236|피부색
11237|위인
11238|시종
11239|하물며
11240|반짝반짝하다
11241|궁지
11242|즐거움
11243|탐색하다
11244|폭주
11245|치우다
11246|거부
11247|광각
11248|청년층
11249|양초
11250|비장
11251|따끈따끈하다
11252|충동적
11253|다락방
11254|비키
11255|내공
11256|승진
11257|프리스타일
11258|총경
11259|중략
11260|번역가
11261|압수
11262|과징금
11263|숙취
11264|슈퍼히어로
11265|돌싱
11266|마구간
11267|돼야지
11268|의식적
11269|펄펄
11270|갑갑하다
11271|일루
11272|각질
11273|피로감
11274|타들다
11275|언제나
11276|막다르다
11277|소령
11278|퀵
11279|발굴되다
11280|경이롭다
11281|밋밋하다
11282|흥분되다
11283|철강
11284|희박하다
11285|개방되다
11286|골절
11287|내려치다
11288|끊임없다
11289|에세이
11290|탐사선
11291|우발적
11292|빡치다
11293|안락사
11294|눈감다
11295|중년
11296|업소
11297|품
11298|뒷산
11299|쏘다
11300|항로
11301|고충
11302|구리하다
11303|악용하다
11304|콧수염
11305|여종
11306|뷰러
11307|덥석
11308|구역질
11309|의롭다
11310|시무룩하다
11311|걷잡다
11312|입속
11313|딸아이
11314|구덩이
11315|항체
11316|검증되다
11317|대란
11318|아앙
11319|기말고사
11320|추격
11321|젓갈
11322|합창단
11323|상시
11324|송곳니
11325|화보
11326|프레스
11327|고심하다
11328|하하
11329|하다못해
11330|농촌
11331|용인
11332|발전되다
11333|별의별
11334|목동
11335|놀이동산
11336|과인
11337|무적
11338|고마
11339|기반하다
11340|글씨체
11341|기념관
11342|마음씨
11343|대견하다
11344|조업
11345|유연성
11346|쏟아붓다
11347|활발히
11348|채색
11349|가공하다
11350|유흥업소
11351|새파랗다
11352|자유자재
11353|선임하다
11354|걸작
11355|연장되다
11356|뒷걸음질
11357|짤
11358|어기다
11359|은폐하다
11360|당국자
11361|별똥별
11362|볼만하다
11363|난폭하다
11364|홋카이도
11365|입주하다
11366|아수라장
11367|연민
11368|섹션
11369|먹물
11370|이사하다
11371|우렁차다
11372|표준
11373|카니발
11374|헤즈볼라
11375|슬라임
11376|일삼다
11377|이륙
11378|교체되다
11379|매혹적
11380|밤새우다
11381|석양
11382|위급하다
11383|열등감
11384|홍주
11385|대여섯
11386|혼선
11387|심의
11388|친밀하다
11389|엄숙하다
11390|말다툼
11391|조지아
11392|밀라노
11393|스테이션
11394|리뉴얼
11395|엽서
11396|구조하다
11397|평등
11398|아픔
11399|입금
11400|시험장
11401|징역형
11402|마르다
11403|착착
11404|카자흐스탄
11405|소외되다
11406|워크숍
11407|우호적
11408|배역
11409|방아쇠
11410|다방
11411|전경
11412|기영
11413|알래스카
11414|두산
11415|창출
11416|실크
11417|임자
11418|즉흥적
11419|호각
11420|꽉꽉
11421|볕
11422|정정하다
11423|킬로그램
11424|미신
11425|부과
11426|뿌다
11427|일과
11428|피클
11429|민속놀이
11430|성균관
11431|슈가
11432|진열되다
11433|정비하다
11434|부시장
11435|직진하다
11436|콤보
11437|베일
11438|발의되다
11439|한진
11440|받침대
11441|너비
11442|기본기
11443|롤링
11444|고교생
11445|심란하다
11446|연주회
11447|내레이션
11448|고상하다
11449|하비
11450|언저리
11451|악재
11452|복종하다
11453|강아지
11454|출간하다
11455|끝장나다
11456|해방되다
11457|직위
11458|시한
11459|지체하다
11460|요점
11461|황금빛
11462|껌
11463|흡혈귀
11464|박모
11465|부스럭거리다
11466|대서양
11467|바게트
11468|용역
11469|기어가다
11470|낌새
11471|물리학자
11472|농민
11473|반감
11474|폭락하다
11475|나누어지다
11476|증정하다
11477|녹음기
11478|착오
11479|째려보다
11480|인덱스
11481|합성하다
11482|안티
11483|조롱
11484|형벌
11485|민주적
11486|주도적
11487|허둥지둥
11488|알몸
11489|기차역
11490|유포하다
11491|패러디
11492|동맹국
11493|슥
11494|숱하다
11495|달인
11496|장편
11497|몰골
11498|역전
11499|팻말
11500|스탠바이
11501|허름하다
11502|유출하다
11503|성스럽다
11504|휘날리다
11505|섭씨
11506|문고리
11507|육신
11508|집어치우다
11509|산만하다
11510|친문
11511|작동되다
11512|딜레이
11513|맘마
11514|벌금형
11515|승진하다
11516|변함없이
11517|백팩
11518|언짢다
11519|입학식
11520|법무
11521|심사하다
11522|식용
11523|뜨끈하다
11524|편성
11525|초안
11526|도보
11527|차례차례
11528|젖
11529|컬
11530|드림캐쳐
11531|반항
11532|나락
11533|보존되다
11534|생략
11535|방해되다
11536|장난기
11537|찹쌀
11538|불현듯
11539|끄트머리
11540|뜬금없다
11541|세무사
11542|설렁탕
11543|작정하다
11544|타협하다
11545|폐지되다
11546|솟아나다
11547|홍어
11548|유리문
11549|입건되다
11550|소집
11551|반문하다
11552|빠트리다
11553|프런트
11554|철없다
11555|뭉개다
11556|띵
11557|방문자
11558|밑줄
11559|삿포로
11560|낙태
11561|맞먹다
11562|비밀리
11563|우한
11564|책가방
11565|격리되다
11566|숨죽이다
11567|보강
11568|안타까워하다
11569|무턱대고
11570|버킷
11571|스코어
11572|우디
11573|교만하다
11574|매사
11575|허리띠
11576|휘감다
11577|프라이드
11578|케플러
11579|앞니
11580|삐지다
11581|판소리
11582|감당
11583|드레싱
11584|나지막하다
11585|킵
11586|하늘나라
11587|찬송하다
11588|승강기
11589|지목
11590|면목
11591|극단
11592|중독자
11593|보물찾기
11594|계획되다
11595|수거
11596|임의
11597|사슬
11598|트레킹
11599|코스프레
11600|어두컴컴하다
11601|발병
11602|기어코
11603|우편
11604|가결
11605|된장국
11606|대리인
11607|집계하다
11608|옷감
11609|황보
11610|더들리
11611|어필
11612|달랑
11613|부진
11614|칠면조
11615|일등석
11616|즈
11617|기득권
11618|내구성
11619|생성하다
11620|까만색
11621|잡티
11622|불면증
11623|고위급
11624|공산주의
11625|대용량
11626|마다가스카르
11627|특공대
11628|스토
11629|얇아지다
11630|울릉도
11631|울창하다
11632|수성
11633|소크라테스
11634|활성화하다
11635|다량
11636|끝마치다
11637|표식
11638|아가리
11639|기어들다
11640|큼지막하다
11641|판례
11642|영화배우
11643|천안
11644|배수
11645|박빙
11646|칙칙하다
11647|핏자국
11648|퍼트리다
11649|탈퇴하다
11650|스크래치
11651|사인하다
11652|해장국
11653|뉴비
11654|아우르다
11655|조마조마하다
11656|납품하다
11657|일렁이다
11658|촉수
11659|정사각형
11660|원자재
11661|설계도
11662|좌우하다
11663|참조
11664|말끔하다
11665|단행하다
11666|티라노사우루스
11667|쩍
11668|선착장
11669|제육
11670|무색하다
11671|수락하다
11672|비료
11673|조례
11674|가속
11675|충실히
11676|모찌
11677|한국적
11678|동치미
11679|이웃집
11680|개정되다
11681|시상
11682|의학적
11683|그지없다
11684|뉴턴
11685|축소되다
11686|술렁이다
11687|지도하다
11688|안마
11689|한결같다
11690|마포
11691|내장되다
11692|중대장
11693|제론
11694|곤혹스럽다
11695|나열하다
11696|앗아가다
11697|기지개
11698|허탈하다
11699|별미
11700|더없이
11701|경솔하다
11702|고인
11703|깡
11704|업자
11705|발부되다
11706|멍청이
11707|라오스
11708|비좁다
11709|스티로폼
11710|코러스
11711|하락세
11712|돌발
11713|호흡하다
11714|경각심
11715|추격하다
11716|배관
11717|소타
11718|인심
11719|구별
11720|싯다르타
11721|연하다
11722|쐬다
11723|급속도
11724|조바심
11725|쓰
11726|어림없다
11727|겹쳐지다
11728|천주교
11729|박동
11730|댓글러
11731|카리
11732|쏘
11733|인삼
11734|제치다
11735|파마
11736|프라이
11737|권력자
11738|선량하다
11739|투표소
11740|프리즘
11741|스캔하다
11742|창출하다
11743|포천
11744|휴가철
11745|보살
11746|이국적
11747|한약
11748|시끄다
11749|픽업
11750|정착
11751|촉각
11752|오락가락하다
11753|타락하다
11754|누룩
11755|처장
11756|금성
11757|운동복
11758|하얘지다
11759|패스트푸드
11760|브런치
11761|내러티브
11762|동창회
11763|하노
11764|도비
11765|운전면허
11766|입수
11767|가슴살
11768|자락
11769|세뱃돈
11770|간접
11771|장롱
11772|제방
11773|마드리드
11774|빠밤
11775|풍족하다
11776|구경꾼
11777|칠흑
11778|루마니아
11779|대추
11780|지렁이
11781|실생활
11782|성실히
11783|부스러기
11784|폐기되다
11785|차로
11786|비스듬히
11787|분통
11788|진압하다
11789|숱
11790|레코드
11791|진구
11792|셀럽
11793|산미
11794|모방하다
11795|짠맛
11796|해충
11797|찌질하다
11798|트림
11799|유언장
11800|훈련시키다
11801|긴급하다
11802|셀
11803|칭하다
11804|필리버스터
11805|마다하다
11806|겉절이
11807|흐
11808|순정
11809|고진하다
11810|빼빼
11811|비치
11812|피타
11813|간결하다
11814|음침하다
11815|무방하다
11816|짓궂다
11817|가결되다
11818|들추다
11819|맞잡다
11820|거제
11821|미로
11822|급감하다
11823|요동치다
11824|이토
11825|석사
11826|상세히
11827|금붕어
11828|망신
11829|부각되다
11830|돛
11831|문주
11832|별안간
11833|의무화하다
11834|타임머신
11835|강추
11836|몰라보다
11837|제단
11838|미행하다
11839|해롭다
11840|맥박
11841|성냥
11842|차적
11843|빗다
11844|와이
11845|메커니즘
11846|성문
11847|람
11848|투두
11849|출발점
11850|흡족하다
11851|기절
11852|구라
11853|인양
11854|등산로
11855|쓰레기
11856|할미
11857|집집
11858|금하다
11859|떠내려가다
11860|비웃음
11861|칭호
11862|권유
11863|아폴로
11864|배속
11865|녹음되다
11866|사은품
11867|수감
11868|채집
11869|랄랄라
11870|웨이드
11871|살금살금
11872|교전
11873|편차
11874|루키
11875|관리인
11876|찰싹
11877|종국
11878|기성
11879|게장
11880|레이블
11881|강박
11882|저주하다
11883|쓸어내리다
11884|냉큼
11885|스트리머
11886|비염
11887|그따위
11888|수순
11889|고단하다
11890|겉면
11891|인접하다
11892|주술사
11893|난주
11894|구현되다
11895|계시
11896|주임
11897|양호하다
11898|황상
11899|봉쇄하다
11900|법령
11901|공무
11902|잘다
11903|현타
11904|국가주석
11905|협상하다
11906|야곱
11907|연꽃
11908|아랫부분
11909|느릿느릿
11910|갸우뚱거리다
11911|내추럴
11912|쓴소리
11913|혼례
11914|태생
11915|블라우스
11916|오마카세
11917|기주
11918|우세하다
11919|먹통
11920|템플릿
11921|악역
11922|새우다
11923|폭파
11924|사회성
11925|남구
11926|으이그
11927|장식품
11928|인형극
11929|비형
11930|스리
11931|숙명
11932|산성
11933|왓
11934|감자탕
11935|철문
11936|국내산
11937|공포증
11938|평민
11939|원호
11940|켈리
11941|아담하다
11942|모차르트
11943|선상
11944|평강
11945|더빙
11946|영리하다
11947|지니다
11948|근거하다
11949|회상하다
11950|회계사
11951|황실
11952|사진관
11953|참견하다
11954|가세하다
11955|떠밀다
11956|수도꼭지
11957|독재자
11958|화답하다
11959|후방
11960|총독
11961|프린트
11962|구형하다
11963|해수
11964|발전기
11965|값비싸다
11966|티스푼
11967|튤립
11968|싱긋
11969|가지런히
11970|은밀히
11971|표범
11972|큰아버지
11973|탈탈
11974|메르스
11975|향기롭다
11976|몽둥이
11977|다이어트하다
11978|폐렴
11979|무용수
11980|성취하다
11981|썰
11982|증권
11983|설정되다
11984|들이대다
11985|생동감
11986|주식회사
11987|틱
11988|응모하다
11989|좌상
11990|트다
11991|관자
11992|당뇨병
11993|코미디언
11994|위화감
11995|바우
11996|후자
11997|특이
11998|요쪽
11999|멜론
12000|폭락
12001|해시태그
12002|마계
12003|위자료
12004|대공
12005|인디언
12006|버블
12007|사극
12008|제우스
12009|업그레이드하다
12010|움푹
12011|분담금
12012|숙성하다
12013|히스
12014|인식되다
12015|그라믄
12016|예리하다
12017|페이크
12018|미동
12019|건국
12020|푹푹
12021|고명
12022|분리수거
12023|농성
12024|산장
12025|시행착오
12026|쬐다
12027|웨이터
12028|교원
12029|희열
12030|적어지다
12031|족히
12032|보행
12033|발생시키다
12034|아토피
12035|좌파
12036|애도
12037|적정
12038|유골
12039|훗
12040|처남
12041|장욱
12042|휴직
12043|월북
12044|승마
12045|남용
12046|단조롭다
12047|동심
12048|국도
12049|유교
12050|자신하다
12051|탐험가
12052|프라이머
12053|방영
12054|슬기롭다
12055|은하계
12056|집어던지다
12057|포부
12058|색칠하다
12059|몰아내다
12060|끈적끈적하다
12061|스냅
12062|준결승
12063|방위
12064|탄생시키다
12065|살수
12066|공기업
12067|절레절레
12068|응답자
12069|꿀맛
12070|거래량
12071|진저
12072|겸손
12073|도움말
12074|고액
12075|동식
12076|질기다
12077|차익
12078|슬럼프
12079|처박다
12080|남녀노소
12081|하수구
12082|단상
12083|반값
12084|실력자
12085|대리점
12086|직결되다
12087|도령
12088|증정
12089|지배인
12090|배상하다
12091|시조
12092|모발
12093|아브라함
12094|장만하다
12095|데굴데굴
12096|이윤
12097|지체
12098|농협
12099|비석
12100|윷놀이
12101|케일리
12102|팟
12103|마귀
12104|공소
12105|그년
12106|힘세다
12107|무력하다
12108|오락
12109|시아버지
12110|훠궈
12111|들통나다
12112|변호
12113|방위비
12114|계통
12115|되뇌다
12116|전단
12117|돌잔치
12118|유생
12119|와트
12120|위권
12121|식습관
12122|변화되다
12123|쳐들어가다
12124|어그로
12125|재테크
12126|윤리적
12127|청구되다
12128|또박또박
12129|꼼꼼
12130|묶음
12131|소공
12132|인문학
12133|정확도
12134|버락
12135|밸리
12136|위탁
12137|난생처음
12138|동떨어지다
12139|한시적
12140|호적
12141|각성
12142|인강
12143|야하다
12144|입대하다
12145|학대하다
12146|환승
12147|어려움
12148|수강료
12149|이별하다
12150|양형
12151|리코더
12152|선수단
12153|담배꽁초
12154|매진하다
12155|지명하다
12156|배달되다
12157|고발장
12158|강추위
12159|근접
12160|경악
12161|최적화되다
12162|광선
12163|갈아주다
12164|유괴
12165|국채
12166|명부
12167|전과
12168|담임
12169|선택되다
12170|불황
12171|역병
12172|제출되다
12173|균
12174|빼곡하다
12175|익히
12176|땅값
12177|글귀
12178|군사력
12179|메아리
12180|르네상스
12181|큰형
12182|변함없다
12183|바이오스
12184|쨍하다
12185|음악적
12186|센트
12187|서로서로
12188|라이브러리
12189|공포감
12190|헥타르
12191|물증
12192|지배적
12193|빨아먹다
12194|자질
12195|구명조끼
12196|방정식
12197|주저
12198|정체되다
12199|지휘하다
12200|직설적
12201|불기소
12202|한둘
12203|아랍
12204|배달원
12205|휴업
12206|가디건
12207|쉽사리
12208|특화되다
12209|뭉클하다
12210|통닭
12211|조던
12212|국외
12213|소아과
12214|매몰되다
12215|신설하다
12216|비주류
12217|간수
12218|무모하다
12219|아물다
12220|교류하다
12221|전면적
12222|욱
12223|위약금
12224|뛰어놀다
12225|불평등
12226|유추하다
12227|토머스
12228|할로윈
12229|음방
12230|파파
12231|외장
12232|부패하다
12233|후원자
12234|스켈레톤
12235|활주로
12236|새끼손가락
12237|권세
12238|기린
12239|초교
12240|빨간불
12241|무찌르다
12242|이미지
12243|월터
12244|전격적
12245|공분
12246|증발하다
12247|변호하다
12248|단오
12249|스튜
12250|순찰
12251|뱃살
12252|조회하다
12253|블럭
12254|본점
12255|반성문
12256|대각선
12257|그미
12258|자궁
12259|그라데이션
12260|성급
12261|잇몸
12262|끝자락
12263|예측되다
12264|찌
12265|실망감
12266|고무줄
12267|이민
12268|수상쩍다
12269|열렬하다
12270|구토
12271|딸꾹질
12272|그립
12273|렘
12274|상대편
12275|판단력
12276|수풀
12277|인스턴트
12278|냉기
12279|바지락
12280|박씨
12281|돌파구
12282|격투
12283|관대하다
12284|동풍
12285|정계
12286|핸드백
12287|물질적
12288|꺼주다
12289|할퀴다
12290|돌덩이
12291|추격전
12292|듀엣
12293|여주인공
12294|호호
12295|스르륵
12296|친히
12297|스르르
12298|단종
12299|수립하다
12300|신뢰도
12301|큰길
12302|안산
12303|촉촉
12304|장구
12305|가나안
12306|방석
12307|부터
12308|감명
12309|재직
12310|지점장
12311|광활하다
12312|시간적
12313|흉측하다
12314|알록달록
12315|추산되다
12316|본격화하다
12317|빈번하다
12318|도배
12319|금융권
12320|폴더
12321|상습
12322|법조계
12323|리비아
12324|블랑
12325|참전
12326|인도적
12327|안정화
12328|년형
12329|두개골
12330|체결
12331|락토
12332|세차장
12333|브래드
12334|인상되다
12335|득
12336|끄다
12337|저마다
12338|편들다
12339|쟁이다
12340|곤란
12341|수놓다
12342|관례
12343|나뒹굴다
12344|모범생
12345|연합군
12346|해협
12347|명상하다
12348|경건하다
12349|독극물
12350|수용소
12351|남사친
12352|부메랑
12353|아가
12354|가시다
12355|노련하다
12356|웅얼거리다
12357|서빙
12358|인증하다
12359|반대되다
12360|상기시키다
12361|재구성하다
12362|귀뚜라미
12363|스크립트
12364|새카맣다
12365|류찬
12366|신발장
12367|원론적
12368|보쌈
12369|우월하다
12370|갸우뚱하다
12371|권능
12372|의복
12373|장식되다
12374|옷깃
12375|박살
12376|동정심
12377|라멘
12378|학회
12379|열기구
12380|꼭두각시
12381|영업시간
12382|이슬람교
12383|설거지하다
12384|챔피언십
12385|성립되다
12386|새집
12387|역모
12388|어부
12389|납품
12390|부결
12391|컬링
12392|예고편
12393|겨울잠
12394|맏형
12395|포브스
12396|하객
12397|골다
12398|올챙이
12399|보급하다
12400|으흠
12401|빈도
12402|진경
12403|참배하다
12404|퉁명스럽다
12405|우기다
12406|키오스크
12407|황금색
12408|파손
12409|먹을거리
12410|빗
12411|허구
12412|내란죄
12413|전세금
12414|머리채
12415|바베큐
12416|눈뜨다
12417|버무리다
12418|업데이트하다
12419|핏물
12420|창업하다
12421|엿보이다
12422|들깨
12423|표현력
12424|맞춤법
12425|복부
12426|도트
12427|형부
12428|에디슨
12429|페라리
12430|재선
12431|유심
12432|짤막하다
12433|한글날
12434|수희
12435|반도
12436|미행
12437|참깨
12438|토너먼트
12439|피닉스
12440|종이접기
12441|소폭
12442|서머
12443|뜯기다
12444|코스닥
12445|할멈
12446|나물
12447|대적하다
12448|명랑하다
12449|빈티지하다
12450|블레셋
12451|맨션
12452|너프
12453|본편
12454|누적되다
12455|국진
12456|규정되다
12457|게리
12458|서방님
12459|인멸
12460|텔레파시
12461|헌신
12462|얼룩지다
12463|졸졸
12464|처절하다
12465|평원
12466|함유되다
12467|서툴다
12468|쾌활하다
12469|마틴
12470|결혼식장
12471|굳건하다
12472|인방
12473|멸종하다
12474|강대국
12475|저격하다
12476|협업하다
12477|도둑맞다
12478|두유
12479|사칭하다
12480|대치하다
12481|꾀하다
12482|공통되다
12483|그까짓
12484|질색하다
12485|현미경
12486|삭
12487|당권
12488|브루클린
12489|노파
12490|썸네일
12491|급박하다
12492|패트릭
12493|라라
12494|미술품
12495|대립하다
12496|절감
12497|진위
12498|거역하다
12499|카운트
12500|조랑말
12501|대들다
12502|안성
12503|친절
12504|애호박
12505|목회자
12506|쪼개다
12507|둔하다
12508|서열
12509|덱
12510|묘사되다
12511|샛별
12512|꼬집
12513|개경
12514|량
12515|몰락
12516|폰트
12517|애국가
12518|변비
12519|수세미
12520|완공되다
12521|백업
12522|뒈지다
12523|고소장
12524|녹아들다
12525|인하
12526|맨홀
12527|발송하다
12528|듬직하다
12529|원지
12530|자연히
12531|치매
12532|적발하다
12533|참참참
12534|소모하다
12535|자영업
12536|육안
12537|암시
12538|내기하다
12539|갈고리
12540|강행
12541|북서쪽
12542|부상하다
12543|정갈하다
12544|직사각형
12545|고열
12546|계산기
12547|상부
12548|오아시스
12549|중점적
12550|점심때
12551|어명
12552|채식
12553|방바닥
12554|책자
12555|표면적
12556|연맹
12557|문구점
12558|표출하다
12559|퇴장하다
12560|항소
12561|얼떨결
12562|최대한
12563|소포
12564|얼라이언스
12565|소장하다
12566|관직
12567|찾아뵈다
12568|서평
12569|공격수
12570|쯧쯧
12571|체육복
12572|내려보다
12573|팥빙수
12574|수출액
12575|주의보
12576|대관령
12577|수군거리다
12578|쥐새끼
12579|합작
12580|빠듯하다
12581|내비
12582|아이티
12583|말아먹다
12584|퇴출
12585|건장하다
12586|충고하다
12587|대면하다
12588|코멘트
12589|모친
12590|널찍하다
12591|극대화하다
12592|전역하다
12593|치수
12594|후궁
12595|아스다
12596|어으
12597|치닫다
12598|다카
12599|계략
12600|블록체인
12601|살갗
12602|나발
12603|해체되다
12604|규격
12605|청첩장
12606|딤섬
12607|클래식하다
12608|임산부
12609|작자
12610|깍지
12611|실랑이
12612|명색
12613|흡연
12614|강요
12615|타월
12616|운세
12617|명암
12618|필통
12619|순탄하다
12620|분식집
12621|차도
12622|수비수
12623|변종
12624|과거사
12625|갑작스레
12626|복원되다
12627|계주
12628|포맷
12629|시녀
12630|낙
12631|이세영
12632|중요시하다
12633|전리품
12634|비슷비슷하다
12635|하류
12636|정균
12637|사케
12638|합계
12639|신경질적
12640|갭
12641|이산가족
12642|취약
12643|수리비
12644|완주
12645|산양
12646|리딩
12647|방파제
12648|잡아끌다
12649|득템하다
12650|약혼자
12651|보류하다
12652|비집다
12653|집대성
12654|마운트
12655|거리감
12656|처소
12657|은메달
12658|설화
12659|장세
12660|성장시키다
12661|뛰어나가다
12662|동조하다
12663|이의
12664|무제한
12665|선출
12666|압구정
12667|덩그러니
12668|단품
12669|후치
12670|기밀
12671|간과하다
12672|보잘것없다
12673|해저드
12674|암벽
12675|크롬
12676|당대
12677|아케이드
12678|잠입
12679|상아
12680|고물가
12681|물자
12682|단정
12683|콜럼버스
12684|모트
12685|랭크
12686|민중
12687|상견례
12688|로저
12689|광물
12690|밑반찬
12691|깎아내리다
12692|퉁퉁
12693|혈당
12694|계엄령
12695|촌장
12696|공제
12697|토르
12698|능가하다
12699|직속
12700|공황
12701|건설되다
12702|할배
12703|병원장
12704|해초
12705|동경하다
12706|런지
12707|머리털
12708|횟집
12709|이력서
12710|아리아
12711|세일하다
12712|공공장소
12713|봉구
12714|소독하다
12715|필연적
12716|잔액
12717|광명
12718|행복감
12719|결재
12720|라테
12721|체벌
12722|라스베이거스
12723|바코드
12724|안전띠
12725|마구잡이
12726|검진
12727|지난날
12728|검토되다
12729|리얼리티
12730|앙상하다
12731|개판
12732|콧노래
12733|포토샵
12734|맨몸
12735|나이지리아
12736|마이크로그램
12737|중형
12738|왼편
12739|뮤지션
12740|정체불명
12741|글라스
12742|선후배
12743|스킵
12744|악화시키다
12745|재택
12746|아프간
12747|디디
12748|타이베이
12749|대외
12750|꾸덕하다
12751|내팽개치다
12752|언성
12753|경청하다
12754|뉘우치다
12755|과수원
12756|청순하다
12757|듯싶다
12758|은상
12759|관리비
12760|빨갱이
12761|하워드
12762|필러
12763|속력
12764|사이클
12765|스텔스
12766|경신하다
12767|트리트먼트
12768|피드
12769|바리새인
12770|긓다
12771|스펙트럼
12772|짝짝
12773|나직하다
12774|예배당
12775|다크서클
12776|둥그렇다
12777|퀸
12778|우즈베키스탄
12779|동족
12780|홍합
12781|화약
12782|달리하다
12783|적임자
12784|베네수엘라
12785|선착순
12786|재학생
12787|떠안다
12788|내리막
12789|소총
12790|감격
12791|다꾸
12792|잠입하다
12793|소라
12794|퍼펙트
12795|별수
12796|리프팅
12797|절호
12798|한밤중
12799|특위
12800|네트
12801|체하다
12802|열띠다
12803|쿨링
12804|굴곡
12805|성형외과
12806|캐내다
12807|원천
12808|진드기
12809|도맡다
12810|야단
12811|짱아
12812|썰렁하다
12813|꾀
12814|잡
12815|다이렉트
12816|현행범
12817|심화
12818|철사
12819|소멸되다
12820|싱크홀
12821|저녁때
12822|패권
12823|화두
12824|무르다
12825|법도
12826|지랄하다
12827|로이드
12828|덕수궁
12829|유니세프
12830|전압
12831|정책적
12832|상습적
12833|북구
12834|무시당하다
12835|불가하다
12836|삐뚤어지다
12837|미제
12838|클라라
12839|원진
12840|우주복
12841|채취
12842|광고주
12843|넉넉히
12844|항해하다
12845|탑승객
12846|베토벤
12847|설전
12848|출몰하다
12849|공언하다
12850|뒤죽박죽
12851|거리다
12852|엑스트라
12853|오솔길
12854|티라미수
12855|본전
12856|단기적
12857|면밀히
12858|성폭행하다
12859|장마철
12860|드라마틱하다
12861|쪼그라들다
12862|콩콩
12863|브루스
12864|방글라데시
12865|리세
12866|원망스럽다
12867|등골
12868|출력하다
12869|바이올렛
12870|푹신하다
12871|솔다
12872|당구
12873|설명되다
12874|유유히
12875|문틈
12876|창립
12877|가마솥
12878|메리트
12879|축의금
12880|대용
12881|반납
12882|그만큼
12883|애절하다
12884|단도직입적
12885|가명
12886|크레딧
12887|시간문제
12888|피트니스
12889|국제공항
12890|프로파일러
12891|제압
12892|몸체
12893|생필품
12894|전수
12895|바닥나다
12896|잠적하다
12897|나방
12898|옮다
12899|골격
12900|탐방
12901|몸부림치다
12902|바리스타
12903|자카르타
12904|무다
12905|미각
12906|장치
12907|원만하다
12908|뒤척이다
12909|대열
12910|급성
12911|계명
12912|안전장치
12913|기죽다
12914|원권
12915|애용하다
12916|자문
12917|서투르다
12918|중생
12919|유무
12920|간주하다
12921|베이커리
12922|문방구
12923|무치다
12924|내려받다
12925|스릴러
12926|듀
12927|프로포폴
12928|골리앗
12929|이름하다
12930|비하하다
12931|탈세
12932|불륜
12933|양극화
12934|도색
12935|방점
12936|고아원
12937|길들이다
12938|발급하다
12939|포격
12940|놀아나다
12941|연기력
12942|크래커
12943|밀리
12944|랜드마크
12945|회의적
12946|양당
12947|강북
12948|막아서다
12949|스트링
12950|근무자
12951|루마
12952|역적
12953|캐러멜
12954|벌하다
12955|암울하다
12956|힐끔
12957|족제비
12958|콘센트
12959|식비
12960|오브젝트
12961|찍
12962|어림
12963|발성
12964|고뇌
12965|재계
12966|이송하다
12967|실사
12968|명시되다
12969|황량하다
12970|깨알
12971|반숙
12972|환절기
12973|알러지
12974|일렬
12975|강진
12976|조리하다
12977|비투비
12978|효모
12979|여사친
12980|어지간히
12981|어슬렁거리다
12982|안받다
12983|잼버리
12984|코로나바이러스
12985|쇄신
12986|어택
12987|지하수
12988|드넓다
12989|탄산
12990|와일드
12991|유부남
12992|강의실
12993|뒤적이다
12994|경험담
12995|클라이밍
12996|만류하다
12997|갓길
12998|매화
12999|배회하다
13000|공단
13001|진돗개
13002|이브이
13003|독립되다
13004|풍차
13005|선별
13006|목자
13007|어류
13008|수속
13009|재학
13010|하자
13011|안정시키다
13012|족
13013|민첩하다
13014|짤리다
13015|형법
13016|급류
13017|회개
13018|면봉
13019|궁중
13020|감각적
13021|장기화
13022|주재하다
13023|검역
13024|코딱지
13025|커리
13026|눅눅하다
13027|히터
13028|앞다리
13029|더러
13030|펄
13031|밴
13032|싱크
13033|파수꾼
13034|산호
13035|등재되다
13036|다중
13037|직감하다
13038|고글
13039|침투
13040|표창
13041|가야금
13042|평면
13043|군수
13044|지적되다
13045|등재
13046|톡톡히
13047|남색
13048|스트레이트
13049|거닐다
13050|전속력
13051|삐걱거리다
13052|주치의
13053|가옥
13054|종결
13055|차체
13056|로스트
13057|크런치
13058|오글거리다
13059|조이다
13060|총구
13061|콤플렉스
13062|정치하다
13063|셰익스피어
13064|캘린더
13065|거래처
13066|식물성
13067|슬라이스
13068|통일되다
13069|미야자키
13070|과장하다
13071|세계사
13072|차명
13073|첩자
13074|산삼
13075|나르시시스트
13076|작성자
13077|수식어
13078|괘씸하다
13079|플러그
13080|관련성
13081|축구하다
13082|펜트하우스
13083|경영하다
13084|따먹다
13085|사비
13086|군침
13087|레버
13088|결승선
13089|튜닝
13090|다발
13091|실세
13092|클레이
13093|은폐
13094|애틀랜타
13095|우두커니
13096|반군
13097|동결하다
13098|슬며시
13099|가동되다
13100|은근슬쩍
13101|몸소
13102|진공
13103|쫙쫙
13104|라이너
13105|저금통
13106|전투력
13107|경영자
13108|모나리자
13109|참을성
13110|친동생
13111|수익성
13112|탐지
13113|스쿨버스
13114|텅텅
13115|시정
13116|레이더
13117|환산하다
13118|케익
13119|퇴직하다
13120|카르멘
13121|자취방
13122|다스
13123|밀폐되다
13124|슬금슬금
13125|리포터
13126|배정되다
13127|대성공
13128|울상
13129|성관계
13130|주량
13131|워밍업
13132|금전
13133|선택적
13134|사명감
13135|이탈
13136|드리워지다
13137|과감히
13138|유타
13139|박진감
13140|세르비아
13141|듀이
13142|올가을
13143|유해
13144|점쟁이
13145|심장병
13146|턴
13147|반동
13148|양면
13149|봄철
13150|적법하다
13151|카스
13152|앞다투다
13153|이끌리다
13154|라이더
13155|정돈되다
13156|헌금
13157|엄하다
13158|태수
13159|미치광이
13160|색종이
13161|저축하다
13162|케네디
13163|면발
13164|타이르다
13165|창덕궁
13166|끌려오다
13167|자장면
13168|인절미
13169|스프링클러
13170|페널티
13171|스핀
13172|연연하다
13173|개시하다
13174|신성
13175|충성심
13176|영화감독
13177|발행되다
13178|방울토마토
13179|신청자
13180|지파
13181|삽화
13182|속수무책
13183|멸종되다
13184|한낱
13185|차박
13186|시큼하다
13187|울먹이다
13188|할만
13189|시급
13190|배심원
13191|포수
13192|생체
13193|지망생
13194|매각하다
13195|명시하다
13196|크롭
13197|살찌다
13198|병풍
13199|자초하다
13200|개장하다
13201|신청서
13202|중장비
13203|반역
13204|무승부
13205|추론
13206|첨
13207|명쾌하다
13208|오라비
13209|들락거리다
13210|격리하다
13211|숙면
13212|밀집하다
13213|히히
13214|탈수
13215|배제되다
13216|인쇄되다
13217|피그
13218|무성하다
13219|전시물
13220|성큼
13221|벽장
13222|적시하다
13223|협찬
13224|에이전트
13225|후반부
13226|이색
13227|히로시마
13228|출현
13229|롬
13230|초고속
13231|맥베스
13232|불완전하다
13233|막론하다
13234|권익위
13235|점막
13236|카다
13237|요컨대
13238|딸깍
13239|타프
13240|윌슨
13241|머리끝
13242|전속
13243|성사
13244|둥글다
13245|정쟁
13246|로스
13247|능히
13248|짭조름하다
13249|대출금
13250|학과
13251|악화하다
13252|뛰어나오다
13253|규
13254|출소
13255|포효
13256|국익
13257|하니
13258|추돌하다
13259|뼛속
13260|얼떨떨하다
13261|아기
13262|여분
13263|발굽
13264|잿더미
13265|카이스트
13266|뚱
13267|등판
13268|결계
13269|소맥
13270|경직되다
13271|퓨전
13272|베이직
13273|피싱
13274|유포
13275|특종
13276|서책
13277|취득
13278|여호수아
13279|공홈
13280|허락되다
13281|최상위
13282|맨해튼
13283|타격하다
13284|이변
13285|현생
13286|일직선
13287|교육적
13288|꼬
13289|가호
13290|메롱
13291|키드
13292|부유하다
13293|먹음직스럽다
13294|인민
13295|중도
13296|파타
13297|연계되다
13298|막국수
13299|콜리
13300|주르륵
13301|반포
13302|싸이다
13303|출현하다
13304|절제
13305|은
13306|원산지
13307|편안히
13308|사냥개
13309|레모네이드
13310|급락하다
13311|근성
13312|직급
13313|기여
13314|김치볶음밥
13315|쎄다
13316|초동
13317|어데
13318|자연재해
13319|으어
13320|은애
13321|갈망하다
13322|초여름
13323|화장대
13324|곶감
13325|수감자
13326|수류탄
13327|미즈호
13328|힐링하다
13329|뒷머리
13330|무선
13331|견학하다
13332|제조하다
13333|검술
13334|살포
13335|철판
13336|대기권
13337|시치미
13338|딜레마
13339|한걸음
13340|저울
13341|뷔
13342|눈짓
13343|진입로
13344|심오하다
13345|떠돌이
13346|페로몬
13347|교통비
13348|고풍스럽다
13349|비상구
13350|오피니언
13351|둘러앉다
13352|스미다
13353|얼씨구
13354|본격화되다
13355|거북하다
13356|불가사리
13357|신약
13358|통합되다
13359|독방
13360|요놈
13361|융합
13362|굴
13363|영생
13364|크레파스
13365|보약
13366|레퍼런스
13367|발명가
13368|주막
13369|손보다
13370|으쌰
13371|안위
13372|스포일러
13373|마감되다
13374|피시방
13375|트로이
13376|상생
13377|으르렁
13378|맨
13379|월호
13380|장아찌
13381|상수
13382|뻥튀기
13383|한몫하다
13384|화덕
13385|다문화
13386|내리
13387|괴한
13388|밥솥
13389|꿩
13390|민어
13391|손놀림
13392|독사
13393|중심부
13394|표창장
13395|상해
13396|일간지
13397|가슴팍
13398|처넣다
13399|대변
13400|칙칙폭폭
13401|피켓
13402|강전
13403|호모
13404|더듬거리다
13405|첫걸음
13406|드릴
13407|훈련병
13408|괄호
13409|종양
13410|매만지다
13411|개막
13412|생머리
13413|신차
13414|토닥이다
13415|시댁
13416|회의장
13417|오름세
13418|갈비탕
13419|산도
13420|금값
13421|납
13422|목청
13423|훈민정음
13424|적발
13425|믿기다
13426|보유자
13427|자욱하다
13428|호출하다
13429|공권력
13430|본관
13431|무함마드
13432|인쇄하다
13433|훈련소
13434|정육점
13435|단합
13436|선천적
13437|유치장
13438|이스탄불
13439|반가워하다
13440|안나
13441|스탭
13442|조장하다
13443|응모
13444|분화구
13445|레인저
13446|분포
13447|플랫
13448|대교
13449|복구되다
13450|고성능
13451|정각
13452|어투
13453|프라이버시
13454|종점
13455|봄꽃
13456|벌점
13457|아이스하키
13458|모니카
13459|레깅스
13460|이용당하다
13461|해고되다
13462|뒤바뀌다
13463|케이티
13464|거칠어지다
13465|통찰력
13466|구기다
13467|튀김옷
13468|불균형
13469|악령
13470|덩크
13471|주렁주렁
13472|저곳
13473|호통
13474|공산당
13475|수록되다
13476|맹자
13477|자음
13478|집권하다
13479|암탉
13480|내사
13481|전락하다
13482|축적되다
13483|물러서다
13484|면허증
13485|주디
13486|지나다니다
13487|되묻다
13488|운용하다
13489|해삼
13490|양심적
13491|응접실
13492|의정
13493|쭈욱
13494|당부
13495|무무
13496|알림
13497|휴학
13498|묶이다
13499|본심
13500|주축
13501|머쓱하다
13502|푸
13503|몸부림
13504|다이너마이트
13505|기증
13506|사교육비
13507|기압
13508|장본인
13509|사물놀이
13510|투정
13511|천만다행
13512|아쿠아리움
13513|제리
13514|문학상
13515|공시
13516|플레이팅
13517|확진
13518|진부하다
13519|도전적
13520|저떻다
13521|교통수단
13522|총소리
13523|최우수
13524|지명되다
13525|제논
13526|총체적
13527|짱짱하다
13528|대창
13529|쓰레기장
13530|켤레
13531|수달
13532|꾸역꾸역
13533|어쭈
13534|신고되다
13535|짝사랑하다
13536|흡사
13537|살점
13538|마니또
13539|작업복
13540|자원봉사
13541|우파
13542|디바이스
13543|분비되다
13544|최소화
13545|분간
13546|호출
13547|성립하다
13548|침공하다
13549|억압
13550|뒤집어씌우다
13551|유동성
13552|과열
13553|어이쿠
13554|축소
13555|흩뿌리다
13556|도미노
13557|험지
13558|산적
13559|쵸
13560|플라톤
13561|두고두고
13562|심려
13563|생활용품
13564|횡령하다
13565|영예
13566|그리핀
13567|봇
13568|배너
13569|차주
13570|연설하다
13571|잇달다
13572|찻집
13573|보존
13574|정차하다
13575|전염되다
13576|문헌
13577|자연환경
13578|패하다
13579|제정되다
13580|부활절
13581|떠지다
13582|기강
13583|불가리아
13584|폐업하다
13585|여쭙다
13586|씩씩거리다
13587|선별하다
13588|웅덩이
13589|퇴진
13590|속죄
13591|플롯
13592|딸랑
13593|삐딱하다
13594|꺼병이
13595|록시
13596|공채
13597|교
13598|스카
13599|야유
13600|풀이
13601|홀가분하다
13602|까마득하다
13603|상실
13604|부조리
13605|선주
13606|돌격
13607|은행나무
13608|복용
13609|개나리
13610|진흙탕
13611|양다리
13612|유로
13613|발리다
13614|착지하다
13615|주인장
13616|불참
13617|유래하다
13618|진솔하다
13619|업그레이드되다
13620|교제
13621|가려내다
13622|등짝
13623|휑하다
13624|백혈병
13625|복어
13626|뜯어먹다
13627|헛간
13628|곱하다
13629|키이우
13630|난데없이
13631|허물다
13632|무표정
13633|건배하다
13634|미분양
13635|번식하다
13636|참고인
13637|지반
13638|별반
13639|린
13640|시인하다
13641|소금물
13642|홀딱
13643|운운하다
13644|흘끗
13645|흙먼지
13646|밑돌다
13647|못쓰다
13648|당사
13649|잠복
13650|물거품
13651|라스
13652|실업률
13653|암스트롱
13654|안가
13655|불규칙하다
13656|쓰레기봉투
13657|투병
13658|트레이싱
13659|기다려지다
13660|고꾸라지다
13661|담징
13662|동체
13663|몽타주
13664|예사롭다
13665|항소하다
13666|서글프다
13667|시흥
13668|빡빡
13669|고립
13670|사이보그
13671|명태
13672|수렴하다
13673|광석
13674|앞마당
13675|깜빡거리다
13676|닭살
13677|건네받다
13678|법률적
13679|카우보이
13680|달란트
13681|껄끄럽다
13682|보시다
13683|권사
13684|들것
13685|선곡
13686|빗발치다
13687|썸
13688|꼬이다
13689|해당
13690|플레이트
13691|동감
13692|의기양양하다
13693|포획
13694|카페인
13695|분산
13696|밀양
13697|꽁
13698|호스텔
13699|교섭
13700|코칭
13701|조리법
13702|내지르다
13703|구질구질하다
13704|감금
13705|개천절
13706|예외적
13707|쏠쏠하다
13708|단결
13709|디제이
13710|친형
13711|열감
13712|마르코
13713|어마
13714|편입
13715|책방
13716|궁수
13717|주근깨
13718|가래떡
13719|망자
13720|사직서
13721|입점
13722|위증
13723|배틀하다
13724|부양
13725|겸사겸사
13726|돼지갈비
13727|직종
13728|천연가스
13729|불타다
13730|머리맡
13731|일로
13732|스포츠카
13733|자자하다
13734|퍽퍽하다
13735|유착
13736|천박하다
13737|악랄하다
13738|공사비
13739|새장
13740|기초적
13741|사모하다
13742|까비
13743|편찮다
13744|의협
13745|클라크
13746|상봉
13747|독립군
13748|비례하다
13749|생산자
13750|무단
13751|장엄하다
13752|반입
13753|제네바
13754|시니어
13755|하청
13756|귀여워하다
13757|아뢰다
13758|일관하다
13759|휴진
13760|섣부르다
13761|선거구
13762|독차지하다
13763|노마
13764|천하무적
13765|전통문화
13766|움켜잡다
13767|가스레인지
13768|아이보리
13769|공포심
13770|규슈
13771|라이스
13772|걸레
13773|야생화
13774|곤두세우다
13775|선미
13776|철조망
13777|주중
13778|악세사리
13779|태종
13780|턱수염
13781|비계
13782|대칭
13783|넘보다
13784|수탉
13785|각하
13786|눌리다
13787|띠다
13788|사무라이
13789|병자
13790|유의미하다
13791|빠이
13792|동글동글하다
13793|타조
13794|수정되다
13795|단절되다
13796|불명
13797|문경
13798|스트레치
13799|밥알
13800|결집
13801|겨자
13802|감귤
13803|에그
13804|면제하다
13805|찢기다
13806|헛것
13807|우수하다
13808|픽션
13809|인간성
13810|격상
13811|목회하다
13812|편성하다
13813|지그재그
13814|타르트
13815|가림막
13816|잦아지다
13817|지식인
13818|도덕성
13819|아크릴
13820|업로드하다
13821|여편네
13822|보름
13823|반격하다
13824|오지다
13825|태백
13826|클라이언트
13827|숙련되다
13828|고국
13829|해독제
13830|말구
13831|확연하다
13832|인중
13833|급속히
13834|선전하다
13835|충치
13836|요만큼
13837|보라
13838|김치전
13839|갈망
13840|창작하다
13841|남주
13842|상반신
13843|골칫거리
13844|징크스
13845|부착되다
13846|부결되다
13847|매니아
13848|탐문
13849|잡아들이다
13850|공깃밥
13851|스위프트
13852|교외
13853|퍼주다
13854|코르크
13855|미약하다
13856|무술
13857|제철
13858|덕목
13859|처우
13860|선거
13861|인슐린
13862|방류하다
13863|효
13864|힐러
13865|납시다
13866|건립
13867|니체
13868|계엄군
13869|어쩌고저쩌고
13870|정보원
13871|불합리하다
13872|첩
13873|쪼개지다
13874|문짝
13875|법대
13876|허비하다
13877|무관심하다
13878|주방장
13879|번복하다
13880|군산
13881|재회
13882|예매하다
13883|휘둥그레지다
13884|앙증맞다
13885|눌러쓰다
13886|응용
13887|속히
13888|소비량
13889|오스카
13890|유통하다
13891|너덜너덜하다
13892|사정없이
13893|독점하다
13894|티끌
13895|알맹이
13896|중급
13897|케이시
13898|편곡
13899|구제하다
13900|와이어
13901|아키
13902|독립성
13903|놀래키다
13904|세션
13905|밥하다
13906|체급
13907|법관
13908|장문
13909|하려
13910|궁극
13911|석방되다
13912|군부
13913|전령
13914|인플루엔자
13915|교역
13916|마부
13917|가락
13918|변장
13919|밑그림
13920|시음
13921|육성하다
13922|총동원하다
13923|공표하다
13924|파슬리
13925|라울
13926|공유되다
13927|명함
13928|병문안
13929|햄스트링
13930|발산하다
13931|뜸하다
13932|끝장내다
13933|사색
13934|양질
13935|되풀이되다
13936|차창
13937|에어프라이어
13938|연평균
13939|헤엄
13940|병가
13941|디오라마
13942|뒷마당
13943|프리미어
13944|재현되다
13945|누구누구
13946|세미나
13947|탈락자
13948|활동적
13949|얼얼하다
13950|야영
13951|전집
13952|채점
13953|뚱보
13954|불화
13955|전시실
13956|발굴
13957|행각
13958|번역되다
13959|결백
13960|형사처벌
13961|아랫입술
13962|참관하다
13963|읍내
13964|회삿돈
13965|낭떠러지
13966|굴착기
13967|수납하다
13968|단축하다
13969|맞물리다
13970|쿠퍼
13971|과부
13972|부응하다
13973|승산
13974|침략하다
13975|큐레이터
13976|환청
13977|회오리
13978|서랍장
13979|결항
13980|보송하다
13981|굵직하다
13982|증기
13983|호우
13984|발생되다
13985|욕심부리다
13986|분장하다
13987|친모
13988|천재적
13989|고하다
13990|당헌
13991|정들다
13992|사나
13993|장사꾼
13994|모아
13995|까발리다
13996|밀접
13997|과반수
13998|수호하다
13999|탑승자
14000|얼마간
14001|장우
14002|준우승
14003|벤처
14004|애완견
14005|범퍼
14006|우주여행
14007|절규
14008|먹먹하다
14009|피격
14010|자가용
14011|처지
14012|흉
14013|냉장
14014|해프닝
14015|왕가
14016|역풍
14017|태양열
14018|폭스
14019|여식
14020|호화롭다
14021|꼼짝없이
14022|원곡
14023|포프
14024|뒤따라오다
14025|약화되다
14026|조속히
14027|석연하다
14028|폭증하다
14029|호숫가
14030|단종되다
14031|추방
14032|교포
14033|순간순간
14034|방출하다
14035|휘
14036|돌변하다
14037|말귀
14038|악연
14039|심화되다
14040|보급되다
14041|겨우겨우
14042|장조림
14043|분해되다
14044|주관
14045|겨드랑이
14046|강제하다
14047|인부
14048|추스르다
14049|그린벨트
14050|첼로
14051|셀러
14052|공급자
14053|보류
14054|사용료
14055|불똥
14056|냉철하다
14057|고거
14058|펫
14059|고위직
14060|반달가슴곰
14061|검붉다
14062|희생양
14063|처마
14064|카네이션
14065|몽롱하다
14066|말장난
14067|코스모스
14068|고원
14069|둑
14070|디즈니랜드
14071|난생
14072|우후
14073|참배
14074|오트밀
14075|혼수상태
14076|코스튬
14077|폭발음
14078|깜박하다
14079|잡화점
14080|선제
14081|신조
14082|테러리스트
14083|저고리
14084|가출
14085|충전되다
14086|트집
14087|은하수
14088|반점
14089|움츠러들다
14090|목살
14091|작작
14092|유다
14093|윗사람
14094|부각하다
14095|괘
14096|굴욕
14097|고조
14098|작심
14099|초성
14100|주행하다
14101|불행히
14102|소소
14103|교장실
14104|급급하다
14105|기지국
14106|장자
14107|희망적
14108|재수사
14109|쟁취하다
14110|루핀
14111|무면허
14112|딱부리
14113|직권
14114|첨부하다
14115|여행가
14116|스콧
14117|손들다
14118|캐비어
14119|입맞춤
14120|베팅
14121|뇌파
14122|오로라
14123|고시
14124|규율
14125|문제없이
14126|예언하다
14127|책정하다
14128|과녁
14129|끈적하다
14130|즐비하다
14131|직진
14132|극찬
14133|도발하다
14134|기웃거리다
14135|호실
14136|탈북민
14137|재생되다
14138|황당하다
14139|모래사장
14140|갈라놓다
14141|오른편
14142|실행되다
14143|젖꼭지
14144|물길
14145|자장가
14146|살얼음
14147|멀쩡히
14148|스폰서
14149|강구하다
14150|인서트
14151|날갯짓
14152|곰탕
14153|에마
14154|군용
14155|용맹하다
14156|도미
14157|이과
14158|폴라로이드
14159|평화적
14160|정전기
14161|공표
14162|인터폰
14163|식수
14164|풀숲
14165|서훈
14166|계파
14167|찬송가
14168|출세하다
14169|홍역
14170|번아웃
14171|커스터마이징
14172|홀리데이
14173|섬광
14174|풍요
14175|샤프
14176|고추냉이
14177|중소
14178|난무하다
14179|절이다
14180|광부
14181|끄덕거리다
14182|불끈
14183|보글보글
14184|투표용지
14185|최고점
14186|개편하다
14187|데시벨
14188|아카이브
14189|악행
14190|물개
14191|주무르다
14192|해산하다
14193|상영되다
14194|개척
14195|스윕
14196|숲길
14197|타임라인
14198|괴수
14199|유명세
14200|온수
14201|가드레일
14202|상속세
14203|회고록
14204|데크
14205|토론토
14206|블렌딩
14207|꽃병
14208|연내
14209|연정
14210|추악하다
14211|게이코
14212|중립성
14213|넹
14214|용왕
14215|유전
14216|전당
14217|삽시간
14218|교육법
14219|피스타치오
14220|경의
14221|피닉
14222|서클
14223|샌디
14224|재떨이
14225|나리타
14226|에콰도르
14227|등산객
14228|원정대
14229|웃음기
14230|퇴치
14231|크리스천
14232|심각
14233|영양가
14234|창조적
14235|입성하다
14236|드링크
14237|생맥주
14238|중심가
14239|모델링
14240|가브리엘
14241|농지
14242|근간
14243|증가율
14244|골라내다
14245|우왕
14246|납부하다
14247|딸기잼
14248|연두색
14249|여대생
14250|읍
14251|인자하다
14252|스탠리
14253|발의
14254|과열되다
14255|덤불
14256|독약
14257|밀치다
14258|취침
14259|보강하다
14260|약과
14261|뛰놀다
14262|간사
14263|못난이
14264|매운탕
14265|창시자
14266|웨딩드레스
14267|고전적
14268|안구
14269|족쇄
14270|수트
14271|말라리아
14272|감탄사
14273|냉랭하다
14274|야기하다
14275|쓸데
14276|티타늄
14277|노가다
14278|드롭
14279|수송기
14280|당직자
14281|더블유
14282|엘리스
14283|교리
14284|기대다
14285|자유형
14286|현란하다
14287|실격
14288|내추럴하다
14289|재혼하다
14290|관계되다
14291|흉상
14292|기업인
14293|통발
14294|규범
14295|괄사
14296|마닐라
14297|참패
14298|정중히
14299|에이그
14300|질타
14301|울렁거리다
14302|경멸하다
14303|욱하다
14304|타살
14305|처단하다
14306|감격하다
14307|힐
14308|제공받다
14309|부질없다
14310|원시
14311|꿈같다
14312|계승하다
14313|벌거벗다
14314|더덕
14315|바로
14316|송어
14317|빙글
14318|대학가
14319|외박
14320|투여하다
14321|말뚝
14322|회복시키다
14323|그레
14324|행주
14325|귓속말
14326|훈
14327|용납
14328|왕상
14329|연두
14330|젊어지다
14331|생산적
14332|뼈대
14333|황폐하다
14334|근육통
14335|플래그십
14336|사심
14337|풍년
14338|거둬들이다
14339|영구적
14340|자각하다
14341|행패
14342|재무
14343|깐깐하다
14344|발화
14345|흘러넘치다
14346|프로덕션
14347|도감
14348|국한되다
14349|교코
14350|덕수
14351|안절부절못하다
14352|프로펠러
14353|전보
14354|계획표
14355|말수
14356|발자취
14357|비교되다
14358|복통
14359|의전
14360|중학
14361|럭셔리
14362|해결사
14363|드문드문
14364|허망하다
14365|번성하다
14366|강압적
14367|입질
14368|몸치
14369|우회하다
14370|나스닥
14371|흰머리
14372|폴짝
14373|무방비
14374|두루두루
14375|철창
14376|상정하다
14377|콕콕
14378|유망주
14379|란
14380|밥맛
14381|을
14382|리버스
14383|인사권
14384|시카다
14385|비오티
14386|반역자
14387|득표
14388|물밑
14389|지포스
14390|보이콧
14391|넌지시
14392|포위하다
14393|점진적
14394|모디
14395|티시
14396|불멸
14397|금괴
14398|스낵
14399|물김치
14400|리스
14401|윌리엄스
14402|슬레이트
14403|천차만별
14404|차별화
14405|달이
14406|남짓하다
14407|흰개미
14408|용검
14409|스피치
14410|협동심
14411|냉전
14412|우럭
14413|보디
14414|무조건적
14415|스리랑카
14416|완두콩
14417|헌팅
14418|푸른빛
14419|유람선
14420|팥죽
14421|꿍꿍이
14422|효성
14423|메시아
14424|점령
14425|코나
14426|시나몬
14427|시소
14428|통쾌하다
14429|학예회
14430|하반신
14431|뒷골목
14432|전동차
14433|시드
14434|독주
14435|자태
14436|전율
14437|밴쿠버
14438|손재주
14439|절도
14440|갓난아기
14441|송금하다
14442|흰자
14443|이랴
14444|합산하다
14445|언약
14446|실드
14447|선전
14448|기네스
14449|생년월일
14450|사고팔다
14451|풋풋하다
14452|바운스
14453|불능
14454|부글부글
14455|시뮬레이터
14456|등극하다
14457|샘물
14458|프로듀싱
14459|캐스
14460|빗속
14461|무지막지하다
14462|철권
14463|뱅
14464|국제기구
14465|의중
14466|간헐적
14467|손가락질
14468|암살
14469|원액
14470|료
14471|무당벌레
14472|태조
14473|매머드
14474|불만스럽다
14475|주리
14476|중진
14477|일출
14478|압축하다
14479|게살
14480|회식하다
14481|부화하다
14482|힌두교
14483|관찰되다
14484|종식
14485|시대적
14486|탱고
14487|꺼림칙하다
14488|끼익
14489|지리적
14490|싱그럽다
14491|호빵
14492|지병
14493|휘몰아치다
14494|옥토
14495|명복
14496|마커
14497|궤적
14498|구수하다
14499|의존도
14500|필라델피아
14501|선동
14502|스케이트보드
14503|벨라루스
14504|거침없다
14505|물의
14506|올림피아
14507|태초
14508|오뎅
14509|베네치아
14510|요상하다
14511|쾅쾅
14512|역학
14513|금강산
14514|고진
14515|메달
14516|교주
14517|펌웨어
14518|규탄
14519|무녀
14520|실무자
14521|부활시키다
14522|풀이하다
14523|복습하다
14524|도려내다
14525|엠마
14526|드리블
14527|기적적
14528|재산세
14529|존경스럽다
14530|영아
14531|수용자
14532|징계하다
14533|진화되다
14534|쿡쿡
14535|관람료
14536|착실하다
14537|야자
14538|유화
14539|배웅
14540|입찰
14541|일러주다
14542|바깥세상
14543|배정하다
14544|몬테네그로
14545|인승
14546|거란
14547|폭등하다
14548|마이삭
14549|요리조리
14550|글러브
14551|틈타다
14552|도약하다
14553|엄격히
14554|솜털
14555|벨기에
14556|워커
14557|근교
14558|관종
14559|보호막
14560|개다
14561|내복
14562|성기
14563|지주
14564|판권
14565|붕괴하다
14566|떡밥
14567|둔기
14568|살균제
14569|집구석
14570|참조하다
14571|주시
14572|돋아나다
14573|멘붕
14574|오염시키다
14575|여점
14576|개똥
14577|부원
14578|용액
14579|같아지다
14580|백색
14581|권역
14582|새로이
14583|보초
14584|빼곡히
14585|인덕션
14586|브라우니
14587|형석
14588|북소리
14589|폭파하다
14590|일진
14591|수송
14592|능선
14593|숙모
14594|피파
14595|부호
14596|맺어지다
14597|캐비닛
14598|옹기종기
14599|깔끔
14600|되레
14601|두말하다
14602|극소수
14603|청어
14604|도드라지다
14605|에스겔
14606|묘화
14607|감흥
14608|호캉스
14609|유인원
14610|밸런타인데이
14611|프린스
14612|방영하다
14613|만취하다
14614|중앙선
14615|현
14616|전복되다
14617|절제하다
14618|헬륨
14619|지내보다
14620|미니어처
14621|돈벌이
14622|버려두다
14623|만료
14624|노드
14625|당번
14626|벡
14627|미디엄
14628|해산
14629|떠먹다
14630|매수하다
14631|서대문
14632|게시하다
14633|하향
14634|하우징
14635|카메라맨
14636|식칼
14637|권장
14638|빈틈없이
14639|할인율
14640|음란물
14641|동메달
14642|널다
14643|동정하다
14644|현미
14645|네이밍
14646|몸담다
14647|부여되다
14648|입력되다
14649|다다미
14650|배트
14651|소방서
14652|아이스티
14653|채집하다
14654|결백하다
14655|화풀이
14656|합병증
14657|혈색
14658|본청
14659|삼행시
14660|컴컴하다
14661|로코
14662|집필하다
14663|전후하다
14664|살포시
14665|대미
14666|혐오감
14667|조직하다
14668|진열대
14669|가미
14670|언데드
14671|부여
14672|박탈하다
14673|트랙터
14674|아침저녁
14675|봉인
14676|소스라치다
14677|회로
14678|패러다임
14679|회분
14680|요시
14681|떨떠름하다
14682|공부방
14683|왼손잡이
14684|당당하다
14685|건축하다
14686|미마
14687|나폴리
14688|시민권
14689|보듬다
14690|말려들다
14691|홍천
14692|입양되다
14693|수강하다
14694|콜레스테롤
14695|셰리
14696|누렇다
14697|무중력
14698|종묘
14699|가석방
14700|안락하다
14701|짓눌리다
14702|적나라하다
14703|능동적
14704|전당포
14705|긍정하다
14706|경제력
14707|청소차
14708|탐하다
14709|양지
14710|치크
14711|황새
14712|가마
14713|우당탕탕
14714|시가
14715|허접하다
14716|체결되다
14717|실내화
14718|막차
14719|극명하다
14720|궁리
14721|대대장
14722|자칭
14723|터놓다
14724|첨가하다
14725|신중히
14726|미남
14727|정색
14728|다이얼
14729|토리
14730|늦춰지다
14731|불공정
14732|탱글탱글하다
14733|특징적
14734|카라멜
14735|옷자락
14736|카르마
14737|큰언니
14738|천문대
14739|일석이조
14740|대보다
14741|변장하다
14742|느
14743|대응책
14744|고점
14745|난자
14746|다이
14747|수사본부
14748|초콜렛
14749|카터
14750|정돈
14751|가요계
14752|재
14753|축사
14754|수온
14755|하심
14756|에메랄드
14757|혼잡
14758|하양
14759|눈발
14760|연습장
14761|과분하다
14762|갬성
14763|모르
14764|흑발
14765|에라이
14766|염원
14767|의무화
14768|갉아먹다
14769|박차
14770|별말
14771|갱신
14772|밀착되다
14773|특제
14774|야위다
14775|플랑크톤
14776|고딩
14777|혼령
14778|비단
14779|격식
14780|성미
14781|완구
14782|굴하다
14783|부업
14784|조서
14785|신기루
14786|규수
14787|약세
14788|주심
14789|덩굴
14790|자립
14791|간청하다
14792|주섬주섬
14793|멜라닌
14794|대모
14795|공격성
14796|하이힐
14797|책무
14798|시시각각
14799|비속어
14800|예배다
14801|땀나다
14802|주술
14803|평가전
14804|군만두
14805|일회용품
14806|삥
14807|덤덤하다
14808|갱년기
14809|망정
14810|바래다주다
14811|직
14812|뉴런
14813|현존하다
14814|최전방
14815|감사히
14816|새다
14817|엄연하다
14818|필수품
14819|무럭무럭
14820|한가롭다
14821|외과
14822|불쌍히
14823|추도식
14824|집필
14825|출출하다
14826|헐렁하다
14827|소망하다
14828|선포되다
14829|사파리
14830|발하다
14831|헛소리하다
14832|지령
14833|룰렛
14834|재소자
14835|콕스
14836|준재
14837|봉합
14838|판자
14839|황태자
14840|경제학자
14841|낙관적
14842|억만장자
14843|남김없이
14844|수입되다
14845|화법
14846|여보
14847|나시
14848|박력
14849|창작자
14850|구걸하다
14851|헤어
14852|신속
14853|관찰력
14854|명예롭다
14855|태평하다
14856|니즈
14857|무관심
14858|감독관
14859|기독교인
14860|독대
14861|고인돌
14862|지평선
14863|꿋꿋하다
14864|똥개
14865|자율성
14866|휙휙
14867|면밀하다
14868|휴스턴
14869|현자
14870|참나무
14871|제정하다
14872|송곳
14873|대여하다
14874|포착
14875|가자미
14876|건반
14877|망령
14878|리필
14879|야근하다
14880|물걸레
14881|끈적거리다
14882|터프하다
14883|이삿짐
14884|마물
14885|짐짓
14886|번역기
14887|카멜레온
14888|중등
14889|사살하다
14890|유방암
14891|술래잡기
14892|혐오하다
14893|짜이다
14894|현저히
14895|흡입하다
14896|비뚤어지다
14897|오믈렛
14898|히알루론산
14899|놀라다
14900|양상추
14901|에이즈
14902|소득세
14903|훨훨
14904|유창하다
14905|워드
14906|심문하다
14907|비만
14908|여름날
14909|큐티
14910|독기
14911|훈제
14912|묘미
14913|걷어넣다
14914|망원
14915|중원
14916|골프채
14917|잠바
14918|진격
14919|빗장
14920|냉혹하다
14921|공형
14922|부다페스트
14923|소문내다
14924|모니터링하다
14925|톱니바퀴
14926|답안
14927|재발하다
14928|술안주
14929|허물어지다
14930|딥페이크
14931|이발소
14932|마카오
14933|군의관
14934|충청도
14935|청동
14936|대학원생
14937|시바
14938|난항
14939|요코하마
14940|로타
14941|대성당
14942|등수
14943|글리치
14944|오열하다
14945|에이트
14946|자갈
14947|재정적
14948|체념하다
14949|포차
14950|예배하다
14951|거동
14952|경기하다
14953|아도
14954|순종
14955|말끔히
14956|모유
14957|가공식품
14958|고속버스
14959|발간하다
14960|보디가드
14961|펌핑
14962|임명장
14963|누락
14964|낚시터
14965|교정하다
14966|스파클링
14967|맨투맨
14968|정정당당하다
14969|비굴하다
14970|변형되다
14971|타결
14972|자가
14973|방통위
14974|크로아티아
14975|판세
14976|용이하다
14977|교문
14978|티베트
14979|휴지통
14980|헌정
14981|회유
14982|불안정
14983|잡아내다
14984|부반장
14985|언론인
14986|우환
14987|이룩하다
14988|산호초
14989|낙심하다
14990|축적하다
14991|나지막이
14992|트롯
14993|타점
14994|장악
14995|역설적
14996|피어싱
14997|눈웃음
14998|머나멀다
14999|황혼
15000|확충
15001|힘줄
15002|성찰
15003|증말
15004|돈독하다
15005|밀수
15006|병신
15007|나그네
15008|캡처하다
15009|초입
15010|경증
15011|약탈
15012|덜컹거리다
15013|뻘뻘
15014|수화
15015|무능하다
15016|사토
15017|와르르
15018|선처
15019|숨바꼭질
15020|저조하다
15021|백숙
15022|반려
15023|플라이
15024|과학관
15025|기업가
15026|여성스럽다
15027|유목민
15028|순직
15029|양성하다
15030|보물섬
15031|뮌헨
15032|스탬프
15033|깨달음
15034|살랑살랑
15035|라비
15036|남아돌다
15037|탈의실
15038|노출하다
15039|환갑
15040|마커스
15041|묵비권
15042|주경
15043|거듭되다
15044|디폴트
15045|담구다
15046|분발하다
15047|무광
15048|의문점
15049|피해액
15050|극대화
15051|추궁
15052|검경
15053|고아
15054|도서실
15055|통신비
15056|빻다
15057|먹음
15058|개량
15059|내몰리다
15060|박박
15061|아랫배
15062|의병
15063|처제
15064|저년
15065|명료하다
15066|사르르
15067|단련하다
15068|집중시키다
15069|평상
15070|오리온
15071|음흉하다
15072|번들거리다
15073|만년필
15074|퍼먹다
15075|환급
15076|숭배하다
15077|응원단
15078|아스파라거스
15079|연비
15080|환난
15081|수교
15082|파랑새
15083|자각
15084|간호
15085|파스텔
15086|샌드박스
15087|자동화
15088|마케도니아
15089|버금가다
15090|엄중하다
15091|법조인
15092|피팅
15093|굴러떨어지다
15094|판교
15095|서약
15096|합숙
15097|이노베이션
15098|에이드
15099|삐치다
15100|반죽하다
15101|이닝
15102|풀잎
15103|부재중
15104|공관
15105|씨름하다
15106|다리미
15107|완주하다
15108|꽈배기
15109|호전되다
15110|각성하다
15111|유대감
15112|체크아웃
15113|음량
15114|모교
15115|에너지원
15116|서포트
15117|경상북도
15118|세계화
15119|부착
15120|저세상
15121|속도감
15122|그게
15123|착용감
15124|몽환적
15125|측정기
15126|친명
15127|띠링
15128|조정되다
15129|산악
15130|처사
15131|다이스
15132|곱슬머리
15133|순록
15134|샤리
15135|명중
15136|쌩
15137|사자성어
15138|해독하다
15139|소대장
15140|베프
15141|사스
15142|해마
15143|음극
15144|세자빈
15145|아틀라스
15146|노동조합
15147|생신
15148|영접하다
15149|망나니
15150|태몽
15151|입성
15152|야쿠자
15153|약조
15154|미용사
15155|잡아채다
15156|눈꼬리
15157|전분
15158|발단
15159|관청
15160|엉성하다
15161|방망이
15162|식상하다
15163|방구
15164|접견
15165|해지하다
15166|캐묻다
15167|정돈하다
15168|피망
15169|퉁
15170|역전하다
15171|프리뷰
15172|모래시계
15173|묵
15174|감점
15175|패럴림픽
15176|멸망시키다
15177|공대
15178|잔고
15179|추첨하다
15180|흉악하다
15181|동양인
15182|친일파
15183|초소형
15184|해독
15185|베젤
15186|호환
15187|하남
15188|영상물
15189|고안하다
15190|징검다리
15191|치안
15192|라켓
15193|기본권
15194|출품하다
15195|개업
15196|반사하다
15197|보폭
15198|만우절
15199|농심
15200|찐빵
15201|기러기
15202|외래어
15203|베드로
15204|촉박하다
15205|쪼끄맣다
15206|중령
15207|결석
15208|죄짓다
15209|중징계
15210|부마
15211|쓸어버리다
15212|헤딩
15213|미정
15214|시큰둥하다
15215|탄자니아
15216|적막
15217|식판
15218|지출하다
15219|고등
15220|반짝이다
15221|장려하다
15222|보전하다
15223|반창고
15224|잠금장치
15225|추월하다
15226|동거하다
15227|강두
15228|표절
15229|머플러
15230|유지
15231|귀환
15232|이니셜
15233|초상
15234|머저리
15235|파라다이스
15236|신중
15237|호의적
15238|샤워실
15239|흙더미
15240|갱
15241|방앗간
15242|뭘하다
15243|공교육
15244|계산되다
15245|아르테미스
15246|파르르
15247|개통
15248|포레스트
15249|배송하다
15250|극혐
15251|화공
15252|초급
15253|중립적
15254|가비
15255|벌판
15256|회전목마
15257|효도
15258|부엉이
15259|불미스럽다
15260|발할라
15261|재혼
15262|배당
15263|진노
15264|겁나다
15265|킬로
15266|정신병
15267|히노
15268|북동쪽
15269|일그러뜨리다
15270|미덕
15271|그윽하다
15272|화병
15273|해답
15274|심연
15275|침상
15276|하퍼
15277|아이리스
15278|어딜다
15279|공감
15280|얕보다
15281|감내하다
15282|무디
15283|우비
15284|포화
15285|불공정하다
15286|요양
15287|언능
15288|얄팍하다
15289|준공
15290|모피
15291|구내식당
15292|교차
15293|마이애미
15294|건달
15295|헛소문
15296|교육비
15297|진득하다
15298|민박
15299|금메달리스트
15300|팔씨름
15301|얼음물
15302|공상
15303|어정쩡하다
15304|엔트로피
15305|올가미
15306|이북
15307|호탕하다
15308|천문학
15309|오만하다
15310|워크
15311|롤러
15312|억압하다
15313|만행
15314|기관총
15315|대조
15316|야동
15317|헝클어지다
15318|연화
15319|하교
15320|찍먹
15321|진격하다
15322|가까이하다
15323|모욕적
15324|끄떡없다
15325|콩트
15326|등기
15327|이질적
15328|폴다
15329|럼
15330|수동적
15331|소진되다
15332|명하다
15333|개신교
15334|주도
15335|관중석
15336|직업적
15337|배변
15338|따끈하다
15339|아난다
15340|강경하다
15341|파행
15342|자부하다
15343|현식
15344|파스
15345|멀찍이
15346|긴팔
15347|불청객
15348|성자
15349|단발머리
15350|공놀이
15351|사쿠라
15352|마인드맵
15353|수축하다
15354|빨래하다
15355|속되다
15356|개울
15357|만연하다
15358|개통하다
15359|명월
15360|달갑다
15361|무례
15362|밀물
15363|일감
15364|불합격
15365|방청객
15366|사그라들다
15367|바라
15368|유제품
15369|핏기
15370|진전되다
15371|조정안
15372|훤하다
15373|화기애애하다
15374|좌절감
15375|단박
15376|파산하다
15377|숭례문
15378|다툼
15379|농경지
15380|프레젠테이션
15381|증식
15382|세수하다
15383|고대하다
15384|공수
15385|숙성되다
15386|결점
15387|무르익다
15388|기내
15389|보드카
15390|아이슬란드
15391|마을버스
15392|허리춤
15393|흉흉하다
15394|데릭
15395|아이사
15396|엘로이즈
15397|집결하다
15398|보전
15399|스웨이드
15400|표기되다
15401|팩션
15402|레베카
15403|깨부수다
15404|재직하다
15405|파기하다
15406|싫증
15407|무궁무진하다
15408|환생
15409|낮술
15410|라이센스
15411|실업자
15412|애도하다
15413|징징대다
15414|음질
15415|애처롭다
15416|흔들흔들
15417|검정고시
15418|살림살이
15419|음정
15420|점보
15421|산물
15422|어흥
15423|걱정거리
15424|무용지물
15425|면접관
15426|풀벌레
15427|상륙
15428|더디다
15429|원재료
15430|서식
15431|요르단
15432|골동품
15433|학습자
15434|쩔쩔매다
15435|정박하다
15436|관리되다
15437|미호
15438|막연히
15439|함선
15440|고막
15441|경과
15442|보좌하다
15443|고온
15444|짜증스럽다
15445|감기약
15446|심성
15447|빳빳하다
15448|확인시키다
15449|천여
15450|캠퍼
15451|근육질
15452|순례자
15453|파커
15454|추리하다
15455|까이다
15456|원심
15457|뇌출혈
15458|장남
15459|신선
15460|우우
15461|크루아상
15462|뒤끝
15463|대의
15464|남대문
15465|문밖
15466|음파
15467|고이
15468|산업화
15469|법인세
15470|권투
15471|옛말
15472|모미
15473|전라도
15474|공동묘지
15475|퍼터
15476|카운티
15477|대성
15478|스컬
15479|식물원
15480|고무장갑
15481|기지배
15482|녹슬다
15483|아무렴
15484|부실
15485|처방전
15486|잠꼬대
15487|현실성
15488|쪼가리
15489|골똘히
15490|센티
15491|변질되다
15492|연령층
15493|비통하다
15494|부침개
15495|혈육
15496|무빙
15497|헌신적
15498|스테인리스
15499|마키
15500|연경
15501|안와
15502|버둥거리다
15503|대체되다
15504|플랭크
15505|합법
15506|귀환하다
15507|야만인
15508|겉돌다
15509|고래고래
15510|운행되다
15511|현행법
15512|청색
15513|정정
15514|샹들리에
15515|하급
15516|동방
15517|훈남
15518|기복
15519|접목하다
15520|힝
15521|직격탄
15522|나눔
15523|분식
15524|종결되다
15525|페소
15526|염병
15527|홍길동
15528|유방
15529|부진하다
15530|점치다
15531|티티
15532|전라북도
15533|만화가
15534|체인점
15535|다섯째
15536|집념
15537|자원하다
15538|리타
15539|정지시키다
15540|산정
15541|상응하다
15542|엷다
15543|콜택시
15544|콧방귀
15545|공지하다
15546|쌩쌩
15547|룸메
15548|우체통
15549|마미
15550|연중
15551|상실감
15552|쟁쟁하다
15553|동궁
15554|눈송이
15555|방언
15556|서해
15557|소매치기
15558|깁스
15559|무마
15560|소굴
15561|귀히
15562|여차하다
15563|화백
15564|불붙다
15565|완공
15566|동글동글
15567|찰흙
15568|전라남도
15569|혼잡하다
15570|소치
15571|율동
15572|토스
15573|흰둥이
15574|필주
15575|대출하다
15576|손꼽다
15577|세율
15578|간병인
15579|전면전
15580|나날
15581|품속
15582|무스
15583|턱걸이
15584|매니큐어
15585|칼자루
15586|추산하다
15587|에이전시
15588|산꼭대기
15589|개혁하다
15590|때려잡다
15591|샛길
15592|허약하다
15593|집어먹다
15594|형용사
15595|심술궂다
15596|칼질
15597|양치하다
15598|토큰
15599|서비스업
15600|알아맞히다
15601|활자
15602|면담하다
15603|지젤
15604|의료비
15605|욕심쟁이
15606|안감
15607|경외하다
15608|철거되다
15609|빙판
15610|고루
15611|송림
15612|페인팅
15613|허풍
15614|속세
15615|막내아들
15616|보리차
15617|스탠스
15618|반품
15619|무력감
15620|토치
15621|차별화되다
15622|내리깔다
15623|그닥
15624|갑각류
15625|건초
15626|바티칸
15627|갱단
15628|우라늄
15629|식생활
15630|민소매
15631|호민
15632|캠프파이어
15633|철봉
15634|사당
15635|후진하다
15636|딩동댕
15637|협의회
15638|의젓하다
15639|혼사
15640|이주하다
15641|급등
15642|삐져나오다
15643|가차
15644|익룡
15645|태클
15646|러너
15647|신뢰성
15648|증가되다
15649|빈약하다
15650|탄약
15651|전전하다
15652|언덕길
15653|벙벙하다
15654|도지사
15655|꼿꼿하다
15656|비상하다
15657|도포
15658|덜컹
15659|특산물
15660|공석
15661|역임하다
15662|까놓다
15663|탄두
15664|네로
15665|질투심
15666|광역
15667|우등생
15668|쫄리다
15669|잠복하다
15670|통행료
15671|상담실
15672|서양식
15673|피날레
15674|밀레니엄
15675|기침하다
15676|응애
15677|자퇴
15678|연천
15679|들러리
15680|시적
15681|학식
15682|뿜뿜
15683|제끼다
15684|다낭
15685|어중간하다
15686|바벨
15687|모국어
15688|마감
15689|갱신하다
15690|촉진하다
15691|꽃향기
15692|허물
15693|케다
15694|중턱
15695|큰딸
15696|광합성
15697|르완다
15698|자리매김하다
15699|해지다
15700|학생회
15701|응시
15702|흠칫하다
15703|선교회
15704|문단
15705|대시
15706|때깔
15707|비행선
15708|길동
15709|창립자
15710|대타
15711|얼룩말
15712|횡단
15713|도출하다
15714|프랭클린
15715|분당
15716|승부하다
15717|페스트
15718|실점
15719|환수
15720|간택
15721|방긋
15722|몰락하다
15723|텐
15724|수련하다
15725|법리
15726|헤
15727|평온
15728|슬퍼지다
15729|다듬어지다
15730|영부인
15731|버스킹
15732|쪽쪽
15733|전우
15734|공연되다
15735|후미
15736|부천
15737|내시경
15738|소주잔
15739|납작
15740|정화하다
15741|치부하다
15742|뱀뱀
15743|금강
15744|길잡이
15745|결성하다
15746|보람
15747|망언
15748|땅굴
15749|초승달
15750|펜던트
15751|앤더슨
15752|검투사
15753|출격
15754|개연성
15755|목격
15756|치켜세우다
15757|기봉
15758|따주다
15759|꽃집
15760|홧김
15761|할애하다
15762|쿵쾅거리다
15763|우애
15764|티키타카
15765|장내
15766|친밀감
15767|기포
15768|취조
15769|모아주다
15770|공청회
15771|몰리
15772|네안데르탈인
15773|크리스마스트리
15774|체내
15775|안중
15776|자서전
15777|글로벌하다
15778|이당
15779|정년
15780|인하하다
15781|살갑다
15782|산하
15783|충혈되다
15784|이색적
15785|공약하다
15786|공식화하다
15787|피처링
15788|옛적
15789|팔아넘기다
15790|무뎌지다
15791|변덕
15792|불운
15793|통신망
15794|노크하다
15795|숙박비
15796|윗집
15797|말실수
15798|독학
15799|찬성표
15800|혐오스럽다
15801|기피
15802|미란
15803|숙제하다
15804|경제성
15805|흡입
15806|마음고생
15807|전염
15808|산행
15809|콘테스트
15810|상관관계
15811|원효
15812|앞집
15813|심적
15814|단수
15815|양치질
15816|닥
15817|대외적
15818|학살하다
15819|함장
15820|관용
15821|휴대하다
15822|감량
15823|레일
15824|해일
15825|방출되다
15826|혼신
15827|족족
15828|에디터
15829|날벼락
15830|솔깃하다
15831|호되다
15832|일산
15833|착취
15834|소용돌이치다
15835|제각기
15836|성악
15837|유역
15838|추억하다
15839|울컥
15840|숙부
15841|합의되다
15842|샤르도네
15843|프라하
15844|파울
15845|안드레
15846|테크놀로지
15847|가닿다
15848|런웨이
15849|군더더기
15850|이사다
15851|탑재
15852|옹
15853|바흐
15854|블록버스터
15855|책갈피
15856|사또
15857|네거티브
15858|플레이리스트
15859|정당방위
15860|출중하다
15861|독창성
15862|감면
15863|차돌박이
15864|로빈슨
15865|바람나다
15866|발길질
15867|증명서
15868|목수
15869|막창
15870|들쑤시다
15871|택지
15872|통풍
15873|갓김치
15874|패배자
15875|역효과
15876|진척
15877|스물
15878|올인하다
15879|여중생
15880|멍들다
15881|정당화하다
15882|뒷정리
15883|시냇물
15884|주걱
15885|승점
15886|타르
15887|따귀
15888|마개
15889|결선
15890|숄더
15891|충당하다
15892|원작자
15893|연루
15894|즉흥
15895|단층
15896|연수원
15897|점토
15898|미니멀리즘
15899|꼿꼿이
15900|추구
15901|물탱크
15902|판명되다
15903|유효
15904|위법하다
15905|선하다
15906|범람하다
15907|밀집
15908|과즙
15909|벼룩
15910|허
15911|어종
15912|낙담하다
15913|클로즈업
15914|투리
15915|적막하다
15916|졸업장
15917|북상
15918|회독
15919|직각
15920|콘돔
15921|승낙하다
15922|마성
15923|선임
15924|살균
15925|뉴딜
15926|실
15927|화자
15928|시합하다
15929|최고위
15930|제재하다
15931|쪼
15932|죄질
15933|창당
15934|피투성이
15935|이질감
15936|컷오프
15937|바닷바람
15938|풍덩
15939|진실되다
15940|회상
15941|동성
15942|야자수
15943|바지
15944|마그네슘
15945|하얼빈
15946|출세
15947|내관
15948|책꽂이
15949|분해
15950|연단
15951|수모
15952|드라큘라
15953|연회장
15954|유리잔
15955|매크로
15956|진료하다
15957|하차
15958|계승
15959|모함하다
15960|청개구리
15961|국군
15962|뇌졸중
15963|여주
15964|실하다
15965|산재
15966|상영하다
15967|윷
15968|벼룩시장
15969|노릇하다
15970|고발되다
15971|군기
15972|렌더링
15973|습득
15974|경멸
15975|과속
15976|몰디브
15977|평정심
15978|희
15979|디자인되다
15980|범람
15981|바삭
15982|숙박업소
15983|집세
15984|형상화하다
15985|리투아니아
15986|추출
15987|요동
15988|아랍어
15989|탁구공
15990|개각
15991|발칵
15992|쥐어뜯다
15993|떠돌아다니다
15994|용무
15995|고갈되다
15996|빚지다
15997|마스
15998|코팅하다
15999|전담하다
16000|소절
16001|장대비
16002|물집
16003|비방
16004|섬나라
16005|고문하다
16006|궁리하다
16007|로렌
16008|공포스럽다
16009|폴리스
16010|대조적
16011|라이
16012|작문
16013|분수대
16014|기판
16015|야밤
16016|허파
16017|등장시키다
16018|기념사진
16019|딜러
16020|포개다
16021|안성맞춤
16022|앨리
16023|빙산
16024|꼬르륵
16025|구원자
16026|초대되다
16027|뻐근하다
16028|남서쪽
16029|재해석하다
16030|수뇌부
16031|가로막히다
16032|해머
16033|표방하다
16034|살짝살짝
16035|석구
16036|신설되다
16037|낚이다
16038|최하위
16039|쇼트
16040|얼씬
16041|홍해
16042|답안지
16043|감격스럽다
16044|터무니없이
16045|역사책
16046|뒷조사
16047|예보하다
16048|까딱하다
16049|우려내다
16050|리허설하다
16051|광원
16052|수문
16053|개혁안
16054|전기장판
16055|통역하다
16056|임신부
16057|하소연하다
16058|똘똘하다
16059|파국
16060|유별나다
16061|잔소리하다
16062|냉각
16063|눈꽃
16064|양극
16065|이발사
16066|천생연분
16067|머리핀
16068|실험적
16069|어안
16070|수작업
16071|노루
16072|은근하다
16073|떠밀리다
16074|노출시키다
16075|컨퍼런스
16076|제멋대로
16077|내란
16078|골수
16079|적립
16080|목격담
16081|재검토하다
16082|리서치
16083|써
16084|조문객
16085|조달하다
16086|대의원
16087|발키리
16088|우려스럽다
16089|모듈러
16090|폭격기
16091|총무
16092|질책
16093|재량
16094|으레
16095|오찬
16096|메쉬
16097|미완성
16098|분란
16099|젠더
16100|믿음직하다
16101|에필로그
16102|초중고
16103|오므리다
16104|발설하다
16105|아범
16106|무조건
16107|네일
16108|창경궁
16109|위조하다
16110|소지하다
16111|앳되다
16112|후크
16113|페이드
16114|정색하다
16115|청결하다
16116|오므라이스
16117|차종
16118|티몬
16119|생물학
16120|믹스하다
16121|해고
16122|하소연
16123|가냘프다
16124|의논
16125|진형
16126|막둥이
16127|선사
16128|엄습하다
16129|융통성
16130|투표권
16131|기어
16132|한탄하다
16133|명화
16134|방통위원장
16135|나들이
16136|수두룩하다
16137|샘솟다
16138|나무젓가락
16139|북돋다
16140|떠나오다
16141|오그라들다
16142|정사
16143|모토
16144|풍랑
16145|도피하다
16146|개입되다
16147|애석하다
16148|페루
16149|박하
16150|타운
16151|어프로치
16152|숭고하다
16153|파괴력
16154|내려보내다
16155|우울
16156|다닥다닥
16157|마침표
16158|교육용
16159|가
16160|얼리다
16161|유선
16162|러그
16163|요즈음
16164|첨예하다
16165|헤드라인
16166|독박
16167|프로토콜
16168|냉동고
16169|속죄하다
16170|당분
16171|보증하다
16172|트위스트
16173|직경
16174|빠이빠이
16175|눈썰미
16176|운반
16177|압승
16178|이층
16179|생생히
16180|패스파인더
16181|손절
16182|봉급
16183|보령
16184|되도록
16185|운동량
16186|해변가
16187|난제
16188|격전지
16189|쳐
16190|미백
16191|보좌
16192|현실화되다
16193|앙심
16194|체
16195|분홍빛
16196|밑창
16197|오디세이
16198|빈칸
16199|재활용품
16200|아이엠
16201|일탈
16202|탱탱하다
16203|제시간
16204|장녀
16205|기이하다
16206|심드렁하다
16207|헤헷
16208|스캐너
16209|외동딸
16210|수행원
16211|코펜하겐
16212|증류
16213|말미
16214|귀마개
16215|포만감
16216|둔탁하다
16217|오타쿠
16218|마구마구
16219|고주파
16220|합리화
16221|뱅크
16222|장학생
16223|이응
16224|좆같다
16225|임플란트
16226|매스컴
16227|용적률
16228|발탁되다
16229|시효
16230|회초리
16231|울분
16232|버크
16233|호황
16234|미숫가루
16235|마블링
16236|아역
16237|크리스마스이브
16238|마진
16239|데코
16240|시부
16241|레아
16242|외화
16243|프
16244|프레첼
16245|약혼녀
16246|채권자
16247|장성
16248|암세포
16249|소상
16250|건의
16251|가나다라마바사
16252|손안
16253|강제적
16254|대자연
16255|방방
16256|관장하다
16257|낄낄거리다
16258|굴레
16259|여생
16260|주구장창
16261|자그마치
16262|뭉개지다
16263|비정상
16264|선발전
16265|집단적
16266|내정되다
16267|총량
16268|울보
16269|혼혈
16270|스도쿠
16271|주입
16272|말썽꾸러기
16273|색시
16274|루미
16275|전갱이
16276|모어
16277|퐁당
16278|새엄마
16279|베일리
16280|지구력
16281|벌겋다
16282|분별력
16283|연합하다
16284|불시
16285|복식
16286|순두부
16287|부릉부릉
16288|기동
16289|읊조리다
16290|예우
16291|분분하다
16292|증진
16293|움찔
16294|간증하다
16295|청취자
16296|출퇴근하다
16297|자책
16298|속편
16299|보직
16300|대표자
16301|오랑우탄
16302|부흥
16303|다락
16304|바삐
16305|당혹감
16306|이롭다
16307|간극
16308|성묘
16309|의의
16310|유예하다
16311|알뜰하다
16312|눈싸움
16313|선호도
16314|스캣
16315|초청되다
16316|기권
16317|연장전
16318|가식
16319|농사짓다
16320|결전
16321|빙판길
16322|성장세
16323|버드나무
16324|반등
16325|은광
16326|급수
16327|주체하다
16328|크나크다
16329|무비
16330|리부트
16331|전문직
16332|승차
16333|슬
16334|동강
16335|북방
16336|전조
16337|우승컵
16338|왕권
16339|러시아어
16340|보답
16341|별생각
16342|용필
16343|하차하다
16344|휘휘
16345|카이로
16346|유익
16347|스타일링하다
16348|오붓하다
16349|링거
16350|장담
16351|루터
16352|논밭
16353|잠수하다
16354|반신욕
16355|소도시
16356|다단계
16357|뒷전
16358|분열되다
16359|이프
16360|동업자
16361|추측되다
16362|팽창하다
16363|꽃무늬
16364|시트콤
16365|김천
16366|리어카
16367|투숙하다
16368|찬장
16369|메이트
16370|머슴
16371|조감독
16372|경비실
16373|주얼리
16374|문제의식
16375|나가떨어지다
16376|친유
16377|사탕수수
16378|무심히
16379|배리
16380|거하다
16381|그릴
16382|쇄
16383|여행용
16384|개천
16385|뒤떨어지다
16386|침구
16387|진이
16388|머리숱
16389|복수심
16390|둔화
16391|주둔하다
16392|가산점
16393|철들다
16394|진급
16395|나주
16396|싱다
16397|순양
16398|반란군
16399|진품
16400|적정하다
16401|분산되다
16402|포효하다
16403|가늘어지다
16404|진열하다
16405|맹주
16406|철자
16407|다다
16408|간병
16409|본국
16410|왕년
16411|구부정하다
16412|뇌사
16413|용접
16414|로저스
16415|부담금
16416|형형색색
16417|남아메리카
16418|청력
16419|자력
16420|면도
16421|가격표
16422|다국적
16423|한몫
16424|방사선
16425|트레이드
16426|절경
16427|상징성
16428|바텐더
16429|복직
16430|중개
16431|틔우다
16432|느낌표
16433|맥없이
16434|암스테르담
16435|뭍
16436|안식
16437|경상도
16438|도난당하다
16439|갈기갈기
16440|연재하다
16441|안식일
16442|학벌
16443|세척하다
16444|개원
16445|오픈되다
16446|교권
16447|젓가락질
16448|그릇되다
16449|죽어나다
16450|무리수
16451|빚쟁이
16452|뾰로롱
16453|본디
16454|안주머니
16455|백패킹
16456|브랜디
16457|예거
16458|매개
16459|발권
16460|중기
16461|수목원
16462|의총
16463|남하하다
16464|해몽
16465|괴이하다
16466|불복하다
16467|낯짝
16468|캘리포니아주
16469|출제되다
16470|말하
16471|오랑캐
16472|부득이하다
16473|찐하다
16474|수미
16475|봄비
16476|뒤엎다
16477|선례
16478|캐럴
16479|찹쌀떡
16480|닭장
16481|동태
16482|민감성
16483|계다
16484|동참
16485|불응하다
16486|엄벌
16487|창균
16488|완수
16489|견적
16490|부속
16491|전능하다
16492|메러디스
16493|쪼잔하다
16494|수행자
16495|급변하다
16496|상정
16497|총상
16498|돌비
16499|본뜨다
16500|단절
16501|밑단
16502|고우
16503|아작
16504|폴더블
16505|애견
16506|서비스하다
16507|탐험대
16508|풉
16509|흥정
16510|브래디
16511|경황
16512|유토피아
16513|홉
16514|할리
16515|클린
16516|곁눈질
16517|컬래버
16518|사가
16519|설치다
16520|식별
16521|취객
16522|납치범
16523|레저
16524|매진되다
16525|홍시
16526|약관
16527|에탄올
16528|합체하다
16529|낚싯줄
16530|과소평가하다
16531|옮겨붙다
16532|위독하다
16533|뼈다귀
16534|게재하다
16535|사형수
16536|증좌
16537|머리하다
16538|만료되다
16539|누락되다
16540|덴버
16541|보모
16542|소각장
16543|루브르
16544|연설문
16545|부황
16546|오브제
16547|진국
16548|동갑내기
16549|보람차다
16550|군포
16551|침
16552|풋볼
16553|리바운드
16554|잡다하다
16555|영화사
16556|악하다
16557|히죽
16558|모범적
16559|서양인
16560|암기하다
16561|운동가
16562|피시
16563|냅킨
16564|도래하다
16565|왕건
16566|제
16567|대비되다
16568|보호대
16569|부정부패
16570|내정
16571|장외
16572|사무치다
16573|도박장
16574|호락호락하다
16575|재력
16576|각양각색
16577|농구공
16578|동문
16579|삐끗하다
16580|화목하다
16581|기관지
16582|몬티
16583|계원
16584|낯가리다
16585|포상
16586|물웅덩이
16587|저녁밥
16588|티타임
16589|희뿌옇다
16590|빼어나다
16591|무공
16592|악용되다
16593|최신형
16594|말싸움
16595|진간장
16596|표준어
16597|시즈닝
16598|릭
16599|절친하다
16600|몰려가다
16601|출입국
16602|뒷말
16603|치루다
16604|주황
16605|기병
16606|한정적
16607|왕후
16608|숨쉬기
16609|심방
16610|부리나케
16611|강심장
16612|친오빠
16613|폐교
16614|영화계
16615|바스락거리다
16616|공병
16617|절단하다
16618|빨랑
16619|공사하다
16620|헤이지
16621|지휘권
16622|또렷이
16623|무진장
16624|애국심
16625|자제력
16626|비엔나
16627|본때
16628|유예
16629|뒷짐
16630|불복
16631|목발
16632|반열
16633|미수
16634|절다
16635|주교
16636|공인
16637|진땀
16638|원통형
16639|리무진
16640|우선하다
16641|격상하다
16642|령
16643|파이트
16644|어치
16645|연거푸
16646|대마초
16647|발휘
16648|아랫사람
16649|예식장
16650|동석
16651|자취하다
16652|후하다
16653|예습
16654|총책
16655|반석
16656|닥쳐오다
16657|동급생
16658|포옹하다
16659|상판
16660|순댓국
16661|꼬투리
16662|휘장
16663|옥스퍼드
16664|각본
16665|구애
16666|아무개
16667|긴밀히
16668|고의적
16669|결정권
16670|개회식
16671|명주
16672|전에
16673|갤럽
16674|제격
16675|쿼드
16676|고용주
16677|붉은빛
16678|필사
16679|학교장
16680|소자
16681|보병
16682|동사무소
16683|쪼르르
16684|지원군
16685|멍게
16686|붕붕
16687|탄식하다
16688|타당성
16689|횡포
16690|한의사
16691|방조
16692|부끄
16693|팬더
16694|콩밥
16695|의정부시
16696|남동쪽
16697|꼴통
16698|수압
16699|종결하다
16700|중금속
16701|환장
16702|실업
16703|경아
16704|감마
16705|핀잔
16706|쫑
16707|인터내셔널
16708|학장
16709|기능적
16710|우째
16711|해이
16712|뒤풀이
16713|구경시키다
16714|실연
16715|비서실
16716|명장
16717|압살롬
16718|무안하다
16719|자화상
16720|치맥
16721|망명
16722|전처
16723|묘역
16724|킁킁
16725|불량하다
16726|디펜스
16727|남용하다
16728|미트볼
16729|책정되다
16730|스티치
16731|부르고뉴
16732|여왕개미
16733|기획되다
16734|네이티브
16735|들통
16736|여객선
16737|뜨끈뜨끈하다
16738|투게더
16739|피렌체
16740|피곤
16741|중지되다
16742|봉인하다
16743|면전
16744|퍼거슨
16745|포커
16746|귀금속
16747|벙어리
16748|경비대
16749|스키퍼
16750|줌
16751|구불구불하다
16752|당첨금
16753|청산
16754|보우
16755|무한
16756|송구스럽다
16757|높낮이
16758|격앙되다
16759|금은방
16760|큰스님
16761|도표
16762|칭얼거리다
16763|샷건
16764|차림새
16765|브라이언
16766|크로키
16767|시원찮다
16768|구사하다
16769|독소
16770|천둥소리
16771|번방
16772|간지럽히다
16773|낭패
16774|새우튀김
16775|연말연시
16776|수출되다
16777|충족되다
16778|군림하다
16779|뮤즈
16780|자청하다
16781|케냐
16782|스모그
16783|웩
16784|엘
16785|야후
16786|잔량
16787|쾌청하다
16788|빈곤
16789|강습
16790|관절염
16791|효도하다
16792|형광
16793|젤
16794|장가
16795|몰라주다
16796|점자
16797|동산
16798|니코틴
16799|분단
16800|크라운
16801|브라우저
16802|카르
16803|불판
16804|짐작되다
16805|최고조
16806|물꼬
16807|잣
16808|허투루
16809|내려다보이다
16810|동탁
16811|프롤로그
16812|요리법
16813|허구하다
16814|아이스박스
16815|탈바꿈하다
16816|문화권
16817|교량
16818|거주자
16819|나도
16820|가득히
16821|공법
16822|흔들거리다
16823|성덕
16824|용수
16825|부화
16826|노점상
16827|현경
16828|옛날이야기
16829|뒤따라가다
16830|마일스
16831|리퍼
16832|숙원
16833|사내아이
16834|뒤적거리다
16835|몽키
16836|왕성하다
16837|패키징
16838|심리전
16839|허둥대다
16840|기재되다
16841|온달
16842|판독
16843|풍력
16844|헝겊
16845|최고가
16846|가책
16847|성씨
16848|소양
16849|불가사의하다
16850|어엿하다
16851|샥
16852|작별하다
16853|재검토
16854|꾸벅꾸벅
16855|난초
16856|그란
16857|천진난만하다
16858|매표소
16859|그리구
16860|쓸리다
16861|히익
16862|악동
16863|고집스럽다
16864|지글지글
16865|뻥치다
16866|항성
16867|골판지
16868|팽
16869|녹두
16870|후렴
16871|살롱
16872|콩가루
16873|클리닉
16874|초자연적
16875|퇴임하다
16876|삼엄하다
16877|궁둥이
16878|부정행위
16879|껑충
16880|추징금
16881|토모
16882|수술비
16883|설법
16884|내력
16885|운명적
16886|서성거리다
16887|망극하다
16888|미천하다
16889|압록강
16890|발병하다
16891|진료비
16892|예멘
16893|헐값
16894|성곽
16895|측정되다
16896|멀티미디어
16897|노후
16898|로맨틱
16899|덜미
16900|스핑크스
16901|도망하다
16902|외주
16903|브룩
16904|개관하다
16905|손색
16906|주먹질
16907|뽀송하다
16908|선점하다
16909|기약하다
16910|눈멀다
16911|보드랍다
16912|버르장머리
16913|프리즈
16914|슴슴하다
16915|펠트
16916|목표하다
16917|노바
16918|깝치다
16919|굴비
16920|질타하다
16921|책망하다
16922|고티
16923|닻
16924|정확성
16925|삭발
16926|민속
16927|위안부
16928|도전장
16929|풋
16930|헌혈
16931|어제오늘
16932|부시리
16933|단장하다
16934|다이버
16935|배불리
16936|하수
16937|무의식중
16938|전환점
16939|데뷔작
16940|현종
16941|강경파
16942|어업
16943|우회전하다
16944|딩동
16945|발송되다
16946|콜록거리다
16947|약정
16948|법치
16949|베니스
16950|폐사하다
16951|사시미
16952|부양하다
16953|이유식
16954|결혼기념일
16955|매트릭스
16956|암묵적
16957|진자
16958|유관순
16959|마비시키다
16960|피로하다
16961|자국민
16962|러블리하다
16963|사기당하다
16964|미혼모
16965|생물체
16966|개인용
16967|촉구
16968|매거
16969|월등히
16970|석천
16971|동성애
16972|학술지
16973|보스턴
16974|개통되다
16975|법규
16976|단축되다
16977|조르다
16978|고베
16979|팡파르
16980|낭만
16981|전수하다
16982|금물
16983|자투리
16984|브라이트
16985|혼란하다
16986|충
16987|뼈저리다
16988|상담소
16989|해류
16990|그랑프리
16991|걸음마
16992|교신
16993|눈덩이
16994|가뿐하다
16995|강단
16996|콜록
16997|노부부
16998|양대
16999|떠벌리다
17000|촘촘히
17001|잔말
17002|인장
17003|쓰시마
17004|러버
17005|수습되다
17006|조깅
17007|열어젖히다
17008|꼼짝하다
17009|첨탑
17010|실용성
17011|까주다
17012|파괴적
17013|친서
17014|몰아세우다
17015|내색
17016|신설
17017|헛디디다
17018|메스
17019|생색
17020|랩터
17021|인벤토리
17022|사임하다
17023|땡볕
17024|공의
17025|타락
17026|흐흐
17027|인상착의
17028|미니멀하다
17029|콜라보하다
17030|제과점
17031|조선소
17032|개막되다
17033|말랑
17034|비효율적
17035|형통하다
17036|림
17037|시구
17038|비번
17039|수국
17040|온순하다
17041|한자어
17042|배분
17043|꼴랑
17044|계피
17045|건너
17046|꽃말
17047|꼬막
17048|원체
17049|구축되다
17050|평행
17051|유배
17052|들어내다
17053|오락가락
17054|양모
17055|하품하다
17056|시프트
17057|반등하다
17058|트릴로
17059|수식
17060|당일치기
17061|시험관
17062|커터
17063|라인하르트
17064|여닫히다
17065|총평
17066|약속되다
17067|본분
17068|매진
17069|상온
17070|제기차기
17071|운전면허증
17072|스케이팅
17073|내빼다
17074|마돈나
17075|재해
17076|심혈
17077|기초하다
17078|족구
17079|페이지
17080|상정되다
17081|송파
17082|광대하다
17083|외톨이
17084|침착
17085|변형하다
17086|합주
17087|전송되다
17088|타원형
17089|직관
17090|버드
17091|탄핵하다
17092|막사
17093|봉기
17094|담판
17095|주례
17096|가르다
17097|심취하다
17098|환히
17099|급소
17100|막내딸
17101|설립자
17102|띵동
17103|모면하다
17104|부축
17105|위젯
17106|한눈팔다
17107|집현전
17108|귓속
17109|원거리
17110|세뇌
17111|어여쁘다
17112|자퇴하다
17113|경숙
17114|예선전
17115|파스칼
17116|탄창
17117|당구장
17118|순번
17119|헐떡거리다
17120|수집가
17121|교향곡
17122|옙
17123|핳
17124|독서실
17125|이용료
17126|헤어나다
17127|심청
17128|맹목적
17129|녹여내다
17130|최고봉
17131|아름다움
17132|넬슨
17133|대등하다
17134|메들리
17135|중거리
17136|팽이버섯
17137|주재료
17138|적잖이
17139|주제넘다
17140|솔트
17141|설리번
17142|희석
17143|포인터
17144|공급량
17145|객주
17146|조금씩
17147|위축
17148|피튜니아
17149|기피하다
17150|아가미
17151|춘향
17152|낙수
17153|의석수
17154|사업체
17155|순회
17156|핵폭탄
17157|꽥꽥
17158|소모되다
17159|이러이러하다
17160|두둑하다
17161|허우적거리다
17162|신호음
17163|쓱싹쓱싹
17164|오버로드
17165|퉁치다
17166|야영장
17167|간파하다
17168|검소하다
17169|낙찰되다
17170|모셔다드리다
17171|재규어
17172|배반하다
17173|그린란드
17174|홍성
17175|질식하다
17176|대중문화
17177|하숙집
17178|불사조
17179|소주병
17180|버저
17181|친구하다
17182|회의록
17183|성과급
17184|엘리엇
17185|재롱
17186|해조류
17187|신참
17188|치유되다
17189|릉
17190|개그우먼
17191|출토되다
17192|적색
17193|필시
17194|항해사
17195|식탐
17196|유노
17197|발송
17198|성모
17199|뒤쳐지다
17200|설
17201|덕지덕지
17202|차등
17203|꾸물거리다
17204|시끌시끌하다
17205|근막
17206|다름없이
17207|피조물
17208|살살하다
17209|성역
17210|플레이스
17211|긁어내다
17212|미식
17213|아랫집
17214|빈정거리다
17215|보육
17216|험담
17217|팽개치다
17218|액티비티
17219|미덥다
17220|얼음장
17221|면상
17222|화소
17223|조목조목
17224|영양사
17225|조연출
17226|진료소
17227|몸조심하다
17228|경유하다
17229|플라잉
17230|애피타이저
17231|토픽
17232|정산
17233|추행
17234|못내
17235|핍박
17236|탐지하다
17237|후문
17238|인구수
17239|결핵
17240|두루미
17241|지중해
17242|바들바들
17243|떠넘기다
17244|속담
17245|예명
17246|꼬꼬
17247|유기하다
17248|껄껄
17249|병뚜껑
17250|반기
17251|빙의
17252|쩌리
17253|와이셔츠
17254|등신
17255|석류
17256|소화제
17257|지렛대
17258|숭배
17259|승부수
17260|아이러니
17261|브로드웨이
17262|기역
17263|착공
17264|붑
17265|특훈
17266|동계
17267|세찬
17268|자진하다
17269|퍼내다
17270|하나하나
17271|교감하다
17272|콩고
17273|학자금
17274|수락
17275|결렬되다
17276|기필코
17277|까지다
17278|민법
17279|절감하다
17280|개소
17281|화초
17282|완자
17283|포포
17284|옐
17285|테레비
17286|보복하다
17287|코레
17288|액상
17289|아티팩트
17290|베어
17291|해진
17292|급증
17293|교구
17294|후반전
17295|캐비아
17296|대접받다
17297|목조
17298|입상하다
17299|갈릭
17300|승소하다
17301|잽
17302|전신주
17303|움찔거리다
17304|감리
17305|전극
17306|빼박
17307|쪼까
17308|쭈꾸미
17309|당도
17310|안내판
17311|에헴
17312|창작물
17313|추방하다
17314|끙끙
17315|저장고
17316|피력하다
17317|도롱뇽
17318|마틸다
17319|키치
17320|애슐리
17321|벌컥벌컥
17322|상기되다
17323|와이퍼
17324|격분하다
17325|모빌리티
17326|모순되다
17327|판매점
17328|신주
17329|칭
17330|노세
17331|적폐
17332|정치가
17333|오노
17334|장승
17335|열쇠고리
17336|되팔다
17337|독찰
17338|분별하다
17339|인치
17340|우회
17341|원기
17342|멸하다
17343|누추하다
17344|순자
17345|도토리묵
17346|바닷길
17347|리버
17348|조각하다
17349|분간하다
17350|플래카드
17351|프로젝터
17352|찌개
17353|구체화하다
17354|모락모락
17355|임종
17356|밀랍
17357|청소년기
17358|플루트
17359|궂다
17360|누수
17361|평탄하다
17362|자초지종
17363|짐칸
17364|눈밭
17365|제맛
17366|럭비
17367|켄
17368|라돈
17369|고치
17370|돌계단
17371|예방법
17372|고달프다
17373|쓰러트리다
17374|필체
17375|방명록
17376|어른거리다
17377|화장지
17378|본품
17379|갈등하다
17380|울적하다
17381|출입증
17382|악플러
17383|친애하다
17384|서초
17385|우웩
17386|꼬부다
17387|감상문
17388|무덤덤하다
17389|주짓수
17390|삭막하다
17391|인디아
17392|궤
17393|라이어
17394|시저
17395|민초
17396|스쿼드
17397|복무하다
17398|유기적
17399|엄살
17400|피눈물
17401|할망구
17402|국밥집
17403|마이너
17404|조부모
17405|빤스
17406|분신
17407|디디디
17408|달짝지근하다
17409|삽입하다
17410|떼쓰다
17411|낙인
17412|정비소
17413|배상금
17414|정상화되다
17415|싱
17416|카눈
17417|은총
17418|드라이하다
17419|묵히다
17420|아라비아
17421|관여
17422|금잔디
17423|후예
17424|빵점
17425|요요
17426|입단하다
17427|게
17428|아쉬움
17429|황태
17430|보닛
17431|비평가
17432|특단
17433|사냥터
17434|트러플
17435|아형
17436|등줄기
17437|왜소하다
17438|케인
17439|맹구
17440|바크
17441|총통
17442|올
17443|땀방울
17444|주종
17445|고헤이
17446|될다
17447|혼미하다
17448|아리스토텔레스
17449|폭식
17450|폭군
17451|십다
17452|재판하다
17453|워메
17454|동반되다
17455|노프다
17456|특가
17457|입금되다
17458|갈피
17459|안무가
17460|소개팅하다
17461|첫발
17462|남해
17463|어장
17464|패시브
17465|희석하다
17466|시위하다
17467|도입부
17468|묻어두다
17469|곡괭이
17470|주작
17471|낯빛
17472|에어쇼
17473|보관소
17474|위험천만하다
17475|변방
17476|한정하다
17477|동이
17478|꼬리뼈
17479|도서
17480|제국주의
17481|선약
17482|스마트하다
17483|단골손님
17484|스포트라이트
17485|파운드리
17486|대장정
17487|질책하다
17488|생중계하다
17489|사업주
17490|불나다
17491|뒤뜰
17492|편식
17493|수유
17494|리우데자네이루
17495|어휘력
17496|그니까
17497|겸비하다
17498|상고
17499|스튜어트
17500|직시하다
17501|간간히
17502|왕래
17503|놀이방
17504|치욕
17505|훈육
17506|명령어
17507|원통
17508|애국
17509|경쟁적
17510|똥꼬
17511|키득거리다
17512|레이크
17513|열의
17514|물바다
17515|전어
17516|형제자매
17517|신칸센
17518|꿰다
17519|회비
17520|부록
17521|기능하다
17522|여리여리하다
17523|노트르담
17524|은행원
17525|후들거리다
17526|절망감
17527|춘식
17528|멍때리다
17529|플레이오프
17530|성남
17531|선도하다
17532|발신자
17533|군대
17534|아우성
17535|운항하다
17536|퍼그
17537|건널목
17538|공연히
17539|타코야키
17540|스니커즈
17541|우엉
17542|가중되다
17543|스폿
17544|홀더
17545|찡하다
17546|예견하다
17547|레미콘
17548|고량주
17549|서슴다
17550|광저우
17551|파산
17552|이스트
17553|대강당
17554|포석
17555|신기술
17556|각급
17557|윌리
17558|꼬치꼬치
17559|바람둥이
17560|좌우명
17561|뚜뚜
17562|전권
17563|매료되다
17564|연대하다
17565|납땜
17566|산수
17567|아이코
17568|우중충하다
17569|몹
17570|아드레날린
17571|말년
17572|불도저
17573|고고학자
17574|자은
17575|천하장사
17576|돋우다
17577|불국사
17578|유급
17579|복분자
17580|행방불명
17581|까딱
17582|심신
17583|현판
17584|심호흡하다
17585|청산하다
17586|퇴치하다
17587|뗏목
17588|업보
17589|성공률
17590|분화
17591|러닝머신
17592|포상금
17593|귀찮아하다
17594|진열장
17595|사진기
17596|지부장
17597|도둑질하다
17598|운수
17599|프랑크푸르트
17600|거물
17601|가미되다
17602|수줍음
17603|차남
17604|척도
17605|아이비
17606|개찰구
17607|절실히
17608|조프
17609|코팅되다
17610|파전
17611|편집되다
17612|특례
17613|앞장
17614|분정
17615|추리닝
17616|플래너
17617|역주행하다
17618|연사
17619|충족
17620|가열하다
17621|불리우다
17622|알싸하다
17623|혈전
17624|낚시꾼
17625|봉변
17626|층고
17627|입각하다
17628|공명
17629|클리핑
17630|흥건하다
17631|발동되다
17632|농어촌
17633|계모
17634|메트로
17635|한민족
17636|모방
17637|떡상
17638|냉담하다
17639|기동대
17640|돼지
17641|냉수
17642|무료하다
17643|너울
17644|중시하다
17645|우왕좌왕하다
17646|방황
17647|탈옥
17648|우선시하다
17649|마젠타
17650|비관적
17651|감동시키다
17652|피살자
17653|규호
17654|리프
17655|울진
17656|정열
17657|사마리아
17658|출판하다
17659|제모
17660|개업하다
17661|원서
17662|탐스럽다
17663|기계식
17664|절개
17665|밍밍하다
17666|지은이
17667|사정하다
17668|웃음거리
17669|피난민
17670|변두리
17671|필두
17672|일순간
17673|겸하다
17674|원반
17675|쨍쨍하다
17676|티켓팅
17677|바꿔치기하다
17678|존경심
17679|새콤달콤
17680|총점
17681|중지하다
17682|탈춤
17683|개설되다
17684|크리스탈
17685|오산
17686|도깨비불
17687|섬진강
17688|탄닌
17689|배기가스
17690|심증
17691|골머리
17692|선화
17693|배기다
17694|이해시키다
17695|하이킹
17696|고증
17697|피니시
17698|사사건건
17699|증폭되다
17700|야속하다
17701|서기관
17702|신흥
17703|조안
17704|모이
17705|라오어
17706|바트
17707|유래되다
17708|말라위
17709|개봉되다
17710|엄호하다
17711|커팅
17712|맘속
17713|김칫국
17714|들어나다
17715|염색체
17716|마른침
17717|전도하다
17718|뻘쭘하다
17719|짝수
17720|쇄도하다
17721|보고
17722|구제역
17723|예식
17724|불량배
17725|발효시키다
17726|화투
17727|홀수
17728|파노라마
17729|연마하다
17730|묘목
17731|변환하다
17732|가로젓다
17733|대청소
17734|석아
17735|엉기다
17736|고스톱
17737|보정하다
17738|소바
17739|조준하다
17740|셔틀버스
17741|순사
17742|형국
17743|괴담
17744|입점하다
17745|신호탄
17746|육각형
17747|답사
17748|뜨
17749|압축되다
17750|거저
17751|인도양
17752|대관식
17753|별문제
17754|팽창
17755|키바
17756|암살하다
17757|산업용
17758|전폭적
17759|깨소금
17760|흑연
17761|해치
17762|라신
17763|도저
17764|강인하다
17765|후라이팬
17766|관아
17767|근엄하다
17768|상소
17769|정보화
17770|낑낑거리다
17771|이종훈
17772|말조심하다
17773|정취
17774|쫑긋
17775|순찰하다
17776|동네방네
17777|포용하다
17778|그리워지다
17779|광고비
17780|신생
17781|미카엘
17782|식별하다
17783|수록하다
17784|공용어
17785|트랩
17786|소말리아
17787|남원
17788|어따
17789|보보
17790|의주
17791|우루과이
17792|내치다
17793|발포
17794|탄광
17795|입문
17796|마사지하다
17797|감소시키다
17798|보도국
17799|발휘되다
17800|예복
17801|걸리적거리다
17802|미혼
17803|결판
17804|횡설수설하다
17805|풍파
17806|대지진
17807|항쟁
17808|나부랭이
17809|묘비
17810|단호히
17811|답례
17812|도로변
17813|마그마
17814|승승장구하다
17815|용제
17816|조속하다
17817|불순물
17818|부식
17819|끌려다니다
17820|연속적
17821|동그랑땡
17822|성욕
17823|친근감
17824|정원사
17825|챙
17826|노랫말
17827|표류하다
17828|중계하다
17829|단적
17830|석방하다
17831|딴생각
17832|소실되다
17833|마운드
17834|철렁하다
17835|무차별적
17836|고로케
17837|영양실조
17838|폭발시키다
17839|조선족
17840|보조하다
17841|숙지하다
17842|화채
17843|청결
17844|띡
17845|계량
17846|비방하다
17847|최저가
17848|무마하다
17849|후라이
17850|숙박하다
17851|대패
17852|약조하다
17853|미끄럼
17854|영빈관
17855|지소미아
17856|간소하다
17857|채용되다
17858|파라솔
17859|우러나오다
17860|잠복기
17861|행실
17862|비즈
17863|공중파
17864|임충
17865|작살
17866|뜰
17867|소년원
17868|자필
17869|완연하다
17870|환수하다
17871|발맞추다
17872|캐스팅하다
17873|본방
17874|빈말
17875|레위
17876|터벅터벅
17877|낭독
17878|액
17879|국력
17880|생리대
17881|양력
17882|샤카
17883|시골집
17884|위생적
17885|다트
17886|담력
17887|배수구
17888|예술품
17889|곱빼기
17890|폐쇄적
17891|신드롬
17892|생가
17893|범상하다
17894|선왕
17895|시료
17896|우바
17897|인사이드
17898|수년
17899|가히
17900|극성
17901|공천하다
17902|배합
17903|태극
17904|띄엄띄엄
17905|랜딩
17906|철진
17907|송두리째
17908|침범
17909|확전
17910|아구
17911|그랜트
17912|부스럭
17913|막상막하
17914|봉쇄되다
17915|의지력
17916|분출하다
17917|분포하다
17918|솔
17919|칭칭
17920|봉인되다
17921|발뒤꿈치
17922|등굣길
17923|살인하다
17924|시상하다
17925|뒤처리
17926|트럼펫
17927|대문자
17928|골탕
17929|애호가
17930|도루
17931|알콜
17932|사절
17933|비축하다
17934|바삭바삭
17935|짓밟히다
17936|불곰
17937|지나오다
17938|말발굽
17939|말라붙다
17940|그랴
17941|귀주
17942|갈아엎다
17943|연탄
17944|버라이어티
17945|식전
17946|느티나무
17947|막중하다
17948|쫄보
17949|댓가
17950|지침
17951|선회하다
17952|컨벤션
17953|마르스
17954|긴축
17955|회색빛
17956|인출하다
17957|성추행하다
17958|이기심
17959|갸름하다
17960|정신병자
17961|와락
17962|취하하다
17963|사수하다
17964|서가
17965|상구
17966|뜨아
17967|폭등
17968|기찻길
17969|찔리다
17970|러프하다
17971|투척
17972|각형
17973|통역사
17974|해동
17975|자치
17976|복사본
17977|성체
17978|성좌
17979|비스듬하다
17980|노숙
17981|주간지
17982|평수
17983|두근두근하다
17984|관사
17985|탕탕
17986|상류층
17987|생도
17988|희망자
17989|노약자
17990|각인
17991|카오스
17992|잡아떼다
17993|남몰래
17994|순례
17995|친목
17996|개중
17997|망각
17998|일거수일투족
17999|인터폴
18000|에뮬레이터
18001|절단되다
18002|번쩍거리다
18003|뒷이야기
18004|피사체
18005|운형
18006|수로
18007|에취
18008|브리핑하다
18009|파라오
18010|누비다
18011|탄환
18012|고흥
18013|달아보다
18014|기슭
18015|스피넬
18016|임용
18017|서찰
18018|죄송스럽다
18019|스탠딩
18020|돈줄
18021|조각나다
18022|포피
18023|착색
18024|혁명적
18025|혼쭐
18026|단테
18027|소비되다
18028|변변하다
18029|부케
18030|가물가물하다
18031|꿉다
18032|법치주의
18033|거부당하다
18034|쓰라리다
18035|신혼
18036|드래그
18037|추장
18038|간디
18039|가관
18040|덤벨
18041|레그
18042|적잖다
18043|푸시
18044|범행하다
18045|제독
18046|수그러들다
18047|아바
18048|수업료
18049|미드필더
18050|강설
18051|영장류
18052|각인되다
18053|계발
18054|파격
18055|전쟁하다
18056|잰
18057|조잡하다
18058|마시
18059|욱신거리다
18060|노모
18061|찌질이
18062|참전하다
18063|내신
18064|핫초코
18065|비아냥거리다
18066|화물선
18067|옥탑
18068|잡어
18069|내동댕이치다
18070|진사
18071|애용
18072|안전모
18073|퍼팅
18074|권위자
18075|문제아
18076|문학적
18077|딴판
18078|왈왈
18079|재배치
18080|정승
18081|쓰임새
18082|안착하다
18083|당도하다
18084|용모
18085|배급
18086|에리카
18087|거금
18088|개방적
18089|성채
18090|팽이
18091|석궁
18092|기리
18093|비수
18094|편안
18095|주선하다
18096|버릇없다
18097|야들야들하다
18098|복희
18099|연례
18100|지게차
18101|반팔
18102|순리
18103|학문적
18104|내달리다
18105|납치당하다
18106|갈고닦다
18107|접경
18108|용상
18109|유턴
18110|금연
18111|터너
18112|장염
18113|가엽다
18114|초롱
18115|쌍방
18116|신학
18117|혼합
18118|그즈음
18119|석굴암
18120|노폐물
18121|역전승
18122|꼴깍
18123|식후
18124|코빼기
18125|긴자
18126|의견서
18127|으깨다
18128|잠실
18129|외제
18130|방음
18131|검성
18132|칼바람
18133|인간미
18134|긴급회의
18135|되가지다
18136|명찰
18137|데니스
18138|다운로드하다
18139|청룡
18140|폐가
18141|아삭하다
18142|꽹과리
18143|피서객
18144|다수당
18145|비평
18146|덕택
18147|하우
18148|불통
18149|과육
18150|나초
18151|초면
18152|히스토리
18153|통계적
18154|오뚜기
18155|북경
18156|살닿다
18157|바리케이드
18158|진료실
18159|배당금
18160|열혈
18161|산청
18162|상징물
18163|리드하다
18164|콩쥐
18165|교대하다
18166|이야기꾼
18167|조촐하다
18168|덮어놓다
18169|교수진
18170|수하물
18171|굳건히
18172|소장품
18173|안데르센
18174|불발되다
18175|아웃풋
18176|디트로이트
18177|구약
18178|연통
18179|골다공증
18180|타이핑
18181|따
18182|대쉬
18183|각계
18184|보조개
18185|통치자
18186|스릴
18187|활동가
18188|성교육
18189|사인펜
18190|포위
18191|초파리
18192|가해
18193|창녀
18194|인주
18195|수신기
18196|온도계
18197|당무
18198|차차차
18199|숨차다
18200|샤브샤브
18201|사랑니
18202|해돋이
18203|피난처
18204|팝송
18205|사과나무
18206|워딩
18207|북적거리다
18208|최전선
18209|포위되다
18210|콤비
18211|유혈
18212|반딧불이
18213|스톡홀름
18214|베레모
18215|번호표
18216|상희
18217|술사
18218|실검
18219|각서
18220|추수
18221|착잡하다
18222|클리셰
18223|친족
18224|강림
18225|정선
18226|시몽
18227|뽀송뽀송하다
18228|트램
18229|트윈
18230|점거하다
18231|표어
18232|다림질
18233|투우
18234|미적
18235|펴낸이
18236|재건하다
18237|시시
18238|검체
18239|정형외과
18240|죄의식
18241|예물
18242|왈칵
18243|흘끔
18244|적의
18245|고민거리
18246|하모
18247|폭행당하다
18248|주체적
18249|말버릇
18250|행선지
18251|씀씀이
18252|하이드
18253|우익
18254|모카
18255|늠름하다
18256|견종
18257|허상
18258|동수
18259|검수
18260|꽁무니
18261|멜리사
18262|디카
18263|열성적
18264|벚나무
18265|감세
18266|주접
18267|렉
18268|표면
18269|강약
18270|친딸
18271|수정안
18272|노점
18273|럭셔리하다
18274|정전되다
18275|군고구마
18276|적혈구
18277|통찰
18278|진보적
18279|변덕스럽다
18280|레인
18281|투숙
18282|자메이카
18283|레트로
18284|부녀
18285|족적
18286|야단치다
18287|과식
18288|레이아웃
18289|저금리
18290|베팅하다
18291|어시스트
18292|빚어내다
18293|클레오파트라
18294|가르침
18295|우스갯소리
18296|원시적
18297|촛대
18298|전기료
18299|피오
18300|스턴트
18301|파내다
18302|종잡다
18303|봉사자
18304|기약
18305|홀랑
18306|촉발되다
18307|카누
18308|리브
18309|허하다
18310|스레드
18311|국공
18312|다방면
18313|경보음
18314|소여
18315|칭얼대다
18316|음울하다
18317|스페어
18318|앵두
18319|배려
18320|케밥
18321|입덕
18322|오웰
18323|원초적
18324|차비
18325|살포하다
18326|흑해
18327|손동작
18328|격자
18329|메소
18330|무한히
18331|말랑하다
18332|그물망
18333|두억시니
18334|월성
18335|사
18336|허허허다
18337|한의원
18338|개화
18339|강산
18340|덧나다
18341|깽판
18342|심령
18343|제휴
18344|상장하다
18345|리모콘
18346|자만하다
18347|특목고
18348|굽
18349|폭신하다
18350|아령
18351|침체되다
18352|착수
18353|호로록
18354|주총
18355|효녀
18356|개강
18357|진저리
18358|비대칭
18359|안드로메다
18360|동맥
18361|일러스트레이터
18362|아이쿠
18363|우물거리다
18364|실패작
18365|토시
18366|역전되다
18367|끄덕
18368|청혼
18369|청량
18370|코다리
18371|대입하다
18372|난입하다
18373|자이
18374|버팀목
18375|청소부
18376|갈릴레오
18377|나귀
18378|외향적
18379|아슬라
18380|총탄
18381|브로치
18382|포획하다
18383|예이
18384|칸트
18385|내과
18386|삼가다
18387|판도
18388|기가
18389|강훈
18390|다크닝
18391|도발적
18392|의료인
18393|산정하다
18394|난사
18395|코랄
18396|너도나도
18397|찾아들다
18398|몸종
18399|레버리지
18400|끗
18401|바스락
18402|널널하다
18403|오드
18404|이탈리아어
18405|경제
18406|부들부들하다
18407|와장창
18408|문체
18409|볼리비아
18410|첨삭
18411|철철
18412|잠수함
18413|입당하다
18414|트리케라톱스
18415|복주
18416|애장품
18417|개사
18418|블라디보스토크
18419|조심성
18420|종대
18421|유대교
18422|지평
18423|아무쪼록
18424|잠결
18425|애꿎다
18426|홀연히
18427|미성년
18428|식성
18429|인용되다
18430|진술서
18431|내몰다
18432|자위대
18433|쇼코
18434|바야흐로
18435|다수결
18436|저딴
18437|수소문하다
18438|티어
18439|꿈틀대다
18440|출항하다
18441|증폭시키다
18442|냉소적
18443|거스
18444|낙서하다
18445|말뜻
18446|선구자
18447|모던하다
18448|소독약
18449|지새우다
18450|태반
18451|홀로
18452|곁들이다
18453|말대꾸
18454|거뜬히
18455|땔감
18456|안식처
18457|벨라
18458|녹초
18459|장려상
18460|본
18461|옥죄다
18462|슬림하다
18463|단주
18464|도록
18465|초대권
18466|공양
18467|단념하다
18468|곳간
18469|미조
18470|구별되다
18471|넘겨보다
18472|혼합하다
18473|노부인
18474|신대륙
18475|차단기
18476|엄정
18477|시기하다
18478|응시자
18479|반대말
18480|작은언니
18481|채색하다
18482|후반기
18483|인터랙티브
18484|약주
18485|랜스
18486|이주민
18487|호미
18488|교육자
18489|브루노
18490|합성어
18491|간호하다
18492|대조하다
18493|해강
18494|세습
18495|소믈리에
18496|바벨론
18497|박차다
18498|아이덴티티
18499|척박하다
18500|하산
18501|에두르다
18502|태닝
18503|베티
18504|아산
18505|올케
18506|총격전
18507|태식
18508|착안하다
18509|비틀비틀
18510|방한하다
18511|정우
18512|소화시키다
18513|손녀딸
18514|간발
18515|낭비되다
18516|잡귀
18517|최씨
18518|자연사
18519|처형하다
18520|라텍스
18521|직행하다
18522|할
18523|묘연하다
18524|국대
18525|관원
18526|사령탑
18527|여신상
18528|배분하다
18529|결단하다
18530|팟타이
18531|호프집
18532|재회하다
18533|거즈
18534|골레다
18535|전달자
18536|대기시키다
18537|경미하다
18538|쌀가루
18539|비행장
18540|박도
18541|중대본
18542|기별
18543|사무직
18544|연상되다
18545|예열
18546|암초
18547|파쿠르
18548|수혜
18549|다리다
18550|치키다
18551|옹벽
18552|부조리하다
18553|퓨마
18554|대우하다
18555|갈기다
18556|웃음꽃
18557|필기시험
18558|급작스럽다
18559|끝맺다
18560|놀이하다
18561|제곱킬로미터
18562|생중계되다
18563|판국
18564|연장선
18565|조각가
18566|싹둑
18567|뻐꾸기
18568|워너비
18569|노조원
18570|홍채
18571|전사하다
18572|새벽녘
18573|주얼
18574|콘티
18575|영덕
18576|분양하다
18577|쉭
18578|우수성
18579|생업
18580|미식가
18581|성태
18582|퀸카
18583|유동적
18584|기준점
18585|뒷발
18586|방법론
18587|갈구하다
18588|벗어던지다
18589|소원하다
18590|재산권
18591|뱅글뱅글
18592|곤돌라
18593|얼쑤
18594|카세트
18595|자긍심
18596|혼수
18597|엄밀하다
18598|확립하다
18599|점핑
18600|초롱초롱하다
18601|분기점
18602|우물쭈물하다
18603|데이비스
18604|매수
18605|오더
18606|카스텔라
18607|새아빠
18608|심부름꾼
18609|치사
18610|외근
18611|뚝딱뚝딱
18612|긍지
18613|지검
18614|매니지먼트
18615|깜박
18616|행수
18617|은화
18618|키다리
18619|변환
18620|장기화하다
18621|헐레벌떡
18622|함양
18623|셜리
18624|순금
18625|귀인
18626|링컨
18627|대중화
18628|주책
18629|벅차오르다
18630|하모니카
18631|쇠약하다
18632|미달
18633|결례
18634|기로
18635|투사
18636|철책
18637|불허하다
18638|피차
18639|해설자
18640|민원실
18641|주제곡
18642|기만하다
18643|꽥
18644|즉위하다
18645|야금야금
18646|나체
18647|기냥
18648|새콤달콤하다
18649|찜하다
18650|베로
18651|나팔
18652|쌀쌀맞다
18653|나돌다
18654|그때서야
18655|존슨
18656|스케이트장
18657|직계
18658|빨래방
18659|아웅
18660|킁킁거리다
18661|눈망울
18662|가열되다
18663|맹세코
18664|관할
18665|짭새
18666|전입
18667|실온
18668|경희
18669|가느다
18670|꿋꿋이
18671|배신당하다
18672|낭독하다
18673|감금하다
18674|과소비
18675|처량하다
18676|사기다
18677|휘리
18678|원신
18679|홀드
18680|삐죽
18681|롤플레잉
18682|파열되다
18683|전승
18684|청담
18685|초식
18686|운하
18687|민사
18688|멋들어지다
18689|찝다
18690|매파
18691|청정
18692|움막
18693|따르릉
18694|빗대다
18695|요강
18696|아삭아삭하다
18697|철벽
18698|공예품
18699|방심
18700|스파이스
18701|폐수
18702|탈취하다
18703|대학교수
18704|불상사
18705|맞대결
18706|세라믹
18707|광양
18708|펙
18709|우편엽서
18710|더듬더듬
18711|액셀
18712|신영
18713|배찌
18714|해장하다
18715|성사시키다
18716|메소포타미아
18717|오리발
18718|소극장
18719|라이선스
18720|이름나다
18721|퐁
18722|볼품없다
18723|디바
18724|토이
18725|폭신폭신하다
18726|오스트레일리아
18727|등반
18728|한평생
18729|집행되다
18730|발현
18731|본딩
18732|가창력
18733|어메니티
18734|접어주다
18735|비치되다
18736|푸르스름하다
18737|분수령
18738|사진첩
18739|갑론을박
18740|순직하다
18741|로그인
18742|존엄
18743|울고불고
18744|저하되다
18745|추출물
18746|열렬히
18747|러시
18748|광역시
18749|기대감
18750|넓적하다
18751|특화
18752|콩팥
18753|광란
18754|남중국해
18755|노년
18756|여지껏
18757|허그
18758|멘털
18759|갈수
18760|차후
18761|황궁
18762|살만
18763|공장장
18764|털보
18765|콧등
18766|절도범
18767|별별
18768|짚
18769|노상
18770|보구
18771|차돌
18772|모포
18773|의연하다
18774|거사
18775|계보
18776|군용기
18777|양털
18778|소모품
18779|증폭
18780|베드
18781|져주다
18782|하동
18783|일용직
18784|승부처
18785|희생시키다
18786|확인서
18787|품절되다
18788|건재하다
18789|이듬해
18790|태양빛
18791|사피엔스
18792|공존
18793|연모하다
18794|바자회
18795|청자
18796|간주되다
18797|최다
18798|사진사
18799|에이드리언
18800|새침하다
18801|희망차다
18802|책정
18803|고추기름
18804|수도관
18805|항저우
18806|지체되다
18807|여름휴가
18808|명시적
18809|보배
18810|시집오다
18811|단련되다
18812|파먹다
18813|최고령
18814|요긴하다
18815|부릉
18816|뾰루지
18817|피습
18818|훌라후프
18819|월말
18820|타석
18821|서체
18822|시종일관
18823|평정
18824|멕시코시티
18825|위배되다
18826|분할
18827|좁쌀
18828|분별
18829|멋스럽다
18830|목전
18831|창단
18832|출격하다
18833|제어
18834|이해력
18835|패스트
18836|그리움
18837|푸근하다
18838|재정비
18839|절제되다
18840|꼬리표
18841|역사하다
18842|루저
18843|신뢰감
18844|새록새록
18845|직성
18846|뼈아프다
18847|뚜비
18848|광고판
18849|고용되다
18850|동작하다
18851|산란
18852|거짓되다
18853|연타
18854|스멀스멀
18855|원투
18856|빵가루
18857|장기화되다
18858|쏘가리
18859|목젖
18860|어둑어둑하다
18861|백내장
18862|티아라
18863|키메라
18864|뒤숭숭하다
18865|실탄
18866|제아무리
18867|뭣하다
18868|추적기
18869|젖병
18870|콜로세움
18871|외양간
18872|작은아버지
18873|가련하다
18874|불매
18875|출판되다
18876|꼰대
18877|치치
18878|쩝쩝
18879|프랑켄슈타인
18880|미어캣
18881|주마등
18882|증액
18883|밤길
18884|여타
18885|중정
18886|소요
18887|추리다
18888|스펠
18889|실없다
18890|급속하다
18891|핀셋
18892|적시되다
18893|바자
18894|융
18895|어의
18896|색색
18897|아미노산
18898|잡념
18899|소프라노
18900|강력계
18901|형씨
18902|뚜벅뚜벅
18903|의결되다
18904|순두부찌개
18905|약혼
18906|미경
18907|탈출구
18908|오슬로
18909|송치되다
18910|관성
18911|아그
18912|거래
18913|백스터
18914|청둥오리
18915|이만하다
18916|가성
18917|피폐하다
18918|순찰대
18919|맷돌
18920|넘쳐흐르다
18921|독단적
18922|오심
18923|이바지하다
18924|한풀
18925|중태
18926|박탈감
18927|대로변
18928|충청북도
18929|흉하다
18930|피비
18931|뿡
18932|훈계
18933|주특기
18934|까치발
18935|태안
18936|주모
18937|내젓다
18938|잼
18939|프사
18940|여객
18941|한밤
18942|신상품
18943|좌우되다
18944|질
18945|강제성
18946|코발트
18947|땅땅
18948|치켜뜨다
18949|폭삭
18950|탈색하다
18951|든든히
18952|구부리다
18953|파파라치
18954|믿음직스럽다
18955|폼
18956|올인원
18957|옹알이
18958|모자라다
18959|하의
18960|신첩
18961|호위하다
18962|손가락질하다
18963|감금되다
18964|윙크하다
18965|위트
18966|전전긍긍하다
18967|다정
18968|크리스피
18969|뇌종양
18970|음절
18971|닢
18972|시간제
18973|가입되다
18974|자주색
18975|심층
18976|어깨동무
18977|육로
18978|카리브해
18979|공공연하다
18980|윽박지르다
18981|수용되다
18982|휴무
18983|푸아그라
18984|엘라
18985|움큼
18986|구비하다
18987|큰소리치다
18988|직분
18989|존엄성
18990|의지
18991|허탕
18992|일구다
18993|연재되다
18994|주변인
18995|공덕
18996|운영비
18997|맞바꾸다
18998|배타적
18999|의거
19000|탐욕스럽다
19001|대표되다
19002|길버트
19003|말꼬리
19004|배탈
19005|마룻바닥
19006|담합
19007|커넥터
19008|처신
19009|현찰
19010|문단속
19011|북어
19012|구례
19013|여장
19014|섭리
19015|창희
19016|분담하다
19017|시스루
19018|나디
19019|고질적
19020|불덩이
19021|일단락되다
19022|식장
19023|로리
19024|성종
19025|응대
19026|잡아넣다
19027|유원지
19028|청구권
19029|준비시키다
19030|세지다
19031|당돌하다
19032|소곤거리다
19033|약탈하다
19034|하디
19035|에프
19036|배차
19037|머핀
19038|공허
19039|병균
19040|유일
19041|장전하다
19042|윈윈
19043|훈련되다
19044|조각조각
19045|중요시
19046|머글
19047|초췌하다
19048|세탁물
19049|격돌하다
19050|유분
19051|수평선
19052|앞모습
19053|부어오르다
19054|마티스
19055|안착
19056|함유량
19057|분필
19058|마스터하다
19059|유부녀
19060|게릴라
19061|먹튀
19062|제사상
19063|걸핏하면
19064|스산하다
19065|분부
19066|에피
19067|소노
19068|교통량
19069|망연자실하다
19070|제삼자
19071|제곱
19072|의술
19073|선공
19074|검출
19075|양육권
19076|하이에나
19077|지지부진하다
19078|실링
19079|루스벨트
19080|도안
19081|야화
19082|미치
19083|고것
19084|열람하다
19085|낳아주다
19086|게재되다
19087|돌격하다
19088|물색하다
19089|이부자리
19090|무혐의
19091|지숙
19092|훈연
19093|엘니뇨
19094|제대하다
19095|알뜰
19096|왈츠
19097|비상금
19098|정발
19099|구멍가게
19100|살의
19101|당주
19102|공론화
19103|들꽃
19104|이글거리다
19105|국비
19106|매캐하다
19107|가로세로
19108|임대하다
19109|휴식하다
19110|솔잎
19111|고이다
19112|최루탄
19113|수혈
19114|유공자
19115|풍자하다
19116|떠받치다
19117|실책
19118|엽기적
19119|당심
19120|어게인
19121|후광
19122|재활
19123|매정하다
19124|물고기
19125|자랑거리
19126|금주
19127|자유분방하다
19128|맞받아치다
19129|수렴
19130|등뼈
19131|반별
19132|정의감
19133|털털하다
19134|횡성
19135|격화되다
19136|덮어씌우다
19137|훈수
19138|스트랜딩
19139|선수촌
19140|흠잡다
19141|헤드라이트
19142|빠삭하다
19143|얼
19144|기하학
19145|카운트다운
19146|햄찌
19147|쌈밥
19148|충신
19149|신촌
19150|결별
19151|고음
19152|배럴
19153|똑딱
19154|중심적
19155|민물고기
19156|레이어드하다
19157|동서남북
19158|하슬러
19159|슬러시
19160|볼링장
19161|외로움
19162|핫플
19163|코믹하다
19164|참관
19165|초크
19166|사방팔방
19167|덕연
19168|고인물
19169|결집하다
19170|정맥
19171|극강
19172|큰아이
19173|끼리
19174|좌지우지하다
19175|목돈
19176|겸연쩍다
19177|성심
19178|거스름돈
19179|적응되다
19180|세이프
19181|쫄딱
19182|채광
19183|예체능
19184|원귀
19185|들이키다
19186|비릿하다
19187|깨트리다
19188|아삭
19189|동두천
19190|술기운
19191|두드러기
19192|레거시
19193|모험하다
19194|블라디미르
19195|원통하다
19196|압도되다
19197|용의
19198|정보기관
19199|조종석
19200|애먼
19201|유로파
19202|창피
19203|설상가상
19204|아사
19205|데스크탑
19206|고물상
19207|맹비난하다
19208|스트라이프
19209|삽질
19210|까미
19211|스노보드
19212|해하다
19213|내후년
19214|어케
19215|딸리다
19216|깨어지다
19217|전반전
19218|야행성
19219|북중
19220|상심
19221|구차하다
19222|솔리드
19223|지창
19224|전도
19225|모래밭
19226|풍광
19227|등유
19228|태왕
19229|시몬
19230|조그만하다
19231|피신하다
19232|컨설턴트
19233|연식
19234|적중하다
19235|시제품
19236|용의선상
19237|깃
19238|유념하다
19239|직업병
19240|협소하다
19241|멜
19242|떠맡다
19243|호화
19244|무지무지
19245|무덥다
19246|넥서스
19247|어귀
19248|무릇
19249|징징거리다
19250|멘사
19251|장밋빛
19252|샤랄라
19253|자꾸자꾸
19254|스테로이드
19255|동아
19256|발발하다
19257|전지훈련
19258|딴사람
19259|시초
19260|뒷맛
19261|강점기
19262|저음
19263|부속실
19264|수여되다
19265|객관식
19266|흐아
19267|피칭
19268|러셀
19269|게인
19270|단지
19271|소강
19272|으름장
19273|대부
19274|꾸중
19275|퍽퍽
19276|타로
19277|대령하다
19278|슬다
19279|생식
19280|혼동하다
19281|옹알거리다
19282|아이큐
19283|출품되다
19284|색칠
19285|고군분투하다
19286|바오
19287|연속하다
19288|기습적
19289|전량
19290|체크인하다
19291|중매
19292|체념
19293|모나코
19294|삭감하다
19295|인내하다
19296|착시
19297|양구
19298|승소
19299|화신
19300|코일
19301|견주다
19302|포용
19303|르노
19304|근심하다
19305|무언
19306|논어
19307|이데올로기
19308|부도
19309|어사
19310|동백꽃
19311|메스껍다
19312|단칼
19313|무인
19314|미풍
19315|장정
19316|상주하다
19317|외지인
19318|갑부
19319|필링
19320|도매
19321|회심
19322|이뻐하다
19323|부상당하다
19324|긴히
19325|열애
19326|출발선
19327|웅아
19328|컥
19329|통용되다
19330|허옇다
19331|답장하다
19332|저널
19333|오버사이즈
19334|켈프
19335|오리진
19336|관광버스
19337|끈끈이
19338|메밀
19339|뒤틀다
19340|고려되다
19341|안전망
19342|찬밥
19343|선언문
19344|맏언니
19345|은어
19346|일왕
19347|채끝
19348|폭망
19349|회귀
19350|으르렁대다
19351|괴롭힘
19352|함
19353|윙스
19354|개망신
19355|초짜
19356|고딕
19357|시냅스
19358|악희
19359|비녀
19360|복되다
19361|고압
19362|역세권
19363|브금
19364|정파
19365|야릇하다
19366|츤데레
19367|심술
19368|하강
19369|도금
19370|염전
19371|밀당
19372|유광
19373|트라이
19374|백김치
19375|부대
19376|복자
19377|어질러지다
19378|이깟
19379|복종
19380|멜리에스
19381|밑지다
19382|보급품
19383|지모
19384|칼끝
19385|동물성
19386|바보짓
19387|격납고
19388|범벅
19389|누디
19390|곯아떨어지다
19391|프론트
19392|미스테리
19393|속살
19394|해괴하다
19395|밤잠
19396|소각
19397|미학
19398|어둑하다
19399|희소성
19400|볼록하다
19401|타국
19402|여왕벌
19403|고궁
19404|용인하다
19405|다목적
19406|기관장
19407|푼돈
19408|경주하다
19409|폴리곤
19410|회생
19411|다나스
19412|완충
19413|양념하다
19414|진귀하다
19415|난기류
19416|올봄
19417|입천장
19418|냉방
19419|순천시
19420|개새
19421|정어리
19422|도망자
19423|선수권
19424|지향
19425|낙하하다
19426|염색약
19427|공업
19428|심해
19429|입상자
19430|출범시키다
19431|뭔
19432|커플링
19433|보리밥
19434|기행
19435|상념
19436|극비
19437|테이크아웃
19438|성인식
19439|어렴풋하다
19440|오래
19441|비과세
19442|테일
19443|원문
19444|둔화되다
19445|베놈
19446|소급
19447|순희
19448|스노볼
19449|도민
19450|큰절
19451|떼먹다
19452|완치되다
19453|눈치껏
19454|화합물
19455|절규하다
19456|백란
19457|감초
19458|마스킹
19459|비상시
19460|야박하다
19461|암소
19462|돌다리
19463|설움
19464|야생마
19465|인수인계
19466|만두피
19467|남방
19468|역습
19469|증여
19470|리트리버
19471|원청
19472|신고식
19473|신세대
19474|신고
19475|주의력
19476|브뤼셀
19477|깜박거리다
19478|레이즈
19479|쫄쫄
19480|업신여기다
19481|아낙
19482|결연하다
19483|예비역
19484|가을철
19485|극찬하다
19486|장수하다
19487|분사
19488|핸드볼
19489|씩씩대다
19490|겨리
19491|안절부절
19492|지레
19493|소유물
19494|포악하다
19495|용광로
19496|수포
19497|깜찍이
19498|교육시키다
19499|격파
19500|웬수
19501|장가가다
19502|신이
19503|충성스럽다
19504|절절하다
19505|장발
19506|새댁
19507|핀치
19508|당류
19509|거북선
19510|환경미화원
19511|직감적
19512|편입되다
19513|위선
19514|해코지
19515|젖소
19516|포럼
19517|경청
19518|바둑판
19519|치트
19520|모래성
19521|야마모토
19522|만개하다
19523|견인차
19524|보은
19525|나부끼다
19526|철썩
19527|봉황
19528|의선
19529|실토하다
19530|엉덩방아
19531|병적
19532|효리
19533|양부모
19534|억눌리다
19535|리모델링하다
19536|쉬이
19537|공관위
19538|합세하다
19539|지긋하다
19540|고즈넉하다
19541|자폭
19542|우호
19543|연근
19544|곤봉
19545|밀집되다
19546|개교하다
19547|댓
19548|증발
19549|명제
19550|촌놈
19551|떠내다
19552|기념비
19553|요압
19554|무쇠
19555|흉악범
19556|돌팔이
19557|월리
19558|놉
19559|대납
19560|포르노
19561|모빌
19562|뜯어고치다
19563|에이펙스
19564|은신
19565|술탄
19566|삭히다
19567|성상
19568|남북한
19569|산티아고
19570|문호
19571|뜨개질
19572|청혼하다
19573|픽업하다
19574|트램펄린
19575|생포하다
19576|플로리다주
19577|결여되다
19578|간질간질
19579|측은하다
19580|순이익
19581|해열제
19582|되돌다
19583|배송되다
19584|무력화하다
19585|안전지대
19586|운동권
19587|왜왜
19588|신경질
19589|년치
19590|자비롭다
19591|폐품
19592|북돋우다
19593|이상화
19594|선동하다
19595|역도
19596|원목
19597|바질
19598|질적
19599|무해하다
19600|상점가
19601|부대끼다
19602|두려워지다
19603|예비하다
19604|면세
19605|진철
19606|통곡
19607|재래시장
19608|팜유
19609|특정인
19610|해안선
19611|반환하다
19612|상기하다
19613|제빵
19614|복층
19615|승차권
19616|꿀떡
19617|월별
19618|레퍼토리
19619|동서양
19620|맹글다
19621|하이디
19622|널빤지
19623|성차별
19624|미팅하다
19625|회유하다
19626|깡마르다
19627|환생하다
19628|장작불
19629|면죄부
19630|불개미
19631|원외
19632|강압
19633|응징하다
19634|대정
19635|자의식
19636|로커
19637|마
19638|동급
19639|발달시키다
19640|개털
19641|싱클레어
19642|황금기
19643|항변하다
19644|두둔하다
19645|란생
19646|뒷바라지
19647|개학하다
19648|인품
19649|준
19650|찡그리다
19651|상담원
19652|카토
19653|모금하다
19654|클리너
19655|금식
19656|워홀
19657|유동
19658|시보
19659|합의점
19660|종종걸음
19661|제천
19662|티다
19663|인신매매
19664|약산성
19665|트이다
19666|당최
19667|슬랙스
19668|유용
19669|호조
19670|입당
19671|채석장
19672|터미네이터
19673|불어
19674|인풋
19675|원더
19676|프로토타입
19677|자작곡
19678|업무용
19679|약혼하다
19680|곤약
19681|반딧불
19682|도킹
19683|장황하다
19684|양해하다
19685|발명되다
19686|땡땡
19687|수령하다
19688|발부
19689|미오
19690|후진
19691|왕복하다
19692|압류
19693|시퀀스
19694|정월
19695|대중음악
19696|턱시도
19697|장난질
19698|명당
19699|차액
19700|겸허하다
19701|매도하다
19702|불룩하다
19703|연행되다
19704|글라이더
19705|대선배
19706|감나무
19707|우러나다
19708|삼각관계
19709|취약점
19710|정희
19711|종교인
19712|파다하다
19713|침침하다
19714|클
19715|총명하다
19716|트래킹
19717|딘
19718|살길
19719|대통령제
19720|댐
19721|북아메리카
19722|동조
19723|주몽
19724|출사표
19725|영화롭다
19726|우화
19727|비나
19728|대범하다
19729|무극
19730|고사
19731|죄목
19732|불의하다
19733|유실되다
19734|낱개
19735|작사
19736|분절
19737|력
19738|황공하다
19739|회관
19740|현실화하다
19741|축적
19742|달미
19743|해주
19744|오소리
19745|양서류
19746|촉법소년
19747|수확량
19748|정겹다
19749|레프트
19750|채굴
19751|솜방망이
19752|유사시
19753|엄선하다
19754|요법
19755|구금되다
19756|오르내리다
19757|철망
19758|상심하다
19759|성실
19760|흰옷
19761|엄정하다
19762|취
19763|성정
19764|룩셈부르크
19765|짜아
19766|그것참
19767|면담
19768|중성
19769|약화시키다
19770|기석
19771|순박하다
19772|귀리
19773|백화
19774|암수
19775|지직거리다
19776|방독면
19777|파열
19778|자문하다
19779|소명하다
19780|휘핑
19781|횡단하다
19782|여경
19783|불구
19784|단시간
19785|트래픽
19786|하키
19787|적수
19788|물컵
19789|크리
19790|국민학교
19791|코브
19792|은태
19793|까불이
19794|상급자
19795|성충
19796|링스
19797|췌장
19798|꺼려지다
19799|언쟁
19800|메르세데스
19801|금지법
19802|질문지
19803|인멸하다
19804|참상
19805|팔걸이
19806|연립
19807|할례
19808|제의하다
19809|안치되다
19810|숙식
19811|국제법
19812|시제
19813|오죽
19814|날라리
19815|폄하하다
19816|덮어쓰다
19817|부르릉
19818|의족
19819|벅벅
19820|대인
19821|캐처
19822|리커버리
19823|셰퍼드
19824|저명하다
19825|고결하다
19826|말짱하다
19827|손절하다
19828|초벌
19829|브레인
19830|수도사
19831|띄어쓰기
19832|인라인스케이트
19833|전사자
19834|약수터
19835|기재하다
19836|비유적
19837|준결승전
19838|대충하다
19839|우당탕
19840|요격
19841|총력전
19842|케찹
19843|농어
19844|증명사진
19845|살림
19846|곤두박질치다
19847|진찰
19848|시험공부
19849|신탁
19850|예천
19851|빌라도
19852|넝쿨
19853|또래
19854|눈병
19855|소호
19856|격상되다
19857|불찰
19858|으스러지다
19859|피난
19860|라방
19861|옛이야기
19862|명희
19863|년산
19864|감도
19865|톨게이트
19866|흘기다
19867|신랄하다
19868|추론하다
19869|신통하다
19870|송도
19871|미화
19872|재벌가
19873|유년기
19874|우간다
19875|미상
19876|썰물
19877|고초
19878|재연하다
19879|맹렬히
19880|부산물
19881|상큼
19882|취합하다
19883|불친절하다
19884|꼬드기다
19885|각막
19886|반향
19887|갯바위
19888|고조선
19889|기입하다
19890|성악가
19891|나열되다
19892|박구
19893|팍팍하다
19894|차슈
19895|화끈거리다
19896|고토
19897|충남
19898|간사이
19899|알제리
19900|단락
19901|체취
19902|충심
19903|농기구
19904|봉화
19905|파나마
19906|누누이
19907|소관
19908|보들보들하다
19909|딴따라
19910|뒷받침
19911|독침
19912|프시케
19913|병명
19914|무실점
19915|부기장
19916|빗길
19917|산비탈
19918|아부다비
19919|엉거주춤
19920|결벽증
19921|칙
19922|공경하다
19923|곡성
19924|빵꾸
19925|지피다
19926|어학연수
19927|광배
19928|윗말
19929|복덩이
19930|투덜대다
19931|청양
19932|스크램블
19933|샤인머스캣
19934|의무화되다
19935|추모식
19936|전모
19937|왕릉
19938|반원
19939|스컹크
19940|방향제
19941|호찌민
19942|요나단
19943|집게손가락
19944|프로이트
19945|여지없이
19946|세로
19947|흡연자
19948|증표
19949|행차
19950|종기
19951|씽씽
19952|경화
19953|유라시아
19954|찰랑거리다
19955|선방
19956|평화상
19957|현대식
19958|열무김치
19959|뻔뻔스럽다
19960|화환
19961|유달리
19962|배포되다
19963|더블
19964|공헌하다
19965|으쌰으쌰
19966|작업대
19967|원흉
19968|헥
19969|전염성
19970|정상급
19971|정액
19972|결성되다
19973|쿨
19974|공중화장실
19975|적적하다
19976|키미
19977|희토류
19978|가노
19979|설계자
19980|견주
19981|동의서
19982|해금
19983|고요
19984|힐끔거리다
19985|은조
19986|장검
19987|여념
19988|응수하다
19989|결성
19990|택틱스
19991|무법자
19992|버번
19993|물구나무
19994|물정
19995|들숨
19996|어리광
19997|네다섯
19998|돌출
19999|서술하다
20000|명가
20001|파란
20002|툴툴거리다
20003|익사하다
20004|취조하다
20005|코카인
20006|발현되다
20007|군경
20008|깔깔거리다
20009|벡터
20010|범칙금
20011|저작물
20012|소추
20013|베이커
20014|신경계
20015|띠용
20016|문과
20017|송환
20018|아로마
20019|수초
20020|글로브
20021|시추
20022|송장
20023|성명서
20024|매디
20025|결정짓다
20026|돌리
20027|창법
20028|타임캡슐
20029|불경
20030|박탈당하다
20031|고지대
20032|강간
20033|생활고
20034|사치스럽다
20035|편성되다
20036|소집되다
20037|창자
20038|재상
20039|퐁퐁
20040|발레리나
20041|독백
20042|구구절절
20043|건식
20044|시렵다
20045|내면
20046|곤두서다
20047|강동
20048|수은
20049|슈마허
20050|여실히
20051|라일락
20052|전업
20053|연주되다
20054|거머리
20055|요직
20056|느릿하다
20057|빼꼼
20058|혹평
20059|노릇노릇하다
20060|알랭
20061|과묵하다
20062|그루터기
20063|마샬
20064|꼬꼬마
20065|인격적
20066|성탄
20067|응징
20068|종용하다
20069|끝끝내
20070|동결되다
20071|등극
20072|플라즈마
20073|본모습
20074|시식하다
20075|소화전
20076|미트
20077|카
20078|흉가
20079|계성
20080|정제
20081|체류하다
20082|갉다
20083|기모노
20084|안내원
20085|스스럼없이
20086|박제
20087|봉순
20088|타짜
20089|스케일링
20090|경상남도
20091|얼쩡거리다
20092|간사하다
20093|이화
20094|명도
20095|호환성
20096|타선
20097|효용
20098|껴입다
20099|분배하다
20100|철렁
20101|뭐이
20102|악덕
20103|호프
20104|비천하다
20105|동자
20106|쩌렁쩌렁
20107|좌
20108|검문소
20109|국고
20110|캐스팅되다
20111|깜짝깜짝
20112|희곡
20113|잠구다
20114|생략되다
20115|매개체
20116|연출가
20117|친아버지
20118|수준급
20119|누그러뜨리다
20120|아른거리다
20121|살아생전
20122|단련
20123|각색하다
20124|루타
20125|갈대밭
20126|항모
20127|잡생각
20128|자바
20129|여닫다
20130|연상하다
20131|건설적
20132|감형
20133|훤칠하다
20134|퀭하다
20135|조악하다
20136|깜냥
20137|채찍질
20138|따끔거리다
20139|불우하다
20140|교제하다
20141|윤
20142|마파두부
20143|되돌려주다
20144|개수대
20145|무기력
20146|이직하다
20147|환관
20148|체크무늬
20149|용수철
20150|의례
20151|쾌거
20152|양령
20153|소화되다
20154|사사롭다
20155|실속
20156|융합하다
20157|초가집
20158|해적선
20159|곤히
20160|겨레
20161|너트
20162|승복하다
20163|번쩍번쩍
20164|프리셋
20165|구시렁거리다
20166|대충대충
20167|미도
20168|제스
20169|먹보
20170|듀스
20171|밀폐
20172|불장난
20173|경험자
20174|보노보
20175|우회적
20176|뚜렷이
20177|양육하다
20178|발언권
20179|관제
20180|지저귀다
20181|수혜자
20182|결석하다
20183|혜자
20184|몬트리올
20185|즉위
20186|기관차
20187|귀중품
20188|잔상
20189|태권
20190|낑낑대다
20191|빈궁
20192|강강술래
20193|타사
20194|그램
20195|서치
20196|회복세
20197|번듯하다
20198|천연두
20199|찌푸려지다
20200|자형
20201|봅슬레이
20202|아노
20203|결속
20204|연옥
20205|진수성찬
20206|가식적
20207|방충망
20208|세이프티
20209|골자
20210|연구회
20211|혀끝
20212|월평균
20213|가정부
20214|전산망
20215|등판하다
20216|애굣살
20217|완고하다
20218|지프
20219|형통
20220|계획서
20221|코믹
20222|미네랄
20223|염치없다
20224|갑다
20225|고급지다
20226|진공청소기
20227|뇌세포
20228|휘리릭
20229|늑장
20230|원생
20231|모후
20232|콩알
20233|전반기
20234|성안
20235|흥부
20236|태일
20237|버스트
20238|역사관
20239|노역
20240|유례
20241|핏빛
20242|두구두구
20243|과테말라
20244|사상가
20245|매해
20246|수렁
20247|망명하다
20248|컴플레인
20249|석훈
20250|쉴드
20251|바비다
20252|익사
20253|푹신푹신하다
20254|국교
20255|요충지
20256|단소
20257|비티
20258|결혼시키다
20259|페미니즘
20260|홈
20261|가속도
20262|수호신
20263|결단코
20264|유난
20265|레포트
20266|마르크스
20267|로큰롤
20268|인접
20269|섬유질
20270|승차감
20271|노포
20272|가녀리다
20273|방편
20274|망각하다
20275|강연회
20276|컬러풀하다
20277|대롱대롱
20278|통제력
20279|믹싱
20280|중이염
20281|무관
20282|넉살
20283|푸념
20284|상업용
20285|혹하다
20286|철쭉
20287|별관
20288|주최자
20289|라트비아
20290|세실리아
20291|위용
20292|견우
20293|비탈길
20294|맛깔나다
20295|취임사
20296|깜깜
20297|강정
20298|자장
20299|들개
20300|위압감
20301|생시
20302|서정적
20303|큰손
20304|공조하다
20305|상관있다
20306|떠내려오다
20307|입소하다
20308|수줍어하다
20309|망설임
20310|미래형
20311|거푸집
20312|자행하다
20313|빙자하다
20314|하순
20315|산딸기
20316|거이
20317|모나다
20318|아르바이트하다
20319|오송
20320|오버핏
20321|사랑방
20322|적립하다
20323|선봉
20324|싱글벙글
20325|대행하다
20326|습격당하다
20327|내시
20328|저력
20329|감소되다
20330|노안
20331|조청
20332|감수
20333|인출
20334|미식축구
20335|꾸물대다
20336|급선무
20337|바그다드
20338|전진
20339|적시
20340|앙드레
20341|향초
20342|진단서
20343|군자
20344|가격하다
20345|브렉시트
20346|무능
20347|비추
20348|복역
20349|황토
20350|요량
20351|일이다
20352|눈여기다
20353|흐물흐물하다
20354|성패
20355|웅성웅성
20356|무트
20357|관군
20358|무탈하다
20359|살맛
20360|포도밭
20361|네비
20362|낮잠
20363|하매
20364|벤저민
20365|대보름
20366|현혹되다
20367|페퍼로니
20368|합당
20369|재적
20370|건조되다
20371|전무하다
20372|구석기
20373|훠이
20374|무엄하다
20375|청송
20376|따박따박
20377|고집부리다
20378|버벅거리다
20379|캡사이신
20380|희소식
20381|무미건조하다
20382|약식
20383|비너스
20384|댄싱
20385|맹
20386|미야마
20387|자중하다
20388|사무적
20389|주어
20390|돔
20391|장선
20392|과세
20393|벽시계
20394|최대
20395|흙바닥
20396|종수
20397|전범
20398|나이트클럽
20399|쿵쿵거리다
20400|현실화
20401|쌍안경
20402|휘슬
20403|실밥
20404|물보라
20405|같잖다
20406|해임하다
20407|추잡하다
20408|클러치
20409|비데
20410|의형제
20411|접사
20412|시한폭탄
20413|질척거리다
20414|화로
20415|목탄
20416|국산
20417|피츠버그
20418|뉴델리
20419|밧
20420|롤리
20421|꺼리다
20422|알제
20423|아래
20424|코덱스
20425|원앙
20426|자기애
20427|외연
20428|멜버른
20429|설렘
20430|애드립
20431|유엔군
20432|비약
20433|싹트다
20434|방어적
20435|녹화되다
20436|디톡스
20437|산기슭
20438|마담
20439|첨가물
20440|켠
20441|덥수룩하다
20442|스타일리시하다
20443|통지
20444|기권하다
20445|털실
20446|배추김치
20447|슬로바키아
20448|옥돔
20449|주관식
20450|해칭
20451|안주하다
20452|앙상블
20453|소생
20454|비약적
20455|실존하다
20456|고려
20457|관리실
20458|활보하다
20459|꼴사납다
20460|졸이다
20461|입버릇
20462|사대부
20463|고품질
20464|버건디
20465|예법
20466|삯
20467|담양
20468|사이타마
20469|더블링
20470|굳은살
20471|치명상
20472|정경
20473|배스
20474|서른
20475|아잉
20476|걸쇠
20477|불치병
20478|거추장스럽다
20479|앰뷸런스
20480|신동엽
20481|불특정
20482|계기판
20483|철퇴
20484|매장되다
20485|사야하다
20486|연체
20487|이름값
20488|으잉
20489|향료
20490|허심탄회하다
20491|방어선
20492|견인하다
20493|지배력
20494|솔방울
20495|의성
20496|막심
20497|산유국
20498|집권당
20499|화마
20500|포니테일
20501|표피
20502|투석
20503|처벌되다
20504|리버풀
20505|저소득
20506|지단
20507|때려눕히다
20508|가려
20509|재래식
20510|늪지
20511|녹조
20512|엎치다
20513|녘
20514|악력
20515|집시
20516|문간
20517|멀찌감치
20518|분비하다
20519|추어탕
20520|줄타기
20521|귀부인
20522|폭포수
20523|불사하다
20524|굴러오다
20525|풀썩
20526|심보
20527|금광
20528|카피하다
20529|성리학
20530|태백산맥
20531|승률
20532|특공
20533|청록색
20534|토사물
20535|옴마
20536|라자냐
20537|오른손잡이
20538|알레다
20539|새빨갛다
20540|모멘트
20541|선순환
20542|포문
20543|꺅
20544|일용하다
20545|자판
20546|작위
20547|쉬쉬하다
20548|하고
20549|소마
20550|구박하다
20551|슈퍼컴퓨터
20552|본원
20553|좌회전하다
20554|무임승차
20555|출항
20556|흑화
20557|뜨끔하다
20558|시칠리아
20559|곁눈질하다
20560|아카시아
20561|매질
20562|플로어
20563|필터링
20564|빌붙다
20565|바이트
20566|기와집
20567|포키
20568|꼬야
20569|스크랩
20570|랠리
20571|실로폰
20572|흠흠
20573|대작전
20574|스파링
20575|무속
20576|발간되다
20577|윤봉길
20578|나선형
20579|영애
20580|층수
20581|적반하장
20582|시험대
20583|최북단
20584|코노
20585|거상
20586|수그리다
20587|염료
20588|봉선
20589|글로리
20590|스트라이커
20591|자본금
20592|동묘
20593|공손히
20594|기증자
20595|소설책
20596|방호복
20597|오닉스
20598|방탄
20599|과시
20600|학종
20601|알릭스
20602|멀티태스킹
20603|외식하다
20604|듬성듬성
20605|상선
20606|헬스클럽
20607|벌이
20608|식도
20609|외부적
20610|특출나다
20611|구출되다
20612|봉착하다
20613|존귀하다
20614|치고받다
20615|법사
20616|염원하다
20617|화영
20618|챗봇
20619|화각
20620|투철하다
20621|중복되다
20622|공공요금
20623|빙어
20624|실소
20625|새총
20626|중화
20627|놀래다
20628|어시스턴트
20629|혜
20630|삼봉
20631|해임되다
20632|점거
20633|정제되다
20634|연골
20635|콘택트
20636|아성
20637|앞줄
20638|텍사스주
20639|소탕하다
20640|확실
20641|내달다
20642|서범
20643|집터
20644|나스
20645|훌쩍거리다
20646|민원인
20647|응원가
20648|승인되다
20649|통곡하다
20650|청동기
20651|성희
20652|발뺌하다
20653|연산
20654|표백제
20655|죽을죄
20656|밀웜
20657|인상률
20658|프란츠
20659|엊그저께
20660|폭음
20661|건강히
20662|마거릿
20663|타박상
20664|서
20665|유망하다
20666|아톰
20667|아우라
20668|유포되다
20669|우열
20670|쿠웨이트
20671|에러
20672|어찌어찌
20673|바르샤바
20674|습
20675|은박지
20676|혁신하다
20677|피부병
20678|완제품
20679|유영
20680|네년
20681|불운하다
20682|디디다
20683|서슴없이
20684|신경외과
20685|연줄
20686|조준
20687|나사
20688|점액
20689|맥아
20690|망가트리다
20691|귀가
20692|문건
20693|봉제
20694|오소
20695|장기전
20696|거야
20697|구설수
20698|문맥
20699|기교
20700|트랜스포머
20701|뒷일
20702|음대
20703|어눌하다
20704|도시가스
20705|회전시키다
20706|애다
20707|태연히
20708|시계탑
20709|헛되이
20710|예문
20711|노원
20712|몸놀림
20713|화강암
20714|명중하다
20715|색안경
20716|아들내미
20717|꽃피우다
20718|덤프트럭
20719|구세주
20720|초겨울
20721|쨍그랑
20722|보송보송하다
20723|괴리
20724|농
20725|취식
20726|실눈
20727|탱커
20728|우월감
20729|빈속
20730|기스
20731|탈옥하다
20732|콧속
20733|후천적
20734|보혈
20735|개발비
20736|압사
20737|애매모호하다
20738|손대다
20739|황색
20740|해태
20741|파열음
20742|가토
20743|어원
20744|부먹
20745|가전
20746|혈안
20747|신령
20748|처형되다
20749|머랭
20750|꽃망울
20751|타블로
20752|봉원
20753|쇼윈도
20754|바리바리
20755|일개미
20756|볼다
20757|희관
20758|방범
20759|저벅
20760|급습하다
20761|훌훌
20762|남발하다
20763|대적
20764|쳇바퀴
20765|청구서
20766|철물점
20767|표출되다
20768|예감하다
20769|천명하다
20770|브릭스
20771|백미러
20772|쇼팽
20773|탈락시키다
20774|습식
20775|별칭
20776|대장균
20777|부관
20778|휘갈기다
20779|추호
20780|밀착하다
20781|번창하다
20782|난도
20783|정학
20784|기방
20785|객차
20786|규례
20787|고모부
20788|시미즈
20789|지층
20790|곤이
20791|공감되다
20792|아울렛
20793|하사하다
20794|신체검사
20795|타악기
20796|고창
20797|착실히
20798|품귀
20799|망막
20800|기념사
20801|포구
20802|진화론
20803|통제권
20804|표절하다
20805|혈중
20806|정무
20807|행색
20808|분출되다
20809|내거
20810|부사관
20811|알츠하이머
20812|사그라지다
20813|연쇄적
20814|음란
20815|벼다
20816|켄타우로스
20817|보호되다
20818|극락
20819|귀엽
20820|눈금
20821|찔끔
20822|기상천외하다
20823|민증
20824|발주
20825|테스터
20826|걷어붙이다
20827|대잔치
20828|수련원
20829|라이카
20830|부적격
20831|스네이크
20832|팬싸
20833|복직하다
20834|지원서
20835|하부
20836|특산품
20837|정상화하다
20838|안드레아
20839|안창
20840|장씨
20841|평대
20842|판별하다
20843|패소하다
20844|친언니
20845|기모
20846|입원시키다
20847|들썩거리다
20848|혹한
20849|폭격하다
20850|녜
20851|깨
20852|나동그라지다
20853|빗질
20854|덩이
20855|늦둥이
20856|비범하다
20857|끙
20858|게을리하다
20859|개리
20860|발악
20861|성운
20862|반환
20863|회원권
20864|엉겁결
20865|밈
20866|공신
20867|양수
20868|오라이
20869|조력
20870|컨소시엄
20871|첫날밤
20872|요물
20873|쇄골
20874|공백기
20875|독고
20876|항시
20877|볼모
20878|브루나이
20879|격파하다
20880|린스
20881|수완
20882|점집
20883|추방되다
20884|덧셈
20885|지상전
20886|얼룩덜룩하다
20887|농구하다
20888|치명타
20889|은기
20890|단풍나무
20891|링링
20892|꿀꿀
20893|초저녁
20894|끄덕끄덕
20895|말랑말랑
20896|안주다
20897|고어
20898|청경채
20899|정복자
20900|체류자
20901|눈독
20902|야만적
20903|종잇장
20904|첫차
20905|보르도
20906|어렵사리
20907|십중팔구
20908|가망
20909|모스크
20910|발명왕
20911|감량하다
20912|아리땁다
20913|자폐
20914|초침
20915|형남
20916|마지노선
20917|흘겨보다
20918|첨부되다
20919|점화
20920|난타
20921|부탄
20922|뇌진탕
20923|복역하다
20924|개떡
20925|그리되다
20926|퇴비
20927|자상
20928|은발
20929|암표
20930|날파리
20931|밑동
20932|쌩쌩하다
20933|술꾼
20934|슬라이딩
20935|충원
20936|백남준
20937|시들하다
20938|창녕
20939|시퍼렇다
20940|쟁탈전
20941|태미
20942|마인
20943|드리
20944|케잌
20945|노숙인
20946|추로스
20947|개년
20948|스탠퍼드대
20949|잔돈
20950|탈취
20951|시트론
20952|생활상
20953|단풍잎
20954|희다
20955|석면
20956|역정
20957|뒷받침되다
20958|웃참
20959|당대회
20960|첫해
20961|카스테라
20962|꾀꼬리
20963|주사하다
20964|건강식
20965|세액
20966|증식하다
20967|안채
20968|따라나서다
20969|해부학
20970|간곡히
20971|팩폭
20972|웃어넘기다
20973|상한선
20974|콘
20975|신명
20976|옥주
20977|마킹
20978|스마트워치
20979|큰맘
20980|히죽거리다
20981|응대하다
20982|안식년
20983|주화
20984|난색
20985|오브라이언
20986|게시되다
20987|예쁜이
20988|중장
20989|창조주
20990|빈대떡
20991|마흔
20992|정박
20993|카라반
20994|비상용
20995|에일리
20996|대중성
20997|휘어잡다
20998|꾀병
20999|댕기다
21000|기자단
21001|내향적
21002|폴짝폴짝
21003|광대뼈
21004|항문
21005|병세
21006|퍼스
21007|냉정
21008|밑천
21009|치사율
21010|금천
21011|리소토
21012|니놈
21013|주유
21014|볼록
21015|참여시키다
21016|탈하다
21017|뭉툭하다
21018|빕다
21019|아디
21020|여제
21021|전골
21022|소외감
21023|전언
21024|사치품
21025|작두
21026|담뱃불
21027|깔깔대다
21028|싸잡다
21029|구호품
21030|관영
21031|퇴짜
21032|태후
21033|결의하다
21034|그르치다
21035|코요테
21036|그날그날
21037|분주히
21038|풍문
21039|천재성
21040|환란
21041|의기소침하다
21042|억류되다
21043|방전되다
21044|헤라클레스
21045|합천
21046|익산
21047|놀라워하다
21048|스펠링
21049|재사용하다
21050|얼굴색
21051|룸살롱
21052|쑥갓
21053|조개껍데기
21054|견갑
21055|음매
21056|방원
21057|경사로
21058|스크루
21059|시전하다
21060|두릅
21061|손금
21062|현충일
21063|눈사태
21064|들어앉다
21065|소나타
21066|피어스
21067|식당가
21068|중견
21069|무허가
21070|검시관
21071|씨알
21072|빈티지
21073|쫄깃쫄깃
21074|악담
21075|격주
21076|순삭
21077|발포하다
21078|박수갈채
21079|공생
21080|주검
21081|과오
21082|무좀
21083|호크
21084|동성애자
21085|탈진하다
21086|논제
21087|컨베이어
21088|에어백
21089|아득히
21090|하늘빛
21091|노노
21092|연륜
21093|환승하다
21094|수적
21095|슬로프
21096|멘토링
21097|부정확하다
21098|양귀비
21099|넥
21100|강적
21101|페인트칠
21102|바람개비
21103|친화력
21104|라드
21105|손탁
21106|해물
21107|기생하다
21108|부주의
21109|반론하다
21110|여단
21111|이승훈
21112|디지털카메라
21113|스콘
21114|낚싯배
21115|첨가되다
21116|들이치다
21117|고행
21118|아지매
21119|약병
21120|방정환
21121|대승
21122|석권하다
21123|쿼터
21124|떠받들다
21125|기태
21126|도플갱어
21127|긴가민가하다
21128|모성애
21129|음악하다
21130|티격태격하다
21131|샤먼
21132|쌩까다
21133|연락되다
21134|눈시울
21135|이러쿵저러쿵
21136|만화방
21137|분사하다
21138|위인전
21139|짜임새
21140|분개하다
21141|캐디
21142|교착
21143|문화계
21144|성찰하다
21145|퇴각하다
21146|월등하다
21147|동미
21148|방주
21149|모리
21150|도용
21151|위해
21152|물적
21153|좌절되다
21154|백그라운드
21155|이착륙
21156|림보
21157|과업
21158|분하다
21159|초대석
21160|워라밸
21161|쓸개
21162|한차례
21163|방송실
21164|악질
21165|유격
21166|유기체
21167|근배
21168|고물
21169|파생되다
21170|뉘
21171|전광석화
21172|석탑
21173|관광하다
21174|동면
21175|으앙
21176|봉합하다
21177|이구아나
21178|급성장하다
21179|자동문
21180|탄압하다
21181|친부모
21182|에어로빅
21183|스케쥴
21184|행방불명되다
21185|스토킹하다
21186|옥중
21187|주담대
21188|허우적대다
21189|박완서
21190|밑거름
21191|쥐뿔
21192|쿠알라룸푸르
21193|소속감
21194|병합
21195|야마
21196|알파카
21197|호피
21198|정통성
21199|죽을힘
21200|지지다
21201|가미하다
21202|하백
21203|입상
21204|단양
21205|힘겨루기
21206|전해질
21207|김장하다
21208|무한정
21209|레크리에이션
21210|변조
21211|늦가을
21212|예예
21213|완강하다
21214|당적
21215|빗기다
21216|면책
21217|물갈이
21218|으스대다
21219|쇼하다
21220|매연
21221|다과
21222|외가
21223|대가족
21224|콩깍지
21225|열등하다
21226|승복
21227|상복
21228|능률
21229|코크
21230|출발시키다
21231|상층
21232|청두
21233|유레카
21234|무참히
21235|열일하다
21236|리자
21237|정곡
21238|원색
21239|방송인
21240|위시
21241|일차적
21242|미음
21243|상환
21244|돌무더기
21245|분째
21246|답사하다
21247|리전
21248|다분히
21249|노릇노릇
21250|활달하다
21251|콩닥콩닥
21252|밤거리
21253|잉글리시
21254|약효
21255|원종
21256|우쭐하다
21257|뒷주머니
21258|베르토
21259|내통하다
21260|피비린내
21261|사격하다
21262|시술하다
21263|서포터
21264|오존
21265|창조자
21266|아널드
21267|지부
21268|출렁거리다
21269|추천서
21270|황위
21271|돌입
21272|안락의자
21273|강무
21274|서울말
21275|토닥토닥
21276|병행
21277|밥통
21278|쫒다
21279|출금
21280|클로징
21281|편입하다
21282|성소
21283|이야아
21284|입마개
21285|확정적
21286|여아
21287|예견되다
21288|간편식
21289|명란젓
21290|짚신
21291|외마디
21292|아틀란티스
21293|팀별
21294|물난리
21295|돌출되다
21296|손쓰다
21297|동충하초
21298|공물
21299|괴력
21300|턱턱
21301|치장하다
21302|떫다
21303|긁어모으다
21304|인석
21305|예레미야
21306|엄포
21307|모지리
21308|실런트
21309|선정적
21310|예화
21311|테일즈
21312|격노하다
21313|뚱하다
21314|베냐민
21315|비쥬얼
21316|실현시키다
21317|트랜스젠더
21318|기무라
21319|근절
21320|개같다
21321|김치냉장고
21322|로라
21323|고리키
21324|헐다
21325|더새다
21326|황송하다
21327|굼벵이
21328|대회장
21329|덴트
21330|취조실
21331|패러글라이딩
21332|꿰차다
21333|본색
21334|발대식
21335|언어적
21336|노동부
21337|발란스
21338|펜타곤
21339|거들떠보다
21340|공립
21341|방부제
21342|자해
21343|서론
21344|인숙
21345|연등
21346|고동
21347|형무소
21348|지리다
21349|처자식
21350|승천하다
21351|스케치하다
21352|위세
21353|아래위
21354|장장
21355|미영
21356|앞지르다
21357|타개하다
21358|안젤라
21359|독설
21360|이자율
21361|특정되다
21362|하네스
21363|친자
21364|서먹하다
21365|중재자
21366|테베
21367|드럼통
21368|투쟁하다
21369|매한가지
21370|총합
21371|구스
21372|산골
21373|피프
21374|전멸하다
21375|복주머니
21376|담담히
21377|안일하다
21378|듀크
21379|전라
21380|작은방
21381|선발대
21382|과로
21383|백만장자
21384|동독
21385|수율
21386|쇠퇴하다
21387|값어치
21388|속절없이
21389|문지방
21390|빈방
21391|고전하다
21392|국어사전
21393|전셋집
21394|북송
21395|중재하다
21396|인지상정
21397|육향
21398|초고층
21399|아무짝
21400|촌
21401|아소
21402|집배원
21403|각방
21404|정크
21405|청탁하다
21406|끙끙대다
21407|결정체
21408|고고학
21409|어렵
21410|그리스도교
21411|프러포즈하다
21412|숨바꼭질하다
21413|개명
21414|허황되다
21415|클라스
21416|맹견
21417|키퍼
21418|통화료
21419|부둥켜안다
21420|디딤돌
21421|수질
21422|방광
21423|정강이
21424|섹터
21425|애국자
21426|캐롤
21427|난사하다
21428|갸
21429|히잡
21430|만무하다
21431|진행형
21432|비옥하다
21433|취사
21434|월주
21435|수다쟁이
21436|성깔
21437|카이사르
21438|각인시키다
21439|불침번
21440|출가하다
21441|앨리슨
21442|야유회
21443|바닷가재
21444|부표
21445|절뚝거리다
21446|캐머런
21447|레티놀
21448|공공시설
21449|가글
21450|동물적
21451|덕구
21452|스폰지
21453|커밍아웃
21454|강연하다
21455|버클리
21456|정진하다
21457|국공립
21458|알콩달콩
21459|하교하다
21460|옥체
21461|부검하다
21462|짹짹
21463|파벌
21464|루수
21465|고소당하다
21466|오르락내리락하다
21467|분실물
21468|줄기차다
21469|봉수
21470|역류하다
21471|톱밥
21472|자격지심
21473|킥킥
21474|이입
21475|라스베가스
21476|뒷바퀴
21477|미쿠다
21478|재탄생하다
21479|작살나다
21480|은닉
21481|학생증
21482|딴딴하다
21483|머스터드
21484|수사력
21485|크레용
21486|노제
21487|구비되다
21488|명물
21489|불경기
21490|워워
21491|독살
21492|염력
21493|염탐하다
21494|사고하다
21495|사직하다
21496|근시
21497|산문
21498|에티켓
21499|매복
21500|기침
21501|탈환하다
21502|목공
21503|아키텍처
21504|매춘부
21505|외숙모
21506|로그인하다
21507|예정일
21508|갱도
21509|원상
21510|공안
21511|미노
21512|지끈거리다
21513|리베이트
21514|꼬챙이
21515|후지다
21516|청사진
21517|똘마니
21518|담뱃갑
21519|문자하다
21520|용미
21521|후임자
21522|벼랑
21523|핵전쟁
21524|해방감
21525|바빌론
21526|포세이돈
21527|불알
21528|마리우폴
21529|헬싱키
21530|간구하다
21531|살상
21532|전시품
21533|주정
21534|윗면
21535|민변
21536|쇼파
21537|친부
21538|퇴마
21539|우즈벡
21540|연작
21541|물놀이하다
21542|모시
21543|귓구멍
21544|호텔리어
21545|가든
21546|갈라파고스
21547|연배
21548|에덴
21549|비합리적
21550|단정적
21551|침해되다
21552|잠재의식
21553|호사
21554|신아
21555|무덕
21556|윗옷
21557|당회
21558|부지하다
21559|마플
21560|헤어밴드
21561|순창
21562|묵묵부답
21563|배척하다
21564|야단맞다
21565|창창하다
21566|월척
21567|멸시하다
21568|다급
21569|한통속
21570|번복
21571|능동
21572|시노
21573|통학
21574|하데스
21575|그정
21576|차벽
21577|월북하다
21578|결박
21579|해룡
21580|럭
21581|대비책
21582|무심결
21583|동명
21584|손수레
21585|증류하다
21586|연행하다
21587|화랑
21588|가짓수
21589|승낙
21590|재촉
21591|알아먹다
21592|쇼핑센터
21593|영주권
21594|트월킹
21595|샤코
21596|활약상
21597|철길
21598|주름살
21599|승상
21600|선임되다
21601|오밤중
21602|엔지니어링
21603|시기
21604|시일
21605|휴즈
21606|이퀄라이저
21607|총대
21608|양도하다
21609|상스럽다
21610|농장주
21611|탕비실
21612|정감
21613|배식
21614|쿠쿠
21615|허튼소리
21616|준규
21617|안정세
21618|귀화
21619|분말
21620|맨살
21621|큰애
21622|청산가리
21623|거문고
21624|프로페셔널
21625|아편
21626|묘약
21627|확립
21628|면면
21629|시반
21630|훼방
21631|확충하다
21632|시카고
21633|보딩
21634|감튀
21635|일가견
21636|기근
21637|별표
21638|다비
21639|불순하다
21640|딸애
21641|비보
21642|보수하다
21643|어음
21644|강추하다
21645|계양
21646|팽팽히
21647|미확인
21648|꿔바로우
21649|화염병
21650|향년
21651|묘소
21652|팸플릿
21653|폐사
21654|우수수
21655|계율
21656|유기물
21657|페달
21658|유머러스하다
21659|초선
21660|단속반
21661|흡연실
21662|담대하다
21663|모노레일
21664|서풍
21665|공헌
21666|개척자
21667|싸돌아다니다
21668|만성적
21669|몰라
21670|후춧가루
21671|징표
21672|엔트리
21673|괜스레
21674|전경련
21675|플라밍고
21676|무기명
21677|대웅
21678|간략히
21679|방관하다
21680|급진적
21681|원탑
21682|애송이
21683|만루
21684|인색하다
21685|폭소
21686|통금
21687|클라이맥스
21688|개고생
21689|까탈스럽다
21690|담론
21691|정산하다
21692|데리
21693|툇마루
21694|도처
21695|대걸레
21696|아이스커피
21697|천황
21698|민화
21699|의거하다
21700|실재하다
21701|양분
21702|강건하다
21703|워프
21704|마카로니
21705|파형
21706|자습
21707|마들렌
21708|카불
21709|눈썰매
21710|바일
21711|동학
21712|부주의하다
21713|날숨
21714|수긍
21715|부요하다
21716|장중
21717|난세
21718|던
21719|아놔
21720|안내되다
21721|석호
21722|오바하다
21723|반대표
21724|과찬
21725|기름때
21726|싹쓸이하다
21727|철로
21728|중개인
21729|냉각수
21730|흑흑
21731|전말
21732|죽창
21733|꼽추
21734|시발점
21735|돈다발
21736|아틀리에
21737|설계사
21738|선풍적
21739|옥천
21740|둔화하다
21741|어학원
21742|둔갑하다
21743|쿨럭
21744|항간
21745|생뚱맞다
21746|갈릴레이
21747|보필하다
21748|도모
21749|삭다
21750|구린내
21751|체증
21752|군상
21753|염분
21754|이적하다
21755|젖혀지다
21756|화근
21757|고지식하다
21758|환풍기
21759|열광적
21760|끙끙거리다
21761|로보트
21762|대극장
21763|싹싹하다
21764|양적
21765|폭파시키다
21766|천리안
21767|거뜬하다
21768|가리온
21769|총출동하다
21770|경운기
21771|건강식품
21772|기광
21773|야비하다
21774|감쪽같다
21775|국영
21776|장판
21777|질소
21778|바캉스
21779|꽁초
21780|엄중히
21781|맹장
21782|발광
21783|무슨
21784|상대성
21785|둔감하다
21786|머그잔
21787|힉
21788|골방
21789|적진
21790|뺨치다
21791|풍뎅이
21792|상석
21793|현감
21794|조종당하다
21795|적당량
21796|재수생
21797|치중하다
21798|클러스터
21799|나루토
21800|용납되다
21801|갈빗살
21802|닷
21803|게놈
21804|앞바퀴
21805|바키
21806|기녀
21807|총애
21808|문무
21809|나가사키
21810|출가
21811|드리프트
21812|쫌
21813|카논
21814|컬트
21815|강씨
21816|테러
21817|단도
21818|잎새
21819|유황
21820|칼라일
21821|광년
21822|간염
21823|푸꾸옥
21824|콸콸
21825|옥좌
21826|부딪다
21827|동석하다
21828|싸그리
21829|가칭
21830|로열티
21831|지배층
21832|블루스
21833|방대하다
21834|안광
21835|국지적
21836|전깃줄
21837|달고나
21838|민족주의
21839|감미료
21840|빛바래다
21841|조우하다
21842|새되다
21843|속광
21844|신랑감
21845|헐리우드
21846|오클랜드
21847|수북하다
21848|어트랙션
21849|타코야끼
21850|의무감
21851|묵념
21852|결단력
21853|특수성
21854|가소롭다
21855|판정하다
21856|오카리나
21857|인계하다
21858|따까리
21859|구
21860|신석기
21861|합리화하다
21862|단호
21863|부유층
21864|재고하다
21865|론칭
21866|도메인
21867|시골길
21868|회귀하다
21869|똥물
21870|가맹
21871|흘깃
21872|롤라다
21873|유괴범
21874|단행본
21875|지라시
21876|눈곱
21877|천궁
21878|증강
21879|땅끝
21880|촉발하다
21881|핸들링
21882|순덕
21883|승급
21884|잔가지
21885|가뭄
21886|포티
21887|호투
21888|서산
21889|오컬트
21890|합병하다
21891|쉼표
21892|딩
21893|번외
21894|가도
21895|북풍
21896|층간
21897|콘덴서
21898|향연
21899|에스
21900|워너
21901|이첩하다
21902|염려되다
21903|메주
21904|믹서
21905|애증
21906|산봉우리
21907|아삭아삭
21908|독거노인
21909|일정표
21910|위계
21911|가을비
21912|허무맹랑하다
21913|세속적
21914|평형
21915|스프라이트
21916|테너
21917|아량
21918|스프레드
21919|핏방울
21920|음표
21921|사기죄
21922|대참사
21923|제다
21924|눌어붙다
21925|불바다
21926|두둥실
21927|뉘다
21928|패트
21929|디귿
21930|낙마하다
21931|뱃머리
21932|칠
21933|센세이션
21934|약제
21935|납득시키다
21936|문파
21937|저항력
21938|별세하다
21939|공부시키다
21940|편향
21941|수역
21942|엉금엉금
21943|구색
21944|까르르
21945|케이프
21946|타
21947|그루브
21948|궁정
21949|끔찍이
21950|착취하다
21951|계측
21952|국방비
21953|강타
21954|당명
21955|늘상
21956|밴딩
21957|안정화되다
21958|암담하다
21959|춘장
21960|찌릿하다
21961|강낭콩
21962|퇴거
21963|마노
21964|한겨레
21965|선서
21966|조련사
21967|담소
21968|불가사의
21969|슬로베니아
21970|사뿐히
21971|달큰하다
21972|국립묘지
21973|소외
21974|컴퓨팅
21975|고을
21976|계승자
21977|발생률
21978|수광
21979|스카이다이빙
21980|눈물겹다
21981|나자빠지다
21982|징용
21983|방진
21984|국새
21985|좌충우돌
21986|타결되다
21987|애니메이터
21988|선실
21989|로컬
21990|가지런하다
21991|자지러지다
21992|헐벗다
21993|사면하다
21994|패자
21995|몸서리
21996|기술하다
21997|살치
21998|환급하다
21999|부채춤
22000|개관식
22001|귀띔하다
22002|기성세대
22003|보루
22004|펜타닐
22005|잡지사
22006|심의하다
22007|모욕감
22008|털리다
22009|난징
22010|주춤거리다
22011|혼합되다
22012|엇나가다
22013|윗입술
22014|보아
22015|압
22016|모스
22017|라파엘
22018|구렁이
22019|루꼴라
22020|입법부
22021|포교
22022|필연
22023|기진맥진하다
22024|리믹스
22025|가라테
22026|교칙
22027|스노클링
22028|혐의자
22029|대련
22030|독점적
22031|양락
22032|탄원서
22033|컬래버레이션
22034|진정제
22035|수리남
22036|윙윙거리다
22037|어지럼증
22038|베이비시터
22039|출제하다
22040|내실
22041|사들이다
22042|근소하다
22043|굴욕적
22044|상책
22045|휘둥그레
22046|깡충
22047|저해하다
22048|한식당
22049|간곡하다
22050|소진하다
22051|쿨쿨
22052|옹기
22053|직격하다
22054|방제
22055|고갈
22056|위임하다
22057|클론
22058|단연코
22059|얼간이
22060|각색
22061|공고하다
22062|짹
22063|비상벨
22064|나발다
22065|예쁘장하다
22066|흩다
22067|플라스마
22068|보스니아
22069|근질근질하다
22070|글루타치온
22071|합작하다
22072|한
22073|리스본
22074|톨
22075|코덱
22076|창호
22077|큐피드
22078|민물
22079|꿀리다
22080|결함
22081|바라다
22082|랜덤하다
22083|풀풀
22084|찍소리
22085|아야
22086|터덜터덜
22087|오코노미야키
22088|현저하다
22089|플래시백
22090|필기하다
22091|첨지
22092|수료증
22093|윤종
22094|열대어
22095|원죄
22096|요전
22097|특약
22098|모딩
22099|부끄럼
22100|증오심
22101|감투
22102|면제되다
22103|어획량
22104|째지다
22105|수선
22106|스카이라인
22107|숙연하다
22108|몰
22109|글램핑
22110|리마
22111|타수
22112|광풍
22113|기철
22114|유학하다
22115|치부
22116|프레이
22117|바래다
22118|가중
22119|간식거리
22120|쩍쩍
22121|주걱턱
22122|춰주다
22123|태시
22124|역사가
22125|진중하다
22126|후회스럽다
22127|부티크
22128|테스
22129|입영
22130|전철역
22131|어구
22132|사살되다
22133|오르간
22134|명패
22135|유일무이하다
22136|쇳소리
22137|유보하다
22138|옥자
22139|감축하다
22140|노즈
22141|기하급수적
22142|반신반의하다
22143|삽살개
22144|유지비
22145|깜놀
22146|그저께
22147|초연
22148|투항하다
22149|맥도널드
22150|유리컵
22151|덧없다
22152|불같다
22153|정착되다
22154|가봉
22155|분포되다
22156|빨판
22157|변소
22158|눈구름
22159|부끄러워지다
22160|멀뚱히
22161|중역
22162|기루
22163|초심자
22164|외전
22165|원안
22166|번제
22167|무급
22168|똥차
22169|불덩어리
22170|증설
22171|담보하다
22172|푸석푸석하다
22173|개편되다
22174|마녀사냥
22175|코마
22176|해전
22177|쥐약
22178|용변
22179|잉어
22180|반지
22181|멀뚱멀뚱
22182|이중섭
22183|역설
22184|반투명하다
22185|불기둥
22186|족치다
22187|뾰족
22188|환영회
22189|수제자
22190|비쩍
22191|꽃피다
22192|새어머니
22193|돋치다
22194|노리개
22195|쫀득쫀득
22196|교생
22197|발색하다
22198|연금술
22199|경영계
22200|딱따구리
22201|베이루트
22202|완도
22203|판도라
22204|화평
22205|기본형
22206|블레이저
22207|그을음
22208|얹혀살다
22209|로즈메리
22210|삵
22211|영가
22212|해효
22213|코믹스
22214|건조대
22215|선악과
22216|이야깃거리
22217|리눅스
22218|압도당하다
22219|과다하다
22220|종량제
22221|댕
22222|송환되다
22223|서문
22224|굼뜨다
22225|히드라
22226|금태
22227|마소
22228|재패
22229|나가노
22230|괴인
22231|유한하다
22232|전가하다
22233|홀쭉하다
22234|축가
22235|장고
22236|기차표
22237|정족수
22238|만둣국
22239|블룸
22240|극초음속
22241|신수
22242|마음대로
22243|각박하다
22244|호스피스
22245|부루퉁하다
22246|어그러지다
22247|전투적
22248|위급
22249|뻑
22250|중용
22251|때려죽이다
22252|나무라다
22253|조선업
22254|외갓집
22255|심쿵하다
22256|귀하
22257|스크랩북
22258|글감
22259|격론
22260|탈피하다
22261|궤변
22262|우연찮다
22263|군마
22264|기형
22265|감색
22266|꼬불꼬불
22267|비틀스
22268|속전속결
22269|빙정
22270|농수산물
22271|포핸드
22272|근
22273|감상적
22274|릴랙스
22275|솥뚜껑
22276|험상궂다
22277|애원
22278|창조되다
22279|덤
22280|새삼스레
22281|즉사하다
22282|오리무중
22283|홍학
22284|면직
22285|털모자
22286|아카시
22287|바하마
22288|전나무
22289|싸하다
22290|털끝
22291|탕약
22292|두절되다
22293|상흔
22294|눈속임
22295|성숙
22296|구슬프다
22297|투호
22298|시기적
22299|급속
22300|발탁하다
22301|부동
22302|수레바퀴
22303|한계점
22304|단순화
22305|지배당하다
22306|수난
22307|저다
22308|구피
22309|반미
22310|악독하다
22311|씨족
22312|암시장
22313|대식
22314|쏠
22315|분산하다
22316|원리금
22317|여한
22318|유사성
22319|빈둥거리다
22320|선방하다
22321|부닥치다
22322|평행선
22323|정렬
22324|함박눈
22325|돈바스
22326|곤
22327|카탈로그
22328|담비
22329|캐리커처
22330|지도력
22331|북받치다
22332|덧대다
22333|갈가리
22334|체액
22335|한사코
22336|극장가
22337|정류소
22338|터치스크린
22339|영안실
22340|탬버린
22341|차이나타운
22342|바위틈
22343|알량하다
22344|나태하다
22345|크리티컬
22346|수족
22347|포트리스
22348|갈취하다
22349|일식집
22350|일념
22351|플리커
22352|먼바다
22353|꽃씨
22354|졸라매다
22355|회자되다
22356|생색내다
22357|동종
22358|부스스하다
22359|울퉁불퉁
22360|시옷
22361|웃옷
22362|개량하다
22363|페가수스
22364|전제하다
22365|칵
22366|클로드
22367|밑바탕
22368|우류
22369|이등병
22370|알로에
22371|조치되다
22372|후임
22373|발칙하다
22374|신식
22375|유수
22376|경고문
22377|생원
22378|우러러보다
22379|징글징글하다
22380|캐시미어
22381|강령
22382|협동하다
22383|맥시멈
22384|뒷방
22385|산신
22386|혈기
22387|헌트
22388|에피타이저
22389|야요이
22390|전월
22391|러쉬
22392|우리다
22393|도산
22394|관계있다
22395|시해하다
22396|쏨뱅이
22397|지극하다
22398|쌀뜨물
22399|극치
22400|연구비
22401|델리
22402|브레
22403|작황
22404|확고히
22405|엄다
22406|스택
22407|스크럽
22408|유추
22409|머피
22410|애완용
22411|영악하다
22412|감전되다
22413|들쥐
22414|급상승
22415|보청기
22416|바통
22417|예술성
22418|연하
22419|살육
22420|백지화
22421|뱀장어
22422|쌀알
22423|스포하다
22424|문물
22425|쥐어박다
22426|러비
22427|아리송하다
22428|득점하다
22429|할라피뇨
22430|상장되다
22431|식겁하다
22432|모험담
22433|또띠아
22434|소진
22435|윗도리
22436|서당
22437|호리호리하다
22438|근거리
22439|회오리바람
22440|성황리
22441|사골
22442|정랑
22443|왕녀
22444|투하하다
22445|문드러지다
22446|묵찌빠
22447|괌
22448|판돈
22449|찔레꽃
22450|결손
22451|콜린스
22452|통감하다
22453|안모
22454|귀결되다
22455|불쑥불쑥
22456|복날
22457|유언비어
22458|레토
22459|수입품
22460|철분
22461|증대
22462|민요
22463|내숭
22464|능
22465|이까짓
22466|폭약
22467|낙후되다
22468|공사관
22469|룰루
22470|철원군
22471|크로노스
22472|야광
22473|어법
22474|가와사키
22475|포퓰리즘
22476|장안
22477|백로
22478|티격태격
22479|개미집
22480|적격
22481|난잡하다
22482|벌렁
22483|도그마
22484|입막음
22485|영위하다
22486|경영학
22487|타파하다
22488|모함
22489|루소
22490|극지방
22491|엄중
22492|극악무도하다
22493|도축
22494|순백
22495|현장감
22496|구획
22497|시연하다
22498|케리
22499|함락되다
22500|내부망
22501|고노
22502|순결
22503|등석
22504|진취적
22505|감독하다
22506|망사
22507|콜레라
22508|웃돈
22509|수집되다
22510|녹진하다
22511|비옷
22512|실용
22513|기저
22514|랙
22515|프라모델
22516|높이뛰기
22517|송송
22518|코미
22519|고함치다
22520|올리고당
22521|여심
22522|심산
22523|염라대왕
22524|명자
22525|헐겁다
22526|유월
22527|어뢰
22528|농땡이
22529|대궐
22530|끝말잇기
22531|수군대다
22532|바우처
22533|크로켓
22534|찜통
22535|한시름
22536|얼갈이
22537|세로토닌
22538|누출
22539|보어
22540|배색
22541|탐방하다
22542|왁자지껄하다
22543|밤낮없이
22544|굿판
22545|달포
22546|휘하
22547|표결하다
22548|고지서
22549|야드
22550|민첩성
22551|킬리만자로
22552|바둑돌
22553|호송
22554|손방
22555|렙
22556|투신하다
22557|데카르트
22558|통달하다
22559|딜리버리
22560|문책
22561|타원
22562|굶기다
22563|해시계
22564|살색
22565|구체화되다
22566|시리다
22567|정처
22568|전이
22569|깜빡이다
22570|물렁물렁하다
22571|정비사
22572|자못
22573|밀렵꾼
22574|재중
22575|굳세다
22576|네잎클로버
22577|전각
22578|종식되다
22579|큰오빠
22580|셀룰러
22581|월넛
22582|개최국
22583|옥련
22584|매장량
22585|취급되다
22586|격정적
22587|쭈그리다
22588|쿠르스크
22589|범사
22590|난치병
22591|교통편
22592|합심하다
22593|서예
22594|판매처
22595|몽글몽글하다
22596|시찰
22597|발탁
22598|배어나다
22599|정읍
22600|월초
22601|수색대
22602|명인
22603|무생물
22604|호시탐탐
22605|산화
22606|끌어가다
22607|법황
22608|단행되다
22609|마상
22610|예약되다
22611|공간적
22612|코르
22613|약수
22614|함박웃음
22615|비틀리다
22616|브레이커
22617|카트리지
22618|흉부외과
22619|시정하다
22620|사죄드리다
22621|도우
22622|영락없다
22623|입덧
22624|등분
22625|옥살이
22626|소회
22627|전멸
22628|음속
22629|변고
22630|산등성이
22631|루미아
22632|고고하다
22633|정씨
22634|빤하다
22635|치맛자락
22636|북반구
22637|애청자
22638|열거하다
22639|법전
22640|혈류
22641|불사르다
22642|소아마비
22643|꽃뱀
22644|경쟁심
22645|선심
22646|옹고집
22647|조절되다
22648|에이징
22649|옹호
22650|우직하다
22651|맞대응
22652|재정비하다
22653|무질서하다
22654|이식되다
22655|꽃꽂이
22656|깡충깡충
22657|아치형
22658|칼잡이
22659|교각
22660|고위층
22661|허다하다
22662|과메기
22663|어멍
22664|치켜올리다
22665|생일상
22666|활쏘기
22667|야심하다
22668|흡수시키다
22669|상트페테르부르크
22670|열광
22671|블로거
22672|번뇌
22673|방책
22674|홀아비
22675|바이올리니스트
22676|프린트하다
22677|낙마
22678|적시타
22679|감찰하다
22680|송영
22681|금지령
22682|모니터하다
22683|로버
22684|파르페
22685|어학
22686|니스
22687|통념
22688|파티션
22689|뿅뿅
22690|부랑자
22691|야구하다
22692|공영
22693|층계
22694|저잣거리
22695|분실하다
22696|신봉
22697|토벌
22698|중천
22699|흉년
22700|홈스
22701|깍
22702|불구덩이
22703|뿡뿡
22704|헤프다
22705|비문
22706|계산법
22707|남성적
22708|하산하다
22709|알렉산드리아
22710|함구하다
22711|옹졸하다
22712|섭렵하다
22713|풋살
22714|취득세
22715|쭈글쭈글하다
22716|이크
22717|강요받다
22718|서거
22719|친아들
22720|적대감
22721|산들바람
22722|화물칸
22723|찔러보다
22724|월식
22725|차용증
22726|퀴퀴하다
22727|일괄적
22728|블로어
22729|눌러앉다
22730|스쿠버
22731|능글맞다
22732|따사롭다
22733|감싸이다
22734|에밀
22735|코스타리카
22736|역할극
22737|빈틈없다
22738|몸보신
22739|충동구매
22740|방생
22741|흥행하다
22742|약재
22743|강둑
22744|딴청
22745|조립식
22746|네온사인
22747|햄릿
22748|깍듯하다
22749|입항하다
22750|화이트보드
22751|가증스럽다
22752|무말랭이
22753|점박이
22754|엠티
22755|본채
22756|아슬아슬
22757|뒷덜미
22758|족하다
22759|희극
22760|수해
22761|분위
22762|갈
22763|전조등
22764|행진곡
22765|전일
22766|맥스웰
22767|도다리
22768|계단식
22769|감정가
22770|염통
22771|조신하다
22772|마사
22773|흥하다
22774|태무
22775|자율
22776|메이크
22777|양산하다
22778|말짱
22779|나앉다
22780|성형하다
22781|대두되다
22782|동감하다
22783|공실
22784|심화하다
22785|창수
22786|벽보
22787|여섯째
22788|목마
22789|기어다니다
22790|가정적
22791|왜구
22792|첫마디
22793|부평
22794|낙제
22795|이러저러하다
22796|변제
22797|민간단체
22798|대합실
22799|엘베
22800|을씨년스럽다
22801|양아버지
22802|느이
22803|복병
22804|재결합
22805|조문하다
22806|불어닥치다
22807|선양
22808|카노
22809|포도당
22810|성냥개비
22811|외람되다
22812|구매력
22813|대봉
22814|수술대
22815|비일비재하다
22816|교란
22817|밑부분
22818|세븐
22819|과거형
22820|음란하다
22821|고갯짓
22822|매장하다
22823|볼드
22824|들락날락하다
22825|비열하다
22826|지휘봉
22827|고철
22828|재단하다
22829|미자
22830|큼직큼직하다
22831|탯줄
22832|벼농사
22833|미화원
22834|조각품
22835|파이어
22836|잡종
22837|엽기
22838|스나이퍼
22839|잠식하다
22840|추포하다
22841|콰다
22842|커넥션
22843|방해꾼
22844|브라키오사우루스
22845|추천되다
22846|철칙
22847|조직력
22848|유카타
22849|민망
22850|욕심나다
22851|올무
22852|삼국유사
22853|양발
22854|일임하다
22855|도태되다
22856|유체
22857|분비물
22858|승조
22859|피살되다
22860|풍등
22861|휴교
22862|그루밍
22863|실직
22864|죄명
22865|활개
22866|매도
22867|소리꾼
22868|교배
22869|빤쓰
22870|로즈마리
22871|로크
22872|호루스
22873|히스테리
22874|항암제
22875|재배되다
22876|카푸치노
22877|칼륨
22878|캠벨
22879|문병
22880|병수
22881|정성스레
22882|춤사위
22883|화인
22884|발인
22885|다짐
22886|알쏭달쏭하다
22887|바뀌
22888|딸랑딸랑
22889|관찰자
22890|제비뽑기
22891|남신
22892|엄호
22893|보이소
22894|그어주다
22895|앉은뱅이
22896|페이스트
22897|개원하다
22898|우러르다
22899|찰떡궁합
22900|연날리기
22901|과학책
22902|수척하다
22903|거론
22904|출생하다
22905|무아지경
22906|눈대중
22907|공국
22908|함부르크
22909|센
22910|춘제
22911|다되다
22912|떡지
22913|매몰차다
22914|스트레칭하다
22915|대제사장
22916|정렬하다
22917|틈나다
22918|모노
22919|라훌라
22920|신실하다
22921|활동성
22922|탈선하다
22923|가요제
22924|증거품
22925|도너츠
22926|청명하다
22927|문고본
22928|국립대
22929|웨스턴
22930|브루너
22931|부하다
22932|본진
22933|고집불통
22934|아열대
22935|노새
22936|일곱째
22937|부채질하다
22938|컬러링
22939|동창생
22940|멸시
22941|동시대
22942|찻길
22943|농사일
22944|수오
22945|배수로
22946|작품성
22947|마추픽추
22948|재수하다
22949|비몽사몽
22950|뜨뜻하다
22951|엘레
22952|슬라이더
22953|리디아
22954|렌
22955|대양
22956|상기
22957|반증
22958|동나다
22959|핫바
22960|의인화
22961|구레나룻
22962|디데이
22963|시궁창
22964|평안히
22965|육하원칙
22966|불협화음
22967|카투사
22968|양도세
22969|뱃길
22970|번뜩
22971|기본급
22972|정신과
22973|리메이크하다
22974|사약
22975|내색하다
22976|정치판
22977|불독
22978|카뮈
22979|위선자
22980|밥풀
22981|점대
22982|양계장
22983|타구
22984|개항
22985|변곡점
22986|잠언
22987|콧김
22988|내드리다
22989|교직
22990|의도되다
22991|유괴하다
22992|짐벌
22993|옥타브
22994|오토마타
22995|질식사
22996|뜬눈
22997|가상하다
22998|역장
22999|기와
23000|철폐
23001|무화과나무
23002|런닝
23003|복귀시키다
23004|콜라보레이션
23005|각목
23006|대동강
23007|기압골
23008|접목시키다
23009|예단하다
23010|틀어쥐다
23011|다반사
23012|발렌타인데이
23013|흑설탕
23014|나가리
23015|무시되다
23016|객관성
23017|미스티
23018|논점
23019|고퀄리티
23020|나우
23021|금고
23022|강태
23023|접수처
23024|귀담다
23025|예후
23026|연소
23027|목욕시키다
23028|흘러오다
23029|송신기
23030|좌식
23031|신간
23032|무협
23033|합금
23034|볼티모어
23035|맹인
23036|연산군
23037|파우스트
23038|순응하다
23039|스플릿
23040|성년
23041|실무적
23042|편향되다
23043|나로
23044|테이핑
23045|골절되다
23046|핫소스
23047|함락
23048|착석하다
23049|맥주병
23050|칼리프
23051|현대화
23052|속사정
23053|안주인
23054|디비전
23055|링크하다
23056|국숫집
23057|시누이
23058|관객석
23059|몰려다니다
23060|상금
23061|보람되다
23062|레터링
23063|순교자
23064|으리으리하다
23065|급식비
23066|애널리스트
23067|휘뚜루마뚜루
23068|한은
23069|집사람
23070|물레방아
23071|급상승하다
23072|항명
23073|새똥
23074|엇비슷하다
23075|산디
23076|쌍화차
23077|노끈
23078|저렴이
23079|이어달리기
23080|모기장
23081|동업
23082|명란
23083|정찰기
23084|기하다
23085|앙칼
23086|비하다
23087|웃통
23088|순정이
23089|석판
23090|사실무근
23091|쇳덩이
23092|선명히
23093|차크라
23094|반품하다
23095|똠얌꿍
23096|구독료
23097|수립되다
23098|악센트
23099|메카
23100|도박하다
23101|각광
23102|소린
23103|방음벽
23104|뒷간
23105|리노
23106|급락
23107|동티모르
23108|업사이클링
23109|파탄
23110|석회
23111|단역
23112|산아
23113|누설하다
23114|위저드
23115|갈취
23116|무학
23117|단아하다
23118|공습하다
23119|추행하다
23120|저급하다
23121|예삐
23122|아스모
23123|호기롭다
23124|관공서
23125|엄지발가락
23126|누락하다
23127|전체주의
23128|핏발
23129|루즈하다
23130|나루터
23131|반대파
23132|실리
23133|뿌리내리다
23134|탈출시키다
23135|츄러스
23136|자축하다
23137|방장
23138|진원지
23139|카약
23140|브래지어
23141|겨울날
23142|관제탑
23143|암모니아
23144|공수하다
23145|청취하다
23146|알로하
23147|정결하다
23148|얘기되다
23149|차디차다
23150|초고추장
23151|로데오
23152|보시
23153|뒷돈
23154|피식하다
23155|환복
23156|석우
23157|향미
23158|푸에르토리코
23159|기업체
23160|악사
23161|결사
23162|보석상
23163|현무암
23164|굴복시키다
23165|역광
23166|결혼반지
23167|밸류
23168|골루다
23169|빙상
23170|기물
23171|더부룩하다
23172|니미
23173|불결하다
23174|허사
23175|쬐끔
23176|거치
23177|농축
23178|치졸하다
23179|고스
23180|엠블럼
23181|애란
23182|마라샹궈
23183|일러바치다
23184|소송하다
23185|기조연설
23186|다재다능하다
23187|얼렁뚱땅
23188|볼멘소리
23189|로테이션
23190|활성
23191|출발지
23192|금박
23193|뱃사람
23194|폭도
23195|겨우내
23196|방랑자
23197|병조
23198|봉고
23199|눈비
23200|연장자
23201|오어
23202|세스
23203|혼잣말하다
23204|앜
23205|작명
23206|스토브
23207|튼실하다
23208|우르릉
23209|협주곡
23210|침몰
23211|충청남도
23212|검문
23213|컴프레서
23214|물소
23215|투시
23216|경비행기
23217|괴팍하다
23218|교탁
23219|금실
23220|안하
23221|수수하다
23222|되풀이
23223|군것질
23224|배열하다
23225|계산적
23226|빈곤층
23227|감안
23228|고역
23229|녹스
23230|항정
23231|때맞추다
23232|기립
23233|독서하다
23234|게맛살
23235|뭄바이
23236|들여다보이다
23237|콘퍼런스
23238|제소하다
23239|지척
23240|단짠단짠
23241|안심되다
23242|얼굴빛
23243|초상권
23244|은연중
23245|군데
23246|타블렛
23247|녹
23248|염주
23249|평석
23250|삑삑
23251|재봉틀
23252|성대하다
23253|적국
23254|콜트
23255|라운딩
23256|정미
23257|호강하다
23258|저리다
23259|독버섯
23260|깁슨
23261|노년층
23262|잘잘못
23263|특전
23264|잉카
23265|쁘
23266|강간하다
23267|단순화하다
23268|고소인
23269|환원
23270|성층권
23271|가르키다
23272|기념물
23273|신축성
23274|진무
23275|파란불
23276|가지구
23277|종신형
23278|법률안
23279|커스터드
23280|올곧다
23281|샛노랗다
23282|카센터
23283|등나무
23284|실언
23285|양호
23286|출두하다
23287|재조사
23288|약화
23289|뺄셈
23290|단칸방
23291|개동
23292|낙찰자
23293|유인
23294|안료
23295|방해물
23296|핍
23297|문집
23298|오마르
23299|기승전결
23300|법카
23301|장기다
23302|포병
23303|우람하다
23304|배은망덕하다
23305|결탁하다
23306|동질감
23307|중대성
23308|불명확하다
23309|수문장
23310|닉네임
23311|술렁거리다
23312|전향하다
23313|큰집
23314|호족
23315|학우
23316|신력
23317|입찰하다
23318|넘겨짚다
23319|딴소리
23320|비지니스
23321|휴학하다
23322|변색되다
23323|채굴하다
23324|윤심
23325|합방
23326|독경
23327|환자복
23328|웰빙
23329|금새
23330|오한
23331|꾸덕꾸덕하다
23332|성하다
23333|잔류
23334|자립하다
23335|본좌
23336|현대사
23337|알쏭달쏭
23338|도용하다
23339|육감
23340|송사리
23341|식탁보
23342|척수
23343|창당하다
23344|서류철
23345|뚱땡이
23346|가스통
23347|통유리
23348|진딧물
23349|접착력
23350|게시
23351|앞문
23352|지지리
23353|경호하다
23354|길길이
23355|조합장
23356|취재원
23357|블로
23358|지독히
23359|낙천적
23360|자작하다
23361|하수도
23362|산골짜기
23363|경련하다
23364|큰불
23365|식물인간
23366|뿔테
23367|선결
23368|동그래지다
23369|청정하다
23370|니케
23371|니은
23372|업스케일링
23373|브래들리
23374|불쏘시개
23375|접대하다
23376|낙뢰
23377|두근대다
23378|신바람
23379|심사숙고하다
23380|벌크
23381|똥구멍
23382|청진기
23383|곱슬
23384|가혹
23385|선기
23386|시외버스
23387|돌보미
23388|검보
23389|명문
23390|익스텐션
23391|토마
23392|깐
23393|모낭
23394|리무버
23395|봉숭아
23396|세분화하다
23397|아시
23398|성량
23399|플라이트
23400|켈러
23401|주미
23402|낙관하다
23403|콜렉션
23404|지구본
23405|자슥
23406|디스토피아
23407|기도문
23408|화풍
23409|궁인
23410|저점
23411|이생
23412|스퍼드
23413|해인사
23414|도루묵
23415|조직되다
23416|응가하다
23417|모쏠
23418|협찬하다
23419|반소매
23420|명창
23421|도화
23422|크리스티나
23423|성서
23424|눈인사
23425|스모크
23426|확실시되다
23427|턱뼈
23428|영향받다
23429|미러링
23430|죽순
23431|의례적
23432|캐스트
23433|시답잖다
23434|밀림
23435|플래그
23436|펴놓다
23437|써넣다
23438|물안경
23439|건조시키다
23440|두루마기
23441|벼락치기
23442|초다
23443|파생
23444|빈털터리
23445|만신창이
23446|샤부샤부
23447|강사진
23448|벽걸이
23449|남반구
23450|막냉이
23451|원뿔
23452|에이치
23453|카키
23454|둘러치다
23455|원위치
23456|출간
23457|나단
23458|닭싸움
23459|몰표
23460|냉
23461|패킹
23462|리필하다
23463|배당하다
23464|석학
23465|디엠
23466|기용하다
23467|패스워드
23468|쇠붙이
23469|최신식
23470|슬램
23471|늦더위
23472|간암
23473|스탈린
23474|전세가
23475|모쪼록
23476|발라내다
23477|이비인후과
23478|애꾸
23479|헤이그
23480|도포하다
23481|소곤소곤
23482|남국
23483|기아
23484|포섭하다
23485|종파
23486|순결하다
23487|매상
23488|구단주
23489|편식하다
23490|골퍼
23491|학설
23492|꿈틀
23493|최신작
23494|발급되다
23495|이쪽저쪽
23496|선창
23497|어무이
23498|증여하다
23499|쿵푸
23500|광견병
23501|썰리다
23502|헛구역질
23503|셧다운
23504|선술집
23505|미원
23506|호스티스
23507|단편집
23508|위패
23509|공과금
23510|그레이드
23511|임마누엘
23512|경산
23513|올라앉다
23514|서모
23515|불효
23516|연명하다
23517|방어벽
23518|트랜스포메이션
23519|서주
23520|배양
23521|함유
23522|고든
23523|추하다
23524|향로
23525|식모
23526|요란스럽다
23527|지당하다
23528|탄로
23529|머릿수
23530|이해심
23531|종적
23532|탈피
23533|마량
23534|징하다
23535|서빙하다
23536|옭아매다
23537|형기
23538|더비
23539|송씨
23540|교화
23541|막힘없이
23542|배편
23543|해맞이
23544|뱅뱅
23545|출고
23546|미움
23547|꼬들꼬들하다
23548|호환되다
23549|준비성
23550|협조적
23551|하리보
23552|정찰
23553|이쁜이
23554|리플레이
23555|연보
23556|풍경화
23557|위조되다
23558|배율
23559|편육
23560|수타
23561|품삯
23562|머뭇머뭇
23563|장독대
23564|속박
23565|파괴자
23566|효심
23567|체납
23568|겸허히
23569|소수점
23570|왕도
23571|빙의하다
23572|곪다
23573|찡긋하다
23574|가업
23575|궤짝
23576|초인적
23577|간질간질하다
23578|소탈하다
23579|어스름
23580|강우량
23581|강탈하다
23582|기틀
23583|닮은꼴
23584|칼럼니스트
23585|꿀꺽꿀꺽
23586|키친
23587|물빛
23588|증
23589|전투복
23590|믹스커피
23591|환전하다
23592|체이스
23593|상납
23594|싸지르다
23595|벌통
23596|까짓것
23597|대영
23598|이혁
23599|권위적
23600|겁박하다
23601|어플리케이션
23602|복천
23603|정답다
23604|미니바
23605|암행어사
23606|순환하다
23607|조퇴
23608|입덕하다
23609|소점
23610|쌉싸름하다
23611|어련히
23612|미워지다
23613|주노
23614|해코지하다
23615|기습하다
23616|클랜
23617|대빵
23618|순무
23619|들쭉날쭉하다
23620|철수시키다
23621|제소
23622|모성
23623|어나
23624|국화꽃
23625|덧씌우다
23626|뙤약볕
23627|세비
23628|할당량
23629|법조
23630|월남
23631|창조물
23632|언사
23633|법률가
23634|미진
23635|디스카운트
23636|텃세
23637|고발자
23638|근대화
23639|아나콘다
23640|달성되다
23641|가속화되다
23642|자연계
23643|크림슨
23644|울렁증
23645|도란도란
23646|짐꾼
23647|월급쟁이
23648|밤나무
23649|동서
23650|햇수
23651|장물
23652|블링
23653|후계
23654|만발하다
23655|웜업
23656|가뿐히
23657|초년생
23658|고깃덩어리
23659|잉태하다
23660|오프로드
23661|모래바람
23662|냇
23663|건립하다
23664|기본요금
23665|헌병
23666|오봉
23667|노브
23668|왕래하다
23669|화풀이하다
23670|감태
23671|노인정
23672|묘수
23673|빨랫줄
23674|샌드백
23675|적설량
23676|조크
23677|진절머리
23678|원심력
23679|필립스
23680|글래스고
23681|아웃사이더
23682|수종
23683|카우
23684|년대
23685|밥줄
23686|행군
23687|분할하다
23688|난국
23689|의문스럽다
23690|외도
23691|좌시하다
23692|의관
23693|정통하다
23694|부수적
23695|해물탕
23696|적응력
23697|알루다
23698|하중
23699|밀착시키다
23700|언질
23701|도합
23702|무리지다
23703|소금기
23704|괴
23705|시마
23706|제일가다
23707|키로
23708|시간차
23709|조각되다
23710|긴장시키다
23711|점유하다
23712|내원하다
23713|희롱하다
23714|빼닮다
23715|비운
23716|농구화
23717|제자리걸음
23718|양씨
23719|파도타기
23720|동아줄
23721|떠주다
23722|매옥
23723|론칭하다
23724|물주
23725|슈뢰딩거
23726|대범
23727|부리토
23728|더글러스
23729|발꿈치
23730|욱여넣다
23731|학술적
23732|가오
23733|페이스트리
23734|혼성
23735|케이터링
23736|목선
23737|축배
23738|검푸르다
23739|냇가
23740|입매
23741|목도하다
23742|수양
23743|포그
23744|빅토리
23745|예능인
23746|시기상조
23747|이념적
23748|부채질
23749|세상일
23750|설산
23751|매몰
23752|돌아눕다
23753|호강
23754|기승전
23755|수거되다
23756|당면하다
23757|이체하다
23758|횡재
23759|벌꿀
23760|평면도
23761|논쟁하다
23762|명맥
23763|막말하다
23764|나레이션
23765|나루
23766|창설하다
23767|매회
23768|자의
23769|폐차
23770|박해
23771|연속성
23772|이슬비
23773|축산물
23774|개설
23775|다이빙하다
23776|전재
23777|눈치보다
23778|방방곡곡
23779|참다못하다
23780|일시불
23781|스키야키
23782|이간질
23783|감청
23784|사절단
23785|정치력
23786|한줄기
23787|게라
23788|후세
23789|까무러치다
23790|객기
23791|꺾어지다
23792|파멸시키다
23793|잠행
23794|과천
23795|말세
23796|반체제
23797|부대시설
23798|모의하다
23799|조명하다
23800|선형
23801|내포하다
23802|정화되다
23803|암송하다
23804|신구
23805|룬
23806|어릿광대
23807|완벽주의자
23808|계량컵
23809|머드
23810|폼페이
23811|행거
23812|오열
23813|편협하다
23814|냉채
23815|수정란
23816|치료되다
23817|레지던스
23818|근질거리다
23819|디지다
23820|고소득
23821|적갈색
23822|예술제
23823|독신
23824|회수되다
23825|휘황찬란하다
23826|개인차
23827|이글이글
23828|독실하다
23829|애지중지
23830|성녀
23831|공산군
23832|파월
23833|융합되다
23834|금방금방
23835|밝은색
23836|근절하다
23837|개선문
23838|약도
23839|대진표
23840|모터사이클
23841|미비하다
23842|예정지
23843|리프레시
23844|관할하다
23845|후텁지근하다
23846|널리다
23847|준공되다
23848|긍께
23849|수재민
23850|오존층
23851|동상이몽
23852|유희
23853|병정
23854|알선하다
23855|돌기둥
23856|궁핍하다
23857|콧잔등
23858|시범적
23859|한의학
23860|귓불
23861|레이트레이싱
23862|변모하다
23863|생산지
23864|자평하다
23865|모독하다
23866|전편
23867|보검
23868|불허
23869|신소재
23870|농경
23871|바버
23872|자명종
23873|시공하다
23874|제조법
23875|일사불란하다
23876|좀도둑
23877|후견인
23878|나이트메어
23879|잡것
23880|산소통
23881|전업주부
23882|누각
23883|쇠창살
23884|찻잎
23885|숙고하다
23886|흥분시키다
23887|사교적
23888|김영란법
23889|시음하다
23890|거시적
23891|욕지거리
23892|와카야마
23893|비룡
23894|내음
23895|격추하다
23896|신윤복
23897|미숙아
23898|철광석
23899|그짝
23900|누아다
23901|결별하다
23902|환전
23903|애통하다
23904|꽝꽝
23905|일색
23906|토착
23907|관리소
23908|공중제비
23909|결정타
23910|의식주
23911|등원
23912|꼴뚜기
23913|강된장
23914|후아
23915|불량품
23916|회의감
23917|질식
23918|수렵
23919|식견
23920|윙윙
23921|등딱지
23922|대들보
23923|나무뿌리
23924|감시자
23925|증축
23926|살사
23927|가운데
23928|독살하다
23929|볼락
23930|잠수부
23931|프로페셔널하다
23932|초석
23933|대소변
23934|대진
23935|공시하다
23936|모순적
23937|요염하다
23938|안계
23939|뒤집개
23940|프랑
23941|찜질
23942|항원
23943|보온
23944|갈아입히다
23945|소금쟁이
23946|수주
23947|인회
23948|마케터
23949|인왕
23950|통합적
23951|노총각
23952|허가되다
23953|역설하다
23954|범
23955|북극해
23956|어짜피
23957|주욱
23958|지속성
23959|타피오카
23960|연료비
23961|웨어
23962|은경
23963|간당간당하다
23964|태엽
23965|생긋
23966|도료
23967|배시시
23968|성옥
23969|친절히
23970|나랏일
23971|앙큼하다
23972|외래종
23973|식목일
23974|모색
23975|꿇리다
23976|물결치다
23977|개죽음
23978|상처투성이
23979|라운지
23980|모리셔스
23981|조종실
23982|문란하다
23983|낙선하다
23984|보성
23985|칭송하다
23986|취리히
23987|저속
23988|뱃지
23989|수입액
23990|가용
23991|간소화
23992|경박하다
23993|학명
23994|토스터
23995|절약되다
23996|불충분하다
23997|갈퀴
23998|스매시
23999|케타민
24000|드레이크
24001|고립시키다
24002|립글로스
24003|뽀글이
24004|바글바글
24005|구닥다리
24006|찌들다
24007|다뉴브강
24008|지압
24009|참호
24010|삿대질
24011|자영
24012|헤이즐넛
24013|고승
24014|국사
24015|칠리소스
24016|일편단심
24017|렌치
24018|함유하다
24019|차르르
24020|매실
24021|디카페인
24022|경배하다
24023|말라비틀어지다
24024|주인집
24025|글루텐
24026|석화
24027|깜빡깜빡
24028|가리개
24029|아랑곳
24030|석가모니
24031|무패
24032|핑거
24033|군집
24034|알칼리성
24035|사다리차
24036|다독이다
24037|연호하다
24038|파카
24039|외눈
24040|까르보나라
24041|열사병
24042|애완
24043|플랜트
24044|군함
24045|명구
24046|응어리
24047|하늘소
24048|금상첨화
24049|물만두
24050|상환하다
24051|신의
24052|운율
24053|규명되다
24054|배석하다
24055|바인더
24056|터무니
24057|소각하다
24058|빠꾸
24059|염제
24060|각료
24061|면도날
24062|몬
24063|이하다
24064|신모
24065|피땀
24066|신령하다
24067|찡긋
24068|헐뜯다
24069|골몰하다
24070|로이스
24071|아부
24072|덜렁거리다
24073|맹물
24074|방미
24075|삑사리
24076|포괄하다
24077|밀짚모자
24078|멜로
24079|연복
24080|타박
24081|배영
24082|거쳐가다
24083|동여매다
24084|마오쩌둥
24085|반문
24086|오겹살
24087|곤욕
24088|선숙
24089|가속하다
24090|호르무즈
24091|득표하다
24092|중추
24093|책봉
24094|또르르
24095|목화
24096|환심
24097|발가벗다
24098|하이테크
24099|희끗희끗하다
24100|국무
24101|코이카
24102|전해
24103|블레이크
24104|사주하다
24105|재활용되다
24106|윗분
24107|수출국
24108|배배
24109|비무장
24110|행운아
24111|토마호크
24112|갓겜
24113|환매
24114|대장암
24115|떼돈
24116|부대장
24117|인수되다
24118|답신
24119|무감각하다
24120|허드슨
24121|꼭짓점
24122|쨍쨍
24123|반항적
24124|발그레하다
24125|주제가
24126|기백
24127|오리지날
24128|박탈
24129|목차
24130|골인하다
24131|블링블링하다
24132|볏짚
24133|한정식
24134|메가시티
24135|의왕
24136|강이
24137|집합하다
24138|발진
24139|선별적
24140|미술가
24141|이야기책
24142|단초
24143|역법
24144|카타르시스
24145|은표
24146|위풍당당하다
24147|불발
24148|밉상
24149|독식하다
24150|효일
24151|루즈
24152|무예
24153|싹쓸이
24154|완승
24155|소저
24156|등산화
24157|도매상
24158|추상화
24159|도타
24160|망신당하다
24161|벨라트릭스
24162|채점하다
24163|긁적거리다
24164|스타터
24165|행세하다
24166|테헤란
24167|팔만대장경
24168|발악하다
24169|러프
24170|공학자
24171|잘근잘근
24172|주정뱅이
24173|방출
24174|산전수전
24175|내조
24176|유클리드
24177|부적합하다
24178|내홍
24179|릴리즈
24180|나열
24181|야즈
24182|핸디캡
24183|불볕더위
24184|정립하다
24185|돛대
24186|교우
24187|배다
24188|점괘
24189|장날
24190|음중
24191|원시인
24192|압권
24193|빈혈
24194|흰밥
24195|섭정
24196|희석되다
24197|가우스
24198|버핑
24199|슈퍼파워
24200|가십
24201|덩컨
24202|무능력하다
24203|해밀턴
24204|오역
24205|마호
24206|수소문
24207|밴댕이
24208|실신하다
24209|원색적
24210|실력파
24211|단골집
24212|쥐꼬리
24213|대리하다
24214|태교
24215|거의
24216|어뜩하다
24217|허가증
24218|복제품
24219|힉스
24220|저금
24221|혹등고래
24222|크래브
24223|희귀종
24224|선망
24225|생글생글
24226|삽입
24227|허영
24228|교과목
24229|멍에
24230|메탄
24231|나이로비
24232|몽유병
24233|뒷줄
24234|대항
24235|편곡하다
24236|각주
24237|마모
24238|자줏빛
24239|영사관
24240|끄집다
24241|무주
24242|프리앰프
24243|불붙이다
24244|스피어
24245|방세
24246|윤택하다
24247|쥐포
24248|농락하다
24249|상암
24250|생모
24251|소다
24252|기안
24253|편파적
24254|억지스럽다
24255|우쭈쭈
24256|딱지치기
24257|굽어보다
24258|지바
24259|회중
24260|마리오네트
24261|펄쩍펄쩍
24262|제패하다
24263|특식
24264|브론즈
24265|환기하다
24266|온데간데없다
24267|쥬스
24268|어용
24269|추리력
24270|납부
24271|폴링
24272|맏이
24273|책망
24274|경제난
24275|업로드되다
24276|정량
24277|무쌍
24278|불사
24279|누출되다
24280|기우
24281|장사치
24282|내밀하다
24283|교육계
24284|수전
24285|권리금
24286|국격
24287|광해
24288|심통
24289|얕잡다
24290|업되다
24291|적재적소
24292|철종
24293|쿠킹
24294|곤장
24295|나미비아
24296|헤르메스
24297|인경
24298|보도블록
24299|파양
24300|격추
24301|체중계
24302|리오네
24303|가로줄
24304|사악
24305|치달다
24306|고만하다
24307|뀨
24308|불그스름하다
24309|기프트
24310|역행하다
24311|마산
24312|사생
24313|그라인더
24314|친할머니
24315|엄빠
24316|홈스테이
24317|완성품
24318|화정
24319|단둥
24320|니콜
24321|형편없이
24322|안뜰
24323|칙칙
24324|급파하다
24325|심심풀이
24326|파묘
24327|수료하다
24328|논증
24329|펄스
24330|변론하다
24331|은둔
24332|히치하이킹
24333|허기지다
24334|면도하다
24335|거이다
24336|문인
24337|탄력적
24338|위중하다
24339|킨텍스
24340|양껏
24341|왜가리
24342|사례금
24343|상경
24344|중상자
24345|목적어
24346|사회인
24347|맨땅
24348|넬
24349|인시
24350|아니꼽다
24351|독려
24352|물불
24353|덜그럭
24354|코린토스
24355|민방위
24356|열나다
24357|낄낄대다
24358|맨눈
24359|신물
24360|화목
24361|도청기
24362|고기잡이
24363|바글바글하다
24364|주둥아리
24365|묵인하다
24366|뱃전
24367|조리개
24368|꼴값
24369|참작하다
24370|상향하다
24371|번영하다
24372|판넬
24373|하관
24374|복선
24375|분석가
24376|라볶이
24377|이황
24378|법학
24379|응석
24380|모멘텀
24381|용궁
24382|고목
24383|임박
24384|납골당
24385|몸가짐
24386|프리젠테이션
24387|고무보트
24388|무진
24389|다비드
24390|인공호흡
24391|서슬
24392|밀렵
24393|관광업
24394|노치
24395|생식기
24396|키예프
24397|피구
24398|구름다리
24399|잔재
24400|전임자
24401|대자보
24402|막간
24403|뭉크
24404|부탄가스
24405|판로
24406|불굴
24407|깔아뭉개다
24408|침통하다
24409|투표장
24410|비치하다
24411|청렴하다
24412|흐드러지다
24413|화실
24414|알람
24415|알바니아
24416|톰슨
24417|하숙
24418|풍토
24419|무난히
24420|수요자
24421|핑핑
24422|지류
24423|소똥
24424|샤블리
24425|호신술
24426|양날
24427|올랜도
24428|줄행랑
24429|전략가
24430|크레이터
24431|원폭
24432|선악
24433|화룡점정
24434|새언니
24435|마라토너
24436|창사
24437|서막
24438|보편
24439|용태
24440|징수
24441|한나라당
24442|오세아니아
24443|오리엔테이션
24444|비틀어지다
24445|무익하다
24446|불시착
24447|험준하다
24448|배달부
24449|타지마할
24450|원아
24451|설원
24452|색출하다
24453|로밍
24454|겨울옷
24455|언택트
24456|슬립
24457|전술적
24458|논산
24459|불조심
24460|서포트하다
24461|공산품
24462|대근
24463|카루
24464|진군하다
24465|고요히
24466|자애롭다
24467|도배하다
24468|충직하다
24469|장땡
24470|동적
24471|이수하다
24472|도배되다
24473|필적
24474|수출입
24475|옥새
24476|노경
24477|상용화되다
24478|농구장
24479|저짝
24480|병태
24481|용구
24482|판초
24483|메가바이트
24484|팽배하다
24485|지아비
24486|썩히다
24487|자료집
24488|공허감
24489|숨구멍
24490|오랫만
24491|멤피스
24492|가솔린
24493|구걸
24494|반반하다
24495|침샘
24496|한라봉
24497|섹스하다
24498|얼리
24499|컴파일
24500|대뇌
24501|괴로움
24502|숙적
24503|난입
24504|건담
24505|해금하다
24506|적개심
24507|노가리
24508|척척박사
24509|완력
24510|깡그리
24511|중딩
24512|내걸리다
24513|산천어
24514|대식가
24515|롤러스케이트
24516|낙폭
24517|검시
24518|대표성
24519|닦이다
24520|공격자
24521|대청
24522|최고인민회의
24523|진숙
24524|옷소매
24525|드라이브하다
24526|졸토
24527|금속성
24528|하굣길
24529|딸랑거리다
24530|말솜씨
24531|답례품
24532|통솔하다
24533|유자차
24534|속사포
24535|다라
24536|토라지다
24537|기다
24538|훌륭히
24539|중화시키다
24540|하강하다
24541|작사하다
24542|잔업
24543|종구
24544|베르사유
24545|팥쥐
24546|재갈
24547|일반화
24548|개정판
24549|상투
24550|가려움증
24551|노숙하다
24552|초월
24553|생리적
24554|불티
24555|덮히다
24556|문패
24557|점멸
24558|엮음
24559|핫라인
24560|끄
24561|허스키
24562|접착
24563|랍다
24564|패널티
24565|세이버
24566|애티튜드
24567|수려하다
24568|봉식
24569|촉진시키다
24570|개울가
24571|함박
24572|결승점
24573|영의정
24574|금시초문
24575|네시
24576|고려청자
24577|오목하다
24578|조물조물
24579|쭈뼛거리다
24580|라구
24581|안수
24582|산출하다
24583|방한
24584|수선화
24585|처자
24586|오색
24587|허허벌판
24588|묵상하다
24589|샅바
24590|젤라틴
24591|국본
24592|제호
24593|종지부
24594|누아르
24595|무너트리다
24596|위법성
24597|거행되다
24598|노라
24599|덕유산
24600|저널리스트
24601|동북
24602|찌릿찌릿
24603|꼬불꼬불하다
24604|릴
24605|잰걸음
24606|하루살이
24607|동반
24608|에브라임
24609|구심점
24610|큐빗
24611|폴라리스
24612|아리랑
24613|추
24614|낄낄
24615|회신
24616|직항
24617|천민
24618|운아
24619|명운
24620|대공황
24621|처신하다
24622|살인적
24623|단일화하다
24624|나이팅게일
24625|초특급
24626|가곡
24627|식량난
24628|랜
24629|일흔
24630|재목
24631|검둥이
24632|상실되다
24633|멍석
24634|홀라당
24635|뒷걸음치다
24636|냉소
24637|무장하다
24638|오두막집
24639|싼값
24640|상투적
24641|한물가다
24642|덧칠하다
24643|기제
24644|찐득하다
24645|자차
24646|필명
24647|새해맞이
24648|마나
24649|트루먼
24650|아차차
24651|까매지다
24652|수사망
24653|디킨스
24654|후비다
24655|혈세
24656|실비
24657|복제되다
24658|골문
24659|윤상
24660|꿈틀꿈틀
24661|브록
24662|수다스럽다
24663|족집게
24664|어록
24665|당혹하다
24666|쉐
24667|핸드메이드
24668|햇님
24669|베로니카
24670|국법
24671|연발하다
24672|모잠비크
24673|가빠지다
24674|사형
24675|고지하다
24676|통촉하다
24677|채무자
24678|초범
24679|알라
24680|킨디
24681|근위대
24682|축전
24683|스피커폰
24684|오프너
24685|직행
24686|타르타르
24687|투투
24688|고리타분하다
24689|합판
24690|수축되다
24691|조르르
24692|태비
24693|느닷없다
24694|아델
24695|젤라또
24696|복학하다
24697|침식
24698|타닌
24699|판매원
24700|은닉하다
24701|코소보
24702|나무판
24703|늪지대
24704|부도덕하다
24705|환멸
24706|부에노스아이레스
24707|청심환
24708|추모제
24709|고관
24710|상술
24711|수간호사
24712|무인점포
24713|융자
24714|보고회
24715|레진
24716|소켓
24717|탈주
24718|우려먹다
24719|체르노빌
24720|기똥차다
24721|기대앉다
24722|갈팡질팡하다
24723|죄다
24724|가오슝
24725|권익
24726|연구되다
24727|앙숙
24728|인질극
24729|살결
24730|판수
24731|잔향
24732|종단
24733|가계부
24734|완강히
24735|히든카드
24736|도랑
24737|교습
24738|차사
24739|꽃봉오리
24740|주전
24741|학군
24742|실성하다
24743|유부
24744|내로라하다
24745|변혁
24746|우삼겹
24747|서드
24748|체육계
24749|민관
24750|프로바이오틱스
24751|고분고분
24752|시약
24753|탈북하다
24754|총잡이
24755|명시
24756|간송
24757|극대화되다
24758|독촉
24759|가공되다
24760|벌렁거리다
24761|합장
24762|발원지
24763|저금하다
24764|댈러스
24765|백골
24766|기부되다
24767|소멸시키다
24768|안장되다
24769|홍연
24770|객줏집
24771|보색
24772|혼전
24773|돌탑
24774|끌끌
24775|토플
24776|성행하다
24777|탑차
24778|발주하다
24779|와하다
24780|흑점
24781|여벌
24782|할망
24783|여
24784|일련번호
24785|트렌치코트
24786|제삿날
24787|허둥거리다
24788|깊숙히
24789|창살
24790|성비
24791|들이박다
24792|삼춘
24793|삐용
24794|슈거
24795|히트하다
24796|설후
24797|보풀
24798|인턴십
24799|쥐구멍
24800|능통하다
24801|사나흘
24802|광야
24803|긴말
24804|완공하다
24805|들치다
24806|주세
24807|미신적
24808|무산
24809|살그머니
24810|기도원
24811|천연덕스럽다
24812|일인자
24813|선구
24814|부리부리
24815|북동
24816|어질어질하다
24817|앙칼지다
24818|킬킬거리다
24819|깜빡깜빡하다
24820|나가토
24821|부력
24822|천방지축
24823|멈칫
24824|탁주
24825|증빙
24826|유흥가
24827|가독성
24828|낯간지럽다
24829|기염
24830|금비
24831|뒤바꾸다
24832|흥정하다
24833|플레어
24834|레귤러
24835|답방
24836|편도
24837|복스
24838|서독
24839|마르셀
24840|감전
24841|산자락
24842|파이프라인
24843|밀리미터
24844|버클
24845|핵미사일
24846|정력
24847|화이트헤드
24848|세네갈
24849|장식물
24850|개명하다
24851|공매
24852|피사
24853|알타리
24854|호령
24855|분장실
24856|텔레포트
24857|헥터
24858|발해
24859|신들리다
24860|손자국
24861|바스켓
24862|먼로
24863|결제되다
24864|월다
24865|부르주아
24866|단출하다
24867|쿵쾅쿵쾅
24868|하명
24869|비탈
24870|불우
24871|쥑이다
24872|전국구
24873|기우제
24874|폭발력
24875|증조할머니
24876|박탈되다
24877|곧다
24878|반사회적
24879|언변
24880|위도
24881|시도되다
24882|상남
24883|야옹야옹
24884|와규
24885|핏대
24886|조리사
24887|블다
24888|황토색
24889|예약제
24890|모닝콜
24891|분열하다
24892|차양
24893|눈두덩
24894|남성용
24895|청취
24896|스카우트하다
24897|준위
24898|화구
24899|할증
24900|건립되다
24901|시디
24902|서행하다
24903|맹활약
24904|굴렁쇠
24905|도도하다
24906|보편화되다
24907|술수
24908|수험
24909|야수다
24910|되잖다
24911|반투명
24912|확립되다
24913|켕기다
24914|도베르만
24915|갑질하다
24916|애간장
24917|음
24918|눈총
24919|시황
24920|고바야시
24921|정상인
24922|몰타
24923|통일성
24924|안내서
24925|무신경하다
24926|현악기
24927|거부되다
24928|비냉
24929|폐위
24930|가리
24931|할애비
24932|오다가다
24933|강박증
24934|우미
24935|불신하다
24936|대혼란
24937|통성명
24938|밤바
24939|코딩하다
24940|별종
24941|친어머니
24942|반절
24943|주룩주룩
24944|간청
24945|어련하다
24946|성가대
24947|휘청하다
24948|점성
24949|대자
24950|굳
24951|절하다
24952|도제
24953|일방통행
24954|거행하다
24955|셀러리
24956|국제회의
24957|화폭
24958|턱받이
24959|절충안
24960|몰드
24961|오순도순
24962|세슘
24963|높임말
24964|둥글둥글하다
24965|건포도
24966|만만찮다
24967|요식업
24968|본식
24969|위병
24970|후줄근하다
24971|뒷장
24972|음지
24973|어깨너머
24974|미개하다
24975|무소유
24976|짐바브웨
24977|백혈구
24978|숙종
24979|니켈
24980|성배
24981|카이저
24982|몸조리
24983|꿀물
24984|니가타
24985|우찌
24986|폐인
24987|상순
24988|착공하다
24989|약혼식
24990|변사체
24991|대홍수
24992|승선하다
24993|합하다
24994|판화
24995|짓이기다
24996|두만강
24997|커닝
24998|속물
24999|계류
25000|졸업반
25001|카시트
25002|금수
25003|모험심
25004|동명이인
25005|소모적
25006|히로
25007|미시
25008|흑막
25009|칼부림
25010|뿜뿜하다
25011|귀감
25012|송년회
25013|쏘다니다
25014|알짜
25015|호랑나비
25016|에스토니아
25017|임기응변
25018|우쿨렐레
25019|건설업
25020|성인병
25021|통지서
25022|유턴하다
25023|우달치
25024|건망증
25025|변색
25026|불변
25027|왁
25028|화재
25029|곱
25030|면수
25031|타잔
25032|참극
25033|유막
25034|직화
25035|수용성
25036|긴급히
25037|불식
25038|발돋움하다
25039|불만족스럽다
25040|무계획
25041|출정식
25042|뒤치다꺼리
25043|내말
25044|고타
25045|태
25046|포코
25047|몰수하다
25048|편력
25049|참회
25050|빠릿빠릿하다
25051|강감찬
25052|종문
25053|혈장
25054|뉴올리언스
25055|심야
25056|프롬프트
25057|세로줄
25058|호일
25059|준공식
25060|신앙심
25061|눈엣가시
25062|페이즈
25063|신국
25064|뎁
25065|삽입되다
25066|도치
25067|시보리
25068|태릉
25069|쓱싹
25070|새별
25071|아방
25072|아닛
25073|전래
25074|쪽문
25075|치정
25076|윤씨
25077|카드뮴
25078|산신령
25079|의수
25080|광적
25081|특허권
25082|평안북도
25083|재잘거리다
25084|파라독스
25085|미친개
25086|봉교
25087|광학
25088|쿠스코
25089|패션계
25090|분데스리가
25091|대여
25092|되갚다
25093|무직
25094|생화
25095|부종
25096|방중
25097|돌대가리
25098|허탈감
25099|정육면체
25100|필기구
25101|토의
25102|익
25103|닦달하다
25104|홍보물
25105|갈릴리
25106|가즈
25107|기가바이트
25108|유례없다
25109|시총
25110|찬이
25111|도출되다
25112|도란
25113|민속촌
25114|애지중지하다
25115|카트만두
25116|귀염
25117|채반
25118|양성평등
25119|도시화
25120|혹사
25121|제반
25122|문상
25123|스트립
25124|컬렉터
25125|초청장
25126|여교사
25127|골뱅이
25128|북새통
25129|현대판
25130|훈련생
25131|강박적
25132|어시장
25133|신문하다
25134|개굴개굴
25135|물욕
25136|비위생적
25137|우유부단하다
25138|뜬구름
25139|생일잔치
25140|시곗바늘
25141|바리
25142|마르
25143|미온적
25144|공공연히
25145|페어
25146|사무용
25147|비기다
25148|중얼중얼
25149|미등록
25150|부왕
25151|꺄르르
25152|일률적
25153|따돌림
25154|메뉴얼
25155|얄궂다
25156|진즉
25157|집들이
25158|일례
25159|소좌
25160|리을
25161|돌벽
25162|체인저
25163|비껴가다
25164|흰토끼
25165|홈스쿨링
25166|큰이모
25167|에리다
25168|더티
25169|급부상하다
25170|접영
25171|군밤
25172|가끔
25173|사계
25174|콜롬보
25175|선점
25176|자포자기하다
25177|양로원
25178|번쩍하다
25179|창모
25180|주승
25181|학부
25182|불티나다
25183|늬
25184|지양하다
25185|거들먹거리다
25186|바람막이
25187|동타
25188|재간
25189|쾌
25190|꼬끼오
25191|민자
25192|단군
25193|상품성
25194|얼싸안다
25195|팔랑팔랑
25196|하이패스
25197|분풀이
25198|찰과상
25199|명정
25200|고졸
25201|개도국
25202|필성
25203|셀피
25204|전야제
25205|방청석
25206|자일리톨
25207|동년배
25208|발렌시아
25209|유속
25210|철탑
25211|에지다
25212|상여금
25213|옥사
25214|우레탄
25215|금반지
25216|하몽
25217|대차다
25218|권위주의
25219|잠정적
25220|산새
25221|삼척동자
25222|전지전능하다
25223|깜빡이
25224|도핑
25225|스카웃
25226|우글거리다
25227|동파
25228|후사
25229|방글
25230|정설
25231|동남쪽
25232|머큐리
25233|도념
25234|자업자득
25235|진기
25236|잠적
25237|가연성
25238|달밤
25239|송주
25240|스웨그
25241|멜라토닌
25242|대문짝만하다
25243|도미니크
25244|삼룡
25245|영특하다
25246|시미
25247|함몰
25248|태주
25249|목탁
25250|파리채
25251|종탑
25252|리셉션
25253|홍기
25254|방전
25255|추방당하다
25256|미켈란젤로
25257|철통
25258|입원실
25259|가속화하다
25260|솔선수범하다
25261|폐차장
25262|법당
25263|수반
25264|저버리다
25265|진두지휘하다
25266|한약재
25267|재력가
25268|차바
25269|설문지
25270|문득문득
25271|발칸
25272|흙냄새
25273|동맹군
25274|섭하다
25275|도식
25276|커맨드
25277|반작용
25278|마르크
25279|제영
25280|어시
25281|노닥거리다
25282|점도
25283|첨가
25284|떼내다
25285|물리력
25286|덜그럭거리다
25287|바나바
25288|연보라색
25289|복잡성
25290|판촉
25291|추켜세우다
25292|와치
25293|곤고하다
25294|집히다
25295|악용
25296|상파울루
25297|완장
25298|환성
25299|소탕
25300|풀어헤치다
25301|잠꾸러기
25302|룰루랄라
25303|셀라
25304|꼬꼬댁
25305|빨랫감
25306|그릭
25307|생계비
25308|노미
25309|위로금
25310|정당화
25311|자글자글하다
25312|맞팔
25313|포위망
25314|외침
25315|제노
25316|갸루
25317|취학
25318|배양하다
25319|찍찍
25320|나무토막
25321|어깨춤
25322|상성
25323|해빙
25324|본교
25325|봄기운
25326|오르골
25327|윤회
25328|냉동식품
25329|내리찍다
25330|전문지
25331|올레길
25332|압정
25333|지존
25334|산세
25335|도복
25336|상승시키다
25337|청설
25338|열화
25339|에밋
25340|적십자
25341|킹스
25342|시원스럽다
25343|천재지변
25344|점찍다
25345|보먼
25346|쇠똥구리
25347|그쯤
25348|탱글탱글
25349|잡일
25350|확증
25351|나룻배
25352|아시리아
25353|화생방
25354|해탈
25355|정치학
25356|거창
25357|봄맞이
25358|정향
25359|밀레니얼
25360|고민스럽다
25361|비축
25362|공기놀이
25363|요망하다
25364|결렬
25365|게을러지다
25366|직관하다
25367|나타
25368|비커
25369|투혼
25370|스핀오프
25371|충칭
25372|안키
25373|안돌다
25374|수리되다
25375|밀크셰이크
25376|화차
25377|과음
25378|참가국
25379|이언
25380|착석
25381|존자
25382|헛다리
25383|호명하다
25384|궁성
25385|체다
25386|방공호
25387|발효하다
25388|누차
25389|으쓱
25390|어도비
25391|과제물
25392|수괴
25393|보신각
25394|조소
25395|오닐
25396|삐걱대다
25397|킬
25398|출동시키다
25399|하등
25400|네발
25401|바로크
25402|단청
25403|케임브리지
25404|이행되다
25405|메밀국수
25406|가마쿠라
25407|베짱이
25408|결박하다
25409|징병제
25410|병마
25411|둔덕
25412|극작가
25413|족욕
25414|베오그라드
25415|불평불만
25416|아답터
25417|동동주
25418|목례
25419|의성어
25420|링커
25421|찹
25422|과수
25423|남음
25424|검사소
25425|조금조금
25426|오누이
25427|종사
25428|나랏돈
25429|모독
25430|곯다
25431|윤광
25432|고분고분하다
25433|원기둥
25434|우선권
25435|흰자위
25436|뒤뚱뒤뚱
25437|진액
25438|일치되다
25439|멸치볶음
25440|학연
25441|턱밑
25442|피코
25443|가랑비
25444|계책
25445|바람결
25446|게르
25447|정신머리
25448|어슴푸레하다
25449|금년
25450|어버이
25451|종잣돈
25452|챔피온
25453|진솔
25454|화색
25455|묵살하다
25456|중첩되다
25457|패혈증
25458|새치
25459|선곡하다
25460|진실성
25461|블렌더
25462|스트로크
25463|아랫도리
25464|불호
25465|의녀
25466|클리블랜드
25467|잠깐잠깐
25468|코비
25469|하이파이
25470|해미
25471|스크랩하다
25472|인터벌
25473|술상
25474|각권
25475|채찍질하다
25476|군견
25477|이판사판
25478|중지시키다
25479|남아나다
25480|주춧돌
25481|튀니지
25482|포진하다
25483|쓸쓸히
25484|우십다
25485|발원하다
25486|검무
25487|짜르다
25488|헌책방
25489|갱생
25490|옜다
25491|국내선
25492|욕보이다
25493|내분
25494|검열하다
25495|낙오자
25496|굿하다
25497|놓
25498|절단
25499|주머니
25500|마일즈
25501|왕왕
25502|고일
25503|손질되다
25504|눈썰매장
25505|스모
25506|브람스
25507|원스
25508|본안
25509|액세스
25510|플리스
25511|기성품
25512|상쇄하다
25513|스웩
25514|회장단
25515|양강
25516|응급조치
25517|보위
25518|장독
25519|형용하다
25520|파이다
25521|당위성
25522|재충전
25523|목청껏
25524|백현
25525|체온계
25526|시꺼멓다
25527|피톤치드
25528|파마하다
25529|졸속
25530|크랙
25531|엉겅퀴
25532|산적하다
25533|메소드
25534|신신당부하다
25535|수목
25536|결빙
25537|탐문하다
25538|깔보다
25539|역점
25540|대축제
25541|맞선
25542|건기
25543|북두칠성
25544|악천후
25545|구면
25546|열망하다
25547|슬래시
25548|맞부딪치다
25549|귀관
25550|고분
25551|예제
25552|제도권
25553|관목
25554|재판정
25555|에어버스
25556|데미
25557|포토그래퍼
25558|출당
25559|발암
25560|숭숭
25561|판검사
25562|마일라
25563|리소스
25564|적도
25565|파병하다
25566|부울경
25567|발광하다
25568|찔러주다
25569|당선작
25570|반차
25571|실린더
25572|입학생
25573|첫판
25574|내국인
25575|자시
25576|폭파되다
25577|바이런
25578|봉송
25579|역작
25580|금
25581|경력자
25582|부흥하다
25583|션
25584|공포하다
25585|오버드라이브
25586|이드
25587|명심
25588|월가
25589|수어
25590|넘실거리다
25591|탄생되다
25592|최남단
25593|독과점
25594|직방
25595|자질구레하다
25596|페미니스트
25597|위반되다
25598|수의
25599|전수받다
25600|추월
25601|킹메이커
25602|경로당
25603|구속력
25604|트위드
25605|코뼈
25606|동양적
25607|경전철
25608|고만고만하다
25609|싱숭생숭하다
25610|파혼
25611|태위
25612|호세
25613|아서
25614|요격하다
25615|저사
25616|새콤
25617|타협점
25618|낭랑하다
25619|싸움하다
25620|택견
25621|푸푸
25622|전곡
25623|심스
25624|연막
25625|각시
25626|건전성
25627|기선
25628|콤비네이션
25629|고사장
25630|깔아두다
25631|재기하다
25632|확확
25633|가증하다
25634|출전권
25635|밥벌이
25636|카툰
25637|과식하다
25638|쉬엄쉬엄
25639|붙들리다
25640|패소
25641|맞대응하다
25642|원사
25643|창궐하다
25644|분업
25645|박하사탕
25646|차용하다
25647|바르르
25648|호퍼
25649|귀농
25650|달큼하다
25651|르네
25652|초연하다
25653|자회
25654|엠바고
25655|촉매
25656|자기중심적
25657|넙죽
25658|흘긋
25659|게을리
25660|소유욕
25661|수퍼
25662|산채
25663|공전하다
25664|종잇조각
25665|신비스럽다
25666|수신
25667|플루타르크
25668|별나다
25669|세이셸
25670|시장하다
25671|이맛살
25672|장의사
25673|중얼대다
25674|고대인
25675|문외한
25676|바른말
25677|헛수고
25678|탕진하다
25679|들고나오다
25680|목판
25681|입양아
25682|교육열
25683|고린도
25684|순항
25685|쌍수
25686|위키
25687|양봉
25688|어지르다
25689|중압감
25690|관철하다
25691|표백
25692|허블
25693|향수병
25694|어색
25695|수선하다
25696|음압
25697|데자뷰
25698|으슥하다
25699|참변
25700|따릉
25701|대롱
25702|고자질하다
25703|휴관
25704|글꼴
25705|약방
25706|청군
25707|살라미
25708|분교
25709|너스레
25710|쭈뼛
25711|전란
25712|근대적
25713|더더군다나
25714|계급장
25715|범블비
25716|로직
25717|이치조
25718|얌얌
25719|덕선
25720|사현
25721|팅팅
25722|제과
25723|원활히
25724|일대일
25725|방사하다
25726|다이나믹하다
25727|추파
25728|상속하다
25729|피선거권
25730|저임금
25731|일맥상통하다
25732|길르앗
25733|자연산
25734|건디
25735|수고비
25736|장대
25737|굴삭기
25738|참말
25739|제명하다
25740|북위
25741|저널리즘
25742|주동자
25743|고쳐먹다
25744|처연하다
25745|혼동
25746|섹
25747|복슬복슬하다
25748|잡아타다
25749|닐
25750|거두어들이다
25751|세인트루이스
25752|밤색
25753|증정되다
25754|무참하다
25755|서사시
25756|가준이
25757|화교
25758|항변
25759|알칼리
25760|동일시하다
25761|공고히
25762|선거일
25763|돌잡이
25764|트랜스
25765|폐막식
25766|금마
25767|팀플
25768|화형
25769|파브르
25770|국경일
25771|구불구불
25772|터빈
25773|식사량
25774|순기능
25775|촉발
25776|재가하다
25777|켜켜이
25778|배합하다
25779|비관하다
25780|고용인
25781|빙그르르
25782|독거미
25783|장난삼다
25784|이구동성
25785|가지각색
25786|아래턱
25787|초토화
25788|빨리다
25789|보온병
25790|리볼버
25791|참패하다
25792|남방큰돌고래
25793|힐끔힐끔
25794|오스트랄로피테쿠스
25795|강력반
25796|성품
25797|톳
25798|오래다
25799|아스파탐
25800|학습시키다
25801|난민촌
25802|편집부
25803|뒷담
25804|연병장
25805|농기계
25806|숭늉
25807|야자나무
25808|광자
25809|주성분
25810|병충해
25811|고사하다
25812|곡예사
25813|눌러놓다
25814|술판
25815|맛살
25816|흥청망청
25817|장박
25818|우식
25819|소국
25820|성물
25821|암흑기
25822|입간판
25823|토의하다
25824|글레이즈
25825|빼입다
25826|참수
25827|파킨슨병
25828|외세
25829|흐지부지되다
25830|콜록콜록
25831|도리도리
25832|식솔
25833|댄
25834|서킷
25835|국모
25836|혜안
25837|배반
25838|고깃덩이
25839|캠코더
25840|편두통
25841|송별회
25842|능청스럽다
25843|마키아벨리
25844|산토끼
25845|누린내
25846|초복
25847|흐트러뜨리다
25848|짬짬이
25849|정벌
25850|응축되다
25851|아담
25852|부조
25853|패전
25854|초토화되다
25855|병약하다
25856|엔드리스
25857|접견하다
25858|우레
25859|발췌
25860|역공
25861|인국
25862|차치하다
25863|쓰담쓰담
25864|장려금
25865|등반하다
25866|유려하다
25867|토닉워터
25868|지상군
25869|엘살바도르
25870|뛰치다
25871|각설탕
25872|바레인
25873|헉헉
25874|자니
25875|상패
25876|곡조
25877|꿀밤
25878|함평
25879|라이스페이퍼
25880|피로연
25881|손톱깎이
25882|몽고메리
25883|스퍼트
25884|피멍
25885|곱창전골
25886|맹랑하다
25887|떼죽음
25888|자주하다
25889|스티븐스
25890|테리어
25891|서먹서먹하다
25892|종교계
25893|탄피
25894|밀정
25895|멀리멀리
25896|진보하다
25897|연행
25898|내리꽂다
25899|등하다
25900|수없다
25901|출력되다
25902|대제
25903|회합
25904|마그누스
25905|대중화되다
25906|준장
25907|넓적다리
25908|얼토당토않다
25909|승승장구
25910|아스피린
25911|카탈루냐
25912|퇴출되다
25913|권지
25914|염장
25915|시상대
25916|거주민
25917|쌉쌀하다
25918|권법
25919|외출복
25920|내재되다
25921|하수인
25922|놔버리다
25923|기치
25924|휴전선
25925|수배자
25926|소백산
25927|동글
25928|자만심
25929|라일
25930|뚝심
25931|간병하다
25932|꼼지락거리다
25933|가시적
25934|미니언즈
25935|단물
25936|도착지
25937|좌초되다
25938|운송하다
25939|각성제
25940|지천
25941|레어템
25942|승화시키다
25943|강요당하다
25944|학부형
25945|상상되다
25946|건설업자
25947|인격체
25948|보호색
25949|중심선
25950|정도껏
25951|정죄하다
25952|성철
25953|사준
25954|패키지
25955|방어율
25956|브라마
25957|화합하다
25958|열댓
25959|나파
25960|점호
25961|둥실
25962|일촉즉발
25963|포물선
25964|정범
25965|악장
25966|접목
25967|하무
25968|평상복
25969|십계명
25970|밀봉
25971|키르기스스탄
25972|다다미방
25973|단감
25974|아등바등
25975|귓등
25976|은자
25977|바끼다
25978|작심하다
25979|하도급
25980|모기업
25981|회용
25982|푸쉬
25983|브라
25984|채수
25985|보비
25986|뭇
25987|비틀즈
25988|병어
25989|이데아
25990|상속자
25991|서까래
25992|가중시키다
25993|실익
25994|덜떨어지다
25995|중후하다
25996|제철소
25997|여치
25998|해악
25999|관측소
26000|인생관
26001|추문
26002|그르렁거리다
26003|추산
26004|파트타임
26005|포주
26006|포틀랜드
26007|귓전
26008|진피
26009|태동
26010|깔개
26011|주인아저씨
26012|진열
26013|다이내믹
26014|구충제
26015|새나다
26016|갓난아이
26017|서술
26018|소시지
26019|건실하다
26020|니켈로디언
26021|먹자골목
26022|밀봉하다
26023|애기하다
26024|짠
26025|초빙하다
26026|총책임자
26027|석조
26028|만민
26029|히죽히죽
26030|밀턴
26031|뱁새
26032|임시방편
26033|변화무쌍하다
26034|바운더리
26035|마작
26036|덤프
26037|라이베리아
26038|거무스름하다
26039|아뿔싸
26040|시찰하다
26041|의붓아버지
26042|집어
26043|우세
26044|부비
26045|튀
26046|곱셈
26047|본상
26048|무형
26049|가속화
26050|저지방
26051|타박하다
26052|식민지
26053|린네
26054|잔당
26055|바이어
26056|샹젤리제
26057|노자
26058|바운드
26059|소꿉놀이
26060|자결하다
26061|비글
26062|하여
26063|요오드
26064|살집
26065|북해
26066|얼음판
26067|일없다
26068|해자
26069|소학교
26070|애시
26071|전기밥솥
26072|단란하다
26073|제습기
26074|떠가다
26075|끽
26076|바짝바짝
26077|까나리
26078|노즐
26079|가스관
26080|징수하다
26081|주춤
26082|붙어먹다
26083|파병되다
26084|악단
26085|구력
26086|아웃솔
26087|가락지
26088|극구
26089|개강하다
26090|비호
26091|애달프다
26092|군청
26093|풍채
26094|천부적
26095|부둣가
26096|난중일기
26097|전유물
26098|찌찌
26099|지혈
26100|흐느적거리다
26101|이타적
26102|관상용
26103|구두쇠
26104|고향집
26105|엽총
26106|터울
26107|위축시키다
26108|정비되다
26109|코호트
26110|데드라인
26111|법석
26112|리옹
26113|전환기
26114|잠보
26115|기이
26116|외관상
26117|심복
26118|합격시키다
26119|회한
26120|아처
26121|샤이닝
26122|등정
26123|시집보내다
26124|급행열차
26125|제타
26126|호쾌하다
26127|곡예
26128|나이테
26129|필리
26130|불출석하다
26131|낭만주의
26132|지망
26133|망루
26134|자명하다
26135|자작극
26136|삼위일체
26137|부속품
26138|금선
26139|상극
26140|활시위
26141|양기
26142|우지
26143|술법
26144|온정
26145|설명문
26146|병거
26147|다자
26148|낙찰
26149|격언
26150|산짐승
26151|디스하다
26152|상철
26153|총학생회
26154|흐지부지
26155|엄벌하다
26156|깔끔히
26157|재채기하다
26158|말씨
26159|카슨
26160|실황
26161|떠다
26162|천연자원
26163|개인주의
26164|최적화하다
26165|디버깅
26166|명명하다
26167|연속되다
26168|은행잎
26169|혁명가
26170|서두
26171|필압
26172|테스토스테론
26173|버릇없이
26174|정연하다
26175|하잇
26176|마그넷
26177|군관
26178|합장하다
26179|복기하다
26180|증조할아버지
26181|액츄에이터
26182|선이
26183|먼발치
26184|어젠다
26185|꺼
26186|멜빵
26187|파업하다
26188|회선
26189|반정
26190|정동
26191|사각사각
26192|불규칙적
26193|떠먹이다
26194|고희
26195|들짐승
26196|손때
26197|고안되다
26198|퀄
26199|모멸감
26200|여인숙
26201|불효자
26202|치실
26203|밥상머리
26204|도청하다
26205|선처하다
26206|전소되다
26207|레즈비언
26208|난데없다
26209|일평생
26210|교통정리
26211|핼쑥하다
26212|호리병
26213|톨스토이
26214|청천벽력
26215|호신용
26216|맞바람
26217|본고장
26218|코골이
26219|빈곤하다
26220|유자
26221|의인화하다
26222|아낌없다
26223|사기극
26224|표차
26225|인문계
26226|앓아눕다
26227|저그
26228|염도
26229|이코노미스트
26230|째깍
26231|우물쭈물
26232|진급하다
26233|로터리
26234|파투
26235|명석하다
26236|워크샵
26237|뒤집어엎다
26238|생리통
26239|무용담
26240|뒤섞다
26241|기고하다
26242|창설되다
26243|몽실
26244|여야정
26245|온돌
26246|전율하다
26247|상경하다
26248|거치하다
26249|띠동갑
26250|금다
26251|매복하다
26252|옴짝달싹
26253|암막
26254|입궐하다
26255|횡설수설
26256|낙석
26257|드림
26258|민이
26259|몰래몰래
26260|꿈결
26261|즉사
26262|수송하다
26263|등록증
26264|논평하다
26265|딜
26266|도열하다
26267|을지로
26268|튜링
26269|뛰
26270|나노미터
26271|시로
26272|나이아가라
26273|알밤
26274|아까워하다
26275|관통
26276|해방하다
26277|결재하다
26278|간음하다
26279|칫솔질
26280|남조선
26281|어슬렁어슬렁
26282|인양하다
26283|파면하다
26284|첨벙
26285|가시덤불
26286|진찰하다
26287|울리
26288|홀짝
26289|아이솔레이션
26290|라우터
26291|전문대
26292|삐빅
26293|품새
26294|좌중
26295|답정너
26296|위촉하다
26297|왕정
26298|게으름뱅이
26299|꽃바구니
26300|페도라
26301|연석
26302|보류되다
26303|엉거주춤하다
26304|김군
26305|고정적
26306|루팡
26307|비소
26308|교자
26309|모아오다
26310|접
26311|몽글몽글
26312|물색
26313|까짓거
26314|배움터
26315|왕손
26316|정신세계
26317|키득키득
26318|융단
26319|수천
26320|직영
26321|여주인
26322|전병
26323|획일적
26324|감봉
26325|가끔가다
26326|송유관
26327|이삭줍기
26328|늘씬하다
26329|금단
26330|자위
26331|황망하다
26332|비탄
26333|합헌
26334|조깅하다
26335|가훈
26336|겁대가리
26337|하이웨이
26338|오카야마
26339|괴테
26340|능멸하다
26341|문틀
26342|조약돌
26343|수입원
26344|판매대
26345|일반화되다
26346|쌈바
26347|면바지
26348|호가
26349|술김
26350|그러
26351|자기만족
26352|양진
26353|과도
26354|증서
26355|렌탈
26356|바위산
26357|유발되다
26358|강선
26359|창작품
26360|으깨지다
26361|불성실하다
26362|위압적
26363|감싸쥐다
26364|세그먼팅
26365|원산
26366|시루
26367|묵사발
26368|살쾡이
26369|재시험
26370|아리수
26371|얻어걸리다
26372|비스무리하다
26373|캐스크
26374|올바로
26375|천운
26376|필아
26377|트레이드마크
26378|저의
26379|나무줄기
26380|중요도
26381|인화
26382|츠
26383|감생
26384|기관실
26385|철두철미하다
26386|장풍
26387|데자뷔
26388|흙투성이
26389|추징
26390|지읒
26391|웡
26392|징집
26393|만물상
26394|심폐
26395|후레쉬
26396|협동조합
26397|보마
26398|국제선
26399|동비
26400|토르티야
26401|티르
26402|비켜서다
26403|배낭여행
26404|생경하다
26405|좌우지간
26406|삘
26407|입장객
26408|젖먹이
26409|병목
26410|탄천
26411|발상지
26412|삐걱
26413|당진
26414|석경
26415|복당
26416|너털웃음
26417|몰수
26418|쥐치
26419|흠결
26420|신관
26421|스쾃
26422|탐관오리
26423|종주
26424|똑딱똑딱
26425|연이
26426|반달
26427|벼루
26428|질다
26429|샐러리맨
26430|직선제
26431|유흥
26432|패잔병
26433|파란만장하다
26434|튼튼히
26435|기리다
26436|콜키지
26437|월차
26438|캬다
26439|뵈
26440|봉하다
26441|베르다
26442|계약자
26443|무지갯빛
26444|제비꽃
26445|눈두덩이
26446|자색
26447|징벌
26448|호명되다
26449|돌발적
26450|자금난
26451|뭇매
26452|조곤조곤
26453|철딱서니
26454|장꾸
26455|시승
26456|진창
26457|채록
26458|윗몸
26459|시끼
26460|문안
26461|의사당
26462|편애하다
26463|반질반질하다
26464|닭똥집
26465|부사
26466|인쇄물
26467|참작
26468|퇴계
26469|댓바람
26470|부치
26471|갑판장
26472|저돌적
26473|우후죽순
26474|설레설레
26475|공산
26476|분과
26477|아제
26478|불평등하다
26479|쒸
26480|펭
26481|춘재
26482|터틀넥
26483|심심찮다
26484|중첩
26485|지긋이
26486|단치
26487|벌초
26488|라이드
26489|갖
26490|연명
26491|피티
26492|도화선
26493|의존
26494|싱가폴
26495|가시광선
26496|압류하다
26497|수가
26498|스메
26499|검객
26500|유망
26501|예정하다
26502|에로스
26503|남희
26504|읽씹
26505|부총장
26506|궁색하다
26507|소싯적
26508|질겁하다
26509|가난뱅이
26510|가벽
26511|샘플링
26512|푸르르다
26513|캉
26514|원성
26515|초목
26516|재구성
26517|도슨
26518|수험표
26519|배팅
26520|간주
26521|선진
26522|반입하다
26523|선불
26524|메로
26525|부단히
26526|죄스럽다
26527|비비안
26528|파라과이
26529|개집
26530|상사병
26531|암페어
26532|헤르츠
26533|에단
26534|산간
26535|주황빛
26536|알림장
26537|제안서
26538|로고
26539|단전
26540|때다
26541|삼진
26542|시그마
26543|까무잡잡하다
26544|앙탈
26545|바느질하다
26546|졸피뎀
26547|진노하다
26548|사회봉사
26549|달러화
26550|여의주
26551|공중전
26552|몰도바
26553|차문
26554|비토
26555|프랑크
26556|백랍
26557|종착지
26558|채근하다
26559|마나마
26560|게걸스럽다
26561|불시착하다
26562|파급
26563|진규
26564|땅거미
26565|적합
26566|방화범
26567|방조하다
26568|발육
26569|전열
26570|기타리스트
26571|칠곡
26572|중공업
26573|피신
26574|축농증
26575|월계수
26576|플루토늄
26577|여죄
26578|드러머
26579|공공성
26580|의욕적
26581|등허리
26582|부녀자
26583|탈영병
26584|크랜베리
26585|실증
26586|험담하다
26587|찔끔찔끔
26588|철교
26589|돼지우리
26590|박민하다
26591|체스트
26592|하계
26593|크레이그
26594|야단법석
26595|이글루
26596|김프
26597|공고문
26598|침전
26599|넌더리
26600|코바
26601|과대평가하다
26602|안약
26603|바라나시
26604|노장
26605|미술사
26606|위례
26607|꼬질꼬질하다
26608|사생아
26609|창작되다
26610|전법
26611|도티
26612|단타
26613|제후
26614|능하다
26615|시연회
26616|현물
26617|저벅저벅
26618|폐해
26619|안달하다
26620|춤꾼
26621|천혜
26622|수돗가
26623|냉탕
26624|개관
26625|헨더슨
26626|호라이
26627|장학
26628|가면
26629|달수
26630|꼭두새벽
26631|데비
26632|알피
26633|대웅전
26634|굴러들다
26635|정립
26636|전황
26637|특상
26638|안전히
26639|오물오물
26640|쪼금
26641|귀띔
26642|건국하다
26643|여과
26644|비엔날레
26645|순교
26646|수비하다
26647|콧날
26648|연마
26649|불도그
26650|총총
26651|대못
26652|보디빌딩
26653|발권하다
26654|카메룬
26655|모조품
26656|총질
26657|농축되다
26658|너저분하다
26659|까치집
26660|액트
26661|뎅
26662|월급날
26663|로어
26664|갸우뚱
26665|차츰차츰
26666|말복
26667|벌목
26668|난
26669|문화생활
26670|기세등등하다
26671|주거비
26672|지참하다
26673|섬마을
26674|엎질러지다
26675|타율
26676|공평
26677|엘시티
26678|쓰디쓰다
26679|땡초
26680|기증받다
26681|표출
26682|확언
26683|귀화하다
26684|군악대
26685|번화하다
26686|에리스
26687|리츠
26688|유틸리티
26689|좌천되다
26690|고공
26691|밀항
26692|복리
26693|극진하다
26694|야크
26695|벤트
26696|꺽
26697|테
26698|불명예
26699|자급자족
26700|흑수
26701|왜저
26702|여담
26703|예조
26704|감싸안다
26705|할부
26706|아동용
26707|매립
26708|째
26709|단죄하다
26710|얍삽하다
26711|타진하다
26712|옷매무새
26713|감면하다
26714|예닐곱
26715|안타
26716|해부하다
26717|도둑고양이
26718|그린피스
26719|셔틀콕
26720|도국
26721|헬프
26722|자화자찬
26723|광증
26724|순차
26725|품성
26726|아르고스
26727|의경
26728|연극하다
26729|긍휼
26730|제값
26731|경실련
26732|선적
26733|거지
26734|씰룩거리다
26735|욕되다
26736|개점
26737|승격
26738|매칭하다
26739|피나다
26740|수출용
26741|주삿바늘
26742|쪼들리다
26743|우대하다
26744|베트남어
26745|인터스텔라
26746|억제되다
26747|저지선
26748|덕담
26749|진정서
26750|온스
26751|친자식
26752|귀청
26753|반개
26754|들어놓다
26755|흡혈
26756|재명
26757|비화
26758|석회암
26759|까짓
26760|라세
26761|부귀영화
26762|뽀개다
26763|귀성
26764|다크호스
26765|매국노
26766|연극배우
26767|똥오줌
26768|용명
26769|드래프트
26770|저변
26771|말로
26772|환원하다
26773|미끌미끌하다
26774|두서없이
26775|처가
26776|쩨쩨하다
26777|도슨트
26778|중장거리
26779|얼마나
26780|말괄량이
26781|인세
26782|만듦새
26783|실례되다
26784|호이
26785|개밥
26786|반다이
26787|뒷걸음질치다
26788|외국산
26789|일광욕
26790|소키
26791|스펙터클
26792|콰직
26793|반지름
26794|엑
26795|받침
26796|새신랑
26797|중히
26798|딴짓하다
26799|부산하다
26800|스포크
26801|타파
26802|합리성
26803|단결하다
26804|메두사
26805|성토하다
26806|미어지다
26807|정의되다
26808|토벌하다
26809|폭력배
26810|소매점
26811|속설
26812|함몰되다
26813|임용되다
26814|로퍼
26815|광식
26816|총선거
26817|공증
26818|추태
26819|인도주의
26820|퀘벡
26821|네까짓
26822|주름잡다
26823|휘발성
26824|탈취제
26825|허드렛일
26826|유칼립투스
26827|고수익
26828|명우
26829|내리꽂히다
26830|몽
26831|감산
26832|견습
26833|안경점
26834|왜적
26835|구슬땀
26836|금식하다
26837|뒤통수치다
26838|당사국
26839|분재
26840|부스러지다
26841|장려
26842|산중
26843|중도금
26844|구릿빛
26845|우물가
26846|공급원
26847|유괴되다
26848|행차하다
26849|즐겨찾기
26850|성장통
26851|내무반
26852|인물화
26853|설득되다
26854|몰려나오다
26855|김제
26856|컴플렉스
26857|먹칠
26858|뫼비우스
26859|현금화하다
26860|부흥회
26861|징어
26862|유목
26863|치카치카
26864|수전증
26865|충정
26866|저평가되다
26867|노각
26868|판가름
26869|실습하다
26870|입항
26871|매시
26872|스터드
26873|진천
26874|침엽수
26875|기거하다
26876|퍼펙트하다
26877|고발당하다
26878|스리라차
26879|심포지엄
26880|민구
26881|다래끼
26882|귀여움
26883|백부장
26884|묵인
26885|치장
26886|수생
26887|캠
26888|등산하다
26889|객
26890|의장국
26891|스테이플러
26892|조의
26893|직녀
26894|삽질하다
26895|루주
26896|파빌리온
26897|빅딜
26898|원판
26899|분화하다
26900|적립되다
26901|밀서
26902|벌어먹다
26903|대포차
26904|래프팅
26905|지화자
26906|첫머리
26907|바이에른
26908|식권
26909|한미일
26910|교사하다
26911|반모
26912|황족
26913|종착역
26914|부스럼
26915|유분수
26916|외양
26917|망망대해
26918|주절주절
26919|딴생각하다
26920|점마
26921|의무실
26922|미니스커트
26923|신성하다
26924|사회학
26925|동거인
26926|혈청
26927|떡잎
26928|논픽션
26929|편찬하다
26930|아웃백
26931|산후
26932|증여세
26933|주입식
26934|오동나무
26935|희로애락
26936|채송화
26937|액운
26938|풍조
26939|내어놓다
26940|딩고
26941|도씨
26942|지하상가
26943|전근
26944|암자
26945|피타고라스
26946|중창
26947|사브르
26948|자유스럽다
26949|모작
26950|체세포
26951|플루토
26952|면도칼
26953|관계하다
26954|귀담아듣다
26955|갈채
26956|하악
26957|허영심
26958|새빨개지다
26959|명망
26960|띵하다
26961|굴절
26962|매제
26963|뚜벅
26964|고생스럽다
26965|불안불안하다
26966|빨치산
26967|포켓볼
26968|일렁거리다
26969|곧추세우다
26970|운전수
26971|하잖다
26972|물먹다
26973|폭로되다
26974|슬쩍하다
26975|놀부
26976|단잠
26977|신사적
26978|자유로이
26979|애덤스
26980|대학살
26981|트라이앵글
26982|뭉게뭉게
26983|아프로디테
26984|작은술
26985|연월
26986|미사토
26987|벼
26988|꿈나라
26989|논두렁
26990|회고하다
26991|절구
26992|세안하다
26993|티내다
26994|원천적
26995|어스름하다
26996|승진시키다
26997|해왕성
26998|이단자
26999|소돔
27000|미취학
27001|플라멩코
27002|몸서리치다
27003|템페스트
27004|타이핑하다
27005|투척하다
27006|흉노
27007|타이타닉호
27008|콧바람
27009|도미니카
27010|암모
27011|급료
27012|맡
27013|수철
27014|큰아빠
27015|키조개
27016|프랑수아
27017|공녀
27018|로스팅
27019|마쓰
27020|가려보다
27021|어쿠스틱
27022|지면
27023|존속
27024|창아
27025|도색하다
27026|즈그
27027|호차
27028|공작원
27029|후주
27030|어리숙하다
27031|존칭
27032|스매싱
27033|헉헉거리다
27034|거들뜨다
27035|수신자
27036|서목
27037|연필심
27038|쇼룸
27039|고갯길
27040|소복
27041|왕명
27042|웨슬리
27043|송이버섯
27044|실습생
27045|느끼
27046|단어장
27047|사시사철
27048|황운
27049|전환시키다
27050|위신
27051|후두둑
27052|안치
27053|강등
27054|발뺌
27055|킥킥거리다
27056|맷집
27057|숨김없이
27058|경험적
27059|대환영
27060|랑랑
27061|단열재
27062|호재
27063|듬뿍듬뿍
27064|반색하다
27065|스푸트니크
27066|내다보이다
27067|툼
27068|수출품
27069|악법
27070|호리
27071|전이되다
27072|옹진군
27073|잡화
27074|선잠
27075|신춘문예
27076|약통
27077|이노
27078|청초하다
27079|물들이다
27080|감
27081|처형당하다
27082|잔반
27083|인과응보
27084|집채
27085|유린하다
27086|경과하다
27087|반상
27088|졸도하다
27089|동의보감
27090|보완되다
27091|헌장
27092|철회되다
27093|모질다
27094|묵묵하다
27095|비윤리적
27096|꼬다리
27097|진법
27098|아둔하다
27099|깡총
27100|맞아들이다
27101|쭈뼛쭈뼛
27102|스테인드글라스
27103|은섬
27104|난장이
27105|재편
27106|자갈치
27107|부적합
27108|자료실
27109|영천
27110|농사꾼
27111|멀리뛰기
27112|베어링
27113|열람실
27114|큰어머니
27115|출원
27116|순풍
27117|몰살
27118|앞잡이
27119|킬로와트시
27120|굴뚝같다
27121|벨크로
27122|튼살
27123|중신
27124|남남
27125|이용률
27126|인솔
27127|친권
27128|삐약
27129|포르투갈어
27130|무주택
27131|모수
27132|강황
27133|네비게이션
27134|펄럭거리다
27135|알까기
27136|휭
27137|아동복
27138|평산
27139|고갱
27140|삭발하다
27141|연속극
27142|물안개
27143|개소리하다
27144|둘러메다
27145|공해
27146|책벌레
27147|트레이딩
27148|온열
27149|창건
27150|모루
27151|결식
27152|사기업
27153|필히
27154|측량
27155|병변
27156|깔때기
27157|말대꾸하다
27158|테오도라
27159|일목요연하다
27160|콩쿨
27161|고각
27162|앙카라
27163|꿈자리
27164|빅스
27165|불문율
27166|부조화
27167|얼레
27168|민영화
27169|인신공격
27170|잡치다
27171|고무적
27172|종편
27173|열대성
27174|느림보
27175|크레이프
27176|꼴좋다
27177|가병
27178|추대하다
27179|병합하다
27180|도교
27181|향방
27182|애먹다
27183|이야기꽃
27184|경사노위
27185|자주자주
27186|부끄러움
27187|원탁
27188|캐
27189|사력
27190|입석
27191|양키
27192|복학생
27193|정당화되다
27194|테이블탑
27195|걸걸하다
27196|일확천금
27197|정종
27198|불충분
27199|동화되다
27200|드라이어
27201|까페
27202|그림일기
27203|백향목
27204|연애편지
27205|강나미
27206|서브미션
27207|들썩이다
27208|낚싯바늘
27209|둥실둥실
27210|웨인
27211|빠
27212|세제곱미터
27213|베스
27214|몸뚱어리
27215|휴양
27216|원군
27217|부지기수
27218|투영하다
27219|초미
27220|아지랑이
27221|깨비
27222|안정제
27223|북서풍
27224|들소
27225|정독
27226|자행되다
27227|푸릇푸릇하다
27228|모래알
27229|증권가
27230|신적
27231|뜀틀
27232|연합국
27233|포워드
27234|리야드
27235|적중
27236|찢어발기다
27237|느릿느릿하다
27238|체득하다
27239|국산화
27240|발표자
27241|광복군
27242|수배하다
27243|일층
27244|레노
27245|고동치다
27246|암살당하다
27247|필사하다
27248|파혼하다
27249|덜렁
27250|어두침침하다
27251|절대자
27252|수도승
27253|가작
27254|고시생
27255|저작
27256|보들보들
27257|우방
27258|원혼
27259|거유
27260|투탕카멘
27261|웍
27262|지방산
27263|중차대하다
27264|키아다
27265|평타
27266|글로리아
27267|생활화하다
27268|저승길
27269|아궁이
27270|깐풍기
27271|아장아장
27272|싸움꾼
27273|찌뿌둥하다
27274|댕댕이
27275|리시버
27276|돌아다보다
27277|전원주택
27278|툽
27279|동력원
27280|박제되다
27281|뒤뚱거리다
27282|웅성대다
27283|재평가
27284|뭉텅이
27285|중문
27286|정착지
27287|컴팩트하다
27288|승천
27289|판타지아
27290|벗어지다
27291|파손하다
27292|추상
27293|클레르
27294|할당하다
27295|어전
27296|종례
27297|버펄로
27298|유구하다
27299|조울증
27300|동일인
27301|장기판
27302|국방력
27303|미적지근하다
27304|부싯돌
27305|왕십리
27306|뱅킹
27307|합숙소
27308|자칫하다
27309|깎아지르다
27310|피라미
27311|완숙
27312|절교
27313|만유인력
27314|뚱뚱
27315|계획안
27316|시시콜콜하다
27317|제스쳐
27318|환웅
27319|책략
27320|곰곰
27321|번지르르하다
27322|티브이
27323|대물
27324|조선말
27325|도선
27326|적봉
27327|노이로제
27328|디제잉
27329|기동성
27330|독촉하다
27331|신애
27332|돈세탁
27333|뇨키
27334|수화물
27335|초가을
27336|불경하다
27337|결산
27338|드로우
27339|쟁기
27340|이비
27341|체통
27342|퇴진하다
27343|머루
27344|노로바이러스
27345|치어
27346|뉴트리아
27347|아시다
27348|순애
27349|얽히고설키다
27350|군화
27351|출두
27352|외피
27353|직역하다
27354|멀미하다
27355|이클립스
27356|밧데리
27357|기창
27358|오티스
27359|도쿠
27360|속닥거리다
27361|오들오들
27362|주입되다
27363|강줄기
27364|능사
27365|소지자
27366|설경
27367|무스탕
27368|터닝
27369|박수하다
27370|하릴없이
27371|추종하다
27372|종학
27373|토종닭
27374|반환되다
27375|너그
27376|입학시험
27377|저가
27378|미약
27379|서스펜션
27380|취해주다
27381|인큐베이터
27382|친형제
27383|합창하다
27384|진면목
27385|왜다
27386|호국
27387|배열되다
27388|복학
27389|옥신각신하다
27390|훈계하다
27391|완결
27392|칼질하다
27393|스플래시
27394|크리스토프
27395|증후군
27396|시청각
27397|연하장
27398|카키색
27399|평정하다
27400|잉꼬
27401|정명
27402|포획되다
27403|선거전
27404|우락부락하다
27405|젖가슴
27406|노호
27407|젠
27408|전무후무하다
27409|코트디부아르
27410|우치
27411|베카다
27412|고상
27413|객관화
27414|이상향
27415|라이플
27416|삼색
27417|프란체스코
27418|램지
27419|부차적
27420|명판
27421|거래액
27422|휴양림
27423|부교수
27424|초월적
27425|선보다
27426|요구서
27427|화끈
27428|복기
27429|명량
27430|기정사실
27431|민통선
27432|프톨레마이오스
27433|다이나믹스
27434|선금
27435|우거지다
27436|말동무
27437|뽐다
27438|기개
27439|각계각층
27440|무력화되다
27441|생선회
27442|조이스
27443|사교성
27444|곰보
27445|석션
27446|베르나르
27447|발라먹다
27448|땅볼
27449|사파이어
27450|요조
27451|수신하다
27452|패망
27453|성적순
27454|찰랑찰랑
27455|오장육부
27456|에비
27457|행동거지
27458|폐점
27459|제조되다
27460|움죽거리다
27461|남수
27462|줄자
27463|미달하다
27464|부아
27465|주소록
27466|요행
27467|저층
27468|어패류
27469|넙치
27470|야반도주
27471|시립
27472|녹용
27473|광속
27474|꼬시다
27475|헤밍웨이
27476|라식
27477|간나
27478|유종
27479|이슬방울
27480|명실상부하다
27481|찐친
27482|티모시
27483|월선
27484|흘끔거리다
27485|개런티
27486|종속되다
27487|블로킹
27488|석쇠
27489|간소화하다
27490|거물급
27491|맘바
27492|절세
27493|설리
27494|플라스크
27495|웨일스
27496|입궁하다
27497|보훈
27498|흑암
27499|돌산
27500|신진대사
27501|신봉하다
27502|포슬포슬하다
27503|야유하다
27504|속칭
27505|아나바다
27506|군왕
27507|귀향
27508|기자실
27509|도살장
27510|패셔니스타
27511|뇌관
27512|다분하다
27513|고군분투
27514|샌님
27515|국그릇
27516|악쓰다
27517|패물
27518|이쯤
27519|에스코트
27520|치하하다
27521|질의하다
27522|렌트하다
27523|인솔하다
27524|고사성어
27525|프로메테우스
27526|계산서
27527|숙청
27528|할아비
27529|계란형
27530|카페트
27531|운전병
27532|따블
27533|제수
27534|중개하다
27535|프릴
27536|꾀죄죄하다
27537|호소문
27538|암호화
27539|섬모
27540|선거하다
27541|아토
27542|바스러지다
27543|본궁
27544|스쿱
27545|반환점
27546|리버브
27547|진물
27548|쉬우다
27549|검은콩
27550|가위눌리다
27551|사나워지다
27552|엘보
27553|길상
27554|직역
27555|형언하다
27556|엄히
27557|회부하다
27558|강림하다
27559|위촉되다
27560|칼리스토
27561|장경
27562|길냥이
27563|까마득히
27564|쿵후
27565|인정머리
27566|회포
27567|무안
27568|정유
27569|헛짓거리
27570|웨이퍼
27571|레코드판
27572|꽃신
27573|밀수하다
27574|온탕
27575|상화
27576|아랫것
27577|유석
27578|밀어닥치다
27579|직통
27580|떵떵거리다
27581|재스민
27582|수란
27583|율이
27584|자포자기
27585|도라
27586|위업
27587|킹왕짱
27588|귀양
27589|부부간
27590|미니카
27591|앙다물다
27592|데스크톱
27593|정떨어지다
27594|일타강사
27595|명랑
27596|반전되다
27597|종주국
27598|메트로폴리탄
27599|찬
27600|흉물
27601|미화하다
27602|아이오
27603|초봄
27604|경색
27605|동화집
27606|담화문
27607|짱돌
27608|누이동생
27609|홀로코스트
27610|드럭
27611|희비
27612|귀고리
27613|물밀다
27614|그래피티
27615|일파만파
27616|데칼코마니
27617|오마주
27618|히오스
27619|첫선
27620|비올라
27621|실족하다
27622|슬쩍슬쩍
27623|비대하다
27624|모욕죄
27625|엑기스
27626|화장터
27627|할아범
27628|산악인
27629|괘안다
27630|벨보이
27631|처
27632|쿠르드족
27633|표류
27634|휘적
27635|곡소리
27636|약삭빠르다
27637|열변
27638|진의
27639|대첩
27640|상차림
27641|교집합
27642|정제하다
27643|메트로폴리스
27644|폴로
27645|당수
27646|모르핀
27647|코란
27648|예의범절
27649|되직하다
27650|기훈
27651|돛단배
27652|무방비하다
27653|싱싱
27654|경례하다
27655|울먹거리다
27656|방관자
27657|웃어른
27658|구리다
27659|에어로졸
27660|불리
27661|릴리스
27662|씰룩씰룩
27663|세분화되다
27664|사창가
27665|치사량
27666|조별
27667|석발
27668|외형적
27669|순위권
27670|유조선
27671|대공원
27672|인력난
27673|양쯔강
27674|카프카
27675|점철되다
27676|마이크로미터
27677|직렬
27678|트라이던트
27679|수발
27680|성함
27681|두루뭉술하다
27682|스톡
27683|잠재되다
27684|자폭하다
27685|밀워키
27686|대동여지도
27687|사운드트랙
27688|잔여물
27689|방벽
27690|드높다
27691|보디빌더
27692|복고
27693|더디
27694|프롬프터
27695|폭행죄
27696|타닥타닥
27697|의용군
27698|관철시키다
27699|장애아
27700|뒷사람
27701|글피
27702|판명
27703|피피
27704|권태
27705|마유
27706|바닷새
27707|성질내다
27708|퀴리
27709|정변
27710|생존권
27711|졸립다
27712|성취도
27713|호도하다
27714|경찰력
27715|휘영
27716|유난스럽다
27717|가점
27718|메이데이
27719|갈만
27720|레온
27721|왈가왈부하다
27722|랄라라
27723|목공소
27724|점령당하다
27725|해남
27726|호령하다
27727|일단락
27728|주조
27729|무희
27730|비읍
27731|시화
27732|교정기
27733|에든버러
27734|여물다
27735|압수되다
27736|향유하다
27737|김장철
27738|조예
27739|글로시하다
27740|번잡하다
27741|머스캣
27742|가재도구
27743|분열시키다
27744|군비
27745|가물치
27746|보릿고개
27747|부산스럽다
27748|진눈깨비
27749|방생하다
27750|스테비아
27751|쫀드기
27752|모르쇠
27753|딕션
27754|에듀테크
27755|잘그락거리다
27756|큰코다치다
27757|강바닥
27758|클라리넷
27759|니제르
27760|재발되다
27761|왕립
27762|흡연하다
27763|일정량
27764|천정부지
27765|모음
27766|휴게
27767|탕자
27768|가쓰오부시
27769|바그너
27770|단신
27771|물컹하다
27772|진선미
27773|마릿수
27774|라쿤
27775|마천루
27776|배석
27777|응원전
27778|가고시마
27779|겸용
27780|방사되다
27781|더치페이
27782|안영
27783|혹자
27784|역류
27785|은형
27786|단색
27787|단차
27788|플로라
27789|소상히
27790|쨍
27791|아이맥스
27792|방자하다
27793|왕희
27794|처리장
27795|액면가
27796|판정되다
27797|맥심
27798|이완되다
27799|순둥이
27800|모과
27801|좀체
27802|드르렁
27803|흉물스럽다
27804|일상화되다
27805|우쭐대다
27806|용호
27807|수향
27808|식음료
27809|백발백중
27810|자극되다
27811|모름지기
27812|전년도
27813|깜빵
27814|약육강식
27815|기준선
27816|놋쇠
27817|연자
27818|설렁설렁
27819|나팔꽃
27820|대조되다
27821|쥐덫
27822|골칫덩이
27823|개않다
27824|밀회
27825|토씨
27826|슈어
27827|구정물
27828|처갓집
27829|톨킨
27830|계집아이
27831|샤이어
27832|만면
27833|기름칠
27834|진탕
27835|뾰족뾰족하다
27836|순교하다
27837|땡땡이치다
27838|뼛조각
27839|새끼줄
27840|딩크
27841|빈정
27842|나코
27843|크리스찬
27844|뇌절
27845|바삭거리다
27846|합기도
27847|임페리움
27848|익혀보다
27849|아세안
27850|향상하다
27851|계수
27852|탱탱
27853|물풀
27854|서스펜스
27855|상용
27856|오디세우스
27857|임재
27858|캐릭
27859|헐떡이다
27860|투덜이
27861|단절하다
27862|서약서
27863|꾸꾸
27864|정형화되다
27865|감액
27866|요금소
27867|창단하다
27868|매디슨
27869|부흥시키다
27870|먼지투성이
27871|펠리컨
27872|철퍼덕
27873|물갈퀴
27874|매끈매끈하다
27875|지국
27876|몸뚱아리
27877|롬바드가
27878|청청
27879|쾌유
27880|액면
27881|애환
27882|덥히다
27883|옥시
27884|한없다
27885|써내다
27886|헤비급
27887|텃새
27888|암암리
27889|격노
27890|흡수력
27891|마오리족
27892|의기투합하다
27893|조퇴하다
27894|잠버릇
27895|급습
27896|용남
27897|냇물
27898|게이샤
27899|레게
27900|발각
27901|활어
27902|저속하다
27903|쓰리다
27904|기인하다
27905|성싶다
27906|천왕
27907|우방국
27908|조물주
27909|스러지다
27910|오냐오냐
27911|꿉꿉하다
27912|국호
27913|호박씨
27914|해박하다
27915|등산복
27916|성직
27917|도당
27918|아코디언
27919|종성
27920|도정
27921|얻어터지다
27922|외조부
27923|접견실
27924|로그아웃
27925|뭉게구름
27926|캔자스시티
27927|프리지아
27928|휴보
27929|경범죄
27930|루치
27931|미진하다
27932|분모
27933|동원령
27934|대관
27935|쥬얼리
27936|논설문
27937|순이
27938|도취되다
27939|감정하다
27940|응수
27941|밤송이
27942|카세트테이프
27943|도창
27944|댕기
27945|구릉
27946|그길로
27947|컬럼비아
27948|불가살이
27949|정착시키다
27950|따라잡히다
27951|부수
27952|우중
27953|무효화
27954|밍크
27955|하극상
27956|콩고물
27957|사군자
27958|호놀룰루
27959|특채
27960|매켄지
27961|후드득
27962|씰룩
27963|코모도
27964|스몰
27965|배선
27966|평균값
27967|아비규환
27968|윔블던
27969|주전부리
27970|후진국
27971|엎드러지다
27972|핍박하다
27973|소제
27974|플라이어
27975|채플린
27976|홍란
27977|서역
27978|방조제
27979|광태
27980|배아
27981|불합격하다
27982|비혼
27983|연습용
27984|쇳덩어리
27985|차코
27986|바알
27987|반칙하다
27988|하르키우
27989|단화
27990|정도되다
27991|좌현
27992|비차
27993|제적
27994|멋대로
27995|임모
27996|인화하다
27997|마태
27998|가느다랗다
27999|유일신
28000|흐물흐물
28001|문간방
28002|갑주
28003|행간
28004|후원회
28005|에스더
28006|탈영
28007|뻥뻥
28008|프로스트
28009|제막식
28010|견지하다
28011|쭈
28012|배민
28013|손거울
28014|동래
28015|묘안
28016|왁자지껄
28017|엄수되다
28018|수두
28019|내정하다
28020|쳐부수다
28021|뻐기다
28022|뽁뽁
28023|현질
28024|제집
28025|맵핑
28026|씽
28027|된통
28028|추계
28029|던져두다
28030|입동
28031|미희
28032|인플레
28033|절망스럽다
28034|밀매
28035|코털
28036|선인
28037|성군
28038|기폭제
28039|가시밭길
28040|효종
28041|영락없이
28042|너겟
28043|꿀꿀하다
28044|비준
28045|드세다
28046|입회하다
28047|재가
28048|장력
28049|야들야들
28050|격정
28051|렌트카
28052|작심삼일
28053|취나물
28054|리테일
28055|분만실
28056|발췌하다
28057|페어웨이
28058|폐경
28059|모직
28060|아련
28061|점유
28062|밀반입하다
28063|특례법
28064|요철
28065|계량하다
28066|창단되다
28067|넘실대다
28068|가택
28069|엿같다
28070|회담하다
28071|정조준하다
28072|그라모
28073|희도
28074|토트백
28075|용안
28076|중구난방
28077|돌하르방
28078|여선생
28079|줌마
28080|압송되다
28081|흑색
28082|마디마디
28083|덩
28084|메탄올
28085|채리
28086|평결
28087|덜
28088|재해석
28089|구워삶다
28090|테킬라
28091|저울질하다
28092|터주다
28093|유씨
28094|내리누르다
28095|졸개
28096|여사장
28097|속단하다
28098|옥외
28099|조립되다
28100|보헤미아
28101|렘브란트
28102|장흥
28103|폐활량
28104|생활권
28105|윤허하다
28106|의장대
28107|해설하다
28108|교수형
28109|살찌우다
28110|세대교체
28111|그냥저냥
28112|갈변
28113|길몽
28114|아마겟돈
28115|스킨쉽
28116|완전
28117|승전
28118|쌍커풀
28119|운검
28120|돌덩어리
28121|여포
28122|렛
28123|궁하다
28124|베들레헴
28125|아모르
28126|연출자
28127|밤바다
28128|삐죽거리다
28129|신시내티
28130|플랑크
28131|속닥속닥
28132|적설
28133|주권자
28134|꽃사슴
28135|어불성설
28136|구슬리다
28137|연발
28138|인두
28139|미디
28140|후끈
28141|학칙
28142|우왕좌왕
28143|진흥
28144|타액
28145|식음
28146|석주
28147|술주정
28148|전석
28149|이입하다
28150|싹수
28151|너거
28152|뜀박질
28153|겨울용
28154|요시미
28155|누누
28156|치욕스럽다
28157|악녀
28158|차고
28159|어수룩하다
28160|총영사
28161|통통이
28162|총각김치
28163|패터슨
28164|뾰로통하다
28165|함경북도
28166|퇴역
28167|구동하다
28168|병현
28169|포지셔닝
28170|지조
28171|파친코
28172|칙령
28173|고고
28174|삼매경
28175|고마움
28176|수세
28177|삭감되다
28178|내맡기다
28179|좀먹다
28180|들쑥날쑥하다
28181|이음새
28182|이완하다
28183|가교
28184|미성
28185|직업인
28186|코스터
28187|반입되다
28188|반중
28189|카멜
28190|카페테리아
28191|가타기리
28192|군장
28193|산발
28194|강토
28195|경양식
28196|마지않다
28197|셈하다
28198|저만하다
28199|추워하다
28200|고환
28201|전의
28202|샨
28203|재배치하다
28204|적출하다
28205|절연
28206|음각
28207|양호실
28208|갈라서다
28209|마인드셋
28210|군락
28211|계량기
28212|베네딕트
28213|이층집
28214|메달리스트
28215|삐쩍
28216|마초
28217|꼰지르다
28218|사뿐사뿐
28219|정남
28220|공신력
28221|환송
28222|처칠
28223|포리
28224|혼비백산하다
28225|화천
28226|마름모
28227|삿갓
28228|공포탄
28229|사비다
28230|평준화
28231|완곡하다
28232|불복종
28233|미장원
28234|순회하다
28235|세면실
28236|화장장
28237|방탕하다
28238|시끌벅적
28239|오버레이
28240|발갛다
28241|곡률
28242|송출하다
28243|회항하다
28244|학습되다
28245|주문서
28246|진압되다
28247|범접하다
28248|소맷자락
28249|서피스
28250|후려갈기다
28251|촉진
28252|무정하다
28253|눈짓하다
28254|접때
28255|삼가하다
28256|무향
28257|덜컹덜컹
28258|국악기
28259|공예
28260|심화시키다
28261|부상병
28262|꿈틀하다
28263|아연실색하다
28264|성토
28265|노심초사하다
28266|무수리
28267|열녀
28268|헤르손
28269|압승하다
28270|면회하다
28271|제작소
28272|무침
28273|교육학
28274|어메
28275|단내
28276|정찰하다
28277|실명제
28278|차일피일
28279|소확행
28280|서북
28281|으억
28282|스튜어디스
28283|연동하다
28284|짬바
28285|기운차다
28286|뒷바라지하다
28287|시대착오적
28288|등단하다
28289|염기성
28290|승질
28291|오야붕
28292|귀갓길
28293|원정군
28294|저질
28295|방가
28296|외로워하다
28297|서포터즈
28298|타이트
28299|최후통첩
28300|난다
28301|교향악단
28302|디도스
28303|종각
28304|진흙투성이
28305|심장부
28306|버퍼링
28307|구체화
28308|뭉뚱그리다
28309|위탁하다
28310|가부장적
28311|어림잡다
28312|겁박
28313|온
28314|법제화
28315|절교하다
28316|실패자
28317|다혈질
28318|지방세
28319|뱃사공
28320|부귀
28321|추종
28322|허스키하다
28323|씰
28324|표기법
28325|경제권
28326|남달리
28327|비아이
28328|공보
28329|멋모르다
28330|귀경
28331|케일
28332|균등하다
28333|동봉
28334|집합체
28335|패싸움
28336|착상
28337|샌딩
28338|불명예스럽다
28339|바이블
28340|적립금
28341|노멀라이즈
28342|상한
28343|서곡
28344|역방향
28345|잣나무
28346|병판
28347|오이소박이
28348|엠씨
28349|음양
28350|먼지
28351|합성되다
28352|골절상
28353|엽전
28354|극판
28355|견본
28356|안경테
28357|형세
28358|견사
28359|철컥거리다
28360|푸석하다
28361|진미
28362|단정히
28363|맹점
28364|히스패닉
28365|분전
28366|시집살이
28367|꿍
28368|핏덩이
28369|시해
28370|리패키지
28371|온건하다
28372|방북하다
28373|회랑
28374|뒷길
28375|임
28376|유복하다
28377|심중
28378|충원하다
28379|상하좌우
28380|성용
28381|파닥거리다
28382|끈적끈적
28383|김빠지다
28384|신분제
28385|감감무소식
28386|책값
28387|키코
28388|보유량
28389|복스럽다
28390|맹신하다
28391|전도되다
28392|음탕하다
28393|급제하다
28394|반려하다
28395|금사빠
28396|편파
28397|흔들의자
28398|특실
28399|별소리
28400|전투하다
28401|파리하다
28402|차선책
28403|함흥
28404|다언
28405|왕눈이
28406|개고생하다
28407|막냇동생
28408|삐에로
28409|꼴불견
28410|허무
28411|사익
28412|불향
28413|아랑곳없이
28414|기병대
28415|산성비
28416|심술보
28417|좔좔
28418|언론계
28419|웃상
28420|통지하다
28421|똠양꿍
28422|진안
28423|출하
28424|벅
28425|주기도문
28426|첼리스트
28427|살해범
28428|하버
28429|문신하다
28430|헵번
28431|고도화
28432|고참
28433|텀블링
28434|쇄신하다
28435|조율되다
28436|앙앙
28437|향유
28438|나비넥타이
28439|분쇄하다
28440|쪼리
28441|부슬부슬
28442|버스터
28443|토닥거리다
28444|쉬하다
28445|장국
28446|금관
28447|우두둑
28448|코울슬로
28449|과카몰리
28450|중계되다
28451|다소곳하다
28452|백업하다
28453|똬리
28454|그마
28455|곱절
28456|붉은여우
28457|둘러지다
28458|물러지다
28459|급제
28460|숄
28461|노사정
28462|세잔
28463|천계
28464|동률
28465|찰밥
28466|전번
28467|퇴출하다
28468|관복
28469|쿰쿰하다
28470|점선
28471|대시하다
28472|황당무계하다
28473|아부하다
28474|합석하다
28475|하층
28476|외상값
28477|진담
28478|지직
28479|욕보다
28480|남사스럽다
28481|학내
28482|민국
28483|컬리
28484|굴다리
28485|장손
28486|밀리어
28487|뒷얘기
28488|시시때때로
28489|납세자
28490|사물함
28491|포징
28492|범용
28493|지론
28494|저저
28495|안사
28496|무용단
28497|방류되다
28498|모기향
28499|퍼시픽
28500|모솔
28501|곁눈
28502|치석
28503|시군구
28504|노파심
28505|정열적
28506|존시
28507|수플레
28508|욕쟁이
28509|경륜
28510|타이스
28511|놀림
28512|개선책
28513|마스트
28514|괴도
28515|손찌검
28516|한계선
28517|질그릇
28518|위임장
28519|비경
28520|당숙
28521|코픽스
28522|긴가민가
28523|코듀로이
28524|전화위복
28525|아르
28526|신신당부
28527|들이붓다
28528|찐득찐득하다
28529|킥복싱
28530|수자
28531|하협
28532|사락
28533|슈베르트
28534|창공
28535|떽
28536|에미나이
28537|콘택트렌즈
28538|뻐끔거리다
28539|산둥
28540|조망하다
28541|상소문
28542|투표자
28543|취업률
28544|암매장
28545|지뢰밭
28546|승화
28547|우체부
28548|엔디미온
28549|철장
28550|급경사
28551|고무되다
28552|이염
28553|불단
28554|짱짱
28555|시름시름
28556|야트막하다
28557|물렁하다
28558|금보
28559|중하다
28560|점하다
28561|리뉴얼되다
28562|포클레인
28563|싸움질
28564|재위
28565|유단자
28566|총애하다
28567|살생
28568|퉁퉁하다
28569|주억거리다
28570|조교수
28571|누가
28572|사탑
28573|오레가노
28574|입출금
28575|쓰촨
28576|경락
28577|케이프커내버럴
28578|분출
28579|잔챙이
28580|성조
28581|운동부
28582|그득하다
28583|비숍
28584|모국
28585|옮긴이
28586|감속
28587|후스
28588|유카
28589|다쿠
28590|부정맥
28591|미다
28592|마르코스
28593|정육
28594|요약되다
28595|놀거리
28596|잿방어
28597|메타포
28598|응답률
28599|호전적
28600|흉포하다
28601|태피스트리
28602|시대상
28603|숨넘어가다
28604|만땅
28605|난파선
28606|트림하다
28607|겔다
28608|투병하다
28609|성가
28610|세기말
28611|랜섬웨어
28612|급발진하다
28613|금쪽같다
28614|통일감
28615|중소형
28616|물뿌리개
28617|유고슬라비아
28618|헷
28619|기만
28620|먹성
28621|빚더미
28622|교위
28623|속바지
28624|중대사
28625|켄턴
28626|필적하다
28627|애경
28628|혼탁하다
28629|꽃답다
28630|어찌저찌
28631|번지수
28632|절단기
28633|측은지심
28634|애매
28635|잠비아
28636|신승
28637|격화하다
28638|뻗어지다
28639|울화
28640|투피스
28641|번식력
28642|골목골목
28643|소인배
28644|언감생심
28645|정욕
28646|투여
28647|와글와글
28648|맹그로브
28649|고새
28650|합법화
28651|매매하다
28652|피험자
28653|회당
28654|헤더
28655|개조되다
28656|나일론
28657|체모
28658|김성
28659|쇠하다
28660|박음질
28661|과외하다
28662|판관
28663|겉멋
28664|대명
28665|친우
28666|고뇌하다
28667|준법
28668|촛농
28669|용후
28670|아세톤
28671|전매
28672|꽥꽥거리다
28673|일체감
28674|홀릭
28675|피스톤
28676|관여되다
28677|홈피
28678|비과학적
28679|라반
28680|하이라이팅
28681|페르소나
28682|초판
28683|복압
28684|외동
28685|인증되다
28686|송사
28687|와따
28688|일란성
28689|일조하다
28690|티피
28691|가을바람
28692|끄떡
28693|봉고차
28694|불쾌
28695|알비노
28696|통마늘
28697|수에즈
28698|오르락내리락
28699|개구멍
28700|먹방하다
28701|중안
28702|실권
28703|좌뇌
28704|꼬물꼬물
28705|투기하다
28706|펑퍼짐하다
28707|발현하다
28708|입회
28709|평면적
28710|렌지
28711|마쇼
28712|것다
28713|극지
28714|로비스트
28715|졸업자
28716|가라오케
28717|내두르다
28718|속도전
28719|여가
28720|퍼센티지
28721|방화벽
28722|어지러워지다
28723|주옥같다
28724|조리되다
28725|재방송
28726|결항하다
28727|와일드하다
28728|첨가제
28729|때아니다
28730|라수
28731|피셔
28732|찜
28733|출장비
28734|받히다
28735|호소력
28736|페퍼민트
28737|소란하다
28738|앤트워프
28739|방울방울
28740|똥통
28741|덩실덩실
28742|안무하다
28743|뇨끼
28744|풋고추
28745|잘라먹다
28746|재편하다
28747|육아하다
28748|첨벙첨벙
28749|푸리
28750|코르셋
28751|논스톱
28752|명석
28753|귀머거리
28754|백설기
28755|아우성치다
28756|낼름
28757|나불대다
28758|예단
28759|당고
28760|전멸시키다
28761|풍만하다
28762|들춰내다
28763|가제
28764|후끈하다
28765|통칭
28766|터줏대감
28767|마스터스
28768|협탁
28769|얼크다
28770|지난하다
28771|껴들다
28772|주춤주춤
28773|바램
28774|개띠
28775|차별화하다
28776|걸레질
28777|주적
28778|세베루스
28779|담당관
28780|해령
28781|취재
28782|휴업하다
28783|하늘하늘하다
28784|림프
28785|측량하다
28786|공경
28787|번쩍번쩍하다
28788|혈투
28789|제부
28790|조망
28791|단열
28792|의궤
28793|저녁노을
28794|반출하다
28795|신항
28796|웨스트민스터
28797|보츠와나
28798|지향점
28799|과몰입하다
28800|슈붕
28801|헤스티아
28802|문답
28803|청도
28804|수리공
28805|바빌로니아
28806|매혹
28807|구시렁대다
28808|시즈오카
28809|정태
28810|미망인
28811|얼결
28812|여다
28813|교란하다
28814|해수욕
28815|새하얘지다
28816|헌화
28817|무이
28818|직인
28819|기정
28820|흘낏
28821|비호하다
28822|크레디트
28823|독대하다
28824|식약청
28825|상전
28826|봉자
28827|체납하다
28828|농축산물
28829|시뻘게지다
28830|크롤
28831|유연
28832|펌
28833|할주
28834|주먹다짐
28835|수반되다
28836|포메이션
28837|변주
28838|콘래드
28839|피붙이
28840|패러독스
28841|널어놓다
28842|푸다
28843|독창
28844|흰쌀밥
28845|수석대표
28846|관악
28847|약소하다
28848|핑퐁
28849|평영
28850|터프
28851|안배
28852|로티
28853|망치질
28854|선천성
28855|치루
28856|군소
28857|늙다리
28858|타주다
28859|해구
28860|낭송
28861|소쿠리
28862|흠씬
28863|떼우다
28864|풍비박산
28865|지탄
28866|코카
28867|심리하다
28868|오타루
28869|티토
28870|쪽박
28871|스테고사우루스
28872|쇼맨십
28873|커피포트
28874|에스트로겐
28875|공갈
28876|밉보이다
28877|학습장
28878|활동비
28879|영계
28880|마셜
28881|항고
28882|진짜배기
28883|포탑
28884|아웃렛
28885|생활화
28886|인산인해
28887|성교
28888|침소
28889|음해하다
28890|위조지폐
28891|회동하다
28892|땅따먹기
28893|채칼
28894|스트림
28895|미닫이
28896|폐회식
28897|건넌방
28898|득실거리다
28899|블래스트
28900|상괭이
28901|변변찮다
28902|경외감
28903|구공탄
28904|인감
28905|큰엄마
28906|퐁듀
28907|작약
28908|이혼녀
28909|승계하다
28910|인종적
28911|도박판
28912|건방
28913|노곤하다
28914|웰링턴
28915|이야기되다
28916|므
28917|조각내다
28918|투자되다
28919|쿱
28920|옹달샘
28921|땅딸막하다
28922|극본
28923|쌉
28924|흉벽
28925|순국선열
28926|생육
28927|신학자
28928|상응
28929|실록
28930|비눗물
28931|도스
28932|어퍼컷
28933|맨틀
28934|피상적
28935|안이하다
28936|기단
28937|말똥
28938|오르
28939|바짓가랑이
28940|애월
28941|윤필
28942|출품
28943|삐뚤다
28944|동박
28945|무성의하다
28946|무법
28947|그레이딩
28948|준엄하다
28949|다변화
28950|카루스
28951|도박꾼
28952|럼블
28953|인사치레
28954|습작
28955|안전거리
28956|우매하다
28957|떼가다
28958|뜯어말리다
28959|친교
28960|미니
28961|남단
28962|소형차
28963|인클라인
28964|맵시
28965|특진
28966|냉장실
28967|올림피아드
28968|풀꽃
28969|치아바타
28970|피폭
28971|다보스
28972|미담
28973|전성시대
28974|학대당하다
28975|효험
28976|코냑
28977|중고생
28978|이웃하다
28979|작살내다
28980|의학계
28981|벌러덩
28982|파랑
28983|꽐라
28984|간수하다
28985|어리굴젓
28986|대오
28987|성산
28988|영약
28989|자책감
28990|품바
28991|문법적
28992|맞나다
28993|회부되다
28994|멀끔하다
28995|톈안먼
28996|경작지
28997|니카라과
28998|말발
28999|석태
29000|너다
29001|미츠
29002|자결
29003|스텐
29004|붙박이
29005|사리사욕
29006|무휼
29007|딴
29008|꾀어내다
29009|발다
29010|양화
29011|별궁
29012|신호하다
29013|천당
29014|양조
29015|도읍
29016|건너다보다
29017|유명무실하다
29018|주번
29019|시한부
29020|꼴딱
29021|사립대
29022|개혁적
29023|승모
29024|가시화되다
29025|지망하다
29026|병증
29027|살얼음판
29028|품앗이
29029|참치
29030|전대미문
29031|수료식
29032|에번스
29033|짭짭
29034|노무
29035|투영되다
29036|보편성
29037|대장경
29038|지동설
29039|기통
29040|정주
29041|토르소
29042|금통위
29043|난투극
29044|아키라
29045|꽁다리
29046|바이브레이션
29047|아랫목
29048|무색
29049|칼춤
29050|불온하다
29051|단식하다
29052|자숙
29053|늑골
29054|다운타운
29055|격렬히
29056|중엽
29057|미술계
29058|극진히
29059|대중가요
29060|소대원
29061|주르르
29062|크라이시스
29063|셔벗
29064|폄훼하다
29065|시피
29066|척추동물
29067|랍비
29068|내방
29069|겸상
29070|필하모닉
29071|규합하다
29072|기공식
29073|턴테이블
29074|남중
29075|지능적
29076|커피콩
29077|범선
29078|손가방
29079|풍류
29080|계약되다
29081|땅덩어리
29082|서비스되다
29083|민족적
29084|한남
29085|축음기
29086|자생하다
29087|선거권
29088|우뇌
29089|께름칙하다
29090|광주리
29091|오합지졸
29092|분실되다
29093|유식하다
29094|선교하다
29095|조간신문
29096|구출
29097|슬피
29098|종식시키다
29099|가당하다
29100|혈연
29101|조난당하다
29102|반항심
29103|낙담
29104|완판
29105|휴전하다
29106|서씨
29107|기민하다
29108|중죄
29109|신인왕
29110|꼽
29111|성행위
29112|가라아게
29113|낙양
29114|차안
29115|셰
29116|퇴행
29117|출정하다
29118|유산하다
29119|숫제
29120|국세
29121|봉다리
29122|부엉
29123|우씨
29124|중이
29125|크로와상
29126|구직자
29127|헛걸음
29128|선열
29129|창제
29130|가족력
29131|판본
29132|슌
29133|화포
29134|영규
29135|심부름하다
29136|엉큼하다
29137|능수능란하다
29138|공인되다
29139|작금
29140|대철
29141|문수
29142|파킹
29143|반추하다
29144|약장수
29145|볼썽사납다
29146|기용
29147|베이직하다
29148|언더그라운드
29149|생파
29150|오딘
29151|부도나다
29152|물냉
29153|연관시키다
29154|서원하다
29155|스와이프
29156|범죄율
29157|둔갑시키다
29158|해이하다
29159|광나다
29160|근원지
29161|네거리
29162|폭증
29163|대내외
29164|추잡스럽다
29165|나긋나긋하다
29166|리턴
29167|벌주
29168|초래되다
29169|향토
29170|스패너
29171|승하하다
29172|위태위태하다
29173|다정다감하다
29174|좌익
29175|선산
29176|감시탑
29177|웃프다
29178|헤헿
29179|배당되다
29180|양사
29181|가왕
29182|제라르
29183|상다리
29184|역사학
29185|달리기하다
29186|편전
29187|사교계
29188|시급히
29189|루이지애나
29190|스펙업
29191|센다이
29192|율례
29193|해달
29194|아르기닌
29195|설희
29196|플린트
29197|와이키키
29198|동재
29199|눈물샘
29200|교습소
29201|외박하다
29202|고함지르다
29203|용화
29204|미생
29205|세뇌하다
29206|병원균
29207|헬레나
29208|법상
29209|카사노바
29210|토박이
29211|주둔군
29212|해임
29213|추수하다
29214|다코야키
29215|파리스
29216|복받치다
29217|검찰권
29218|두통약
29219|기비
29220|법술
29221|해무
29222|아이싱
29223|이지스함
29224|은원
29225|들락날락
29226|롤라팔루자
29227|생활력
29228|세분화
29229|별세
29230|안나푸르나
29231|쇼킹하다
29232|정례
29233|무통
29234|경질하다
29235|율곡
29236|중성적
29237|귀빈
29238|노림수
29239|컴퍼스
29240|정관
29241|우도
29242|넘버링
29243|면박
29244|사회화
29245|뽀드득
29246|웨
29247|냉이
29248|줏다
29249|얼죽아
29250|북적북적하다
29251|극동
29252|타공
29253|상고하다
29254|용맹
29255|원주율
29256|어지러이
29257|추도사
29258|아첨
29259|당숙모
29260|교차되다
29261|별꼴
29262|칭송
29263|모래
29264|황우
29265|드가다
29266|상법
29267|쑤시다
29268|코페르니쿠스
29269|관동
29270|리코타
29271|광신도
29272|낙상
29273|안갯속
29274|격전
29275|모씨
29276|내연
29277|순화
29278|트랙패드
29279|도가시
29280|시시콜콜
29281|카메오
29282|실룩거리다
29283|히피
29284|찌릿찌릿하다
29285|볼로냐
29286|반들반들하다
29287|걷어차이다
29288|강요되다
29289|필기도구
29290|김석진
29291|처분되다
29292|꽃받침
29293|술버릇
29294|재편되다
29295|야영하다
29296|전향
29297|씹
29298|해찬
29299|추려내다
29300|젬병
29301|철컹
29302|그라탕
29303|존엄하다
29304|송환하다
29305|감별
29306|리위
29307|솔릭
29308|누전
29309|말단
29310|생쇼
29311|큰방
29312|요술
29313|윌리스
29314|얼기설기
29315|뱅크시
29316|사정거리
29317|코브라
29318|사별하다
29319|넝마
29320|관주
29321|저토록
29322|시루떡
29323|우물우물
29324|푯말
29325|제럴드
29326|일견
29327|레이먼드
29328|클로즈업하다
29329|주재원
29330|홉킨스
29331|인공강우
29332|퍼렇다
29333|발족하다
29334|패링
29335|파도치다
29336|캐니언
29337|꽃나무
29338|갱신되다
29339|백상아리
29340|벨리
29341|심술쟁이
29342|오독오독
29343|속국
29344|치비
29345|리징
29346|휘둥그렇다
29347|강간범
29348|산천
29349|개인택시
29350|저온
29351|울긋불긋하다
29352|본류
29353|불후
29354|렉시
29355|로시난테
29356|중퇴하다
29357|블라스트
29358|첫맛
29359|모둠
29360|선친
29361|말살하다
29362|결핍되다
29363|설레발
29364|소심
29365|방백
29366|알키비아데스
29367|안과
29368|상왕
29369|구동되다
29370|큰비
29371|변상하다
29372|저혈압
29373|갈라
29374|전횡
29375|미주리
29376|변전소
29377|꾼
29378|소일거리
29379|꺽지
29380|버닝
29381|아까비
29382|정치범
29383|바사삭
29384|약력
29385|공놀이하다
29386|정치
29387|대숲
29388|혼처
29389|돌솥
29390|변칙
29391|자스민
29392|번트
29393|수리수리
29394|과음하다
29395|성병
29396|트립
29397|양회
29398|주명
29399|되받아치다
29400|울긋불긋
29401|측우기
29402|탄력성
29403|접속사
29404|맘먹다
29405|공당
29406|볏
29407|등잔
29408|자해하다
29409|전기세
29410|고압적
29411|미량
29412|역내
29413|관심거리
29414|병영
29415|개똥벌레
29416|눈구멍
29417|예심
29418|겉모양
29419|참회하다
29420|유권
29421|그렁그렁하다
29422|조난자
29423|램버트
29424|포박하다
29425|격동
29426|발락
29427|조달청
29428|속삭임
29429|대대손손
29430|메슥거리다
29431|발수
29432|혈소판
29433|퇴화하다
29434|담수
29435|명중시키다
29436|내막
29437|타종
29438|친화
29439|봄볕
29440|외야수
29441|데나리온
29442|발병률
29443|검댕
29444|철기
29445|폴트
29446|석이
29447|만년설
29448|박제하다
29449|닭죽
29450|절도죄
29451|닦토
29452|중풍
29453|숙경
29454|몬드리안
29455|타임아웃
29456|노쇠하다
29457|출원하다
29458|탐지되다
29459|소비에트
29460|뉴요커
29461|등하굣길
29462|우걱우걱
29463|호박죽
29464|선단
29465|데헷
29466|아장
29467|모의
29468|반사시키다
29469|말이다
29470|압력솥
29471|헬퍼
29472|강속구
29473|엉아
29474|우악스럽다
29475|뛰뛰빵빵
29476|성막
29477|라씨
29478|건어물
29479|안마당
29480|압송하다
29481|꽃송이
29482|치악산
29483|방긋방긋
29484|벌컨
29485|우설
29486|시냇가
29487|짐짝
29488|생떼
29489|철심
29490|부식되다
29491|울란바토르
29492|미러리스
29493|무고죄
29494|종지
29495|인도되다
29496|번역본
29497|채피
29498|재탕
29499|쇠락하다
29500|입학시키다
29501|끽하다
29502|미더덕
29503|추스리다
29504|호분
29505|크로스오버
29506|렌털
29507|리니어
29508|자타
29509|파릇파릇하다
29510|파면되다
29511|세상사
29512|쇠퇴
29513|우수
29514|곡면
29515|뒷감당
29516|서글서글하다
29517|새아버지
29518|워크아웃
29519|우사
29520|아크로폴리스
29521|원경
29522|공차
29523|바닥재
29524|이중성
29525|선홍
29526|창기
29527|한식집
29528|놀고먹다
29529|홍아
29530|선언되다
29531|어언
29532|호정
29533|독단
29534|복덕방
29535|맥더프
29536|장신
29537|로케이션
29538|꾀다
29539|앞뜰
29540|중무장하다
29541|거시
29542|후발
29543|좌천
29544|맨들맨들하다
29545|직사광선
29546|숙아
29547|시뮬레이션하다
29548|공범자
29549|휴식처
29550|대견스럽다
29551|민간요법
29552|생화학
29553|동양화
29554|미흡
29555|들보
29556|후덥지근하다
29557|텔아비브
29558|초조
29559|우에
29560|시전
29561|세라마이드
29562|거목
29563|방탄조끼
29564|주체성
29565|화해시키다
29566|쉬리
29567|안두
29568|급전
29569|경희궁
29570|뜬금
29571|문맹
29572|곤지암
29573|민의
29574|게임방
29575|주옥
29576|여성적
29577|스페이드
29578|더빙하다
29579|독종
29580|휴이
29581|상종
29582|집행부
29583|화관
29584|새틴
29585|쪼그맣다
29586|프로세싱
29587|최빈국
29588|소고기
29589|매료시키다
29590|공방전
29591|다메섹
29592|호외
29593|엽사
29594|고씨
29595|샤갈
29596|잡소리
29597|블루종
29598|크럼블
29599|종배
29600|수방사
29601|월동
29602|앤드루스
29603|채팅하다
29604|아군
29605|우적우적
29606|딴소리하다
29607|생면
29608|재끼다
29609|랩소디
29610|골조
29611|위염
29612|이솝
29613|중연
29614|외길
29615|훅훅
29616|송강
29617|잭팟
29618|담
29619|고문당하다
29620|구가
29621|향응
29622|파피루스
29623|무과
29624|당선시키다
29625|텔로미어
29626|출정
29627|행군하다
29628|군민
29629|유발시키다
29630|웅변
29631|가주
29632|간자키
29633|평의
29634|당락
29635|팽팽
29636|당상
29637|천혜향
29638|싹다
29639|찬미
29640|교묘히
29641|남서풍
29642|오냐오냐하다
29643|클래스메이트
29644|심상
29645|스턴
29646|아나크레온
29647|망연히
29648|선견지명
29649|스테디셀러
29650|유발
29651|파닥파닥
29652|곰탱이
29653|다용도실
29654|효선
29655|배척
29656|당겨오다
29657|구금하다
29658|도축하다
29659|출생률
29660|보궐
29661|중화요리
29662|혹성
29663|제압당하다
29664|퇴각
29665|구타하다
29666|엑소더스
29667|의붓아들
29668|욕정
29669|데바닷타
29670|국난
29671|크로스컨트리
29672|중책
29673|앤티크
29674|스무고개
29675|조광
29676|공력
29677|궁창
29678|캐빈
29679|옷고름
29680|제퍼슨
29681|꼬치구이
29682|손빨래
29683|에이다
29684|방탄복
29685|솜
29686|인양되다
29687|끝물
29688|모략
29689|쩌렁쩌렁하다
29690|창립하다
29691|고마하다
29692|엄친아
29693|상속인
29694|나상
29695|가타부타
29696|축지법
29697|인사불성
29698|칡
29699|탄내
29700|나무통
29701|루피아
29702|월권
29703|샤베트
29704|알현하다
29705|중개업자
29706|과로사
29707|삐악삐악
29708|중퇴
29709|얌체
29710|남풍
29711|태명
29712|말머리
29713|북엇국
29714|세레나데
29715|삼면
29716|벙거지
29717|지도층
29718|불룩
29719|후안
29720|물상
29721|송출
29722|독학하다
29723|편리
29724|금융업
29725|변사
29726|포장도로
29727|군역
29728|보일러실
29729|폭정
29730|현주소
29731|정릉
29732|거품기
29733|선선히
29734|까지
29735|장지
29736|모티프
29737|차일드
29738|감동스럽다
29739|칠칠맞다
29740|건사하다
29741|아라리
29742|새침
29743|나구
29744|묻어가다
29745|카레라이스
29746|기여도
29747|아음
29748|도난
29749|필력
29750|그렁그렁
29751|몽골어
29752|괴이
29753|베르가
29754|고난도
29755|돼지기름
29756|놀이마당
29757|돌진
29758|공주병
29759|헤비메탈
29760|파멸하다
29761|금철
29762|자장자장
29763|노티
29764|노궁
29765|물수제비
29766|응모작
29767|클라인
29768|오나리
29769|쏨땀
29770|벙찌다
29771|허밍
29772|패배감
29773|수건
29774|붕괴시키다
29775|긍휼히
29776|앙갚음
29777|상종하다
29778|마하
29779|하판
29780|급조하다
29781|부티
29782|연변
29783|시원섭섭하다
29784|동업하다
29785|호석
29786|건의안
29787|색출
29788|으하하
29789|간지나다
29790|콥
29791|국경선
29792|옛다
29793|프놈펜
29794|진척되다
29795|백금
29796|구연동화
29797|뽀글뽀글
29798|쉘
29799|갱스터
29800|풍속화
29801|여직
29802|궁상
29803|광량
29804|손익
29805|감별하다
29806|학파
29807|퍼티
29808|과민하다
29809|위액
29810|흘려주다
29811|이븐
29812|형질
29813|이혼당하다
29814|고도리
29815|감셍이
29816|비듬
29817|연대장
29818|고디
29819|평시
29820|적합성
29821|모처
29822|알리미
29823|사용권
29824|해시
29825|마빡
29826|능구렁이
29827|오버랩
29828|서술어
29829|아상
29830|워터스
29831|싸매다
29832|므레모사
29833|에어브러쉬
29834|카나리아
29835|불완전
29836|창출되다
29837|팔색조
29838|방랑
29839|죽상
29840|지엄하다
29841|미학적
29842|뿔나다
29843|세밀화
29844|등분하다
29845|프로폴리스
29846|외로이
29847|용약
29848|맨입
29849|당귀
29850|발표문
29851|마크하다
29852|위선적
29853|평행하다
29854|밤톨
29855|원식
29856|미납
29857|공훈
29858|헌
29859|반쎄오
29860|버벅대다
29861|앞가림
29862|사르트르
29863|이온
29864|고찰
29865|경제계
29866|굽이굽이
29867|후에
29868|겨울비
29869|최상층
29870|완패
29871|조리실
29872|한드
29873|끌
29874|국책
29875|개성적
29876|감질나다
29877|과중하다
29878|문디
29879|디비디비딥
29880|평론
29881|조인트
29882|여년
29883|정임
29884|자동판매기
29885|토템
29886|프란시스코
29887|기고만장하다
29888|영산강
29889|비터
29890|정평
29891|쓰쿠미
29892|시참
29893|세심히
29894|잔칫상
29895|논란거리
29896|록펠러
29897|키츠
29898|사린
29899|대납하다
29900|탁발
29901|일락
29902|아그라
29903|법복
29904|날름거리다
29905|나대다
29906|서천
29907|살랑
29908|간파
29909|적출
29910|자선냄비
29911|안정권
29912|종범
29913|노처녀
29914|애태우다
29915|삐뚤빼뚤하다
29916|몰상식하다
29917|난도질하다
29918|광인
29919|슬리핑
29920|구시대적
29921|트리스
29922|말미잘
29923|꿈쩍하다
29924|비켜나다
29925|웨이트리스
29926|환
29927|깔따구
29928|청아하다
29929|봏다
29930|추사
29931|부안
29932|잔털
29933|스왑
29934|요지부동
29935|퇴로
29936|굴곡지다
29937|유두
29938|가두리
29939|매듭짓다
29940|정운
29941|선제공격
29942|협연
29943|자치권
29944|환우
29945|향어
29946|난조
29947|기탁하다
29948|안하무인
29949|원일
29950|생산직
29951|낙제하다
29952|탱
29953|어촌
29954|홀어머니
29955|탐색전
29956|직물
29957|얼씬거리다
29958|연잎
29959|커트하다
29960|꾸밈없다
29961|영상미
29962|병나다
29963|초순
29964|천금
29965|펜실베이니아주
29966|쪽빛
29967|워디
29968|싸움터
29969|영암
29970|뻘
29971|동문회
29972|송골송골
29973|강제력
29974|사찰하다
29975|가끄다
29976|아라온호
29977|태의
29978|대업
29979|양녀
29980|약골
29981|이더넷
29982|수자원
29983|노망
29984|중론
29985|본당
29986|디너쇼
29987|퇴적물
29988|갈팡질팡
29989|만두소
29990|서걱거리다
29991|호명
29992|전채
29993|알짜배기
29994|금순
29995|토리노
29996|허훈
29997|핫케이크
29998|계란빵
29999|순도
30000|짝짝이
30001|호랭이
30002|간음
30003|헤겔
30004|유행가
30005|질풍
30006|접객
30007|폭탄주
30008|공리
30009|접목되다
30010|엉덩
30011|에크
30012|퇴소
30013|유니스
30014|챌린저
30015|최신
30016|저드
30017|휘트니
30018|인하되다
30019|코디네이터
30020|잡곡밥
30021|스톤헨지
30022|가부장제
30023|후송되다
30024|도톤보리
30025|깍쟁이
30026|클루
30027|한솥밥
30028|피핀
30029|맹활약하다
30030|루사
30031|번갯불
30032|인코딩
30033|정확
30034|일러두다
30035|정순
30036|구비
30037|물장구
30038|낙관론
30039|영입되다
30040|선혈
30041|웅성
30042|징병
30043|머그
30044|고질병
30045|가드너
30046|저이
30047|벌게지다
30048|증조부
30049|결식아동
30050|통학하다
30051|지력
30052|격조
30053|채혈
30054|속어
30055|빈정대다
30056|육체노동
30057|초초
30058|옐로카드
30059|수냉
30060|희끄무레하다
30061|요원하다
30062|크러스트
30063|옵스
30064|전표
30065|온타리오
30066|미싱
30067|인식시키다
30068|자금력
30069|나사렛
30070|글레이징
30071|레서판다
30072|사우
30073|흘려듣다
30074|과밀
30075|사학
30076|순국하다
30077|병렬
30078|노후화되다
30079|타악
30080|돌연사
30081|맹공
30082|휴직하다
30083|모닝커피
30084|마장
30085|수협
30086|칸나
30087|정화시키다
30088|레빈
30089|포성
30090|방패막이
30091|선루프
30092|깨작깨작
30093|볼품
30094|돌아앉다
30095|블렌드
30096|꼬냑
30097|외딴섬
30098|맹독
30099|견갑골
30100|상회
30101|학동
30102|부르트다
30103|까딱거리다
30104|단말마
30105|다이내믹하다
30106|맥히다
30107|쾌재
30108|적음
30109|업황
30110|전함
30111|할인점
30112|유류
30113|삐뽀삐뽀
30114|하씨
30115|척결
30116|읽을거리
30117|양장피
30118|봇물
30119|아이소메트릭
30120|참선
30121|병주
30122|수급하다
30123|드레스덴
30124|공사판
30125|죽마고우
30126|플레이크
30127|초요
30128|재량권
30129|적통
30130|유실물
30131|바이스
30132|금은보화
30133|아사신
30134|폴폴
30135|카사바
30136|헌금하다
30137|포미
30138|탄탄히
30139|시무룩
30140|란제리
30141|고검
30142|작업량
30143|카운트하다
30144|패착
30145|일약
30146|디스커버리호
30147|판잣집
30148|미수금
30149|요단강
30150|인옥
30151|회항
30152|나다니다
30153|촌캉스
30154|먹칠하다
30155|현옥
30156|환대하다
30157|미성숙하다
30158|흐리멍덩하다
30159|미비
30160|물음
30161|유독성
30162|순회공연
30163|포일
30164|무던하다
30165|초로
30166|선행되다
30167|주불
30168|스미싱
30169|수고스럽다
30170|땡땡이
30171|선서하다
30172|코시
30173|얼룩무늬
30174|부옇다
30175|예타
30176|독주회
30177|역순
30178|어
30179|히어
30180|타이쿤
30181|송가
30182|탈바꿈시키다
30183|불자
30184|깍듯이
30185|신공
30186|그카다
30187|과민
30188|청렴
30189|극악
30190|멤버쉽
30191|개교기념일
30192|제헌절
30193|일일히
30194|카드놀이
30195|중주
30196|폐막하다
30197|제재
30198|널부러지다
30199|이간질하다
30200|행장
30201|시타
30202|부채꼴
30203|고양잇과
30204|감시당하다
30205|놀라움
30206|진앙
30207|오각형
30208|목각
30209|낙관
30210|축축
30211|망고스틴
30212|소카
30213|리더쉽
30214|일반석
30215|아토믹
30216|편향성
30217|범법
30218|장전
30219|초읽기
30220|궁예
30221|카본
30222|동료애
30223|에뮬레이션
30224|가득가득
30225|엿기름
30226|훈화
30227|중편
30228|씨에다
30229|부락
30230|찌찌뽕
30231|쉬프트
30232|고트
30233|길모퉁이
30234|도순검사
30235|통풍구
30236|마당극
30237|원이
30238|재구
30239|욕탕
30240|관망하다
30241|운반되다
30242|이모저모
30243|흄
30244|경협
30245|오펜하이머
30246|주요하다
30247|진스
30248|희년
30249|째깍째깍
30250|시시비비
30251|캘거리
30252|교차점
30253|인화성
30254|거수
30255|단창
30256|촌락
30257|요크
30258|후이
30259|명명되다
30260|냉각기
30261|접어놓다
30262|청승
30263|어부바
30264|소가죽
30265|기사도
30266|참맛
30267|골망
30268|파마머리
30269|법회
30270|외장재
30271|아제르바이잔
30272|세비체
30273|세화
30274|한가로이
30275|사쿠다
30276|뒹굴뒹굴
30277|콘도르
30278|현혹
30279|난공불락
30280|감사장
30281|포식
30282|거쳐오다
30283|툴툴대다
30284|살림하다
30285|눈가리개
30286|상팔자
30287|광구
30288|나뭇조각
30289|합정
30290|군내
30291|브로맨스
30292|트랜지션
30293|당규
30294|드디어
30295|창턱
30296|리젠트
30297|활로
30298|인내력
30299|줍줍
30300|중병
30301|통보되다
30302|활력소
30303|불이행
30304|우리티다
30305|벌름거리다
30306|레퀴엠
30307|춘향전
30308|품행
30309|역심
30310|창조성
30311|회중시계
30312|마가타
30313|등재하다
30314|훌쩍훌쩍
30315|삐죽삐죽
30316|꿀꺽하다
30317|저도
30318|레이서
30319|폐광
30320|플리다
30321|따끈따끈
30322|빡시다
30323|제명되다
30324|짱박히다
30325|펑션
30326|상품화
30327|프렌치토스트
30328|산화되다
30329|수니파
30330|트랜지스터
30331|극복되다
30332|자뻑
30333|픽처
30334|샤르
30335|편향적
30336|흰빛
30337|은유적
30338|과유불급
30339|판매액
30340|채드
30341|포자
30342|근수
30343|라헬
30344|참형
30345|분단되다
30346|수이
30347|각지다
30348|뱃고동
30349|귀의하다
30350|소제목
30351|밑면
30352|호통치다
30353|꽈리
30354|체감되다
30355|외손자
30356|무엇하다
30357|윈윈하다
30358|나르시시즘
30359|잠봉
30360|고착되다
30361|오퍼레이션
30362|콘스탄티노플
30363|과금러
30364|고세
30365|낙인찍히다
30366|우의
30367|선팅
30368|주식하다
30369|미들턴
30370|종다리
30371|거시기하다
30372|숙주나물
30373|약물치료
30374|낑낑
30375|실낱같다
30376|새키
30377|디플레이션
30378|시부모
30379|입조심하다
30380|상도
30381|피칸
30382|사헌부
30383|설파하다
30384|에마뉘엘
30385|혼합물
30386|암전
30387|수남
30388|운현궁
30389|넋두리
30390|잠복근무
30391|와해되다
30392|구루
30393|요건
30394|한체대
30395|그르다
30396|이정환
30397|생갈비
30398|가결하다
30399|남향
30400|머스
30401|좌판
30402|어영부영
30403|꿰뚫리다
30404|개진하다
30405|귀차니즘
30406|송풍기
30407|페퍼
30408|시신경
30409|펄프
30410|수고롭다
30411|재수사하다
30412|주도면밀하다
30413|의존적
30414|그편
30415|뽁
30416|내통
30417|수료
30418|영험하다
30419|피임약
30420|그라피티
30421|아르메니아
30422|삐그덕
30423|뒷수습
30424|핸디
30425|글다
30426|가보
30427|집무
30428|밀밭
30429|묵음
30430|신년
30431|마쓰우라
30432|산란하다
30433|보리수
30434|어복
30435|두두두두
30436|암살되다
30437|분양되다
30438|항우연
30439|레스
30440|머위
30441|트레드밀
30442|속독
30443|델다
30444|북촌
30445|인사성
30446|딸자식
30447|마석
30448|아이젠
30449|헤어드라이어
30450|메론
30451|감시망
30452|감화
30453|옆문
30454|야훼
30455|숄더백
30456|귀티
30457|잡담
30458|기유
30459|폭거
30460|육탄전
30461|소보
30462|오인하다
30463|송정
30464|목감기
30465|콩자반
30466|모닝빵
30467|들녘
30468|미신고
30469|샴푸하다
30470|황홀경
30471|맨바닥
30472|증인석
30473|공양하다
30474|불안정성
30475|변성기
30476|간악하다
30477|더블린
30478|다각적
30479|하와
30480|사모아
30481|연년생
30482|명철
30483|맛잇다
30484|아름드리
30485|레토르트
30486|캘리브레이션
30487|내포되다
30488|병원체
30489|분파
30490|폐단
30491|콩코드
30492|순영
30493|쌩하다
30494|인조인간
30495|친중
30496|불출마하다
30497|트러스
30498|군량
30499|헤드라이너
30500|배설
30501|솥단지
30502|엘라스틴
30503|부요
30504|부지
30505|월클
30506|껏
30507|항전
30508|도일
30509|욕망하다
30510|세세히
30511|따개비
30512|내뻗다
30513|손실되다
30514|하늘하늘
30515|유로존
30516|진풍경
30517|망측하다
30518|황동
30519|박멸
30520|우둔하다
30521|편지글
30522|흙빛
30523|슈미트
30524|며느님
30525|소신껏
30526|감탄스럽다
30527|출궁
30528|똘망똘망하다
30529|반짝하다
30530|작당
30531|전우애
30532|응모되다
30533|와꾸
30534|중미
30535|무식
30536|쇼콜라
30537|키덜트
30538|발정
30539|야고보
30540|알렌
30541|전화번호부
30542|풍금
30543|만병통치약
30544|상쇄
30545|정체하다
30546|코티
30547|양재
30548|싸구려
30549|무협지
30550|무미
30551|급등세
30552|폭리
30553|기형적
30554|탈락되다
30555|냉난방
30556|용띠
30557|페르세우스
30558|성광
30559|지정석
30560|축소판
30561|거룩히
30562|습관성
30563|체험담
30564|공업용
30565|르포
30566|김우진
30567|대좌
30568|디시
30569|아녀자
30570|입씨름
30571|큰마음
30572|소환장
30573|안킬로사우루스
30574|직선거리
30575|제약하다
30576|재다
30577|이스케이프
30578|고서
30579|함의
30580|코튼
30581|퍼
30582|소홀
30583|침해당하다
30584|느타리버섯
30585|비건
30586|출사
30587|광휘
30588|퇴색되다
30589|오빠지
30590|상생하다
30591|중매쟁이
30592|혼절하다
30593|경외심
30594|스머징
30595|되갈다
30596|툰드라
30597|유하다
30598|계몽
30599|증폭하다
30600|타도하다
30601|골무
30602|가입시키다
30603|입춘
30604|종횡무진
30605|매혹되다
30606|성냥갑
30607|사음
30608|성부
30609|반상회
30610|낙법
30611|바락바락
30612|옥황상제
30613|종북
30614|다사다난하다
30615|일광
30616|암실
30617|탈루
30618|절충
30619|밀반입
30620|날계란
30621|굵직굵직하다
30622|책상다리
30623|낙선
30624|넘
30625|마분지
30626|뷰어
30627|산통
30628|요미
30629|종영
30630|냉동하다
30631|항적
30632|저촉되다
30633|급강하하다
30634|방아
30635|섀도
30636|먹혀들다
30637|파인
30638|철골
30639|계발하다
30640|역지사지
30641|빈번히
30642|고취
30643|방송계
30644|보석금
30645|직격
30646|흑룡
30647|장티푸스
30648|골디락스
30649|삭신
30650|결격
30651|세운
30652|항거하다
30653|사실성
30654|볍씨
30655|마르세유
30656|비말
30657|심박
30658|아양
30659|다년간
30660|중앙통신
30661|식인종
30662|퉁기다
30663|적조
30664|탈환
30665|비스
30666|신망
30667|춘삼
30668|왕호
30669|플로팅
30670|서징
30671|어이없이
30672|탐조
30673|자동화되다
30674|읎다
30675|분원
30676|순국
30677|돌아가시다
30678|수면
30679|차거
30680|유격수
30681|수녀원
30682|신자유주의
30683|버넷
30684|모처럼
30685|사실주의
30686|케케묵다
30687|법망
30688|자양분
30689|억압되다
30690|효행
30691|밀입국
30692|구한말
30693|급성장
30694|워커홀릭
30695|기동력
30696|주둔
30697|덜렁대다
30698|윤활유
30699|경영인
30700|열광시키다
30701|손색없다
30702|은평
30703|비스타
30704|루오
30705|유기되다
30706|번식지
30707|아흔
30708|뉴펀들랜드
30709|미다스
30710|하층민
30711|디밀다
30712|황급하다
30713|쟁
30714|네댓
30715|오프사이드
30716|탕감하다
30717|빈민
30718|통행금지
30719|토닉
30720|총신
30721|그러고
30722|엘리사
30723|묵과하다
30724|복길
30725|어슬렁
30726|부레
30727|허울
30728|수력
30729|히커리
30730|탁구장
30731|밀당하다
30732|진즈
30733|요녀
30734|생산력
30735|체포당하다
30736|끄적이다
30737|중시
30738|불경스럽다
30739|음기
30740|천극
30741|아리다
30742|버릇하다
30743|수롱
30744|녹봉
30745|다구
30746|신붓감
30747|색소폰
30748|간자
30749|이기주의
30750|이시카와
30751|치성
30752|오병이어
30753|고착화되다
30754|사무처장
30755|등잔불
30756|관록
30757|순수성
30758|베르테르
30759|카톨릭
30760|갈무리하다
30761|냉국
30762|기지
30763|고차원적
30764|배부하다
30765|에나멜
30766|에
30767|참정권
30768|태화
30769|오돌토돌하다
30770|연못가
30771|스캐닝
30772|발우
30773|고준
30774|에어리
30775|살림집
30776|경칩
30777|정혜
30778|맥반석
30779|작중
30780|와삭
30781|깎아먹다
30782|이글
30783|레즈
30784|초롱초롱
30785|랭크되다
30786|골턴
30787|콘도
30788|휴강
30789|홀씨
30790|상회하다
30791|방정
30792|시다
30793|특출하다
30794|요망
30795|제청
30796|메콩강
30797|타미플루
30798|취항
30799|맘대로
30800|라니냐
30801|화선지
30802|속상
30803|결부되다
30804|만감
30805|판시하다
30806|영력
30807|금덩어리
30808|희생정신
30809|말실수하다
30810|파이퍼
30811|정회원
30812|조카딸
30813|실의
30814|면포
30815|몽상
30816|또각
30817|강재
30818|접질리다
30819|열창하다
30820|호객
30821|팔보채
30822|여흥
30823|화타
30824|상감
30825|세상만사
30826|여마리
30827|온상
30828|나미에
30829|폭식하다
30830|호식
30831|물시계
30832|사사로이
30833|손실액
30834|스코프
30835|증축하다
30836|대두
30837|연전
30838|보라카이
30839|후일
30840|똘
30841|종달새
30842|명줄
30843|삼박자
30844|냉동되다
30845|쇳물
30846|파르테논
30847|날쌔다
30848|긴긴
30849|친
30850|달가워하다
30851|언어학자
30852|유행성
30853|배급하다
30854|인애
30855|개똥이
30856|변동되다
30857|허업
30858|프랑코
30859|급우
30860|윤곽선
30861|체력장
30862|휘적휘적
30863|꼬물
30864|외식비
30865|챙피
30866|헤브론
30867|전제되다
30868|숫기
30869|모반
30870|얄짤없다
30871|유혹적
30872|노래미
30873|귀속되다
30874|네메시스
30875|주선
30876|여성복
30877|뽀짝
30878|쌈
30879|아르마딜로
30880|범법자
30881|얘깃거리
30882|시향
30883|현혹하다
30884|번다
30885|자하
30886|산수화
30887|토목
30888|편수
30889|홍씨
30890|강행군
30891|음메
30892|보리밭
30893|까악
30894|날달걀
30895|국권
30896|독식
30897|발전적
30898|무신론자
30899|감개무량하다
30900|온데간데없이
30901|음습하다
30902|으쓱거리다
30903|신안
30904|이전되다
30905|집도하다
30906|밭일
30907|포용력
30908|궁디
30909|독립문
30910|엘리먼트
30911|촌뜨기
30912|체전
30913|생맥
30914|역이용하다
30915|실향민
30916|결막염
30917|무소불위
30918|출하되다
30919|단합하다
30920|회마
30921|고동색
30922|영구히
30923|온두라스
30924|농후하다
30925|살덩이
30926|존속하다
30927|수주하다
30928|외척
30929|딜리
30930|당차다
30931|곤도
30932|프테라노돈
30933|후일담
30934|용접하다
30935|벽체
30936|설사하다
30937|맞부딪히다
30938|버무려지다
30939|헤롯
30940|토로
30941|공제하다
30942|마테
30943|스피디하다
30944|대동하다
30945|더뎌지다
30946|단련시키다
30947|인사시키다
30948|숭실대
30949|쇼헤이
30950|리폼
30951|아오모리
30952|타의
30953|늦여름
30954|테니스장
30955|매립하다
30956|유약하다
30957|쯔
30958|캐모마일
30959|아브람
30960|말쑥하다
30961|다소곳이
30962|내비두다
30963|돌부리
30964|다양
30965|찡
30966|국한하다
30967|친일
30968|앵
30969|귓바퀴
30970|완판되다
30971|겸직
30972|옷핀
30973|평의회
30974|용주
30975|미어터지다
30976|근호
30977|혼례식
30978|언동
30979|종이배
30980|복채
30981|실금
30982|강하
30983|최고액
30984|튀어오다
30985|대주
30986|자조
30987|마곡
30988|주안점
30989|충성되다
30990|콤부차
30991|휴진하다
30992|걸
30993|상급생
30994|사윗감
30995|복붙
30996|어두운색
30997|하피
30998|닉스
30999|탄탄대로
31000|투서
31001|의장단
31002|저술하다
31003|불규칙
31004|선남선녀
31005|허니문
31006|바둑이
31007|규장각
31008|김새다
31009|구명정
31010|자글자글
31011|증발되다
31012|버뮤다
31013|치적
31014|도량
31015|코치하다
31016|꼬붕
31017|비박
31018|분뇨
31019|터번
31020|캘리그라피
31021|귀물
31022|현업
31023|신림
31024|동서고금
31025|반공
31026|정독하다
31027|슬라브
31028|육해공
31029|퀼트
31030|에뮤
31031|대원칙
31032|바둑알
31033|얏
31034|헌책
31035|금테
31036|오물거리다
31037|산줄기
31038|자전적
31039|켈로그
31040|견문
31041|술통
31042|미용하다
31043|나베
31044|폴리셔
31045|프리퀄
31046|풍물놀이
31047|피스트
31048|모란
31049|희롱
31050|베크렐
31051|이주시키다
31052|진동시키다
31053|암기력
31054|갈빗대
31055|숙영
31056|다보탑
31057|이거하다
31058|경작하다
31059|미노타우로스
31060|외손녀
31061|어룡
31062|무왕
31063|관람석
31064|집행자
31065|잔칫날
31066|휘청
31067|서남쪽
31068|발작하다
31069|살구
31070|분부하다
31071|재계약하다
31072|페트
31073|한심스럽다
31074|주원료
31075|타올
31076|달랏
31077|할리퀸
31078|총칼
31079|가우디
31080|낚시대
31081|붇다
31082|인계되다
31083|쿤
31084|편익
31085|신녀
31086|계월
31087|마농
31088|털갈이
31089|완결되다
31090|상두
31091|펜촉
31092|막심하다
31093|해넘이
31094|매듭지다
31095|청아
31096|똑바르다
31097|람다
31098|사리다
31099|불충하다
31100|유전병
31101|취재되다
31102|뜨내기
31103|꾀부리다
31104|원녀
31105|대통
31106|아니메
31107|말주변
31108|몰티즈
31109|케찰코아틀
31110|세정하다
31111|생지
31112|기념탑
31113|실직자
31114|이삿짐센터
31115|달비
31116|급정거하다
31117|스크림
31118|여학교
31119|존폐
31120|앞일
31121|존심
31122|할당되다
31123|중립국
31124|불패
31125|수상히
31126|호부
31127|시동생
31128|방어전
31129|정대
31130|버틀러
31131|무브먼트
31132|애창곡
31133|건축되다
31134|은제
31135|하회탈
31136|실키
31137|가유
31138|유통망
31139|생리하다
31140|장타
31141|하기사
31142|정초
31143|첸
31144|설익다
31145|통각
31146|명명백백하다
31147|압출
31148|십시일반
31149|음험하다
31150|초커
31151|찬란히
31152|킹카
31153|스카이워크
31154|탈주하다
31155|할라페뇨
31156|제초제
31157|짭다
31158|가가
31159|우롱하다
31160|도돌이표
31161|속뜻
31162|고자
31163|클레
31164|유전되다
31165|권속
31166|열등의식
31167|자그레브
31168|페이스메이커
31169|퉁소
31170|운구
31171|게양하다
31172|도르
31173|초과되다
31174|현철
31175|답습하다
31176|청량음료
31177|전화선
31178|시각화
31179|불러들이다
31180|잡곡
31181|블렌딩하다
31182|카스트
31183|양학
31184|앞코
31185|빗질하다
31186|오데사
31187|훈육하다
31188|녕
31189|통칭하다
31190|울화통
31191|행상
31192|폴리머
31193|키라
31194|너덜거리다
31195|섬멸하다
31196|판독하다
31197|신비주의
31198|히읗
31199|결혼사진
31200|혹부리
31201|피소
31202|갯가재
31203|복안
31204|현세
31205|남부럽다
31206|산이
31207|원근법
31208|휴학생
31209|고육지책
31210|오독
31211|소체
31212|권장되다
31213|서릿빛
31214|베냉
31215|스피닝
31216|거성
31217|상하
31218|경향성
31219|클리닝
31220|보채다
31221|박멸하다
31222|교가
31223|섀넌
31224|리히텐슈타인
31225|나와
31226|독선적
31227|절개하다
31228|굴러먹다
31229|미첼
31230|내장하다
31231|라디에이터
31232|꽁냥꽁냥
31233|카인
31234|일치시키다
31235|특대
31236|소작농
31237|분변
31238|또각또각
31239|정립되다
31240|이오니아
31241|셔플
31242|수메르
31243|이타심
31244|혈
31245|야매
31246|강판
31247|자위권
31248|책봉하다
31249|도네이션
31250|고무신
31251|치질
31252|허깨비
31253|적극성
31254|행로
31255|단속되다
31256|웜뱃
31257|조의금
31258|부룬디
31259|딸꾹
31260|얼라
31261|로댕
31262|지방질
31263|종업
31264|밝히
31265|나풀거리다
31266|재재
31267|디피
31268|관용차
31269|추적추적
31270|막노동
31271|노동하다
31272|이열치열
31273|주창하다
31274|이카루스
31275|이륜차
31276|주물럭
31277|화딱지
31278|클램프
31279|동진
31280|익근
31281|탈영하다
31282|오호호
31283|그리피스
31284|지하자원
31285|기행문
31286|위풍당당
31287|보테
31288|돋구다
31289|가을날
31290|오름
31291|장강
31292|허벌나다
31293|김옥균
31294|에어리얼
31295|리제
31296|실천적
31297|와디
31298|소문자
31299|돌아댕기다
31300|다이내믹스
31301|마누엘
31302|시원히
31303|납다
31304|저류되다
31305|입단
31306|솔비
31307|내려찍다
31308|콜라주
31309|자린고비
31310|묵연
31311|방재
31312|연례행사
31313|수통
31314|누그러들다
31315|낭송하다
31316|편리성
31317|허씨
31318|월시
31319|자구
31320|동의어
31321|꺼풀
31322|선회
31323|샐러맨더
31324|박승
31325|시시덕거리다
31326|재시
31327|조언자
31328|증원하다
31329|웰스
31330|제리코
31331|질풍노도
31332|아덴
31333|웅남이
31334|스루
31335|유색
31336|한한령
31337|백서
31338|산업체
31339|애걸하다
31340|엣
31341|블레이즈
31342|조합되다
31343|여윳돈
31344|경무관
31345|국조
31346|단팥
31347|설빙
31348|높히다
31349|야욕
31350|상충하다
31351|불성
31352|예술계
31353|사역하다
31354|조종기
31355|쓰레받기
31356|증발시키다
31357|덴장
31358|도륙하다
31359|보조적
31360|노르망디
31361|상충되다
31362|실명하다
31363|핀테크
31364|짓하다
31365|눈칫밥
31366|악습
31367|남궁
31368|제례
31369|엔도르핀
31370|게딱지
31371|리사이클
31372|건보
31373|골목대장
31374|클림트
31375|줄창
31376|숙박업
31377|웨버
31378|청산유수
31379|떡만둣국
31380|이동되다
31381|아테나
31382|초치하다
31383|남장
31384|라펠
31385|미해결
31386|해돈
31387|약밥
31388|교신하다
31389|분짜
31390|글썽거리다
31391|떼어먹다
31392|프로즌
31393|인계
31394|작법
31395|편이
31396|대성통곡
31397|꿇어앉다
31398|스노
31399|항구적
31400|몬하다
31401|패미
31402|기구하다
31403|위험물
31404|정이
31405|지엽적
31406|네이선
31407|특명
31408|고봉
31409|인척
31410|맞수
31411|밥반찬
31412|밀고하다
31413|놀림감
31414|반출
31415|내려서다
31416|요하네스버그
31417|강바람
31418|샤머니즘
31419|인터플레이
31420|페넬로페
31421|결근
31422|닭도리탕
31423|송고
31424|매시간
31425|타협안
31426|라모
31427|합산
31428|유상
31429|뜨악하다
31430|두레
31431|라티
31432|말보
31433|개울물
31434|전심
31435|담쟁이덩굴
31436|고소득층
31437|먹어대다
31438|술래
31439|안토
31440|생텍쥐페리
31441|양생
31442|이코노미석
31443|소등
31444|리넨
31445|조명등
31446|라고스
31447|버터플라이
31448|해학
31449|쇼타임
31450|재가동하다
31451|부르키나파소
31452|곰팡내
31453|존중되다
31454|마니토
31455|난타전
31456|키토
31457|벤치마킹하다
31458|규약
31459|씨불이다
31460|일희일비하다
31461|위계질서
31462|군영
31463|핑곗거리
31464|증액하다
31465|장끼
31466|공전
31467|닥스훈트
31468|도심지
31469|실핏줄
31470|경제관념
31471|청하
31472|방비
31473|오레
31474|알토
31475|뽕짝
31476|내키다
31477|발딱
31478|축산업
31479|정혼하다
31480|넌센스
31481|베넷
31482|가이아나
31483|캐치프레이즈
31484|솎다
31485|으시시하다
31486|여간하다
31487|동월
31488|시샘하다
31489|발생량
31490|역주
31491|귀순하다
31492|거타지
31493|궂은일
31494|달팽이관
31495|하려하다
31496|서성대다
31497|복서
31498|거뭇거뭇하다
31499|흐물거리다
31500|찍찍이
31501|끅
31502|여덟째
31503|호패
31504|배설하다
31505|헌화하다
31506|개념적
31507|샹
31508|피칭하다
31509|성동
31510|연구용
31511|프레이저
31512|만득
31513|포마드
31514|덧니
31515|논조
31516|재결합하다
31517|케바케
31518|해보
31519|일우
31520|데면데면하다
31521|개미핥기
31522|문설주
31523|오줌싸개
31524|정밀도
31525|성질나다
31526|끈적
31527|어멈
31528|머리끄덩이
31529|굴욕감
31530|결연
31531|교수대
31532|벌거숭이
31533|무일푼
31534|잘그랑거리다
31535|몰살당하다
31536|근절되다
31537|마부작침
31538|희경
31539|뻥긋하다
31540|도봉
31541|흙덩이
31542|국명
31543|도피처
31544|동병상련
31545|투닥거리다
31546|화친
31547|덖다
31548|동봉하다
31549|술책
31550|방한복
31551|가마우지
31552|팬레터
31553|벨루
31554|조강지처
31555|뚝딱거리다
31556|입추
31557|진퇴양난
31558|임시직
31559|무에타이
31560|광고료
31561|헿
31562|개랑
31563|어패럴
31564|사무원
31565|뺑뺑이
31566|논술하다
31567|마이크론
31568|부팅하다
31569|구체성
31570|반역하다
31571|편자
31572|퇴소하다
31573|토실토실하다
31574|카바레
31575|질척하다
31576|도요
31577|연적
31578|독립국
31579|아랫니
31580|의사소통하다
31581|취직시키다
31582|도살하다
31583|일문일답
31584|신료
31585|인터뷰어
31586|끗발
31587|이면지
31588|끝판
31589|미끈하다
31590|누에고치
31591|가스총
31592|여미다
31593|샘터
31594|어리바리하다
31595|발찌
31596|로스터
31597|섬네일
31598|연참
31599|소책자
31600|곰방대
31601|톈진
31602|송악
31603|국영수
31604|신문물
31605|풍토병
31606|예려
31607|뜨리
31608|믹
31609|침대보
31610|설핏
31611|가변
31612|귀신같다
31613|모조
31614|공문서
31615|쪼다
31616|오라클
31617|헐버트
31618|호락호락
31619|구속
31620|야미
31621|오하이오주
31622|와드
31623|에어브러시
31624|분리수거하다
31625|콩레이
31626|이빠이
31627|메밀꽃
31628|피항하다
31629|행궁
31630|린상
31631|놋
31632|훈령
31633|비브라토
31634|끌려들다
31635|처바르다
31636|다발성
31637|쇠줄
31638|격퇴하다
31639|해도
31640|악평
31641|정삼각형
31642|정구
31643|전초전
31644|천륜
31645|오시리스
31646|반백
31647|양어머니
31648|원양
31649|도움닫기
31650|입원비
31651|오싹
31652|뉴트로
31653|물주머니
31654|보쿠
31655|침전물
31656|동자승
31657|그로스
31658|딱딱거리다
31659|소묘
31660|정벌하다
31661|장유유서
31662|국산품
31663|마가렛
31664|공언
31665|방청
31666|파이버
31667|비다
31668|군번
31669|용의주도하다
31670|마실
31671|말랑이
31672|성웅
31673|양띠
31674|양면성
31675|니년
31676|조업하다
31677|정봉
31678|호평하다
31679|사그
31680|뉴캐슬
31681|세발자전거
31682|빔
31683|대어
31684|취약성
31685|혈연관계
31686|소림
31687|몰두
31688|오토파일럿
31689|밥숟가락
31690|정회
31691|복순
31692|쌍화탕
31693|콜리플라워
31694|가필드
31695|취사병
31696|가닥가닥
31697|향리
31698|저녁거리
31699|잇속
31700|스토퍼
31701|누렁이
31702|변환되다
31703|꼬르륵거리다
31704|대기층
31705|끈덕지다
31706|은혜롭다
31707|실존적
31708|의탁하다
31709|괴다
31710|진검
31711|괘념하다
31712|영삼
31713|무씨
31714|안마하다
31715|네임드
31716|퍼지르다
31717|개시되다
31718|독립심
31719|부항
31720|나성
31721|초무침
31722|트러스트
31723|졸병
31724|코스모폴리탄
31725|뫼시다
31726|동절기
31727|두아
31728|함교
31729|이항
31730|책사
31731|부킹
31732|브로큰
31733|열처리
31734|홍길동전
31735|폐교되다
31736|온유하다
31737|부스스
31738|북북
31739|습다
31740|동편
31741|레오파드
31742|용법
31743|치한
31744|솜뭉치
31745|난전
31746|거름망
31747|음계
31748|헛갈리다
31749|단둘
31750|소장되다
31751|기표소
31752|격돌
31753|악셀
31754|동심원
31755|머릿고기
31756|클라쓰
31757|신나
31758|망라하다
31759|키르케고르
31760|배필
31761|꽈당
31762|오너먼트
31763|쌔다
31764|팔베개
31765|보노
31766|귀속
31767|샘나다
31768|보형물
31769|싱글거리다
31770|덧
31771|트롤리
31772|곰돌다
31773|태평성대
31774|테세우스
31775|특훈하다
31776|발레리노
31777|따닥
31778|전력난
31779|그레이비
31780|장대높이뛰기
31781|비만하다
31782|안내소
31783|조개껍질
31784|폐막
31785|목제
31786|합사
31787|난센스
31788|가정주부
31789|붉은불개미
31790|창식
31791|중노동
31792|자주적
31793|비애
31794|예방책
31795|졸아들다
31796|다산
31797|황해도
31798|단조
31799|스톱워치
31800|겨울바람
31801|엠보싱
31802|진태
31803|왕초
31804|기정사실화하다
31805|하수관
31806|뒤트임
31807|징그다
31808|천생
31809|향교
31810|플러쉬
31811|책걸상
31812|술간
31813|배타
31814|구사일생
31815|병구
31816|미열
31817|스캘럽
31818|고급화
31819|워머
31820|영노
31821|스페셜리스트
31822|혈족
31823|포저
31824|솔선수범
31825|품안
31826|고효율
31827|간소화되다
31828|담뱃값
31829|이따가
31830|커닝햄
31831|라베
31832|동침하다
31833|궁상맞다
31834|단답형
31835|생강차
31836|퇴보하다
31837|정략적
31838|돌판
31839|엄지손톱
31840|네트워킹
31841|제진
31842|대여점
31843|헛돌다
31844|대행진
31845|연필깎이
31846|파닥
31847|조신
31848|홍심
31849|숙달되다
31850|코감기
31851|덕망
31852|노론
31853|채터링
31854|미하루
31855|분석적
31856|춘화
31857|고래잡이
31858|프리드리히
31859|피그미
31860|결의문
31861|이계
31862|문화원
31863|밀려가다
31864|연락망
31865|치하
31866|고도화되다
31867|노마드
31868|북적대다
31869|절감되다
31870|고둥
31871|친정집
31872|장동
31873|거산
31874|본처
31875|코맹맹이
31876|주저앉히다
31877|비통
31878|오리다
31879|거양
31880|니콜라이
31881|교동
31882|노미네이트
31883|에돌다
31884|땡깡
31885|바바리
31886|점령되다
31887|농민군
31888|아파
31889|수입국
31890|맛잘알
31891|도끼날
31892|강변하다
31893|뉴타운
31894|목매달다
31895|호언장담하다
31896|언더독
31897|으라차차
31898|저류
31899|루멘
31900|야끼소바
31901|앨버커키
31902|레몽
31903|도시인
31904|출렁
31905|휴원
31906|부당성
31907|객체
31908|녀
31909|모종삽
31910|의역
31911|첩첩산중
31912|연체동물
31913|터보
31914|직빵
31915|윌크스
31916|볼테르
31917|배다르다
31918|인간사
31919|클랙슨
31920|공저
31921|음상
31922|거거
31923|날라다니다
31924|에폭시
31925|뒷동산
31926|트레이더
31927|단하
31928|기삿거리
31929|디스켓
31930|통폐합
31931|마린
31932|합숙하다
31933|투사하다
31934|정주행하다
31935|환부
31936|초하루
31937|퍼스트레이디
31938|수족구병
31939|이니셔티브
31940|훈연하다
31941|오르가슴
31942|집단생활
31943|방지책
31944|진군
31945|화약고
31946|암호화되다
31947|도깨비감투
31948|말다툼하다
31949|독생자
31950|물레
31951|잘그락
31952|가을밤
31953|무소식
31954|납입
31955|야기되다
31956|뒷조사하다
31957|실추시키다
31958|야상
31959|매카시
31960|급감
31961|크리켓
31962|제풀에
31963|에베레스트산
31964|쾌속
31965|납품되다
31966|생쌀
31967|마케팅하다
31968|종친
31969|류진
31970|충실
31971|공명하다
31972|부지깽이
31973|용재
31974|거식증
31975|답보
31976|상습범
31977|가가린
31978|뒤돌아서다
31979|미물
31980|오똑하다
31981|자극제
31982|아첨하다
31983|멍텅구리
31984|미니애폴리스
31985|화르륵
31986|예끼
31987|미끈거리다
31988|프라이드치킨
31989|큰고니
31990|레포츠
31991|대평원
31992|감경
31993|킥킥대다
31994|표상
31995|마나님
31996|풀칠
31997|팽목항
31998|일반화하다
31999|부뚜막
32000|공습경보
32001|불새
32002|붉음증
32003|베른
32004|낭패감
32005|디스패치
32006|호들갑스럽다
32007|극비리
32008|흩뜨리다
32009|기원후
32010|매끼
32011|지혈하다
32012|벌주다
32013|오리엔트
32014|원제
32015|월간지
32016|애국지사
32017|꼬추
32018|빼꼼히
32019|분내
32020|소견서
32021|링깃
32022|용종
32023|조화시키다
32024|난장
32025|거무튀튀하다
32026|산해진미
32027|생장
32028|낙오되다
32029|목말라하다
32030|헬레니즘
32031|말띠
32032|빨
32033|물기둥
32034|납입하다
32035|쳉이
32036|왕경
32037|독립시키다
32038|들깻가루
32039|재룡
32040|산란기
32041|오즈모
32042|영업용
32043|투르크메니스탄
32044|번번히
32045|환아
32046|헥토파스칼
32047|골라잡다
32048|물괴
32049|해산되다
32050|렌더
32051|데일
32052|자립심
32053|종가
32054|금등지사
32055|레임덕
32056|소실
32057|허튼짓하다
32058|내편
32059|흩트리다
32060|서약하다
32061|야심작
32062|덤터기
32063|자구책
32064|세대주
32065|당파
32066|파티클
32067|하네다
32068|괘종시계
32069|호송하다
32070|영차영차
32071|콰르릉
32072|동배
32073|즈음하다
32074|잔나비
32075|사유하다
32076|중앙부
32077|여쭈어보다
32078|움키다
32079|지점토
32080|혼재되다
32081|철거민
32082|사례하다
32083|발신인
32084|위증하다
32085|레비
32086|때늦다
32087|백지장
32088|웨더링
32089|예습하다
32090|플로깅
32091|바리톤
32092|살처분하다
32093|쿵쾅
32094|국주
32095|덧문
32096|개키다
32097|미시적
32098|혜숙
32099|무위
32100|지질학
32101|환쟁이
32102|암것
32103|주당
32104|혼종
32105|구렁텅이
32106|용두
32107|언짢아하다
32108|꼼지락
32109|듣보잡
32110|네온
32111|굽이치다
32112|오동통하다
32113|시파
32114|훈자
32115|복조리
32116|시코쿠
32117|굴복
32118|어순
32119|발트해
32120|급행
32121|헥헥거리다
32122|앙골라
32123|논리학
32124|부챗살
32125|성단
32126|차드
32127|운초
32128|치주
32129|강기슭
32130|건투
32131|분투하다
32132|투입구
32133|제이디
32134|다독거리다
32135|향내
32136|척추뼈
32137|잔치하다
32138|보여
32139|용자
32140|수도자
32141|우타
32142|쥐불놀이
32143|메디아
32144|팔라
32145|랭
32146|헤다
32147|편애
32148|세상살이
32149|미시마
32150|덥썩
32151|허제
32152|꼬부랑
32153|정보통
32154|야단나다
32155|헉헉대다
32156|대행업체
32157|입고되다
32158|자아실현
32159|보산
32160|분립
32161|소분하다
32162|빗발
32163|시모노세키
32164|미루
32165|뼈마디
32166|통지표
32167|고립감
32168|의적
32169|호사스럽다
32170|아랫면
32171|일가친척
32172|창간하다
32173|목하
32174|스몰토크
32175|청부
32176|포동포동하다
32177|도벽
32178|고찰하다
32179|히로인
32180|춘권
32181|빳빳이
32182|내가다
32183|출판계
32184|교두보
32185|빈둥대다
32186|인순
32187|프로방스
32188|용쓰다
32189|잠식되다
32190|까끌까끌하다
32191|타계하다
32192|정공법
32193|타일러
32194|보컬리스트
32195|행사되다
32196|쿼크
32197|다다익선
32198|신묘하다
32199|클린하다
32200|농락당하다
32201|치료실
32202|스마일
32203|정차
32204|조화되다
32205|영문학
32206|페니실린
32207|백지화하다
32208|내면적
32209|대의명분
32210|수묵화
32211|차지
32212|적법
32213|낑기다
32214|출판물
32215|도가
32216|퍼덕거리다
32217|준하다
32218|뒤얽히다
32219|애주가
32220|우마
32221|접장
32222|찬트
32223|미즈
32224|고택
32225|마사이족
32226|천신
32227|송출되다
32228|세뇌당하다
32229|농간
32230|수틀리다
32231|애덤
32232|팔딱팔딱
32233|결사반대
32234|리히터
32235|파기되다
32236|에헤헤
32237|난폭
32238|핫거
32239|큐시트
32240|쉬엄쉬엄하다
32241|호상
32242|서북쪽
32243|어쭙잖다
32244|스타일리쉬하다
32245|협공
32246|풍수지리
32247|후금
32248|마두
32249|이심전심
32250|댄디하다
32251|구둣발
32252|생난리
32253|일루전
32254|시건방지다
32255|분할되다
32256|반증하다
32257|뚫어뻥
32258|노리스
32259|호이안
32260|투토
32261|따따따
32262|스다
32263|죽을병
32264|주포
32265|뒷집
32266|목욕물
32267|구마모토
32268|구명보트
32269|말라깽이
32270|의안
32271|습관화
32272|장딴지
32273|에스키모
32274|읍소
32275|선도
32276|경색되다
32277|잡무
32278|불혹
32279|비죽
32280|세리카
32281|일상복
32282|너클
32283|수임하다
32284|추심
32285|유선형
32286|특임
32287|롱디
32288|뱃놀이
32289|아사이
32290|위기관리
32291|제피
32292|달무리
32293|종일
32294|인사이동
32295|농악
32296|흑우
32297|안치다
32298|바람잡이
32299|윈저
32300|단행
32301|사랑둥이
32302|람필
32303|자전
32304|친정어머니
32305|내원
32306|송진
32307|성홍
32308|아등바등하다
32309|겹다
32310|전전
32311|빈하다
32312|번식기
32313|신청되다
32314|차출되다
32315|십장생
32316|해영
32317|문비
32318|관악기
32319|작디작다
32320|부글거리다
32321|손모
32322|표준화되다
32323|고렇다
32324|청기
32325|곱상하다
32326|연로하다
32327|엑스터시
32328|외면당하다
32329|보이콧하다
32330|풀떼기
32331|성식
32332|아모리
32333|장시
32334|알통
32335|상징되다
32336|톱질
32337|가학적
32338|입법권
32339|제압되다
32340|약칭
32341|슬롯머신
32342|마약상
32343|토끼띠
32344|장전되다
32345|기상하다
32346|가모
32347|슬리브
32348|성급히
32349|요러다
32350|교훈적
32351|동분서주하다
32352|뒤흔들리다
32353|폄훼
32354|용과
32355|낭
32356|브라더
32357|설마설마하다
32358|조반니
32359|복고풍
32360|흠모하다
32361|조숙하다
32362|숫돌
32363|향정신성
32364|화주
32365|상쇄되다
32366|피아
32367|강연자
32368|관리직
32369|교태
32370|주홍
32371|장성하다
32372|고별
32373|메가폰
32374|군도
32375|철갑
32376|폭신폭신
32377|단란주점
32378|서구적
32379|강등되다
32380|가부좌
32381|월지
32382|쇠스랑
32383|벤치마킹
32384|새순
32385|몰아닥치다
32386|고배
32387|문중
32388|법하다
32389|현악
32390|흡족
32391|은폐되다
32392|크롤러
32393|말종
32394|관전하다
32395|오벨리스크
32396|축포
32397|헛헛하다
32398|박병
32399|이광철
32400|전반부
32401|대패하다
32402|통나무집
32403|방가방가
32404|포경
32405|개화하다
32406|돌고래
32407|민감
32408|총사
32409|무성
32410|진씨
32411|무아
32412|보통내기
32413|근속
32414|뽀샤시하다
32415|초이
32416|다양화하다
32417|꽃빵
32418|치커리
32419|탕평
32420|불가마
32421|곤드레
32422|안치하다
32423|할부금
32424|난청
32425|통신하다
32426|레몬에이드
32427|간접흡연
32428|큰누나
32429|명반
32430|급사
32431|내다버리다
32432|루벤스
32433|소시민
32434|흘려버리다
32435|조종자
32436|합병되다
32437|귀추
32438|양민
32439|전군
32440|희번덕거리다
32441|이요
32442|속공
32443|핥아먹다
32444|금명
32445|사이토카인
32446|적대시하다
32447|사법권
32448|불도장
32449|도달
32450|운광
32451|유예되다
32452|백가
32453|용매
32454|손버릇
32455|조아리다
32456|교본
32457|고뿔
32458|라마단
32459|철없이
32460|루시퍼
32461|대쪽
32462|설왕설래
32463|낙심
32464|관능적
32465|재미지다
32466|기왓장
32467|그라나다
32468|남침
32469|양립하다
32470|쾌남
32471|삼세판
32472|식물학
32473|룩소르
32474|서민층
32475|오손도손
32476|염탐
32477|후무스
32478|조황
32479|레딩
32480|불손하다
32481|대수술
32482|길쭉길쭉
32483|신디케이트
32484|저칼로리
32485|받아넘기다
32486|급매
32487|뜸
32488|알음알음
32489|팩터
32490|쭈구리
32491|맘모스
32492|수확기
32493|신천
32494|어쩌고저쩌고하다
32495|떨림
32496|파직
32497|대리모
32498|다용도
32499|백귀
32500|카랑카랑하다
32501|로마노
32502|자유화
32503|창극
32504|와이스
32505|철폐하다
32506|고산병
32507|집결
32508|갸륵하다
32509|거리끼다
32510|암산
32511|풍모
32512|그라인딩
32513|써나다
32514|개꿈
32515|가벼이
32516|유채
32517|이율
32518|갈치속젓
32519|거버넌스
32520|성생활
32521|레이놀즈
32522|황폐화되다
32523|성골
32524|필즈상
32525|전산
32526|아우슈비츠
32527|쪼만하다
32528|퓌레
32529|스누트
32530|따라쟁이
32531|횡재하다
32532|치마폭
32533|컴포넌트
32534|버리
32535|드라이클리닝
32536|싸고돌다
32537|남동
32538|가죽옷
32539|설운
32540|피바다
32541|거칠거칠하다
32542|상납하다
32543|그래비티
32544|근면
32545|시중들다
32546|드림캐처
32547|중량감
32548|시큰하다
32549|클로스
32550|블리딩
32551|외교전
32552|딜리셔스
32553|기념주화
32554|송아
32555|관현악단
32556|거지꼴
32557|직지심체요절
32558|대립되다
32559|동방예의지국
32560|퐁텐블로
32561|철저
32562|뒷심
32563|최면술
32564|명불허전
32565|신파
32566|아사론
32567|르누아르
32568|염불
32569|국내적
32570|요코스카
32571|귀천
32572|애마
32573|도지다
32574|해부
32575|종렬
32576|나불거리다
32577|목적하다
32578|우퍼
32579|어프다
32580|바베이도스
32581|브리타니
32582|쇤네
32583|재조정
32584|이물감
32585|침탈
32586|여전
32587|공탁
32588|두절
32589|출하하다
32590|아연하다
32591|재숙
32592|풀어쓰다
32593|나병
32594|땡전
32595|퇴화
32596|타령하다
32597|킬로와트
32598|북단
32599|나두다
32600|공심채
32601|풀뿌리
32602|무청
32603|마무
32604|양장
32605|선연습
32606|알카에다
32607|변리사
32608|뽀송뽀송
32609|군살
32610|가자구
32611|조타실
32612|통수
32613|기증되다
32614|정풍
32615|미완
32616|베르디
32617|음역
32618|전미
32619|거죽
32620|무우
32621|횡행하다
32622|도술
32623|고서점
32624|밤낚시
32625|반면교사
32626|맹약
32627|쪼꼼
32628|병간호
32629|꾸덕
32630|감원
32631|손깍지
32632|시니컬하다
32633|추대되다
32634|겨울나기
32635|겉치레
32636|옥색
32637|소중
32638|타바스코
32639|얄쌍하다
32640|컴파일러
32641|평생토록
32642|색맹
32643|통행하다
32644|펄럭
32645|애리다
32646|분발
32647|오매불망
32648|분가하다
32649|미녹시딜
32650|그짓말
32651|저으다
32652|데릴사위
32653|들썩
32654|인기리
32655|건축사
32656|도야마
32657|외풍
32658|쓰노
32659|옛일
32660|더럭
32661|리유
32662|토디
32663|무자격
32664|나태
32665|백옥
32666|실직하다
32667|근심스럽다
32668|메
32669|다마
32670|체크아웃하다
32671|샤우팅
32672|꼬랑지
32673|질식사하다
32674|배이
32675|앞주머니
32676|홀짝거리다
32677|풍백
32678|대항전
32679|나아오다
32680|브루투스
32681|조용조용
32682|귀밑
32683|과민성
32684|개암나무
32685|해용
32686|전관
32687|박해하다
32688|히브리
32689|쨉
32690|공론화하다
32691|말라죽다
32692|돌려세우다
32693|미시간주
32694|인정사정
32695|친조
32696|앨라배마
32697|사면
32698|등본
32699|대저
32700|카파도키아
32701|극빈층
32702|한창때
32703|유순하다
32704|마취하다
32705|치지직
32706|자수성가하다
32707|마스터링
32708|해탈하다
32709|아스가르드
32710|급브레이크
32711|남경
32712|감각하다
32713|상록수
32714|탑승구
32715|거지다
32716|핑크뮬리
32717|조여들다
32718|광교
32719|짬
32720|세면도구
32721|자갈길
32722|원년
32723|반디
32724|실측
32725|논개
32726|이소
32727|슬하
32728|사면되다
32729|연청
32730|현령
32731|도매가
32732|통기성
32733|귀공자
32734|아르노
32735|멋없다
32736|애시당초
32737|우형
32738|시가전
32739|유사점
32740|묘비명
32741|본네트
32742|수마
32743|쿵쿵대다
32744|나목
32745|상국
32746|활엽수
32747|은둔자
32748|폴리에스테르
32749|말일
32750|괴사
32751|도와
32752|군정
32753|경매하다
32754|간드러지다
32755|시구하다
32756|하울링
32757|용타
32758|왕성
32759|공생하다
32760|잔류하다
32761|소산
32762|되받다
32763|논바닥
32764|신년회
32765|늘그막
32766|회자
32767|에워싸이다
32768|공시가
32769|판금
32770|적장
32771|내상
32772|받아쓰다
32773|좁아터지다
32774|따끔따끔하다
32775|캐스터네츠
32776|액셀러레이터
32777|빌어먹다
32778|득표자
32779|키루스
32780|격발
32781|매립장
32782|치노
32783|공성
32784|곤죽
32785|명세서
32786|황녀
32787|슬랙
32788|연습량
32789|직선적
32790|걸상
32791|가운뎃손가락
32792|모리타니
32793|큐비트
32794|뇌수
32795|비발디
32796|장계
32797|띠껍다
32798|그레고리
32799|가물거리다
32800|판가름하다
32801|별감
32802|민란
32803|생명권
32804|적정성
32805|도채비
32806|죄수복
32807|인포
32808|액슬
32809|달이다
32810|준교
32811|이골
32812|금슬
32813|한가운데
32814|래미
32815|유보
32816|의문사
32817|잘록하다
32818|남인
32819|조그마하다
32820|달마
32821|아이시
32822|편승하다
32823|일당백
32824|날강도
32825|투영
32826|오늘내일
32827|운용되다
32828|때밀이
32829|자수성가
32830|피뢰침
32831|풍물
32832|기중기
32833|타락시키다
32834|비어드
32835|주란
32836|금옥
32837|임차
32838|생산품
32839|비정하다
32840|탕감
32841|고깃국
32842|왕재
32843|디펜더
32844|슈도다나
32845|어셈블리
32846|케이퍼
32847|기전
32848|증량
32849|말조심
32850|송전
32851|막부
32852|동장
32853|고단백
32854|투우사
32855|표준시
32856|아로새기다
32857|세미파이널
32858|층별
32859|나눗셈
32860|방학하다
32861|반비례하다
32862|포말
32863|횃대
32864|잠룡
32865|합석
32866|오퍼
32867|체임버
32868|반색
32869|망발
32870|헤모글로빈
32871|동인
32872|재청구하다
32873|샤시
32874|찬미하다
32875|한예종
32876|치세
32877|혹평하다
32878|출자
32879|밀본
32880|마모되다
32881|됨
32882|불가항력
32883|제성
32884|진섭
32885|격변
32886|아들러
32887|지글거리다
32888|휴지
32889|뉴먼
32890|비파
32891|예분
32892|열연하다
32893|치국
32894|수탈
32895|남발
32896|노발대발하다
32897|이시이
32898|주먹구구식
32899|배점
32900|재건축하다
32901|짓무르다
32902|치통
32903|항염
32904|장루
32905|엎치락뒤치락하다
32906|클리퍼
32907|글리코겐
32908|성북
32909|얽다
32910|대장부
32911|본격화
32912|개무시하다
32913|순둥순둥하다
32914|준칙
32915|반려자
32916|환전소
32917|유작
32918|뒤꽁무니
32919|페타
32920|들먹이다
32921|의빈
32922|프레임워크
32923|낑깡
32924|안달
32925|물레방앗간
32926|터치다
32927|플로리스트
32928|계량스푼
32929|토글
32930|심벌
32931|가이아
32932|재구매하다
32933|패망하다
32934|분실
32935|희두
32936|처처
32937|박장대소
32938|희끗하다
32939|샤프하다
32940|선종
32941|신권
32942|곰치
32943|너그러이
32944|살금
32945|달마시안
32946|설혹
32947|쥐락펴락하다
32948|연체하다
32949|그래미상
32950|독초
32951|억지웃음
32952|언뜻언뜻
32953|봄나들이
32954|상하수도
32955|야사
32956|경계경보
32957|댕강
32958|승차하다
32959|나스카
32960|포개지다
32961|넘어트리다
32962|되뇌이다
32963|지출되다
32964|가공품
32965|샥스핀
32966|수비진
32967|순진무구하다
32968|임소
32969|잠식
32970|여름옷
32971|히타이트
32972|뱀띠
32973|범자
32974|록키
32975|수행되다
32976|퇴화되다
32977|도공
32978|교만
32979|헌혈하다
32980|등자
32981|버선
32982|환혼
32983|궤멸
32984|갑수
32985|아줌니
32986|보화
32987|미유
32988|산파
32989|자숙하다
32990|직결
32991|시먼스
32992|어깻죽지
32993|광군제
32994|아리엘
32995|알쓰
32996|법정형
32997|정애
32998|진맥
32999|파우
33000|멍충이
33001|맨밥
33002|에스코트하다
33003|감지덕지
33004|연둣빛
33005|제사하다
33006|냄시
33007|놀래미
33008|분진
33009|와유
33010|옥토버페스트
33011|성황
33012|혈맹
33013|교환되다
33014|호가하다
33015|굽실거리다
33016|마레
33017|쫑알쫑알
33018|바람기
33019|메추리
33020|루팅
33021|금자
33022|수재
33023|운반선
33024|격벽
33025|분향
33026|양욱
33027|뒷골
33028|프레슬리
33029|직공
33030|한소리
33031|펑키하다
33032|영안
33033|담뱃대
33034|바른길
33035|디버그
33036|진기하다
33037|작렬하다
33038|육해공군
33039|버지니아주
33040|야합
33041|팽이치기
33042|홀란드
33043|프로파간다
33044|플래쉬
33045|얼차려
33046|연분
33047|요지
33048|서행
33049|종강
33050|변심
33051|도레미
33052|과세하다
33053|적절성
33054|멍울
33055|송골매
33056|파슨스
33057|댄디
33058|찬수
33059|헤일로
33060|세겔
33061|막역하다
33062|발야구
33063|판별
33064|김칫국물
33065|유감없이
33066|노총
33067|배나무
33068|루사카
33069|래커
33070|우윳빛
33071|총알받이
33072|먼지떨이
33073|우짜다
33074|유약
33075|거뭇하다
33076|마살라
33077|도박사
33078|들여가다
33079|휴교하다
33080|싱커
33081|빌트인
33082|서리다
33083|남획
33084|사라예보
33085|할미꽃
33086|여비
33087|등단
33088|밑둥
33089|부합되다
33090|과속하다
33091|월요병
33092|반올림
33093|순전하다
33094|숄츠
33095|방자
33096|눅진하다
33097|탁상
33098|둥그스름하다
33099|존대하다
33100|클립보드
33101|주파하다
33102|화장기
33103|문식
33104|조난
33105|월리스
33106|통합시키다
33107|플래터
33108|라이프치히
33109|입방아
33110|배지
33111|포졸
33112|등등하다
33113|하파
33114|묘책
33115|농원
33116|낙오
33117|과대평가
33118|동중국해
33119|뾰족뾰족
33120|길이길이
33121|식곤증
33122|신용하다
33123|주효하다
33124|내향
33125|그림물감
33126|플로피
33127|똥배
33128|잔칫집
33129|예고
33130|심사숙고
33131|객사
33132|티타니아
33133|캬라멜
33134|요기
33135|즐거이
33136|터프가이
33137|에스터
33138|첫인사
33139|짬짜면
33140|봉래
33141|야소
33142|팔짝팔짝
33143|젤라토
33144|초현실주의
33145|변제하다
33146|중고품
33147|후로
33148|근태
33149|경사스럽다
33150|작화
33151|길가메시
33152|꼬다
33153|깍깍
33154|킨
33155|찰기
33156|급정거
33157|총명
33158|가위질
33159|로메
33160|수닷타
33161|추모비
33162|낭군
33163|매킨토시
33164|구웅
33165|곤룡포
33166|족자
33167|석가탑
33168|쑥덕거리다
33169|규칙성
33170|반항아
33171|탈바꿈
33172|관리국
33173|송하다
33174|처참히
33175|야장
33176|신통력
33177|커미션
33178|천하대장군
33179|공찬
33180|투룸
33181|시추에이션
33182|물성
33183|연심
33184|황산
33185|로터스
33186|전출
33187|필멸
33188|다부지다
33189|존립
33190|셰이딩
33191|접합
33192|탐닉하다
33193|다리뼈
33194|잡범
33195|나고야
33196|재조명되다
33197|불만족
33198|패킷
33199|은행가
33200|무릉도원
33201|예열하다
33202|좌장
33203|남전
33204|오셀로
33205|약다
33206|프락치
33207|땀띠
33208|길동무
33209|어물쩍
33210|투닥투닥
33211|요모조모
33212|등치다
33213|노망나다
33214|매핑
33215|심볼
33216|인출기
33217|천덕꾸러기
33218|약체
33219|자학
33220|수혈하다
33221|재검사
33222|간척지
33223|걸이
33224|소식하다
33225|나마
33226|중경상
33227|함안
33228|천리마
33229|층위
33230|루게릭병
33231|수놈
33232|하루치
33233|살랑거리다
33234|풍향
33235|이죽거리다
33236|알딸딸하다
33237|아티초크
33238|겉감
33239|풍미하다
33240|조증
33241|쾰른
33242|이선희
33243|항공료
33244|기우뚱하다
33245|움집
33246|케이프타운
33247|붐바
33248|자축
33249|통가
33250|엔간하다
33251|알로사우루스
33252|여유분
33253|방만하다
33254|신궁
33255|그로테스크하다
33256|고자질
33257|걸리
33258|공히
33259|판석
33260|성호르몬
33261|제도화하다
33262|원선
33263|얼른얼른
33264|원고료
33265|탈리
33266|호봉
33267|강직하다
33268|여든
33269|반발심
33270|흥건히
33271|헛발질
33272|오퍼레이터
33273|금형
33274|농익다
33275|코넬대
33276|코리아타운
33277|상용화하다
33278|한증막
33279|너도밤나무
33280|통화량
33281|기혼자
33282|남편감
33283|바득바득
33284|무용하다
33285|날조
33286|방증
33287|차타
33288|유유
33289|멍청히
33290|버둥대다
33291|종화
33292|금산
33293|신계
33294|버럭버럭
33295|네티켓
33296|살균하다
33297|용대
33298|간게
33299|장보
33300|캐비넷
33301|맛깔스럽다
33302|횟감
33303|원복
33304|귀순
33305|대추나무
33306|개인위생
33307|야성
33308|겨냥
33309|객잔
33310|해직
33311|부자지간
33312|화하다
33313|털가죽
33314|지지직거리다
33315|수구
33316|대내외적
33317|완선
33318|빔비사라
33319|수복
33320|진멸하다
33321|연회비
33322|투발루
33323|면회실
33324|허당
33325|가물가물
33326|끄나풀
33327|재분배
33328|똥그랗다
33329|문진
33330|녹즙
33331|트리오
33332|허물없이
33333|유압
33334|초인
33335|합법화하다
33336|일갈하다
33337|북녘
33338|뜨뜻미지근하다
33339|서자
33340|안시
33341|꼭다리
33342|컨닝
33343|빨주노초파남보
33344|잡담하다
33345|으흐흐
33346|공동생활
33347|병환
33348|겨우살이
33349|빈축
33350|출생지
33351|국제화
33352|고랑
33353|차감되다
33354|관보
33355|음악성
33356|광고문
33357|미토콘드리아
33358|변속
33359|흑마
33360|사필귀정
33361|고함
33362|출석부
33363|다마스쿠스
33364|난시
33365|포텐셜
33366|천동설
33367|긍게
33368|강아지풀
33369|끔찍스럽다
33370|패리
33371|대덕
33372|불쾌지수
33373|모호성
33374|실추되다
33375|봉이
33376|남철
33377|비끼다
33378|반출되다
33379|리뉴얼하다
33380|의태어
33381|궁평
33382|경탄하다
33383|낙관주의
33384|웅웅
33385|뉘엿뉘엿
33386|피트리
33387|피서
33388|차시
33389|등락
33390|중종
33391|매독
33392|멍뭉
33393|전승되다
33394|바드레
33395|허풍쟁이
33396|달맞이
33397|바다낚시
33398|난도질
33399|교도
33400|핏감
33401|이비스
33402|패역하다
33403|고로쇠
33404|꾸르륵
33405|뇌염
33406|양도
33407|레가시
33408|핫이슈
33409|불투명
33410|변조되다
33411|무능력
33412|비상근무
33413|필카
33414|줄리다
33415|깁스하다
33416|쥐띠
33417|검버섯
33418|춘추
33419|미니멈
33420|특구
33421|반병
33422|번복되다
33423|바이패스
33424|졸렬하다
33425|거처하다
33426|치이다
33427|남성미
33428|누에
33429|노란불
33430|궁뎅이
33431|저열하다
33432|연모
33433|유전학
33434|독채
33435|치욕적
33436|일나다
33437|임장
33438|빌레
33439|제청하다
33440|단죄
33441|비즈니스맨
33442|치부책
33443|부등호
33444|다프네
33445|선진화
33446|초토화시키다
33447|덧입히다
33448|토슈즈
33449|올망졸망
33450|발렌시아가
33451|타마
33452|껑충껑충
33453|맺음
33454|물심양면
33455|밀푀유
33456|벨리즈
33457|고추잠자리
33458|유세하다
33459|중계방송
33460|꾸르륵거리다
33461|화순
33462|사대문
33463|타슈켄트
33464|군국주의
33465|이실직고
33466|투옥되다
33467|복권되다
33468|져
33469|꼬숩다
33470|선도적
33471|쉐어
33472|근면하다
33473|심상찮다
33474|베이다
33475|극기
33476|헤어핀
33477|성의껏
33478|산나물
33479|짤랑거리다
33480|쌈짓돈
33481|통관
33482|베세토
33483|폴리에스터
33484|둔중하다
33485|밀알
33486|소경
33487|난소
33488|꾸밈없이
33489|일어
33490|헉슬리
33491|팔불출
33492|누리끼리하다
33493|깔깔
33494|황비
33495|매워하다
33496|공통분모
33497|통렬하다
33498|진학률
33499|둠
33500|윈
33501|초상집
33502|스와프
33503|반송
33504|필요시
33505|남성복
33506|망태
33507|따이
33508|지참금
33509|주피터
33510|진해
33511|폐병
33512|물산
33513|무교
33514|실피
33515|천근만근
33516|인정사정없이
33517|집약되다
33518|합류시키다
33519|화회
33520|와전되다
33521|인골
33522|세인트존스
33523|웅녀
33524|생포
33525|예견
33526|주로
33527|표준화
33528|세가
33529|새색시
33530|킁킁대다
33531|연간
33532|강녕하다
33533|신협
33534|안치실
33535|간구
33536|레소토
33537|남탕
33538|빙벽
33539|이복동생
33540|예우하다
33541|생고생
33542|뻐꾹
33543|낙랑
33544|로치
33545|나잇값
33546|머리말
33547|보건
33548|다쿠아즈
33549|쌍절곤
33550|온돌방
33551|신검
33552|낙제점
33553|망둥이
33554|냉각되다
33555|헛바람
33556|털옷
33557|가창
33558|합승
33559|랭귀지
33560|코흘리개
33561|음감
33562|장량
33563|습관화하다
33564|대중목욕탕
33565|고깃배
33566|후룩
33567|잔사
33568|실파
33569|잔재주
33570|수채
33571|건가
33572|불펜
33573|스모킹
33574|안대
33575|연무
33576|뫼르소
33577|반독점
33578|야그
33579|문명인
33580|업로더
33581|대군
33582|아벨
33583|뻔질나다
33584|등한시하다
33585|총동원되다
33586|커피믹스
33587|후들후들
33588|품평회
33589|완탕
33590|가입비
33591|오라
33592|진보되다
33593|와작
33594|시판되다
33595|양인
33596|기록부
33597|칼싸움
33598|대동
33599|병맥주
33600|술독
33601|재주꾼
33602|선대왕
33603|횡격막
33604|이즈미르
33605|추석날
33606|싱글벙글하다
33607|투과하다
33608|반역죄
33609|아폴론
33610|제씨
33611|타작
33612|면사무소
33613|숑
33614|흡착
33615|휴정
33616|노엽다
33617|사워
33618|태정
33619|발산되다
33620|야반도주하다
33621|플라타너스
33622|도출
33623|쇳조각
33624|강탈
33625|뚜둘다
33626|살뜰히
33627|타이즈
33628|기공
33629|자연법칙
33630|화씨
33631|수효
33632|개릭
33633|확대경
33634|지겨워하다
33635|반크
33636|고문실
33637|국혼
33638|군량미
33639|특효약
33640|따다닥
33641|아인슈페너
33642|성원하다
33643|휘둘러보다
33644|걱정스레
33645|카사블랑카
33646|노리
33647|도로망
33648|계절적
33649|엽록체
33650|권선징악
33651|야학
33652|용처
33653|문장력
33654|사유서
33655|배고픔
33656|스피츠
33657|퀼
33658|요절하다
33659|뉴저지주
33660|갑상선
33661|괴산
33662|생채
33663|다가앉다
33664|응집력
33665|발랑
33666|고생대
33667|술주정뱅이
33668|부녀회
33669|가시내
33670|윈체스터
33671|완쾌되다
33672|숙직실
33673|에드워즈
33674|문책하다
33675|구인난
33676|퇴물
33677|지배되다
33678|불안증
33679|털어먹다
33680|편입시키다
33681|전직하다
33682|에어리어
33683|달랑거리다
33684|얼쩡대다
33685|속앓이
33686|심기다
33687|찐만두
33688|보름날
33689|오행
33690|동북쪽
33691|숙회
33692|삥땅
33693|헤매이다
33694|알짱거리다
33695|순화하다
33696|덧입다
33697|삐걱삐걱
33698|양극단
33699|시모
33700|홀대하다
33701|풍수
33702|팔각정
33703|저따위
33704|인디오
33705|고강도
33706|식염수
33707|알현
33708|내림세
33709|금지당하다
33710|경악스럽다
33711|따옴표
33712|낟알
33713|후프
33714|하복
33715|스포츠맨
33716|아리아리
33717|질식시키다
33718|간단명료하다
33719|부러트리다
33720|제전
33721|젖살
33722|둥글둥글
33723|완급
33724|캐피털
33725|지탱
33726|친할아버지
33727|주무
33728|얼룩덜룩
33729|사돈댁
33730|웃전
33731|찰필
33732|위산
33733|오비
33734|예치금
33735|헤딩하다
33736|헤세
33737|핸들러
33738|후유
33739|플랩
33740|오뚝하다
33741|라리사
33742|집대성하다
33743|새치기하다
33744|바늘구멍
33745|독선
33746|주신
33747|순안
33748|지속시키다
33749|실바
33750|뱅쇼
33751|대담
33752|동하다
33753|폭침
33754|기다랗다
33755|개차반
33756|금융계
33757|피난하다
33758|검도
33759|자멸하다
33760|금붙이
33761|가프
33762|컹컹
33763|빠방
33764|번하다
33765|외교권
33766|방문단
33767|투과
33768|글머리
33769|주공
33770|부숴지다
33771|재조정하다
33772|발산
33773|집합시키다
33774|이교도
33775|감식하다
33776|잔꾀
33777|상모
33778|함경도
33779|큐레이션
33780|맥앤치즈
33781|정년퇴직
33782|이베리코
33783|배춧값
33784|다카마쓰
33785|고집쟁이
33786|중무장
33787|실랑이하다
33788|류신
33789|흉악
33790|벽천
33791|정혼
33792|스팀펑크
33793|아점
33794|랑데부
33795|봉산
33796|생지옥
33797|추노
33798|자그맣다
33799|제너
33800|팩하다
33801|문란
33802|점사
33803|질척대다
33804|펩타이드
33805|독주하다
33806|매각되다
33807|양편
33808|넛지
33809|편중되다
33810|참내
33811|맹맹하다
33812|땀구멍
33813|말장난하다
33814|깨갱
33815|제라늄
33816|무기력증
33817|원시림
33818|뱃멀미
33819|잠잠히
33820|제고하다
33821|물망
33822|겟하다
33823|도인
33824|안정기
33825|무디스
33826|목례하다
33827|동철
33828|창포
33829|허버트
33830|능청
33831|부리부리하다
33832|카마
33833|양가
33834|통계학
33835|모가디슈
33836|아르키메데스
33837|꿀떡꿀떡
33838|정숙하다
33839|더치
33840|영웅담
33841|순면
33842|취국
33843|접수대
33844|앎
33845|삐거덕거리다
33846|머구리
33847|계승되다
33848|양립
33849|눈물바다
33850|로스코
33851|반푼이
33852|비전문가
33853|극소량
33854|철구
33855|경시하다
33856|생로
33857|발생지
33858|야키토리
33859|글로시
33860|이브닝
33861|유에
33862|작은형
33863|지략
33864|총감독
33865|이보다
33866|집결시키다
33867|루앙프라방
33868|포섭
33869|엽록소
33870|관현악
33871|탈곡
33872|백열등
33873|주구
33874|포용성
33875|쾌차하다
33876|풍향계
33877|괄약근
33878|제지
33879|복각
33880|재조사하다
33881|윤택
33882|페스츄리
33883|군소리
33884|허친스
33885|토론자
33886|후생
33887|도킹하다
33888|폴록
33889|미끌미끌
33890|두런두런
33891|지지난
33892|관하다
33893|짜맞추다
33894|가건물
33895|숭어
33896|본시
33897|브리즈번
33898|박하다
33899|재창조하다
33900|발제
33901|오두방정
33902|미색
33903|품계
33904|고무나무
33905|빕
33906|혼백
33907|코걸이
33908|엄혹하다
33909|버밍엄
33910|아나스타샤
33911|청평
33912|곶
33913|성숙되다
33914|개량되다
33915|창의
33916|지로
33917|하이퍼링크
33918|방정맞다
33919|현모양처
33920|억류하다
33921|불응
33922|녹취하다
33923|항상성
33924|구슬치기
33925|감옥살이
33926|어죽
33927|역추적하다
33928|쿼터백
33929|등용하다
33930|분향하다
33931|덕용
33932|굶주림
33933|패대기치다
33934|발재간
33935|착란
33936|너덜너덜
33937|임스
33938|간부급
33939|일찍일찍
33940|전학하다
33941|힙스터
33942|촉매제
33943|자애
33944|완전무결하다
33945|기드온
33946|잔지바르
33947|올그다
33948|사열
33949|코스프레하다
33950|균상
33951|메스머
33952|고깔
33953|담뱃재
33954|용서되다
33955|에스메랄다
33956|머릿니
33957|반촌
33958|볼라벤
33959|공포되다
33960|징징
33961|미륵
33962|치부되다
33963|고춧잎
33964|영면
33965|행자
33966|찰랑
33967|바라구
33968|옥시토신
33969|알밥
33970|도어맨
33971|증편
33972|교섭하다
33973|제퍼
33974|헌사
33975|시백
33976|문전
33977|개반
33978|순천향대
33979|부차
33980|샌프란
33981|상신
33982|돈뭉치
33983|쪄내다
33984|원근감
33985|변질
33986|시주
33987|엎치락뒤치락
33988|시디롬
33989|변협
33990|성계
33991|진상품
33992|못주다
33993|골리다
33994|방공
33995|승지
33996|그리니치
33997|발레리
33998|골칫덩어리
33999|소프트볼
34000|애린
34001|알레포
34002|룸바
34003|내보이다
34004|만용
34005|웬
34006|물동량
34007|풍기
34008|래브라도
34009|키타
34010|입가심하다
34011|가톨릭교회
34012|돌조각
34013|세배하다
34014|난류
34015|종속
34016|수병
34017|의과
34018|천상계
34019|게으름
34020|조마조마
34021|아우구스티누스
34022|화젯거리
34023|함주
34024|애리조나주
34025|리비
34026|떼거지
34027|뮐러
34028|포은
34029|오름폭
34030|튜닉
34031|삼계
34032|맨주먹
34033|함무라비
34034|머프
34035|가액
34036|진식
34037|관람권
34038|홍가
34039|인육
34040|마패
34041|동광
34042|지하도
34043|출고되다
34044|임명권
34045|호산나
34046|조각보
34047|폐차하다
34048|착수금
34049|독무
34050|국제결혼
34051|품번
34052|콤
34053|래핑
34054|코너링
34055|나노봇
34056|용이
34057|빡빡이
34058|대법
34059|유마
34060|맘보
34061|공론
34062|쉬잇
34063|교통경찰
34064|무디다
34065|거적
34066|채봉
34067|여인네
34068|퐁당퐁당
34069|향금
34070|가젤
34071|한음
34072|종두
34073|재생산
34074|리얼리즘
34075|히라가나
34076|투자가
34077|귀농하다
34078|걷어올리다
34079|날갯짓하다
34080|다양화
34081|움트다
34082|섀
34083|유세장
34084|불연
34085|블랙웰
34086|최자
34087|방호
34088|간신
34089|박새
34090|목련
34091|견인
34092|조심조심하다
34093|건면
34094|함축적
34095|디캔팅
34096|저릿하다
34097|구어체
34098|미인계
34099|뒤축
34100|가시마
34101|광종
34102|비어지다
34103|요양하다
34104|양태
34105|혼비백산
34106|다이묘
34107|재잘재잘
34108|묵념하다
34109|동백나무
34110|고르
34111|비견되다
34112|확언하다
34113|개기다
34114|메이슨
34115|배씨
34116|페다
34117|표제
34118|지드
34119|나선
34120|실효
34121|여탕
34122|항행
34123|몰살하다
34124|내손
34125|아스
34126|춘기
34127|귀성객
34128|컬래버하다
34129|타내다
34130|무근
34131|온주
34132|군주제
34133|반감되다
34134|네덜란드어
34135|출토
34136|증설하다
34137|다이쇼
34138|입수되다
34139|우루루
34140|영예롭다
34141|카프
34142|군벌
34143|퇴색하다
34144|괴기스럽다
34145|습관화되다
34146|맴맴
34147|동접
34148|노성
34149|레닌
34150|하복부
34151|원어
34152|비아냥대다
34153|평안남도
34154|우량
34155|주례사
34156|존치
34157|그거참
34158|집락
34159|팸
34160|노후되다
34161|장렬하다
34162|취급당하다
34163|실학
34164|연성
34165|모근
34166|델라웨어
34167|땡모반
34168|날쌘돌이
34169|속가
34170|금일봉
34171|촉진되다
34172|딩동댕동
34173|멈칫거리다
34174|중수
34175|지니
34176|모노라인
34177|파시즘
34178|맏딸
34179|다루
34180|클럽스
34181|영겁
34182|디그
34183|탈
34184|질세
34185|호른
34186|진전시키다
34187|비조
34188|큐티클
34189|갈음하다
34190|그리즐리
34191|수학하다
34192|데시마
34193|당혹
34194|도피성
34195|배기량
34196|폭렬
34197|선망하다
34198|비교당하다
34199|신봉자
34200|발버둥질
34201|미야
34202|착취당하다
34203|주홍빛
34204|할렘
34205|기숙
34206|탈구
34207|크루저
34208|응고
34209|타결하다
34210|꺼뜨리다
34211|본거지
34212|물때
34213|새끼발가락
34214|아대
34215|소애
34216|고주망태
34217|청경
34218|하스
34219|논외
34220|주게
34221|주유하다
34222|요청서
34223|진모
34224|디오니소스
34225|짙푸르다
34226|좌지우지
34227|칩거
34228|상비약
34229|만만히
34230|잡신
34231|야키
34232|껌뻑
34233|마일리
34234|첫소리
34235|해풍
34236|까뒤집다
34237|몸동작
34238|쪼이다
34239|놉다
34240|잠원동
34241|돌봄
34242|덕장
34243|영랑
34244|린즈
34245|차오
34246|웨이스트
34247|옻칠
34248|연소하다
34249|혼례복
34250|운발
34251|행선
34252|참관인
34253|직함
34254|띵띵
34255|새근거리다
34256|그름
34257|무기질
34258|정보망
34259|디캔터
34260|가석방되다
34261|바짓단
34262|닫아걸다
34263|규동
34264|예금하다
34265|다각화
34266|시직
34267|비화하다
34268|음부
34269|헤드뱅잉
34270|전위
34271|돌려쓰다
34272|땡그랑
34273|명명
34274|봉연
34275|벌타
34276|차곡
34277|벽돌집
34278|북항
34279|무슈
34280|우렁이
34281|허언
34282|시각화하다
34283|로고스
34284|집적거리다
34285|해유
34286|것치다
34287|세뇌시키다
34288|입시생
34289|민스크
34290|화조
34291|대성하다
34292|공표되다
34293|자리매김
34294|민노총
34295|염라
34296|다도
34297|하방
34298|청포도
34299|파토
34300|대규
34301|작고하다
34302|세일즈맨
34303|베이지
34304|설이
34305|방심위
34306|돌길
34307|이맘
34308|찬투
34309|재덕
34310|낙차
34311|레슨하다
34312|서사적
34313|전소
34314|미리내
34315|스틱스
34316|미끌거리다
34317|포식하다
34318|준행하다
34319|주입시키다
34320|친위대
34321|데데다
34322|정나미
34323|입소
34324|폐원
34325|해은
34326|무질서
34327|봉분
34328|대흥
34329|사카린
34330|각인하다
34331|대운
34332|싸다구
34333|사정사정하다
34334|이피디
34335|구경나다
34336|양각
34337|새살
34338|판이하다
34339|프리깃
34340|그러데이션
34341|정형
34342|무의미
34343|패스포트
34344|금연하다
34345|홀몸
34346|고무찰흙
34347|단두대
34348|양치질하다
34349|놋그릇
34350|추레하다
34351|홍문
34352|재도전하다
34353|프로이센
34354|보고타
34355|첨벙거리다
34356|경거망동하다
34357|물어내다
34358|정심
34359|팍스
34360|파타고니아
34361|펄럭펄럭
34362|몽상가
34363|찌르르
34364|통원
34365|소승
34366|뿌염
34367|가쉬
34368|깝
34369|재집권
34370|왈라비
34371|용감히
34372|극단주의자
34373|폴리페놀
34374|해동하다
34375|과적
34376|홀딩
34377|성기다
34378|휴가비
34379|고화질
34380|트웨인
34381|리미터
34382|높이높이
34383|가례
34384|고랭지
34385|새근새근
34386|거봉
34387|비실비실하다
34388|목축
34389|견인되다
34390|플러시
34391|흉부
34392|백곰
34393|조동아리
34394|도네츠크
34395|서계
34396|의존성
34397|모터보트
34398|흥망성쇠
34399|굴종
34400|좌우간
34401|차력
34402|멸균
34403|으슬으슬
34404|공기층
34405|들불
34406|기사화
34407|아이섀도
34408|억압적
34409|씨푸드
34410|프레데터
34411|미노스
34412|닉슨
34413|고고학적
34414|반합
34415|경선하다
34416|대방
34417|저자세
34418|폴란드어
34419|노린재
34420|엄폐
34421|덤벙대다
34422|비틀대다
34423|뇌까리다
34424|노다
34425|달랑달랑
34426|오케이
34427|창정
34428|담금질
34429|통치권
34430|미크로네시아
34431|검신
34432|여드레
34433|소화액
34434|푼수
34435|툴루즈
34436|경질되다
34437|산사
34438|틸트
34439|노보
34440|술래잡기하다
34441|혼외
34442|출몰
34443|빗맞다
34444|흉몽
34445|단세포
34446|수궁가
34447|쇼콜라티에
34448|공인하다
34449|겁탈하다
34450|손님맞이
34451|허가제
34452|시식회
34453|배어들다
34454|고유어
34455|맹독성
34456|염려스럽다
34457|따숩다
34458|홍지
34459|양자택일
34460|팔렘방
34461|밑판
34462|라이거
34463|굴착
34464|비딩
34465|악마적
34466|필라멘트
34467|이관하다
34468|존귀
34469|리프레쉬
34470|핀리
34471|가열
34472|특기생
34473|들풀
34474|훌러덩
34475|땅덩이
34476|자칭하다
34477|단촐하다
34478|바사
34479|생명수
34480|새마을호
34481|절정기
34482|잠꼬대하다
34483|매춘
34484|난봉꾼
34485|순대
34486|콜렉터
34487|스펙타클하다
34488|광주시장
34489|반평생
34490|상면
34491|클라이막스
34492|긴소매
34493|복중
34494|홉스
34495|그로밋
34496|슈바이처
34497|생산물
34498|베리에이션
34499|철옹성
34500|재투표
34501|선행하다
34502|하숙생
34503|태평
34504|총총히
34505|광현
34506|변태적
34507|뒷걸음
34508|기암괴석
34509|가늠
34510|고양되다
34511|주야장천
34512|고슬고슬하다
34513|코밑
34514|의령
34515|역치
34516|능욕
34517|아기자기
34518|시저스
34519|다크초콜릿
34520|병합되다
34521|공의롭다
34522|테스팅
34523|아웃트로
34524|바커
34525|엄수
34526|집결지
34527|투자액
34528|임관하다
34529|그림엽서
34530|도스토옙스키
34531|에이커
34532|안정화하다
34533|어깃장
34534|예스럽다
34535|조향
34536|비하
34537|말소되다
34538|인용문
34539|발색되다
34540|평단
34541|갤리
34542|문관
34543|콘클라베
34544|강성하다
34545|인복
34546|조운
34547|개발업자
34548|그로
34549|차내
34550|접선하다
34551|문벌
34552|소급하다
34553|헛걸음하다
34554|월대
34555|페이즐리
34556|바스트
34557|공역
34558|퇴폐
34559|아칭
34560|재봉
34561|전천후
34562|헨미
34563|섯
34564|분쇄
34565|찡찡대다
34566|두리번두리번
34567|수은주
34568|기술직
34569|복음서
34570|온건파
34571|잡숫다
34572|난파되다
34573|절충하다
34574|영풍
34575|메가와트
34576|엄동설한
34577|목적성
34578|애교스럽다
34579|그런
34580|보관함
34581|칼리파
34582|강공
34583|가품
34584|분사되다
34585|플랫포밍
34586|달싹거리다
34587|양반다리
34588|멸치
34589|염병하다
34590|곤두박질하다
34591|하이젠베르크
34592|세입
34593|지대
34594|식객
34595|로그아웃하다
34596|승탁
34597|끼룩
34598|역사성
34599|사돈어른
34600|역외
34601|신방
34602|들썩들썩
34603|뽀득뽀득
34604|고혹적
34605|널뛰다
34606|장도리
34607|찰칵찰칵
34608|무보수
34609|파종
34610|평신도
34611|바라쿠다
34612|뱃가죽
34613|슛하다
34614|아문센
34615|로터
34616|매표
34617|망가
34618|새대가리
34619|명마
34620|찌그러뜨리다
34621|오곡밥
34622|엿장수
34623|장차다
34624|글리세린
34625|다이옥신
34626|삐거덕
34627|조은
34628|샤인머스켓
34629|은신하다
34630|멕이다
34631|어폐
34632|고척
34633|질겅질겅
34634|군위
34635|기사화되다
34636|넘사
34637|눈물짓다
34638|수보리
34639|안정하다
34640|윤경
34641|흉곽
34642|바이커
34643|요사스럽다
34644|갤런
34645|루어
34646|난양
34647|우렁
34648|발붙이다
34649|비흡연자
34650|손날
34651|이리되다
34652|단념
34653|함덕
34654|쿨럭거리다
34655|군현
34656|학제
34657|차출하다
34658|근낭
34659|너끈히
34660|급유
34661|포뮬라
34662|부지불식간
34663|탈곡기
34664|악상
34665|강시
34666|진완
34667|분투
34668|다정히
34669|화톳불
34670|승급하다
34671|헛기침하다
34672|변절자
34673|벌교
34674|전축
34675|뭬
34676|선별되다
34677|기문
34678|고깝다
34679|항법
34680|화룡
34681|배임
34682|순조
34683|라섹
34684|위전
34685|교미
34686|하유
34687|흉보다
34688|저어
34689|부거
34690|카잔
34691|창간되다
34692|암놈
34693|퇴적층
34694|실거주하다
34695|치렁치렁하다
34696|안건
34697|개업식
34698|여상
34699|들볶다
34700|아직껏
34701|청신호
34702|튜바
34703|쪼글쪼글하다
34704|리터치
34705|태황태후
34706|후환
34707|표지
34708|바이너리
34709|작은누나
34710|시서화
34711|포진
34712|응속
34713|라만차
34714|비리다
34715|간땡이
34716|복심
34717|히비스커스
34718|이완시키다
34719|암반
34720|만수무강하다
34721|꼬질꼬질
34722|코르티솔
34723|카파
34724|주립
34725|일리노이주
34726|핵종
34727|도굴꾼
34728|강매
34729|글루
34730|무덤가
34731|다시없다
34732|이블
34733|산술적
34734|해금되다
34735|우글우글
34736|곰국
34737|고학력
34738|생활공간
34739|고레
34740|부재하다
34741|권모
34742|큐리
34743|랩퍼
34744|방종
34745|박식하다
34746|뉴잉글랜드
34747|하늘거리다
34748|꺽다리
34749|살모사
34750|만리경
34751|등지다
34752|애트우드
34753|최종심
34754|도긴개긴
34755|동짓날
34756|스카우트되다
34757|채취되다
34758|논객
34759|조롱박
34760|점등
34761|흑요석
34762|헛스윙
34763|밀어젖히다
34764|서편
34765|형제애
34766|햇병아리
34767|박봉
34768|천산갑
34769|연시
34770|로케
34771|발화하다
34772|은은히
34773|위배하다
34774|수정체
34775|짭짭하다
34776|비도덕적
34777|고두밥
34778|퇴학시키다
34779|로한
34780|덧칠
34781|음냐
34782|거치적거리다
34783|주목적
34784|학당
34785|봅
34786|불균형하다
34787|자주
34788|춘심
34789|피피티
34790|닭집
34791|오도카니
34792|맞춤
34793|라비올리
34794|임피던스
34795|달랑달랑하다
34796|암송
34797|엎지르다
34798|필사본
34799|용용
34800|되감다
34801|무던히
34802|브라이스
34803|아몰레드
34804|듬성듬성하다
34805|처방되다
34806|영변
34807|제도화
34808|매너리즘
34809|화악
34810|추앙하다
34811|저녁상
34812|토굴
34813|선홍색
34814|쟁취
34815|별루
34816|차압
34817|교수법
34818|외인
34819|추출되다
34820|알은척
34821|투키디데스
34822|방랑하다
34823|간토
34824|프린트되다
34825|오십견
34826|시딩
34827|서거하다
34828|충기
34829|일봉
34830|재교육
34831|자보
34832|접선
34833|저하시키다
34834|레스터
34835|어드바이스
34836|뼛가루
34837|일언반구
34838|입질하다
34839|응분
34840|글로
34841|단약
34842|순응
34843|창동
34844|서화
34845|김부
34846|옻
34847|럭스
34848|위장되다
34849|언락
34850|재연되다
34851|적룡
34852|청승맞다
34853|안서
34854|방풍
34855|불공평
34856|스크럼
34857|불충
34858|벌침
34859|옥동자
34860|리벳
34861|극렬하다
34862|후끈후끈하다
34863|흡기
34864|전도유망하다
34865|전뇌
34866|편서풍
34867|가재
34868|우르릉거리다
34869|승격하다
34870|직제
34871|상품화하다
34872|블랭크
34873|짐수레
34874|분화되다
34875|광덕
34876|몸져눕다
34877|드레
34878|해지되다
34879|단순
34880|테다
34881|앙꼬
34882|비등비등하다
34883|거렁뱅이
34884|주물다
34885|합궁
34886|사암
34887|라흐마니노프
34888|짠순이
34889|천하태평
34890|내벽
34891|삐뚤빼뚤
34892|동세
34893|잡지
34894|오미자
34895|덜컹하다
34896|다가들다
34897|절도사
34898|처세술
34899|자인하다
34900|장렬히
34901|조선어
34902|형평
34903|보양
34904|아침상
34905|분점
34906|실습실
34907|로니
34908|함축하다
34909|미안
34910|근석
34911|획일화되다
34912|우파니샤드
34913|잔심부름
34914|팜파스
34915|시류
34916|삿대질하다
34917|퇴폐적
34918|원만히
34919|에토미데이트
34920|웨스팅하우스
34921|점심밥
34922|수축시키다
34923|극우파
34924|오밀조밀하다
34925|혼기
34926|득실
34927|동차
34928|특권층
34929|졸부
34930|파라핀
34931|원맨쇼
34932|황모
34933|뜯어놓다
34934|으스러뜨리다
34935|민둥산
34936|채비하다
34937|다카르
34938|문특
34939|한용운
34940|병우
34941|가죽끈
34942|모창
34943|똘랑
34944|카바
34945|감회
34946|남이
34947|크레시
34948|기름종이
34949|자연유산
34950|설사약
34951|흰살
34952|부강
34953|텍스
34954|선라이즈
34955|문학가
34956|녹말
34957|모선
34958|멀티플렉스
34959|진강
34960|순환되다
34961|불여일견
34962|선명
34963|물파스
34964|간간하다
34965|정예
34966|등상
34967|위경련
34968|아우토반
34969|쇼펜하우어
34970|어부지리
34971|아저
34972|제원
34973|북적북적
34974|올께
34975|쌈박질
34976|프루프
34977|우는소리
34978|먹어놓다
34979|못질
34980|호박꽃
34981|제창
34982|모범수
34983|굉
34984|두레박
34985|유의
34986|팔랑거리다
34987|늦잠
34988|미화되다
34989|까딱까딱
34990|긴말하다
34991|관용어
34992|비유되다
34993|티보
34994|도도
34995|명승부
34996|일주하다
34997|도리질
34998|싱어
34999|파루
35000|근상
35001|환승역
35002|환복하다
35003|브라이언트
35004|핀트
35005|순미
35006|평론가
35007|문왕
35008|후퇴시키다
35009|샹그릴라
35010|협연하다
35011|우선되다
35012|그러모으다
35013|클로즈업되다
35014|느지막이
35015|성심껏
35016|개회
35017|심부전
35018|애걔
35019|화이트홀
35020|멜라민
35021|렌카
35022|세무서
35023|빈발하다
35024|노랑
35025|명철하다
35026|구가하다
35027|명령조
35028|상미
35029|정원수
35030|후송
35031|윈도
35032|꽃가마
35033|틈새시장
35034|체커
35035|차베스
35036|재웅
35037|풀칠하다
35038|욜다
35039|듄
35040|염산
35041|상이하다
35042|후두
35043|하역
35044|상여
35045|테러하다
35046|단합되다
35047|증진하다
35048|한시바삐
35049|수산업
35050|둘러쓰다
35051|격추되다
35052|시답다
35053|퀴노아
35054|봇짐
35055|탄원
35056|길옆
35057|얼빠
35058|셰이커
35059|관철되다
35060|모기약
35061|노르스름하다
35062|메트로놈
35063|로테르담
35064|헛살다
35065|생새우
35066|낭패하다
35067|츠무기
35068|랴오닝
35069|불감증
35070|국번
35071|차이콥스키
35072|허둥지둥하다
35073|부저
35074|샹송
35075|투르
35076|과신하다
35077|혜산
35078|사마르칸트
35079|마중하다
35080|관조하다
35081|구애하다
35082|소복하다
35083|구토하다
35084|지사장
35085|배불뚝이
35086|오뉴월
35087|심각히
35088|요이치
35089|금서
35090|몽우
35091|밀
35092|스템
35093|엄선되다
35094|뻥끗하다
35095|뽀록나다
35096|홍모
35097|탈무드
35098|거중기
35099|진찰실
35100|투망
35101|말벗
35102|망간
35103|칠리새우
35104|혼쭐내다
35105|귀촌
35106|퐁뒤
35107|블랑코
35108|풀빛
35109|맨하탄
35110|식별되다
35111|바이저
35112|휘도
35113|골인
35114|음률
35115|래드
35116|부득부득
35117|재발견
35118|약진
35119|매그놀리아
35120|디스펜서
35121|왜곡시키다
35122|포이즈
35123|변칙적
35124|오토튠
35125|개폐
35126|중형차
35127|조리다
35128|밴시
35129|고솝다
35130|추켜올리다
35131|그레이하운드
35132|보호종
35133|흐하다
35134|경신
35135|짤랑
35136|실존
35137|산조
35138|나무숲
35139|몰딩
35140|그릿
35141|게슴츠레하다
35142|은덕
35143|권태롭다
35144|미니시리즈
35145|오프화이트
35146|무산시키다
35147|감비아
35148|도버
35149|워째
35150|약소국
35151|위증죄
35152|진배
35153|삭삭
35154|도끼눈
35155|외나무다리
35156|시시껄렁하다
35157|축하연
35158|알마티
35159|난중
35160|동승하다
35161|다블뤼
35162|몬허다
35163|순수익
35164|번역자
35165|양변기
35166|인터셉트
35167|알선
35168|밀스펙
35169|색기
35170|토란
35171|뒤판
35172|배알
35173|배출구
35174|니네
35175|인모
35176|부지런
35177|익살
35178|스피노자
35179|드리블하다
35180|광축
35181|생이별
35182|나오리
35183|쪼매
35184|국헌
35185|아포
35186|항만
35187|거나하다
35188|비스켓
35189|시어링
35190|수놓이다
35191|후루
35192|근언
35193|멍청
35194|완
35195|게거품
35196|가랑이
35197|네오지오
35198|특질
35199|연필꽂이
35200|웅얼웅얼
35201|취중
35202|유유자적
35203|철우
35204|중심점
35205|한날한시
35206|떡대
35207|신비감
35208|외딴곳
35209|푸드덕
35210|적령기
35211|안노
35212|킬킬
35213|인버터
35214|으째
35215|요석
35216|월수
35217|알마
35218|기성복
35219|매무새
35220|데모하다
35221|개코원숭이
35222|파쇄하다
35223|제어되다
35224|회향
35225|야만스럽다
35226|남극해
35227|평발
35228|느타리
35229|이히
35230|가이사
35231|냉정히
35232|궐위
35233|바리깡
35234|태즈메이니아
35235|박진
35236|시너
35237|히키코모리
35238|꺼다
35239|시외
35240|무역상
35241|수공업
35242|불철주야
35243|싱글싱글
35244|소학
35245|지화
35246|형태적
35247|유과
35248|강미
35249|클락
35250|운송비
35251|법제
35252|남우
35253|굴라시
35254|끄덕끄덕하다
35255|역관
35256|사유화
35257|부재
35258|피복
35259|삐끼
35260|우상화
35261|탁구대
35262|낙태하다
35263|욕창
35264|견책
35265|컨버터
35266|입봉
35267|부연하다
35268|마적
35269|진평
35270|지연하다
35271|아뵤
35272|어망
35273|날고기
35274|황금시대
35275|커티스
35276|잠시간
35277|갓난
35278|미세스
35279|배속되다
35280|남아
35281|가스켓
35282|메디치
35283|트렌치
35284|정렬되다
35285|지출액
35286|작용되다
35287|매직펜
35288|청라
35289|균형적
35290|종래
35291|편지하다
35292|산학
35293|소분
35294|가구점
35295|버버리
35296|요람
35297|재유
35298|의국
35299|재정난
35300|액땜
35301|애에
35302|실없이
35303|시기심
35304|구로
35305|다림질하다
35306|유도되다
35307|우글우글하다
35308|특장점
35309|수일
35310|필기체
35311|스윙하다
35312|앨버트로스
35313|러닝셔츠
35314|전깃불
35315|소립자
35316|둥그레지다
35317|우묵하다
35318|톡톡하다
35319|일라
35320|놓여나다
35321|튜너
35322|파르스름하다
35323|득의양양하다
35324|찰싹찰싹
35325|우이
35326|노심초사
35327|차용
35328|버마
35329|완패하다
35330|은둔하다
35331|배턴
35332|판판하다
35333|슬릿
35334|용아
35335|오코노미야끼
35336|옥동
35337|부단하다
35338|반수
35339|비급
35340|기용되다
35341|가이다
35342|로초
35343|지각생
35344|버트
35345|평가단
35346|간이식
35347|운암
35348|병행되다
35349|유린
35350|퇴보
35351|루앙
35352|딸꾹질하다
35353|중류
35354|나눕다
35355|헬름홀츠
35356|버티컬
35357|에이티
35358|꾸물꾸물
35359|근신하다
35360|공강
35361|끼이다
35362|죽죽
35363|금속제
35364|제안되다
35365|출전시키다
35366|눈자위
35367|도산하다
35368|컴플리트
35369|인공조명
35370|금줄
35371|알집
35372|대상지
35373|백일몽
35374|용인되다
35375|수형
35376|닥터헬기
35377|우적
35378|하달하다
35379|건조물
35380|초긴장
35381|길일
35382|숀
35383|메가
35384|제노바
35385|뚝딱하다
35386|스팽글
35387|명절날
35388|고쳐쓰기
35389|몽이
35390|도요토미
35391|괘씸죄
35392|연탄가스
35393|경호실
35394|결박되다
35395|위법적
35396|좌절시키다
35397|값나가다
35398|화전
35399|황주
35400|통역관
35401|아이젠하워
35402|아쿠아리스트
35403|덤핑
35404|안즈다
35405|호젓하다
35406|고변
35407|서브프라임
35408|기달리다
35409|부들거리다
35410|수부지
35411|초랭이
35412|에스파냐
35413|매죽헌
35414|용진
35415|바오바브나무
35416|계몽주의
35417|국내법
35418|브레인스토밍
35419|수치화하다
35420|목간
35421|유인물
35422|작열하다
35423|상부상조
35424|배춧잎
35425|아브라카다브라
35426|극악하다
35427|응석받이
35428|사바나
35429|보니
35430|달착지근하다
35431|공천되다
35432|축약하다
35433|어버버
35434|방사형
35435|수맥
35436|소외시키다
35437|삼용
35438|빈병
35439|현동
35440|아나필락시스
35441|그슬리다
35442|탈진
35443|구텐베르크
35444|나들이하다
35445|불사신
35446|쭈쭈
35447|붙어살다
35448|창설
35449|브로드
35450|짜치다
35451|검출하다
35452|케레스
35453|양지바르다
35454|뱅글
35455|스리슬쩍
35456|노르딕
35457|사근사근하다
35458|서브스턴스
35459|강모
35460|나차다
35461|삐끗
35462|멜라스
35463|기말시험
35464|브리오슈
35465|유업
35466|불가침
35467|재조명하다
35468|동고동락하다
35469|사주팔자
35470|밤눈
35471|사피
35472|고년
35473|기차놀이
35474|산당
35475|가버나움
35476|부쉬
35477|잔망
35478|땅문서
35479|쇠뿔
35480|양미리
35481|아발
35482|비가다
35483|뮤즐리
35484|헙다
35485|생산비
35486|킴벌리
35487|결원
35488|이달고
35489|토마토케첩
35490|출궁하다
35491|송축하다
35492|황가
35493|무궁하다
35494|병법
35495|관용적
35496|진배없다
35497|조밀하다
35498|응아
35499|당구공
35500|뜬소문
35501|굽신거리다
35502|뜨끈뜨끈
35503|흰동가리
35504|문자열
35505|건강미
35506|맨티스
35507|명지
35508|노정
35509|봄나물
35510|미혹
35511|어질다
35512|보슈
35513|재임하다
35514|너절하다
35515|검은깨
35516|선황
35517|복사되다
35518|헌팅하다
35519|우량주
35520|돈독
35521|북진하다
35522|핏속
35523|초강대국
35524|바래보다
35525|안경잡이
35526|홀러웨이
35527|장의
35528|베갯잇
35529|불끈불끈
35530|광섬유
35531|신채호
35532|먼젓번
35533|스털링
35534|맹탕
35535|원덕
35536|오만방자하다
35537|복붙하다
35538|귀녀
35539|홍두깨
35540|복직시키다
35541|땡잡다
35542|짓뭉개다
35543|딸깍거리다
35544|허접
35545|오도독
35546|아스라이
35547|고프코어
35548|우천
35549|대전제
35550|도취하다
35551|집약적
35552|사할린
35553|분갈이
35554|그따구
35555|갑절
35556|결투하다
35557|질퍽하다
35558|스타일러스
35559|곱슬곱슬하다
35560|친칠라
35561|산주
35562|여하
35563|주토피아
35564|단백
35565|연기파
35566|양현
35567|이채롭다
35568|날수
35569|한곡
35570|달디달다
35571|농법
35572|우스터
35573|구민
35574|전마
35575|불신자
35576|위스콘신주
35577|엎드려뻗치다
35578|온오프
35579|규피
35580|헤임달
35581|듣보
35582|날조하다
35583|겸임하다
35584|페레
35585|바이애슬론
35586|휘돌다
35587|안씨
35588|대졸자
35589|떼찌
35590|뻥긋
35591|행주산성
35592|간질거리다
35593|차터
35594|강원특별자치도
35595|변성
35596|아트홀
35597|얻어보다
35598|사재기하다
35599|영양식
35600|양아
35601|낸드
35602|추서하다
35603|성취되다
35604|프란체스카
35605|온누리
35606|곗돈
35607|투고하다
35608|용두사미
35609|뭉근하다
35610|배동
35611|국위
35612|군수품
35613|오랑
35614|마음고생하다
35615|주절거리다
35616|금기시되다
35617|청국
35618|진폭
35619|몬태나
35620|팬트리
35621|식수대
35622|비스틀리
35623|비등하다
35624|헛일
35625|픽픽
35626|건무
35627|추징하다
35628|모욕당하다
35629|생로병사
35630|빽빽
35631|결행하다
35632|홍탕
35633|후두부
35634|망조
35635|실선
35636|연보랏빛
35637|프로그
35638|건들거리다
35639|부목
35640|여여하다
35641|디핑
35642|서양화
35643|증손자
35644|사감
35645|물고문
35646|티그
35647|단순화되다
35648|이동휘
35649|쾌변
35650|성냥팔이
35651|실성
35652|균등
35653|언어학
35654|푸념하다
35655|긴박감
35656|식생
35657|석차
35658|불여우
35659|잠귀
35660|카모마일
35661|무라타
35662|즐다
35663|패러데이
35664|기술되다
35665|서시
35666|수라
35667|디오게네스
35668|미포
35669|성불하다
35670|찰랑찰랑하다
35671|우경화
35672|짜
35673|초중고등학교
35674|상동
35675|요릿집
35676|개입시키다
35677|유포리아
35678|바른쪽
35679|롱런하다
35680|가르
35681|광둥
35682|벙긋거리다
35683|가을볕
35684|가십거리
35685|꽃대
35686|팔랑
35687|차입
35688|역하다
35689|유바
35690|강봉
35691|개사하다
35692|만수무강
35693|원두막
35694|구질구질
35695|이분법
35696|격통
35697|아메바
35698|애늙은이
35699|태닝하다
35700|애너하임
35701|참답다
35702|막강
35703|시강
35704|문둥이
35705|억세다
35706|경극
35707|아모레
35708|아사하다
35709|지어
35710|발간
35711|황폐화
35712|아이다
35713|베누
35714|전입하다
35715|왓카나이
35716|나투다
35717|태학
35718|에스엠
35719|겉껍질
35720|후퍼
35721|이민족
35722|아수라
35723|오니기리
35724|자칼
35725|탐구심
35726|농담조
35727|실용주의
35728|굴절되다
35729|멕
35730|꼬끄
35731|둥이
35732|항아
35733|돈방석
35734|통령
35735|기대주
35736|노회
35737|변신술
35738|풍악
35739|워셔액
35740|감압
35741|에어록
35742|권변
35743|홀짝홀짝
35744|박용
35745|댓돌
35746|서성이다
35747|내년도
35748|미장센
35749|새겨듣다
35750|연갈색
35751|아삽
35752|커크
35753|고신
35754|농단
35755|출자하다
35756|디트
35757|손님상
35758|희소하다
35759|커스틴
35760|걸출하다
35761|너굴다
35762|미혹되다
35763|건내
35764|비죽거리다
35765|축이다
35766|환산
35767|춘분
35768|검수하다
35769|신점
35770|산실
35771|음마
35772|소아
35773|내규
35774|카레이서
35775|여중
35776|성공리
35777|음담패설
35778|쭉정이
35779|물컹물컹하다
35780|지근거리
35781|일월오봉도
35782|납득되다
35783|안이
35784|하룻강아지
35785|디밍
35786|김상만
35787|재고량
35788|임펄스
35789|전전긍긍
35790|가산
35791|기보
35792|향취
35793|그라탱
35794|담대히
35795|엡실론
35796|포복
35797|숯덩이
35798|창부
35799|오대양
35800|그란디
35801|비니
35802|화훼
35803|고대사
35804|엄숙히
35805|만화경
35806|뿌드득
35807|트레인
35808|모계
35809|투하되다
35810|고덕
35811|탁류
35812|고루고루
35813|혹여
35814|동지애
35815|퇴
35816|사르다
35817|오피
35818|탁아
35819|여자관계
35820|머뭇대다
35821|출조
35822|에구머니나
35823|가자
35824|지진파
35825|해괴망측하다
35826|쇳가루
35827|러브호텔
35828|객원
35829|플라토닉
35830|발가벗기다
35831|두서없다
35832|사회상
35833|무효화하다
35834|미타
35835|혼용하다
35836|차이다
35837|청출어람
35838|거석
35839|빚내다
35840|초혼
35841|외조모
35842|분침
35843|휴머니즘
35844|무용가
35845|증오스럽다
35846|할당
35847|울고불고하다
35848|터득
35849|몽당연필
35850|그믐달
35851|강간당하다
35852|담쟁이
35853|유빙
35854|냉매
35855|실오라기
35856|과소평가
35857|개표소
35858|실점하다
35859|기표
35860|타이난
35861|캘리그래피
35862|주인아주머니
35863|유수하다
35864|이중고
35865|쉭쉭
35866|노량
35867|콤팩트
35868|세척력
35869|무라
35870|제휴하다
35871|기화
35872|미감
35873|집짓기
35874|잔주름
35875|전복시키다
35876|진봉
35877|핵보유국
35878|베인
35879|워크스테이션
35880|슬랩스틱
35881|암행
35882|모그
35883|피츠
35884|하르방
35885|교살
35886|에인절
35887|수봉
35888|세츄레이션
35889|종석
35890|나포
35891|친미
35892|말허리
35893|파이썬
35894|기절초풍하다
35895|진단되다
35896|점멸하다
35897|김좌진
35898|다운하다
35899|발바리
35900|따끔따끔
35901|고부
35902|포르말린
35903|치뜨다
35904|거절되다
35905|막돼먹다
35906|방목
35907|편취하다
35908|체크되다
35909|제화
35910|운집하다
35911|얼빡
35912|모병
35913|탄막
35914|진세
35915|정물화
35916|강태공
35917|심약하다
35918|재관
35919|기형아
35920|전자오락
35921|타다닥
35922|촙
35923|슈링크플레이션
35924|애독자
35925|격무
35926|동청
35927|흐리멍텅하다
35928|특별시
35929|고저
35930|내한하다
35931|평등권
35932|재승
35933|섞박지
35934|시사점
35935|격분
35936|표독스럽다
35937|삼라만상
35938|해촉
35939|악취미
35940|소형화
35941|양위
35942|아홉째
35943|도동
35944|아교
35945|피벗
35946|숙련
35947|개탄스럽다
35948|날치
35949|지성인
35950|아집
35951|여시
35952|마누
35953|따발총
35954|환궁하다
35955|풀무
35956|윗줄
35957|형상화
35958|계수나무
35959|지침서
35960|자선
35961|주홍색
35962|결탁
35963|원물
35964|찌부러지다
35965|탁신
35966|분깃
35967|서걱서걱
35968|울
35969|가물다
35970|코네티컷
35971|비실비실
35972|다구리
35973|견장
35974|나르시스
35975|묵주
35976|반전하다
35977|다모
35978|차표
35979|빨간약
35980|직육면체
35981|귀싸대기
35982|압제
35983|지름
35984|브리딩
35985|배치도
35986|홍당무
35987|포승줄
35988|엉클다
35989|서염
35990|답례하다
35991|체크메이트
35992|탄원하다
35993|비망록
35994|오골계
35995|바투
35996|코메디
35997|머그다
35998|끄덕하다
35999|아무려면
36000|힐난하다
36001|출렁이다
36002|서민적
36003|전가되다
36004|고발인
36005|파리지앵
36006|알사탕
36007|빨래판
36008|아히
36009|상수원
36010|프린스턴
36011|게우
36012|담합하다
36013|시어
36014|뺀질이
36015|말똥말똥하다
36016|파시스트
36017|망연하다
36018|무김치
36019|유착하다
36020|물질하다
36021|쿠스쿠스
36022|군세
36023|매쉬
36024|땡땡하다
36025|들썩들썩하다
36026|재봉사
36027|현판식
36028|히포크라테스
36029|트라이엄프
36030|수사학
36031|허먼
36032|완파하다
36033|재심사
36034|대타협
36035|내야수
36036|소도구
36037|미디안
36038|부성애
36039|압두
36040|남모르다
36041|자말
36042|연체료
36043|슬링
36044|뺑
36045|선규
36046|밀봉되다
36047|고압선
36048|습진
36049|매부리코
36050|선내
36051|가소
36052|솜이불
36053|도륙
36054|값하다
36055|쩡
36056|극상
36057|플랙
36058|아침나절
36059|조우
36060|쩝쩝거리다
36061|안타레스
36062|의붓딸
36063|소한
36064|좍
36065|되새김질하다
36066|직언
36067|주급
36068|릭스
36069|물곰
36070|울림
36071|영끌
36072|벨로키랍토르
36073|산동네
36074|생매장
36075|오함마
36076|미장
36077|아킬레우스
36078|둘째가다
36079|셔링
36080|지칭
36081|옥수
36082|왐마
36083|길조
36084|건주
36085|길하다
36086|흐억
36087|빌립
36088|향냄새
36089|인고
36090|꼬꾸라지다
36091|긱
36092|초병
36093|데스밸리
36094|허수
36095|그리고
36096|희희낙락하다
36097|암매장하다
36098|고단수
36099|표현법
36100|결근하다
36101|어드레스
36102|온양
36103|물어늫다
36104|윈드밀
36105|농축하다
36106|박부
36107|조갯살
36108|사회단체
36109|적대국
36110|살림꾼
36111|애롭다
36112|재모
36113|디아스
36114|이탈자
36115|유임되다
36116|직모
36117|깡다구
36118|신임하다
36119|텐디
36120|재충전하다
36121|영춘
36122|가드닝
36123|찍찍거리다
36124|급조되다
36125|중랑
36126|천하다
36127|갈라보다
36128|껄떡대다
36129|발신하다
36130|나막신
36131|승선
36132|임의적
36133|깨작거리다
36134|타이츠
36135|성인군자
36136|껌껌하다
36137|성마르다
36138|바보스럽다
36139|멜로디언
36140|날인
36141|혼천의
36142|치이
36143|주연하다
36144|리빙스턴
36145|부패되다
36146|필경
36147|하노버
36148|자생
36149|붉으락푸르락하다
36150|지소
36151|수사진
36152|모잘르다
36153|아롬
36154|완창
36155|미케네
36156|쪼르륵
36157|레스트
36158|꼬라박다
36159|준우승하다
36160|전문화
36161|살루키
36162|앵앵
36163|죽염
36164|궤양
36165|수금하다
36166|낱장
36167|전운
36168|하명하다
36169|치마저고리
36170|연탄재
36171|아작아작
36172|신평
36173|가니
36174|신축하다
36175|긁어먹다
36176|비음
36177|무서움
36178|양송이
36179|크라이슬러
36180|끔뻑거리다
36181|치미
36182|제끄다
36183|결산하다
36184|숭배자
36185|갈대숲
36186|추국
36187|트레블
36188|피살
36189|끄달리다
36190|재선거
36191|도적질
36192|덜렁덜렁
36193|캘리포니아산
36194|찡찡
36195|데생
36196|마우스피스
36197|낙점되다
36198|잇새
36199|영광군
36200|꼬봉
36201|턴하다
36202|기웃대다
36203|돌핀
36204|명종
36205|주보
36206|행정권
36207|그러쥐다
36208|오진
36209|기폭
36210|느헤미야
36211|지열
36212|유탄
36213|참어
36214|헌납하다
36215|탄성하다
36216|닦달
36217|돈독히
36218|댕겨오다
36219|사이버스페이스
36220|화이트칼라
36221|톱날
36222|포르테
36223|예약금
36224|가다가
36225|또박또박하다
36226|악필
36227|인지
36228|호골
36229|천착하다
36230|연분홍
36231|간도
36232|디왈리
36233|길라잡이
36234|리거
36235|일취월장하다
36236|마크라메
36237|수매
36238|태스크
36239|결절
36240|토끼다
36241|침잠하다
36242|바가지
36243|생제르맹
36244|입궁
36245|키스톤
36246|페인터
36247|빈익빈
36248|홍위병
36249|봉달
36250|멤논
36251|권력층
36252|과격
36253|프레이밍
36254|째깍거리다
36255|밀항하다
36256|정교사
36257|관습적
36258|신품
36259|안타까움
36260|응용되다
36261|준말
36262|탐라
36263|명회
36264|쓰키다
36265|사유지
36266|우유병
36267|빙붕
36268|게양
36269|빠짝
36270|중탕
36271|목책
36272|부서뜨리다
36273|오쿠
36274|흑미
36275|무료입장
36276|명이
36277|허봉
36278|물동이
36279|올리비에
36280|재개발하다
36281|광업
36282|원안위
36283|데모크리토스
36284|저해
36285|토론되다
36286|검안
36287|걸고넘어지다
36288|플로렌스
36289|몬순
36290|머리글자
36291|득세하다
36292|코멘트하다
36293|베브
36294|발짓
36295|제패
36296|양푼
36297|껌뻑거리다
36298|오래비
36299|꼬리치
36300|돼먹다
36301|월병
36302|전람회
36303|응큼하다
36304|공식화되다
36305|금덩이
36306|번역료
36307|작당하다
36308|아바이
36309|암호문
36310|세모나다
36311|참가시키다
36312|검문검색
36313|거명하다
36314|구불거리다
36315|아레스
36316|지포
36317|소첩
36318|넓적사슴벌레
36319|초조감
36320|양우
36321|척결하다
36322|늘이다
36323|아흐레
36324|장송
36325|들어올리기
36326|드루
36327|명국
36328|건너보다
36329|작작하다
36330|덕트
36331|정교
36332|보신탕
36333|콧볼
36334|무도
36335|상조
36336|선현
36337|부럼
36338|계류장
36339|결자해지
36340|폐결핵
36341|봉긋하다
36342|조현
36343|독립신문
36344|겐
36345|우회로
36346|금번
36347|바구니
36348|텔
36349|집회하다
36350|하대하다
36351|장조
36352|송구
36353|주원인
36354|라발리에
36355|산재하다
36356|청취율
36357|삐쭉
36358|발터
36359|포머
36360|새파래지다
36361|별당
36362|무결하다
36363|사견
36364|사열하다
36365|우어
36366|바둥거리다
36367|경이감
36368|남일
36369|코모도왕도마뱀
36370|줍깅
36371|인과
36372|자위하다
36373|자급자족하다
36374|노령
36375|둥치
36376|힐끗힐끗
36377|하고많다
36378|가장행렬
36379|분배되다
36380|멀뚱하다
36381|정토
36382|러시아워
36383|패륜
36384|배앓이
36385|산보
36386|기재위
36387|날개옷
36388|탐독하다
36389|배분되다
36390|신위
36391|벤딩
36392|동기생
36393|내리뜨다
36394|문종
36395|복합체
36396|호화스럽다
36397|시프
36398|노커
36399|명기
36400|건국되다
36401|크리슈나
36402|애심
36403|이원론
36404|골똘하다
36405|철군
36406|주저리
36407|고수부지
36408|으뜸가다
36409|난롯가
36410|인삼주
36411|횡
36412|부르카
36413|다운그레이드
36414|모체
36415|토털
36416|반목
36417|담뿍
36418|애무하다
36419|근사치
36420|헤게모니
36421|재탕하다
36422|로드스터
36423|연계성
36424|유찰되다
36425|여리다
36426|박혁거세
36427|범우
36428|예행
36429|북면
36430|연체되다
36431|힐긋
36432|망대
36433|투기꾼
36434|벼슬아치
36435|연중무휴
36436|환락
36437|음경
36438|수여
36439|결기
36440|구절판
36441|대관하다
36442|따닥따닥
36443|황명
36444|철공소
36445|발놀림
36446|비어
36447|화부
36448|숑숑
36449|안타다
36450|등원하다
36451|마뜩잖다
36452|깡총깡총
36453|준공하다
36454|부교
36455|기사화하다
36456|억하심정
36457|기시
36458|발발
36459|레더
36460|그록
36461|육갑
36462|발끈
36463|초구
36464|유용성
36465|주산지
36466|벌렁벌렁
36467|울며불며
36468|재창조
36469|김대건
36470|베이식
36471|승화하다
36472|오래달리기
36473|투하
36474|여웅
36475|위궤양
36476|광분하다
36477|출애굽
36478|밸
36479|달칵거리다
36480|청년기
36481|철나다
36482|편중
36483|목가적
36484|별매
36485|내세
36486|구두약
36487|겸사
36488|마티다
36489|해링턴
36490|입실하다
36491|시라소니
36492|필로티
36493|브라만
36494|친선
36495|땅강아지
36496|말속
36497|레자
36498|조비
36499|플라자
36500|관로
36501|오마이스
36502|옥진
36503|양분되다
36504|청원하다
36505|브라켓
36506|깨치다
36507|가부키
36508|박애
36509|분만
36510|길치
36511|서술되다
36512|외다
36513|절편
36514|유야무야
36515|느릅나무
36516|장족
36517|균주
36518|격랑
36519|데이타
36520|단판
36521|철자법
36522|융성하다
36523|지하드
36524|들구
36525|지표면
36526|차석
36527|브레멘
36528|칠칠하다
36529|포름알데히드
36530|야씨
36531|후버
36532|정정당당히
36533|잔혹
36534|섬유소
36535|내역서
36536|서학
36537|귀사
36538|준게
36539|미네르바
36540|의붓어머니
36541|의아스럽다
36542|도가니
36543|훈방
36544|콜카타
36545|해연
36546|개축
36547|통고
36548|만국기
36549|교합
36550|스툴
36551|불임
36552|베트콩
36553|언덕배기
36554|내피
36555|박복하다
36556|요절
36557|지축
36558|호메로스
36559|간만
36560|짝짜꿍
36561|장치하다
36562|크러셔
36563|체킹
36564|무치
36565|크로머
36566|수수깡
36567|분권
36568|토라
36569|뚱딴지같다
36570|세네카
36571|객사하다
36572|슈투트가르트
36573|주별
36574|웨하스
36575|찬석
36576|고속정
36577|속출
36578|두꺼비집
36579|휘청휘청
36580|부의금
36581|하제
36582|후킹
36583|으른
36584|게우다
36585|녹내장
36586|소상하다
36587|성결하다
36588|노약자석
36589|맴매
36590|돌개바람
36591|하코
36592|보강되다
36593|세례명
36594|칩스
36595|입후보하다
36596|복당하다
36597|자복하다
36598|호언장담
36599|마트다
36600|푸줏간
36601|달바
36602|이런
36603|반들거리다
36604|치읓
36605|송달
36606|금편
36607|겸재
36608|소박
36609|스카우터
36610|모탈
36611|키읔
36612|얀
36613|신출귀몰하다
36614|멍멍하다
36615|재동
36616|묽어지다
36617|꺼억
36618|아디스아바바
36619|당질
36620|갈보리
36621|이그
36622|거주지
36623|스코필드
36624|하이난
36625|수신인
36626|디투
36627|톰보이
36628|얼렁
36629|판테온
36630|찝쩍대다
36631|가브리
36632|권위주의적
36633|유실
36634|지히
36635|무가치하다
36636|요령껏
36637|반올림하다
36638|맨들다
36639|남행
36640|나사로
36641|성열
36642|꼬독꼬독하다
36643|발족
36644|뒤뚱
36645|덧없이
36646|밀사
36647|불소
36648|직면
36649|비주
36650|채근
36651|독불장군
36652|십년감수하다
36653|갈빗집
36654|계류되다
36655|비취
36656|낙하
36657|철재
36658|세곡
36659|주크박스
36660|수배되다
36661|요성
36662|트레일
36663|자창
36664|앵초
36665|양추
36666|포어
36667|큰물
36668|피난길
36669|절대다수
36670|설레
36671|대단원
36672|검문하다
36673|재추진하다
36674|은보
36675|소비세
36676|살뜰하다
36677|시의적절하다
36678|권수
36679|언양
36680|이레
36681|척후
36682|멜트다운
36683|비스포크
36684|풍월
36685|객관
36686|바람맞히다
36687|야영객
36688|기거
36689|감형되다
36690|가려하다
36691|트렌트
36692|시들시들하다
36693|공란
36694|니퍼
36695|장난스레
36696|고산
36697|부바
36698|들어먹다
36699|개종하다
36700|초빙
36701|바누아투
36702|재확인
36703|지구라트
36704|함구령
36705|계영
36706|설하다
36707|사모예드
36708|베리다
36709|와하하
36710|탈의
36711|잡목
36712|갑툭튀
36713|압류되다
36714|콩글리시
36715|안전시설
36716|생굴
36717|남씨
36718|나랏빚
36719|특송
36720|얼릉
36721|허구적
36722|철커덕
36723|재조명
36724|막공
36725|차감하다
36726|정기권
36727|각성시키다
36728|국운
36729|소시
36730|매실주
36731|채소밭
36732|터미너스
36733|누보
36734|천진하다
36735|촌수
36736|퉤퉤
36737|오므라들다
36738|매설되다
36739|만둣집
36740|착색되다
36741|뒷거래
36742|입면
36743|조소하다
36744|스코페
36745|폴리백
36746|희선
36747|독해
36748|도검
36749|짠물
36750|승미
36751|속박되다
36752|에스카르고
36753|물장난
36754|협심증
36755|복돌이
36756|거버너
36757|퉁명스레
36758|파릇파릇
36759|소꿉장난
36760|객지
36761|공론화되다
36762|글래머
36763|입점시키다
36764|혼약
36765|간통
36766|적정선
36767|성내다
36768|우등
36769|수취
36770|부총재
36771|인지되다
36772|미혹하다
36773|남녀평등
36774|열중쉬어
36775|캔슬하다
36776|윗머리
36777|상업화
36778|광택제
36779|구에
36780|블러핑
36781|어물거리다
36782|데리야끼
36783|시월
36784|기와지붕
36785|관념적
36786|예금주
36787|놀
36788|트레이서
36789|책보
36790|녹물
36791|파종하다
36792|황성
36793|블루스크린
36794|천신만고
36795|합선
36796|소오름
36797|면식
36798|오싹오싹
36799|휘릭
36800|정반대되다
36801|깨끗히
36802|무구
36803|형성시키다
36804|등쌀
36805|낙점하다
36806|초정
36807|수복하다
36808|한니발
36809|변덕쟁이
36810|작은집
36811|혁혁하다
36812|프루프루
36813|매몰자
36814|양송이버섯
36815|안온하다
36816|네깟
36817|지끈지끈
36818|검진하다
36819|상상화
36820|몬자야키
36821|분류법
36822|실미
36823|처묵다
36824|미사여구
36825|소손
36826|썩어지다
36827|농막
36828|연수
36829|농밀하다
36830|보라빛
36831|지오노
36832|선거철
36833|멱
36834|대해
36835|도굴
36836|리그전
36837|핏줄기
36838|적확하다
36839|차출
36840|일상화
36841|억제시키다
36842|따로
36843|고해
36844|돼지띠
36845|극형
36846|읍소하다
36847|비명횡사
36848|구릉지
36849|판형
36850|로렌츠
36851|진홍
36852|실소하다
36853|참하다
36854|카르타고
36855|호방하다
36856|언년
36857|아릿하다
36858|푸주
36859|혜화
36860|간계
36861|경합하다
36862|스위칭
36863|중간층
36864|노토
36865|찍어대다
36866|보밀
36867|승하차
36868|여독
36869|획책하다
36870|납량
36871|재깍
36872|시스
36873|후리스
36874|미드필드
36875|아키타
36876|패피
36877|쇼킹
36878|찜질하다
36879|절멸
36880|함양하다
36881|국소
36882|화장되다
36883|암내
36884|현피
36885|성수기
36886|국어과
36887|푸팟퐁커리
36888|혼란기
36889|달구
36890|광녀
36891|리사이클링
36892|대물림하다
36893|머리빗
36894|찬기
36895|문맹률
36896|스카치테이프
36897|크리스퍼
36898|수필
36899|그르렁
36900|기사문
36901|풀빵
36902|기니비사우
36903|도급
36904|구구절절하다
36905|스냅백
36906|찰옥수수
36907|나포하다
36908|애드온
36909|차악
36910|띨띨
36911|향락
36912|불모
36913|포스팅하다
36914|뺑뺑
36915|봉오리
36916|레인코트
36917|어르다
36918|탈선
36919|쐐
36920|카펜터
36921|약어
36922|무풍
36923|명승지
36924|반류
36925|승격되다
36926|작은엄마
36927|가불하다
36928|뒤치다꺼리하다
36929|공기총
36930|여위다
36931|주파
36932|모험적
36933|조에
36934|재평가하다
36935|워리
36936|묵상
36937|편먹다
36938|선충
36939|돌려먹다
36940|동승
36941|후레시
36942|이관되다
36943|아파르트헤이트
36944|행여
36945|재건되다
36946|지명도
36947|조종되다
36948|멧
36949|정략
36950|묵례
36951|청원서
36952|구들장
36953|발신
36954|해명되다
36955|도살
36956|연설회
36957|딩딩
36958|어래
36959|송년
36960|속치마
36961|페인트칠하다
36962|라붐
36963|누가하다
36964|여차저차
36965|비관
36966|거냥
36967|일분일초
36968|개화파
36969|다가
36970|신민
36971|꾸덕꾸덕
36972|사이클링
36973|백스
36974|낙방하다
36975|커닝하다
36976|막후
36977|주조하다
36978|황천
36979|출병
36980|각하하다
36981|메종
36982|대용품
36983|호전
36984|루테인
36985|허튼수작
36986|디커플링
36987|띄
36988|철령
36989|또랑또랑하다
36990|호버
36991|용석
36992|커즌
36993|금의환향
36994|광맥
36995|프렌치프라이
36996|짝다리
36997|송글송글
36998|심청전
36999|로보캅
37000|스피드하다
37001|다홍
37002|권면
37003|파쇄
37004|빈껍데기
37005|금지곡
37006|합하
37007|식이
37008|커텐
37009|오룡
37010|청교도
37011|국시
37012|보조원
37013|하면
37014|부영
37015|숙자
37016|단복
37017|빌빌대다
37018|강냉이
37019|총인구
37020|마라케시
37021|황해북도
37022|출결
37023|과히
37024|루갈
37025|음모론자
37026|전동기
37027|잡소다
37028|촉진제
37029|들고일어나다
37030|음행
37031|나뭇결
37032|입후보
37033|심마
37034|바람맞다
37035|빼물다
37036|계획성
37037|소방수
37038|인포테인먼트
37039|주저리주저리
37040|박정하다
37041|총각무
37042|축시
37043|에누리
37044|반삭
37045|오리건주
37046|검은빛
37047|미끄덩하다
37048|만원하다
37049|추접스럽다
37050|군조
37051|빡돌다
37052|종복
37053|뿌수다
37054|신분당선
37055|성묘객
37056|대설
37057|목석
37058|무쇠솥
37059|요지경
37060|건덕지
37061|나긋하다
37062|개불
37063|부끄다
37064|전립선
37065|무지무지하다
37066|댕댕
37067|카악
37068|홉다
37069|결사적
37070|갓난애
37071|송평
37072|격퇴
37073|조총련
37074|미드가르드
37075|부러움
37076|케요네즈
37077|만나
37078|자임하다
37079|메이스
37080|엑스파일
37081|아나
37082|카타콤
37083|장년층
37084|마땅찮다
37085|커다래지다
37086|운명하다
37087|어마하다
37088|소근
37089|문화부
37090|소송비
37091|철천지원수
37092|이퀄
37093|살타
37094|권좌
37095|칸딘스키
37096|보선
37097|하숙하다
37098|간행되다
37099|스라소니
37100|브로마이드
37101|엄격
37102|쌍벽
37103|글리프
37104|과욕
37105|글공부
37106|틀려먹다
37107|신발주머니
37108|비궁
37109|유랑하다
37110|이익금
37111|컨디셔닝
37112|케트
37113|그믐날
37114|마른하늘
37115|개취
37116|발돋움
37117|개회사
37118|늦깎이
37119|고생길
37120|화방
37121|캑캑거리다
37122|복판
37123|우지끈
37124|고액권
37125|난자완스
37126|재구성되다
37127|동맹하다
37128|또박
37129|오이디푸스
37130|홍벽
37131|보말
37132|토사구팽
37133|염치없이
37134|몰입되다
37135|상존하다
37136|노견
37137|시계추
37138|드로
37139|에베소
37140|꾸미
37141|창간호
37142|암술
37143|의약
37144|응고되다
37145|팔라스
37146|피식피식
37147|갯지렁이
37148|크레센트
37149|하야다
37150|되주다
37151|후년
37152|팀웍
37153|크렘린
37154|축제하다
37155|래드클리프
37156|엔간히
37157|강주
37158|미레
37159|금도
37160|덜커덩
37161|북중러
37162|유년
37163|로힝야족
37164|중랑장
37165|초봉
37166|뒤죽박죽되다
37167|짜릿
37168|현대화되다
37169|본판
37170|업하다
37171|백일홍
37172|삐익
37173|세상모르다
37174|인코스
37175|퇴역하다
37176|대사헌
37177|실토
37178|안내인
37179|로제타
37180|사회악
37181|암퇘지
37182|푸코
37183|보리쌀
37184|물세탁
37185|위작
37186|최상품
37187|증평
37188|태구
37189|고관대작
37190|피츠제럴드
37191|남북통일
37192|란포
37193|비잔틴
37194|당선권
37195|담즙
37196|말캉말캉하다
37197|풍자적
37198|석순
37199|중창단
37200|지그
37201|행낭
37202|부정되다
37203|오그던
37204|루미놀
37205|익살맞다
37206|풍성
37207|현시대
37208|알력
37209|무응답
37210|행랑
37211|사면초가
37212|무기물
37213|헝클어뜨리다
37214|인스턴트식품
37215|빠리
37216|숨은그림찾기
37217|갈리
37218|좌선
37219|카운슬러
37220|연등회
37221|헝
37222|카타리나
37223|화현
37224|크라우드펀딩
37225|굽굽
37226|다타다
37227|되바라지다
37228|초내
37229|자전하다
37230|포와
37231|종착점
37232|심도
37233|군자금
37234|옥신각신
37235|멍투성이
37236|꽁하다
37237|느와르
37238|바실리스크
37239|난롯불
37240|촌극
37241|유파
37242|동정표
37243|재정의하다
37244|넷북
37245|펜네
37246|저질스럽다
37247|텍사스산
37248|공진
37249|주루룩
37250|옥타비아
37251|기마
37252|띵동띵동
37253|인삿말
37254|숙직
37255|평행봉
37256|에스콰이어
37257|품사
37258|융기
37259|표준말
37260|거그
37261|레드카드
37262|매생이
37263|용맹스럽다
37264|남양
37265|시놉시스
37266|까슬까슬하다
37267|스태그플레이션
37268|가족적
37269|미소년
37270|봉천
37271|일한
37272|형틀
37273|리콘
37274|시수
37275|따따블
37276|아게
37277|노년기
37278|해리슨
37279|와계
37280|앉은키
37281|말자
37282|초류
37283|엄단하다
37284|기후대
37285|고추잡채
37286|지마
37287|역삼
37288|현인
37289|체외
37290|그렇지만
37291|늙수그레하다
37292|에너자이저
37293|추력
37294|핫픽스
37295|서령
37296|경애하다
37297|인도차이나
37298|소도둑
37299|보행기
37300|민중가요
37301|후숙
37302|추돌
37303|안남
37304|과점
37305|웃음바다
37306|말레이
37307|환노위
37308|숙달하다
37309|토피
37310|과장스럽다
37311|재식
37312|째다
37313|티오
37314|시책
37315|알은체
37316|가입국
37317|명예퇴직
37318|프탈레이트
37319|현격하다
37320|부랑아
37321|팽창되다
37322|돼지머리
37323|체로키
37324|두물머리
37325|관철
37326|결론짓다
37327|와키
37328|블프
37329|워털루
37330|자족하다
37331|휴정하다
37332|슈슈
37333|호출되다
37334|주선자
37335|공명정대하다
37336|기립하다
37337|삽관
37338|교배하다
37339|때찌
37340|장만
37341|유배되다
37342|판자촌
37343|분립하다
37344|강행되다
37345|연표
37346|해록
37347|낭인
37348|편입학
37349|도어스테핑
37350|다행하다
37351|소작인
37352|저물가
37353|시민운동
37354|이혼남
37355|오버헤드
37356|재검
37357|통감
37358|스마
37359|거포
37360|적군
37361|업무하다
37362|군신
37363|저기하다
37364|경옥
37365|페이파
37366|선정성
37367|리큐르
37368|표준국어대사전
37369|라크
37370|망둥어
37371|파죽지세
37372|선민의식
37373|괴질
37374|증대되다
37375|알링턴
37376|수익자
37377|우서리
37378|지린내
37379|윤허
37380|월광
37381|휘경
37382|이실직고하다
37383|해송
37384|선창하다
37385|저주스럽다
37386|명문화하다
37387|회복기
37388|미정사
37389|양곤
37390|배수진
37391|금고형
37392|점화되다
37393|철도망
37394|암모나이트
37395|드높이다
37396|유유자적하다
37397|찬탈하다
37398|동일
37399|외환
37400|세례식
37401|진두지휘
37402|급훈
37403|불건전하다
37404|고속철
37405|화동
37406|중시되다
37407|발파
37408|양친
37409|부정사
37410|응모자
37411|자연수
37412|튀튀
37413|실어증
37414|트로이카
37415|로비하다
37416|넘게다
37417|베이킹파우더
37418|하이쿠
37419|채유
37420|차에다
37421|영득
37422|짤방
37423|음해
37424|조제하다
37425|차징
37426|아이치
37427|불량자
37428|불금
37429|청수
37430|금동
37431|사유화하다
37432|여관방
37433|국구
37434|회갑
37435|에몽
37436|타이중
37437|범아
37438|도의
37439|위중
37440|혼란시키다
37441|윤보
37442|티투스
37443|분신하다
37444|폐부
37445|서부극
37446|제련
37447|알베르티
37448|냉대
37449|방송가
37450|차르
37451|은산
37452|여고
37453|마킹하다
37454|키프로스
37455|몬스테라
37456|리노베이션
37457|삐약삐약
37458|하얀빛
37459|삐죽삐죽하다
37460|철도역
37461|통첩
37462|무박
37463|과당
37464|친국
37465|테이퍼링
37466|현대화하다
37467|회복실
37468|블레인
37469|장도
37470|연분홍색
37471|형형하다
37472|과대망상
37473|샛강
37474|소드락
37475|아스카
37476|회신하다
37477|르비우
37478|경거망동
37479|연관하다
37480|미믹
37481|독화살
37482|문학계
37483|믹스되다
37484|문어체
37485|쫄래쫄래
37486|통탄하다
37487|몰매
37488|안통
37489|바티
37490|의학자
37491|건성건성
37492|바쿠
37493|중도적
37494|바깥양반
37495|산마리노
37496|프리모
37497|렉터
37498|발하
37499|가시방석
37500|사이클론
37501|대청소하다
37502|직박구리
37503|혈혈단신
37504|근조
37505|누트
37506|케르베로스
37507|제창하다
37508|재방
37509|평안도
37510|카툭튀
37511|필리프
37512|면보
37513|궁체
37514|계수하다
37515|뒤샹
37516|게코
37517|훈풍
37518|전용하다
37519|관용구
37520|박두
37521|똥값
37522|세련미
37523|헝클다
37524|호세아
37525|알거지
37526|아하다
37527|탄생석
37528|노신
37529|도량형
37530|모사하다
37531|소쩍새
37532|매점매석
37533|천고마비
37534|돈키
37535|초비상
37536|선연하다
37537|축출하다
37538|약탈당하다
37539|정도하다
37540|호롱불
37541|캐넌
37542|말아지다
37543|포치
37544|음수
37545|하야하다
37546|토끼풀
37547|햅쌀
37548|방목하다
37549|동문서답
37550|출고하다
37551|나붙다
37552|권씨
37553|격심하다
37554|손도장
37555|잡풀
37556|인터체인지
37557|사보나롤라
37558|케인스
37559|찔끔하다
37560|사냥
37561|접종되다
37562|똘망똘망
37563|일망타진하다
37564|선호되다
37565|밋
37566|병폐
37567|로렐라이
37568|약용
37569|신록
37570|재개발되다
37571|밍
37572|다림
37573|멸공
37574|편광
37575|유리그릇
37576|조가비
37577|주크
37578|미관상
37579|밀짚
37580|영생하다
37581|도읍지
37582|오공주
37583|정절
37584|몽고반점
37585|조감도
37586|승강구
37587|홍색
37588|팔각형
37589|마이그레이션
37590|키핑
37591|아래다
37592|따끄다
37593|줄넘기하다
37594|눌다
37595|통솔력
37596|협의되다
37597|성실성
37598|크랭크
37599|기두
37600|청계
37601|언문
37602|근해
37603|수세식
37604|접속되다
37605|미니버스
37606|젖줄
37607|은박
37608|살가죽
37609|기요틴
37610|융화
37611|땡그랗다
37612|면사포
37613|잡탕
37614|소프트아이스크림
37615|발음되다
37616|매혹시키다
37617|분석력
37618|뭉그러지다
37619|안배하다
37620|작전하다
37621|운계
37622|휘감기다
37623|프레즐
37624|스피노사우루스
37625|괴식
37626|하타
37627|격려금
37628|갓파
37629|헤링본
37630|서브컬처
37631|검투
37632|킵다
37633|무이자
37634|고취하다
37635|엄정히
37636|타성
37637|크로네
37638|디아스포라
37639|짜깁기하다
37640|여의사
37641|낯부끄럽다
37642|각색되다
37643|대관절
37644|남두
37645|쫑긋하다
37646|회성
37647|돌아들다
37648|두둑
37649|금제
37650|소각로
37651|갈리아
37652|거무죽죽하다
37653|짝짓기하다
37654|낼
37655|골반뼈
37656|기흥
37657|요추
37658|취사장
37659|험프리
37660|롱런
37661|테네시주
37662|아르케
37663|협력체
37664|짱뚱어
37665|들이받히다
37666|호방
37667|땀내
37668|모데다
37669|살신성인
37670|희화화하다
37671|동트다
37672|메사
37673|책봉되다
37674|스쿼시
37675|가세
37676|교화하다
37677|데칼
37678|부촌
37679|아용
37680|헥헥
37681|기카다
37682|버금
37683|혼마
37684|요사이
37685|동호인
37686|오후반
37687|낙장불입
37688|망망하다
37689|신기다
37690|옮아가다
37691|무지렁이
37692|바위섬
37693|빈둥빈둥
37694|황기
37695|황변
37696|고운
37697|레터러
37698|안지다
37699|좇아가다
37700|발몽
37701|지리멸렬하다
37702|앤터니
37703|도탄
37704|감금당하다
37705|프로젝션
37706|빈사
37707|플레처
37708|꼬나보다
37709|엊저녁
37710|큼큼
37711|공비
37712|안락
37713|문어발
37714|좌지우지되다
37715|하장
37716|부시시하다
37717|탁아소
37718|시므온
37719|돌체
37720|죄책
37721|지천명
37722|죄상
37723|답답다
37724|환수되다
37725|수령액
37726|섣달
37727|이산
37728|두말없이
37729|후백제
37730|합세
37731|쿵쾅대다
37732|반신반의
37733|일신
37734|나팔수
37735|협
37736|확증하다
37737|원규
37738|가다랑어
37739|아방가르드
37740|당선하다
37741|감소율
37742|문익점
37743|완독
37744|포슬포슬
37745|원디
37746|젓
37747|암홀
37748|섬찟하다
37749|에페
37750|우드워드
37751|토퍼
37752|체불
37753|새초롬하다
37754|절룩거리다
37755|왱
37756|결부시키다
37757|페
37758|우두둑거리다
37759|율무
37760|뒤범벅
37761|선봉장
37762|우청
37763|뻔
37764|몸보신하다
37765|태을
37766|위구르
37767|룹
37768|세습하다
37769|미관
37770|떡메
37771|사색하다
37772|격양되다
37773|버
37774|어중이떠중이
37775|계룡
37776|반려되다
37777|기혼
37778|마젤란
37779|양식하다
37780|금호
37781|선진적
37782|홍경래
37783|풀피리
37784|뇌사자
37785|무단결근
37786|후덜덜
37787|뜨개질하다
37788|화평하다
37789|당연시하다
37790|수결
37791|다도해
37792|탈리아
37793|양심선언
37794|생활문화
37795|길리
37796|니시하라
37797|옥쇄
37798|폐위되다
37799|명숙
37800|항고하다
37801|정당하다
37802|정좌하다
37803|퇴실하다
37804|홍운
37805|뜨끔
37806|꼬깃꼬깃
37807|말객
37808|아우구스투스
37809|뜻풀이
37810|묵시
37811|솔트레이크시티
37812|동일시
37813|서글퍼지다
37814|취항하다
37815|잔망스럽다
37816|강식
37817|완결성
37818|딴마음
37819|평북
37820|까까머리
37821|찰칵하다
37822|의체
37823|정배
37824|개량형
37825|억척스럽다
37826|토스하다
37827|즉결
37828|체계화하다
37829|오독오독하다
37830|수군수군
37831|옥분
37832|영농
37833|갓갓
37834|삼남
37835|허여멀겋다
37836|배팅하다
37837|환갑잔치
37838|약정하다
37839|치환하다
37840|곁다리
37841|약화하다
37842|통화되다
37843|사르데냐
37844|산출되다
37845|동북부
37846|이어다
37847|기가헤르츠
37848|정복당하다
37849|출장소
37850|불그레하다
37851|수렴되다
37852|셀로판지
37853|함락하다
37854|사프란
37855|휘발윳값
37856|들쭉날쭉
37857|순항하다
37858|여세
37859|울려오다
37860|징집되다
37861|상서롭다
37862|몸싸움하다
37863|쥐어패다
37864|참모습
37865|칠링
37866|우택
37867|파행하다
37868|과소
37869|정비공
37870|차올리다
37871|경쟁국
37872|진박
37873|나포되다
37874|초자연
37875|혼쭐나다
37876|신어
37877|상승되다
37878|은퇴자
37879|상규
37880|상행선
37881|차음
37882|서걱
37883|청순
37884|아득바득
37885|난독증
37886|괴상망측하다
37887|타도
37888|자바리
37889|꼬들꼬들
37890|당청
37891|피처
37892|자쿠
37893|케이콘
37894|깐쇼새우
37895|마가린
37896|감개
37897|숙청하다
37898|인간문화재
37899|인디애나폴리스
37900|의기양양
37901|사슴뿔
37902|엘도
37903|폐장
37904|아이거
37905|추동하다
37906|농토
37907|마끼
37908|다독
37909|속주
37910|금정
37911|별거하다
37912|웅얼대다
37913|아이온
37914|예친왕
37915|반질반질
37916|이민국
37917|재논의하다
37918|챙챙
37919|영어하다
37920|게송
37921|제로섬
37922|폭죽놀이
37923|주택지
37924|포집하다
37925|앞자락
37926|라그랑주
37927|피그말리온
37928|탬파
37929|빌빌거리다
37930|발전사
37931|무죄하다
37932|오판하다
37933|저주파
37934|단발성
37935|바로미터
37936|작음
37937|오언
37938|공식화
37939|반추
37940|위반자
37941|방차
37942|귀가시키다
37943|펑키
37944|사노
37945|비슈누
37946|포트와인
37947|자조하다
37948|별따기
37949|가르랑거리다
37950|월매
37951|지중
37952|하카
37953|고카트
37954|이베리아
37955|능란하다
37956|시큰거리다
37957|속박하다
37958|병부
37959|돈벌레
37960|수계
37961|트라이애슬론
37962|하사관
37963|꼭두
37964|국가유산
37965|모본
37966|왈
37967|석수
37968|노동권
37969|뜻대로
37970|앙금
37971|놈팡이
37972|텡
37973|진명
37974|익사체
37975|우당탕거리다
37976|하구핏
37977|패인
37978|부용
37979|윤리학
37980|순백색
37981|끓는점
37982|서라벌
37983|갈륨
37984|조련하다
37985|뒹굴뒹굴하다
37986|내들다
37987|악업
37988|강하하다
37989|난립하다
37990|중희
37991|바라다보다
37992|중추적
37993|사각거리다
37994|깁다
37995|열대야
37996|정진
37997|상봉하다
37998|우쒸
37999|노승
38000|샌안토니오
38001|아이히만
38002|츠다
38003|배추흰나비
38004|타란툴라
38005|주술적
38006|머시
38007|동복
38008|도깨비방망이
38009|샌디에이고
38010|불기소하다
38011|언밸런스하다
38012|독점권
38013|볼리바르
38014|곤혹
38015|여공
38016|고차원
38017|감격적
38018|농락
38019|우편함
38020|칠리크랩
38021|새까매지다
38022|뻘겋다
38023|고드윈
38024|궁여지책
38025|식도락
38026|볼드윈
38027|원균
38028|너이
38029|삽목
38030|큐트하다
38031|울돌목
38032|스커드
38033|비화되다
38034|표창하다
38035|간신배
38036|미결수
38037|신경통
38038|꿀렁
38039|짜릿짜릿하다
38040|월령
38041|쭈르륵
38042|아랫마을
38043|위태
38044|별달리
38045|오픽
38046|제위
38047|몽고
38048|탐심
38049|대면
38050|얼매
38051|무타
38052|맞아지다
38053|솔론
38054|지짜다
38055|버니
38056|순매수하다
38057|중보
38058|물공
38059|유열
38060|엘에이
38061|텁수룩하다
38062|대여료
38063|윈치
38064|뒷걸음질하다
38065|여급
38066|짜잘하다
38067|다린
38068|삼고초려
38069|하카마
38070|안데스산맥
38071|꼬순내
38072|석공
38073|봉평
38074|금일
38075|또순이
38076|기림
38077|앞벅지
38078|카산드라
38079|슈트라우스
38080|민
38081|골병
38082|결사대
38083|미모사
38084|성루
38085|채선
38086|이젤
38087|사방치기
38088|뿌시다
38089|팜플렛
38090|백아
38091|개통식
38092|걸러지다
38093|뻐끔뻐끔
38094|학수
38095|빗살무늬
38096|싹둑싹둑
38097|괴뢰
38098|적색경보
38099|시에라리온
38100|함자
38101|리폼하다
38102|능욕하다
38103|연임하다
38104|비르
38105|애자
38106|알뜰살뜰
38107|하문하다
38108|남녘
38109|한스럽다
38110|신시
38111|가감하다
38112|실뜨기
38113|덤덤히
38114|정재
38115|부곡
38116|웅기
38117|이아
38118|장승업
38119|칵칵
38120|후학
38121|전래되다
38122|치와와
38123|시치
38124|안차다
38125|눈싸움하다
38126|의심쩍다
38127|폴리우레탄
38128|팔자걸음
38129|냅
38130|반고
38131|돌연하다
38132|꿰
38133|바이코누르
38134|들고양이
38135|탁상시계
38136|똠얌
38137|빵빵거리다
38138|도룡뇽
38139|대속하다
38140|완독하다
38141|소꼬리
38142|바싹바싹
38143|현남
38144|비평하다
38145|약취
38146|연계시키다
38147|신스틸러
38148|공들다
38149|명필
38150|철면피
38151|선덕
38152|한턱내다
38153|가을걷이
38154|차제
38155|구타당하다
38156|제때제때
38157|생활사
38158|언
38159|탄신
38160|마찰하다
38161|적자생존
38162|점화하다
38163|로컬라이저
38164|계라
38165|미끄러뜨리다
38166|전자시계
38167|내재적
38168|거푸
38169|요란
38170|벽사
38171|요체
38172|율무차
38173|톰프슨
38174|도라이
38175|편평하다
38176|산송장
38177|칼레
38178|내면화하다
38179|육감적
38180|발골
38181|애들레이드
38182|빨대
38183|완충되다
38184|오덕
38185|광폭
38186|마립간
38187|양산되다
38188|벤허
38189|무역항
38190|코라
38191|무용론
38192|옹색하다
38193|남태
38194|체인지업
38195|이숙
38196|회보
38197|학살되다
38198|달아지다
38199|석권
38200|혼방
38201|기럼
38202|폴리에틸렌
38203|본의
38204|토스티
38205|양어깨
38206|레카
38207|시장성
38208|중과
38209|멍키
38210|흘끔흘끔
38211|잔인성
38212|되들다
38213|농번기
38214|구레
38215|피라냐
38216|어드밴티지
38217|문상객
38218|겹겹
38219|경비하다
38220|살처분되다
38221|판막
38222|위위
38223|호장
38224|펀칭
38225|우윳값
38226|모티
38227|대복
38228|편집기
38229|당비
38230|치상
38231|문뜩
38232|면천
38233|알콩달콩하다
38234|탈옥수
38235|단변
38236|이장하다
38237|가누다
38238|부가
38239|황야
38240|있이
38241|집문서
38242|바당
38243|바오밥나무
38244|허배
38245|코타키나발루
38246|방토
38247|몰랑
38248|되야지
38249|진진
38250|예삿일
38251|불공
38252|창제하다
38253|돌이
38254|창립되다
38255|목화솜
38256|이태준
38257|엄명
38258|뒤탈
38259|비약하다
38260|뭇다
38261|요루
38262|백화원
38263|파스퇴르
38264|고어텍스
38265|회전의자
38266|킬킬대다
38267|정복되다
38268|첫돌
38269|군축
38270|쩔쩔
38271|연해주
38272|투표일
38273|활공
38274|안쓰러워하다
38275|출타
38276|은애하다
38277|암캐
38278|붕따우
38279|기술진
38280|글자체
38281|아삭거리다
38282|마송
38283|아웃소싱
38284|휴장
38285|더없다
38286|작은오빠
38287|압축기
38288|불심
38289|반포하다
38290|각층
38291|페트라
38292|대동소이하다
38293|와들와들
38294|똥칠하다
38295|꼴다
38296|삼지연
38297|창안하다
38298|사제지간
38299|상피
38300|쉭쉭거리다
38301|월평
38302|부주석
38303|송금되다
38304|균류
38305|까무룩
38306|숙명적
38307|다말
38308|양계
38309|쓰잘데기없다
38310|말갛다
38311|잠봉뵈르
38312|뽀찌
38313|완등
38314|춘향가
38315|끼리끼리
38316|흥인지문
38317|잔소리꾼
38318|꼬부라지다
38319|에릭슨
38320|전화통
38321|메이플시럽
38322|저녁나절
38323|이민수
38324|이상야릇하다
38325|호머
38326|지청
38327|갈대
38328|무남독녀
38329|콩도르세
38330|흙벽
38331|변모
38332|들락날락거리다
38333|펜실베이니아대
38334|원갓
38335|미완성되다
38336|송충이
38337|덩실
38338|지대하다
38339|권면하다
38340|모범택시
38341|등식
38342|이러나저러나
38343|세팍타크로
38344|탈세하다
38345|스프레드시트
38346|수저통
38347|논리정연하다
38348|마당놀이
38349|칼데라
38350|좌초
38351|수창
38352|핏덩어리
38353|낙마시키다
38354|담쌓다
38355|온풍기
38356|부사어
38357|센카쿠
38358|피셜
38359|얼굴값
38360|헤벌쭉
38361|힐끗거리다
38362|절판되다
38363|우리글
38364|꾀돌이
38365|기밀문서
38366|사내애
38367|팔방미인
38368|제구
38369|알은척하다
38370|까닥하다
38371|최하위권
38372|번창
38373|안개꽃
38374|정면충돌하다
38375|자수정
38376|연소되다
38377|그레나다
38378|일러스트레이션
38379|적막감
38380|별동대
38381|박수무당
38382|확실성
38383|어벙하다
38384|수지맞다
38385|연혁
38386|까꿍이
38387|부쿠레슈티
38388|중추절
38389|뜻있다
38390|가로놓이다
38391|철퍽
38392|농어민
38393|가고
38394|컨슈머
38395|재설정하다
38396|다롄
38397|장준
38398|생크
38399|취합
38400|쌍팔년도
38401|소띠
38402|이애
38403|브론테
38404|분안
38405|바라바
38406|신씨
38407|속보습
38408|중계차
38409|적신호
38410|깜놀하다
38411|인출되다
38412|싱아
38413|테라포밍
38414|어족
38415|서촌
38416|빨래
38417|플레밍
38418|공분하다
38419|세뇌되다
38420|탄도
38421|뻥끗
38422|고도화하다
38423|생과일주스
38424|보증서
38425|박리
38426|명보
38427|타우
38428|친필
38429|차근히
38430|괜시리
38431|소모임
38432|하이루
38433|베틀
38434|증산
38435|보원
38436|미탁
38437|글린트
38438|완비되다
38439|캡스턴
38440|우경
38441|면장
38442|컴팩트
38443|미등
38444|종년
38445|교통질서
38446|가넷
38447|행글라이더
38448|이리듐
38449|뒤서다
38450|한철
38451|삐질삐질
38452|누설
38453|투신
38454|보증인
38455|썩이다
38456|수열
38457|가중하다
38458|탈장
38459|애디
38460|우량아
38461|모더니즘
38462|설법하다
38463|시라
38464|대준
38465|덕다
38466|토키
38467|오라가다
38468|덜컥거리다
38469|놀잇감
38470|에타
38471|풀려나가다
38472|침투시키다
38473|제도화되다
38474|다이몬
38475|소기업
38476|개벽
38477|어감
38478|호사가
38479|우쭐거리다
38480|이윤영
38481|트릭스터
38482|십년지기
38483|동헌
38484|애스틀리
38485|암투
38486|집장
38487|성징
38488|아킬레스
38489|용하다
38490|상디
38491|이뿌다
38492|인류학
38493|함부러
38494|건청궁
38495|소리소리
38496|로페스
38497|세웅
38498|엔돌핀
38499|불본행집경
38500|콤콤하다
38501|비빔
38502|켄터키주
38503|카르노
38504|과로하다
38505|깊은숨
38506|쇠락
38507|노하다
38508|쫄따구
38509|스틸하다
38510|생태학
38511|자빠뜨리다
38512|혼주
38513|셸
38514|위배
38515|이발하다
38516|유비쿼터스
38517|유쾌
38518|후딱후딱
38519|걸프
38520|부스럭대다
38521|갈레트
38522|이가
38523|시목
38524|무역하다
38525|묘지
38526|득실대다
38527|쇠약
38528|돌무덤
38529|덕성
38530|동죽
38531|양부
38532|위암
38533|견훤
38534|리미트
38535|정마
38536|졸업시키다
38537|하잘것없다
38538|라부
38539|마주
38540|소매가
38541|닭띠
38542|이구아노돈
38543|곡절
38544|이루
38545|리카도
38546|스프린트
38547|곡류
38548|뒷날
38549|가나슈
38550|시크다
38551|내의
38552|문전성시
38553|창피스럽다
38554|용달
38555|파하다
38556|고무공
38557|과학원
38558|완악하다
38559|셰르파
38560|미달되다
38561|뚜드리다
38562|핵폐기물
38563|펜팔
38564|문젯거리
38565|조각배
38566|채식하다
38567|낭만파
38568|능지처참
38569|양분하다
38570|그럴싸
38571|보전되다
38572|예스맨
38573|키득대다
38574|평균대
38575|볶
38576|감사관실
38577|합력하다
38578|문성
38579|궁핍
38580|정착민
38581|진출시키다
38582|간조
38583|유도리
38584|소독되다
38585|날짐승
38586|워터마크
38587|요산
38588|기예
38589|이신
38590|비수기
38591|푸지다
38592|완두
38593|지불되다
38594|앵앵거리다
38595|서낭
38596|얌생이
38597|장거
38598|기별하다
38599|인스
38600|발설
38601|만찢남
38602|미향
38603|기악
38604|특효
38605|범간
38606|콜백
38607|신드바드
38608|박철
38609|차탄
38610|펜듈럼
38611|파인더
38612|구심력
38613|소송법
38614|낙점
38615|천도하다
38616|몸단장
38617|남강
38618|습설
38619|담보되다
38620|홈통
38621|시골뜨기
38622|축문
38623|월악산
38624|다나까
38625|할바마마
38626|팬픽
38627|양극화되다
38628|투덜투덜
38629|재취업하다
38630|래트
38631|엡스타인
38632|하사품
38633|살풀이
38634|움찔움찔
38635|함포
38636|짹짹거리다
38637|자습하다
38638|총총하다
38639|병석
38640|섭지코지
38641|띨띨하다
38642|이러쿵저러쿵하다
38643|기택
38644|조색
38645|힘닿다
38646|폐주
38647|상계
38648|보배롭다
38649|에밀레종
38650|바르톨로메오
38651|간교하다
38652|해월
38653|적응시키다
38654|세일러
38655|이몽룡
38656|묵살되다
38657|오모테산도
38658|찐득거리다
38659|강고하다
38660|초토화하다
38661|뜨문뜨문
38662|옹산
38663|현대
38664|범죄적
38665|타산
38666|플란넬
38667|쌍생
38668|뎁스
38669|충재
38670|포크스
38671|채경
38672|가무잡잡하다
38673|살풍경하다
38674|유례없이
38675|소청
38676|특사경
38677|삼엽충
38678|밀입국하다
38679|먼치킨
38680|신포
38681|하임리히법
38682|상업성
38683|도조
38684|무한궤도
38685|루트비히
38686|가역
38687|한국학
38688|가바
38689|핀볼
38690|전자사전
38691|쿨럭쿨럭
38692|잔잔히
38693|총동원령
38694|탐욕적
38695|귀비
38696|리치먼드
38697|기뢰
38698|군대식
38699|투항
38700|바가지요금
38701|신토불이
38702|어쨌든
38703|돋보기안경
38704|얼음집
38705|긷다
38706|앵기다
38707|탈레스
38708|설교자
38709|텍스처링
38710|텅스텐
38711|실업계
38712|콕핏
38713|고과
38714|검열되다
38715|우스
38716|주법
38717|근거지
38718|감퇴
38719|이지러지다
38720|소사
38721|귀향하다
38722|셧
38723|광포하다
38724|중진국
38725|투창
38726|맏막즈
38727|중졸
38728|베키다
38729|망작
38730|철썩철썩
38731|저릿저릿하다
38732|과일나무
38733|마호메트
38734|순순하다
38735|바이엘
38736|총천연색
38737|새겨보다
38738|주름투성이
38739|달걀노른자
38740|한중일
38741|낙방
38742|공치사
38743|페르마
38744|벌떡벌떡
38745|마당발
38746|명길
38747|여장하다
38748|활황
38749|아낙네
38750|문하생
38751|헛똑똑이
38752|흉작
38753|패색
38754|카펠라
38755|리머
38756|윤식
38757|비련
38758|소갈비찜
38759|완쾌
38760|부스럭부스럭
38761|사차원
38762|과락
38763|아항
38764|무솔리니
38765|관등
38766|우떻다
38767|생활필수품
38768|무병장수
38769|약발
38770|뒤안길
38771|몽환
38772|심취
38773|강아
38774|살포되다
38775|하도
38776|화롄
38777|명기하다
38778|유흥비
38779|형장
38780|어여삐
38781|게드
38782|요타
38783|총망라하다
38784|잡스럽다
38785|뒤척거리다
38786|계동
38787|각고
38788|어레이
38789|개종
38790|딸칵
38791|앞판
38792|로랑
38793|서구인
38794|올려치다
38795|분주
38796|홀쭉이
38797|촌닭
38798|상고대
38799|다이어그램
38800|친권자
38801|스칼라
38802|위촉
38803|야코
38804|리콜하다
38805|뚱딴지
38806|도노
38807|동물학
38808|육중하다
38809|큰놈
38810|노스트라다무스
38811|소생하다
38812|수북히
38813|등용문
38814|불로장생
38815|방기하다
38816|메보
38817|산울림
38818|보송보송
38819|애걸복걸하다
38820|내도
38821|별주부전
38822|트라이아스기
38823|광모
38824|안읽씹
38825|전과하다
38826|들입다
38827|프로텍터
38828|군청색
38829|꺼트리다
38830|틴
38831|비브리오
38832|크릴
38833|남면
38834|샇다
38835|석식
38836|유우
38837|빠따
38838|스드메
38839|자랑스레
38840|불구경
38841|조잘조잘
38842|범영
38843|안경알
38844|텍
38845|재활하다
38846|난향
38847|귀빈실
38848|훌다
38849|맥기
38850|묘청
38851|혹사하다
38852|삐용삐용
38853|숙의
38854|꽁짜
38855|용단
38856|음미
38857|사이프러스
38858|마카
38859|엽
38860|베일리얼
38861|과다
38862|배냇저고리
38863|구호대
38864|앰풀
38865|안전바
38866|무수하다
38867|격류
38868|어슴푸레
38869|차수
38870|까탈
38871|몸조심
38872|불로초
38873|살기등등하다
38874|급제동
38875|어떵
38876|귀책
38877|청백
38878|풀메
38879|재활원
38880|공화제
38881|유브이
38882|미주알고주알
38883|지상주의
38884|출병하다
38885|그믈다
38886|장각
38887|대류
38888|보편화
38889|개탄하다
38890|견고히
38891|까막눈
38892|소구
38893|귀먹다
38894|호록
38895|콩기름
38896|태사
38897|워터게이트
38898|인생살이
38899|정면충돌
38900|꿀렁꿀렁
38901|가나다순
38902|국거리
38903|잔혹성
38904|제까짓
38905|퇴마하다
38906|각반
38907|쓰레빠
38908|흥남
38909|동네북
38910|일신상
38911|설욕전
38912|보일
38913|멜로우
38914|떡튀순
38915|먹어들다
38916|족두리
38917|배음
38918|초리조
38919|면체
38920|귓구녕
38921|안끼다
38922|중용하다
38923|뜩
38924|어깨동무하다
38925|육면체
38926|영민하다
38927|임차하다
38928|키노
38929|왈패
38930|판게아
38931|봉기하다
38932|금욕
38933|핑계하다
38934|퉷
38935|떡보
38936|외향
38937|싸게싸게
38938|암갈색
38939|마오르다
38940|코르도바
38941|파면
38942|편입생
38943|광케이블
38944|아노락
38945|음성적
38946|계향
38947|꼬소하다
38948|모냥
38949|샴
38950|주먹질하다
38951|속도계
38952|꼬물거리다
38953|이차적
38954|소낙비
38955|당위
38956|몬테레이
38957|불효하다
38958|당화
38959|사르륵
38960|우르
38961|으디
38962|소수당
38963|목탑
38964|공수표
38965|망신시키다
38966|코비드
38967|밀수품
38968|징벌하다
38969|신왕
38970|배반자
38971|발라클라바
38972|자동화하다
38973|요시노
38974|사어
38975|수안보
38976|군체
38977|홑이불
38978|앵무
38979|접촉면
38980|체이서
38981|버터링
38982|캐노피
38983|숲지다
38984|혜민서
38985|조명되다
38986|카피캣
38987|규정짓다
38988|교통난
38989|역전당하다
38990|테이크아웃하다
38991|세면장
38992|밀스
38993|마리화나
38994|수아레스
38995|귀태
38996|육우
38997|장창
38998|애리
38999|매우다
39000|설욕하다
39001|달리아
39002|억새밭
39003|곤하다
39004|종용
39005|소수파
39006|박태준
39007|개근상
39008|울주
39009|김화
39010|노선도
39011|혼절
39012|로트와일러
39013|융통하다
39014|스킨십하다
39015|길쭉길쭉하다
39016|심벌즈
39017|대동단결
39018|급파되다
39019|라쏘
39020|베이스볼
39021|저염
39022|대파하다
39023|혼돈하다
39024|옥다
39025|재림하다
39026|강경책
39027|비강
39028|인소
39029|유독하다
39030|비견하다
39031|지레짐작
39032|간통죄
39033|하권
39034|헤로인
39035|고문관
39036|지레짐작하다
39037|소변보다
39038|증감
39039|유별
39040|변천
39041|바젤
39042|요맘때
39043|정분
39044|허난설헌
39045|탈루하다
39046|자박자박
39047|흔들흔들하다
39048|외통위
39049|휴거
39050|현명
39051|자화자찬하다
39052|금기시하다
39053|고생물
39054|어이어이
39055|클리브
39056|엄수하다
39057|미봉책
39058|모태
39059|사향
39060|남도
39061|분담
39062|로소
39063|면탈
39064|현녀
39065|총포
39066|바람이
39067|끽끽
39068|쏘이다
39069|한바탕하다
39070|노환
39071|수감하다
39072|온당하다
39073|귀이개
39074|외숙
39075|세밀히
39076|몽정
39077|끝인사
39078|스퀴즈
39079|허리끈
39080|쫑쫑
39081|세존
39082|뤼순
39083|의부
39084|나나다
39085|등가
39086|씩씩
39087|끈적이다
39088|중화되다
39089|산단
39090|면학
39091|흑채
39092|신성시하다
39093|심봉
39094|기동하다
39095|매콤달콤하다
39096|석양빛
39097|수매하다
39098|아카드
39099|노후하다
39100|위다
39101|떡칠하다
39102|밉살스럽다
39103|꿍치다
39104|묵시적
39105|긴요하다
39106|반송되다
39107|애옹
39108|고성방가
39109|바스크
39110|평이하다
39111|맏내
39112|시라카와
39113|진주
39114|의뢰되다
39115|분출구
39116|검법
39117|쬐깐하다
39118|일고여덟
39119|우스개
39120|전원생활
39121|투견
39122|평야
39123|똑띠
39124|양품
39125|윤창
39126|땜질
39127|나마스
39128|리액터
39129|체더치즈
39130|푹신푹신
39131|요양소
39132|침착성
39133|에르난데스
39134|암흑가
39135|매가리
39136|얌전
39137|숙식하다
39138|더운물
39139|조곤조곤하다
39140|폭폭
39141|바카라
39142|릉단
39143|급사하다
39144|어서어서
39145|혈충
39146|쬐끄맣다
39147|근대사
39148|심난하다
39149|휘발되다
39150|잔병치레
39151|최하층
39152|나티
39153|파양하다
39154|파텔
39155|와이브로
39156|농노
39157|노래다
39158|청약하다
39159|동기화되다
39160|포샵
39161|레알
39162|독서광
39163|네스호
39164|잉태
39165|반주자
39166|되새김질
39167|반대급부
39168|착안
39169|손수건
39170|크레바스
39171|벤젠
39172|크리머
39173|일반론
39174|안줏거리
39175|인편
39176|실족
39177|월계관
39178|귀엣말
39179|감지덕지하다
39180|풍화
39181|질러가다
39182|태강
39183|이상스럽다
39184|이영민
39185|현상하다
39186|중음
39187|산마루
39188|통한
39189|내가
39190|기망하다
39191|커널
39192|손마디
39193|빌립보
39194|찬조
39195|칠갑
39196|마도
39197|도금하다
39198|류트
39199|카나페
39200|독신자
39201|마호가니
39202|붉은박쥐
39203|부르스
39204|깔짝깔짝
39205|지참
39206|라벨링
39207|읍면동
39208|검날
39209|대과
39210|허물없다
39211|덜커덩거리다
39212|파노
39213|아마이
39214|유커
39215|최면
39216|연철
39217|통용
39218|맞벌이하다
39219|연패하다
39220|소매상
39221|더반
39222|다다닥
39223|절마
39224|마키아토
39225|얼음낚시
39226|전족
39227|귀찌
39228|성질부리다
39229|들여보다
39230|문명화되다
39231|일심
39232|히다
39233|청빈
39234|배럿
39235|불국
39236|추인
39237|비리비리하다
39238|권모술수
39239|호랑이띠
39240|남생이
39241|해창
39242|신통방통하다
39243|국선
39244|향낭
39245|풀쩍
39246|페데리코
39247|물렁이
39248|시승하다
39249|제가
39250|주워섬기다
39251|만고
39252|할무니
39253|초치
39254|둔갑
39255|김치볶음
39256|피력
39257|내재하다
39258|떼루아
39259|꺽꺽거리다
39260|추남
39261|스와힐리어
39262|풀리
39263|촌티
39264|컴
39265|성왕
39266|가속되다
39267|핵가족
39268|연수생
39269|무운
39270|피격되다
39271|찡찡거리다
39272|산타페
39273|점성술
39274|논법
39275|신월
39276|성내
39277|연미복
39278|헛고생
39279|헹
39280|비책
39281|외각
39282|과팅
39283|칩거하다
39284|체조하다
39285|합법화되다
39286|호박엿
39287|오리털
39288|농로
39289|엷어지다
39290|스피너
39291|망부석
39292|되돌려받다
39293|옥석
39294|홈마
39295|총질하다
39296|민주
39297|요하다
39298|금의환향하다
39299|출장하다
39300|복비
39301|번성
39302|단게
39303|공여
39304|막살다
39305|만달레이
39306|으메
39307|가변적
39308|해군
39309|숭상하다
39310|재정립하다
39311|말똥말똥
39312|곰장어
39313|인도네시아어
39314|산토
39315|애국하다
39316|태평스럽다
39317|대물림되다
39318|재철
39319|보균자
39320|감언이설
39321|산정되다
39322|저미다
39323|재외
39324|곤궁하다
39325|항미원조
39326|세척제
39327|속량하다
39328|까칠까칠하다
39329|비봉
39330|범조
39331|에버렛
39332|납작납작
39333|인혁
39334|별시
39335|멜빵바지
39336|견실하다
39337|세용
39338|로런스
39339|윗방
39340|국민의례
39341|명식
39342|히이
39343|빨아내다
39344|총지휘하다
39345|야인
39346|손괴
39347|연착
39348|시끌시끌
39349|상아색
39350|태전
39351|대륙성
39352|책받침
39353|북슬북슬하다
39354|제주특별자치도
39355|윙윙대다
39356|데구루루
39357|가지고오다
39358|디에스
39359|번만
39360|미발표
39361|귀로
39362|심기일전하다
39363|나절
39364|재진입하다
39365|대변되다
39366|말굽
39367|스쿼크
39368|봄옷
39369|찔찔
39370|법질서
39371|절연하다
39372|응원석
39373|입바르다
39374|장래성
39375|드리오다
39376|대도
39377|찌르레기
39378|호의호식하다
39379|노래자랑
39380|프레츨
39381|원류
39382|단팥죽
39383|쿠빌라이
39384|헌신짝
39385|닭똥
39386|형조
39387|어리버리하다
39388|쑥국
39389|차변
39390|건축법
39391|바주카
39392|바이옴
39393|스무드
39394|체경
39395|구호물자
39396|산지
39397|섹시미
39398|사탕발림
39399|그럭
39400|말린
39401|낳
39402|저당
39403|희소
39404|오니
39405|인극
39406|중상모략
39407|난닝구
39408|아랫단
39409|총원
39410|끼룩끼룩
39411|대혁명
39412|무상하다
39413|서구식
39414|대갈통
39415|브라질리아
39416|박무
39417|참뜻
39418|헌정하다
39419|가꼬
39420|말래
39421|우즈베크
39422|콜라비
39423|황해남도
39424|혹사당하다
39425|본가
39426|최성
39427|신경성
39428|새시
39429|리네트
39430|아볼로
39431|흰꼬리수리
39432|깔쌈하다
39433|비회원
39434|가내
39435|형민
39436|만끽
39437|선업
39438|예판
39439|의문문
39440|스크런치
39441|깽깽
39442|에이구
39443|허걱
39444|넵튠
39445|도외시하다
39446|입맞춤하다
39447|낙오하다
39448|뉴스레터
39449|변주되다
39450|정통적
39451|혈서
39452|들국화
39453|유책
39454|석모
39455|폐쇄성
39456|북남
39457|자들다
39458|정년퇴직하다
39459|맥줏집
39460|말러
39461|근마
39462|재처리
39463|노름꾼
39464|화수분
39465|실리적
39466|프라페
39467|위안하다
39468|포플러
39469|상해하다
39470|고키
39471|띡띡
39472|뒤적뒤적
39473|일탈하다
39474|콤팩트하다
39475|백열전구
39476|취하
39477|벵골
39478|인생철학
39479|민무늬
39480|옴니버스
39481|숙다
39482|피킹
39483|그지
39484|보애
39485|장옷
39486|터치다운
39487|성희롱하다
39488|총의
39489|임연수
39490|단명하다
39491|기사회생
39492|수심
39493|백설탕
39494|미들급
39495|지질
39496|캠코
39497|레지스탕스
39498|대소사
39499|재룟값
39500|메밀가루
39501|스키드
39502|후닥닥
39503|애제자
39504|지새다
39505|순화되다
39506|세이렌
39507|억겁
39508|중복하다
39509|사루비아
39510|교역하다
39511|바지춤
39512|티에리
39513|은전
39514|실러캔스
39515|책잡히다
39516|옴짝달싹하다
39517|풀때
39518|찻값
39519|낭자하다
39520|원칩
39521|브로드밴드
39522|귓속말하다
39523|종특
39524|사바사
39525|외치
39526|폐백
39527|로쿠부
39528|골백번
39529|상중
39530|차근차근히
39531|잉태되다
39532|사독
39533|바르
39534|순애보
39535|대왕대비
39536|돌머리
39537|시나브로
39538|배꽃
39539|레크레이션
39540|주빌리
39541|탄복하다
39542|자이르
39543|더벅머리
39544|벌채
39545|상환액
39546|오늘내일하다
39547|보슬비
39548|암살단
39549|중청
39550|요통
39551|영운
39552|심봤다
39553|힘자랑
39554|독배
39555|전념
39556|김좌근
39557|헬라
39558|농진청
39559|설욕
39560|정교수
39561|꼬장
39562|간호원
39563|라이코펜
39564|일레
39565|수더분하다
39566|가습
39567|외력
39568|절전
39569|서동
39570|자극성
39571|추앙
39572|체스터
39573|국수집
39574|쭈그러들다
39575|이지적
39576|혼돈스럽다
39577|우연적
39578|최선책
39579|맹지
39580|와그너
39581|코코넛밀크
39582|주례하다
39583|늦
39584|염화
39585|전형필
39586|상승기
39587|흨
39588|네프
39589|페스
39590|떼굴떼굴
39591|통채
39592|녹조류
39593|불가항력적
39594|루실
39595|산허리
39596|도르트문트
39597|법조문
39598|뒤룩뒤룩하다
39599|샐쭉하다
39600|리베라
39601|세인트루시아
39602|아라사
39603|절명하다
39604|쫀득거리다
39605|일거양득
39606|자양
39607|암호화하다
39608|아로니아
39609|나잇살
39610|디즈니
39611|기회주의자
39612|액터
39613|인수인계하다
39614|어두움
39615|착즙
39616|논설실장
39617|삼한
39618|예종
39619|입학금
39620|헨델
39621|기껍다
39622|율리
39623|참석시키다
39624|협객
39625|우팔리
39626|그득
39627|번잡스럽다
39628|군필
39629|종단하다
39630|병입
39631|그리미
39632|패들링
39633|마쓰시마
39634|수발들다
39635|가와고에
39636|흐느적
39637|액화
39638|훙
39639|재송
39640|전화기
39641|서프보드
39642|반구형
39643|효수
39644|코커스
39645|위태하다
39646|콘서트하다
39647|칸타빌레
39648|폴리네시아
39649|배런
39650|우와
39651|시원스레
39652|대절하다
39653|트리폴리
39654|오이냉국
39655|부이
39656|부소산성
39657|번지
39658|월세방
39659|껌벅거리다
39660|갈무리
39661|쪽배
39662|녹록하다
39663|월남하다
39664|적대자
39665|색지
39666|사카
39667|초과분
39668|일장일단
39669|장형
39670|꺼이꺼이
39671|쌈박하다
39672|축일
39673|반파되다
39674|밀레
39675|부적응
39676|벼락부자
39677|누비아
39678|년사
39679|팔팔하다
39680|독립운동하다
39681|큰사람
39682|타닥거리다
39683|딴말하다
39684|어간
39685|흉추
39686|롤랑
39687|생면부지
39688|석관
39689|포메라니안
39690|기록문
39691|베이즈
39692|부시맨
39693|재필
39694|개간하다
39695|휴화산
39696|완연히
39697|배시
39698|가슴둘레
39699|포박
39700|대손
39701|구형되다
39702|경심
39703|부라퀴
39704|오토마톤
39705|팔계
39706|악공
39707|안내장
39708|마음잡다
39709|모시조개
39710|보호국
39711|닭다
39712|섬망
39713|점술
39714|웅담
39715|카놀라유
39716|쌔비다
39717|초대
39718|현조
39719|귀나다
39720|풍풍
39721|흉통
39722|밑간하다
39723|김일성광장
39724|토커
39725|증강하다
39726|매초
39727|철주
39728|백의
39729|승무
39730|돌밭
39731|동영
39732|어좌
39733|프로포즈하다
39734|지노
39735|스포츠맨십
39736|서치라이트
39737|탁수
39738|소혜
39739|고이고이
39740|대내
39741|특별자치도
39742|변변히
39743|화선
39744|명징하다
39745|모친상
39746|중러
39747|독무대
39748|서고
39749|널판
39750|해웅
39751|무형유산
39752|흘깃거리다
39753|철컹거리다
39754|명승
39755|대필
39756|인창
39757|들장미
39758|세력가
39759|제식
39760|참마
39761|홰
39762|삑삑거리다
39763|늦봄
39764|카셈
39765|혼동되다
39766|등살
39767|경찰봉
39768|셀비지
39769|주익
39770|자인
39771|뒤꼍
39772|남문
39773|타우린
39774|길들다
39775|내무부
39776|삭감
39777|모금되다
39778|말살
39779|양심껏
39780|개리슨
39781|불친절
39782|말라카
39783|수삼
39784|부당하다
39785|떨이
39786|애청하다
39787|까불거리다
39788|총동원
39789|맹장염
39790|외등
39791|감산하다
39792|고매하다
39793|급장
39794|흉계
39795|여기자
39796|악신
39797|독자층
39798|파라사우롤로푸스
39799|어슬렁대다
39800|올보르
39801|갑천
39802|은교
39803|선릉
39804|어푸어푸
39805|윤자
39806|초림
39807|총면적
39808|마야
39809|아타카마
39810|돌림병
39811|뇌우
39812|수한
39813|쉑쉑
39814|구룡
39815|답답이
39816|킹스턴
39817|광목
39818|부국
39819|폭소하다
39820|흡음
39821|해옥
39822|무의
39823|녹지대
39824|간택되다
39825|타투이스트
39826|채집되다
39827|히트시키다
39828|우드득
39829|맹신
39830|저술
39831|산발하다
39832|복강
39833|명배우
39834|국제도시
39835|정통파
39836|근검절약
39837|숙달
39838|뚜둑
39839|비프스튜
39840|구태의연하다
39841|서구화되다
39842|프로톤
39843|위빙
39844|으슬으슬하다
39845|호송되다
39846|세라핌
39847|속기록
39848|원손
39849|센토사섬
39850|호핑
39851|서예가
39852|경윳값
39853|흥칫뿡
39854|머크
39855|술고래
39856|서향
39857|눕방
39858|망신스럽다
39859|참참
39860|남포등
39861|모사드
39862|낙조
39863|돌상
39864|떫은맛
39865|조각칼
39866|캐드
39867|성불
39868|산출
39869|수확되다
39870|냉엄하다
39871|마자
39872|염초
39873|부계
39874|하늘문
39875|고라니
39876|탐폰
39877|근자
39878|개과천선하다
39879|맞사다
39880|코르넬리아
39881|헤드기어
39882|환원되다
39883|하멜
39884|황허
39885|겉표지
39886|계백
39887|예치
39888|실어
39889|곡명
39890|고임금
39891|살덩어리
39892|배부되다
39893|강도질
39894|판서
39895|막두다
39896|무염
39897|어제밤
39898|성보
39899|어허허
39900|부연
39901|패닝
39902|하선하다
39903|다승
39904|고금
39905|반동분자
39906|원근
39907|커넥톰
39908|푸성귀
39909|마래이
39910|축사하다
39911|타박타박
39912|쉰
39913|무임승차하다
39914|해거
39915|기관지염
39916|가실
39917|환각제
39918|워터히아신스
39919|오옥
39920|앞사람
39921|영문법
39922|부엉부엉
39923|우모
39924|단문
39925|뭉칫돈
39926|성표
39927|동일성
39928|유산되다
39929|갠지스강
39930|포드고리차
39931|배가되다
39932|장물아비
39933|미형
39934|화술
39935|잔기침
39936|미사리
39937|비밥
39938|치맛바람
39939|룡
39940|장삼
39941|임씨
39942|순장
39943|복잡도
39944|부수입
39945|국빈
39946|플레이보이
39947|고드름
39948|갈아지다
39949|돌턴
39950|섀클턴
39951|지리학
39952|곡해하다
39953|포팅
39954|퍼덕
39955|대노
39956|펄럭이다
39957|미군
39958|펜리
39959|잇템
39960|여류
39961|운종가
39962|연주가
39963|탐
39964|흑석
39965|친수
39966|동동거리다
39967|깊이깊이
39968|불구자
39969|축복되다
39970|기계화
39971|너나없이
39972|황달
39973|끔벅거리다
39974|루나
39975|입산
39976|가랑잎
39977|불릿
39978|비효율
39979|귀족적
39980|샘플링하다
39981|교파
39982|산개하다
39983|모의실험
39984|지도책
39985|콜로라도주
39986|저수지
39987|사빈
39988|개나리꽃
39989|토실토실
39990|폐장하다
39991|넙데데하다
39992|베르누이
39993|말석
39994|꼬장꼬장하다
39995|늦장
39996|불포화
39997|입궐
39998|킬로칼로리
39999|더워하다
40000|떼거리
40001|고착화
40002|가라이
40003|우족
40004|엄카
40005|남라
40006|용덕
40007|연감
40008|수정과
40009|다변화하다
40010|제로페이
40011|꼬라보다
40012|사별
40013|색동
40014|레일리
40015|주객
40016|라프
40017|가수하다
40018|법궤
40019|마디다
40020|편찬되다
40021|휘청휘청하다
40022|수차
40023|다음다음
40024|상속되다
40025|주물럭거리다
40026|고심
40027|쌍검
40028|훌렁
40029|퇴적암
40030|획일화
40031|보수파
40032|박치
40033|비성
40034|가족회의
40035|허부
40036|중인
40037|강보
40038|남송
40039|가풍
40040|괴랄하다
40041|질수
40042|순우
40043|라플라스
40044|별스럽다
40045|허송세월
40046|정소
40047|리플렉터
40048|성냥불
40049|포다
40050|고지되다
40051|프레셔
40052|호도
40053|유행병
40054|동영이
40055|비겁자
40056|외과의
40057|똥칠
40058|침술
40059|노랑부리백로
40060|교촌
40061|여건
40062|관망
40063|콜먼
40064|얼음덩이
40065|막가다
40066|마른세수
40067|보르헤스
40068|팬터마임
40069|도즈
40070|광릉
40071|졸혼
40072|분무
40073|통통배
40074|베버
40075|거병
40076|문형
40077|얕아지다
40078|야마구치
40079|당연지사
40080|초막
40081|적선하다
40082|벼리
40083|취침하다
40084|배가
40085|선짓국
40086|담보물
40087|총살
40088|헛수고하다
40089|오그
40090|유력자
40091|젠더리스
40092|미분
40093|상보
40094|이효석
40095|피렌
40096|민속춤
40097|총공격
40098|꾸중하다
40099|로시
40100|우두
40101|케라틴
40102|가시고기
40103|태양초
40104|볼품없이
40105|메추라기
40106|고래
40107|다작
40108|뛰뛰
40109|금장
40110|유창
40111|천인공노하다
40112|방역하다
40113|명주실
40114|꿀통
40115|순방하다
40116|엔터프라이즈
40117|무한대
40118|괄목하다
40119|동기간
40120|망연자실
40121|진상하다
40122|우월
40123|결속하다
40124|당쟁
40125|괴멸
40126|락카
40127|급변
40128|로물루스
40129|딸다
40130|아멕스
40131|기우뚱
40132|노잣돈
40133|선벨트
40134|적분
40135|덕혜
40136|급부상
40137|조스
40138|로잔
40139|빙속
40140|결여
40141|견성하다
40142|이금
40143|가배
40144|배산임수
40145|압살하다
40146|별실
40147|정탐하다
40148|대황
40149|용복
40150|낙향하다
40151|촌각
40152|사일로
40153|잡학
40154|광호
40155|라이저
40156|타향
40157|시험적
40158|의식화하다
40159|워키토키
40160|부겐빌레아
40161|알랑거리다
40162|은광아
40163|린드그렌
40164|흔쾌하다
40165|재생산하다
40166|방귀쟁이
40167|변동하다
40168|삐그덕거리다
40169|바닷소리
40170|염상섭
40171|다랑어
40172|니미럴
40173|네이
40174|다크브라운
40175|축척
40176|입시하다
40177|덜되다
40178|정강
40179|충무
40180|시암
40181|하루속히
40182|우가
40183|과방
40184|쭈글쭈글
40185|파티마
40186|론다
40187|모사
40188|생동하다
40189|향배
40190|와룡
40191|재발견하다
40192|아이피
40193|탈의하다
40194|고소되다
40195|빨랑빨랑
40196|안키다
40197|말랭이
40198|오밀조밀
40199|요제
40200|증착
40201|봉양하다
40202|피케
40203|피질
40204|중근
40205|덜커덕
40206|양방
40207|함축되다
40208|인트라넷
40209|그런디
40210|월든
40211|아타카
40212|돌팔매질
40213|어둠침침하다
40214|단이
40215|히메지
40216|페인
40217|과표
40218|광우
40219|스파클
40220|넉넉잡다
40221|관념론
40222|툴라
40223|이착륙하다
40224|페리클레스
40225|관채
40226|번민
40227|오다리
40228|분포도
40229|캘리코
40230|맥시멀리스트
40231|트위스터
40232|비엔티안
40233|오삼불고기
40234|넙죽넙죽
40235|노여워하다
40236|윗물
40237|저공
40238|청음
40239|옥금
40240|네스트
40241|빵구
40242|깜둥이
40243|잼있다
40244|핫팬츠
40245|우선시되다
40246|짭짜름하다
40247|노퍽
40248|은백색
40249|창궐
40250|상형
40251|폭탄먼지벌레
40252|이주자
40253|사장되다
40254|예순
40255|관노
40256|이니
40257|번들번들하다
40258|방갈로
40259|설겆이
40260|조직도
40261|기욤
40262|겸직하다
40263|청소되다
40264|공구하다
40265|미시간대
40266|궁병
40267|문명사회
40268|전희
40269|유폐
40270|호무
40271|아이오와주
40272|셰어
40273|부속물
40274|별원
40275|마이크로
40276|자학하다
40277|으흐흑
40278|셀로판
40279|코프
40280|유곽
40281|게슴츠레
40282|돌부처
40283|누르스름하다
40284|몰렉
40285|넓직하다
40286|아나톨리아
40287|정극
40288|변사자
40289|불순종하다
40290|예치하다
40291|복숭아뼈
40292|스쿨링
40293|아모스
40294|갈랜드
40295|치중되다
40296|소개장
40297|붙박이다
40298|반짇고리
40299|잠식당하다
40300|어란
40301|때려내다
40302|글레어
40303|탈착
40304|추락사하다
40305|흉갑
40306|단교
40307|초유
40308|례
40309|환영사
40310|잘빠지다
40311|음욕
40312|이상국
40313|성제
40314|맨나다
40315|말싸움하다
40316|비공개하다
40317|버퍼
40318|위령제
40319|수메
40320|광탈
40321|젯소
40322|카라비너
40323|금강송
40324|이타주의
40325|눌러붙다
40326|야귀
40327|호브
40328|불란서
40329|음치
40330|픽토그램
40331|제헌
40332|뿌예지다
40333|인벤
40334|경어
40335|설레이다
40336|마그리트
40337|우그러지다
40338|돌림
40339|잪다
40340|과제하다
40341|빨래집게
40342|온천욕
40343|혼슈
40344|불복종하다
40345|진용
40346|홍익
40347|서강
40348|의열단
40349|보슬보슬
40350|새로
40351|진골
40352|정론
40353|제조업자
40354|선입관
40355|컨트리클럽
40356|복대
40357|밀명
40358|영글다
40359|크로커다일
40360|장석
40361|사멸하다
40362|래칫
40363|호죽
40364|품평
40365|빠끔히
40366|강남이
40367|주왕
40368|추녀
40369|고독감
40370|나박김치
40371|박장대소하다
40372|전결
40373|이첩되다
40374|떠꺼머리
40375|공회
40376|밀어
40377|도롱이
40378|쪼꼬맣다
40379|공하다
40380|생글거리다
40381|신경증
40382|청종하다
40383|전진시키다
40384|쓴소리하다
40385|눼
40386|코빌
40387|단벽
40388|그런데
40389|파수
40390|스크램블드에그
40391|긴하다
40392|필모그래피
40393|소각되다
40394|기름칠하다
40395|받잡다
40396|초일류
40397|음쓰
40398|딥스
40399|초간
40400|그로브
40401|매니토바
40402|대련하다
40403|물아일체
40404|으스스
40405|후커
40406|상연
40407|명실공히
40408|누런색
40409|하메
40410|상제
40411|끝소리
40412|사변
40413|동녘
40414|현질하다
40415|날조되다
40416|흑당
40417|증득하다
40418|재개장하다
40419|난투
40420|착공되다
40421|살벌
40422|지증왕
40423|게르마늄
40424|어찌케
40425|벌충하다
40426|금싸라기
40427|장사진
40428|비너
40429|생트집
40430|뻑뻑
40431|내쫓기다
40432|응신
40433|콩닥
40434|빠직
40435|해어지다
40436|모락
40437|고시하다
40438|흑단
40439|생기발랄하다
40440|히아신스
40441|하세
40442|효령
40443|싸돌다
40444|지학
40445|문후
40446|다이키
40447|적선
40448|어라하
40449|주워듣다
40450|매주
40451|각개
40452|자웅
40453|까까
40454|구취
40455|다니
40456|겁탈
40457|바닷물고기
40458|출금하다
40459|칼퇴하다
40460|사념
40461|구옥
40462|프로슈토
40463|망국
40464|충언
40465|포보스
40466|토스카
40467|실신
40468|사룟값
40469|고모라
40470|왕중왕
40471|시웅
40472|집수리
40473|설맞이
40474|비준하다
40475|물결무늬
40476|빈백
40477|근질근질
40478|새옹지마
40479|활강
40480|야누스
40481|역당
40482|랑아
40483|그그
40484|니미츠
40485|편백
40486|장히
40487|아무르
40488|규소
40489|내려뜨리다
40490|어셈블
40491|임지
40492|절절히
40493|기분파
40494|피처링하다
40495|집강
40496|커
40497|모술
40498|황망히
40499|더치스
40500|자승
40501|카시
40502|수훈
40503|대문짝
40504|포토레지스트
40505|라듐
40506|꿀렁거리다
40507|루드비히
40508|베트
40509|덜덜거리다
40510|사멸
40511|헝가리어
40512|수춘
40513|변상
40514|안치소
40515|장대하다
40516|일원화
40517|범종
40518|시크교
40519|실존주의
40520|뒤룩뒤룩
40521|부전공
40522|장비하다
40523|의무대
40524|견제되다
40525|시덕
40526|엽편
40527|위정자
40528|석필
40529|인감도장
40530|차별되다
40531|가청
40532|간고등어
40533|발린
40534|혈맥
40535|수신되다
40536|산화하다
40537|망상하다
40538|포집
40539|날갯죽지
40540|시비조
40541|그라프
40542|현제
40543|겸손히
40544|변심하다
40545|심씨
40546|산다
40547|냉커피
40548|회부
40549|복아
40550|비회
40551|온면
40552|창대하다
40553|구김살
40554|입각
40555|모자이크하다
40556|발렌티노
40557|돌담
40558|걸인
40559|투옥
40560|시쳇말
40561|부족분
40562|응달
40563|합격증
40564|신심
40565|친정아버지
40566|북적이다
40567|서면
40568|부자간
40569|핵교
40570|새큼하다
40571|수탈하다
40572|안토시아닌
40573|딱지
40574|칵핏
40575|꼬미꼬미
40576|월중
40577|변조하다
40578|유청
40579|군항
40580|허탈
40581|시말서
40582|푯대
40583|면화
40584|스토리지
40585|맹비난
40586|표층
40587|계집종
40588|시판
40589|미니밴
40590|내외분
40591|매설하다
40592|감영
40593|실크해트
40594|역투
40595|가랏
40596|떠맡기다
40597|모멸
40598|포카혼타스
40599|내외하다
40600|트롬본
40601|전가복
40602|수소탄
40603|재선충병
40604|정물
40605|잠겨지다
40606|참주
40607|오해되다
40608|입막음하다
40609|약학
40610|국가재정
40611|랍
40612|멸문
40613|하딩
40614|라이시
40615|소후
40616|툴툴
40617|두용
40618|상수도
40619|메릴랜드주
40620|솔레
40621|한약방
40622|충만
40623|청미
40624|탈색되다
40625|득시글거리다
40626|여성계
40627|피동
40628|후잉
40629|공공질서
40630|규격화되다
40631|재수감되다
40632|성묘하다
40633|너너
40634|잔발
40635|수탁
40636|유니버시아드
40637|관료제
40638|비류
40639|장욱진
40640|슬리브리스
40641|뻐끔
40642|삼복더위
40643|왜국
40644|비루하다
40645|유착되다
40646|뜸부기
40647|두문불출하다
40648|푸드덕거리다
40649|우대
40650|고하
40651|반들반들
40652|합작품
40653|상재
40654|빠루
40655|빌뉴스
40656|귀구
40657|외견
40658|빼곡
40659|실로
40660|염색되다
40661|티후아나
40662|전락
40663|트로피컬
40664|개주
40665|집전하다
40666|문도
40667|오릭스
40668|박시하다
40669|도태
40670|마이너리티
40671|부동산업
40672|플리츠
40673|직립
40674|로잉
40675|보아주다
40676|발사르탄
40677|나무하다
40678|퇴행하다
40679|발원
40680|수비력
40681|속주머니
40682|빈대
40683|흥부전
40684|재깍재깍
40685|복작복작하다
40686|아마씨
40687|뿌러지다
40688|윈드브레이커
40689|대화창
40690|앙투안
40691|운송되다
40692|정영
40693|별천지
40694|필담
40695|뽀록
40696|서생
40697|우롱
40698|파키케팔로사우루스
40699|피프로닐
40700|아라베스크
40701|눈꼽
40702|현재형
40703|공태
40704|하혈
40705|로스팅하다
40706|작은딸
40707|상식선
40708|지피지기
40709|딕다
40710|몽니
40711|짱박다
40712|외도하다
40713|욱신욱신
40714|종신
40715|폐비
40716|명리
40717|청사초롱
40718|뽀득
40719|소반
40720|맞고소하다
40721|결방
40722|베르너
40723|낙인찍다
40724|실실거리다
40725|수몰되다
40726|농업용수
40727|네바다주
40728|급가속
40729|노름판
40730|상부상조하다
40731|백지화되다
40732|구둣방
40733|유시
40734|윗대가리
40735|까리하다
40736|티본
40737|브렌트유
40738|필터링하다
40739|태피
40740|뱃노래
40741|노산
40742|알은체하다
40743|고미
40744|작은어머니
40745|입관
40746|카바나
40747|일렉트로닉스
40748|명약
40749|연착되다
40750|쓸
40751|강구
40752|코흐
40753|바이어스
40754|야물딱지다
40755|벨파스트
40756|전락시키다
40757|보글거리다
40758|워케이션
40759|허브다
40760|신생대
40761|프로스팅
40762|사부작사부작
40763|진출권
40764|마다가스카
40765|중층
40766|식식거리다
40767|슬라이딩하다
40768|송탄
40769|통사
40770|이쁘장하다
40771|중화하다
40772|저애
40773|국가관
40774|지전
40775|귀결
40776|독후
40777|윈드서핑
40778|얼큰이
40779|카마르고
40780|말도
40781|르망
40782|고구레다
40783|세력권
40784|시양
40785|명차
40786|필독서
40787|헌종
40788|불가피성
40789|패서디나
40790|전실
40791|모작하다
40792|글쟁이
40793|타이태닉호
40794|좀스럽다
40795|황순원
40796|개펄
40797|생령
40798|분단국가
40799|잣대
40800|뱃놈
40801|친목회
40802|과일칼
40803|게이트웨이
40804|임용하다
40805|흥얼흥얼
40806|플릭
40807|별호
40808|기사회생하다
40809|촤르르
40810|탈룰라
40811|승국
40812|뻥튀기하다
40813|제습
40814|부둥키다
40815|낭설
40816|트리어
40817|우후후
40818|만기일
40819|소개서
40820|마교
40821|콩닥거리다
40822|곡기
40823|연출력
40824|신예
40825|두로
40826|술시
40827|슬레이브
40828|콜록대다
40829|죽임
40830|부화되다
40831|총참모장
40832|미니미니
40833|장릉
40834|춘절
40835|불문
40836|시무하다
40837|예기하다
40838|전산화
40839|아욱
40840|년말
40841|간행물
40842|조삼모사
40843|배식하다
40844|스토아
40845|집어내다
40846|안토니우스
40847|에도
40848|아배
40849|사레들리다
40850|망령되다
40851|달집태우기
40852|주무시다
40853|좌익수
40854|투두둑
40855|선서문
40856|애국주의
40857|석장
40858|망치
40859|뽕뽕
40860|창세
40861|발그레
40862|용접공
40863|켈빈
40864|개과천선
40865|꺼끌꺼끌하다
40866|차녀
40867|히우다
40868|울란
40869|헤실헤실
40870|옵저버
40871|위브
40872|다한증
40873|혜현
40874|복슬복슬
40875|아누비스
40876|은금
40877|조과
40878|곤충류
40879|운사
40880|환송하다
40881|함미
40882|성리
40883|제모하다
40884|직관력
40885|문안하다
40886|쌍시옷
40887|비스크
40888|군졸
40889|하우스키퍼
40890|감복하다
40891|호칭하다
40892|하바
40893|홍군
40894|혼연일체
40895|이면
40896|역린
40897|패트롤
40898|레플리카
40899|부적격자
40900|추첨제
40901|에듀케이션
40902|레닌그라드
40903|아퀴나스
40904|석축
40905|돌림자
40906|잼잼
40907|앵커리지
40908|오일러
40909|여차
40910|간직되다
40911|누비
40912|괭이
40913|드로이드
40914|치명
40915|외가댁
40916|가시화하다
40917|사포닌
40918|외견상
40919|체코슬로바키아
40920|하드보일드
40921|국지전
40922|용형
40923|보상액
40924|갓난쟁이
40925|카술레
40926|선각자
40927|이능
40928|중고등부
40929|볼셰비키
40930|로스트비프
40931|오리지널리티
40932|멜로드라마
40933|양감
40934|병욱
40935|방임하다
40936|휑뎅그렁하다
40937|야오족
40938|거꾸러뜨리다
40939|피어슨
40940|송판
40941|대유행하다
40942|앨버타
40943|교목
40944|웃게
40945|티읕
40946|난파
40947|면장갑
40948|멍고
40949|올려붙이다
40950|우공
40951|이감
40952|불변하다
40953|이진법
40954|눈팅
40955|짱깨
40956|의좋다
40957|고무줄놀이
40958|추암
40959|민속학
40960|타법
40961|유제
40962|도끼질
40963|과거제
40964|지자
40965|분후
40966|괴괴하다
40967|종마
40968|일석삼조
40969|고견
40970|채색되다
40971|싱글턴
40972|컬러풀
40973|왁자하다
40974|적초
40975|솔찬히
40976|웽
40977|방염
40978|동요되다
40979|읽씹하다
40980|뭉치
40981|짱뚱이
40982|회춘하다
40983|볏단
40984|잉잉
40985|오돌오돌
40986|수교하다
40987|부실시공
40988|저신용자
40989|둘리다
40990|과소평가되다
40991|경철
40992|꽃비
40993|지브롤터
40994|실트
40995|한하다
40996|먹깨비
40997|꾸꾸꾸
40998|윗목
40999|개헌하다
41000|덩어리지다
41001|망보다
41002|군호
41003|여적
41004|기업하다
41005|쌕쌕거리다
41006|호경
41007|사각사각하다
41008|나무틀
41009|미욱하다
41010|대폭적
41011|망돌
41012|똥똥하다
41013|극약
41014|녹음테이프
41015|유척
41016|맨드레이크
41017|드레퓌스
41018|작은빨간집모기
41019|아위
41020|국유화
41021|초행길
41022|거수경례
41023|효동
41024|운수업
41025|플다
41026|양가죽
41027|재언
41028|클린업
41029|찰떡같다
41030|직송
41031|만족되다
41032|롱기누스
41033|개진
41034|군령
41035|합산되다
41036|복종시키다
41037|할마이
41038|입어
41039|튜터링
41040|선언적
41041|웨다
41042|북문
41043|카라카스
41044|다민족
41045|조후
41046|이하응
41047|바윗덩어리
41048|함광
41049|탄알
41050|오티
41051|환시
41052|체위
41053|고생고생하다
41054|맞고소
41055|플뢰레
41056|인생길
41057|흑색선전
41058|완비하다
41059|심양
41060|주룩
41061|미끈미끈하다
41062|웅어
41063|가두
41064|아네모네
41065|다우저
41066|꽃물
41067|부덕
41068|패악
41069|모문룡
41070|월도
41071|재수강
41072|맞춤하다
41073|마스다
41074|손씨
41075|나트
41076|고령화되다
41077|전후좌우
41078|불합리
41079|폴룩스
41080|재키다
41081|기암절벽
41082|길주
41083|찡긋거리다
41084|컨설팅하다
41085|휑
41086|불키다
41087|무기한
41088|미우
41089|샘플러
41090|기축
41091|카피라이터
41092|소네트
41093|세모꼴
41094|고혈
41095|시포
41096|흰고래
41097|중어
41098|부름
41099|링귀니
41100|밀리리터
41101|유언하다
41102|등롱
41103|벽두
41104|디비
41105|개살구
41106|졸작
41107|재판매하다
41108|강촌
41109|인정사정없다
41110|깜박이다
41111|냥반
41112|읭
41113|서정시
41114|애무
41115|교환기
41116|헤드락
41117|선승
41118|뿌지직
41119|강매하다
41120|렌트비
41121|용퇴
41122|와오
41123|경과되다
41124|트론
41125|접두사
41126|섭식
41127|캐서롤
41128|톱질하다
41129|쿠페
41130|예속
41131|육두문자
41132|급락세
41133|땅땅하다
41134|사육하다
41135|풍작
41136|분칠
41137|새콤새콤
41138|로코코
41139|우월성
41140|맞절
41141|기정사실화되다
41142|파들파들
41143|여비서
41144|중요시되다
41145|학구적
41146|영욱
41147|미치오
41148|대조영
41149|예포
41150|후난
41151|국가시험
41152|장맛
41153|스타우트
41154|재점검하다
41155|간과되다
41156|룩스
41157|성한
41158|캔버라
41159|북어국
41160|양동
41161|부친상
41162|해애
41163|남정네
41164|가열차다
41165|분쇄되다
41166|쉼
41167|에게해
41168|인나다
41169|개봉작
41170|인텔리
41171|당기
41172|영화화하다
41173|천덕
41174|레티날
41175|몽탄
41176|속기사
41177|잡식
41178|쏠다
41179|기착지
41180|정방형
41181|역마살
41182|숙박부
41183|연회색
41184|원당
41185|대한매일신보
41186|노부
41187|역전승하다
41188|무장시키다
41189|용해되다
41190|원구
41191|연음
41192|동질성
41193|심청가
41194|성에
41195|팝잇
41196|각가지
41197|정협
41198|미스매치
41199|근시안적
41200|투과되다
41201|야차
41202|안변하다
41203|매관매직
41204|칭화대
41205|당력
41206|공복감
41207|내처
41208|호인
41209|꾸기다
41210|정엽
41211|카프레제
41212|석회질
41213|생포되다
41214|닫
41215|우토
41216|꼽등이
41217|리플
41218|호수비
41219|기우뚱거리다
41220|누마타
41221|마인츠
41222|포르
41223|춤판
41224|어리벙벙하다
41225|파판
41226|손상하다
41227|샤리아
41228|침목
41229|집들이하다
41230|벤치
41231|인터랙션
41232|비희
41233|성선설
41234|엄근진
41235|들가다
41236|기념회
41237|이상주의
41238|개교식
41239|벽서
41240|낙제생
41241|필요조건
41242|굽타
41243|출첵
41244|맹타
41245|맹꽁이
41246|강제되다
41247|이중창
41248|사금
41249|설국
41250|자발성
41251|과달라하라
41252|아포가토
41253|자우림
41254|계상
41255|독거
41256|지고지순하다
41257|병창
41258|전종
41259|나아
41260|히프
41261|우듬지
41262|자생적
41263|숙수
41264|유구
41265|가네샤
41266|뒤셀도르프
41267|항거
41268|하숙비
41269|홍익인간
41270|티눈
41271|량제
41272|최대화
41273|긁
41274|보담
41275|행원
41276|강대하다
41277|병색
41278|모티베이션
41279|그래플링
41280|고대
41281|문질문질
41282|총정리하다
41283|삼파전
41284|줘패다
41285|나염
41286|키네시스
41287|전문화되다
41288|노디
41289|과도기적
41290|족구하다
41291|복직되다
41292|예속되다
41293|공심
41294|후송하다
41295|흑조
41296|메모지
41297|베시
41298|키노트
41299|오전반
41300|기둥서방
41301|이복형제
41302|명아
41303|초계
41304|후덜덜하다
41305|체계화되다
41306|세마포
41307|절대
41308|아현동
41309|싸이퍼
41310|냉방기
41311|착복하다
41312|어멋
41313|땀투성이
41314|교전하다
41315|단독범
41316|스투피드
41317|승압
41318|월정
41319|미네소타주
41320|응축
41321|황도
41322|떨어내다
41323|자박
41324|입덧하다
41325|태동하다
41326|조회되다
41327|멀웨어
41328|따리
41329|실천되다
41330|건축학
41331|매료
41332|걸머지다
41333|래원
41334|좌불안석
41335|이미테이션
41336|포비아
41337|개략적
41338|바이오팜
41339|다부
41340|나전
41341|국방색
41342|초본
41343|프록시
41344|비지땀
41345|맞들다
41346|미끄덩거리다
41347|간택하다
41348|건사
41349|느억맘
41350|용장
41351|개포
41352|컨버터블
41353|푸시킨
41354|배춧국
41355|총부리
41356|노병
41357|층층
41358|입식
41359|꽃동산
41360|핸드헬드
41361|박은식
41362|대퇴
41363|봉련
41364|태만
41365|공깃돌
41366|완구점
41367|한러
41368|선공개하다
41369|성업
41370|기현상
41371|넘겨다보다
41372|서우다
41373|별세계
41374|고조할아버지
41375|운동원
41376|총관
41377|폐쇄시키다
41378|죽도
41379|비명횡사하다
41380|파인트
41381|평준화되다
41382|스피크
41383|수형자
41384|시나
41385|채식주의
41386|달뜨다
41387|볼메다
41388|법제화하다
41389|하달되다
41390|실수투성이
41391|땅딸보
41392|앞서
41393|애노드
41394|푸대접
41395|가무
41396|한능검
41397|모리슨
41398|장구하다
41399|에비다
41400|커프
41401|유폐되다
41402|투정하다
41403|추분
41404|레너
41405|끄적끄적
41406|공공사업
41407|대치되다
41408|케이타
41409|다망하다
41410|철컹철컹
41411|쫑알거리다
41412|지익
41413|재첩
41414|회임하다
41415|불로불사
41416|유스이
41417|네모반듯하다
41418|임실
41419|배당률
41420|소생시키다
41421|어육
41422|야타다
41423|야성적
41424|마멀레이드
41425|지간
41426|스스럼
41427|흰뺨검둥오리
41428|꼬집히다
41429|적대시
41430|토속적
41431|달그락달그락
41432|녹아웃
41433|거짓부렁
41434|디지털화하다
41435|데이다
41436|원훈
41437|유세차
41438|완비
41439|주동
41440|실격되다
41441|마신
41442|아녀다
41443|코바늘
41444|유일무이
41445|요리되다
41446|세레스
41447|토도독
41448|큰고모
41449|역력히
41450|탈다
41451|잭나이프
41452|삭이다
41453|해당화
41454|안절부절하다
41455|예방되다
41456|가루약
41457|걸레짝
41458|주군
41459|제곱근
41460|성회
41461|음행하다
41462|이젝터
41463|미쁘다
41464|왜관
41465|도용되다
41466|크루통
41467|역행
41468|마트료시카
41469|안익태
41470|유린당하다
41471|쟁점화하다
41472|워라벨
41473|좌초하다
41474|입법하다
41475|키마이라
41476|이땅
41477|접촉되다
41478|필상
41479|야도
41480|움푹하다
41481|북송되다
41482|양성소
41483|사치하다
41484|김자점
41485|돌파력
41486|둔근
41487|루블
41488|좆다
41489|입적
41490|옹립하다
41491|따습다
41492|우학
41493|숙려
41494|버로우
41495|울렁이다
41496|에메
41497|과대평가되다
41498|유유상종
41499|딸깍딸깍
41500|외경
41501|해장되다
41502|옥바라지
41503|각축전
41504|어빙
41505|실추
41506|힐베르트
41507|온니
41508|결번
41509|소장파
41510|실각
41511|그래여
41512|공탁하다
41513|출렁출렁
41514|이중인격자
41515|의식되다
41516|이승만
41517|배급소
41518|흑청
41519|취조관
41520|고립하다
41521|학적
41522|조용조용하다
41523|근신
41524|국민학생
41525|은반
41526|뜨이다
41527|맹위
41528|창건하다
41529|피레
41530|결연히
41531|히힝
41532|대추차
41533|밀크쉐이크
41534|주자하다
41535|선문
41536|꽃술
41537|불고기
41538|황구
41539|콘트라베이스
41540|본길
41541|허덕이다
41542|호걸
41543|향고
41544|스노우맨
41545|땅꾼
41546|나우루
41547|알자스
41548|허어
41549|노땅
41550|벨하다
41551|사팔뜨기
41552|노인층
41553|생부
41554|마방
41555|무신
41556|전초
41557|입실
41558|그라스
41559|쩝쩝대다
41560|연재물
41561|큰북
41562|팔딱거리다
41563|옥패
41564|디모
41565|프리캐스트
41566|천히
41567|적재하다
41568|타지키스탄
41569|침향
41570|빈부
41571|장가보내다
41572|가쇼
41573|라시드
41574|겸업
41575|법궁
41576|움찔움찔하다
41577|내항
41578|끝말
41579|개헤엄
41580|가둬지다
41581|미명
41582|선위
41583|합주하다
41584|참수하다
41585|하행
41586|동림
41587|명확성
41588|쳐올리다
41589|뚱뚱보
41590|스케줄링
41591|행하
41592|물배
41593|낚시줄
41594|군법
41595|분탕질
41596|초호
41597|내사하다
41598|저울질
41599|찬탄
41600|노닐다
41601|배격하다
41602|대롱거리다
41603|준준결승
41604|주앙
41605|선전물
41606|똥싸개
41607|상유
41608|가솔
41609|사잇길
41610|여거
41611|아리까리하다
41612|낙낙하다
41613|째깐하다
41614|공익성
41615|매국
41616|페티시
41617|합리
41618|석봉
41619|비협조
41620|운정
41621|대필하다
41622|노신사
41623|영산
41624|오쓰
41625|도키
41626|샷시
41627|부의
41628|들먹거리다
41629|사형장
41630|탈법
41631|트라이하다
41632|여사원
41633|백도어
41634|밤일
41635|복사뼈
41636|아보
41637|부유
41638|허베이
41639|장춘
41640|철군하다
41641|학감
41642|오인되다
41643|실베스터
41644|삼신할머니
41645|보법
41646|수천수만
41647|구조화
41648|델피
41649|봉희
41650|파렴치하다
41651|캉캉
41652|과금하다
41653|괴기하다
41654|이용우
41655|불가촉천민
41656|스타카토
41657|바윗돌
41658|월급제
41659|엘크
41660|자이로스코프
41661|전만하다
41662|컥컥거리다
41663|콧방울
41664|퇴정
41665|단발하다
41666|겉잡다
41667|허미
41668|처단
41669|트윌
41670|먹음직하다
41671|꽃바람
41672|집적
41673|카인드
41674|실총
41675|의종
41676|왕기
41677|헤드록
41678|윗자리
41679|재개봉하다
41680|합작사
41681|접미사
41682|에이프런
41683|맛다
41684|품평하다
41685|어떡해서
41686|농성하다
41687|획정
41688|기웃
41689|용녀
41690|커나다
41691|공중목욕탕
41692|태만하다
41693|애기똥풀
41694|약진하다
41695|영한
41696|세세생생
41697|감행
41698|소금장수
41699|소보로빵
41700|용선
41701|조직화되다
41702|뒷구멍
41703|장서
41704|과잉되다
41705|징발하다
41706|법학자
41707|선구적
41708|난적
41709|무석
41710|길수
41711|내장재
41712|시짱
41713|암염
41714|강습회
41715|플러스하다
41716|스코
41717|직조
41718|포츠머스
41719|우둘투둘하다
41720|방일
41721|울혈
41722|물어물어
41723|동천
41724|전식
41725|캐피
41726|법문
41727|저개발
41728|역전패
41729|질퍽질퍽하다
41730|독트린
41731|옹이
41732|피식거리다
41733|깜
41734|유람하다
41735|선동적
41736|정념
41737|배은망덕
41738|수식하다
41739|서열화
41740|볼매
41741|광동
41742|콜로서스
41743|순나
41744|가리왕산
41745|파라미터
41746|마이어
41747|무지개떡
41748|개평
41749|테트라포드
41750|나사못
41751|미러볼
41752|수월
41753|우드락
41754|앓
41755|파편화되다
41756|노엘
41757|조력하다
41758|병치레
41759|눌러두다
41760|돌탄
41761|재방문하다
41762|거듭거듭
41763|밀초
41764|증자
41765|소노마
41766|달변
41767|직거래하다
41768|쿨라
41769|불신감
41770|마술하다
41771|짤랑짤랑
41772|마위
41773|방죽
41774|메구
41775|우지직
41776|개개
41777|착신
41778|허비
41779|행어
41780|의절하다
41781|소달구지
41782|둔촌
41783|꿈다
41784|계도
41785|월석
41786|유공
41787|물막이판
41788|휘청대다
41789|필독
41790|핼리
41791|리저드
41792|증액되다
41793|환궁
41794|나불나불
41795|오뚝이
41796|니어
41797|로자
41798|제하다
41799|그린룸
41800|동글하다
41801|아파토사우루스
41802|괴사하다
41803|충당
41804|탈골되다
41805|참전국
41806|콘월
41807|패륜아
41808|세우
41809|출사하다
41810|내측
41811|피골
41812|거국적
41813|안올리다
41814|위령탑
41815|결판나다
41816|소모전
41817|고약
41818|듀공
41819|근심거리
41820|강장제
41821|제너레이터
41822|완봉승
41823|편취
41824|아카이빙
41825|부생
41826|해약하다
41827|대곡
41828|합리주의
41829|노다지
41830|총판
41831|극점
41832|어떠어떠하다
41833|마더보드
41834|공돈
41835|애수
41836|면접하다
41837|감시원
41838|속물적
41839|생살
41840|칼마르
41841|단꿈
41842|어찌어찌하다
41843|종루
41844|율사
41845|봉토
41846|트루퍼
41847|깝깝하다
41848|글썽하다
41849|지번
41850|바람꽃
41851|축조하다
41852|끼부리
41853|다식
41854|점지하다
41855|놈팽이
41856|다국어
41857|완수되다
41858|고목나무
41859|함지박
41860|스콜
41861|외성
41862|캔트
41863|메줏가루
41864|예악
41865|맏며느리
41866|입후보자
41867|파송하다
41868|실용화
41869|간혹가다
41870|증량하다
41871|첫술
41872|토스카나
41873|바이오리듬
41874|박종훈
41875|박명
41876|미망
41877|브리튼
41878|노인장
41879|국희
41880|줄초상
41881|하오
41882|무호흡
41883|주지시키다
41884|다리미판
41885|아전
41886|송월
41887|상황판
41888|거저먹다
41889|참판
41890|집권자
41891|취임
41892|이음매
41893|아슈르
41894|행정가
41895|중얼중얼하다
41896|일내다
41897|그루비
41898|임테기
41899|아비뇽
41900|고무풍선
41901|요동하다
41902|팩시밀리
41903|액괴
41904|폴립
41905|부비다
41906|부야베스
41907|다이크
41908|안사돈
41909|재림
41910|윤리관
41911|세인트폴
41912|웰메이드
41913|뻐드렁니
41914|노랫가락
41915|고진감래
41916|뽐뿌
41917|연숙
41918|년놈
41919|아바나
41920|씁쓸히
41921|복각하다
41922|딩동딩동
41923|막선
41924|독고다이
41925|부칙
41926|분연히
41927|만신
41928|넓디넓다
41929|돌려대다
41930|외딴집
41931|디켄터
41932|마스토돈
41933|결판내다
41934|구유
41935|알짱대다
41936|무뚝뚝
41937|찬거리
41938|노박
41939|목화씨
41940|오이김치
41941|아랫동네
41942|동류
41943|발길질하다
41944|주책맞다
41945|공로자
41946|리유니언
41947|불꽃같다
41948|특감
41949|보이시하다
41950|요율
41951|증원되다
41952|청옥
41953|초급반
41954|청유
41955|접신
41956|분리대
41957|성오
41958|하드커버
41959|잔금
41960|뽀글뽀글하다
41961|유영하다
41962|편찬
41963|밤참
41964|신벌
41965|울컥울컥하다
41966|방증하다
41967|똑같이
41968|제련소
41969|스포이트
41970|브로스
41971|카티아
41972|차애
41973|초오
41974|연승하다
41975|소토
41976|철산
41977|벤자리
41978|덧붙다
41979|보스토크
41980|히치콕
41981|실착
41982|실각하다
41983|투시하다
41984|용평
41985|골품
41986|연락선
41987|침몰되다
41988|휘황하다
41989|금자탑
41990|삿되다
41991|페로
41992|잉꼬부부
41993|을밀대
41994|헛점
41995|판정승
41996|옛사랑
41997|낑
41998|미네기
41999|안착되다
42000|떡락하다
42001|환초
42002|조처하다
42003|너바나
42004|강인
42005|야쿠시마
42006|결리다
42007|스펙터
42008|방청하다
42009|히스테릭하다
42010|두런거리다
42011|그라츠
42012|되게
42013|첨부
42014|베블런
42015|삼림욕
42016|물오르다
42017|글리다
42018|가사하다
42019|분초
42020|전대협
42021|셰이프
42022|모라토리엄
42023|삼중고
42024|쇼부
42025|까닥거리다
42026|경로잔치
42027|미래상
42028|부크다
42029|홍이
42030|비트겐슈타인
42031|가신
42032|크로나
42033|분석기
42034|창병
42035|웨어하우스
42036|옥계
42037|필법
42038|다대일
42039|죽통
42040|뒤주
42041|머리끄댕이
42042|금딸
42043|스피더
42044|깔깔하다
42045|짝하다
42046|용비어천가
42047|보조인
42048|평화주의
42049|병권
42050|산음
42051|주루
42052|궐내
42053|투기성
42054|좁디좁다
42055|간당간당
42056|생분해성
42057|정글다
42058|진일보하다
42059|음악제
42060|방수되다
42061|갈겨쓰다
42062|공시되다
42063|음조
42064|브리치
42065|껍데기
42066|고름
42067|더킹
42068|상급반
42069|마병
42070|말대답
42071|학전
42072|귀무가설
42073|생이별하다
42074|캐슈
42075|브르타뉴
42076|자멸
42077|소두
42078|인스턴스
42079|무역업
42080|두발자전거
42081|옥정
42082|천거하다
42083|첨언
42084|호갱
42085|한욱
42086|변주곡
42087|빙원
42088|문갑
42089|카우걸
42090|정표
42091|찌리
42092|효범
42093|묵호
42094|융숭하다
42095|어포
42096|총살하다
42097|비시
42098|한동네
42099|허벅다리
42100|폼페이우스
42101|거스러미
42102|백지상태
42103|검정콩
42104|유묵
42105|표밭
42106|스가랴
42107|자홍
42108|도면
42109|천비
42110|삼례
42111|남용되다
42112|상그리아
42113|설왕설래하다
42114|간직
42115|나란하다
42116|에이브럼스
42117|갈급하다
42118|산시
42119|수낙
42120|이으다
42121|멘델스존
42122|산뜻
42123|뒤표지
42124|샤를로트
42125|뚱뚱이
42126|의뭉스럽다
42127|어질리티
42128|윤석중
42129|거류하다
42130|무마되다
42131|근거
42132|개종자
42133|야성미
42134|클로그
42135|립싱크하다
42136|한세상
42137|왕령
42138|검은돈
42139|불퉁하다
42140|브리치즈
42141|채굴업자
42142|밀리그램
42143|천편일률적
42144|살라미스
42145|본정
42146|홍초
42147|상참
42148|광막하다
42149|정례화하다
42150|정회하다
42151|고담
42152|카자흐
42153|뿌잉뿌잉
42154|영화화되다
42155|뭉그적거리다
42156|가염
42157|만두국
42158|탐탐
42159|민족성
42160|아쟁
42161|무언극
42162|중흥
42163|율법학자
42164|괴리되다
42165|햇과일
42166|이리하다
42167|방실방실
42168|탱화
42169|평전
42170|물꾸럭
42171|주청
42172|종중
42173|카론
42174|용포
42175|지하화하다
42176|비드
42177|때려먹다
42178|정견
42179|급선회하다
42180|서량
42181|흐지부지하다
42182|천변
42183|완치하다
42184|으미
42185|통근하다
42186|장절하다
42187|미옥다
42188|호치키스
42189|혼혈아
42190|개축하다
42191|남위
42192|중개업
42193|시각차
42194|배회
42195|스플리터
42196|컴프레셔
42197|피항
42198|장류
42199|스티어링
42200|뒤집
42201|양이
42202|제설
42203|도막
42204|퇴거하다
42205|애먹이다
42206|필살
42207|이누이트
42208|디퓨전
42209|퀼팅
42210|바깥출입
42211|동기화하다
42212|삽자루
42213|울컥울컥
42214|문풍지
42215|윤옥
42216|주절대다
42217|잡이
42218|삼원색
42219|군아
42220|통속적
42221|부조금
42222|알함브라
42223|레파토리
42224|순모
42225|계절성
42226|아란치니
42227|얽어매다
42228|도촬
42229|방산
42230|완진
42231|탁상공론
42232|갸웃
42233|간하다
42234|고놈
42235|디스트로이어
42236|신줏단지
42237|언어생활
42238|풀백
42239|대풍
42240|스웨덴어
42241|웹스터
42242|딴전
42243|주수
42244|김발
42245|감성팔이
42246|화란
42247|마스터플랜
42248|최하
42249|미풍양속
42250|소뇌
42251|정미소
42252|명훈
42253|스물스물
42254|유입하다
42255|누끼
42256|우송하다
42257|웨일
42258|잔열
42259|밀입국자
42260|생감자
42261|승단
42262|태중
42263|브라우닝
42264|귀순자
42265|오키프
42266|브란덴부르크
42267|자미
42268|캐러밴
42269|민담
42270|질펀하다
42271|류머티즘
42272|황홀감
42273|아태
42274|계측하다
42275|이옥
42276|오나전
42277|구머
42278|호그
42279|멤브레인
42280|답가
42281|고숩다
42282|갓끈
42283|역성장하다
42284|종종거리다
42285|이부프로펜
42286|암시되다
42287|이상
42288|하절기
42289|제삿밥
42290|하미
42291|공항버스
42292|채솟값
42293|축조
42294|땃
42295|속병
42296|자산가
42297|뭉뚝하다
42298|동고동락
42299|가리워지다
42300|의협심
42301|흉골
42302|질시
42303|호혜적
42304|인민학교
42305|햄버그스테이크
42306|멘티
42307|일인칭
42308|비피
42309|바윗덩이
42310|주업
42311|알트코인
42312|보합
42313|식경
42314|급체
42315|리라
42316|음소
42317|쿠마리
42318|부글부글하다
42319|비선
42320|종숙
42321|템스강
42322|번쩍이다
42323|딸딸
42324|휘적거리다
42325|위장병
42326|파이낸스
42327|에로
42328|낙선자
42329|시렁
42330|속개하다
42331|페낭
42332|주취
42333|탄수
42334|관상어
42335|승전가
42336|조잘거리다
42337|첩약
42338|테왁
42339|마선호
42340|스노클
42341|밥맛없다
42342|대하소설
42343|행락객
42344|호타
42345|애저녁
42346|헌물
42347|장빙
42348|총사퇴하다
42349|장광설
42350|내린천
42351|분절되다
42352|해리
42353|시마네현
42354|목축업
42355|벤또
42356|브루넬
42357|열째
42358|저축률
42359|광공업
42360|총론
42361|메디케어
42362|캔터베리
42363|달동네
42364|명검
42365|배급되다
42366|관혼상제
42367|바쿠테
42368|뚱카롱
42369|발고하다
42370|동티
42371|북청
42372|조어
42373|신륵사
42374|후베이
42375|남현동
42376|무기화하다
42377|조형미
42378|서큘레이터
42379|감청하다
42380|전폭
42381|늘어서다
42382|인종주의
42383|식신
42384|상충
42385|재반박하다
42386|물미역
42387|포격하다
42388|생두
42389|몽테뉴
42390|아웃사이드
42391|순매도하다
42392|괴소문
42393|흥얼대다
42394|떡값
42395|더운밥
42396|패전국
42397|로메인
42398|추월당하다
42399|밀수입하다
42400|묘향산
42401|정청
42402|배이다
42403|바리케이트
42404|집도
42405|안타나나리보
42406|잉여
42407|클리어링
42408|석보
42409|석환
42410|방관
42411|러더퍼드
42412|일언지하
42413|가야
42414|견지
42415|플레이백
42416|희생적
42417|농사하다
42418|개악
42419|요네자와
42420|함지
42421|피오르
42422|진분홍
42423|와구
42424|오르소
42425|얼랑
42426|콜드브루
42427|단막극
42428|새알
42429|취준
42430|납덩이
42431|댈
42432|자자손손
42433|종장
42434|세숫대야
42435|돌려내다
42436|순례하다
42437|청과물
42438|관식
42439|마이카
42440|떡배
42441|도취
42442|삐리리
42443|나달
42444|개하다
42445|택현
42446|홍비
42447|삼일절
42448|철인
42449|거트루드
42450|매수되다
42451|칼국숫집
42452|일원론
42453|조산
42454|싱글즈
42455|스트로
42456|문하
42457|단층집
42458|세그먼트
42459|방글방글
42460|깽단
42461|축내다
42462|아키텍쳐
42463|헤벌리다
42464|유리되다
42465|무대다
42466|공동화
42467|스케줄러
42468|공중도덕
42469|전히
42470|자당
42471|드보르자크
42472|개가
42473|잎다
42474|활동력
42475|리볼빙
42476|지파이
42477|축협
42478|일원화하다
42479|압도
42480|일루미나티
42481|슈퍼바이저
42482|심술부리다
42483|와쿠
42484|피리어드
42485|버찌
42486|따따따따
42487|흡착하다
42488|발아하다
42489|용감무쌍
42490|사고당하다
42491|하지만
42492|리마스터링
42493|정저우
42494|죄지다
42495|코클
42496|아우렐리우스
42497|반가움
42498|그르릉
42499|주사약
42500|튜더
42501|알가
42502|카스트로
42503|응집되다
42504|융화되다
42505|레이온
42506|리피
42507|진표
42508|취저
42509|윤달
42510|태평소
42511|위벽
42512|포니
42513|팔씨름하다
42514|리시브
42515|공납
42516|대소
42517|기진맥진
42518|남자관계
42519|셀룰라이트
42520|정신대
42521|고급품
42522|간언
42523|피접
42524|숙면하다
42525|영전하다
42526|탈놀이
42527|체면
42528|창우
42529|인덕
42530|틸리다
42531|하기비스
42532|표석
42533|기쿠치
42534|굽어살피다
42535|끄적거리다
42536|방배
42537|배곯다
42538|트뤼프
42539|하직하다
42540|복실
42541|광진
42542|도너
42543|친고죄
42544|포매
42545|노이
42546|외선
42547|증식되다
42548|조당
42549|티탄
42550|수건돌리기
42551|성악설
42552|적삼
42553|역기능
42554|테이블스푼
42555|찐찐
42556|씨씨다
42557|카라치
42558|화답
42559|태업
42560|표제어
42561|들고
42562|양악
42563|문고판
42564|날름날름
42565|남천
42566|쩐
42567|베텔게우스
42568|원육
42569|부질없이
42570|출바알
42571|낼모레
42572|퍼실리티
42573|에고
42574|총총걸음
42575|되강오리
42576|동부승지
42577|특진하다
42578|등용
42579|빙그르
42580|손세탁
42581|멥쌀
42582|동조자
42583|열어
42584|구관조
42585|쥬니어
42586|의처증
42587|사책
42588|분만하다
42589|탕아
42590|검역소
42591|죄어들다
42592|판매소
42593|괴혈병
42594|노화되다
42595|산증인
42596|주접떨다
42597|병진
42598|해조
42599|부페
42600|입병
42601|인간이
42602|맬서스
42603|지랄병
42604|페그
42605|교비
42606|서걱서걱하다
42607|간행
42608|망신살
42609|담주
42610|멸절하다
42611|뜨듯하다
42612|다복하다
42613|평식
42614|압출하다
42615|스와치
42616|이종사촌
42617|을파소
42618|공공건물
42619|대립적
42620|웅대하다
42621|휴관하다
42622|충족감
42623|사이다
42624|쉬쉬
42625|카발라
42626|학생복
42627|엽산
42628|반유
42629|전씨
42630|미성숙
42631|염미
42632|완쾌하다
42633|박막
42634|남포
42635|최대화하다
42636|바깥일
42637|회군하다
42638|증조
42639|바글거리다
42640|얼레리꼴레리
42641|제문
42642|반명
42643|염수
42644|집약하다
42645|계화
42646|쥐색
42647|리얼타임
42648|닦
42649|상방
42650|붉은귀거북
42651|동냥
42652|무령
42653|문정
42654|어슷하다
42655|큰눈
42656|어리
42657|환적
42658|고깃값
42659|운보
42660|음가
42661|주차권
42662|비곗덩어리
42663|강로
42664|스크랜턴
42665|퓽
42666|퇴궐하다
42667|되시
42668|광천수
42669|경서
42670|윤전기
42671|이카로스
42672|혁파하다
42673|젠트리피케이션
42674|키카
42675|거적때기
42676|무취
42677|술방
42678|교미하다
42679|훈제하다
42680|소니
42681|왜인
42682|찬합
42683|개표하다
42684|팔딱
42685|명멸하다
42686|역활
42687|파경
42688|허우적
42689|속곳
42690|제언
42691|근검
42692|크레아틴
42693|근초고왕
42694|저명인사
42695|유훈
42696|구중궁궐
42697|어획
42698|건재
42699|폐하다
42700|순혈
42701|브라스
42702|빨가벗다
42703|델
42704|가메
42705|나랑
42706|소성
42707|허니콤
42708|소임
42709|소떡
42710|응축하다
42711|바로잡히다
42712|백의종군하다
42713|꼴깍꼴깍
42714|연방제
42715|화첩
42716|페스티발
42717|오딧세이
42718|명명백백히
42719|축산
42720|인선하다
42721|삼생
42722|하이데거
42723|회진
42724|수만
42725|구명하다
42726|성터
42727|에머슨
42728|납땜하다
42729|언더우드
42730|글로벌화
42731|귓병
42732|가타카나
42733|머뭇머뭇하다
42734|각처
42735|향약
42736|철검
42737|태감
42738|꼬불치다
42739|디스럽터
42740|충견
42741|제마
42742|소왕
42743|신석
42744|꼬매다
42745|견해차
42746|쪽집게
42747|동판
42748|판윤
42749|해족
42750|빙구
42751|에이밍
42752|머리쪽
42753|트래핑
42754|문동
42755|봉변당하다
42756|재임용
42757|방위력
42758|영녕
42759|국궁
42760|옹심이
42761|템플
42762|해쓱하다
42763|읍성
42764|구도자
42765|사료되다
42766|키득
42767|양명
42768|오리걸음
42769|여소
42770|꼬꼬닭
42771|치찰음
42772|통찰하다
42773|간척
42774|이에스
42775|희극적
42776|야지마
42777|화류계
42778|개꼴
42779|아가타
42780|롱비치
42781|신족
42782|소출
42783|확답하다
42784|스톰프
42785|내열성
42786|퍼석하다
42787|짐치
42788|국수주의
42789|페니
42790|글재주
42791|만석꾼
42792|여지없다
42793|깝죽대다
42794|아동기
42795|다갈색
42796|불변성
42797|풀려나오다
42798|아킬레스건
42799|홀터넥
42800|셰스토프
42801|강상
42802|수벌
42803|지씨
42804|법기
42805|푸껫
42806|보이오티아
42807|스프링필드
42808|시무식
42809|구용하다
42810|실언하다
42811|말대답하다
42812|해약
42813|펠릿
42814|폐점하다
42815|독특
42816|프레스코
42817|헥스
42818|두방망이질
42819|너비아니
42820|얽매이다
42821|브라티슬라바
42822|딸랑이
42823|재진
42824|대죄
42825|냉소하다
42826|걸어지다
42827|피어리
42828|동사하다
42829|관람자
42830|웨타다
42831|머니
42832|내면세계
42833|개다리
42834|삼숙
42835|장해
42836|꾸리
42837|목검
42838|네모지다
42839|묘시
42840|중심인물
42841|페니키아
42842|선신
42843|개구지다
42844|나팔바지
42845|춤바람
42846|판독기
42847|의사록
42848|제본
42849|놀람
42850|강권하다
42851|갚음
42852|다름
42853|비품
42854|고무호스
42855|태양력
42856|활옷
42857|노래지다
42858|플
42859|시나이
42860|태연자약하다
42861|숙맥
42862|철하다
42863|합격되다
42864|바이얼레이션
42865|앨리게이터
42866|육룡
42867|보릿자루
42868|둑길
42869|모사사우루스
42870|골라먹다
42871|중자
42872|로마자
42873|화롯불
42874|역공하다
42875|자립적
42876|광범위
42877|호킨스
42878|생축
42879|디코딩
42880|소하
42881|무도하다
42882|페디큐어
42883|쌀집
42884|은괴
42885|초시
42886|미추홀
42887|서북부
42888|구리구리
42889|상례
42890|싸움박질
42891|설송
42892|비지떡
42893|쇠다
42894|통절하다
42895|휘수
42896|폐간되다
42897|중면
42898|조금하다
42899|병졸
42900|주왕산
42901|명산
42902|압착
42903|부해지다
42904|카시오페이아
42905|쇠고리
42906|조드
42907|도시민
42908|한규
42909|나오키상
42910|험험
42911|저냥
42912|메리야스
42913|위험스럽다
42914|노린내
42915|참화
42916|냉방병
42917|소로
42918|주씨
42919|술지게미
42920|마데
42921|삑삑이
42922|뒤처리하다
42923|장애자
42924|반이
42925|애끼다
42926|면접시험
42927|철모
42928|님비
42929|발차
42930|외자
42931|어기적어기적
42932|할당제
42933|합체되다
42934|무감각
42935|바륨
42936|명령문
42937|배틀다
42938|은택
42939|야끼만두
42940|임정
42941|대백
42942|상행
42943|사특하다
42944|꼼짝달싹
42945|통속
42946|아파치
42947|밤안개
42948|카르노타우루스
42949|생활용수
42950|죄악시하다
42951|바스락바스락
42952|나소
42953|컨센서스
42954|꿍하다
42955|입신양명
42956|패왕
42957|거세어지다
42958|생방송하다
42959|양철
42960|푸릇하다
42961|설악
42962|교무
42963|돌팔매
42964|육친
42965|유난하다
42966|스카치위스키
42967|대상물
42968|매사추세츠주
42969|덤벙거리다
42970|단언
42971|언덕마루
42972|컨닝하다
42973|바위투성이
42974|디르함
42975|옹골차다
42976|송신하다
42977|대형차
42978|서재
42979|브로슈어
42980|과일즙
42981|깔짝
42982|내레이터
42983|볼타
42984|뇌압
42985|안달복달하다
42986|바스라지다
42987|짜조
42988|독심
42989|웃음보
42990|다각형
42991|비앙
42992|호빠
42993|애프터서비스
42994|라페
42995|신체제
42996|쬐금
42997|커다
42998|덮쳐들다
42999|무능력자
43000|다세포
43001|모밀
43002|나르키소스
43003|트롤링
43004|각론
43005|청산되다
43006|주거지
43007|쓩
43008|독파하다
43009|따라내다
43010|종열
43011|그르렁대다
43012|아코
43013|요전번
43014|백일잔치
43015|독수공방
43016|논현
43017|홍매
43018|북향
43019|이체
43020|돗토리
43021|이때껏
43022|밭농사
43023|와카
43024|장기하다
43025|성견
43026|흙집
43027|이따끔
43028|율리시스
43029|나한
43030|초가
43031|항조
43032|고다
43033|용소
43034|초암
43035|공보관
43036|하이크
43037|광시
43038|항렬
43039|관시
43040|투슈
43041|진인
43042|상무위원회
43043|도력
43044|임도
43045|역제안하다
43046|똥똥
43047|스태킹
43048|훈녀
43049|보치아
43050|뒤범벅되다
43051|상엽
43052|무효화되다
43053|그런고로
43054|몰지각하다
43055|부역자
43056|신시사이저
43057|냉해
43058|모딜리아니
43059|타당하다
43060|죽부인
43061|기애
43062|하후돈
43063|강퇴
43064|그레나딘
43065|정치부
43066|관창
43067|가나가와현
43068|스프린터
43069|허황하다
43070|추풍령
43071|모경
43072|부전자전
43073|옹송그리다
43074|몽구
43075|잔교
43076|아노다이징
43077|반찬거리
43078|시금석
43079|포동포동
43080|상공업
43081|광화
43082|덕담하다
43083|풍화되다
43084|연홍
43085|곱슬거리다
43086|찝쩍거리다
43087|셰에라자드
43088|간적
43089|우상향하다
43090|궁술
43091|고려장
43092|노랭이
43093|결핍증
43094|프다
43095|감형하다
43096|상압
43097|고유성
43098|때수건
43099|하이넥
43100|깜작
43101|난수
43102|파과
43103|타진
43104|종규
43105|격세지감
43106|산식
43107|영유
43108|뭐하다
43109|총수입
43110|후레자식
43111|역산하다
43112|역성
43113|원적외선
43114|경사지다
43115|가위표
43116|불어지다
43117|독촉장
43118|좌르르
43119|우산꽂이
43120|버진
43121|월부
43122|수취인
43123|배심
43124|바셀린
43125|퇴색
43126|거북스럽다
43127|후덕하다
43128|비씨
43129|굴종하다
43130|금양
43131|꼬리곰탕
43132|캣워크
43133|기기
43134|배합되다
43135|로망스
43136|걸레질하다
43137|타개책
43138|선보
43139|방뇨
43140|마라
43141|구층탑
43142|나레이터
43143|무턱
43144|도적질하다
43145|누설되다
43146|올록볼록하다
43147|하향하다
43148|원수지간
43149|심기일전
43150|복덩어리
43151|폐막되다
43152|꼬깃꼬깃하다
43153|관헌
43154|자청비
43155|차우차우
43156|집안일하다
43157|바탕색
43158|조취
43159|범실
43160|저지당하다
43161|자평
43162|견적서
43163|루안
43164|이어
43165|열성팬
43166|단일화되다
43167|과보호
43168|비뚤다
43169|너티
43170|순삭하다
43171|자근자근
43172|날티
43173|기라성
43174|마크다운
43175|북조선
43176|달음질
43177|임관
43178|정탐
43179|체계화
43180|길갈
43181|내외부
43182|폴리카보네이트
43183|동역하다
43184|돌출하다
43185|비척거리다
43186|축출되다
43187|문복
43188|직류
43189|권태감
43190|가려가다
43191|일희일비
43192|코펠
43193|자유주의자
43194|우앙
43195|화연
43196|영신
43197|상지
43198|평생직장
43199|소랑
43200|벌목꾼
43201|맨날
43202|이히히
43203|글썽
43204|겔리
43205|희생물
43206|성금
43207|서품
43208|가니메데
43209|신청인
43210|디드로
43211|은선
43212|뒷벽
43213|피토
43214|와와
43215|조정자
43216|대번
43217|노랑부리저어새
43218|렘넌트
43219|비렴
43220|민족의식
43221|교모
43222|첩실
43223|바인딩
43224|헛손질
43225|공랭
43226|군납
43227|죽을상
43228|퇴청하다
43229|선무당
43230|분반
43231|옥시코돈
43232|국론
43233|국부
43234|트래버스
43235|떡고물
43236|제약되다
43237|처세
43238|보은하다
43239|레프
43240|지극
43241|감응
43242|맞교환하다
43243|초시계
43244|법이
43245|식인
43246|인형술사
43247|흥청
43248|센카
43249|쏠쏠
43250|전회
43251|사생결단
43252|푸르르
43253|겐조
43254|프랙티스
43255|삼신
43256|마카로프
43257|불장난하다
43258|유소년
43259|게양되다
43260|미시즈
43261|순철
43262|나라꽃
43263|궐문
43264|떴다방
43265|재탄생되다
43266|아미르
43267|하늘말나리
43268|차전놀이
43269|뷰트
43270|요식
43271|티케팅
43272|야옹거리다
43273|이감되다
43274|발행인
43275|명조
43276|울릉
43277|송산
43278|불확실
43279|슬러리
43280|리사이틀
43281|우뭇가사리
43282|전용되다
43283|경연장
43284|옹알이하다
43285|건네보다
43286|호제
43287|그렇제
43288|필동
43289|껄껄거리다
43290|오르페우스
43291|사회사업
43292|황씨
43293|종식하다
43294|각하다
43295|시작다
43296|편제
43297|장호
43298|베게너
43299|월동하다
43300|그래픽스
43301|세간살이
43302|부시다
43303|털털
43304|청사과
43305|그추룩
43306|와해
43307|모골
43308|내치
43309|체화하다
43310|장악되다
43311|하이든
43312|꺼벙이
43313|양지머리
43314|황무지
43315|부르키니
43316|종치
43317|자폐아
43318|막시
43319|테이트
43320|프리먼
43321|들쑥날쑥
43322|주서
43323|액땜하다
43324|간편결제
43325|감액하다
43326|삐뚜름하다
43327|폭언하다
43328|구루마
43329|전복하다
43330|띠로리
43331|유행되다
43332|프랙탈
43333|포크너
43334|드롭스
43335|몸뻬
43336|물렁물렁
43337|방우
43338|브린
43339|주판
43340|가을맞이
43341|다이오드
43342|전주곡
43343|부과금
43344|황형
43345|뿍
43346|통명
43347|불광
43348|비제
43349|언행일치
43350|문숙
43351|삐뚤삐뚤하다
43352|무기수
43353|하옥
43354|오시리
43355|볼츠만
43356|브리다
43357|썩어나다
43358|진퇴
43359|센터링
43360|번들번들
43361|첨병
43362|으쓱으쓱
43363|호랑가시나무
43364|프리고
43365|방모
43366|송로
43367|레몬그라스
43368|몬테카를로
43369|지불
43370|피콜로
43371|절절매다
43372|여각
43373|스티븐슨
43374|개망
43375|각하되다
43376|설다
43377|홍안
43378|초진
43379|정발하다
43380|노략하다
43381|생각지다
43382|복락
43383|비행깃값
43384|시마이
43385|포상하다
43386|남하
43387|대리비
43388|기함하다
43389|포츠담
43390|세력화
43391|일자무식
43392|루차
43393|유성룡
43394|삐리
43395|두서
43396|재점화되다
43397|위촉장
43398|호투하다
43399|복색
43400|흉폭
43401|가잡다
43402|나카야마
43403|합치하다
43404|판공비
43405|신목
43406|경주장
43407|서혜
43408|해빙기
43409|드뷔시
43410|딸각
43411|곤살레스
43412|감경하다
43413|혼용
43414|진력
43415|창시하다
43416|임업
43417|헛꿈
43418|나다나엘
43419|연구생
43420|가아
43421|알록
43422|군사비
43423|되서
43424|그위
43425|속껍질
43426|에이버리
43427|과잉보호
43428|된소리
43429|환곡
43430|개국하다
43431|달전
43432|내쏘다
43433|경감하다
43434|모래땅
43435|스트라스부르
43436|해후
43437|망종
43438|데시
43439|목말
43440|축약되다
43441|바라보이다
43442|교편
43443|맹공하다
43444|실권자
43445|감가
43446|과녁판
43447|진청
43448|도예가
43449|윗마을
43450|쯔란
43451|담낭
43452|어도
43453|뉴기니
43454|조르륵
43455|토깽이
43456|크샤트리아
43457|홍장
43458|와스프
43459|시판하다
43460|본령
43461|시공되다
43462|전패
43463|칼같다
43464|존내다
43465|에로틱하다
43466|철극
43467|쓰시
43468|야금
43469|할짝
43470|병중
43471|질부
43472|나주다
43473|요구조자
43474|알뜰히
43475|깐족거리다
43476|언더웨어
43477|라파스
43478|경진
43479|동리
43480|불볕
43481|원숭이띠
43482|생활화되다
43483|규제책
43484|저작자
43485|이펙터
43486|메피스토
43487|체적
43488|주려
43489|웅성웅성하다
43490|지역감정
43491|치중
43492|니키아스
43493|구르마
43494|어림짐작
43495|피읖
43496|모코
43497|창칼
43498|아와
43499|세이프가드
43500|짜투리
43501|루체른
43502|월파
43503|훗훗
43504|여염집
43505|화르르
43506|복시
43507|텔레비젼
43508|십이지장
43509|프로테스탄트
43510|게이터
43511|잠발라야
43512|비질
43513|후끈거리다
43514|리메이크되다
43515|사왕
43516|후끈후끈
43517|솔리스트
43518|룸비니
43519|소테른
43520|햇감자
43521|발기하다
43522|획수
43523|우메보시
43524|명예욕
43525|노스캐롤라이나주
43526|은거하다
43527|빠가사리
43528|제령
43529|선적하다
43530|푯값
43531|공산화
43532|금맥
43533|항명하다
43534|소외당하다
43535|책상머리
43536|슬라이서
43537|흉사
43538|장작개비
43539|덜컥하다
43540|총체
43541|박주
43542|아즈미
43543|경망스럽다
43544|부강하다
43545|덥석덥석
43546|나랏밥
43547|루바브
43548|되리
43549|건이
43550|킬포
43551|드릅다
43552|모정
43553|뉘른베르크
43554|해사
43555|간행하다
43556|마멋
43557|감속하다
43558|시기적절하다
43559|정양
43560|비표
43561|만사형통
43562|보르네오섬
43563|복잡미묘하다
43564|돌시
43565|내이
43566|방호벽
43567|로얄티
43568|소북
43569|피쳐링
43570|적축
43571|문초
43572|다야
43573|귀욤
43574|토닥토닥하다
43575|작달막하다
43576|턱걸이하다
43577|슈팅하다
43578|카테터
43579|국문
43580|말재주
43581|여초
43582|벙긋하다
43583|매개하다
43584|효경
43585|떳떳이
43586|주사액
43587|구녕
43588|파샤
43589|삭박
43590|반어
43591|전열기
43592|바이오산업
43593|대질
43594|달걀귀신
43595|공판장
43596|시츄에이션
43597|과학성
43598|비척비척
43599|블리스터
43600|재가공하다
43601|옥토끼
43602|수그러지다
43603|근친상간
43604|시이
43605|짭잘하다
43606|재생산되다
43607|박치기하다
43608|스레숄드
43609|성어
43610|고변하다
43611|박세영
43612|갯강구
43613|로그라인
43614|거체
43615|푸하다
43616|악편
43617|엔카
43618|리와인드
43619|외측
43620|생간
43621|옥경
43622|염좌
43623|서배너
43624|금수강산
43625|헤스
43626|복속
43627|붙이
43628|쇼퍼
43629|사티
43630|탄생일
43631|증손
43632|라미네이트
43633|뭉침
43634|첨언하다
43635|양군
43636|아유타야
43637|상접하다
43638|점잔
43639|바구미
43640|세공되다
43641|합방하다
43642|에프엑스
43643|미아리
43644|안생
43645|표면화되다
43646|기웃기웃
43647|오지라퍼
43648|니까짓
43649|근저
43650|플라나리아
43651|게양대
43652|붉은바다거북
43653|광주시청
43654|역참
43655|크립톤
43656|화림
43657|혼미
43658|꼬질
43659|가니시
43660|봉창
43661|거신
43662|씹하다
43663|봄베이
43664|좌담회
43665|브리티시컬럼비아
43666|스타인벡
43667|피엘
43668|소근소근
43669|수막새
43670|평화스럽다
43671|토인
43672|미증유
43673|박공
43674|트랜스퍼
43675|포섭되다
43676|대합
43677|수평아리
43678|납빛
43679|쫄바지
43680|복창하다
43681|어흠
43682|설사병
43683|재조립하다
43684|투플
43685|육성되다
43686|밥숟갈
43687|감하다
43688|나이롱
43689|노른자위
43690|겨울나무
43691|배안
43692|봄바람
43693|남성스럽다
43694|독살되다
43695|국민성
43696|뽑음
43697|희락
43698|군것질하다
43699|궁도
43700|질염
43701|물컹거리다
43702|진양
43703|렙틴
43704|우나기
43705|우제
43706|외조
43707|부내
43708|구역질하다
43709|브라자
43710|꼽주
43711|극성스럽다
43712|말소
43713|루페
43714|이상히
43715|한량없다
43716|충돌되다
43717|윗동네
43718|대중화하다
43719|결괏값
43720|계부
43721|퍼센테이지
43722|경사면
43723|알고리듬
43724|춘부장
43725|안죽
43726|트랜스포터
43727|포환
43728|패가망신
43729|긋
43730|납북
43731|황게
43732|왕림하다
43733|공과
43734|합창곡
43735|노곤노곤하다
43736|맞장
43737|벌목하다
43738|경표
43739|매치되다
43740|우베
43741|목매다
43742|수애
43743|발진하다
43744|대성통곡하다
43745|유사품
43746|명견
43747|불기운
43748|무음
43749|손아
43750|지질하다
43751|노블
43752|다소간
43753|자종
43754|콱콱
43755|용달차
43756|별랑
43757|기골
43758|불식하다
43759|부결하다
43760|쇠뇌
43761|꼬독꼬독
43762|나이브하다
43763|프랙털
43764|접대비
43765|송달되다
43766|공업화
43767|이팔청춘
43768|월화
43769|특근
43770|동동하다
43771|수유하다
43772|꺽꺽
43773|무장되다
43774|강신
43775|불안전하다
43776|소꿉놀이하다
43777|씻나락
43778|리쇼어링
43779|스노우보드
43780|악착같다
43781|화숙
43782|절름발이
43783|녹아나다
43784|데카당스
43785|헛구역질하다
43786|달음질치다
43787|홍화
43788|탐조등
43789|클레멘타인
43790|아간
43791|쌀통
43792|테러리즘
43793|백년해로
43794|쪼로록
43795|큐레이팅
43796|뻗대다
43797|웃사
43798|하박국
43799|원념
43800|외판원
43801|찌아찌아족
43802|고메
43803|시벌
43804|풀가동하다
43805|삼강오륜
43806|귀염성
43807|무대뽀
43808|양론
43809|무경
43810|살살
43811|지도원
43812|선어
43813|지양
43814|종말론
43815|희노애락
43816|주성하다
43817|수필집
43818|당연시되다
43819|부정직하다
43820|둔부
43821|예지하다
43822|지회
43823|궤멸되다
43824|토대
43825|뉴어크
43826|잿물
43827|피씨
43828|따박
43829|계제
43830|홍반
43831|포모
43832|비슷비슷
43833|정휘
43834|댜오위다오
43835|작곡자
43836|포르토프랭스
43837|연원
43838|수청
43839|프리마켓
43840|이나리
43841|결장
43842|요란스레
43843|헐렁헐렁하다
43844|단옷날
43845|피거품
43846|절찬리
43847|무감하다
43848|조지훈
43849|냉찜질
43850|자중지란
43851|그양
43852|유당
43853|필생
43854|아쿠
43855|성구
43856|질척질척하다
43857|필라프
43858|용담
43859|새날
43860|신혜
43861|남루하다
43862|체벌하다
43863|안변
43864|갱지
43865|펄떡펄떡
43866|밀파
43867|포근히
43868|핸섬하다
43869|웅천
43870|의아
43871|별똥
43872|흡인력
43873|머리기사
43874|피막
43875|토속
43876|페이퍼백
43877|안달루시아
43878|토저
43879|소범
43880|모집되다
43881|결실하다
43882|장쑤
43883|창귀
43884|마취되다
43885|일부일처제
43886|유장
43887|퍼석퍼석하다
43888|또또또
43889|궁시렁거리다
43890|김기다
43891|숭
43892|안장하다
43893|세후
43894|불발탄
43895|김용환
43896|다각도
43897|카르파초
43898|위은
43899|충원되다
43900|셀리다
43901|한숨짓다
43902|워이
43903|잽히다
43904|한학
43905|불가결하다
43906|니콜라우스
43907|옆선
43908|읍면
43909|성추행당하다
43910|그렐린
43911|알뜰살뜰하다
43912|제련하다
43913|맥이다
43914|치근대다
43915|약아빠지다
43916|구애되다
43917|교정되다
43918|부평초
43919|철물
43920|밀크초콜릿
43921|망령되이
43922|업글
43923|자림
43924|재귀
43925|피박
43926|보푸라기
43927|귀척
43928|바나듐
43929|괭생이모자반
43930|시가행진
43931|희희낙락
43932|강군
43933|순시
43934|이약
43935|안단테
43936|모헤어
43937|부합
43938|잔뿌리
43939|금언
43940|금송아지
43941|에델바이스
43942|꿈풀이
43943|련
43944|좌충우돌하다
43945|선공개되다
43946|코이
43947|블랜드
43948|색동옷
43949|내구
43950|편린
43951|직시
43952|선국
43953|실명되다
43954|자경
43955|부지중
43956|재한
43957|페이싱
43958|박석
43959|소매업
43960|설상
43961|킨샤사
43962|불량스럽다
43963|타쿠다
43964|해촉하다
43965|수의학
43966|붕붕거리다
43967|카탈로니아
43968|신보
43969|번역문
43970|의식화
43971|광무
43972|옴
43973|허탄하다
43974|한랭
43975|스파이럴
43976|구혼
43977|송변
43978|말상
43979|석촌
43980|근위
43981|천부당만부당하다
43982|따문
43983|디지털화되다
43984|걸신들리다
43985|유조차
43986|삼인조
43987|밀약
43988|안수하다
43989|만료일
43990|깨나다
43991|누르하치
43992|시혼
43993|빨빨거리다
43994|센세이셔널하다
43995|총소득
43996|비각
43997|금지옥엽
43998|관광호텔
43999|회령
44000|봉착
44001|재개관하다
44002|니파야자
44003|앙케트
44004|부담시키다
44005|갯녹음
44006|전심전력
44007|학수고대하다
44008|고리대금업자
44009|물장사
44010|삐죽하다
44011|경쟁의식
44012|사납금
44013|본새
44014|남발되다
44015|반만년
44016|넘넘
44017|베링
44018|외유
44019|오토매틱
44020|법통
44021|앗다
44022|나바
44023|치렁치렁
44024|방청권
44025|여의다
44026|실증적
44027|청크
44028|거피
44029|가스라이터
44030|잉크젯
44031|여성지
44032|우유부단
44033|관의
44034|카디프
44035|왈가왈부
44036|파울리
44037|플리에
44038|혈변
44039|서둘다
44040|스위퍼
44041|미가
44042|북벌
44043|지가
44044|홍설
44045|관속
44046|갑문
44047|어울다
44048|딜쿠샤
44049|물꽂이
44050|매시트포테이토
44051|완간
44052|뿌직
44053|겉봉
44054|소피스트
44055|수세적
44056|대각
44057|유식
44058|산지옥나비
44059|방에
44060|용감무쌍하다
44061|존망
44062|명문가
44063|샤르트뢰즈
44064|빛살
44065|카라얀
44066|고형
44067|어떠케
44068|민숙
44069|에구구
44070|최충헌
44071|덕호
44072|조색하다
44073|켄트지
44074|빤짝
44075|레오타드
44076|아라비안나이트
44077|기간토피테쿠스
44078|보공
44079|프롤레타리아
44080|인가하다
44081|큰댁
44082|백전노장
44083|거너
44084|알아맞추다
44085|필레
44086|핸드북
44087|퉁퉁이
44088|응애응애
44089|이례
44090|시뻘개지다
44091|샘내다
44092|최소한도
44093|스륵
44094|범띠
44095|자작자작하다
44096|긁적긁적
44097|슈테판
44098|군병
44099|카리브족
44100|승가
44101|플리머스
44102|지룡
44103|근세
44104|송신
44105|인태
44106|총칭
44107|리부팅
44108|노바스코샤
44109|네사
44110|펀치
44111|돼지꿈
44112|계이름
44113|기입되다
44114|골병들다
44115|다신교
44116|하학
44117|배뇨
44118|풀씨
44119|육계
44120|깝죽거리다
44121|회까닥하다
44122|피피엘
44123|승화되다
44124|장체
44125|리가
44126|랜더
44127|화통
44128|매마르다
44129|먼동
44130|국학
44131|일등
44132|공체
44133|릴케
44134|흉수
44135|극화
44136|기탄잘리
44137|토반
44138|변죽
44139|스트리퍼
44140|파티오
44141|사뿐하다
44142|갑피
44143|쌍심지
44144|공구리
44145|습지
44146|어쩌구저쩌구
44147|속개되다
44148|표문
44149|폴리프로필렌
44150|니세코
44151|이크나톤
44152|발화되다
44153|매매되다
44154|로케트
44155|새침데기
44156|식품점
44157|제분소
44158|전수되다
44159|증대하다
44160|격발하다
44161|김치국
44162|소부장
44163|시라쿠사
44164|뽀르르
44165|카페오레
44166|다홍색
44167|두툽다
44168|노회하다
44169|즈이
44170|광개토왕
44171|진득진득하다
44172|필우
44173|까시
44174|펜터민
44175|넌덜머리
44176|똑딱거리다
44177|아모
44178|차편
44179|묠니르
44180|썰렁
44181|황국
44182|골초
44183|지성적
44184|카버
44185|나정
44186|안전밸브
44187|민지
44188|파블로바
44189|페이저
44190|차도하다
44191|완호
44192|갓다
44193|질퍽거리다
44194|박목월
44195|처결하다
44196|이라
44197|얼려먹다
44198|게티즈버그
44199|이어링
44200|따라따라
44201|냉각하다
44202|쫑긋거리다
44203|행랑채
44204|발록
44205|을숙도
44206|내안
44207|붕세권
44208|메에
44209|거한
44210|친애
44211|주름지다
44212|금원
44213|영걸
44214|하행선
44215|따뜻이
44216|불효막심하다
44217|제니
44218|석두
44219|핸
44220|인프라스트럭처
44221|가글하다
44222|설거짓거리
44223|치파오
44224|옥저
44225|뽀사다
44226|퇴위
44227|글자판
44228|붕어하다
44229|지구대원
44230|광물질
44231|카운슬링
44232|밀기울
44233|한천
44234|서포터스
44235|명세
44236|석자
44237|아랫길
44238|정유재란
44239|식적
44240|성년식
44241|느긋이
44242|개마고원
44243|반트
44244|신열
44245|사브레
44246|김홍집
44247|생방송되다
44248|설거지
44249|가가다
44250|알란
44251|초가삼간
44252|색인
44253|고유하다
44254|노령층
44255|별식
44256|외무
44257|툰
44258|예규
44259|환골탈태하다
44260|각혈
44261|구란
44262|야바위
44263|저능아
44264|정죄
44265|관모
44266|때이
44267|꾸깃꾸깃
44268|워락
44269|삐악
44270|아부지
44271|지어먹다
44272|휴스
44273|평사원
44274|깽
44275|장가들다
44276|첵
44277|직이다
44278|딸바
44279|꿍꿍이속
44280|극존칭
44281|자연사하다
44282|관수
44283|첨삭하다
44284|에펠
44285|창유리
44286|암약하다
44287|음녀
44288|구렛나루
44289|초년
44290|휘영청
44291|현기
44292|욕설하다
44293|을러대다
44294|원뿔형
44295|백년해로하다
44296|복행
44297|비양심적
44298|케
44299|공멸
44300|곁들다
44301|에리스리톨
44302|깐족대다
44303|영구차
44304|송다
44305|부역
44306|빡빡머리
44307|밥주걱
44308|꺼림직하다
44309|병기하다
44310|등대지기
44311|불일치하다
44312|아슬하다
44313|신한국당
44314|파블로프
44315|히페리온
44316|풍상
44317|헤드밴드
44318|간요
44319|공화
44320|뽀얘지다
44321|각선미
44322|스키니
44323|폭투
44324|테크노마트
44325|포지티브
44326|오현
44327|개더링
44328|격화
44329|플록
44330|프린키피아
44331|실격하다
44332|내주
44333|푸젠
44334|창건되다
44335|마사지
44336|보안경
44337|도플러
44338|요섹남
44339|전생하다
44340|만덕
44341|수양딸
44342|크로케
44343|도굴하다
44344|적병
44345|넥타이핀
44346|소흔
44347|산호세
44348|협공하다
44349|리포
44350|삐까뻔쩍
44351|안초비
44352|세트
44353|필연성
44354|공통어
44355|수처
44356|해평
44357|보주
44358|우량하다
44359|왈가닥
44360|무량하다
44361|가정불화
44362|합심
44363|장가계
44364|돌연히
44365|아랫물
44366|밤이슬
44367|분봉
44368|한심
44369|장온
44370|영흥
44371|잡상인
44372|피랍
44373|연타하다
44374|시월드
44375|모리츠
44376|하묘
44377|눈깔사탕
44378|분풀이하다
44379|까끌거리다
44380|중성자별
44381|장순
44382|자동차업계
44383|이모작
44384|캔터
44385|성감대
44386|휴머니스트
44387|학세
44388|안디옥
44389|허약
44390|가시권
44391|금가
44392|무훈
44393|인간상
44394|올록볼록
44395|입대
44396|펄떡거리다
44397|복위
44398|침식되다
44399|시오
44400|탐방기
44401|카바이드
44402|바싹하다
44403|후터내니
44404|방실
44405|늘어트리다
44406|이스터섬
44407|기라
44408|성숙도
44409|절간
44410|샹파뉴
44411|세밑
44412|고문헌
44413|어줍잖다
44414|생환하다
44415|궁굼하다
44416|분석표
44417|도곡
44418|당리당략
44419|배끼다
44420|국유화하다
44421|땅기다
44422|무구하다
44423|맹추
44424|편모
44425|완속
44426|파운딩
44427|동토
44428|알랑방귀
44429|미요시
44430|후루룩거리다
44431|음력설
44432|문초하다
44433|로브스터
44434|빠방하다
44435|자문자답
44436|궁댕이
44437|뜨락
44438|스트론튬
44439|그런저런
44440|순익
44441|주요리
44442|유에스비
44443|선제타격
44444|오락부장
44445|한과
44446|절구통
44447|바칼로레아
44448|기고만장
44449|벼슬자리
44450|트로이메라이
44451|촉새
44452|조급증
44453|빈자
44454|다씨
44455|기마대
44456|길손
44457|송부하다
44458|써대다
44459|갑사
44460|살모넬라
44461|유휴
44462|인디애나주
44463|데카트론
44464|구전되다
44465|단증
44466|특기하다
44467|거게
44468|맹하다
44469|소과
44470|캄브리아기
44471|밀리초
44472|상벌
44473|담이
44474|카스티야
44475|꽃가지
44476|상완
44477|옥합
44478|재위하다
44479|무순
44480|둥글리다
44481|둘러매다
44482|병고
44483|신복
44484|활강하다
44485|암적
44486|중경
44487|블루칼라
44488|휴재
44489|변발
44490|우울함
44491|류소
44492|전폐하다
44493|세계사적
44494|랩톱
44495|감주
44496|겸양
44497|치토
44498|얄짤없이
44499|자국어
44500|민주화되다
44501|활공하다
44502|유향
44503|귀스타브
44504|풍어
44505|리콜되다
44506|붙음
44507|성범
44508|아십다
44509|생각히다
44510|벼리다
44511|뻣뻣이
44512|서브하다
44513|도예
44514|보쌈김치
44515|보매
44516|어가
44517|햄프턴
44518|발족시키다
44519|캡션
44520|이국땅
44521|광차
44522|오용
44523|효시
44524|어린
44525|싱숭생숭
44526|엎어치다
44527|이곡
44528|은그릇
44529|짓씹다
44530|기화되다
44531|새차다
44532|다음가다
44533|헤일
44534|중벌
44535|세속화되다
44536|빵빠레
44537|선공하다
44538|번거로움
44539|옆돌다
44540|작하다
44541|무똥
44542|돌격대
44543|문스톤
44544|뱀사골
44545|핫둘
44546|발로
44547|연교
44548|기재
44549|포유
44550|푸드득
44551|지가이
44552|목호
44553|월동지
44554|공산권
44555|헤이스팅스
44556|식충
44557|식겁
44558|보문
44559|시무
44560|파테르
44561|뮬
44562|면류
44563|매달
44564|학령
44565|디포리
44566|무념무상
44567|따땃하다
44568|경도되다
44569|비상조치
44570|부정문
44571|자모
44572|운송업
44573|비타민제
44574|라틴
44575|세공품
44576|축나다
44577|보부아르
44578|스무딩
44579|굴절하다
44580|일용품
44581|씻어내기
44582|교보
44583|워블
44584|덕통사고
44585|보이시
44586|지재권
44587|촤라락
44588|바지런하다
44589|뷔퐁
44590|양옥
44591|소뿔
44592|관료주의
44593|일인
44594|조그
44595|각축
44596|인코더
44597|밴조
44598|아라비카
44599|닐슨
44600|벌렁벌렁하다
44601|펌프스
44602|명예직
44603|파발
44604|공양미
44605|홍옥
44606|열십자
44607|매스껍다
44608|오츠
44609|옥수숫가루
44610|진시
44611|배반당하다
44612|원보
44613|키리바시
44614|포박되다
44615|인디케이터
44616|추달하다
44617|향단
44618|꺼멓다
44619|재블린
44620|부미
44621|거덜나다
44622|커프스
44623|동요시키다
44624|빈민층
44625|대변자
44626|위약
44627|뷔스티에
44628|양옥집
44629|바우다
44630|감아쥐다
44631|체르니
44632|플룻
44633|유별하다
44634|각사
44635|솝다
44636|좌측통행
44637|뿜어나다
44638|콰트
44639|소등하다
44640|의예과
44641|동색
44642|선발팀
44643|리지스트
44644|특화하다
44645|외골수
44646|참나물
44647|내궁
44648|진운
44649|길모어
44650|중량급
44651|방계
44652|석굴
44653|필패
44654|진파
44655|암리차르
44656|딴말
44657|뽈
44658|급구
44659|종주하다
44660|상연되다
44661|브로드캐스트
44662|구라파
44663|일취월장
44664|황군
44665|철통같다
44666|피소되다
44667|페이슨
44668|상서
44669|어푸
44670|농아
44671|고시엔
44672|준법정신
44673|덴푸라
44674|야가
44675|노령화
44676|조건부
44677|덩쿨
44678|업사이클
44679|근대식
44680|동군
44681|불모지
44682|세속화
44683|의서
44684|카발리에
44685|푸린
44686|유채색
44687|엘람
44688|후류
44689|팡트
44690|황홀
44691|능행
44692|망라되다
44693|우르다
44694|대실
44695|화적
44696|변란
44697|으르릉거리다
44698|루이빌
44699|서얼
44700|전공과목
44701|뉴멕시코주
44702|병식
44703|솟
44704|검어지다
44705|가불다
44706|재의
44707|김영석
44708|허참
44709|다임러
44710|근면성
44711|모턴
44712|사학자
44713|보충되다
44714|아세트아미노펜
44715|바리온
44716|쟁탈
44717|쑥맥
44718|빠지직
44719|델포이
44720|난석
44721|통전
44722|통정
44723|봉긋
44724|방비하다
44725|가정법
44726|첩지
44727|쌉싸름
44728|페르미
44729|밀레이
44730|잡지책
44731|뭉게
44732|민물낚시
44733|어떵하다
44734|인륜
44735|분구
44736|복동
44737|송연하다
44738|풍도
44739|손병희
44740|빤짝빤짝
44741|능지
44742|흉성
44743|디에이
44744|거국
44745|겨
44746|가지안테프
44747|세탁되다
44748|폭탄선언
44749|헬렐레
44750|거악
44751|서검
44752|베니아
44753|부부젤라
44754|히로뽕
44755|매이
44756|강경론
44757|출루하다
44758|어림하다
44759|채증
44760|핌
44761|신격화
44762|쁘라삐룬
44763|땔나무
44764|초상나다
44765|형상화되다
44766|도로도로
44767|코르테스
44768|옵서버
44769|금시계
44770|포카치아
44771|까묵다
44772|쿤밍
44773|맨다리
44774|발람
44775|우겨싸다
44776|가롭다
44777|수사법
44778|레페
44779|새발
44780|내조하다
44781|큰판
44782|스팩
44783|밑받침
44784|여우비
44785|비술
44786|안세
44787|침투되다
44788|본향
44789|화식
44790|환약
44791|패배시키다
44792|아이아이
44793|자치구별
44794|곤파스
44795|득하다
44796|주관자
44797|절도하다
44798|겸상하다
44799|묘실
44800|재잘대다
44801|원반던지기
44802|프레이즈
44803|쌍쌍
44804|게릴라전
44805|데이비
44806|말경
44807|밭일하다
44808|직결하다
44809|할애
44810|잠행하다
44811|크레스트
44812|인망
44813|강서구청
44814|초벌구이
44815|부기우기
44816|버들치
44817|정화수
44818|바이마르
44819|짚단
44820|괴델
44821|적벽
44822|샬로트
44823|영릉
44824|조곡
44825|대환
44826|멜빌
44827|테르모필레
44828|다대포
44829|회오리치다
44830|출루
44831|허무감
44832|가양
44833|헌납
44834|축제일
44835|비축되다
44836|마이다스
44837|악운
44838|생때같다
44839|잡도리
44840|서트다
44841|높다랗다
44842|익수
44843|금이빨
44844|연육
44845|가계약
44846|호창
44847|스칼드
44848|재점화하다
44849|크로마
44850|희멀겋다
44851|마가
44852|감액되다
44853|제네릭
44854|얕보이다
44855|괄괄하다
44856|극좌
44857|책동
44858|비모
44859|주안상
44860|아비가일
44861|작렬
44862|징집하다
44863|꿈틀꿈틀하다
44864|커스터마이즈
44865|어아
44866|부녀지간
44867|보복당하다
44868|조리용
44869|만물박사
44870|엉클어지다
44871|세숫물
44872|바스티유
44873|콧구녕
44874|노씨
44875|제초
44876|사하다
44877|심미안
44878|락사
44879|뱃일
44880|아호
44881|섬멸
44882|물싸움
44883|궐련
44884|실사용하다
44885|이직률
44886|쌍끌이
44887|라유
44888|표준형
44889|믹스견
44890|수용액
44891|끝동
44892|고가품
44893|호판
44894|사와
44895|도별
44896|월래
44897|이전
44898|후발대
44899|마지다
44900|아이고메
44901|등목
44902|새턴
44903|나나
44904|저급
44905|휘뚜루
44906|동몽선습
44907|허스트
44908|옥타곤
44909|방이
44910|앙화
44911|우남
44912|빠개지다
44913|삼차원
44914|모티머
44915|용학
44916|결박당하다
44917|홍제
44918|다르파
44919|언팩
44920|맥밀런
44921|보필
44922|휩싸다
44923|입안하다
44924|재문
44925|요조숙녀
44926|이합집산
44927|단장되다
44928|줄담배
44929|흐트러트리다
44930|우키
44931|세주다
44932|만찬회
44933|동량
44934|속행하다
44935|편곡되다
44936|딱다
44937|재선되다
44938|절명
44939|멀리다
44940|호랑
44941|본서
44942|흙모래
44943|뇨
44944|섬섬옥수
44945|롤스
44946|주석단
44947|교자상
44948|정철
44949|송인
44950|챈들러
44951|히로오
44952|푸실리
44953|구속당하다
44954|조직화
44955|이꾸다
44956|분개
44957|황산화물
44958|삼등분하다
44959|밤샘하다
44960|심영
44961|진저에일
44962|뒤풀이하다
44963|샬럿타운
44964|고딕체
44965|잠간
44966|산동
44967|차폐
44968|독전
44969|칸다하르
44970|토일
44971|북송하다
44972|노소
44973|테미스토클레스
44974|흰쌀
44975|장항
44976|삼짇날
44977|창화
44978|정반합
44979|시다바리
44980|민간용
44981|레트
44982|특선
44983|미곡
44984|애니
44985|맨질맨질하다
44986|오남
44987|스바냐
44988|트름
44989|재의결하다
44990|맨들맨들
44991|가불
44992|쌀독
44993|명일
44994|역청
44995|찌끄리다
44996|저만큼
44997|입심
44998|배다리
44999|선전용
45000|버릇되다
45001|보관료
45002|쌕쌕
45003|보행하다
45004|경위서
45005|노목
45006|자르르
45007|영광되다
45008|내빈
45009|의창
45010|에피네프린
45011|뒷정리하다
45012|아웅다웅
45013|촉촉이
45014|시문
45015|랑케
45016|여장부
45017|지팡
45018|간지
45019|지혈제
45020|친족상도례
45021|고에
45022|모가지
45023|스터디하다
45024|해동되다
45025|처결
45026|타비
45027|방목장
45028|문서화하다
45029|반신불수
45030|상속권
45031|저술가
45032|아이엠에프
45033|전정
45034|노여움
45035|어기적거리다
45036|혈종
45037|스트랜드
45038|매니페스토
45039|호라즘
45040|팝페라
45041|재패하다
45042|벽돌담
45043|요우
45044|테티스
45045|물비누
45046|어쩔라고
45047|쌍기역
45048|다우
45049|접어지다
45050|백과
45051|무효하다
45052|조충
45053|개의
45054|열녀문
45055|마른기침
45056|일별하다
45057|펀자브
45058|레커
45059|천지개벽
45060|급랭
45061|발본색원하다
45062|파래지다
45063|목침
45064|페잔
45065|경유지
45066|쭈뼛대다
45067|길쌈
45068|후시
45069|이다음
45070|폽
45071|농산어촌
45072|설레발치다
45073|기말
45074|병사하다
45075|혜초
45076|고착
45077|렌탈하다
45078|이제나저제나
45079|에센
45080|운기
45081|술어
45082|차지다
45083|입적하다
45084|우격다짐
45085|구인하다
45086|금가락지
45087|아련히
45088|마임
45089|침체하다
45090|완납하다
45091|끽끽거리다
45092|상반
45093|마라카스
45094|음독
45095|쉑
45096|집성촌
45097|고밀도
45098|왜이
45099|아이라
45100|정회되다
45101|다면
45102|오비터
45103|앙팡
45104|울렁울렁
45105|이쯤하다
45106|전등불
45107|자개
45108|외줄
45109|월랑
45110|가후
45111|내실화
45112|베갯머리
45113|쯔진청
45114|쓸모없이
45115|풍산
45116|민수
45117|아이롱
45118|외청
45119|폐지
45120|토니
45121|반목하다
45122|패가망신하다
45123|살므다
45124|후한
45125|송부
45126|양갓집
45127|피에타
45128|납세
45129|서릿발
45130|개론
45131|시돈
45132|박대하다
45133|집중화
45134|바우하우스
45135|하란
45136|충절
45137|석실
45138|발효유
45139|뿜빠이
45140|회주
45141|냠냠거리다
45142|췌장염
45143|재투자하다
45144|호에
45145|다이빙대
45146|경멸스럽다
45147|동등
45148|계시하다
45149|중수하다
45150|핑구
45151|지크프리트
45152|유량
45153|미체
45154|레토릭
45155|상림
45156|렌티큘러
45157|당밀
45158|책거리
45159|윈난
45160|샤슬릭
45161|고법
45162|마이크로바이옴
45163|도살되다
45164|회춘
45165|등기부
45166|쥐락펴락
45167|닥트리다
45168|이러이러다
45169|환기되다
45170|옥산
45171|가나자와
45172|깡깡
45173|인본주의
45174|콜레트
45175|꽁냥꽁냥하다
45176|게이트볼
45177|개활지
45178|강렬히
45179|트래블링
45180|부의하다
45181|밴하다
45182|잡고
45183|정치위원
45184|참칭하다
45185|무소
45186|버르다
45187|화홍
45188|여천
45189|문장가
45190|블리스
45191|비비적거리다
45192|회벽
45193|트래블러
45194|시추하다
45195|급조
45196|오욕
45197|베아트리체
45198|윤태하다
45199|수속하다
45200|음페
45201|내핵
45202|그라다
45203|담채
45204|동정적
45205|청단
45206|도체
45207|마통
45208|샤프트
45209|총살당하다
45210|미비점
45211|콘트롤
45212|시그
45213|흥망
45214|부신
45215|바동거리다
45216|슬러그
45217|솔라스
45218|주필
45219|얼르다
45220|쩌그
45221|찬탈
45222|헛짚다
45223|대전하다
45224|자박자박하다
45225|지애
45226|영하다
45227|홍릉
45228|부재자
45229|내무
45230|끼적거리다
45231|심려하다
45232|노구
45233|치쿠다
45234|뗀석기
45235|환주
45236|거꾸리
45237|역전패하다
45238|겹경사
45239|서덜랜드
45240|성중
45241|불한당
45242|건의문
45243|끼니
45244|청이
45245|아데노바이러스
45246|사행
45247|보거
45248|장년
45249|가슴앓이
45250|취하되다
45251|창검
45252|가르치심
45253|착불
45254|체화
45255|자주국방
45256|주저주저하다
45257|집필되다
45258|줄다리기하다
45259|질지다
45260|국힙
45261|두문불출
45262|소론
45263|버젓하다
45264|복창
45265|잠재성
45266|오돌토돌
45267|씨근거리다
45268|낙농업
45269|선천
45270|가을하다
45271|테라리움
45272|양약
45273|비틀
45274|숟가락질
45275|백송
45276|재감염되다
45277|남고
45278|진승
45279|불화하다
45280|발전상
45281|부앙
45282|원주인
45283|탁탁거리다
45284|티엔
45285|척골
45286|디베이트
45287|암흑시대
45288|푸릇푸릇
45289|단파
45290|자복
45291|스트립쇼
45292|주폭
45293|개짓거리
45294|활주
45295|변씨
45296|근무처
45297|원감
45298|겸용하다
45299|도관
45300|꽥꽥대다
45301|파출부
45302|점바치
45303|송시열
45304|정히
45305|아오자이
45306|서커
45307|킥스
45308|개점하다
45309|써늘하다
45310|남초
45311|통설
45312|쌍살벌
45313|빈국
45314|용여
45315|울음바다
45316|복잡계
45317|선식
45318|가면극
45319|손위
45320|또르띠야
45321|보험증
45322|증손녀
45323|개척되다
45324|도강
45325|바트다
45326|재기되다
45327|신장시키다
45328|추포되다
45329|잔영
45330|가시화
45331|선득하다
45332|사형하다
45333|재거
45334|불르다
45335|과실주
45336|가랍다
45337|보안원
45338|오동통
45339|보응
45340|슬렁슬렁
45341|개복
45342|카빙
45343|없이하다
45344|화이
45345|남종
45346|사담
45347|의문투성이
45348|모야모야
45349|만시지탄
45350|야습
45351|난파하다
45352|날개깃
45353|해언
45354|사촌지간
45355|표수
45356|아그리파
45357|불질
45358|량군
45359|무직자
45360|낭심
45361|파히
45362|결집되다
45363|태곳적
45364|길어
45365|실용화되다
45366|추인하다
45367|샤모
45368|그리마
45369|로트
45370|상판대기
45371|교역자
45372|홑몸
45373|청보
45374|묵살당하다
45375|콩포트
45376|기벽
45377|까이
45378|불구대천
45379|등고선
45380|밀주
45381|엔셀라두스
45382|재촬영하다
45383|나프탈렌
45384|보료
45385|득음
45386|준용하다
45387|양곡
45388|모항
45389|용적
45390|초록하다
45391|밀반입되다
45392|개스켈
45393|향품
45394|하이에크
45395|기인
45396|절하하다
45397|생환
45398|게걸음
45399|맹훈련
45400|본체만체
45401|후천성
45402|하나둘
45403|샤방샤방
45404|득실득실하다
45405|취직되다
45406|불질하다
45407|단벌
45408|보세
45409|거세하다
45410|카렌족
45411|야마나시
45412|구파발
45413|재청
45414|코자다
45415|아가시
45416|흡입되다
45417|상가집
45418|쫍다
45419|자가당착
45420|슬래브
45421|팩트풀니스
45422|숙련공
45423|회충
45424|스데반
45425|템프
45426|묵언
45427|극명히
45428|혼영
45429|추서되다
45430|십년감수
45431|지압하다
45432|녹턴
45433|마우이섬
45434|씹어뱉다
45435|촌로
45436|저격범
45437|시커메지다
45438|노말
45439|포백
45440|해독되다
45441|법명
45442|담뱃잎
45443|맹폭하다
45444|주차료
45445|세공하다
45446|완충하다
45447|앙갚음하다
45448|스타인
45449|서도
45450|가족계획
45451|영원불멸
45452|은연
45453|묻어오다
45454|치장되다
45455|가질
45456|대칭적
45457|흥왕하다
45458|스키타이
45459|기명
45460|함길도
45461|공약수
45462|개항하다
45463|삔
45464|미들즈브러
45465|학풍
45466|뉴랜드
45467|맨드라미
45468|비디
45469|조형하다
45470|숭덩숭덩
45471|녹농균
45472|완준
45473|차근차근하다
45474|덧살
45475|주장되다
45476|허물어뜨리다
45477|장치되다
45478|상사화
45479|말놀이
45480|전소하다
45481|프렛
45482|야바
45483|벤더
45484|높닿다
45485|단결력
45486|청소기
45487|서베이
45488|독지가
45489|해감하다
45490|뱃심
45491|쿠테타
45492|어리바리
45493|연임
45494|증가량
45495|진작하다
45496|중년층
45497|통근
45498|애교하다
45499|적층
45500|타륜
45501|명관
45502|장주
45503|클로로포름
45504|마름
45505|작부
45506|식모살이
45507|물비린내
45508|피폭되다
45509|은닉죄
45510|고갯마루
45511|구음
45512|허례허식
45513|견
45514|주악
45515|항세
45516|마오리어
45517|색약
45518|줄잡다
45519|흘리
45520|역수
45521|표준화하다
45522|카베르네
45523|뜬장
45524|종손
45525|말라빠지다
45526|발사음
45527|달그락대다
45528|모다
45529|로로
45530|재복
45531|계절풍
45532|정동행성
45533|번동
45534|대화체
45535|터리
45536|재신청하다
45537|매꾸다
45538|마뜩찮다
45539|과학도
45540|두리둥실
45541|태상
45542|급작스레
45543|토카막
45544|부교재
45545|논리성
45546|백개먼
45547|갈아먹다
45548|막동
45549|패킹하다
45550|온대
45551|생매장하다
45552|강탈당하다
45553|선분
45554|극렬히
45555|배꼽티
45556|서무
45557|파천
45558|역명
45559|장선희
45560|나모
45561|쇠똥
45562|상악
45563|윌밍턴
45564|깐죽거리다
45565|둔산동
45566|달각거리다
45567|크메르
45568|보퉁이
45569|고등중학교
45570|하이재킹
45571|송별
45572|양원
45573|등속
45574|청호
45575|우편배달부
45576|지칭되다
45577|밴더빌트
45578|살랑살랑하다
45579|노름하다
45580|운칠기삼
45581|줄행랑치다
45582|염탐꾼
45583|초슬림
45584|통신병
45585|천겁
45586|잔학하다
45587|막가파
45588|꺽꺽대다
45589|선봉대
45590|주봉
45591|꿰맞추다
45592|이해득실
45593|이보쇼
45594|만명
45595|을지연습
45596|요도
45597|손찌검하다
45598|장충
45599|정비례하다
45600|입법화
45601|보손
45602|세습되다
45603|색동저고리
45604|기흉
45605|양용
45606|베옷
45607|그렁하다
45608|갈하다
45609|압착하다
45610|개간
45611|높직하다
45612|얼개
45613|해당자
45614|미하
45615|쇼트케이크
45616|장열
45617|트레이드하다
45618|어스레하다
45619|살레
45620|몰약
45621|쏙독새
45622|황지
45623|끼니때
45624|바락
45625|보끄다
45626|거두
45627|사바
45628|손빨래하다
45629|철마
45630|아나키스트
45631|벤드
45632|노랑이
45633|멫
45634|노상강도
45635|지이
45636|불가분
45637|데굴
45638|글루탐산
45639|절미
45640|스텐트
45641|사내대장부
45642|펜더
45643|활극
45644|광성보
45645|피신처
45646|일타쌍피
45647|호반
45648|무자격자
45649|윤활
45650|증류수
45651|기엽다
45652|전자계산기
45653|허난
45654|제구실
45655|에픽테토스
45656|서전
45657|단말
45658|광미
45659|속단
45660|반의어
45661|해사하다
45662|란타
45663|산산히
45664|토러스
45665|초연되다
45666|시브
45667|사입
45668|피고
45669|꼼지락꼼지락
45670|청회색
45671|티무르
45672|되오다
45673|가트
45674|의인화되다
45675|라크로스
45676|아일
45677|아스완
45678|해식
45679|전리
45680|광명성
45681|면경
45682|과보호하다
45683|검은머리물떼새
45684|세르
45685|문학성
45686|연장통
45687|나찌
45688|입욕
45689|카로틴
45690|제것
45691|카로
45692|환도
45693|디프테리아
45694|채화
45695|왕고
45696|강등시키다
45697|리스터
45698|에스엔에스
45699|후히
45700|고로
45701|무저갱
45702|쇠고랑
45703|응전
45704|덧그리다
45705|개최지
45706|소강당
45707|턱주가리
45708|욕심꾸러기
45709|높은음
45710|청빈하다
45711|위유
45712|새로움
45713|언주
45714|삐다
45715|항해술
45716|덧신
45717|파멜라
45718|어창
45719|데커레이션
45720|썬글라스
45721|뎀비다
45722|뮤어
45723|집중포화
45724|엔켈라두스
45725|꼴까닥
45726|챱챱
45727|정병
45728|척척하다
45729|에크하르트
45730|여보쇼
45731|주철
45732|대리다
45733|우시
45734|고집스레
45735|기대
45736|원비
45737|수비벽
45738|겅중겅중
45739|감안되다
45740|타계
45741|확답
45742|염세적
45743|쇄국
45744|부석
45745|게자리
45746|니르
45747|타리
45748|울먹울먹하다
45749|내달
45750|콤바인
45751|단춧구멍
45752|지멘스
45753|뽀개지다
45754|태석
45755|갑각
45756|저어하다
45757|떡락
45758|영송
45759|명기되다
45760|오색찬란하다
45761|희색
45762|섭렵
45763|함석헌
45764|맥신
45765|장군감
45766|귀성하다
45767|신격화하다
45768|초간장
45769|필요악
45770|의절
45771|안짱다리
45772|진환
45773|독충
45774|반민주적
45775|관비
45776|두리번대다
45777|경직성
45778|무영
45779|중진공
45780|브리스틀
45781|초코렛
45782|대천
45783|젠체하다
45784|개괄적
45785|전지
45786|땐땐하다
45787|조찬
45788|짤짤
45789|휴무일
45790|중절
45791|스샷
45792|소박맞다
45793|코주부
45794|둥굴레
45795|학술회의
45796|수요량
45797|디키
45798|덜컥덜컥
45799|옴팡
45800|이중주
45801|피죽
45802|통고하다
45803|불끈하다
45804|비젼
45805|신묘
45806|재학하다
45807|게슈탈트
45808|다습하다
45809|하회
45810|장생
45811|아베베
45812|공명심
45813|여닫이
45814|통쾌
45815|네루
45816|애벗
45817|털이범
45818|채프먼
45819|여이
45820|순산하다
45821|걸음하다
45822|완결하다
45823|이여
45824|점방
45825|채굴되다
45826|산술
45827|미기록종
45828|왕홀
45829|돌섬
45830|입춘대길
45831|찬자
45832|구연하다
45833|유연탄
45834|캭
45835|드르릉
45836|혓바늘
45837|주문진
45838|박동하다
45839|기출
45840|법력
45841|흰죽
45842|관음
45843|사숙
45844|산자
45845|리베로
45846|양전
45847|와전
45848|진중
45849|물맷돌
45850|스탠턴
45851|모에
45852|끝마무리
45853|질본
45854|종횡무진하다
45855|옷맵시
45856|국상
45857|아웅다웅하다
45858|향가
45859|곤줄박이
45860|소나이
45861|루베
45862|퓌다
45863|돼지불백
45864|부덕하다
45865|유혹당하다
45866|저역
45867|농단하다
45868|치직
45869|드레서
45870|기옥
45871|지지부진
45872|수뢰
45873|침엽수림
45874|맹종하다
45875|수요층
45876|평교사
45877|봄소식
45878|텐스
45879|퍼걸러
45880|폼알데하이드
45881|화통하다
45882|어버버하다
45883|골판
45884|평론하다
45885|프레스토
45886|탄착
45887|미란다
45888|아자씨
45889|방방이
45890|하이킹하다
45891|나트랑
45892|경연하다
45893|탈린
45894|새벽별
45895|월수입
45896|몬테소리
45897|즉답하다
45898|극성맞다
45899|구제책
45900|무례히
45901|나히다
45902|디더링
45903|복작복작
45904|덜컹대다
45905|거동하다
45906|가스펠
45907|해양성
45908|미분하다
45909|아밀라아제
45910|부슬비
45911|차환
45912|삐까번쩍하다
45913|쩌렁
45914|기은
45915|식순
45916|푸닥거리
45917|골프하다
45918|카망베르
45919|수수방관하다
45920|북주
45921|얼타다
45922|클램차우더
45923|분계선
45924|썩음
45925|시금치
45926|호객하다
45927|압류당하다
45928|혼재하다
45929|풋사랑
45930|고쟁이
45931|탈옥시키다
45932|그맘때
45933|안파
45934|쫄면
45935|예과
45936|피가
45937|스리피스
45938|무성히
45939|플레이그라운드
45940|우숩다
45941|초식성
45942|수상기
45943|진본
45944|개과
45945|액센트
45946|당연
45947|강습소
45948|리트머스
45949|번민하다
45950|대공사
45951|아웃라이어
45952|꼼지락대다
45953|데구리
45954|웰시
45955|패총
45956|시라미
45957|서법
45958|관전
45959|클로저
45960|접안
45961|후안무치하다
45962|망명자
45963|응결되다
45964|상이
45965|못질하다
45966|채널링
45967|인터라켄
45968|코크스
45969|달구경
45970|걸신
45971|덕행
45972|무르팍
45973|저해되다
45974|봉방
45975|빙신
45976|포레
45977|움마
45978|입센
45979|더그아웃
45980|훌렁훌렁
45981|왕진
45982|전완
45983|시장기
45984|오도하다
45985|라플레시아
45986|임계
45987|차완무시
45988|소복소복
45989|수령인
45990|전북특별자치도
45991|소면
45992|낭패스럽다
45993|하렘
45994|문화사
45995|비핵화하다
45996|번뜩이다
45997|주바
45998|베르트랑
45999|제프리스
46000|지터
46001|라이타
46002|뽀리
46003|반피
46004|다정스럽다
46005|윗세오름
46006|웨이크보드
46007|난지도
46008|부자유하다
46009|전개도
46010|덴마크어
46011|축성
46012|빙과
46013|테오티우아칸
46014|모량
46015|갱생하다
46016|친위
46017|우헝
46018|별고
46019|둔황
46020|움칫
46021|꿀꿀이
46022|가부
46023|독어
46024|소세지
46025|기표하다
46026|호헌
46027|감옥소
46028|반품되다
46029|촤르륵
46030|통수권
46031|겜
46032|스포츠웨어
46033|혼수품
46034|헤파린
46035|소권
46036|교살하다
46037|모질
46038|수료생
46039|크라이스트처치
46040|세놓다
46041|마이코플라스마
46042|신작로
46043|연소시키다
46044|버팅기다
46045|향자
46046|청파
46047|보살핌
46048|간명하다
46049|수입금
46050|러스크
46051|낮말
46052|가학
46053|반라
46054|청빙
46055|서광
46056|석청
46057|커드
46058|장사정포
46059|앵간하다
46060|에버글레이즈
46061|조동사
46062|노간주나무
46063|반닫이
46064|원음
46065|핫템
46066|환풍
46067|기기묘묘하다
46068|보쌈하다
46069|세토
46070|찬모
46071|최루
46072|수권
46073|까닥
46074|노비사드
46075|자리다
46076|바아
46077|바리데기
46078|주창
46079|미시시피강
46080|자중
46081|밀월
46082|길흉
46083|극호
46084|인공눈
46085|녹림
46086|전투기
46087|틀어막히다
46088|포석정
46089|죽향
46090|분열증
46091|가지가지
46092|귀재
46093|후불
46094|관개
46095|청렴결백하다
46096|건아
46097|그람
46098|능력껏
46099|메가톤
46100|봉두
46101|기업적
46102|근무지
46103|잔인무도하다
46104|작태
46105|어답터
46106|걸죽하다
46107|모내기하다
46108|혹시나
46109|개의하다
46110|은마
46111|물어뜯기다
46112|전도자
46113|푸르딩딩하다
46114|페미
46115|떼쟁이
46116|헤헤거리다
46117|리조
46118|광신자
46119|낙화
46120|빠칭코
46121|론리
46122|벼락같다
46123|인습
46124|계륵
46125|라사
46126|고부간
46127|기항하다
46128|동극
46129|복씨
46130|부동자세
46131|유르트
46132|죄사하다
46133|왜성
46134|오곡
46135|선집
46136|귀밑머리
46137|니치
46138|발부리
46139|종일토록
46140|머스마
46141|소거되다
46142|불콰하다
46143|원두커피
46144|친북
46145|유등
46146|토막토막
46147|미꾸라지
46148|입고하다
46149|내경
46150|반포되다
46151|씨름꾼
46152|과로사하다
46153|땜질하다
46154|수드라
46155|생김치
46156|논장
46157|래서
46158|퇴실
46159|광신적
46160|채화되다
46161|얼척
46162|무기고
46163|제로니모
46164|카타니아
46165|동짓달
46166|날인하다
46167|노련미
46168|알바트로스
46169|길눈
46170|솔숲
46171|엠블라
46172|접수창구
46173|수필가
46174|넙적하다
46175|컥컥
46176|황태국
46177|채혈하다
46178|상승효과
46179|산들산들
46180|벼르다
46181|플랑드르
46182|또르륵
46183|민족사
46184|위안거리
46185|강폭
46186|춘곤증
46187|센타
46188|후리다
46189|화구통
46190|찬동하다
46191|글리
46192|소다수
46193|스스럼없다
46194|자초
46195|돌궐
46196|우시장
46197|촐싹대다
46198|흡혈하다
46199|도회적
46200|유추되다
46201|투쿠다
46202|아무려나
46203|포동
46204|길쭉이
46205|뽀시래기
46206|일력
46207|비원
46208|윤형
46209|트리노
46210|아류
46211|접주
46212|대화재
46213|아르곤
46214|밀반출하다
46215|개장되다
46216|크루스
46217|진후
46218|주책바가지
46219|벤조
46220|외따로
46221|분소
46222|재설계하다
46223|클로로퀸
46224|세이빙
46225|스툴다
46226|꼭지
46227|들이
46228|방종하다
46229|교훈하다
46230|피봇
46231|썰전
46232|뇌간
46233|망구
46234|팔푼이
46235|한독
46236|돌려막다
46237|인진
46238|무데뽀
46239|시현하다
46240|동동이
46241|기상대
46242|흐느적흐느적
46243|휘슬러
46244|해곡
46245|변모시키다
46246|조롱조롱
46247|용솟음치다
46248|글럭
46249|상통하다
46250|방납
46251|주발
46252|점식
46253|세봉
46254|확충되다
46255|잣죽
46256|고락
46257|전풍
46258|구금
46259|긁어놓다
46260|센티하다
46261|염장하다
46262|금은동
46263|탑돌이
46264|아말
46265|컥컥대다
46266|새크라멘토
46267|버들가지
46268|아키노
46269|둘러업다
46270|수장되다
46271|공상하다
46272|애곡하다
46273|황룡
46274|공카
46275|심부
46276|한숙
46277|차리
46278|야맹증
46279|대작가
46280|서티
46281|수아
46282|근친혼
46283|컨셉트
46284|결장하다
46285|영창
46286|나신
46287|총구멍
46288|닿이다
46289|배터
46290|붑다
46291|상근
46292|짬타이거
46293|독액
46294|아카바
46295|형용
46296|슈발리에
46297|연마되다
46298|루바토
46299|립스
46300|내분비계
46301|무곡
46302|반신
46303|증빙하다
46304|아이크
46305|펀
46306|떼이다
46307|시주하다
46308|감축되다
46309|사루
46310|무림
46311|트로츠키
46312|다거
46313|갈이
46314|켜
46315|다치
46316|무지몽매하다
46317|도회
46318|국산화하다
46319|동시통역
46320|과격파
46321|욱다
46322|바쿠스
46323|빨아올리다
46324|무얼하다
46325|물렁뼈
46326|혼용되다
46327|토질
46328|수근거리다
46329|펀더멘털
46330|알레프
46331|퓰리처
46332|수륙
46333|거무칙칙하다
46334|파르마
46335|음유
46336|절임
46337|추석맞이
46338|카포
46339|웹드
46340|해뜨기
46341|인당
46342|복잡다단하다
46343|공이
46344|붕당
46345|변절
46346|연루자
46347|목판본
46348|후처
46349|허셜
46350|창춘
46351|롤리타
46352|깨갱거리다
46353|독사진
46354|년년이
46355|물독
46356|대형화
46357|도미넌트
46358|카운트다운하다
46359|사락거리다
46360|독서력
46361|걸음걸음
46362|석방시키다
46363|면역성
46364|메이어
46365|혼세
46366|봉침
46367|신현
46368|은팔찌
46369|혁파
46370|디렉토리
46371|쫌팽이
46372|퍼리
46373|하울러
46374|감식초
46375|벼슬길
46376|왈짜
46377|노형
46378|동면하다
46379|양정
46380|털장갑
46381|연착륙하다
46382|상사리
46383|꿍꿍
46384|서완
46385|오륙
46386|애걸복걸
46387|앤솔러지
46388|충만히
46389|바니쉬
46390|격변하다
46391|디오
46392|모노그램
46393|언약하다
46394|푸르륵
46395|제관
46396|허유
46397|청조
46398|풍전등화
46399|일망타진
46400|하라
46401|영통하다
46402|합치되다
46403|조지타운
46404|저명
46405|거세
46406|나졸
46407|분칠하다
46408|표징
46409|아둥바둥
46410|타란튤라
46411|캄
46412|되살다
46413|광점
46414|빙자
46415|남진
46416|강등하다
46417|균일가
46418|소속하다
46419|헛물켜다
46420|뒤보다
46421|기가비트
46422|전유하다
46423|교분
46424|프리스비
46425|병입하다
46426|뎁히다
46427|규성
46428|연분홍빛
46429|파스닙
46430|설렁
46431|삐라
46432|교방
46433|건석
46434|레니
46435|신기원
46436|최하급
46437|지밀
46438|늦겨울
46439|월담
46440|지공
46441|갈라디아
46442|탈덕하다
46443|기겁
46444|파쇄되다
46445|회칠하다
46446|혼인식
46447|셀룰로오스
46448|피니셔
46449|불치
46450|외유내강
46451|팡세
46452|잠투정
46453|밀폐하다
46454|조구하다
46455|관통되다
46456|신속성
46457|다재다능
46458|진갈색
46459|편편하다
46460|훌렁훌렁하다
46461|귀납적
46462|육퇴
46463|격침
46464|설렁설렁하다
46465|쿡방
46466|이럭
46467|석등
46468|납채
46469|벵갈루루
46470|안마사
46471|테더링
46472|쏜살
46473|로하스
46474|아라킨
46475|남노
46476|말키
46477|시퀸
46478|무간도
46479|병과
46480|까리
46481|프레온
46482|색칠되다
46483|구혼자
46484|바이폴라
46485|잭슨빌
46486|사랑앓이
46487|알부자
46488|해장술
46489|우산국
46490|삽시
46491|종영하다
46492|함바
46493|휘둥그래지다
46494|해몽하다
46495|드라세나
46496|동양식
46497|민망스럽다
46498|성가시다
46499|전적지
46500|고린내
46501|궁사
46502|헬머
46503|끄떡없이
46504|포악
46505|엔그램
46506|오버킬
46507|도그레그
46508|초지일관
46509|난립
46510|이포리
46511|흠칫거리다
46512|근고
46513|걷어치우다
46514|서러워하다
46515|월비
46516|벙긋
46517|표백하다
46518|검불
46519|성악하다
46520|감아올리다
46521|머하다
46522|장민
46523|월풀
46524|몽마르트르
46525|뚜르르
46526|크리스핀
46527|살상하다
46528|징발
46529|노쇠
46530|거명되다
46531|찔끔거리다
46532|연전연승
46533|닳아빠지다
46534|트레드
46535|정준
46536|비일비재
46537|수묵
46538|로카
46539|기타큐슈
46540|포청
46541|라부아지에
46542|귀도리
46543|아이고아이고
46544|며느릿감
46545|멸시당하다
46546|보듬
46547|헤로도토스
46548|재고
46549|길마
46550|무정
46551|길르다
46552|밸붕
46553|미추
46554|법국
46555|프레스턴
46556|비채
46557|언더스터디
46558|운구하다
46559|브라우징
46560|정법
46561|미령하다
46562|구렁
46563|껍
46564|폭압
46565|신새벽
46566|금부
46567|발라
46568|채드윅
46569|하틀리
46570|형서
46571|브레이드
46572|깨물리다
46573|콩가
46574|규준
46575|혀뿌리
46576|후타바
46577|정중
46578|치받다
46579|하치
46580|터뷸런스
46581|실리카
46582|씀바귀
46583|현용
46584|반송하다
46585|벌수
46586|백약
46587|폐차되다
46588|파두
46589|역변
46590|아시가바트
46591|두서너
46592|어물어물
46593|어정거리다
46594|모양내다
46595|아르투아
46596|디엔에이
46597|타나다
46598|광영
46599|충혈
46600|디졸브
46601|설어
46602|복실복실하다
46603|득도하다
46604|퀴뇨
46605|상소하다
46606|배변하다
46607|깡충거리다
46608|빠다
46609|사화
46610|겟세마네
46611|적저
46612|에멀전
46613|아가멤논
46614|마스터베이션
46615|스워드
46616|우짖다
46617|애국적
46618|가자하다
46619|발아
46620|갈려지다
46621|다면적
46622|백코트
46623|퇴락하다
46624|후두염
46625|뒤틀어지다
46626|중용되다
46627|윤초
46628|두브로브니크
46629|선진화되다
46630|가산되다
46631|환인
46632|계면쩍다
46633|케르키라
46634|페이터
46635|인턴쉽
46636|몽생미셸
46637|산고
46638|웅변하다
46639|페라가모
46640|침대칸
46641|축출
46642|따로국밥
46643|잡설
46644|천상열차분야지도
46645|왕방울
46646|말소하다
46647|애어른
46648|술렁술렁
46649|새털
46650|헤이룽장
46651|한로
46652|무이파
46653|찌끄레기
46654|기갈
46655|번역판
46656|덥
46657|애드벌룬
46658|기름띠
46659|서관
46660|내향성
46661|이녕
46662|부드득
46663|선탠
46664|안다리
46665|농무
46666|감시병
46667|니고데모
46668|마운팅
46669|캐터필러
46670|존치하다
46671|마이농
46672|라이트급
46673|수건걸이
46674|용골
46675|봉납하다
46676|기호품
46677|전야
46678|배저
46679|파반
46680|재배치되다
46681|야멸차다
46682|훈구
46683|가데스
46684|수전노
46685|요딴
46686|문화인
46687|청상아리
46688|아나시스
46689|마이스
46690|기망
46691|고쇼
46692|토산
46693|또리
46694|미필
46695|갈매기
46696|흥밋거리
46697|지신밟기
46698|비막
46699|월간
46700|등걸
46701|낙후
46702|눙치다
46703|필도
46704|밑변
46705|짐시
46706|문산
46707|케톤
46708|파직하다
46709|바꿔치다
46710|낙농
46711|격변기
46712|야바이
46713|설인
46714|부토
46715|반지르르하다
46716|세로축
46717|당호
46718|이역만리
46719|등거리
46720|태선
46721|중리
46722|교정지
46723|핼리팩스
46724|가담
46725|단순성
46726|게하
46727|재천
46728|파가니니
46729|땟국물
46730|연역적
46731|소작
46732|졸도
46733|가당찮다
46734|마당쇠
46735|신강
46736|밤무대
46737|보증되다
46738|정좌
46739|자르
46740|일과표
46741|진언
46742|출납
46743|말초적
46744|논둑
46745|블리츠
46746|음청
46747|성우
46748|오바이트하다
46749|고현
46750|빙글뱅글
46751|균일
46752|석물
46753|쿠당탕
46754|반구
46755|리신
46756|성탑
46757|쓸쓸
46758|사실
46759|눌르다
46760|최은희
46761|객장
46762|청시
46763|지라
46764|말끄러미
46765|간호부장
46766|찐득
46767|아삼
46768|돌출부
46769|회갑연
46770|조역
46771|훈시
46772|광도
46773|라쇼몽
46774|산군
46775|경공업
46776|엠페도클레스
46777|올리베이라
46778|애끓다
46779|이바구
46780|미트라
46781|대서특필
46782|무기형
46783|토와
46784|뒤치닥거리
46785|애호
46786|실실대다
46787|전인
46788|관한하다
46789|그을다
46790|면직물
46791|마네키네코
46792|은혼식
46793|바이오매스
46794|고레스
46795|밀조
46796|재건축되다
46797|특별나다
46798|다카쿠라
46799|희끗희끗
46800|엉뜨
46801|원계
46802|물갈이하다
46803|지덕체
46804|병참
46805|벽감
46806|솔질
46807|라이닝
46808|금별
46809|건판
46810|우바이
46811|청축
46812|움직거리다
46813|전멸되다
46814|방탄하다
46815|직필
46816|수음
46817|눈곱만하다
46818|가테
46819|도반
46820|꾸깃꾸깃하다
46821|그얘
46822|생고생하다
46823|가름하다
46824|어무
46825|이태원동
46826|재가동되다
46827|금귤
46828|씽긋
46829|옹헤야
46830|꾸억
46831|노송
46832|사귀
46833|노략질
46834|감잣국
46835|뚝뚝이
46836|이원익
46837|플로
46838|류구
46839|복막염
46840|밤말
46841|바리캉
46842|스쿼터
46843|폐정
46844|허시
46845|귀동냥
46846|첸나이
46847|바티스트
46848|감화되다
46849|장희
46850|북괴
46851|법신
46852|항서
46853|할짝거리다
46854|퀘퀘하다
46855|멸절
46856|함흥차사
46857|감어
46858|잔차
46859|선동가
46860|발병되다
46861|두광
46862|소맷부리
46863|선향
46864|봉필
46865|이단적
46866|우음
46867|느림
46868|살이다
46869|불법하다
46870|알레고리
46871|가로축
46872|성나다
46873|언팔
46874|될성부르다
46875|베
46876|어쩌고
46877|호저
46878|아고
46879|묘생
46880|무절제하다
46881|오라방
46882|꿍얼거리다
46883|정하
46884|개구
46885|갯마을
46886|유숙하다
46887|간질
46888|헤라클레이토스
46889|오가노이드
46890|야심만만하다
46891|스로틀
46892|윤무
46893|옐치
46894|징글징글
46895|갯과
46896|배리어
46897|승구
46898|중반기
46899|주재국
46900|팀파니
46901|조난되다
46902|빙결
46903|케이싱
46904|현숙하다
46905|스퀴지
46906|포트워스
46907|운송료
46908|충당되다
46909|수런거리다
46910|뜨거워하다
46911|격조하다
46912|파이핑
46913|장두
46914|의역하다
46915|의표
46916|장산
46917|아난
46918|대성황
46919|일원화되다
46920|생까다
46921|노도강
46922|문다
46923|강용
46924|낱알
46925|신출내기
46926|고만
46927|사산
46928|뉴포트
46929|안타고니스트
46930|잡화상
46931|장한
46932|공수병
46933|말통
46934|배구하다
46935|빠개다
46936|석가
46937|헛물
46938|몰르다
46939|나프타
46940|도레미파솔라시도
46941|성행
46942|규율하다
46943|빨간날
46944|재입학
46945|오코너
46946|불결
46947|누진세
46948|이스파한
46949|버팀대
46950|진혼곡
46951|철벅거리다
46952|사문화되다
46953|고루하다
46954|상연하다
46955|고색창연하다
46956|기탁
46957|주저되다
46958|봉림
46959|철모르다
46960|샤를마뉴
46961|그물코
46962|피엠
46963|윷판
46964|유급하다
46965|벽창호
46966|토바
46967|피란
46968|얼씬대다
46969|귀소
46970|완승하다
46971|달개비
46972|단면적
46973|샤이엔
46974|견공
46975|문원
46976|금애
46977|선풍
46978|고갯짓하다
46979|안압
46980|인포그래픽
46981|드르륵거리다
46982|연리
46983|인비
46984|베르겐
46985|시원시원
46986|어처구니없이
46987|애처가
46988|후위
46989|노도
46990|매직하다
46991|복권하다
46992|노발대발
46993|속량
46994|미납하다
46995|시덥다
46996|마태오
46997|추아
46998|타블로이드
46999|요청되다
47000|샹샹
47001|칸토
47002|피장파장
47003|폐유
47004|자생력
47005|롤프
47006|포스트모더니즘
47007|자낳괴
47008|강권
47009|관세음
47010|무릉
47011|영화하다
47012|코베인
47013|꽁떼
47014|동일시되다
47015|그레인
47016|목판화
47017|솎아내기
47018|아누
47019|태금
47020|축원
47021|찻
47022|까르
47023|벌초하다
47024|제주살이
47025|재집권하다
47026|말판
47027|아카족
47028|지글다
47029|잔정
47030|산후안
47031|삼수하다
47032|주름치마
47033|밸류에이션
47034|스텐실
47035|포신
47036|제가하다
47037|발광체
47038|엄청시리
47039|수퍼마켓
47040|거울삼다
47041|헌팅턴
47042|스피아민트
47043|알못
47044|허송
47045|겔
47046|강론
47047|이엉
47048|여리
47049|키클롭스
47050|증축되다
47051|보면
47052|구스베리
47053|가정용품
47054|침모
47055|카트라이트
47056|컴포지션
47057|미려하다
47058|콩테
47059|폐교하다
47060|배란
47061|조직화하다
47062|상큼발랄하다
47063|일치단결하다
47064|아를
47065|무로란
47066|아끼
47067|울그다
47068|빨랫비누
47069|뤄양
47070|급가속하다
47071|투소
47072|린우
47073|되짚어가다
47074|본체만체하다
47075|오데트
47076|매킨리
47077|묵향
47078|교의
47079|침탈하다
47080|건평
47081|훈춘
47082|인더스강
47083|탱자탱자
47084|번지르르
47085|골고다
47086|실포
47087|깨놓다
47088|팔락
47089|유들유들하다
47090|뒤마
47091|마와르
47092|전담
47093|좌약
47094|홧팅
47095|활보
47096|되련님
47097|바이샤
47098|위생병
47099|미늘
47100|들추어내다
47101|습득되다
47102|대응되다
47103|히매다
47104|봉건적
47105|산달
47106|메기다
47107|래프
47108|스파이웨어
47109|착즙하다
47110|코다
47111|목상
47112|전기면도기
47113|마이스터고
47114|도리질하다
47115|속궁합
47116|내찌르다
47117|가래이
47118|반주하다
47119|크리스타
47120|가이우스
47121|디벨로퍼
47122|특유하다
47123|근모
47124|뢴트겐
47125|해학적
47126|나이저
47127|해운
47128|금융가
47129|디딜방아
47130|우루무치
47131|적대하다
47132|생방하다
47133|산원
47134|귓볼
47135|껄렁하다
47136|남부끄럽다
47137|테라바이트
47138|오컴
47139|대엽
47140|창무
47141|슬러거
47142|올라운드
47143|해되다
47144|격구
47145|아종
47146|콜린에스테라아제
47147|페리윙클
47148|쎄리
47149|뽀득뽀득하다
47150|고무판
47151|무너
47152|범세계적
47153|돌무지덧널무덤
47154|세규
47155|바이오로직스
47156|고박
47157|지하다
47158|연류
47159|고적하다
47160|노름
47161|트립토판
47162|널
47163|초갈
47164|프랜드
47165|칙서
47166|결합체
47167|독물
47168|확고부동하다
47169|표주박
47170|혼자말
47171|스퀴드
47172|명상법
47173|정태현
47174|완납
47175|구술시험
47176|장위
47177|비죽비죽
47178|주작하다
47179|지그다
47180|구암
47181|거름
47182|하옥하다
47183|탈바꿈되다
47184|회영
47185|틀어잡다
47186|갑시다
47187|물타기하다
47188|체공
47189|중봉
47190|성애
47191|쿰
47192|서운
47193|소송장
47194|공여하다
47195|세면기
47196|꺼리
47197|건데
47198|너울너울
47199|스테퍼
47200|짤그랑
47201|폴리오
47202|권태기
47203|대장염
47204|총괄적
47205|잉곳
47206|오르가즘
47207|차우셰스쿠
47208|사욕
47209|대연
47210|라이다
47211|찡기다
47212|절댓값
47213|상강
47214|탈수하다
47215|라흐만
47216|댐핑
47217|은명
47218|어헛
47219|범프
47220|주민세
47221|동도
47222|후면
47223|대관료
47224|흥흥
47225|마피
47226|딱정벌레목
47227|두덩
47228|정속
47229|이만저만하다
47230|기무
47231|배표
47232|토렴하다
47233|은채
47234|계림
47235|지대로
47236|축약
47237|태브
47238|발자크
47239|셀레늄
47240|펜리르
47241|빠삭
47242|몸살기
47243|까망베르
47244|요새화
47245|귀도
47246|떡방아
47247|태천
47248|아자르
47249|동검
47250|추풍낙엽
47251|꾸벅하다
47252|미소하다
47253|회권
47254|양물
47255|다크써클
47256|유임
47257|마른안주
47258|간체
47259|유동하다
47260|클라이브
47261|재유행하다
47262|매집하다
47263|포이
47264|동정론
47265|쪽쪽거리다
47266|투신자살하다
47267|바라크
47268|연애결혼
47269|고등하다
47270|죔쇠
47271|국화빵
47272|떠들이
47273|사회적가치
47274|출가외인
47275|절판
47276|가체
47277|베이스라인
47278|빨간빛
47279|가부장
47280|금주하다
47281|세대원
47282|면사
47283|겉다
47284|내단
47285|엥겔
47286|충복
47287|왕대비
47288|가망성
47289|산위
47290|악주
47291|안뜰다
47292|용규
47293|디프
47294|스테미나
47295|라지
47296|면직되다
47297|아롱
47298|무동
47299|회까닥
47300|보잘것없이
47301|부시럭
47302|자비하다
47303|포박당하다
47304|밞다
47305|성란
47306|중간적
47307|동정녀
47308|삼각팬티
47309|노계
47310|이미징
47311|피어
47312|아트리움
47313|글썽글썽하다
47314|이슈화되다
47315|형구
47316|키워
47317|메다꽂다
47318|로맨티시스트
47319|강력범
47320|새벽잠
47321|사이클로트론
47322|학도
47323|어마이
47324|레전드급
47325|페르세포네
47326|비노
47327|급회전
47328|자빠트리다
47329|취직자리
47330|저치
47331|축국
47332|붕사
47333|반례
47334|환락가
47335|화장발
47336|트리오스
47337|사바스
47338|헛바퀴
47339|에듭다
47340|강타당하다
47341|살판나다
47342|지철
47343|대사하다
47344|속없다
47345|참빗
47346|도래지
47347|무시무시
47348|구획되다
47349|이차돈
47350|치근덕대다
47351|집결되다
47352|현실주의
47353|러시안룰렛
47354|여과하다
47355|자급
47356|유틸
47357|슬랩
47358|정분나다
47359|평지풍파
47360|공증하다
47361|이탈되다
47362|분지르다
47363|뽈록
47364|전비
47365|시자
47366|덕천
47367|검비
47368|암부
47369|섬뜩
47370|다홍치마
47371|천출
47372|카보베르데
47373|유로뉴스
47374|헌디
47375|가없다
47376|충효
47377|더럽
47378|연한
47379|고해바치다
47380|기독
47381|뺑글뺑글
47382|그노시스
47383|직사
47384|말총
47385|욜로
47386|제중
47387|바지통
47388|밭다
47389|절식
47390|릭샤
47391|찰거머리
47392|골골대다
47393|너덧
47394|임야
47395|타설
47396|투생
47397|백토
47398|피고름
47399|황령산
47400|꾸역
47401|하급생
47402|대무
47403|홍양
47404|숙덕거리다
47405|무균
47406|동구권
47407|싸우
47408|선예도
47409|통폐합하다
47410|쌀쌀
47411|반타작
47412|연태
47413|타개
47414|대학자
47415|헤어피스
47416|로열패밀리
47417|함축
47418|유비무환
47419|자강
47420|남조
47421|궤멸하다
47422|황금비
47423|멕히다
47424|음주하다
47425|괴조
47426|악기점
47427|오락하다
47428|소나기
47429|휴원하다
47430|문예반
47431|배추국
47432|용신
47433|검시하다
47434|본산
47435|감점되다
47436|창릉
47437|법가
47438|부군
47439|페럿
47440|나장
47441|용마
47442|하수오
47443|시접
47444|유지방
47445|여호
47446|초회
47447|논농사
47448|척살하다
47449|상속법
47450|고입
47451|강타자
47452|지글지글하다
47453|고용원
47454|요소요소
47455|생황
47456|헐렁거리다
47457|슈뢰더
47458|탁본
47459|헌팅캡
47460|탄일
47461|막시밀리안
47462|낙진
47463|번드르르하다
47464|승냥이
47465|유니스트
47466|교화소
47467|심서
47468|소도
47469|본영
47470|느루
47471|쾌유하다
47472|마이코플라즈마
47473|금와
47474|성유
47475|마제
47476|대응사격
47477|이지하다
47478|앙케이트
47479|푸이
47480|녹말가루
47481|글라디올러스
47482|입선하다
47483|철컥철컥
47484|와병
47485|합일
47486|농사철
47487|방직
47488|체감
47489|대서특필되다
47490|샤디
47491|불벼락
47492|감미
47493|보위하다
47494|빈궁하다
47495|한아
47496|갑론을박하다
47497|좌전
47498|글쎄올시다
47499|재신
47500|미끌다
47501|돈나다
47502|케피
47503|완철
47504|달관하다
47505|락다운
47506|알트만
47507|아젤리아
47508|개시일
47509|솔선하다
47510|득점력
47511|토지
47512|청문
47513|껄렁껄렁하다
47514|밀전병
47515|파릇하다
47516|화다
47517|신돈
47518|종내
47519|쪼끄만하다
47520|패트리어트
47521|아웃도어용
47522|구석방
47523|배급량
47524|틀리
47525|받아안다
47526|종형
47527|셰이퍼
47528|반민족
47529|이슬라마바드
47530|규철
47531|달라들다
47532|카루소
47533|코터
47534|탁기
47535|종알종알
47536|발머
47537|샤프펜슬
47538|인문
47539|뜀박질하다
47540|어여
47541|딸그락
47542|먹방러
47543|메디다
47544|멜랑콜리
47545|오카피
47546|관능
47547|쾌히
47548|조로
47549|떠들썩
47550|러츠
47551|별책
47552|괄시하다
47553|넘실넘실
47554|예언되다
47555|거멓다
47556|베가
47557|열대림
47558|한소끔
47559|몽테스키외
47560|미쿡
47561|휴양하다
47562|회끼
47563|짜부
47564|요깃거리
47565|전업하다
47566|썪다
47567|우상화하다
47568|명군
47569|택일
47570|애욕
47571|책력
47572|분별없이
47573|씨받이
47574|걷어지다
47575|고보
47576|경허
47577|파생하다
47578|다이제스트
47579|통짜
47580|해안가
47581|시덥잖다
47582|송풍
47583|협잡꾼
47584|허송세월하다
47585|예리코
47586|구두끈
47587|과중
47588|소렐
47589|소요하다
47590|굵은소금
47591|방러
47592|뿌루퉁하다
47593|종강하다
47594|돈쓰
47595|제섭
47596|도상
47597|유래
47598|윤관
47599|께차다
47600|드문드문하다
47601|탈모증
47602|등화
47603|객관화하다
47604|통굽
47605|야음
47606|제삼
47607|꺼칠하다
47608|달콤히
47609|낙천
47610|야시
47611|혁우
47612|윤도
47613|합선되다
47614|내생
47615|개미허리
47616|치구
47617|블랙커런트
47618|박재홍
47619|시추공
47620|리셀러
47621|고료
47622|콜더
47623|탁송
47624|쑤저우
47625|우무
47626|맨딜다
47627|압제하다
47628|현격히
47629|코카서스
47630|팔가
47631|땡글땡글
47632|마이크로시버트
47633|간보다
47634|파삭파삭하다
47635|십자화과
47636|바이슨
47637|당색
47638|토렴
47639|일별
47640|무카
47641|섭취되다
47642|급체하다
47643|레반트
47644|보헤미안
47645|모리아
47646|흥주
47647|엔틱하다
47648|헬리오스
47649|압송
47650|진우
47651|급여하다
47652|그림자밟기
47653|패커
47654|텔레비
47655|귀견
47656|드잡이
47657|아코르
47658|쿡쿡거리다
47659|큰절하다
47660|쇠공
47661|자유시
47662|문대다
47663|몰라다
47664|제말
47665|차입금
47666|야마가타
47667|담소하다
47668|더부살이
47669|학군단
47670|뭉텅뭉텅
47671|베이시스트
47672|수임
47673|브라흐마
47674|둘러놓다
47675|잡아매다
47676|눈언저리
47677|문무백관
47678|오꼬노미야끼
47679|지탱되다
47680|피시앤칩스
47681|까드리다
47682|망치질하다
47683|하례
47684|수양하다
47685|장총
47686|묵자
47687|알고
47688|주운
47689|바순
47690|여회
47691|매수인
47692|물떼새
47693|응어리지다
47694|귀문
47695|맛사지
47696|뒤다
47697|면구스럽다
47698|인간애
47699|지사제
47700|양고기
47701|오타와
47702|군식구
47703|헤벌레
47704|량상
47705|에피쿠로스
47706|온풍
47707|크룩스
47708|대독하다
47709|겨드랑
47710|부역하다
47711|니기미
47712|번스
47713|지긋지긋
47714|원패
47715|현지화되다
47716|솜옷
47717|타고르
47718|원모
47719|위그
47720|나마리
47721|파란트로푸스
47722|지오메트리
47723|탄흔
47724|말참견
47725|차르륵
47726|공씨
47727|주야간
47728|새바람
47729|손윗사람
47730|쌔리
47731|옥죄이다
47732|고딴
47733|지신
47734|퀘
47735|기둥뿌리
47736|수습기자
47737|안사람
47738|털레털레
47739|기세등등
47740|나므
47741|봉주
47742|향숙
47743|베로키오
47744|다리오
47745|언도받다
47746|도판
47747|널찍널찍하다
47748|맥시
47749|상필
47750|개혁되다
47751|카민
47752|기둘리다
47753|식식대다
47754|우자
47755|철가
47756|고전주의
47757|단결되다
47758|빠드득
47759|추어올리다
47760|구습
47761|선우
47762|신장개업
47763|크렘브륄레
47764|감악산
47765|도사리다
47766|음장
47767|풍납동
47768|몽펠리에
47769|와신상담
47770|쿠리
47771|황인종
47772|정금
47773|뿔다
47774|옥살이하다
47775|완행
47776|죽마
47777|반잔
47778|억압당하다
47779|한살이
47780|충격하다
47781|도말하다
47782|드라이비트
47783|마한
47784|이종태
47785|추포
47786|월반
47787|실조
47788|꿈지럭거리다
47789|당겨쓰다
47790|얼루다
47791|도농
47792|팜플로나
47793|레제
47794|봉화대
47795|아나키즘
47796|잠재하다
47797|평남
47798|사디스트
47799|불조심하다
47800|그네뛰기
47801|연암
47802|심소
47803|저지되다
47804|넥타
47805|기함
47806|재소
47807|수집다
47808|가용하다
47809|도삭면
47810|지메
47811|저개발국
47812|쇠톱
47813|주낙
47814|프리바이오틱스
47815|입법안
47816|통성
47817|릴리프
47818|은일
47819|힘자랑하다
47820|마수걸이
47821|포밍
47822|분여
47823|위시하다
47824|화수
47825|관통상
47826|저지대
47827|꽃눈
47828|뒤팽
47829|깜박깜박
47830|유아원
47831|삼삼하다
47832|숭배되다
47833|재단되다
47834|철학가
47835|과학화
47836|분전하다
47837|싸늘히
47838|남동풍
47839|나크
47840|쭈그리
47841|니깐
47842|떠메다
47843|이이제이
47844|내근
47845|맬러리
47846|애진
47847|짤막짤막하다
47848|버밍햄
47849|고위도
47850|위문편지
47851|운문
47852|벗어젖히다
47853|푸른곰팡이
47854|오락성
47855|땜빵하다
47856|접신하다
47857|락까
47858|국가수반
47859|이나
47860|노변
47861|카르스
47862|난점
47863|오프셋
47864|정육각형
47865|아오리
47866|덜거덕거리다
47867|규제되다
47868|우리하다
47869|함석
47870|내열
47871|입속말
47872|조라
47873|년내
47874|스몸비
47875|감싸고돌다
47876|혜란
47877|병마개
47878|전위적
47879|재협상하다
47880|동그스름하다
47881|쪼글쪼글
47882|최중
47883|메모리즈
47884|중궁
47885|무등
47886|속사
47887|점오
47888|부자집
47889|낙도
47890|근종
47891|스테노
47892|유협
47893|나상우
47894|뒷마무리
47895|휴리스틱
47896|북인
47897|호키
47898|모꼬지
47899|의문사하다
47900|썽
47901|생자
47902|대만족하다
47903|통성명하다
47904|용맥
47905|뮈
47906|엉치뼈
47907|세분하다
47908|등록비
47909|이룩되다
47910|완소
47911|원숙하다
47912|자살골
47913|오선지
47914|홍석
47915|오키나와현
47916|싸안다
47917|마도로스
47918|판치다
47919|기풍
47920|광산업
47921|카라
47922|평균치
47923|냉혈
47924|헌제
47925|삥삥
47926|대퇴부
47927|걸식
47928|드리머
47929|흉터투성이
47930|도정하다
47931|호원
47932|웅변가
47933|탤러해시
47934|옳
47935|마용성
47936|준마
47937|헬리코박터
47938|바클라바
47939|드르르
47940|공제되다
47941|접몽
47942|갑자
47943|평방미터
47944|백희
47945|쪽쪽이
47946|티티티
47947|귀염귀염하다
47948|대성공하다
47949|마른풀
47950|우암
47951|중늙은이
47952|뺑소니치다
47953|원광
47954|아이고머니나
47955|문명사
47956|변이하다
47957|까꾸
47958|아두
47959|성히
47960|대하
47961|비스마르크
47962|죄업
47963|쭈구리다
47964|석회물
47965|방목지
47966|봉환
47967|비비추
47968|중탕하다
47969|해수면
47970|모파상
47971|가묘
47972|가츠
47973|변질시키다
47974|갈보
47975|구급약
47976|하원하다
47977|콤마
47978|후안무치
47979|바톤
47980|메가헤르츠
47981|재정립
47982|덴마
47983|내닫다
47984|매혹하다
47985|춘원
47986|징역살이
47987|장닭
47988|번인
47989|자그마하다
47990|증진되다
47991|동숙
47992|납북되다
47993|찌그러트리다
47994|파삭
47995|옇다
47996|맥없다
47997|빈아
47998|탈고하다
47999|임대되다
48000|보승
48001|통찜
48002|숭악하다
48003|중계자
48004|각설이
48005|분묘
48006|비참
48007|은호
48008|세제곱
48009|데살로니가
48010|지필묵
48011|정지윤
48012|시권
48013|흠모
48014|외채
48015|데메테르
48016|마쓰야마
48017|그렁
48018|조병준
48019|벙어리장갑
48020|중좌
48021|생성물
48022|동파되다
48023|검표
48024|뒷자락
48025|요새화하다
48026|고밀화되다
48027|모르타르
48028|일사부재리
48029|앤섬
48030|시곗줄
48031|딱총
48032|기가다
48033|내노
48034|시녕
48035|건폭
48036|응전하다
48037|아가페
48038|노리치
48039|독자성
48040|때까치
48041|거역
48042|맹모
48043|생상스
48044|몰라뵙다
48045|장삿속
48046|성주
48047|그믐
48048|식육
48049|기왕지사
48050|가위질하다
48051|이뇨
48052|신선놀음
48053|반통
48054|에칭
48055|난산
48056|벼슬하다
48057|기항
48058|치사스럽다
48059|석벽
48060|병옥
48061|자만
48062|벨라스케스
48063|살충
48064|구름층
48065|친손자
48066|봄빛
48067|아웃팅
48068|노동요
48069|굿맨
48070|우거지상
48071|사살당하다
48072|지지
48073|유보되다
48074|홧병
48075|과포화
48076|위해하다
48077|휘청이다
48078|일괄
48079|세뇨리따
48080|산척
48081|다사다난
48082|좌고우면하다
48083|피임
48084|멸문지화
48085|탈륨
48086|안방극장
48087|글래디스
48088|조아
48089|다물리다
48090|항전하다
48091|변절하다
48092|지존하다
48093|니마
48094|파로
48095|건천
48096|단답
48097|핑그르르
48098|어화둥둥
48099|폴카
48100|고기잡이배
48101|묘호
48102|운명론
48103|소식가
48104|예이츠
48105|인피
48106|개인플레이
48107|토파즈
48108|드베
48109|시골살이
48110|너와
48111|퀴다
48112|웨이하이
48113|투사되다
48114|퇴적되다
48115|맛점
48116|솔밭
48117|기갑
48118|참수되다
48119|장홍
48120|시바스
48121|약정서
48122|퀴
48123|미림
48124|개구리밥
48125|탕산
48126|침소봉대
48127|히틀러
48128|통지되다
48129|후리
48130|실질
48131|메세지
48132|엘리어트
48133|무차별하다
48134|민호
48135|어쭈구리
48136|벗하다
48137|임파
48138|헛짓거리하다
48139|라파엘로
48140|청연
48141|세어지다
48142|띠띠
48143|괜잖다
48144|복합되다
48145|초빙되다
48146|카구
48147|게르니카
48148|뀌어주다
48149|흉조
48150|얼태기
48151|저래다
48152|큐피트
48153|수관
48154|섹트
48155|반납되다
48156|무자비
48157|정직성
48158|체면치레
48159|투매
48160|류리
48161|직강
48162|외빈
48163|장죽
48164|승마하다
48165|차별당하다
48166|무두질하다
48167|저수
48168|동글다
48169|친추
48170|유지어터
48171|프로모터
48172|몸살감기
48173|반도네온
48174|니혼
48175|메데이아
48176|대출되다
48177|장령
48178|돌연사하다
48179|카디오이드
48180|태제
48181|인화되다
48182|차렷하다
48183|말캉말캉
48184|늘리
48185|허클다
48186|류블랴나
48187|득세
48188|만철
48189|하우스키핑
48190|접합하다
48191|조인하다
48192|다그다
48193|출수
48194|영능
48195|개재밌다
48196|타이포그래피
48197|일르다
48198|쭈뼛하다
48199|내돌리다
48200|깔짝대다
48201|꽂
48202|팔락거리다
48203|때죽나무
48204|레밍
48205|준사
48206|곡창
48207|연격
48208|금목서
48209|윗배
48210|김도희
48211|모자반
48212|웃장
48213|거뭇거뭇
48214|목메다
48215|스왜그
48216|절치부심하다
48217|달걀흰자
48218|민관군
48219|수반하다
48220|북쇠
48221|노부모
48222|국극
48223|수북
48224|마공
48225|노심
48226|골덴
48227|남사
48228|인표
48229|재창조되다
48230|로깅
48231|도찐개찐
48232|나만하다
48233|쇼스타코비치
48234|고명딸
48235|위통
48236|야만성
48237|입헌
48238|솔직담백하다
48239|건군절
48240|길석
48241|부득불
48242|승혜
48243|해국
48244|모듈레이션
48245|요오
48246|능곡
48247|고음질
48248|고영
48249|마에바시
48250|메타데이터
48251|도통하다
48252|종살이
48253|스크리닝
48254|에스테이트
48255|거려
48256|타전하다
48257|되씹다
48258|이미지화하다
48259|더덕더덕
48260|원컨대
48261|쾌척하다
48262|치마바지
48263|격일
48264|느글느글하다
48265|소생수
48266|섭주
48267|몰수당하다
48268|폐소
48269|함구
48270|퐁피두
48271|싸쥐다
48272|팔라우
48273|국한
48274|도토
48275|손이
48276|영합하다
48277|잡아지다
48278|누적하다
48279|왕징
48280|받침돌
48281|메누리
48282|쑤다
48283|병학
48284|아드리아해
48285|전성
48286|여망
48287|조토
48288|살로메
48289|데이비슨
48290|가스파초
48291|저감하다
48292|기집
48293|로버트슨
48294|아이오딘
48295|용임
48296|면회소
48297|후설
48298|바르트
48299|급랭하다
48300|석수장이
48301|그사
48302|원자잿값
48303|지방형
48304|고무마개
48305|매이다
48306|성숙기
48307|원불교
48308|비추천하다
48309|수동태
48310|엘리아스
48311|리놀륨
48312|초홍
48313|파이낸싱
48314|보시하다
48315|힌터
48316|꿱
48317|크레타섬
48318|기밀문건
48319|에계
48320|임란
48321|끽소리
48322|큰사전
48323|되놓다
48324|지독
48325|의기투합
48326|입교하다
48327|연대표
48328|석별
48329|개관되다
48330|상항
48331|두고
48332|이태백
48333|수피
48334|뭉텅
48335|귀양살이
48336|금시
48337|백분율
48338|의태
48339|북진
48340|목소
48341|이간질시키다
48342|병용
48343|옥타비아누스
48344|개똥같다
48345|후과
48346|인스트
48347|파르티아
48348|끼익끼익
48349|석정
48350|린드버그
48351|교서
48352|빠글빠글하다
48353|읍참마속
48354|호크스
48355|가말리엘
48356|광탈하다
48357|곰방
48358|녹는점
48359|감천
48360|바다리
48361|여봐란듯이
48362|부국강병
48363|수릿날
48364|각다귀
48365|매질하다
48366|히스타민
48367|논문집
48368|고누
48369|익충
48370|모곡
48371|혈압계
48372|왕부
48373|석비
48374|심병
48375|명휘
48376|공금
48377|특등
48378|사규
48379|글라이드
48380|하시오
48381|양규
48382|촌사람
48383|백의민족
48384|능성어
48385|아명
48386|꾸질꾸질
48387|대두하다
48388|햇곡식
48389|세대
48390|투전
48391|저촉
48392|헤지다
48393|염려증
48394|총집결하다
48395|지광
48396|급강하
48397|평상심
48398|타산지석
48399|루한스크
48400|감면되다
48401|나오르다
48402|과소비하다
48403|달만
48404|화집
48405|미하다
48406|총칭하다
48407|회칠
48408|콩닥콩닥하다
48409|목골
48410|알아지다
48411|파송
48412|내접하다
48413|중산
48414|애용되다
48415|으드득
48416|톨루엔
48417|홍염
48418|님프
48419|류마티스
48420|창상
48421|아쿠타가와상
48422|절치부심
48423|장연
48424|일소
48425|보나파르트
48426|떵
48427|걸귀
48428|전상
48429|고급화되다
48430|단명
48431|마롱
48432|트레스
48433|눈꼴
48434|실연하다
48435|켐프
48436|적채
48437|잔디깎이
48438|애신
48439|통신업계
48440|서멀
48441|브론토사우루스
48442|낼름낼름
48443|템퍼링
48444|기간산업
48445|본뜻
48446|분쟁하다
48447|사출
48448|유창성
48449|귀침
48450|연단하다
48451|흑호
48452|힌지
48453|원상회복
48454|니컬스
48455|익세
48456|그낭
48457|입담
48458|뭉
48459|반박문
48460|논증하다
48461|뺀질거리다
48462|튀각
48463|하갈
48464|서러움
48465|노온사동
48466|산성화
48467|채송아
48468|샤토브리앙
48469|터럭
48470|사락사락
48471|말갈기
48472|까르륵
48473|퍼덕퍼덕
48474|출점
48475|랭보
48476|나일
48477|석고대죄하다
48478|잣다
48479|탁이
48480|이제사
48481|빙글거리다
48482|다른
48483|상관성
48484|무궁무진
48485|불탑
48486|의치
48487|위임되다
48488|총살되다
48489|치영
48490|현수
48491|후지사키
48492|에스라
48493|등기하다
48494|보상되다
48495|진북
48496|추키다
48497|덕진
48498|말초
48499|헥헥대다
48500|내리비치다
48501|볼록볼록
48502|경직
48503|궁금
48504|인왕제색도
48505|팩토리얼
48506|순흥
48507|불끈거리다
48508|자시다
48509|역서
48510|급제동하다
48511|광천
48512|염사
48513|무병
48514|농사법
48515|불야성
48516|껑충하다
48517|훑어가다
48518|틔다
48519|이입되다
48520|모랫바닥
48521|오그리다
48522|약전
48523|부감
48524|소통되다
48525|토함산
48526|확약
48527|각간
48528|발라더
48529|진수하다
48530|깐죽대다
48531|남돌
48532|가이거
48533|안평
48534|남녀칠세부동석
48535|낭종
48536|왜소증
48537|독시
48538|수림
48539|오펙
48540|대견
48541|태킹
48542|헛짓
48543|철두철미
48544|방간
48545|어영부영하다
48546|주물
48547|어둑어둑
48548|성근
48549|용례
48550|사상범
48551|온점
48552|단과대
48553|칼스
48554|속행
48555|위문품
48556|청록
48557|쭈뼛쭈뼛하다
48558|봉독
48559|돈모
48560|쓰봉
48561|부화뇌동하다
48562|리바이어던
48563|데카
48564|다양화되다
48565|계비
48566|개혁파
48567|곱디곱다
48568|결부
48569|무사통과
48570|마카레나
48571|급보
48572|혼조
48573|포타슘
48574|딕슨
48575|청운
48576|문창
48577|가효
48578|흘깃흘깃
48579|정덕
48580|봉신
48581|헉하다
48582|파옥
48583|재선하다
48584|서복
48585|야들하다
48586|반장하다
48587|월곡
48588|갑작
48589|출타하다
48590|장엄
48591|프로텍트
48592|종권
48593|수서
48594|라쿠
48595|별건
48596|할애되다
48597|수양버들
48598|감점하다
48599|아레테
48600|수뇌
48601|그라운드시트
48602|악담하다
48603|안달다
48604|통통거리다
48605|압박되다
48606|라마르크
48607|돌어가다
48608|세피아
48609|허리선
48610|최댓값
48611|유동식
48612|초초하다
48613|빛샘
48614|디포
48615|선스크린
48616|가득가득하다
48617|불그스레하다
48618|열거되다
48619|리만
48620|메스티소
48621|엘도라도
48622|낙심되다
48623|고기능
48624|무신경
48625|희부옇다
48626|컬럼
48627|안집
48628|천애
48629|찢청
48630|드롭킥
48631|빵긋
48632|콜콜
48633|미쉬
48634|음핵
48635|잠녀
48636|우루
48637|부교장
48638|적재되다
48639|가축화되다
48640|만지작대다
48641|칼로
48642|니깟
48643|소줏고리
48644|나라말
48645|사파타
48646|말쯤
48647|증편하다
48648|째째하다
48649|네미
48650|히죽대다
48651|껴
48652|영락
48653|탈부착하다
48654|리세션
48655|차지키
48656|동바리
48657|맥아리
48658|취사선택하다
48659|련방
48660|보티첼리
48661|트랜스포트
48662|아이스케키
48663|누계
48664|율령
48665|턱짓하다
48666|카디건
48667|자기중심
48668|무량수전
48669|정결
48670|헤이든
48671|촘촘
48672|피이
48673|서스캐처원
48674|시드니
48675|매병
48676|청부하다
48677|맥문동
48678|밀레투스
48679|에밀레
48680|종고
48681|포타주
48682|알프
48683|번역어
48684|체불하다
48685|일소하다
48686|발신음
48687|자청
48688|야단스럽다
48689|휴장하다
48690|아조
48691|상덕
48692|명재
48693|비츠
48694|경음악
48695|다로
48696|전능
48697|작풍
48698|킬로톤
48699|리보솜
48700|초대소
48701|반고흐
48702|보물찾기하다
48703|중호
48704|난무
48705|입말
48706|흉지
48707|금강불괴
48708|댕그랑
48709|비딱하다
48710|중공
48711|약손
48712|늦바람
48713|잠깜
48714|동별
48715|자효
48716|빠구리
48717|숙청되다
48718|오비이락
48719|카스피해
48720|헤파이스토스
48721|드르다
48722|자랑삼다
48723|풍연
48724|불세출
48725|무디어지다
48726|옭
48727|데자
48728|신장하다
48729|신성불가침
48730|파혼당하다
48731|일찌기
48732|하굿둑
48733|안식하다
48734|모마
48735|갈치
48736|여곡
48737|응보
48738|쏘이
48739|띠우다
48740|주매
48741|와셔
48742|도청되다
48743|아몬
48744|되려
48745|웂다
48746|명퇴
48747|쌈빡하다
48748|마키다
48749|촬영기
48750|셰필드
48751|붉
48752|시축
48753|병선
48754|아어
48755|월사금
48756|오우다
48757|에른스트
48758|층층다리
48759|비슈케크
48760|듀폰
48761|묘령
48762|오른
48763|전통문
48764|고행하다
48765|일률
48766|엘피
48767|수집광
48768|절리
48769|가브
48770|생약
48771|여름맞이
48772|합법성
48773|로런츠
48774|부활되다
48775|환담하다
48776|티머시
48777|통리
48778|글라이딩
48779|피용
48780|점용
48781|흥취
48782|베베르
48783|곡목
48784|허투
48785|조민
48786|이은애
48787|센서스
48788|요망되다
48789|전가
48790|사함
48791|정란
48792|은장도
48793|역동
48794|북적
48795|해부도
48796|청천
48797|찹다
48798|랜싯
48799|약동하다
48800|앉은자리
48801|외지다
48802|계간지
48803|릿지
48804|대상화하다
48805|준동
48806|피랍되다
48807|뚝딱뚝딱하다
48808|철완
48809|느자구
48810|여귀
48811|구깃구깃하다
48812|야전
48813|로사리오
48814|귓말
48815|머가리
48816|흰긴수염고래
48817|황톳길
48818|야리다
48819|곁길
48820|측간
48821|스터프
48822|원조하다
48823|본바탕
48824|재고품
48825|현학
48826|키블
48827|드레시하다
48828|뭉근히
48829|반음
48830|자박하다
48831|언플
48832|부가되다
48833|셋방살이
48834|난자당하다
48835|교화되다
48836|흑판
48837|세일링
48838|신양
48839|유의어
48840|퍼팅하다
48841|나찰
48842|촉망되다
48843|쥐여지다
48844|흐악
48845|잉골슈타트
48846|저널링
48847|각양
48848|오버톤
48849|산산
48850|성괴
48851|기상학
48852|패왕별희
48853|우전
48854|통진
48855|포고
48856|눙지
48857|숙용
48858|구제되다
48859|교명
48860|팜비치
48861|셰이드
48862|슥삭슥삭
48863|복속되다
48864|죄과
48865|가압
48866|풍수지리설
48867|명신
48868|작은할아버지
48869|하우스메이트
48870|그으다
48871|해씨
48872|뿌리박히다
48873|모하다
48874|수호
48875|흰쥐
48876|유력시되다
48877|남게
48878|재배당하다
48879|실룩실룩
48880|술장사
48881|적신
48882|공원묘지
48883|당소
48884|무겁
48885|대하드라마
48886|아스키
48887|활주하다
48888|질겅거리다
48889|뱃삯
48890|안전화
48891|들게
48892|바랄
48893|고용자
48894|크로스하다
48895|데스티네이션
48896|조물조물하다
48897|트레티노인
48898|추시
48899|사이버네틱스
48900|극소
48901|강옥
48902|행음하다
48903|느물거리다
48904|힉소스
48905|신장되다
48906|경찰권
48907|제노사이드
48908|초자아
48909|인의예지
48910|중목
48911|결감
48912|위폐
48913|순구
48914|판주
48915|로웰
48916|유표
48917|거벽
48918|메이다
48919|쓰담쓰담하다
48920|산촌
48921|업뎃
48922|앉음새
48923|플레이밍
48924|규방
48925|승전국
48926|두부두루치기
48927|절뚝절뚝
48928|손장난
48929|희번덕
48930|쌀가게
48931|스완지
48932|타지다
48933|협착
48934|원필
48935|목란
48936|끄억
48937|궁문
48938|안개비
48939|바스라
48940|비뚜름하다
48941|삐뚤삐뚤
48942|보트피플
48943|처조카
48944|네뷸러
48945|솔플
48946|스패츌러
48947|니플
48948|귀향길
48949|브르다
48950|뇌사하다
48951|맘대루
48952|토장
48953|센치
48954|말라다
48955|휴방
48956|패배주의
48957|멘스
48958|객식구
48959|덕례
48960|승락
48961|도라산
48962|절세미인
48963|잠항
48964|정본
48965|패류
48966|목시
48967|광고란
48968|세열
48969|익성
48970|잡아들다
48971|유니섹스
48972|푹신
48973|프런티어
48974|법계
48975|사이키델릭
48976|인두겁
48977|헤어리
48978|주치
48979|송우
48980|비추하다
48981|변복
48982|탈로스
48983|후신
48984|단기전
48985|볼프
48986|엘리슨
48987|브레스트
48988|브란트
48989|뚜다
48990|라르고
48991|수로왕
48992|에노드
48993|샛문
48994|노팅
48995|환급되다
48996|흥분제
48997|됨직하다
48998|생주
48999|심곡
49000|어절
49001|어드렇다
49002|파르메니데스
49003|버석거리다
49004|다바오
49005|괄시
49006|웨더
49007|몰수되다
49008|배설되다
49009|가늠되다
49010|똘방
49011|삐그덕대다
49012|안코
49013|맞대결하다
49014|학구
49015|트라키아
49016|쐬주
49017|갯장어
49018|수라장
49019|눌러살다
49020|기연
49021|쾅쾅거리다
49022|절창
49023|송촌
49024|뉘우침
49025|루빈
49026|모린
49027|기술상
49028|에리트레아
49029|신사복
49030|대담무쌍하다
49031|캐리올
49032|항덕
49033|독백하다
49034|불장
49035|보터
49036|잭잭
49037|프리지어
49038|해롱해롱하다
49039|격동하다
49040|네발짐승
49041|늙어지다
49042|충분
49043|마와리
49044|에파미논다스
49045|지물
49046|애가
49047|롤로
49048|인술
49049|농염하다
49050|명문화되다
49051|금문
49052|퇴적
49053|맹추격
49054|그득그득
49055|문명국
49056|조소앙
49057|이궁
49058|초주검
49059|선지
49060|버뱅크
49061|수취하다
49062|무자식
49063|팔락팔락
49064|흰나비
49065|건축술
49066|개소하다
49067|교세
49068|접시꽃
49069|해치백
49070|생협
49071|스풀
49072|반인
49073|소들다
49074|선양하다
49075|쓰레
49076|실천력
49077|가스실
49078|언쟁하다
49079|테이큰
49080|녹서
49081|비관주의자
49082|학술원
49083|쇠소깍
49084|본적지
49085|만인지상
49086|설매
49087|황숙
49088|오베르
49089|화곡
49090|스크래칭
49091|딱따기
49092|선채
49093|삼광
49094|목봉
49095|시래깃국
49096|잔니
49097|챙그랑
49098|콜슬로
49099|시프다
49100|응집
49101|아리아드네
49102|교상
49103|정찬
49104|나치즘
49105|귓밥
49106|히카다
49107|근동
49108|옹알대다
49109|공예가
49110|인듀어런스
49111|티어링
49112|채썰기
49113|물질주의
49114|개죽
49115|이아이
49116|으르다
49117|달음박질
49118|작은할머니
49119|급선회
49120|꺼둘리다
49121|표정하다
49122|만성화되다
49123|심장하다
49124|엄모
49125|망보
49126|장재이
49127|방탕
49128|모자지간
49129|냉감
49130|달음박질치다
49131|물러앉다
49132|김칫소
49133|먹자구
49134|전출되다
49135|파사삭
49136|카쿠
49137|새아가
49138|항재
49139|드리프터
49140|명학
49141|주화입마
49142|마터호른
49143|여승무원
49144|새출발하다
49145|지난
49146|밭고랑
49147|웅진
49148|춘하추동
49149|이양하다
49150|땍땍거리다
49151|비핵
49152|키케로
49153|포근포근
49154|답문
49155|영혜
49156|도리깨
49157|지구대장
49158|쭈루룩
49159|국민장
49160|삼인칭
49161|증선위
49162|답십리
49163|프루스트
49164|카다몬
49165|외설스럽다
49166|영원성
49167|막대기
49168|캐소드
49169|접안하다
49170|루미나리에
49171|똥꾸
49172|악독
49173|느지막하다
49174|리지
49175|히로히토
49176|아웃소싱하다
49177|부창부수
49178|가시라구
49179|풀필먼트
49180|밀어뜨리다
49181|임사
49182|중간선
49183|플라우투스
49184|집약
49185|투구하다
49186|폄하
49187|두들두들
49188|박멸되다
49189|다라이
49190|페이드아웃
49191|물려놓다
49192|속닥이다
49193|입가심
49194|리진
49195|종신직
49196|입씨름하다
49197|불매하다
49198|간다이
49199|자현
49200|꼬불거리다
49201|간부진
49202|하거
49203|언더레이
49204|경량급
49205|문안드리다
49206|정해
49207|필요량
49208|불산
49209|새들백
49210|웅큼
49211|위니펙
49212|성학
49213|교란되다
49214|성일
49215|떵떵
49216|불연속
49217|아나톨
49218|언냐
49219|월아
49220|주물주물
49221|문혁
49222|제언하다
49223|소태
49224|무수
49225|대석
49226|광력
49227|주에
49228|계조
49229|까내다
49230|얼빠지다
49231|평균하다
49232|워찌
49233|건선
49234|노아
49235|돈암
49236|뚱땅
49237|레끼마
49238|효로
49239|의부증
49240|부농
49241|사산하다
49242|바지저고리
49243|치맛단
49244|짬찌
49245|간자미
49246|완판하다
49247|위험천만
49248|무감정하다
49249|짤다
49250|문래
49251|겉늙다
49252|히스토그램
49253|곡동
49254|주고
49255|여러해살이
49256|촉촉히
49257|빠삭빠삭하다
49258|동글뱅이
49259|아웅하다
49260|슈미즈
49261|열람
49262|미한
49263|정직히
49264|정담
49265|찬탄하다
49266|홍등가
49267|쪼깨
49268|경면
49269|클리커
49270|똑똑이
49271|불연속적
49272|디플로도쿠스
49273|금칠
49274|큐잉
49275|루블린
49276|공일
49277|불제
49278|해썹
49279|제설기
49280|초하룻날
49281|마트리
49282|그까이
49283|명예박사
49284|담관
49285|피지
49286|짜릿함
49287|폼생폼사
49288|디도
49289|산골짝
49290|로위
49291|쌈지
49292|언덕지다
49293|이로
49294|궁상떨다
49295|바르바라
49296|어혈
49297|가이던스
49298|미적거리다
49299|재단장하다
49300|대에
49301|래미네이트
49302|무신론
49303|포인팅
49304|영길리
49305|대지모신
49306|환산되다
49307|아미타
49308|패전하다
49309|묘석
49310|골골거리다
49311|반가이
49312|헤어컷
49313|사북
49314|예각
49315|가금
49316|쿠베르탱
49317|팔관회
49318|연대
49319|도한
49320|보급소
49321|아라곤
49322|가납하다
49323|태황
49324|유치되다
49325|허리뼈
49326|엉따
49327|생텀
49328|해선
49329|제강
49330|더럼
49331|장다리
49332|임영
49333|홍패
49334|모택동
49335|대무신왕
49336|어초
49337|포노
49338|차분
49339|자가비
49340|태봉
49341|원료비
49342|부점
49343|제재소
49344|비키니
49345|슈톨렌
49346|쇳독
49347|패퇴
49348|돈놀이
49349|도촬하다
49350|머슴살이
49351|안타키아
49352|백담
49353|짜부라지다
49354|요기하다
49355|시발
49356|지고하다
49357|평화하다
49358|계도하다
49359|휘트먼
49360|로스토크
49361|향병
49362|퍼덕이다
49363|스팀슨
49364|저상
49365|필트다운인
49366|추근대다
49367|경성하다
49368|옌타이
49369|강어귀
49370|와작와작
49371|혼코노
49372|오버로크
49373|가형
49374|그래파이트
49375|커핑
49376|마천
49377|종교학
49378|힐난
49379|끼워팔기
49380|웃대가리
49381|운운
49382|과일주
49383|부응
49384|듬직이
49385|페놀
49386|르블랑
49387|오클라호마주
49388|농포
49389|출가시키다
49390|징검돌
49391|양깃머리
49392|생산액
49393|과잉보호하다
49394|리깅
49395|남정
49396|킬하다
49397|블립
49398|적정가
49399|에드먼턴
49400|재밋거리
49401|내진
49402|절레절레하다
49403|홍자
49404|종알거리다
49405|또로
49406|폐포
49407|밀항자
49408|고학생
49409|블루이
49410|철시
49411|프로테
49412|반투
49413|운무
49414|고슬고슬
49415|나올
49416|본말
49417|올킬하다
49418|단풍놀이
49419|살성
49420|제이피
49421|참닿다
49422|개벽하다
49423|안즉
49424|원충
49425|바인드
49426|총감
49427|종근
49428|로열층
49429|부경
49430|믈다
49431|겸비
49432|교현
49433|생목
49434|짝짓다
49435|오글오글
49436|세심
49437|고문서
49438|사대주의
49439|아우어
49440|코린트
49441|도닥이다
49442|상쇠
49443|논박
49444|말고
49445|애첩
49446|쓰부
49447|민병
49448|우렛소리
49449|난포
49450|구두점
49451|으르릉
49452|은방울
49453|동관
49454|뿌리박다
49455|저누다
49456|시터
49457|녹다운
49458|상품화되다
49459|로현
49460|몽실몽실
49461|감람
49462|숙어
49463|케비
49464|래스
49465|복숭앗빛
49466|강천
49467|백묵
49468|뉴브런즈윅
49469|하일랜드
49470|잡역
49471|저지
49472|백스페이스
49473|비사
49474|일리아드
49475|크레이트
49476|레벨러
49477|옥녀
49478|온난하다
49479|존립하다
49480|모장
49481|손지갑
49482|소취
49483|신접하다
49484|왕개미
49485|나라이
49486|동거차도
49487|파리매
49488|예비군
49489|행구
49490|한도액
49491|유람
49492|삭흔
49493|고서적
49494|귀두
49495|껄껄대다
49496|결막
49497|탈바가지
49498|홍복
49499|네크라인
49500|우직
49501|낫우다
49502|살루다
49503|차입하다
49504|숫총각
49505|홀짝이다
49506|방지되다
49507|살육하다
49508|비실거리다
49509|엘리자
49510|레지스트리
49511|슨
49512|밥벌이하다
49513|베이츠
49514|납입금
49515|운전실
49516|즉떡
49517|앵앵대다
49518|찌르르하다
49519|감호
49520|다브다
49521|돔베
49522|사브
49523|영드
49524|도독
49525|폭력단
49526|재입국
49527|겸사겸사하다
49528|고독사하다
49529|달각
49530|리퍼브
49531|누가되다
49532|태연스럽다
49533|흐이
49534|색스
49535|쌍비읍
49536|쬐그맣다
49537|요호
49538|소개비
49539|매표원
49540|스쿠너
49541|쫄
49542|파우사니아스
49543|주초
49544|노천극장
49545|심실
49546|황진이
49547|시론
49548|자물통
49549|부라리다
49550|눈아
49551|결행
49552|곰팡이균
49553|퍼석
49554|프리슈티나
49555|하이델베르크
49556|명저
49557|보응하다
49558|고제
49559|도르르
49560|충동질하다
49561|디팡
49562|저물녘
49563|효신
49564|법체계
49565|이범석
49566|정군
49567|동격
49568|상폐
49569|난타하다
49570|주랑
49571|방면하다
49572|사절하다
49573|관정
49574|닯다
49575|출렁대다
49576|재장전하다
49577|신년맞이
49578|치근덕거리다
49579|예사
49580|가라
49581|라이프니츠
49582|타칭
49583|쓰르라미
49584|스탠드바
49585|끙차
49586|직수입
49587|청결히
49588|찝찔하다
49589|제상
49590|아스콘
49591|축조되다
49592|잿밥
49593|기능공
49594|종영되다
49595|떠듬떠듬
49596|거친면
49597|폭발되다
49598|하게하다
49599|카우치
49600|보안하다
49601|거지발싸개
49602|다이얼로그
49603|래시
49604|잡들다
49605|흰소리
49606|꿀꿀거리다
49607|중오
49608|티핑
49609|송천
49610|유축
49611|헥사
49612|대바늘
49613|온처
49614|병종
49615|멘델
49616|존중히
49617|민겸호
49618|가엾이
49619|올방개
49620|모짜르트
49621|배타성
49622|꼬락서니
49623|노민
49624|덕삼
49625|충화
49626|태나다
49627|통독
49628|파미
49629|월계
49630|염가
49631|건너다니다
49632|병간호하다
49633|투둑투둑
49634|격침하다
49635|스크롤링
49636|순행
49637|지렁
49638|세종보
49639|무반
49640|올컷
49641|패스트리
49642|푸대접하다
49643|수고
49644|개화되다
49645|무파
49646|방첩
49647|귤락
49648|배따라기
49649|외사
49650|손해나다
49651|발모
49652|우필
49653|재진입체
49654|교수하다
49655|낯모르다
49656|아타튀르크
49657|달식
49658|대졸
49659|구성지다
49660|씨하다
49661|중유
49662|미적미적
49663|솔베이
49664|방현
49665|국가보조금
49666|아슈르바니팔
49667|노골화되다
49668|모레노
49669|훈증
49670|베고니아
49671|아갈아갈
49672|꼬실다
49673|민족정신
49674|모로
49675|발장구
49676|양도되다
49677|성결
49678|떼밀다
49679|노욕
49680|군악
49681|역자
49682|수꿩
49683|표상하다
49684|소지
49685|추석하다
49686|푸저우
49687|개안
49688|담탱이
49689|한산
49690|허망
49691|타르타로스
49692|울증
49693|건기식
49694|지피
49695|곡도
49696|머라이언
49697|끔하다
49698|상후
49699|붐뱁
49700|모호
49701|그레구아르
49702|저어되다
49703|낙안
49704|표찰
49705|총국
49706|눈가루
49707|지지표
49708|프로게스테론
49709|달거리
49710|할로
49711|겁보
49712|득도
49713|어찌다
49714|찐득찐득
49715|홍미
49716|총학
49717|모노드라마
49718|임부
49719|풀하다
49720|검방
49721|건곤감리
49722|북동진하다
49723|번연히
49724|박팽년
49725|언넝
49726|성해
49727|듭시다
49728|레이캬비크
49729|진일보
49730|다면체
49731|신재효
49732|흑표
49733|완제
49734|무화
49735|위로되다
49736|결착
49737|구리스
49738|넷스케이프
49739|남명
49740|오버액션
49741|폐원하다
49742|또아리
49743|두리뭉실하다
49744|묵어가다
49745|통섭
49746|편람
49747|유구무언
49748|서캐
49749|천양지차
49750|근사
49751|매리
49752|촌집
49753|깽깽거리다
49754|도랑물
49755|마말레이드
49756|모치
49757|내아
49758|촬영소
49759|가안
49760|민영화하다
49761|심배
49762|나들다
49763|깜박깜박하다
49764|개카
49765|회생하다
49766|란마
49767|카카오닙스
49768|카디
49769|어나니머스
49770|만트라
49771|주정하다
49772|새참
49773|그지없이
49774|광폭하다
49775|삐비
49776|아칸소주
49777|대거리
49778|구둣주걱
49779|익스체인지
49780|격화시키다
49781|유화되다
49782|부자유스럽다
49783|방적
49784|골몰히
49785|조각도
49786|두둠칫
49787|유덕
49788|류씨
49789|서브클래스
49790|경하하다
49791|페르메이르
49792|순식
49793|침식하다
49794|왱왱
49795|점수화하다
49796|아티카
49797|친영
49798|심의회
49799|능글능글하다
49800|큰창자
49801|연산하다
49802|신더
49803|쑥덕쑥덕
49804|재확인되다
49805|반일
49806|전호
49807|헤어스타일링
49808|감행되다
49809|통문
49810|호형호제하다
49811|대광
49812|혐오증
49813|유야무야되다
49814|북채
49815|기절초풍
49816|어험
49817|진주하다
49818|보신
49819|뜰다
49820|문필가
49821|정산되다
49822|원령
49823|이슥하다
49824|척준경
49825|뼛골
49826|예찬하다
49827|접대부
49828|질깃하다
49829|구르프
49830|디스코텍
49831|리포좀
49832|돼지비계
49833|순산
49834|모구
49835|깜방
49836|짬짜미
49837|화촉
49838|안전선
49839|매봉
49840|다람
49841|자매결연하다
49842|모르모트
49843|경현
49844|정실
49845|자술서
49846|친소
49847|연강
49848|곤욕스럽다
49849|드므
49850|비산하다
49851|중죄인
49852|인배
49853|포연
49854|공사다망하다
49855|현덕
49856|미수죄
49857|도립
49858|낚시질
49859|흐트리다
49860|발그스름하다
49861|일침
49862|육화
49863|맑
49864|옴팡지다
49865|오롯하다
49866|하회하다
49867|딸깍하다
49868|애통
49869|빼꼼하다
49870|장유
49871|시어서커
49872|두루뭉실하다
49873|명태회
49874|수산
49875|딩이
49876|각석
49877|편지지
49878|몰살되다
49879|레퍼리
49880|빌빌
49881|검은코뿔소
49882|탈취당하다
49883|적벽가
49884|관전자
49885|가검물
49886|꼴리다
49887|편승
49888|로프트
49889|방충
49890|현신
49891|다르에스살람
49892|윗단
49893|지에스
49894|포교하다
49895|구상되다
49896|벤아
49897|엇박이
49898|소조
49899|상각
49900|메보다
49901|별낳다
49902|포퓰리스트
49903|전농
49904|연보라
49905|유랑민
49906|성립시키다
49907|플랜테인
49908|소천
49909|작은따옴표
49910|신한
49911|너풀거리다
49912|독음
49913|죽실
49914|피프스
49915|춘계
49916|꾸벅거리다
49917|스르릉
49918|재수강하다
49919|노리끼리하다
49920|이럭저럭
49921|헌주
49922|관상쟁이
49923|깔
49924|마고
49925|칸타타
49926|수블라키
49927|더리
49928|글케
49929|컴싸
49930|초박형
49931|간첩죄
49932|빠끔
49933|꾸겨지다
49934|요천
49935|땡하다
49936|어보
49937|동패
49938|월명
49939|푸르뎅뎅하다
49940|비정
49941|필진
49942|노출증
49943|아오코
49944|다르마
49945|분별없다
49946|승용
49947|내심
49948|성강
49949|해갈
49950|엄폐하다
49951|자려
49952|시나위
49953|블러드하운드
49954|초임
49955|하토야마
49956|안달복달
49957|간의
49958|바지런히
49959|고방
49960|쇠잔하다
49961|와파린
49962|은월
49963|데본기
49964|머치다
49965|근남
49966|그룹홈
49967|흐느낌
49968|꽃구경하다
49969|헛숨
49970|명현
49971|밑자락
49972|춤곡
49973|참소
49974|지에
49975|숫놈
49976|진보주의자
49977|되지다
49978|워즈워스
49979|무사고
49980|재량껏
49981|지정곡
49982|하류층
49983|깔아버리다
49984|잔병
49985|종철
49986|신부감
49987|트레일블레이저
49988|솔즈베리
49989|낭보
49990|오미다
49991|나나에
49992|방위하다
49993|치덕치덕
49994|낱낱
49995|꼬마물떼새
49996|민회
49997|문묘
49998|술주정하다
49999|여승
50000|파삭하다
50001|테트라
50002|부관장
50003|허생전
50004|본작
50005|키안티
50006|초하다
50007|사우샘프턴
50008|골비
50009|어떠하다
50010|훤이
50011|빠그라지다
50012|각성되다
50013|참회록
50014|여드름투성이
50015|고언
50016|과밀하다
50017|협잡
50018|부도덕
50019|또로록
50020|또각거리다
50021|낯가림
50022|나무가지
50023|엄씨
50024|매구
50025|곡사포
50026|사행심
50027|큰매
50028|키웨스트
50029|명망가
50030|포인세티아
50031|소의
50032|밀접히
50033|부전
50034|헐레이션
50035|화강석
50036|비천
50037|니플헤임
50038|모나자이트
50039|대폭락하다
50040|장상
50041|내동
50042|이슈타르
50043|파피용
50044|본보
50045|라파예트
50046|마타리
50047|여럽다
50048|엘엘
50049|섀시
50050|밀교
50051|최솟값
50052|삽목하다
50053|격하되다
50054|김병덕
50055|침착히
50056|애스터
50057|선언서
50058|반둥
50059|쪼그만
50060|얼씬하다
50061|코티졸
50062|율
50063|복귀되다
50064|설문하다
50065|국가주의
50066|이스다
50067|당당
50068|사쓰마
50069|담벽
50070|다년
50071|순심
50072|쌍릉
50073|두메산골
50074|사정
50075|빗맞히다
50076|스터핑
50077|윗길
50078|초당
50079|인무
50080|자처
50081|사립문
50082|초량
50083|뜬공
50084|충수
50085|짜릿짜릿
50086|싸랑
50087|소담스럽다
50088|쫑알대다
50089|어인
50090|월하
50091|비니거
50092|기계화되다
50093|영언
50094|휘발
50095|제가끔
50096|왕은
50097|상고머리
50098|변질하다
50099|언놈
50100|험로
50101|불성실
50102|참작되다
50103|갈게
50104|그렇지마는
50105|양제
50106|바스키아
50107|금융인
50108|봉헌
50109|중화전
50110|불원
50111|와세다대
50112|왕골
50113|모녀지간
50114|을분
50115|장자제
50116|전보되다
50117|남영
50118|기령
50119|귄
50120|황경
50121|임방
50122|비판력
50123|곤비하다
50124|츠바이크
50125|시간하다
50126|체득
50127|세브
50128|대독
50129|감읍하다
50130|혼자되다
50131|째릿
50132|경박스럽다
50133|헛고생하다
50134|규합
50135|투실투실하다
50136|풍압
50137|보제
50138|체능
50139|꼴딱꼴딱
50140|원위
50141|윤치호
50142|시해되다
50143|이글대다
50144|위관
50145|혹세무민하다
50146|왕오천축국전
50147|종친회
50148|말아톤
50149|들롱
50150|폴리이미드
50151|보크
50152|퍼텐셜
50153|괴변
50154|훔볼트
50155|그린워싱
50156|방기
50157|부성
50158|등정하다
50159|급식하다
50160|제안자
50161|축령산
50162|질려
50163|낸장
50164|베케트
50165|사형되다
50166|연민하다
50167|미나토구
50168|희붐하다
50169|패역
50170|내출혈
50171|뺙
50172|주조되다
50173|토루
50174|큰삼촌
50175|프록
50176|비적
50177|포로되다
50178|색슨족
50179|파토스
50180|라캉
50181|테이퍼
50182|물싸다
50183|하가
50184|재해석되다
50185|쿠바드
50186|차도르
50187|해신
50188|모헨조다로
50189|종합되다
50190|이세벨
50191|유료화하다
50192|채플
50193|하이파
50194|증류되다
50195|비쭉
50196|아타미
50197|정정되다
50198|영명하다
50199|합의제
50200|합류되다
50201|침소봉대하다
50202|방어진
50203|끔뻑
50204|결벽
50205|황반
50206|히히덕거리다
50207|코페
50208|일변하다
50209|간호대
50210|녹수
50211|종락
50212|은우
50213|기요미즈데라
50214|일후
50215|고급반
50216|학보사
50217|쫓아댕기다
50218|송창
50219|날개돋이
50220|보크사이트
50221|풍개
50222|뺀질뺀질하다
50223|개근
50224|밀수되다
50225|손배
50226|각조
50227|이규
50228|선재
50229|철부지
50230|주금공
50231|되매다
50232|실히
50233|튀니스
50234|이바라키
50235|찌린내
50236|앞장세우다
50237|꺅꺅
50238|군봉
50239|프리오더
50240|이튼
50241|비오틴
50242|재표결하다
50243|시혜
50244|셰틀랜드
50245|동경심
50246|주먹구구
50247|동성동본
50248|이승영
50249|제작물
50250|우라다
50251|원추리
50252|질료
50253|월급봉투
50254|발군
50255|기화하다
50256|적체
50257|섯다
50258|풍성히
50259|뚜들기다
50260|바큇자국
50261|데카메론
50262|구호하다
50263|아른아른
50264|바터
50265|헤이워드
50266|유길준
50267|소리쟁이
50268|운신
50269|삐대다
50270|되사다
50271|안재홍
50272|말캉하다
50273|소공원
50274|콘트라
50275|라우스
50276|비취색
50277|수구레
50278|감추이다
50279|미뢰
50280|금침
50281|횡보
50282|일륜
50283|표결되다
50284|그들다
50285|무색무취
50286|불허되다
50287|아이네이아스
50288|등록세
50289|셉
50290|스펙시트
50291|마로
50292|제본하다
50293|어정쩡
50294|윌킨스
50295|익힘책
50296|바다소
50297|운적
50298|쿠푸
50299|안니다
50300|지끈지끈하다
50301|실기하다
50302|마뜩다
50303|보습하다
50304|우등상
50305|말씸
50306|리처드슨
50307|페티
50308|소듐
50309|국문학
50310|조용조용히
50311|신령스럽다
50312|나무배
50313|고해하다
50314|장송곡
50315|몰아오다
50316|베스타
50317|난황
50318|끝머리
50319|절멸하다
50320|함침
50321|주먹코
50322|비창
50323|딜도
50324|다슬다
50325|불당
50326|할증되다
50327|과년하다
50328|헤까닥
50329|모라비아
50330|후편
50331|해매
50332|선머슴
50333|선뜩하다
50334|부르쥐다
50335|권정
50336|보안대
50337|군홧발
50338|제수하다
50339|진적
50340|울음보
50341|쌍봉
50342|결합력
50343|쌉싸래하다
50344|가시리
50345|보행교
50346|쓴물
50347|비제이
50348|잔도
50349|생장하다
50350|분업화
50351|처남댁
50352|씨방
50353|해롱해롱
50354|고프레
50355|상중하
50356|저기다
50357|기입
50358|고적대
50359|불러올리다
50360|다호메이
50361|구사력
50362|장섭
50363|추도
50364|파당
50365|더러움
50366|요아킴
50367|뽀족하다
50368|주청하다
50369|주책없이
50370|사육되다
50371|보른
50372|우라노스
50373|네피도
50374|주려하다
50375|병리
50376|에틸렌
50377|황폐
50378|태토
50379|촐싹거리다
50380|대분
50381|들여쓰기
50382|천지인
50383|사진가
50384|스토너
50385|한달하다
50386|체납되다
50387|박상
50388|통솔
50389|일본잎갈나무
50390|아세트산
50391|피루엣
50392|크리스트교
50393|테라
50394|역아
50395|실다
50396|출차
50397|캘커타
50398|촐랑대다
50399|항생
50400|죄악감
50401|양단
50402|아우크스부르크
50403|굽신굽신
50404|서명되다
50405|증차
50406|매개자
50407|스피카
50408|후략
50409|대법정
50410|면벽
50411|무명작가
50412|수송되다
50413|진수되다
50414|약술
50415|리크
50416|캥
50417|고증하다
50418|충분조건
50419|살생하다
50420|한즉
50421|수공
50422|프로타고니스트
50423|근데
50424|조변
50425|헌수
50426|다수파
50427|미취
50428|브루스케타
50429|탐탁하다
50430|관인
50431|깜다
50432|동오
50433|영록
50434|일극
50435|모깃소리
50436|본부인
50437|벟다
50438|래리어트
50439|학성
50440|쑥덕
50441|이월되다
50442|플랜테이션
50443|짱하다
50444|산성화되다
50445|홍경
50446|삽날
50447|니시카와
50448|미시시피주
50449|다이다
50450|에투알
50451|비나리
50452|강평
50453|선학
50454|에인트호번
50455|소초
50456|버블검
50457|결자해지하다
50458|산행하다
50459|꾸이
50460|계핏가루
50461|오광
50462|방천
50463|박음질하다
50464|완행열차
50465|잔광
50466|질금
50467|쌍둥
50468|얼굴상
50469|에어콘
50470|윤회하다
50471|알배다
50472|남녀상열지사
50473|예약석
50474|템퍼
50475|호전시키다
50476|수송관
50477|안암
50478|보옥
50479|메디케이드
50480|하변
50481|스패로
50482|타산적
50483|보자
50484|부인되다
50485|마리나
50486|항진
50487|철릭
50488|에페드린
50489|함북
50490|주산
50491|프레리
50492|마르코프
50493|박제순
50494|디오스
50495|우문
50496|전음
50497|냉풍
50498|북산
50499|우아함
50500|발제하다
50501|청인
50502|빨개벗다
50503|아커만
50504|딸기코
50505|나긋나긋
50506|본루
50507|우락부락
50508|왕검
50509|할머이
50510|찰박거리다
50511|악전고투
50512|발인하다
50513|겨울맞이
50514|옥내
50515|배도
50516|보호안경
50517|하전
50518|휘몰다
50519|김녕
50520|쪼맨하다
50521|취사선택
50522|위피
50523|노천카페
50524|하리다
50525|논설
50526|응접
50527|계급화되다
50528|기레기
50529|발족되다
50530|단일
50531|종반
50532|경학
50533|풍운
50534|무정부주의
50535|보혜
50536|한자리하다
50537|고단백질
50538|화석화되다
50539|태옥
50540|직업소개소
50541|종별
50542|우소
50543|싸리
50544|해거름
50545|윷놀이하다
50546|이티
50547|세이블
50548|나지막히
50549|배양되다
50550|잡아뜯다
50551|청마
50552|청지기
50553|수마트라섬
50554|편명
50555|금영
50556|노스탤지어
50557|페이시스트라토스
50558|임수
50559|잔악하다
50560|으허허
50561|소염
50562|쌩판
50563|점복
50564|희화화되다
50565|기자하다
50566|품세
50567|개이다
50568|전력투구하다
50569|전력하다
50570|빌리루빈
50571|개패
50572|독신주의
50573|밴달
50574|잠소
50575|카르발라
50576|철광
50577|세인트조지스
50578|급지
50579|커닝엄
50580|선각
50581|브래킷
50582|구동
50583|오막살이
50584|맞상대
50585|한마을
50586|서녘
50587|골통
50588|라호르
50589|아큐
50590|내시다
50591|사철
50592|공교육비
50593|정치꾼
50594|북악
50595|느물느물
50596|부적격하다
50597|한국하다
50598|상적
50599|당중앙위원회
50600|미리견
50601|요역
50602|막주
50603|칠궁
50604|하라파
50605|까딱없다
50606|복막
50607|언로
50608|대궁
50609|어두육미
50610|싹퉁머리
50611|뛰어댕기다
50612|잠복근무하다
50613|매립지
50614|카운터펀치
50615|이사도라
50616|잠금
50617|하편
50618|외방
50619|면소
50620|옮아오다
50621|자일
50622|티그리스강
50623|두더지
50624|쭈그러지다
50625|글리세롤
50626|망년회
50627|삐비빅
50628|각궁
50629|까무라치다
50630|머릿돌
50631|부흥기
50632|롤런드
50633|쥐잡다
50634|껌뻑하다
50635|플롭
50636|횡보하다
50637|에우다
50638|당여
50639|무름병
50640|적대심
50641|합중국
50642|매스터
50643|콘비프
50644|쟁투
50645|세미콜론
50646|더치페이하다
50647|엘가
50648|큐피
50649|밧디
50650|꼴같잖다
50651|약왕
50652|대역사
50653|핫바디
50654|라스콜니코프
50655|마일스톤
50656|통주
50657|농해수위
50658|열공하다
50659|용저
50660|몰인정하다
50661|부락민
50662|인코딩하다
50663|범접
50664|갈치다
50665|페어뱅크스
50666|작디
50667|매개물
50668|취합되다
50669|묵례하다
50670|치대다
50671|낭독되다
50672|인위
50673|한귀
50674|공멸하다
50675|살코
50676|철벅
50677|스멀거리다
50678|목멱산
50679|일드
50680|경축일
50681|경멸적
50682|키갈리
50683|송알송알
50684|전서
50685|갈리마르
50686|광대무변하다
50687|학고
50688|연통하다
50689|허허실실
50690|콘텍스트
50691|중피
50692|체화되다
50693|칼라스
50694|법익
50695|진달
50696|광광
50697|대종
50698|석회수
50699|지시봉
50700|스와트
50701|색유리
50702|어른어른
50703|건릉
50704|단부
50705|쑤쑤
50706|반월
50707|다변화되다
50708|주뼛거리다
50709|승한
50710|벳새다
50711|탈골
50712|보호책
50713|퓨린
50714|구이저우성
50715|몰아대다
50716|멸칭
50717|용정
50718|틀니
50719|저하하다
50720|목대
50721|두깨
50722|오롯
50723|모건
50724|한갓지다
50725|번스타인
50726|모리오카
50727|빤빤하다
50728|폐역
50729|밀리시버트
50730|인광
50731|분첩
50732|노타이
50733|과대하다
50734|형배
50735|음양오행
50736|희황
50737|췌
50738|피조
50739|가화만사성
50740|사회화되다
50741|깔짝거리다
50742|학개
50743|커틀릿
50744|게아
50745|멈칫멈칫
50746|세일럼
50747|천재일우
50748|저동
50749|아데노신
50750|원론
50751|무조
50752|읍장
50753|일체유심조
50754|이즈시
50755|방검복
50756|비비비
50757|응접세트
50758|에멘탈
50759|울룩불룩하다
50760|쟁기질
50761|처용
50762|쾌쾌하다
50763|그케
50764|광순
50765|우태
50766|비탈다
50767|곤조
50768|치달리다
50769|타고
50770|세렌디피티
50771|그때껏
50772|도자
50773|흑두
50774|수챗구멍
50775|둥글넓적하다
50776|시나트라
50777|민영화되다
50778|자작자작
50779|프림로즈
50780|총본산
50781|옥포
50782|청지
50783|후쿠이
50784|탱킹
50785|목마름
50786|낙산
50787|앤솔로지
50788|이시하다
50789|성궤
50790|다례
50791|아른아른하다
50792|낭비벽
50793|건의서
50794|자일스
50795|옥루
50796|천연색
50797|장평
50798|멀티포인트
50799|성숙시키다
50800|깔끔떨다
50801|요아힘
50802|다선
50803|딕시
50804|산보하다
50805|더군나
50806|종인
50807|귀대하다
50808|맥동하다
50809|돈푼
50810|마른걸레
50811|결사반대하다
50812|도철
50813|기소장
50814|비열
50815|여일
50816|창작극
50817|니다
50818|융통
50819|미추다
50820|소일하다
50821|엥겔스
50822|커밋
50823|이덕무
50824|뺑끼
50825|본건
50826|미끄
50827|사글세
50828|두두둑
50829|도매업
50830|린트
50831|황어
50832|군계
50833|세미하다
50834|눈시리다
50835|신박
50836|죽방
50837|헛말
50838|침하
50839|파상
50840|치숙
50841|블루마운틴
50842|페어런트
50843|반제품
50844|둥글납작하다
50845|졸보
50846|재국
50847|맽기다
50848|개피
50849|후보지
50850|성문법
50851|농악대
50852|양밥
50853|승과
50854|막힘없다
50855|금강석
50856|오감
50857|디너파티
50858|주관성
50859|티티카카
50860|조식
50861|장관하다
50862|거리낌
50863|바게뜨
50864|사우스캐롤라이나주
50865|벌스다
50866|속근
50867|몽유도원도
50868|공속
50869|토피어리
50870|황은
50871|명원
50872|살랑대다
50873|멜로스
50874|존호
50875|스테이징
50876|색싯감
50877|치들다
50878|현륭원
50879|드러그스토어
50880|규범적
50881|선도자
50882|오리엔티어링
50883|기준하다
50884|삼화
50885|다종
50886|심원하다
50887|내비게이터
50888|좌정하다
50889|임종하다
50890|드라크마
50891|흉패
50892|진폐증
50893|제금
50894|텀
50895|메조
50896|경보장치
50897|검사되다
50898|숙의하다
50899|수퇘지
50900|달아
50901|수위하다
50902|지기스문트
50903|철선
50904|친체로
50905|더블다
50906|오소소
50907|카이우스
50908|훼방하다
50909|내포
50910|뒤적뒤적하다
50911|발쪽
50912|지티
50913|전창
50914|기진하다
50915|달관
50916|모즈쿠
50917|헐랭
50918|서식스
50919|코지
50920|깨죽
50921|빵빵대다
50922|하이퍼리얼리즘
50923|짝다
50924|소부
50925|안견
50926|비동
50927|바늘귀
50928|북두
50929|중성화하다
50930|다년생
50931|지빠귀
50932|시착
50933|섶
50934|힌덴부르크
50935|추억담
50936|검광
50937|팹리스
50938|흐미
50939|주책없다
50940|눈웃음치다
50941|바실리카
50942|니그로
50943|바다가재
50944|낭중지추
50945|라바트
50946|수동식
50947|푸앵카레
50948|조근조근
50949|주문되다
50950|망향
50951|위명
50952|약빨다
50953|몽실몽실하다
50954|공명선거
50955|송이송이
50956|감상법
50957|캄차카반도
50958|민권
50959|하루밤
50960|논란되다
50961|추천장
50962|주소지
50963|분골쇄신하다
50964|클레이스테네스
50965|첫딸
50966|잡가
50967|직판장
50968|신체발부
50969|능원
50970|근친
50971|대물림
50972|뿟다
50973|새경
50974|버림
50975|꼬나물다
50976|양풍
50977|대딩
50978|충동하다
50979|나혜석
50980|피래미
50981|착복
50982|일남
50983|조정기
50984|퍼셀
50985|여관비
50986|방림
50987|불만족하다
50988|리밍
50989|동황
50990|결정화
50991|올름
50992|물이
50993|클로케
50994|욕심껏
50995|타마린드
50996|질식되다
50997|새꾸
50998|너깃
50999|역성들다
51000|년초
51001|탱자
51002|검단
51003|벤토나이트
51004|컨버전
51005|창설자
51006|경화되다
51007|헬레네
51008|안싸다
51009|몽구스
51010|퀴어
51011|꽃단장하다
51012|참고삼다
51013|일그러트리다
51014|마루타
51015|도쿠리
51016|감상회
51017|턱하다
51018|접착하다
51019|회의주의
51020|미항
51021|누래지다
51022|슈바인스학세
51023|불출
51024|끅끅
51025|오악
51026|거무스레하다
51027|큰따옴표
51028|보물단지
51029|헤이세이
51030|귀항
51031|비마
51032|귀공
51033|돈세탁하다
51034|너스
51035|파향
51036|자이다
51037|원대하다
51038|필래프
51039|큰부리까마귀
51040|프로코피예프
51041|윤중
51042|치태
51043|피버노바
51044|상옥
51045|용족
51046|대프리카
51047|속전
51048|테트로도톡신
51049|값없이
51050|번체자
51051|판시
51052|드골
51053|테살리아
51054|실사하다
51055|절삭
51056|극미량
51057|비밀문서
51058|뇌옥
51059|마침맞다
51060|고낭
51061|가동성
51062|액란
51063|범계
51064|할란
51065|플라야
51066|파티쉐
51067|합반
51068|비에스
51069|셀린
51070|창씨
51071|성관
51072|과사
51073|교양인
51074|죽비
51075|고기다
51076|덕현
51077|싸인펜
51078|아스클레피오스
51079|역도산
51080|해면
51081|음역하다
51082|싸물다
51083|생어
51084|페더
51085|마른오징어
51086|헤링
51087|할복
51088|짚세기
51089|저마
51090|헛발질하다
51091|라포
51092|소만
51093|비바체
51094|짤없다
51095|중급반
51096|불멸하다
51097|모화
51098|일반실
51099|명오
51100|격년
51101|쯩
51102|지게미
51103|군권
51104|팔봉
51105|재지정하다
51106|아탈란타
51107|지내
51108|역무실
51109|초파일
51110|부엌데기
51111|일신하다
51112|플라보노이드
51113|용묵
51114|증후
51115|배멀미
51116|약시
51117|강골
51118|실업가
51119|피켓팅
51120|페이딩
51121|골든아워
51122|갈란테
51123|즈려밟다
51124|나레
51125|석불
51126|설치
51127|범타
51128|허덕거리다
51129|비뇨
51130|글로컬
51131|부트다
51132|동예
51133|존속시키다
51134|업화
51135|비즈쿨
51136|황록색
51137|적패
51138|장투
51139|신오
51140|폐선
51141|학술
51142|기품
51143|물파리
51144|핫핫
51145|물질문명
51146|라이선싱
51147|리빌딩
51148|하월
51149|풍속도
51150|기혈
51151|환송회
51152|스폰서십
51153|테파
51154|노화하다
51155|둥우리
51156|뒷굽
51157|훈석
51158|감감
51159|떡두꺼비
51160|암어
51161|육박전
51162|토설하다
51163|연싸움
51164|페일에일
51165|감겨들다
51166|화유
51167|컬리플라워
51168|동고
51169|신문명
51170|검은머리갈매기
51171|어럽다
51172|균사
51173|은장
51174|국민차
51175|개호
51176|오언스
51177|전역식
51178|건형
51179|야행
51180|나가시마
51181|미력하다
51182|수위실
51183|타운센드
51184|투덜투덜하다
51185|새그
51186|포기되다
51187|요쿠르트
51188|자존
51189|공고되다
51190|경섭
51191|심방하다
51192|스펜스
51193|문맹자
51194|사이드와인더
51195|장중하다
51196|누치
51197|현금화되다
51198|까딱까딱하다
51199|무비판적
51200|뒤스부르크
51201|간류
51202|아세테이트
51203|세도가
51204|쓰굽다
51205|갯버들
51206|독직
51207|학자적
51208|기탄없이
51209|반고리관
51210|거칠하다
51211|연애질하다
51212|재완
51213|생년월일시
51214|고안
51215|맬
51216|모노폴
51217|구리구리하다
51218|꼼짝달싹하다
51219|완숙하다
51220|임보
51221|남심
51222|현지화하다
51223|이리스
51224|엔칠라다
51225|꾸불꾸불하다
51226|가객
51227|강서
51228|파푸아
51229|광신
51230|상앗빛
51231|문살
51232|바이오스피어
51233|아웃코스
51234|멸치조림
51235|로파
51236|박국
51237|불민하다
51238|색이다
51239|오비탈
51240|선달
51241|파훼하다
51242|예불
51243|쥐방울만하다
51244|물아
51245|이마빡
51246|가분수
51247|코뿌리
51248|덜걱거리다
51249|가해하다
51250|옹이구멍
51251|낭창낭창하다
51252|말살되다
51253|곽씨
51254|오리엔탈리즘
51255|덜먹다
51256|살굿빛
51257|다각화하다
51258|독창회
51259|환혼하다
51260|삽교
51261|햇무리
51262|느글거리다
51263|혈뇨
51264|송원
51265|탈취되다
51266|지복합성
51267|지세
51268|굽실대다
51269|연금되다
51270|줄인형
51271|악착
51272|아침거리
51273|사트라프
51274|씨굽다
51275|외숙부
51276|속없이
51277|황탯국
51278|바조
51279|강약약강
51280|스프로켓
51281|살라자르
51282|봉축
51283|하이튼
51284|금눈돔
51285|방임
51286|케겔
51287|본궤도
51288|무레
51289|하베스팅
51290|난금
51291|시어른
51292|대혼
51293|멱따다
51294|현란
51295|아마다바드
51296|처먹이다
51297|체임벌린
51298|등호
51299|알껍질
51300|커엽다
51301|칼모틴
51302|닭알
51303|너끈하다
51304|쌔빠지다
51305|세검
51306|표독하다
51307|면피
51308|연좌
51309|몰상식
51310|산유
51311|우쭐
51312|양기석
51313|싸락눈
51314|대명천지
51315|영세하다
51316|캐논볼
51317|덴시티
51318|안강
51319|산기
51320|중도파
51321|허치
51322|핵가족화
51323|들썩하다
51324|친한
51325|배가하다
51326|간결
51327|폭사하다
51328|저게
51329|에듀케어
51330|새앙쥐
51331|훌떡
51332|계남
51333|밭치다
51334|안숙
51335|업신
51336|더둡다
51337|니그
51338|고지식
51339|옥스팜
51340|무식쟁이
51341|필광
51342|홍보전
51343|팽하다
51344|치느님
51345|나노초
51346|강대
51347|페치
51348|쨍그랑거리다
51349|돈복
51350|문병하다
51351|광려
51352|증산하다
51353|쟁송
51354|불안스럽다
51355|요이
51356|교점
51357|와인드업
51358|나르시즘
51359|밀수출하다
51360|꽌
51361|사다이진
51362|무짜
51363|식읍
51364|비합리
51365|호형호제
51366|자그만하다
51367|한풀이
51368|안충
51369|자성하다
51370|의영
51371|번들대다
51372|압운
51373|샌더
51374|빼
51375|노랑노랑하다
51376|투우리
51377|새벽길
51378|철왕
51379|현존
51380|동족상잔
51381|중맹
51382|후진성
51383|고깟
51384|서정성
51385|실감되다
51386|여색
51387|밍기적거리다
51388|윗눈꺼풀
51389|바루
51390|반액
51391|마권
51392|누르술탄
51393|스밍
51394|소재하다
51395|막일
51396|격물
51397|자주빛
51398|스트리크닌
51399|조프리
51400|즈워티
51401|저압
51402|화려
51403|우수리
51404|슬럼
51405|경난
51406|티스
51407|빙해
51408|연수하다
51409|비속
51410|임베디드
51411|볼때기
51412|호경기
51413|뻘다
51414|피바
51415|우군
51416|아랫방
51417|가트다
51418|미개
51419|낙숫물
51420|운도
51421|피안
51422|의문형
51423|코뮌
51424|컨테스트
51425|강습하다
51426|해빗
51427|청포
51428|켈로이드
51429|몰캉몰캉
51430|갈아대다
51431|핀잔주다
51432|좍좍
51433|불류다
51434|비질하다
51435|최곤
51436|근지럽다
51437|피혁
51438|재건
51439|텀블링하다
51440|밀티아데스
51441|끝마디
51442|새카매지다
51443|만왕
51444|판촉물
51445|재주껏
51446|쌍아
51447|의연히
51448|치덕
51449|지협
51450|상수리
51451|국지
51452|보랑
51453|본부석
51454|브라크
51455|우금하다
51456|무혈
51457|현도
51458|이서하다
51459|반생
51460|정력적
51461|매향
51462|동포애
51463|수양아들
51464|오륜
51465|채프
51466|객성
51467|끄떡하다
51468|방명
51469|째리다
51470|폭시
51471|캄팔라
51472|준주
51473|쩌
51474|계기
51475|큰며느리
51476|규식
51477|야라
51478|오야마
51479|고착화하다
51480|사육
51481|건모
51482|줄타기하다
51483|무섬증
51484|판매망
51485|차축
51486|어뷰징
51487|결속되다
51488|마부리
51489|유랑
51490|극단화되다
51491|하치장
51492|격려사
51493|상은
51494|수절하다
51495|슬로비디오
51496|경찰
51497|리플렛
51498|새잎
51499|에끌레어
51500|에스피
51501|개복하다
51502|영면하다
51503|내리사랑
51504|모객
51505|권찰
51506|색욕
51507|전답
51508|글썽이다
51509|헤카테
51510|철커덕거리다
51511|이성애
51512|타공하다
51513|여성미
51514|니아
51515|짜증스레
51516|고명하다
51517|음하다
51518|세리다
51519|자승자박
51520|백년가약
51521|용철
51522|고석
51523|여여
51524|어떤
51525|노획하다
51526|쌔끼
51527|하드리아누스
51528|검은자위
51529|정방
51530|라오디게아
51531|사게
51532|마르티
51533|속음
51534|시벨리우스
51535|대형화되다
51536|보슬보슬하다
51537|개나발
51538|허점투성이
51539|일절
51540|열락
51541|두엄
51542|풋내기
51543|털털거리다
51544|작곡되다
51545|랭스
51546|개좆같다
51547|연중행사
51548|심평
51549|화이또
51550|교회당
51551|프라이부르크
51552|주요인
51553|게걸스레
51554|문광
51555|황옥
51556|닝게다
51557|누진
51558|뇌졸증
51559|복무자
51560|더프
51561|무단이탈하다
51562|중폭
51563|태껸
51564|나생문
51565|후라이드치킨
51566|차씨
51567|동위
51568|은모
51569|혜비
51570|혐한
51571|스토크
51572|공아
51573|떠버리
51574|궐기하다
51575|잔등
51576|까불까불
51577|플로트
51578|구성체
51579|동제
51580|리보르노
51581|교육가
51582|현원
51583|융자금
51584|수결하다
51585|댐퍼
51586|절름거리다
51587|규석
51588|됫박
51589|곤색
51590|프로세서
51591|걸로
51592|위조죄
51593|뉴햄프셔주
51594|너와집
51595|안드로겐
51596|토피넛
51597|자염
51598|무색무취하다
51599|조카사위
51600|크롤링
51601|률
51602|뭇사람
51603|제곱하다
51604|장수연
51605|왜선
51606|금등
51607|속삭거리다
51608|장하다
51609|아니마
51610|드글드글하다
51611|형제지간
51612|깍둑
51613|변별
51614|변온
51615|근속하다
51616|엔비
51617|시름
51618|에스파냐어
51619|한일자
51620|절취하다
51621|육색
51622|장저우
51623|거꾸러지다
51624|도우리
51625|대리자
51626|알쏭알쏭
51627|프로퍼티
51628|에머리
51629|다층
51630|퇴임
51631|오푸스
51632|안벽
51633|과보
51634|소리통
51635|분탕
51636|턱스크
51637|타전
51638|중강
51639|부중
51640|우슬
51641|의분
51642|찰박
51643|곡옥
51644|언플러그드
51645|불경죄
51646|철폐되다
51647|뚜두둑
51648|술라웨시섬
51649|베르베르인
51650|빤짝빤짝하다
51651|쇼맨
51652|부시시
51653|붉은머리오목눈이
51654|고조할머니
51655|담금질하다
51656|카르카손
51657|밤샘
51658|뚜쟁이
51659|썬팅
51660|산토도밍고
51661|편저
51662|트랜스휴머니즘
51663|내분비내과
51664|아달린
51665|디즈
51666|승강
51667|묵색
51668|오기지다
51669|시학
51670|판당고
51671|자라가다
51672|중치막
51673|포르노그래피
51674|삽짝
51675|국서
51676|엑스코
51677|으리
51678|원초
51679|캥캥
51680|필머
51681|컨
51682|짜임
51683|아랫주
51684|으찌
51685|에이크
51686|스트라디바리우스
51687|다운로더
51688|옌볜
51689|토호
51690|엠
51691|애물단지
51692|찍찍대다
51693|파멸되다
51694|샤피
51695|잎파리
51696|완파되다
51697|아다치구
51698|합동하다
51699|분기하다
51700|비루먹다
51701|신축되다
51702|착의
51703|봉안하다
51704|류수
51705|대등
51706|귓방망이
51707|단세
51708|번안
51709|아찌
51710|락원
51711|헛개나무
51712|가판
51713|턱없다
51714|조러다
51715|토베
51716|하위헌스
51717|개잡놈
51718|하모닉스
51719|스위처
51720|우피
51721|해로
51722|그악스럽다
51723|밀리세컨드
51724|유임하다
51725|귀촌하다
51726|타갈로그어
51727|남존여비
51728|시에나
51729|막대형
51730|정로
51731|텐구
51732|토륨
51733|사즉생
51734|교성
51735|페하
51736|슬러쉬
51737|띨빵하다
51738|문조
51739|모색되다
51740|맥과
51741|흰곰
51742|티크
51743|거자
51744|히마리
51745|하치오지
51746|야만
51747|데리스
51748|주돈이
51749|유심하다
51750|억제책
51751|이른둥이
51752|누벅
51753|무복
51754|바빌로프
51755|플라네타륨
51756|새크리파이스
51757|아고게
51758|부심
51759|우정하다
51760|비더
51761|송자
51762|황릉
51763|기름보일러
51764|탕면
51765|대서특필하다
51766|모주
51767|눈가림
51768|페즈
51769|병리학
51770|알리신
51771|비접촉식
51772|야방
51773|성동격서
51774|증조모
51775|골신
51776|종노릇
51777|효열
51778|첩첩
51779|돼지갈빗집
51780|추도하다
51781|초차
51782|싱하다
51783|침출
51784|무업
51785|짝짜꿍하다
51786|청상과부
51787|능청맞다
51788|건행
51789|레터르
51790|시드르
51791|포화되다
51792|테입
51793|다조
51794|애퍼처
51795|출감하다
51796|불도
51797|자적
51798|제지되다
51799|왈라키아
51800|니언
51801|기식
51802|드러
51803|돌무지무덤
51804|사이배슬론
51805|팡팡하다
51806|드리퍼
51807|매도인
51808|초현
51809|급여액
51810|견물생심
51811|양비
51812|왕모
51813|거세되다
51814|티볼리
51815|덕성군
51816|자맥질
51817|오싹오싹하다
51818|말더듬
51819|누액
51820|철창신세
51821|시코
51822|체절
51823|등청하다
51824|녹취되다
51825|텔레마케터
51826|과습
51827|선죽교
51828|큰기러기
51829|미개척
51830|홍명
51831|분립되다
51832|도위
51833|봉애
51834|청심
51835|영속적
51836|등이
51837|꿀꿀대다
51838|도방
51839|문학인
51840|합사하다
51841|얼사
51842|월류
51843|필부
51844|호환하다
51845|야탑동
51846|맹목
51847|지송
51848|매집
51849|예금액
51850|에후
51851|대길
51852|모래무지
51853|금과옥조
51854|칼텍
51855|씨불다
51856|유조
51857|특고
51858|연공서열
51859|유찰
51860|백해무익하다
51861|막바로
51862|백해무익
51863|낙귀
51864|위치토
51865|효상
51866|팔라초
51867|노랑노랑
51868|일렉트론
51869|조장되다
51870|현모
51871|인면수심
51872|불합격되다
51873|번뜩거리다
51874|어게다
51875|구시렁구시렁
51876|물휴지
51877|체코어
51878|저조
51879|기념되다
51880|우뚝하다
51881|야스퍼스
51882|합종
51883|밭둑
51884|말랑거리다
51885|백년대계
51886|자혜
51887|모토다
51888|속속히
51889|야끼우동
51890|공갈치다
51891|고율
51892|예편하다
51893|살균되다
51894|향도
51895|융성
51896|화아
51897|강짜
51898|전승하다
51899|뒷수습하다
51900|곡두
51901|날래다
51902|흐물
51903|슬링샷
51904|인외
51905|판명하다
51906|입감되다
51907|돌변
51908|미문
51909|아주버니
51910|윤극영
51911|흉칙
51912|알로카시아
51913|웅장
51914|갖추
51915|휘호
51916|경감되다
51917|부가하다
51918|엑토플라즘
51919|측은히
51920|날림
51921|왜정
51922|축생
51923|노래소리
51924|주탑
51925|아샤르
51926|익주
51927|훈기
51928|발암성
51929|계층화
51930|거소
51931|섬섬
51932|용감성
51933|범어사
51934|정액권
51935|오려
51936|애너그램
51937|호끔
51938|종속적
51939|재추
51940|토혈
51941|새우하다
51942|유급되다
51943|총계
51944|야쿠모
51945|병류
51946|백패커
51947|후려
51948|된서리
51949|바보상자
51950|말라가
51951|봉게
51952|두들다
51953|한해살이
51954|정서법
51955|밀크커피
51956|동교
51957|당세
51958|철성
51959|디나르
51960|케이비에스
51961|쪽마루
51962|흰코뿔소
51963|강해
51964|분신자살
51965|칼립소
51966|틴틴
51967|크리크
51968|원창
51969|정섭
51970|떠들석하다
51971|징병하다
51972|아펜젤러
51973|애버딘
51974|학규
51975|왜장
51976|발동기
51977|박성
51978|국유
51979|어글다
51980|천고
51981|필하모니
51982|레인지
51983|금룡
51984|꾸밈
51985|범국민적
51986|총아
51987|하농
51988|거룻배
51989|닙다
51990|악대
51991|의붓엄마
51992|롤링스
51993|좀벌레
51994|세헤라자데
51995|상토
51996|상처하다
51997|터릿
51998|횡액
51999|냉천
52000|깔치
52001|재분배하다
52002|동근
52003|관용하다
52004|홧홧하다
52005|문해
52006|국통
52007|새털구름
52008|무자헤딘
52009|신철
52010|요치
52011|헤아다
52012|갈무리되다
52013|류크
52014|귀착되다
52015|이율배반
52016|퍼뜩퍼뜩
52017|붉디붉다
52018|흥화
52019|쫄랑쫄랑
52020|분대
52021|눗다
52022|라자그리하
52023|면책하다
52024|정주하다
52025|고평가되다
52026|위악
52027|현순
52028|속풀이
52029|린타
52030|변용
52031|스파이더
52032|안궁
52033|플로베르
52034|도작
52035|오토포커스
52036|하냥
52037|물받이
52038|성관계하다
52039|사근사근
52040|오온
52041|황해
52042|스프루스
52043|늘봄
52044|망아지
52045|도문
52046|자랑자랑
52047|몬테비데오
52048|뛰댕기다
52049|써리
52050|반비례
52051|키스트
52052|패치스
52053|맣
52054|아쭈
52055|블랙스톤
52056|꾸륵
52057|속정
52058|익살꾼
52059|격문
52060|눈치코치
52061|참방
52062|미적대다
52063|청금
52064|쇼잉
52065|샤를
52066|성복
52067|전자오락실
52068|소줏값
52069|표방
52070|치환되다
52071|월봉
52072|해지
52073|지르콘
52074|흘끗흘끗
52075|낙관론자
52076|은지
52077|목관
52078|강직
52079|중화학
52080|훙서하다
52081|니나노
52082|비바리움
52083|송기하다
52084|그리심산
52085|고연
52086|공공복리
52087|관급
52088|사금파리
52089|공익사업
52090|틸팅
52091|개탄
52092|승전하다
52093|초바
52094|얽매다
52095|변시
52096|쿨쿨하다
52097|건져먹다
52098|하이퐁
52099|추신
52100|하늘가
52101|보오
52102|파섹
52103|닥달
52104|농인
52105|항주
52106|따그닥
52107|화령
52108|백년초
52109|위압
52110|궁둥짝
52111|낸
52112|중간시험
52113|기꺼워하다
52114|암브로시아
52115|박찬
52116|조가
52117|박학다식하다
52118|누르께하다
52119|쟁글
52120|스킨로션
52121|허허롭다
52122|방약무인하다
52123|카베
52124|어공
52125|아이이
52126|헛배
52127|낙찰하다
52128|소극
52129|운남
52130|구류되다
52131|나노그램
52132|분국
52133|리비도
52134|둥가둥가
52135|난망하다
52136|결의되다
52137|혼입되다
52138|산업화되다
52139|급반등하다
52140|스파르타쿠스
52141|엘패소
52142|사봉
52143|압살
52144|설수
52145|잘못짚다
52146|혈행
52147|귀중히
52148|제도하다
52149|물구슬
52150|허정
52151|얄타
52152|닙
52153|마이동풍
52154|향판
52155|불협
52156|봉남
52157|내한
52158|진전하다
52159|발장
52160|트리엔날레
52161|토피라메이트
52162|살어리랏다
52163|시시포스
52164|하루걸러
52165|총집
52166|고가구
52167|간성
52168|과량
52169|애미다
52170|수은등
52171|파국적
52172|유소
52173|헹굼
52174|번국
52175|과숙하다
52176|중허
52177|어우르다
52178|크루시블
52179|산테
52180|안창남
52181|양변
52182|총무부
52183|겹받침
52184|행악
52185|옥림
52186|키토산
52187|아도르노
52188|사헤
52189|흰올빼미
52190|에구머니
52191|버들잎
52192|재입대하다
52193|리엘
52194|위곡
52195|바겐세일
52196|멀칭
52197|장난질하다
52198|묘법
52199|데쓰다
52200|향남
52201|쾌속정
52202|무상정등정각
52203|시프터
52204|애틀랜틱시티
52205|체호프
52206|렙톤
52207|댑싸리
52208|산바
52209|간접세
52210|맹금
52211|카덴차
52212|승협
52213|운임
52214|우찌하다
52215|베르베르족
52216|주경야독
52217|진왕
52218|기억시키다
52219|보걸
52220|역무
52221|년수
52222|마르탱
52223|직언하다
52224|포춘
52225|칼조네
52226|며칟날
52227|밀반출
52228|악소
52229|군율
52230|파평
52231|레이블링
52232|소감하다
52233|원저
52234|저까짓
52235|머시마
52236|대찬
52237|모젤강
52238|크리스토
52239|시들시들
52240|콧기름
52241|황혼기
52242|맴
52243|왕양
52244|구두코
52245|고대로
52246|냠냠하다
52247|우텋다
52248|큰입배스
52249|말컹
52250|가멸다
52251|추동되다
52252|복합하다
52253|까망
52254|대폭발하다
52255|나부
52256|해수욕하다
52257|박도하다
52258|화문석
52259|높디높다
52260|배통
52261|프라자
52262|분도
52263|곧추
52264|재발매되다
52265|후까시
52266|데이라이트
52267|번짐
52268|재범하다
52269|유택
52270|실갱이
52271|사민
52272|요분
52273|여체
52274|여물
52275|살렘
52276|노추
52277|재반
52278|보조사
52279|보카치오
52280|라가
52281|통신반
52282|하항
52283|우라지다
52284|어셔
52285|노름빚
52286|교계
52287|살짜쿵
52288|무쌍하다
52289|리스타트
52290|벌서다
52291|까끌하다
52292|고무하다
52293|프랑케
52294|선취
52295|이성
52296|헤르
52297|앵크
52298|사이버불링
52299|무릅
52300|클립아트
52301|기덕
52302|이힝
52303|금난전권
52304|당산
52305|침음
52306|보르
52307|촐랑거리다
52308|포근포근하다
52309|점이
52310|흠칫흠칫
52311|마르티니크
52312|훌렁하다
52313|다우징
52314|불통되다
52315|종실
52316|허식
52317|일벌백계하다
52318|주거하다
52319|카로티노이드
52320|둥둥이
52321|공들이다
52322|플로티노스
52323|호언하다
52324|북파
52325|죄받다
52326|온고지신
52327|수선공
52328|임병
52329|라니티딘
52330|황조
52331|묶
52332|피콕
52333|책하다
52334|마조
52335|드글드글
52336|벅수
52337|지저
52338|총궐기
52339|진연
52340|달필
52341|금력
52342|루시페린
52343|불랑
52344|격하
52345|눈속임하다
52346|오를레앙
52347|플럭스
52348|끌바
52349|내따
52350|레오니다스
52351|용언
52352|자게
52353|복덕
52354|협동적
52355|대호황
52356|열외
52357|카프로산
52358|방언하다
52359|포환던지기
52360|한유
52361|현손
52362|자리공
52363|정치성
52364|오므라지다
52365|패장
52366|암브로시우스
52367|돈타령
52368|사라락
52369|복복
52370|직능
52371|무단결근하다
52372|터부시하다
52373|단순명료하다
52374|온화
52375|실전되다
52376|문루
52377|보파
52378|거지방
52379|고시되다
52380|다종다양하다
52381|로봉
52382|정격
52383|싹수없다
52384|탁성
52385|통치되다
52386|양선
52387|성첩
52388|잔존하다
52389|작문하다
52390|음독하다
52391|귀빠지다
52392|바늘땀
52393|동대
52394|시정되다
52395|슈룹
52396|서브머린
52397|표구
52398|나즈막하다
52399|봉헌하다
52400|도규
52401|페테르부르크
52402|재창출하다
52403|화친하다
52404|애로
52405|애걸
52406|연주대
52407|뇌전
52408|춘풍
52409|아르지닌
52410|링가
52411|가향
52412|병모
52413|원우
52414|아만
52415|돈오
52416|잉간
52417|경축하다
52418|의천
52419|밥물
52420|맥동
52421|시시덕대다
52422|수캐
52423|지어미
52424|탐침
52425|다감하다
52426|미광
52427|할짝할짝
52428|충천하다
52429|게디스
52430|캐티
52431|토방
52432|존조
52433|개작하다
52434|빵틀
52435|동필
52436|바비도
52437|태다
52438|멸족
52439|디킨슨
52440|색즉시공
52441|공청
52442|분서
52443|여압
52444|해아
52445|사이안
52446|속개
52447|구송
52448|섀끼
52449|팔베개하다
52450|껄떡거리다
52451|영화광
52452|통사정
52453|무종교
52454|파레
52455|양총
52456|단근
52457|디버거
52458|이금희
52459|에어사이드
52460|크론
52461|하숙방
52462|서휘
52463|돌게
52464|늑혼
52465|혼숙
52466|칠흑빛
52467|무의탁
52468|음방하다
52469|가야바
52470|형무관
52471|장영
52472|우루크
52473|광쇠
52474|진복
52475|입선
52476|몰랑이
52477|무탄
52478|개엄
52479|장차
52480|나왕
52481|강리
52482|소주성
52483|사히다
52484|구획하다
52485|문아
52486|존안
52487|해직되다
52488|쿠민
52489|석간
52490|사소
52491|출셋길
52492|공업용수
52493|아르페지오
52494|착지
52495|신학문
52496|멀티비전
52497|사기사
52498|히타
52499|애착하다
52500|연반
52501|문표
52502|황황히
52503|신상명세서
52504|마우다
52505|정순하다
52506|깨미
52507|면피하다
52508|폐어
52509|둔화시키다
52510|논길
52511|혼문
52512|머더보드
52513|갑술
52514|의암
52515|박소
52516|즘
52517|희수
52518|박변
52519|스노모빌
52520|채치다
52521|치다보다
52522|오거스타
52523|아리스토파네스
52524|퉁명하다
52525|실낱
52526|인견
52527|키플링
52528|포옥
52529|개인행동
52530|음차
52531|직업관
52532|저리되다
52533|기싸움하다
52534|떡살
52535|짤랑대다
52536|소포클레스
52537|활석
52538|돌투성이
52539|가공업
52540|프시타코사우루스
52541|시집살이하다
52542|덤플링
52543|안일
52544|을지훈련
52545|부젓가락
52546|해꼬지
52547|표면화하다
52548|응력
52549|바쇼
52550|백주
52551|극화하다
52552|남근
52553|어표
52554|히파티아
52555|주천
52556|향정
52557|신해
52558|이선좌
52559|숩
52560|우범
52561|군모
52562|짬뽕되다
52563|주령
52564|비루
52565|양목
52566|원행
52567|이거
52568|구운몽
52569|미금
52570|아트레우스
52571|샹치
52572|해비타트
52573|상간
52574|주니
52575|병서
52576|소검
52577|닻줄
52578|무지
52579|자맥
52580|적임
52581|쫘르륵
52582|불그죽죽하다
52583|아에
52584|노르
52585|오프리
52586|좌욕
52587|갸르릉
52588|회강
52589|살래살래
52590|봉아
52591|허비되다
52592|끼익하다
52593|아옹다옹하다
52594|산탄데르
52595|탕진
52596|옛스럽다
52597|사돈지간
52598|장원하다
52599|민속자료
52600|한집안
52601|트레이스
52602|승승
52603|옌칭
52604|절그럭거리다
52605|매키다
52606|개개비
52607|어슷썰다
52608|기또
52609|자갈돌
52610|천문
52611|바른손
52612|바꾸
52613|영접사
52614|강스
52615|느리
52616|리바이벌
52617|혜강
52618|프로판
52619|아까시나무
52620|승합
52621|래플스
52622|겉포장
52623|버글버글하다
52624|혜황
52625|구조화하다
52626|절수
52627|풀브라이트
52628|강복
52629|타동사
52630|사디즘
52631|신행
52632|빈번
52633|유론
52634|재근
52635|공작하다
52636|표음
52637|신기방기하다
52638|소작료
52639|사훈
52640|계사
52641|득음하다
52642|친손녀
52643|레게노
52644|코포
52645|작은창자
52646|타향살이
52647|야포
52648|피라루쿠
52649|천심
52650|구원병
52651|동문서답하다
52652|이식
52653|들길
52654|겨울눈
52655|빠각
52656|빠싹하다
52657|표백되다
52658|입고
52659|존속되다
52660|집적대다
52661|칠거지악
52662|섬서
52663|육젓
52664|원태
52665|귀항하다
52666|목초
52667|홰홰
52668|터프팅
52669|종표
52670|검열관
52671|안젤리카
52672|수치감
52673|쐬
52674|적어
52675|거뜨다
52676|통달
52677|법담
52678|샐
52679|걸보
52680|언정
52681|구봉
52682|솔캠
52683|봉하
52684|메데인
52685|손뜨개
52686|에히메
52687|여겨보다
52688|동회
52689|치우
52690|반조
52691|에헤야
52692|불구경하다
52693|산거
52694|타피
52695|돈돈거리다
52696|문공
52697|풀포기
52698|들창코
52699|약장
52700|떠버리다
52701|처자다
52702|소자본
52703|끌어넣다
52704|반코트
52705|질퍽질퍽
52706|시왕
52707|유재하다
52708|송추
52709|풍운아
52710|시관
52711|머무다
52712|목욕재계
52713|강철판
52714|현선
52715|전원하다
52716|실차
52717|양막
52718|리세스
52719|엠마오
52720|망상어
52721|처가살이
52722|발달사
52723|슈퍼우먼
52724|속살거리다
52725|와글거리다
52726|탄광촌
52727|잇닿다
52728|농지거리
52729|류저우
52730|페키니즈
52731|실프다
52732|집수
52733|갑빠
52734|강포하다
52735|운모
52736|노익장
52737|판결되다
52738|선동되다
52739|옥사하다
52740|올게
52741|노곤노곤
52742|졸
52743|아니리
52744|중곡
52745|전술가
52746|낭트
52747|냄기다
52748|유나
52749|삼십육계
52750|벳
52751|번리
52752|연합되다
52753|느슨히
52754|초도
52755|풋워크
52756|마작가다
52757|창로
52758|무제
52759|스와질란드
52760|소석
52761|무병장수하다
52762|몬딱
52763|상소리
52764|혜공
52765|짊다
52766|패랭이
52767|부담액
52768|관조
52769|산학연
52770|전거근
52771|견자
52772|옻칠하다
52773|유로스타
52774|페트라르카
52775|핵력
52776|지부티
52777|슬래머
52778|숙직하다
52779|중년기
52780|방아다리
52781|벼개
52782|어근
52783|복제물
52784|늑막
52785|함빡
52786|발신되다
52787|오도로
52788|안팍
52789|열왕기
52790|원씨
52791|정수하다
52792|수금
52793|장백
52794|점등되다
52795|평어
52796|엇다
52797|공릉
52798|며다
52799|배위
52800|쏘주
52801|키사
52802|심드렁
52803|오텔로
52804|원명
52805|길죽하다
52806|숨숨
52807|담임하다
52808|캑
52809|강취하다
52810|옥형
52811|상업주의
52812|분납
52813|스포트
52814|마일러
52815|안악
52816|사라고사
52817|단선
52818|모리배
52819|노트하다
52820|물목
52821|안후이
52822|필방
52823|케이스타
52824|밸리데이션
52825|자강두천
52826|여척
52827|부르가스
52828|체임버스
52829|척력
52830|차르르하다
52831|결여하다
52832|길로틴
52833|형방
52834|레몬밤
52835|찰스턴
52836|출창
52837|맑히다
52838|데빌다
52839|늑
52840|아문
52841|투모
52842|몽우리
52843|홉슨
52844|공가
52845|황충
52846|움막집
52847|갈축
52848|멜림픽
52849|떼끼
52850|운구되다
52851|사무직원
52852|젬
52853|알타이
52854|자족
52855|나팔소리
52856|오희
52857|청강
52858|군계일학
52859|맑은탕
52860|초중
52861|권력가
52862|주춤대다
52863|술레
52864|세종특별자치시
52865|섬찟
52866|먼지다
52867|각축장
52868|길이다
52869|통칭되다
52870|계씨
52871|면면히
52872|성악곡
52873|회독하다
52874|자스
52875|표장
52876|채디
52877|위압하다
52878|유티
52879|끔
52880|화개
52881|하지
52882|재구축하다
52883|석문
52884|블박
52885|왕성히
52886|머키다
52887|떼굴
52888|문둥병
52889|세이스
52890|전산화되다
52891|창생
52892|홍창
52893|독재하다
52894|거므
52895|솝
52896|머리발
52897|음낭
52898|비리비리
52899|보늬
52900|분천
52901|어벙이
52902|순공
52903|냉대하다
52904|아전인수
52905|동한
52906|효사
52907|함세
52908|중류층
52909|치보
52910|유철
52911|권이
52912|시걸
52913|오레스테스
52914|플러스되다
52915|홍두
52916|수백만
52917|낭랑
52918|피감
52919|노골화하다
52920|안경다리
52921|단봉
52922|매부
52923|서래
52924|병치
52925|교모세포종
52926|그래도
52927|획책
52928|치인
52929|아듀
52930|대괄호
52931|타살되다
52932|몰래
52933|잔하
52934|부조하다
52935|주후
52936|코너스톤
52937|메드라인
52938|줍줍하다
52939|술렁술렁하다
52940|신북
52941|홱홱
52942|타게팅
52943|베벨
52944|골짝
52945|유프라테스강
52946|더블헤더
52947|통폐합되다
52948|사씨남정기
52949|쌔근쌔근
52950|홍범
52951|쎄이
52952|떨어버리다
52953|양덕
52954|초중반대
52955|공산화되다
52956|문기둥
52957|하주
52958|엄살떨다
52959|요마
52960|로메오
52961|유피테르
52962|근검절약하다
52963|변광성
52964|만요슈
52965|빵끗
52966|비피더스
52967|정당히
52968|막힘
52969|로디지아
52970|클래퍼
52971|상업화되다
52972|탐닉
52973|재가입하다
52974|징가
52975|둔재
52976|잡배
52977|시테
52978|루피너스
52979|사려하다
52980|교카
52981|봉덕
52982|우중충
52983|또띠야
52984|무기
52985|니글니글하다
52986|급반전되다
52987|창주
52988|톈산산맥
52989|기발
52990|에스티
52991|깨닳다
52992|영육
52993|습도계
52994|응급하다
52995|노토사우루스
52996|어드
52997|도섭
52998|싸개
52999|탈수되다
53000|난닝
53001|강패
53002|조피
53003|맛뵈기
53004|분사구
53005|창구멍
53006|회중전등
53007|풍양
53008|낮추
53009|방망이질
53010|관기
53011|구어
53012|작은놈
53013|갤
53014|밀번
53015|선군
53016|매혹당하다
53017|암포
53018|물청소하다
53019|누크
53020|불끄기
53021|오디세이아
53022|지맥
53023|탁월함
53024|가편
53025|영웅심
53026|샤자한
53027|입도
53028|본지
53029|데면데면
53030|뷰캐넌
53031|롤업하다
53032|노른
53033|소개소
53034|우산살
53035|흥청거리다
53036|광파
53037|패치워크
53038|보국
53039|명상적
53040|이버멕틴
53041|에틸
53042|십진법
53043|쟁의
53044|교부하다
53045|의업
53046|제곱센티미터
53047|마르소
53048|오르르
53049|커버링
53050|은행털이
53051|하등하다
53052|자동사
53053|만연되다
53054|수료자
53055|녹읍
53056|노천
53057|병삼
53058|뽀독뽀독
53059|죽녹원
53060|안틀다
53061|우창
53062|주택난
53063|불러지다
53064|용해
53065|바늘방석
53066|놀리
53067|꽁냥거리다
53068|흉관
53069|상편
53070|농한기
53071|헛짓하다
53072|브릴리언트
53073|족벌
53074|타타르
53075|복점
53076|후투티
53077|신세타령
53078|아렌트
53079|스크래퍼
53080|괴음
53081|처참
53082|김병호
53083|정밀성
53084|보덕
53085|포대
53086|첩보전
53087|닫기다
53088|눈꼴시다
53089|그렁거리다
53090|카르티에
53091|교통순경
53092|간질이다
53093|공장주
53094|한량없이
53095|밀무역
53096|막냇손자
53097|사티로스
53098|위대성
53099|둘리틀
53100|서클릿
53101|문유
53102|다데기
53103|초행
53104|여인상
53105|수옥
53106|뺀질뺀질
53107|여북하다
53108|플로토
53109|시험공부하다
53110|막대
53111|풀링
53112|랴오허강
53113|소용되다
53114|탐관
53115|곡이
53116|까끌까끌
53117|다이시
53118|끊어치다
53119|배스로브
53120|트롤러
53121|야레
53122|심술꾸러기
53123|겹사돈
53124|나제
53125|담석
53126|루도
53127|택조
53128|겜알못
53129|셔우드
53130|선전되다
53131|찬반양론
53132|결구
53133|대례
53134|탐미주의
53135|소탐대실
53136|감퇴하다
53137|욕야카르타
53138|반질거리다
53139|요행히
53140|음용
53141|아옹
53142|큰부리새
53143|친종장군
53144|죽여
53145|하초
53146|낙사
53147|브리타니아
53148|노덕
53149|고생고생
53150|제품화하다
53151|미크론
53152|초산
53153|유에스
53154|조인되다
53155|책비
53156|파라디
53157|여름내
53158|압생트
53159|르메트르
53160|여복
53161|지관
53162|속인
53163|번디
53164|방풍림
53165|피프틴
53166|티치아노
53167|보호제
53168|단궁
53169|땟국
53170|격투하다
53171|거행
53172|곡선미
53173|독수공방하다
53174|마테우스
53175|개영식
53176|진목
53177|무뎅이
53178|소년기
53179|쭈그렁
53180|편액
53181|바스켓볼
53182|재등록
53183|학적부
53184|옹크리다
53185|은막
53186|황소고집
53187|스윔
53188|각막염
53189|초명
53190|외설
53191|사탐
53192|곯리다
53193|발향
53194|동방견문록
53195|신교
53196|법꾸라지
53197|걸르다
53198|수막
53199|미장이
53200|애니메이팅
53201|거수하다
53202|중당
53203|주변머리
53204|원저자
53205|성래
53206|주딩이
53207|셀룰로스
53208|잡부
53209|끅끅거리다
53210|원휘
53211|에그노그
53212|라미네이션
53213|오만불손하다
53214|화학조미료
53215|춘모
53216|장진주
53217|첫새벽
53218|와일더
53219|입교
53220|범생
53221|킬트
53222|합죽이
53223|조혁
53224|래도
53225|일광욕하다
53226|어시스트하다
53227|알알
53228|포시
53229|무일
53230|재구속되다
53231|앙증스럽다
53232|붉으락푸르락
53233|미생물학
53234|라킨
53235|두랄루민
53236|납죽
53237|샤방하다
53238|발본색원
53239|가끔가끔
53240|레지스터
53241|질곡
53242|할로겐
53243|먹토
53244|식각
53245|윤선
53246|뚜겅
53247|구성비
53248|모현
53249|숫처녀
53250|가덕
53251|흐느적대다
53252|호락
53253|배탈다
53254|야부키
53255|중징계하다
53256|넉다
53257|자키
53258|분기탱천하다
53259|노벨라
53260|지법
53261|암다
53262|수련의
53263|펀처
53264|서구화
53265|고살
53266|이주
53267|고만두다
53268|안데다
53269|소녀소녀하다
53270|태열
53271|현궁
53272|향불
53273|샤티
53274|촌충
53275|이수다
53276|부부애
53277|클로렐라
53278|추상화되다
53279|반성적
53280|엘리베이션
53281|종무식
53282|계회
53283|운평
53284|산막
53285|일퀘
53286|불식되다
53287|유혹되다
53288|윤년
53289|깜작거리다
53290|스턴트우먼
53291|버들다
53292|아뜩하다
53293|데이모스
53294|향촌
53295|부녀간
53296|콘트라스트
53297|디비지다
53298|자간
53299|데불다
53300|구라미
53301|핵산
53302|악개
53303|코하다
53304|동형
53305|양육되다
53306|코파카바나
53307|식해
53308|은공
53309|붕소
53310|스테이터
53311|케하다
53312|바이칼호
53313|연길
53314|지키미
53315|우야다
53316|히아
53317|사이드라인
53318|왕소금
53319|흘끗거리다
53320|사위다
53321|등성
53322|청화
53323|맥앤드치즈
53324|무독
53325|중저가
53326|인신
53327|짜미
53328|누이다
53329|사박사박
53330|외탁
53331|위의
53332|알림판
53333|제본되다
53334|급수차
53335|골린
53336|무감동하다
53337|칡넝쿨
53338|만유
53339|백중날
53340|시일야방성대곡
53341|건승
53342|플랜더스
53343|동글납작하다
53344|민박하다
53345|돌주먹
53346|충혜왕
53347|낮잡다
53348|어이하다
53349|흙벽돌
53350|부사다
53351|뗑
53352|꾸물꾸물하다
53353|선태
53354|도환
53355|왕림
53356|일체화되다
53357|울먹하다
53358|청불
53359|화끈화끈하다
53360|잠영
53361|강독
53362|분조
53363|옥화
53364|연공
53365|오스스
53366|환술
53367|동역
53368|단막
53369|씰룩대다
53370|명계
53371|적안
53372|딸이다
53373|담파
53374|캔틸레버
53375|치소
53376|지능화되다
53377|마아
53378|침노하다
53379|해밀
53380|루버
53381|진토
53382|숌
53383|페시
53384|꼬꼬댁거리다
53385|헤벌쭉하다
53386|건엽
53387|은로
53388|무책임
53389|인간관
53390|한당
53391|정궁
53392|이러저러다
53393|파력
53394|멀뚱거리다
53395|착장하다
53396|문제투성이
53397|기총
53398|팔도강산
53399|대출증
53400|교양서
53401|녹동
53402|태룡
53403|흑림
53404|야웅
53405|재열
53406|구멍투성이
53407|두근거림
53408|말뫼
53409|말엽
53410|라탄
53411|우그러뜨리다
53412|치핵
53413|드르렁거리다
53414|뿌득
53415|겉장
53416|왕지
53417|잠원초
53418|달음질하다
53419|얼음귀신
53420|컴플라이언스
53421|빤질빤질하다
53422|대대로
53423|승세
53424|곳다
53425|교육되다
53426|일사부재의
53427|하문
53428|디오르
53429|아로와나
53430|복실복실
53431|주룽
53432|익반죽
53433|라다크
53434|난봉
53435|티아마트
53436|패수
53437|순은
53438|주색
53439|자재
53440|크노소스
53441|소발
53442|감응하다
53443|관외
53444|밥술
53445|클레먼스
53446|웃풍
53447|브링크
53448|소수림왕
53449|잘생쁨
53450|경신되다
53451|법랑
53452|증조부모
53453|하우스만
53454|에스비에스
53455|묘족
53456|머레
53457|진옥
53458|리브르
53459|동냥하다
53460|우덕순
53461|유혁
53462|환타지
53463|철혈
53464|꺅꺅거리다
53465|물바가지
53466|부쩍부쩍
53467|쬐이다
53468|아베이
53469|원력
53470|어림짐작하다
53471|세인트버나드
53472|무덤덤
53473|봉사료
53474|정공
53475|후루룩후루룩
53476|다역
53477|연약
53478|당곡
53479|이율곡
53480|드레인
53481|능글거리다
53482|소일
53483|논박하다
53484|밑구멍
53485|탄화
53486|냏다
53487|당혜
53488|최대한도
53489|햇양파
53490|불암
53491|교정본
53492|레루
53493|결명자
53494|진포
53495|관습법
53496|머시룸
53497|갈래
53498|롱하다
53499|도음
53500|트리밍
53501|요의
53502|입계
53503|그린버그
53504|조응하다
53505|푸티지
53506|직수입하다
53507|검은자
53508|양잠
53509|데릴라
53510|남촌
53511|잔이랑
53512|고국원왕
53513|마세
53514|기하급수
53515|숙위
53516|조각달
53517|세고비아
53518|과용
53519|실증하다
53520|리탈린
53521|관방
53522|진실히
53523|엥글러
53524|강포
53525|리뉴
53526|쑥부쟁이
53527|대생
53528|니아메
53529|냉소주의
53530|덕실
53531|외면적
53532|수장하다
53533|여윽시
53534|달그림자
53535|여맹
53536|창간
53537|욕질
53538|화월
53539|안다니
53540|귀옥
53541|둥실거리다
53542|온더록스
53543|풀턴
53544|자행
53545|삐쭉삐쭉
53546|탄통
53547|장초
53548|하나비
53549|지후
53550|뉘이다
53551|바하
53552|선광
53553|울컥거리다
53554|묵살
53555|화승
53556|외고
53557|얼자
53558|라이먼
53559|초롱불
53560|노터
53561|퍼석거리다
53562|치도
53563|두루뭉술
53564|암페타민
53565|약충
53566|모판
53567|봉양
53568|쟁그랑
53569|배로
53570|쏭알쏭알
53571|인신공격하다
53572|박색
53573|소렌토
53574|명사십리
53575|곡우
53576|더디하다
53577|맺음말
53578|스프레더
53579|밋밋
53580|구원되다
53581|리모델링되다
53582|별사
53583|교조
53584|말꼬투리
53585|스타방에르
53586|무고
53587|모녀간
53588|아얌
53589|탐구되다
53590|주괴
53591|곡자
53592|곡마단
53593|진정코
53594|열두째
53595|팔라펠
53596|헛딛다
53597|다가닥
53598|미뇽
53599|귀납법
53600|게토
53601|와류
53602|우라
53603|트루아
53604|전고
53605|발송자
53606|닭갈빗집
53607|편작
53608|삐죽대다
53609|스캐빈저
53610|날염
53611|돌바람
53612|준정
53613|서애
53614|치네
53615|선량
53616|천곡
53617|출판인
53618|재신임하다
53619|팔라듐
53620|운전원
53621|오르되브르
53622|퇴고하다
53623|소재지
53624|부복하다
53625|어김없다
53626|단구
53627|환천희지
53628|광일
53629|후세대
53630|맹공격
53631|맹숭맹숭하다
53632|홍포
53633|목우
53634|절대루
53635|무수다
53636|그러나저러나
53637|간데이
53638|각별
53639|주격
53640|헐리
53641|체체파리
53642|호로
53643|일리아스
53644|호시절
53645|촌민
53646|송수관
53647|원둘레
53648|지아
53649|광분
53650|촐랑
53651|바이백
53652|재도약하다
53653|분통하다
53654|이병하다
53655|뒷말하다
53656|길다랗다
53657|포렴
53658|한탕주의
53659|푸르죽죽하다
53660|사이버틱하다
53661|생상
53662|캑캑
53663|이검
53664|직거래
53665|아세트알데히드
53666|쌈질
53667|기열
53668|소롱포
53669|매클레인
53670|신천옹
53671|네크로폴리스
53672|김병국
53673|분금
53674|킥오프
53675|말거다
53676|필획
53677|준령
53678|허염
53679|거랑
53680|주판알
53681|부둥부둥
53682|이어하다
53683|특채되다
53684|사임
53685|정복욕
53686|강신무
53687|전근하다
53688|구아노
53689|수부
53690|재창
53691|짓거리하다
53692|한덩
53693|송고하다
53694|언두
53695|낭창하다
53696|황마
53697|짬뽕하다
53698|망통
53699|징용되다
53700|버섯전골
53701|제소되다
53702|쩔뚝거리다
53703|비누칠하다
53704|곡비
53705|어럽쇼
53706|정일
53707|외복사근
53708|별비
53709|득점포
53710|서리서리
53711|우쓰노미야
53712|광상
53713|제품화되다
53714|모자람
53715|쑥밭
53716|수라바야
53717|님자
53718|버든
53719|흔들흔들거리다
53720|소구하다
53721|범어
53722|본회
53723|미혼자
53724|용강
53725|준호
53726|적출되다
53727|접대
53728|사장하다
53729|리델
53730|감경되다
53731|가려움
53732|그라민
53733|토우
53734|색색거리다
53735|지르밟다
53736|파란만장
53737|통편집되다
53738|씰룩쌜룩
53739|차림표
53740|황정
53741|섹슈얼리티
53742|까닥까닥
53743|차꼬
53744|업글하다
53745|연희
53746|하드론
53747|스와핑
53748|경윤
53749|은천
53750|피하
53751|젖비린내
53752|폄하되다
53753|큼직큼직
53754|단모
53755|외조카
53756|연맥
53757|질경이
53758|흑초
53759|완강
53760|진애
53761|떽떽거리다
53762|스티머
53763|도프
53764|오클라호마시티
53765|잘랑거리다
53766|단견
53767|샤방샤방하다
53768|반침
53769|출금되다
53770|글자수
53771|향악
53772|고조부
53773|앞가림하다
53774|에스코
53775|반야
53776|배워주다
53777|좌탁
53778|유복자
53779|거렇다
53780|인명사전
53781|폐위하다
53782|노역하다
53783|엉밑살
53784|재우치다
53785|학산
53786|궐석
53787|재방송하다
53788|타나토스
53789|찰카닥
53790|산본
53791|치리
53792|채주
53793|왓쳐
53794|동양학
53795|하르툼
53796|진언하다
53797|치환
53798|프로타주
53799|항력
53800|우다다
53801|만연
53802|인족
53803|투아타라
53804|바셋하운드
53805|오랏줄
53806|울렁울렁하다
53807|단사
53808|겸업하다
53809|면직하다
53810|송달하다
53811|검사받기
53812|치자
53813|포학하다
53814|방한화
53815|조폐
53816|블
53817|요샛말
53818|만기
53819|논다
53820|옥란
53821|청려
53822|색실
53823|비지터
53824|발렛파킹
53825|조바심하다
53826|스로
53827|더께
53828|이불보
53829|만병통치
53830|용추
53831|옥수숫대
53832|뱁시
53833|피타다
53834|단형
53835|해우
53836|소매치기하다
53837|선혜청
53838|기차다
53839|근로하다
53840|옹아
53841|약탈되다
53842|소통능력
53843|배교자
53844|사플
53845|딜로포사우루스
53846|북관
53847|봉송하다
53848|현현
53849|소총수
53850|후열
53851|쏘쏘하다
53852|아차하다
53853|밀치
53854|선행상
53855|히치하이킹하다
53856|사철나무
53857|애교심
53858|고릿적
53859|형철
53860|백산
53861|안곡
53862|뼈살
53863|구노
53864|과이
53865|제적되다
53866|윽박
53867|구하
53868|보텀
53869|아카풀코
53870|폴락
53871|우물우물하다
53872|니조
53873|괴롬
53874|얼마만하다
53875|아주르
53876|피임하다
53877|성대히
53878|막리지
53879|학봉
53880|독해하다
53881|만고불변
53882|두괄식
53883|솔질하다
53884|궁내
53885|버터밀크
53886|개역
53887|지분거리다
53888|만생
53889|악전고투하다
53890|송사하다
53891|베기다
53892|간데없다
53893|소고깃집
53894|베로나
53895|시퍼레지다
53896|말벅지
53897|못자리
53898|대강대강
53899|기묘
53900|도태시키다
53901|부킹하다
53902|워치케
53903|씁쓰름하다
53904|극광
53905|창시
53906|체스터필드
53907|이승휴
53908|시샤모
53909|밀로
53910|풀르다
53911|연매
53912|사변적
53913|깃봉
53914|돈벌이하다
53915|모자간
53916|흉배
53917|흑운
53918|중건하다
53919|빈촌
53920|황개
53921|만숙
53922|몰사하다
53923|호의호식
53924|금년도
53925|얼핏얼핏
53926|만취되다
53927|개파
53928|누덕누덕
53929|메이지
53930|후성
53931|소담하다
53932|하꼬
53933|허물벗기
53934|힐끔대다
53935|요리다
53936|하누만
53937|자우
53938|화이부동
53939|루빅큐브
53940|시바타
53941|목종
53942|반병신
53943|리아드
53944|풍속계
53945|켯속
53946|범부
53947|괴이다
53948|아들자식
53949|텔레커뮤니케이션
53950|설파
53951|감씨
53952|모류
53953|로그인되다
53954|신출귀몰
53955|혼재
53956|상문
53957|스트라빈스키
53958|브래그
53959|범천
53960|바닷장어
53961|벽골제
53962|괴않다
53963|적재량
53964|삼릉
53965|베델
53966|고퍼
53967|내방하다
53968|툭툭거리다
53969|펀슈머
53970|마리우스
53971|풍덩풍덩
53972|둥근형
53973|하기하다
53974|득남
53975|선제공격하다
53976|마르그레테
53977|마타도어
53978|삐딱
53979|예부
53980|체르니히우
53981|하체하다
53982|새길
53983|스필
53984|의생활
53985|약가
53986|두리번두리번하다
53987|플레시오사우루스
53988|단일성
53989|테노치티틀란
53990|입관하다
53991|전광
53992|지남철
53993|돈스
53994|진맥하다
53995|수면하다
53996|콜트레인
53997|에스페란토
53998|베일리스
53999|헛발
54000|오무라이스
54001|듀럼밀
54002|현현하다
54003|트랜스미터
54004|야관문
54005|뻥튀기되다
54006|방수성
54007|인드라
54008|덩칫값
54009|공수되다
54010|르페브르
54011|시멘
54012|문제시하다
54013|초년병
54014|급살
54015|비두
54016|칩다
54017|바운서
54018|빠꾸하다
54019|쿵덕쿵덕
54020|수공예
54021|가봉하다
54022|제차
54023|백암
54024|재편성
54025|금계
54026|올라붙다
54027|크라수스
54028|대니다
54029|데이지
54030|광훈
54031|쑥덕대다
54032|역작용
54033|자연미
54034|볼룸
54035|뎅겅
54036|바움쿠헨
54037|로마네스크
54038|시각표
54039|학인
54040|조각구름
54041|퍼커션
54042|홍등
54043|욱신욱신하다
54044|체르니우치
54045|주정차하다
54046|거츨다
54047|준우
54048|차피
54049|또마
54050|깽깽이풀
54051|캑캑대다
54052|쪼달리다
54053|큰성
54054|남호
54055|영후
54056|나비스
54057|검둥개
54058|괴벨스
54059|합치
54060|설주
54061|파타야
54062|주휴
54063|능이
54064|유주택자
54065|치터
54066|후루룩하다
54067|대경
54068|노략질하다
54069|노르웨이어
54070|까악까악
54071|합지
54072|군무하다
54073|응원군
54074|무명옷
54075|당별
54076|이게다
54077|녹번
54078|허구성
54079|입지
54080|소백산맥
54081|간충
54082|플라이스토세
54083|담자이
54084|레크
54085|극빈자
54086|신소설
54087|조잡스럽다
54088|철침
54089|꺽새
54090|창이
54091|하이데라바드
54092|피폐
54093|재취
54094|황장
54095|야구르트
54096|당의
54097|태운
54098|공도
54099|동그마니
54100|천대하다
54101|구글다
54102|국철
54103|감치다
54104|재소하다
54105|민가
54106|티격
54107|서거리
54108|브리지스
54109|때각
54110|단결심
54111|손나팔
54112|불내다
54113|지능화
54114|혼삿길
54115|오십보백보
54116|왕전
54117|베어드
54118|산간벽지
54119|합본
54120|동란
54121|장려되다
54122|서공예
54123|드높이
54124|터부
54125|서피
54126|녹히다
54127|왕홍
54128|우범자
54129|풍요하다
54130|맑디맑다
54131|중평
54132|연역
54133|누런빛
54134|강역
54135|리비에라
54136|한갑
54137|기무치
54138|맵싸하다
54139|기본예절
54140|알레그로
54141|전행
54142|위창
54143|귀희
54144|찹찹하다
54145|조산하다
54146|구진
54147|부자유
54148|황필
54149|습속
54150|화일
54151|뒤룩거리다
54152|백유
54153|에전
54154|납기일
54155|바이오가스
54156|브라주카
54157|안자
54158|피카르
54159|느자구없다
54160|까슬하다
54161|육체미
54162|솔레노이드
54163|가되다
54164|짜르르
54165|안영하다
54166|본촌
54167|농림
54168|중개료
54169|무삼
54170|페미컨
54171|단재
54172|피륙
54173|모듬살이
54174|스넬
54175|아스투리아스
54176|대겸
54177|사분기
54178|검식
54179|철공
54180|고물딱지
54181|채색화
54182|잡균
54183|등양
54184|웨딩업체
54185|식자
54186|회생시키다
54187|보양하다
54188|감원하다
54189|덜커덕거리다
54190|워터퍼드
54191|응암
54192|이양되다
54193|비스름하다
54194|사라센
54195|양차
54196|잡상
54197|상숙
54198|조플린
54199|농학
54200|어기여차
54201|푸타
54202|절뚝발이
54203|프러시아
54204|재창작하다
54205|몰캉몰캉하다
54206|스키마
54207|못잖다
54208|도쿠시마
54209|센티널
54210|민다나오섬
54211|맘씨
54212|서각
54213|큰상
54214|유에프오
54215|객귀
54216|자도
54217|대칭되다
54218|외조부모
54219|미꾸리
54220|격동기
54221|산헤드린
54222|샷다
54223|발루
54224|오금
54225|탈착하다
54226|칠칠찮다
54227|중석
54228|디파이
54229|발파라이소
54230|비케다
54231|발걸음하다
54232|쭐쭐
54233|파히타
54234|길구
54235|모뎀
54236|닝이
54237|농고
54238|데스메탈
54239|소향
54240|파급되다
54241|크로이소스
54242|월맹
54243|에스테르
54244|들큰하다
54245|입산하다
54246|배차하다
54247|가피
54248|간단간단하다
54249|어디메
54250|뚝지
54251|막역지우
54252|빙질
54253|자갸
54254|성영
54255|문찐
54256|아공
54257|보인
54258|일품요리
54259|마리골드
54260|실용화하다
54261|샤쿠
54262|로더
54263|사부아
54264|인스트루먼트
54265|간통하다
54266|지급기
54267|안호
54268|선석
54269|팥고물
54270|발그스레하다
54271|꽉지
54272|도식화하다
54273|학령기
54274|얌운센
54275|팡이
54276|신창
54277|카브랄
54278|오버나이트
54279|너드미
54280|개춥다
54281|섬멸전
54282|브리프
54283|회임
54284|생삼겹
54285|위봉
54286|칼리굴라
54287|융릉
54288|기회주의적
54289|폐색
54290|몰랑몰랑하다
54291|덜나다
54292|삼풍
54293|슬로푸드
54294|문막
54295|어지럼
54296|때가다
54297|압연
54298|주예
54299|변색하다
54300|초개
54301|방열
54302|바다토끼
54303|리큐어
54304|그득그득하다
54305|환국
54306|생하다
54307|아나키
54308|주비
54309|홍홍
54310|흥청망청하다
54311|삼송
54312|취사하다
54313|입회인
54314|캐터펄트
54315|부등식
54316|찰랑대다
54317|혁진
54318|페이버
54319|중요히
54320|육욕
54321|새벽하다
54322|플라세보
54323|딸꾹딸꾹
54324|내면화되다
54325|동백기름
54326|인치대다
54327|하옥되다
54328|뽀다
54329|재롱부리다
54330|타루
54331|빈말하다
54332|돔발상어
54333|토요
54334|아트로핀
54335|들이차다
54336|쌍스럽다
54337|격실
54338|슈퍼노트
54339|벙글다
54340|교안
54341|토인비
54342|속구
54343|롬복섬
54344|수복되다
54345|한자음
54346|환규
54347|라토
54348|선대하다
54349|유미
54350|토가
54351|전열하다
54352|모해하다
54353|민스
54354|즉석요리
54355|특집호
54356|심제
54357|뽀글거리다
54358|종언
54359|원병
54360|노담
54361|천산
54362|킥하다
54363|정낭
54364|놀구
54365|잘근거리다
54366|군목
54367|밤바람
54368|매도되다
54369|포승
54370|길흉화복
54371|자문자답하다
54372|철벅철벅
54373|코사
54374|흐트다
54375|반보
54376|깁
54377|몽글하다
54378|취해
54379|구자라트
54380|솔리
54381|구해
54382|일시금
54383|어울림
54384|잊음
54385|검선
54386|어물쩡
54387|낚아보다
54388|여래
54389|추접하다
54390|세뇨
54391|팬시점
54392|미개인
54393|낭도
54394|직조하다
54395|유게
54396|폐건전지
54397|종려
54398|드무
54399|견원지간
54400|착각되다
54401|욕계
54402|마히
54403|상투메
54404|천노
54405|재로
54406|총총거리다
54407|쌍성총관부
54408|난자하다
54409|상욕
54410|눌은밥
54411|무성애자
54412|좌향
54413|백록
54414|혁명하다
54415|박보
54416|뺑이
54417|주실
54418|디아이
54419|젊디젊다
54420|흙물
54421|우화하다
54422|만악
54423|그루퍼
54424|스너피
54425|분광
54426|통신원
54427|본위
54428|트빌리시
54429|프리기아
54430|삼균주의
54431|개념화하다
54432|점지
54433|물컹물컹
54434|몸치장
54435|개암
54436|평촌
54437|보즈
54438|별성
54439|염습
54440|종애
54441|알리오
54442|돌돌하다
54443|바이오디젤
54444|오남용하다
54445|굽신
54446|보글보글하다
54447|전출하다
54448|레이팅
54449|남창
54450|준엽
54451|오세창
54452|보더
54453|총공격하다
54454|도학
54455|수음하다
54456|두루
54457|권당
54458|시디플레이어
54459|촌부
54460|안위하다
54461|자유분방
54462|피보나치
54463|간음죄
54464|플리트
54465|량하다
54466|공붓벌레
54467|파열하다
54468|스닉
54469|벌거벗기다
54470|교부
54471|벽력
54472|현대어
54473|이원화되다
54474|맛깔
54475|트리톤
54476|원희
54477|렌트가
54478|첨아
54479|걸하다
54480|꼬시래기
54481|디보트
54482|긴축하다
54483|온후하다
54484|힐턴
54485|틴팅
54486|변전
54487|연금하다
54488|기불다
54489|금령
54490|어깻숨
54491|욕장
54492|공압
54493|우툴두툴하다
54494|경히
54495|이소리
54496|광견
54497|우니다
54498|탈속
54499|저간
54500|주택자금
54501|빨랫방망이
54502|실축하다
54503|환공
54504|쌍지읒
54505|옥황
54506|환골
54507|피얄
54508|바스락대다
54509|겨워하다
54510|도법
54511|위병대
54512|음서
54513|휴고
54514|교착되다
54515|씨근덕거리다
54516|짜글짜글
54517|깨작
54518|지멋대로
54519|게실
54520|학질
54521|메르쿠리우스
54522|바이아웃
54523|가스보일러
54524|제등
54525|복사판
54526|덕이
54527|이난
54528|쿵쿵하다
54529|비테
54530|중첩하다
54531|대악
54532|포목
54533|평호
54534|근린
54535|상징주의
54536|자제되다
54537|피붓결
54538|얌냠
54539|반디쿠트
54540|진공하다
54541|청렴결백
54542|늑막염
54543|태클하다
54544|탄젠트
54545|이학
54546|뻥긋거리다
54547|끄덩이
54548|크리스프
54549|캐러웨이
54550|민용
54551|이슈
54552|서양화가
54553|소갈머리
54554|크로싱
54555|대로하다
54556|낄다
54557|잫다
54558|누비이불
54559|에이비
54560|종교관
54561|고라
54562|신광
54563|꽝철이
54564|심파
54565|로맹
54566|지기다
54567|휴회
54568|키핑하다
54569|고무관
54570|강일
54571|초개인화
54572|마담뚜
54573|을사
54574|소형화되다
54575|별내선
54576|쿵작쿵작
54577|출재
54578|봉직하다
54579|문석
54580|요망지다
54581|은유
54582|방치
54583|반박되다
54584|쿠르베
54585|품명
54586|송내
54587|두티다
54588|근질
54589|상대주의
54590|퇴교
54591|절세하다
54592|찔다
54593|대경실색하다
54594|도해
54595|지진아
54596|입영하다
54597|분명코
54598|참사랑
54599|기상천외
54600|여성학
54601|밀렵하다
54602|모리구치
54603|복고적
54604|진자리
54605|효제
54606|둔각
54607|안산시청
54608|필요충분조건
54609|밴디
54610|요알못
54611|이희영
54612|등성이
54613|프뢰벨
54614|사라사테
54615|탕제
54616|여미
54617|탈상
54618|타순
54619|폰타나
54620|사막화되다
54621|서판
54622|목단
54623|왕윤
54624|제적당하다
54625|호사다마
54626|미실
54627|골나다
54628|궁상스럽다
54629|뇌성
54630|요충
54631|채석
54632|보수성
54633|재시공하다
54634|선계
54635|적송
54636|어쩌게
54637|쿠란
54638|다테
54639|뽀드득뽀드득
54640|이사
54641|코렌스
54642|헛방
54643|아크라이트
54644|무수단
54645|스탈린그라드
54646|인가
54647|술렁대다
54648|이석형
54649|부부지간
54650|레이시
54651|인차
54652|피스크
54653|토포
54654|진멸
54655|모이즈
54656|대질하다
54657|간특하다
54658|류수영
54659|들오다
54660|흥국
54661|목신
54662|대전사
54663|외곬
54664|진지
54665|아포카토
54666|도데
54667|늘어붙다
54668|석간신문
54669|단가
54670|산스장
54671|착화
54672|버치
54673|뉴트리노
54674|리시안셔스
54675|데이턴
54676|전임
54677|장무
54678|돌쩌귀
54679|팍삭
54680|파라벤
54681|출강하다
54682|니르바나
54683|참고
54684|강도질하다
54685|질력
54686|시비하다
54687|분조장
54688|차광
54689|왕공
54690|연재
54691|은환
54692|탄금
54693|매콤새콤하다
54694|재검토되다
54695|추심하다
54696|스레딩
54697|행커치프
54698|어쩧다
54699|수군통제사
54700|싹퉁바가지
54701|하티
54702|아사달
54703|카주
54704|프리터
54705|하켄크로이츠
54706|직영하다
54707|폭력범
54708|사농공상
54709|간유
54710|일본
54711|망건
54712|개청
54713|직매장
54714|리프터
54715|왕사슴벌레
54716|역습하다
54717|자본가
54718|자코메티
54719|주지하다
54720|가이내
54721|둘라
54722|불순
54723|신언서판
54724|마리온
54725|유능
54726|굴절시키다
54727|왜란
54728|월무
54729|베스도
54730|헌태
54731|기중
54732|애호하다
54733|말캉
54734|장향
54735|잔악무도하다
54736|달천
54737|새들다
54738|카레이싱
54739|남파
54740|댕이
54741|대밭
54742|묘주
54743|감삼다
54744|쟁점화되다
54745|무궁
54746|재입사하다
54747|공박하다
54748|대활약하다
54749|평작
54750|가도되다
54751|금권
54752|쾌조
54753|맹호
54754|베젤리스
54755|수방
54756|죽간
54757|영영히
54758|페르디난트
54759|감세하다
54760|오류투성이
54761|이월하다
54762|툭탁거리다
54763|은크루마
54764|탄탄
54765|프리시즌
54766|추동
54767|십자드라이버
54768|주동하다
54769|경화증
54770|오버타임
54771|몸바사
54772|탈곡하다
54773|오토메이션
54774|대담성
54775|중모
54776|협박조
54777|환상곡
54778|비쭉거리다
54779|데모스테네스
54780|설로인
54781|황톳빛
54782|살리에리
54783|직첩
54784|완역
54785|컨버전스
54786|폭사
54787|장철
54788|부기맨
54789|주리다
54790|전통미
54791|온천하다
54792|하이드레이트
54793|규격화
54794|현지
54795|후회막급
54796|혼맥
54797|다원화되다
54798|존함
54799|삿
54800|길닿다
54801|의기소침
54802|교표
54803|사색적
54804|혼탁
54805|야시꾸리하다
54806|납부되다
54807|야합하다
54808|명두
54809|회백질
54810|대거리하다
54811|껄렁
54812|키몬
54813|모시옷
54814|아슐람
54815|이상스레
54816|분영
54817|하잔
54818|영험
54819|시성
54820|포철
54821|내객
54822|빈출
54823|대춘
54824|일필휘지
54825|짜디짜다
54826|반비
54827|일상화하다
54828|범재
54829|폭팔
54830|동내
54831|정유하다
54832|훙커우
54833|사입하다
54834|벌쭉
54835|뢰
54836|추지다
54837|볼테라
54838|등산가
54839|일익
54840|농수산
54841|찰그랑거리다
54842|유차
54843|나라시
54844|쪼그라지다
54845|실과
54846|한가득하다
54847|다극
54848|네리
54849|여군
54850|극락세계
54851|통첩하다
54852|장안성
54853|중저
54854|세척되다
54855|옷가지
54856|메네스
54857|식민지화하다
54858|오물오물하다
54859|게르하르트
54860|실측하다
54861|유념
54862|우인
54863|빵지
54864|바득
54865|스레
54866|하이드록시클로로퀸
54867|인보이스
54868|설피
54869|비케이
54870|버석하다
54871|스크루드라이버
54872|입감
54873|응봉
54874|쵸크
54875|습윤
54876|도레
54877|엄금
54878|푸석푸석
54879|무리다
54880|우렁우렁하다
54881|철커덩
54882|아롱지다
54883|제윤
54884|후고구려
54885|문객
54886|풀약
54887|짭짭거리다
54888|군공
54889|소고
54890|준수
54891|고기밥
54892|잡동산이
54893|막쓰다
54894|득의
54895|과신
54896|발기발기
54897|촌시럽다
54898|늘
54899|미니트맨
54900|아스타나
54901|헤벌어지다
54902|중괄호
54903|부도내다
54904|이소트레티노인
54905|내입
54906|탈렌트
54907|모슬린
54908|통교
54909|안티고네
54910|물장구치다
54911|귀울
54912|강기
54913|뽀사지다
54914|애크러뱃
54915|본동
54916|어매
54917|스패출러
54918|울적
54919|장호원
54920|진호
54921|악다물다
54922|그런지
54923|키들거리다
54924|침중하다
54925|렌당
54926|레기온
54927|공증인
54928|끌올
54929|자원입대하다
54930|몽둥이질
54931|화급
54932|장광
54933|비담
54934|목기
54935|요쯤
54936|치근거리다
54937|심우
54938|나진
54939|살륙
54940|진밥
54941|혼곤하다
54942|등용되다
54943|달각달각
54944|양양하다
54945|제너럴리스트
54946|클라우디우스
54947|유딩
54948|허니브레드
54949|지르박
54950|탠덤
54951|태슬
54952|의심나다
54953|유위
54954|노킹
54955|범절
54956|누벨바그
54957|속독하다
54958|위축하다
54959|카라바조
54960|균질하다
54961|개수하다
54962|폐관하다
54963|멀뚱멀뚱하다
54964|맹폭
54965|앆
54966|찰
54967|따부
54968|테레즈
54969|고유섭
54970|포트레이트
54971|대런
54972|웽웽
54973|맏손자
54974|답서
54975|페샤와르
54976|봉송되다
54977|부임지
54978|개봉관
54979|셀프서비스
54980|수분양자
54981|머취
54982|초리
54983|변위
54984|목석같다
54985|짓찧다
54986|사려
54987|파시
54988|인친
54989|콩소메
54990|획일성
54991|쿠르릉
54992|구신
54993|일안
54994|암양
54995|뽀르다
54996|신립
54997|지혈대
54998|희상
54999|호화판
55000|난맥
55001|주강
55002|만담
55003|시큼시큼하다
55004|들볶이다
55005|게을러터지다
55006|음용수
55007|정규적
55008|입때
55009|그니
55010|눈물자국
55011|금창
55012|염세
55013|스쿠프
55014|스크리브
55015|종결짓다
55016|여로
55017|지려하다
55018|도리아
55019|부어지다
55020|가려워하다
55021|응결
55022|후연
55023|영세업자
55024|출옥
55025|계열화
55026|미우다
55027|문화어
55028|공중위생
55029|준적
55030|배급제
55031|주울
55032|능가
55033|매양
55034|순검
55035|검붉어지다
55036|상록
55037|문씨
55038|견성
55039|저능하다
55040|업력
55041|칼뱅
55042|타키온
55043|하모니
55044|총망라되다
55045|속말
55046|시달하다
55047|수치화되다
55048|포탈하다
55049|분관
55050|피나스테리드
55051|글방
55052|꽃분홍색
55053|처트
55054|회맹
55055|산야
55056|이슈화하다
55057|청귤
55058|퍼블리시스트
55059|악한
55060|미트다
55061|역술가
55062|귀뜸하다
55063|경혈
55064|지도서
55065|혼천시계
55066|흘긋거리다
55067|지청구
55068|아마도
55069|윗글
55070|홍탁
55071|인해
55072|어즙
55073|숫
55074|방금하다
55075|회상되다
55076|데이노케이루스
55077|받이
55078|내소
55079|벽제
55080|염불하다
55081|엠네스티
55082|생소
55083|똥글똥글하다
55084|거기다가
55085|근하신년
55086|뒤치다
55087|관형어
55088|원위치하다
55089|비골
55090|도열
55091|화점
55092|과묵
55093|봉명
55094|골질
55095|홀터
55096|시푸다
55097|아나돗
55098|포섬
55099|스패니얼
55100|범죄성
55101|다랭이
55102|제개
55103|수욕
55104|거둥
55105|선적되다
55106|네하다
55107|슬세권
55108|루비콘강
55109|구조화되다
55110|껀덕지
55111|돌려깎기
55112|만금
55113|비국
55114|복잡스럽다
55115|반로
55116|감시인
55117|세분되다
55118|괴멸되다
55119|포토리얼리즘
55120|벌리
55121|분분히
55122|독수
55123|오유
55124|오악사카
55125|계교
55126|용고
55127|절대량
55128|남옥
55129|하이얗다
55130|홍동백서
55131|통시
55132|페투치니
55133|일람표
55134|끼야악
55135|산해
55136|카마이클
55137|인삼차
55138|안직
55139|위스콘신대
55140|피니싱
55141|설영
55142|처가집
55143|신전하다
55144|광산촌
55145|흐늘흐늘하다
55146|기변
55147|모든
55148|젯밥
55149|종필
55150|도둑놈의갈고리
55151|재조정되다
55152|출범되다
55153|눈짐작
55154|철퍽철퍽
55155|물메기탕
55156|카스텔
55157|상징화하다
55158|빙점
55159|딱쟁이
55160|북변
55161|최우선시하다
55162|황화
55163|관부
55164|통천
55165|앙헬레스
55166|리버서블
55167|이태리어
55168|조홍
55169|오비도메
55170|성교하다
55171|격앙
55172|륵
55173|최우선하다
55174|조랑
55175|조잘대다
55176|에뮬
55177|재편성하다
55178|창저우
55179|무간지옥
55180|경황없다
55181|딱지치기하다
55182|치카치카하다
55183|위편
55184|규탁
55185|조련
55186|계몽적
55187|품팔이
55188|회정
55189|복위하다
55190|김현승
55191|공초
55192|처단되다
55193|롱기
55194|친왕
55195|측풍
55196|왕피천
55197|에이아이
55198|허탕하다
55199|이근택
55200|약침
55201|도탑다
55202|사닥다리
55203|블로섬
55204|각등
55205|톡소플라즈마
55206|땡추
55207|숯검댕이
55208|뚝배기
55209|홉뜨다
55210|통탄스럽다
55211|관변
55212|판동
55213|순연되다
55214|군제
55215|컵케익
55216|그레이트데인
55217|희디희다
55218|운서
55219|빙시
55220|소유되다
55221|적요하다
55222|구룽
55223|코민테른
55224|오락물
55225|로벨리아
55226|돋을새김
55227|고깃간
55228|뻘게지다
55229|점호하다
55230|명안
55231|팬하다
55232|좀약
55233|이인범
55234|고바우
55235|재편집하다
55236|문제작
55237|내렵다
55238|쓰고나서다
55239|낙향
55240|감상자
55241|파죽
55242|침통
55243|종금사
55244|너부러지다
55245|후행
55246|한풀이하다
55247|총화
55248|밀매하다
55249|초야
55250|지디피
55251|선문답
55252|방술
55253|석강
55254|심대하다
55255|모더레이터
55256|장바닥
55257|타이폰
55258|쇼티
55259|요사
55260|라플란드
55261|시생
55262|리처즈
55263|악궁
55264|수난사
55265|광음
55266|출발되다
55267|합승하다
55268|석좌
55269|비오
55270|카운터파트
55271|화용
55272|빙기
55273|제일주의
55274|미운
55275|그레코
55276|좃
55277|구슬피
55278|톡소포자충
55279|솔개
55280|느억미아
55281|바이알
55282|워미
55283|셸링
55284|찬가
55285|통나무배
55286|바카날
55287|토관
55288|내리가다
55289|가윗날
55290|좌평
55291|헤파
55292|듣게다
55293|다이아나
55294|키나발루산
55295|패이다
55296|애프터버너
55297|용흥
55298|비색
55299|심음
55300|쾨쾨
55301|역지사지하다
55302|조야하다
55303|뉴로피드백
55304|빠득빠득
55305|실추하다
55306|위정하다
55307|신남
55308|경국지색
55309|탐라국
55310|본전치기
55311|빨딱
55312|푸학
55313|재롱떨다
55314|장발하다
55315|장농
55316|들새
55317|휴대품
55318|토사곽란
55319|단교하다
55320|현왕
55321|우공이산
55322|중범
55323|몰다비아
55324|혼담
55325|자율화되다
55326|송수신
55327|부고
55328|블랭킷
55329|난교
55330|구황
55331|자자
55332|메리노
55333|비연
55334|프로모
55335|야파
55336|묘기
55337|시펑
55338|사교장
55339|인의
55340|니르다
55341|연봇돈
55342|인토네이션
55343|객쩍다
55344|드라이플라워
55345|후지미
55346|콜드웰
55347|거민
55348|카치
55349|문명국가
55350|곁누르기
55351|근심되다
55352|하프시코드
55353|용히
55354|공쿠르
55355|감상주의
55356|바히
55357|탐식
55358|재부팅되다
55359|완등하다
55360|미지급되다
55361|몰염치하다
55362|거따
55363|보편화하다
55364|편종
55365|계후
55366|략
55367|연제
55368|동분서주
55369|애독하다
55370|즉다
55371|넬리다
55372|태실
55373|열없다
55374|각자도생하다
55375|재정비되다
55376|광복되다
55377|풀오버
55378|현학적
55379|캐번디시
55380|등치
55381|큰외삼촌
55382|국전
55383|굴종적
55384|어피
55385|아고라
55386|콤파스
55387|역안
55388|관운
55389|내파
55390|망량
55391|운봉
55392|타시
55393|진회
55394|불끈불끈하다
55395|가족주의
55396|전연
55397|활판
55398|맞붙이다
55399|관유
55400|지그소
55401|젬베
55402|훈방되다
55403|체현하다
55404|무시거
55405|황권
55406|가루다
55407|콘체르토
55408|넋두리하다
55409|타밀어
55410|신묵
55411|특강하다
55412|롤오프
55413|호미니
55414|종막
55415|조카며느리
55416|열이다
55417|두터이
55418|천둥하다
55419|침우
55420|미의식
55421|쑹
55422|명덕
55423|연생
55424|중언부언하다
55425|소곤대다
55426|원예
55427|현대성
55428|제조일
55429|우연성
55430|불용
55431|큰사랑
55432|운집
55433|소크
55434|켓
55435|작계
55436|산입
55437|쾨쾨하다
55438|담음
55439|코티솔
55440|적금하다
55441|팔레르모
55442|카공
55443|바큇살
55444|고급화하다
55445|협진
55446|풍로
55447|로모
55448|빤짝거리다
55449|몰핀
55450|초고
55451|업진
55452|오버슈즈
55453|맛저
55454|파르티잔
55455|여의
55456|더이
55457|전타
55458|백린
55459|박절하다
55460|등사
55461|저학력
55462|중가
55463|홀로되다
55464|프라이밍
55465|야자하다
55466|수어드
55467|기순
55468|운송업자
55469|전랑
55470|소낭
55471|또이또이
55472|거병하다
55473|찬조금
55474|운심
55475|게바라
55476|세삼
55477|몽골피에
55478|중화상
55479|콜로디
55480|북교
55481|미련스럽다
55482|출토품
55483|기율
55484|쾌속선
55485|돌사자
55486|경로석
55487|안저
55488|끽끽대다
55489|병단
55490|애그플레이션
55491|월인천강지곡
55492|절뚝
55493|선철
55494|투르쿠
55495|지토
55496|오생
55497|은각사
55498|통편집하다
55499|컨트랙트
55500|타스만
55501|간당하다
55502|프렐류드
55503|매니폴드
55504|하바리
55505|꼬나쥐다
55506|연고지
55507|초단
55508|떠다밀다
55509|과슈
55510|추상화하다
55511|북엔드
55512|신희
55513|파렴치
55514|대바구니
55515|살창
55516|원삼
55517|승탑
55518|찰그랑
55519|적멸보궁
55520|원윳값
55521|늦추어지다
55522|인동
55523|모랫길
55524|불연성
55525|리플릿
55526|안고
55527|농수축산물
55528|길시
55529|새복
55530|타이가
55531|수공업자
55532|보도진
55533|백척간두
55534|조달되다
55535|퍼트하다
55536|강압하다
55537|문제시되다
55538|곡해
55539|고결
55540|로킹
55541|단해
55542|평결하다
55543|레이징
55544|반듯반듯
55545|해죽
55546|스노든
55547|류머티스
55548|쉬엄
55549|질리
55550|검소
55551|카르니틴
55552|단면도
55553|변별하다
55554|시골스럽다
55555|두껍
55556|식상
55557|어영
55558|인후
55559|좀하다
55560|호엔하임
55561|호덕
55562|군검
55563|금녀
55564|변화무쌍
55565|생매장되다
55566|큰누님
55567|통틀다
55568|브로이어
55569|마리노
55570|수퍼맨
55571|구철
55572|타호
55573|영진위
55574|무저항
55575|시커매지다
55576|급거
55577|심법
55578|길짐승
55579|관서
55580|낼름거리다
55581|나래
55582|산탄
55583|달아오다
55584|대동단결하다
55585|의붓남매
55586|외떨어지다
55587|꿀돼지
55588|건넛마을
55589|닭살스럽다
55590|핵융합로
55591|처녀작
55592|응사
55593|꽃꽂이하다
55594|알카라인
55595|츤츤
55596|증설되다
55597|운필
55598|속절없다
55599|참방참방
55600|재봉하다
55601|하이드로퀴논
55602|고역스럽다
55603|균역법
55604|고춧대
55605|좌르륵
55606|카이만
55607|개르다
55608|바둥바둥
55609|말끔
55610|인군
55611|주더만
55612|길막하다
55613|재주넘다
55614|투표함
55615|출원되다
55616|먹자
55617|중과부적
55618|이별주
55619|흡착되다
55620|참신성
55621|쏘쿠다
55622|정형하다
55623|발통
55624|동호
55625|경업
55626|검인
55627|대결장
55628|체계성
55629|건교부
55630|스트레인
55631|연재소설
55632|도까다
55633|로스차일드
55634|미일
55635|유메
55636|행매
55637|처자빠지다
55638|누범
55639|공공하다
55640|왕겨
55641|허풍스럽다
55642|마이셀
55643|가나
55644|등한시
55645|구나
55646|붕산
55647|폴짝거리다
55648|하움
55649|제올라이트
55650|스탕달
55651|띵언
55652|와리
55653|실축
55654|허기사
55655|자로
55656|목공예
55657|전토
55658|지근
55659|퇴위하다
55660|노면
55661|크립
55662|서진하다
55663|침방
55664|형태소
55665|음복
55666|재청하다
55667|금생
55668|뚜르
55669|움찔대다
55670|세느강
55671|블리다
55672|완봉
55673|화급하다
55674|투레
55675|뒤부아
55676|이글이글하다
55677|조음
55678|환석
55679|증강되다
55680|슐리만
55681|간석지
55682|득녀
55683|소목
55684|곤고다
55685|가압류하다
55686|폰드
55687|기투
55688|니가다
55689|구휼
55690|조림하다
55691|찬동
55692|분무하다
55693|마차도
55694|송홧가루
55695|백열
55696|바바리코트
55697|이차원
55698|투타
55699|기낭
55700|김칫독
55701|쇠파리
55702|체수
55703|거슈윈
55704|딥다
55705|종암
55706|아레나
55707|곡하다
55708|서교
55709|에일리어싱
55710|에그머니
55711|엠비
55712|참선하다
55713|막촬
55714|일성정시의
55715|쉬시
55716|도바리
55717|병기되다
55718|거명
55719|이피
55720|교향악
55721|용트림
55722|담구
55723|관족
55724|성혼
55725|연대순
55726|디티아이
55727|디제잉하다
55728|맞닥트리다
55729|버석버석하다
55730|저디
55731|신래
55732|후들후들하다
55733|셀레스티나
55734|소나
55735|북침
55736|발췌되다
55737|저우
55738|신원하다
55739|작명가
55740|지구의
55741|구족하다
55742|영유하다
55743|유남
55744|륜차
55745|현웃
55746|프로토케라톱스
55747|브로일러
55748|정신노동
55749|양도성
55750|보림
55751|그덕
55752|수키와
55753|항타기
55754|문방사우
55755|성사하다
55756|어형
55757|해롱거리다
55758|인스브루크
55759|통실통실하다
55760|강강수월래
55761|냉증
55762|데포르메
55763|관역
55764|감시되다
55765|할증료
55766|란저우
55767|스케일링하다
55768|협죽도
55769|정붙이다
55770|때여가다
55771|도넛츠
55772|편경
55773|에티엔
55774|파쇼
55775|철야하다
55776|경찰하다
55777|헬파이어
55778|귀뜸
55779|데마
55780|외르스테드
55781|스카이웨이
55782|서단
55783|언체이
55784|아궁
55785|학상
55786|승나다
55787|진궁
55788|근다
55789|꿀렁꿀렁하다
55790|킬바사
55791|가락국수
55792|줄어지다
55793|손아랫사람
55794|일엽편주
55795|면죄
55796|방제하다
55797|월등
55798|누규
55799|오용되다
55800|평성
55801|후비적거리다
55802|덜렁덜렁하다
55803|폐물
55804|편재
55805|한타바이러스
55806|유료화되다
55807|홍구
55808|추계하다
55809|비동기
55810|접객하다
55811|탁도
55812|가세다
55813|페달링
55814|분당하다
55815|사름
55816|미납되다
55817|육절기
55818|레시틴
55819|준일
55820|세계화하다
55821|육아법
55822|뽀시락
55823|진짜로
55824|별주
55825|삭구
55826|바라다보이다
55827|절주
55828|비저
55829|쇄도
55830|김나지움
55831|약산
55832|신후
55833|반나
55834|품앗이하다
55835|월천
55836|청백리
55837|코퍼스
55838|정형시
55839|번뇌하다
55840|필중
55841|창관
55842|의사하다
55843|다말다
55844|여적지
55845|허랑방탕하다
55846|파네토네
55847|갈루아
55848|도나텔로
55849|갈래길
55850|법장
55851|올비
55852|칠판지우개
55853|서변
55854|당성
55855|촉지
55856|에끼
55857|대폿집
55858|후룩후룩
55859|선수하다
55860|기웃기웃하다
55861|확진하다
55862|어야디야
55863|무전하다
55864|어쿠스틱하다
55865|남학교
55866|모디슈머
55867|조사
55868|쌍성
55869|윤주
55870|지계
55871|교살되다
55872|칼싸움하다
55873|신통찮다
55874|톨레도
55875|느긋느긋
55876|성검
55877|성호
55878|쏠배감펭
55879|간선제
55880|백광
55881|경작되다
55882|기름투성이
55883|헤르페스
55884|고코
55885|생가죽
55886|내려쓰다
55887|아메리칸드림
55888|배리다
55889|검차
55890|스믈스믈
55891|취수
55892|향청
55893|속앓이하다
55894|랑군
55895|뽈뽈거리다
55896|투서하다
55897|탁구하다
55898|초조히
55899|목적격
55900|화끈화끈
55901|약실
55902|글로켄슈필
55903|북어포
55904|곡주
55905|영욕
55906|쇠귀
55907|사랑싸움하다
55908|재령
55909|다이도
55910|수귀
55911|카운트되다
55912|짜리몽땅하다
55913|송구영신
55914|페히슈타인
55915|할마씨
55916|파들거리다
55917|연박
55918|젯
55919|패주하다
55920|코뿔새
55921|미납금
55922|대갈장군
55923|굽이
55924|짜랑짜랑하다
55925|용동
55926|엔강이
55927|불만스레
55928|제막
55929|탄두리치킨
55930|삼청
55931|웨트슈트
55932|총제
55933|안전도
55934|빠글빠글
55935|공정히
55936|클레임
55937|먹어나다
55938|연의
55939|폐계
55940|코메디언
55941|페이소스
55942|코빗
55943|서양사
55944|골두
55945|샌드페이퍼
55946|고적
55947|펀하다
55948|화양
55949|동유
55950|여실하다
55951|당자
55952|서서하다
55953|방상
55954|행배
55955|필드하키
55956|바닥없다
55957|곤궁
55958|허접스럽다
55959|작명하다
55960|수오지심
55961|마른김
55962|저메인
55963|교조적
55964|변태하다
55965|보감
55966|떡심
55967|어지다
55968|언관
55969|재투표하다
55970|갯골
55971|린치
55972|미다졸람
55973|유흥업
55974|신미
55975|골아떨어지다
55976|도계
55977|백봉
55978|로톤다
55979|블로커
55980|괴사되다
55981|끓어넘치다
55982|뭐라카다
55983|망설
55984|헤벨
55985|샤쓰
55986|살무사
55987|안타까이
55988|가데
55989|성무
55990|지끄다
55991|랜드스케이프
55992|크로스바
55993|주물럭주물럭
55994|맞고발하다
55995|피케팅
55996|사로
55997|더즈
55998|아랄해
55999|노호하다
56000|연짱
56001|쑤석거리다
56002|굽신대다
56003|다가붙다
56004|천원지방
56005|배차되다
56006|준동하다
56007|문교
56008|듀레이션
56009|칼부림하다
56010|재정되다
56011|눈뜬장님
56012|얀데레
56013|키체
56014|성순
56015|암묵
56016|애슬레저
56017|짝눈
56018|침잠
56019|호치민시
56020|프로비던스
56021|변속하다
56022|허양
56023|송학
56024|몸풀다
56025|벳기다
56026|되지
56027|팔작지붕
56028|물까마귀
56029|세광
56030|비밀이
56031|면책되다
56032|려제
56033|나세르
56034|재테크하다
56035|남혐
56036|매료당하다
56037|집전
56038|불유쾌하다
56039|수구파
56040|절단나다
56041|진통하다
56042|죽는소리
56043|제닉스
56044|마니마니
56045|오도독오도독
56046|아테
56047|쿠사리
56048|선디
56049|타율적
56050|동측
56051|배척되다
56052|북군
56053|선반영되다
56054|수크령
56055|남벌
56056|비올레타
56057|정두
56058|홈베이킹
56059|격월
56060|심천
56061|볼음도
56062|꿈적
56063|연로
56064|퀘스트라
56065|취뽀
56066|멀겋다
56067|분방하다
56068|염모
56069|오역하다
56070|나뭇짐
56071|광질
56072|순주
56073|두르가
56074|강종
56075|의생
56076|샌드버그
56077|자소
56078|내리놓다
56079|흘끔대다
56080|최현배
56081|홑청
56082|칠리오일
56083|아더왕
56084|맵쌀
56085|차용되다
56086|거덜
56087|마르두크
56088|상운
56089|나뭇등걸
56090|대역전승
56091|기회주의
56092|범포
56093|중뇌
56094|대패질
56095|명예퇴직하다
56096|신경과
56097|애탕
56098|트임
56099|포학
56100|그만그만하다
56101|세빛둥둥섬
56102|폐간
56103|올빽
56104|외근하다
56105|수회
56106|아약스
56107|마후라
56108|감로
56109|타작하다
56110|향주
56111|타위
56112|할랄
56113|변군
56114|점철
56115|기니
56116|장쾌하다
56117|구명대
56118|부억
56119|어머이
56120|묵인되다
56121|굿거리장단
56122|위령
56123|시머
56124|싸다니다
56125|송선
56126|운동모자
56127|불꽃놀이하다
56128|태만히
56129|털사
56130|합스부르크가
56131|천진스럽다
56132|도미오카
56133|백악
56134|황무하다
56135|탐보
56136|토마틴
56137|대단
56138|화무십일홍
56139|차등하다
56140|아비시니아
56141|비인간성
56142|대옥
56143|외제품
56144|그로테스크
56145|네케르
56146|밀통
56147|비티에스
56148|기때
56149|찰칵거리다
56150|가짓줄
56151|고아내다
56152|사증
56153|물납
56154|햇밥
56155|애물
56156|졸혼하다
56157|더한층
56158|노오력
56159|광림
56160|한란
56161|짓부수다
56162|나바로
56163|노르다
56164|단방
56165|보르트
56166|교회하다
56167|베르무트
56168|취구
56169|애체
56170|리언
56171|크라우스
56172|박토
56173|페이스오프
56174|추전
56175|피전
56176|긴수염고래
56177|한번
56178|디코더
56179|풍덩하다
56180|저깟
56181|메르코수르
56182|맨스필드
56183|주으
56184|가베
56185|소녀스럽다
56186|불어먹다
56187|쇄빙
56188|찟다
56189|바나헤임
56190|배봉산
56191|패싸움하다
56192|강주하다
56193|일장춘몽
56194|경험되다
56195|어거
56196|장리
56197|신생국
56198|육식하다
56199|갑시
56200|복속하다
56201|박한
56202|브뤼헐
56203|보꾸
56204|상비하다
56205|자포
56206|자기모순
56207|안연
56208|벨튀
56209|우당탕하다
56210|게중
56211|재래종
56212|뇌다
56213|등위
56214|문송하다
56215|해로하다
56216|에뻐다
56217|문세
56218|압화
56219|터움바
56220|코번트리
56221|에어로크
56222|꼬롬하다
56223|발육하다
56224|옹성
56225|캐싱
56226|판정패
56227|에우리피데스
56228|다시다
56229|매천
56230|본과
56231|경홀히
56232|마르카
56233|선종하다
56234|낭시
56235|조직망
56236|흑기
56237|국역
56238|급파
56239|히메네스
56240|버거리
56241|선결제하다
56242|파파야
56243|택일하다
56244|돈내코
56245|큰머리
56246|라스푸틴
56247|허드레
56248|킥라니
56249|잘그다
56250|바지랑대
56251|인스펙터
56252|순배
56253|사략
56254|강퍅하다
56255|맹연습하다
56256|희푸르다
56257|치려
56258|맹모삼천지교
56259|실습비
56260|무료화하다
56261|주향
56262|제록스
56263|근이완제
56264|넝마주이
56265|앞표지
56266|붉은점모시나비
56267|허벅
56268|낙후하다
56269|시거
56270|버지
56271|먼
56272|보운
56273|주뼛주뼛
56274|구금자
56275|아비도스
56276|불법화하다
56277|동판화
56278|무천
56279|격침되다
56280|로스토프나도누
56281|곽촌
56282|묵계
56283|달곰이
56284|브레히트
56285|운반비
56286|배숙
56287|당과
56288|재분류되다
56289|함박꽃
56290|릴롱궤
56291|철수되다
56292|망둑어
56293|하이픈
56294|총기하다
56295|큰조카
56296|무시험
56297|악곡
56298|가뭇없이
56299|변인
56300|작가하다
56301|아깽이
56302|김채
56303|레이다
56304|인티
56305|승석
56306|영상화하다
56307|남향집
56308|프로포션
56309|종횡
56310|생식하다
56311|팁스
56312|수변
56313|가증
56314|묵고살다
56315|언타이틀
56316|만지작만지작
56317|특무
56318|그로버
56319|죽령
56320|오르도스
56321|마쓰리
56322|탬핑
56323|숙연
56324|각출하다
56325|프리토리아
56326|따가닥
56327|불귀
56328|칼퇴근하다
56329|모래투성이
56330|연곡
56331|합가
56332|흐릿흐릿하다
56333|자욱히
56334|자하다
56335|살류트
56336|회절
56337|쇼무
56338|시기다
56339|맞비비다
56340|베두인족
56341|내재화하다
56342|연파하다
56343|이래
56344|시앙
56345|군사학
56346|퇴정하다
56347|경이로움
56348|와이오밍주
56349|주근깨투성이
56350|차차차차
56351|소꿉
56352|마일리지
56353|병용하다
56354|주르륵주르륵
56355|도석
56356|우안
56357|후비
56358|견고
56359|베릴륨
56360|파지하다
56361|일사불란
56362|새이
56363|보링
56364|시어지다
56365|철썩거리다
56366|연유하다
56367|머제스틱
56368|수화하다
56369|샬라샬라
56370|플래퍼
56371|정과
56372|길고
56373|편도선
56374|뾰족이
56375|막노동하다
56376|개근하다
56377|중매하다
56378|마구리
56379|짐차
56380|실팍하다
56381|은봉
56382|예인되다
56383|지시되다
56384|작은북
56385|복약
56386|목함
56387|순시하다
56388|스팅레이
56389|일제
56390|어울러지다
56391|위풍
56392|백워드
56393|먼지털이
56394|겐세이
56395|파이톤
56396|굴림
56397|합력
56398|죽장
56399|농업국
56400|하직
56401|마키아벨리즘
56402|수군수군하다
56403|탈구되다
56404|무탈히
56405|잠다
56406|세토우치
56407|나약
56408|위문하다
56409|세잎클로버
56410|크로사
56411|아세아
56412|희랍
56413|양천
56414|재대결하다
56415|크로노그래프
56416|스테인
56417|얼척없다
56418|나물다
56419|아쿠아로빅
56420|베치
56421|비엠
56422|리보
56423|에릅다
56424|정택
56425|송수신하다
56426|추상성
56427|싸돌아댕기다
56428|으쓱대다
56429|열반하다
56430|출발역
56431|후두두
56432|기환
56433|무초
56434|가경
56435|한광
56436|근경
56437|임나일본부설
56438|메조소프라노
56439|뒷북치다
56440|반북
56441|이바노프
56442|딱쥐
56443|지식층
56444|간편히
56445|슬랫
56446|신장개업하다
56447|자활
56448|권가
56449|까불까불하다
56450|오뚝
56451|할아버이
56452|벱
56453|점저
56454|네트웍
56455|피동문
56456|평화로이
56457|예테보리
56458|경제부장
56459|보프
56460|정위
56461|길음
56462|진객
56463|중과하다
56464|후두리다
56465|격하하다
56466|규표
56467|자차이
56468|제깟
56469|따아
56470|레리
56471|바사리
56472|깜이
56473|볼라드
56474|부당
56475|와글와글하다
56476|재평가되다
56477|흡수성
56478|미네랄워터
56479|미련퉁이
56480|서옥
56481|생고기
56482|코더
56483|반인륜
56484|투스텝
56485|견식
56486|이삐다
56487|겨터파크
56488|당체
56489|들여앉히다
56490|제장
56491|중배
56492|박이다
56493|잠자다
56494|티엠아이
56495|흡연석
56496|티밀다
56497|심줄
56498|그로트
56499|실재
56500|아가일
56501|울루루
56502|일등병
56503|휨퍼
56504|송미령
56505|낭두
56506|야설
56507|강소
56508|연우
56509|흙담
56510|학구파
56511|디모인
56512|푸르릉거리다
56513|먹고사니즘
56514|기업주
56515|금사
56516|아주바이
56517|호암
56518|여차저차하다
56519|감옥살이하다
56520|내음새
56521|몰려나다
56522|도승
56523|루손섬
56524|퀘이사
56525|뽄새
56526|맥아더
56527|에니악
56528|회유책
56529|홍점
56530|중요
56531|두입
56532|예석
56533|하자하다
56534|삼아
56535|교접
56536|고소리
56537|무정형
56538|물탄
56539|묵은해
56540|리틀록
56541|양순하다
56542|어좁이
56543|완경
56544|빈통
56545|카제인
56546|적이
56547|본소
56548|수송차
56549|향안
56550|똘기
56551|간여하다
56552|보임
56553|비잔티움
56554|자반
56555|소비액
56556|연보하다
56557|어내
56558|버석버석
56559|다리미질
56560|대제전
56561|양박
56562|무국적
56563|호턴
56564|전영
56565|공맹
56566|대단찮다
56567|이보라우
56568|치희
56569|칠전팔기
56570|보하다
56571|동진하다
56572|삽사리
56573|여풍
56574|입신하다
56575|애배
56576|글로스터
56577|월권행위
56578|일훈
56579|노틸러스호
56580|초탈하다
56581|세계상
56582|수습사원
56583|에이킨
56584|민락동
56585|새새끼
56586|일없이
56587|클라리온
56588|효광
56589|짜잔하다
56590|혼란되다
56591|빈차
56592|운디네
56593|수개
56594|흑축
56595|핑거팁
56596|사르다르
56597|칠링하다
56598|학관
56599|세빗
56600|비소설
56601|군요
56602|꿀비
56603|플리피
56604|중난산
56605|몬둥이
56606|도미네이터
56607|코엔
56608|구부러뜨리다
56609|조유
56610|쉬야하다
56611|대방출하다
56612|술타령
56613|이인칭
56614|골대
56615|달갑잖다
56616|전장터
56617|복신
56618|가증히
56619|관법
56620|차우더
56621|형양
56622|산패
56623|여간내기
56624|압독국
56625|에이에스
56626|캐즘
56627|숙비
56628|땡글땡글하다
56629|공고화하다
56630|증착되다
56631|형성기
56632|일월성신
56633|기속
56634|맞상대하다
56635|멀
56636|저따구
56637|둘레둘레
56638|일독
56639|그르
56640|종진
56641|넼
56642|으르신
56643|무그
56644|꽃삽
56645|운라
56646|통사정하다
56647|오덴세
56648|특집극
56649|자이빙
56650|벽채
56651|일껏
56652|뽀통령
56653|대속
56654|착상하다
56655|똥그래지다
56656|평편하다
56657|허친슨
56658|입신
56659|매직컬
56660|화페
56661|휭휭
56662|태리
56663|밀러
56664|변한
56665|제홍
56666|멸치젓
56667|뷰글
56668|커마
56669|직벽
56670|등탑
56671|개돌
56672|문전박대하다
56673|호미질
56674|토박이말
56675|뱅그르르
56676|에우로페
56677|전이하다
56678|들다보다
56679|걸식하다
56680|타이프
56681|피둥피둥
56682|성천
56683|썹
56684|호혜
56685|라소
56686|밀쳐놓다
56687|사혈
56688|색판
56689|대도무문
56690|파다닥
56691|휘발하다
56692|버질
56693|궁곡
56694|갈메
56695|유로비전
56696|구남초
56697|비뚤비뚤하다
56698|애니미즘
56699|번질거리다
56700|삭풍
56701|춘추복
56702|오간자
56703|옥문
56704|겨우
56705|코리올리
56706|음운
56707|능멸
56708|은종
56709|베르사이유
56710|정상아
56711|컷백
56712|요새화되다
56713|목도
56714|베슬
56715|흘낏거리다
56716|슈하스코
56717|버머
56718|비은행권
56719|군교
56720|볼세
56721|팔각
56722|디미
56723|급격
56724|신파극
56725|게슈타포
56726|최중량급
56727|곤드레만드레
56728|따르릉따르릉
56729|세쿼이아
56730|니로
56731|재처리하다
56732|퇴청
56733|외소
56734|소읍
56735|거조
56736|동침
56737|일면
56738|맥브라이드
56739|처치되다
56740|스태커
56741|구름판
56742|자고
56743|의례히
56744|마눌
56745|하바롭스크
56746|호중
56747|옌센
56748|점정
56749|칼데아
56750|개회하다
56751|뒷손질
56752|번호순
56753|멀쑥하다
56754|헤징
56755|석유난로
56756|왝
56757|메치다
56758|닌지
56759|접착되다
56760|외통
56761|지하여장군
56762|글르다
56763|이등분하다
56764|주금
56765|슈타이너
56766|과용하다
56767|엘리야
56768|재밍
56769|극대
56770|팀메이트
56771|방댕이
56772|미분화
56773|애모
56774|외국식
56775|사산되다
56776|건넛방
56777|일괄하다
56778|주다
56779|날래날래
56780|구판장
56781|발퀴레
56782|겸비되다
56783|루프스
56784|긁어지다
56785|인디고
56786|애국정신
56787|반토
56788|히카와
56789|구깃구깃
56790|오독하다
56791|라퐁텐
56792|모도
56793|유두리
56794|방대
56795|내셔널리즘
56796|나들잇벌
56797|뱅기
56798|적치
56799|멋적다
56800|진교
56801|빙제
56802|머리꼭지
56803|쓰임
56804|처절히
56805|전무후무
56806|리자이나
56807|만담하다
56808|퍼석퍼석
56809|준수되다
56810|크낙새
56811|보고대회
56812|외항
56813|박약하다
56814|어긋맞다
56815|뚱땅거리다
56816|갱차
56817|가시나
56818|강도범
56819|지지지지
56820|여지다
56821|잡구
56822|불명하다
56823|유배지
56824|유바리
56825|화계
56826|지시문
56827|후드득후드득
56828|클라우지우스
56829|타기하다
56830|허전
56831|트리스테
56832|바들거리다
56833|보세다
56834|데바
56835|명문장
56836|마림바
56837|압지
56838|발치하다
56839|다육
56840|내면화
56841|적소
56842|가찹다
56843|보로부두르
56844|금패
56845|권호
56846|길보아
56847|대승하다
56848|바니시
56849|표기
56850|숲세권
56851|기산
56852|도굴되다
56853|고학
56854|뚝딱대다
56855|이상범
56856|바지직거리다
56857|안라
56858|마세다
56859|초수
56860|임팔라
56861|알타비스타
56862|애조
56863|이모지
56864|털퍼덕
56865|노략
56866|키니네
56867|뮤온
56868|나씨
56869|투약되다
56870|저릿저릿
56871|소집단
56872|호라산
56873|묘종
56874|상약
56875|숙사
56876|얼비치다
56877|동문수학하다
56878|이역
56879|자릿
56880|금판
56881|부닌
56882|새전하다
56883|우풍
56884|솔바람
56885|직주
56886|통해
56887|새살림
56888|수분하다
56889|퇴궐
56890|가산하다
56891|마전
56892|계속성
56893|바이오센서
56894|소왕국
56895|청진
56896|에네르기
56897|자연대
56898|무전여행
56899|염지하다
56900|불참자
56901|시궐
56902|몬터규
56903|불낙
56904|년중
56905|따루
56906|꼴값하다
56907|스포팅
56908|질녀
56909|페튜니아
56910|얼구다
56911|뱃멀미하다
56912|올뱅이
56913|괴이쩍다
56914|입금자
56915|장음
56916|하브루타
56917|재심하다
56918|구술하다
56919|달태
56920|조바심치다
56921|승병
56922|카리용
56923|티엠피
56924|살피
56925|페라이트
56926|들어박히다
56927|환기통
56928|강문
56929|뿡뿡거리다
56930|찌부러뜨리다
56931|복숭
56932|서첩
56933|승계되다
56934|좀팽이
56935|칸델라
56936|북천
56937|뒤영벌
56938|베스티
56939|카르페디엠
56940|술떡
56941|이시다
56942|가사다
56943|한글화되다
56944|헐
56945|할딱거리다
56946|한문학
56947|미끌리다
56948|헤브라이즘
56949|뒤낭
56950|슬래그
56951|중길
56952|케아다
56953|허담
56954|원재룟값
56955|인핸서
56956|효율화하다
56957|우치다
56958|한센
56959|그래브
56960|어물어물하다
56961|굴러나다
56962|틸라피아
56963|가변성
56964|개재하다
56965|춘석
56966|봉당
56967|섬라
56968|병구완
56969|쟁이
56970|코넥스
56971|형산
56972|도필
56973|간관
56974|노래상
56975|신탁하다
56976|곰지
56977|위생법
56978|식은밥
56979|옹위하다
56980|조특법
56981|직수
56982|닿소리
56983|하슬라
56984|덩덩
56985|행복동
56986|서반
56987|곰삭다
56988|응집하다
56989|헐떡대다
56990|제조사별
56991|언나
56992|넨
56993|인간다움
56994|아무러면
56995|위이
56996|절상
56997|케이오
56998|야곰야곰
56999|사서함
57000|자이나교
57001|희종
57002|단선적
57003|올레산
57004|헐떡
57005|파고다
57006|스리나가르
57007|은유하다
57008|미안스럽다
57009|치골
57010|갈구
57011|큰할아버지
57012|러셔
57013|서성
57014|코르덴
57015|경직하다
57016|마조히즘
57017|가태
57018|악조건
57019|닛코
57020|직직
57021|파렴치범
57022|사로스
57023|재발매하다
57024|석배다
57025|비근하다
57026|추경하다
57027|관병
57028|명륜
57029|애슈턴
57030|감퇴되다
57031|산천초목
57032|하책
57033|지적질하다
57034|늦되다
57035|벌채하다
57036|질하다
57037|공염불
57038|압사하다
57039|안산시장
57040|치돈
57041|상택
57042|범궐
57043|돌다보다
57044|하루바삐
57045|관측기
57046|해감
57047|봉쇄당하다
57048|아그레망
57049|녹색등
57050|패퇴하다
57051|동록
57052|너럭바위
57053|껄쩍지근하다
57054|석도
57055|보석방
57056|미역치
57057|공밥
57058|곤두
57059|아나폴리스
57060|재분류하다
57061|법보
57062|종연
57063|최지몽
57064|이기붕
57065|나례
57066|조광하다
57067|답신하다
57068|과몰입러
57069|피맺히다
57070|목금
57071|파제
57072|별내동
57073|리용
57074|격서
57075|흉금
57076|안면부
57077|시아주버니
57078|자한
57079|아라한
57080|패러글라이더
57081|암중
57082|원가
57083|홀소리
57084|펄라이트
57085|재정리하다
57086|이사금
57087|광열
57088|시날로아
57089|쥘부채
57090|생고무
57091|승홍
57092|엘티비
57093|잉키
57094|찬연하다
57095|물색없다
57096|오슬오슬
57097|가시투성이
57098|룽
57099|리밸런싱
57100|살빛
57101|모병하다
57102|소동하다
57103|달콤새콤하다
57104|으르렁하다
57105|과거지사
57106|등경
57107|낭지
57108|일찌거니
57109|그럭저럭하다
57110|보사
57111|덕평
57112|동화하다
57113|와삭와삭
57114|어질하다
57115|래쿤
57116|약첩
57117|엘링턴
57118|기악곡
57119|쌍창
57120|뻑적지근하다
57121|혼식
57122|미구
57123|뱀뱀이
57124|귀려
57125|구스다운
57126|콩장
57127|첨벙대다
57128|경제관
57129|시름하다
57130|대중없다
57131|총대장
57132|마정
57133|산상
57134|금병
57135|마찰되다
57136|웰다잉
57137|일진일퇴
57138|임연
57139|하짓날
57140|중방
57141|둘둘
57142|가로눕다
57143|대동맥류
57144|솔리스
57145|영구하다
57146|다찌
57147|바글대다
57148|충천
57149|둠벙
57150|화세
57151|도리안
57152|어찌저찌하다
57153|디기탈리스
57154|뒤엣것
57155|새배
57156|드릉드릉
57157|마파람
57158|광수용체
57159|쪽쪽대다
57160|유금
57161|군웅
57162|겉넓이
57163|쫄볶이
57164|한참
57165|개스킷
57166|마등
57167|반민주
57168|스웨이
57169|고아하다
57170|처미
57171|두남
57172|박명하다
57173|차식
57174|김치국물
57175|훠
57176|끼룩거리다
57177|매곡
57178|총집합하다
57179|역배
57180|약이
57181|쌍화점
57182|호롱
57183|타포
57184|크로마뇽인
57185|곡차
57186|구락부
57187|패블릿
57188|캇
57189|흙장난
57190|중후
57191|오음
57192|경후
57193|가겟집
57194|올란도
57195|박편
57196|무야
57197|엘릭시르
57198|여유로움
57199|재조
57200|타려
57201|마르틴
57202|까들다
57203|상팀
57204|까실하다
57205|표적기
57206|서양적
57207|모명
57208|청유문
57209|덕마
57210|큰사슴
57211|가열시키다
57212|인륜지대사
57213|호빗족
57214|보릿대
57215|개업의
57216|바둥대다
57217|젖무덤
57218|브레이스
57219|리스팅
57220|포닥
57221|수론
57222|희구하다
57223|모순투성이
57224|잔치상
57225|추인되다
57226|포실포실하다
57227|세인트조지
57228|은파
57229|두진
57230|코커
57231|부실화
57232|슈고
57233|업라이트
57234|버르적거리다
57235|한밑천
57236|용퇴하다
57237|봉디
57238|흑토
57239|난후
57240|까랑까랑하다
57241|다실
57242|도호
57243|모라
57244|투티
57245|마고자
57246|복작거리다
57247|튀빙겐
57248|함상
57249|가거
57250|카를로비바리
57251|닐다
57252|월셋집
57253|에르주룸
57254|퐁파두르
57255|튿어지다
57256|왕대
57257|부삽
57258|신격화되다
57259|하그리브스
57260|땅뙈기
57261|타탄
57262|피정
57263|탄현
57264|몰이해
57265|시운전하다
57266|발개지다
57267|에냉
57268|소추하다
57269|흰줄숲모기
57270|어패
57271|최적임자
57272|님버스
57273|로프웨이
57274|팔레비
57275|와자작
57276|더덩실
57277|쏠랑
57278|재러
57279|고비고비
57280|멸문하다
57281|요광
57282|최애하다
57283|고블
57284|편도선염
57285|대채
57286|방화수류정
57287|수리아
57288|소단원
57289|오얏
57290|염매
57291|한탄스럽다
57292|프라운호퍼
57293|부비새
57294|장년기
57295|믹마스
57296|배역하다
57297|자글거리다
57298|분노심
57299|학소
57300|허무주의자
57301|실레
57302|노비촉
57303|간빙기
57304|뒷감당하다
57305|속엣말
57306|우혜리
57307|법어
57308|협약하다
57309|야시시하다
57310|시뇨리지
57311|예시하다
57312|싸납다
57313|풍동
57314|분규
57315|오붓이
57316|만다린
57317|청학
57318|도화지
57319|초적
57320|착잡
57321|지도급
57322|사관생도
57323|취역하다
57324|지송하다
57325|무사태평하다
57326|휴양소
57327|제비족
57328|바라문
57329|조공하다
57330|불순분자
57331|핑거링
57332|멧새
57333|방화하다
57334|근년
57335|혼돈되다
57336|참고되다
57337|투아
57338|아보가드로
57339|저당권
57340|벽파
57341|브레송
57342|흐루쇼프
57343|본기
57344|유기인제
57345|피해하다
57346|꿇어앉히다
57347|애구
57348|애상
57349|밥장사
57350|락토페린
57351|자연하다
57352|올버니
57353|바르가스
57354|파레토
57355|극좌파
57356|유치찬란하다
57357|다재
57358|낮은음
57359|과도기
57360|속닥대다
57361|글루온
57362|셋잇단음표
57363|고익
57364|임단협
57365|분질러지다
57366|얼씨
57367|곧이듣다
57368|혜복
57369|기죽이다
57370|참리
57371|백우
57372|배드랜드
57373|코방귀
57374|통자
57375|차등화하다
57376|쏴
57377|묵동
57378|도안하다
57379|개골개골
57380|광소
57381|하만
57382|도덕관
57383|따분
57384|세에
57385|귀접
57386|요고
57387|여음
57388|임군
57389|옥편
57390|울스턴크래프트
57391|청순가련하다
57392|테미스
57393|수용적
57394|테제베
57395|바유
57396|월출
57397|국체
57398|데모크라시
57399|자찬하다
57400|선급
57401|사이언
57402|낙선되다
57403|우포
57404|배교
57405|여기
57406|히에로니무스
57407|샤르트르
57408|도시화되다
57409|부셰
57410|풍흉
57411|재백
57412|하목
57413|부웅부웅
57414|가오카오
57415|퍼블리즌
57416|토착화
57417|시네마테크
57418|유형원
57419|휴강하다
57420|곰살맞다
57421|펀펀
57422|횡획
57423|병아
57424|카폰
57425|발삼
57426|남어
57427|와해하다
57428|직하다
57429|특징짓다
57430|여돌
57431|은해
57432|상좌
57433|장곡
57434|판나다
57435|과테말라시티
57436|요기조기
57437|고취되다
57438|촉망
57439|빨간집모기
57440|절구다
57441|보탬
57442|빨강이
57443|렉싱턴
57444|하룻길
57445|흉쇄유돌근
57446|유니
57447|갈락
57448|한삼
57449|구기자
57450|만세
57451|배호
57452|널뛰기하다
57453|청청하다
57454|불고깃집
57455|소손녕
57456|숨김없다
57457|화락
57458|거리거리
57459|대계
57460|빼지다
57461|여걸
57462|읍락
57463|완치
57464|탤크
57465|아도니스
57466|쏼라쏼라
57467|생이
57468|리골레토
57469|또랑또랑
57470|뫼
57471|관권
57472|악식
57473|이도류
57474|나르시스트
57475|마에스트라
57476|모단
57477|도르륵
57478|숭하다
57479|리이
57480|혁낭
57481|바움가르트너
57482|풍정
57483|벌레다
57484|중군
57485|맥시마이저
57486|햇사과
57487|종달
57488|체신
57489|위사
57490|상아탑
57491|한본어
57492|접지되다
57493|놓아가다
57494|덜루스
57495|황축
57496|스크립터
57497|바소리
57498|사이언톨로지
57499|영녀
57500|폐습
57501|인젝터
57502|버선코
57503|초우
57504|훈도
57505|상비
57506|스키아파렐리
57507|창술
57508|다각
57509|아줌
57510|푸가
57511|낭중
57512|피포
57513|퇴치되다
57514|코디네이션
57515|참성단
57516|장표
57517|축하객
57518|달톤
57519|번득
57520|정다이
57521|바토
57522|색이
57523|하레
57524|깍깍거리다
57525|유설
57526|삼독
57527|색정
57528|화북
57529|하일라이트
57530|여숙
57531|스컴
57532|단향
57533|다원화
57534|자용
57535|채점되다
57536|조의제문
57537|함경남도
57538|핡
57539|템플레이트
57540|포사
57541|표훈
57542|파직되다
57543|하신
57544|아르코
57545|무로
57546|화판
57547|홍로
57548|첨벙하다
57549|복동이
57550|신통
57551|제염
57552|명하
57553|크로크무슈
57554|허위허위
57555|고혹하다
57556|스트로보
57557|멸절되다
57558|싸전
57559|사보타주
57560|지각되다
57561|상한가
57562|근덕
57563|공궤하다
57564|사출하다
57565|미토
57566|놀음판
57567|엔초
57568|보무
57569|오에스
57570|앙페르
57571|애련
57572|상다
57573|명약관화하다
57574|상그레
57575|해리스버그
57576|창장
57577|폐광되다
57578|프리타타
57579|리빙룸
57580|털푸덕
57581|대기만성
57582|잡병
57583|만드르다
57584|스트로마톨라이트
57585|더블유티오
57586|좌월
57587|회교
57588|방랑벽
57589|방뎅이
57590|가지치기하다
57591|니사
57592|특란
57593|요시하다
57594|성이
57595|육자배기
57596|희희
57597|잘잘하다
57598|다이달로스
57599|만아
57600|바우어
57601|기것
57602|위투
57603|전중
57604|셀시우스
57605|사지선다
57606|겨울새
57607|하슬
57608|네장
57609|아니스
57610|추청
57611|펜꽂이
57612|나말
57613|몰랑몰랑
57614|용봉
57615|빵이
57616|바라밀
57617|장골
57618|스넥
57619|하한
57620|탁본하다
57621|호가호위하다
57622|목운초
57623|고르곤졸라피자
57624|예결
57625|바라트
57626|배속하다
57627|흑삼
57628|송아지
57629|앙망하다
57630|보들레르
57631|설비하다
57632|올므다
57633|초피
57634|홈룸
57635|샤미센
57636|온산
57637|쓱싹하다
57638|돈아
57639|맴매하다
57640|조재연
57641|아낙사고라스
57642|적분하다
57643|왕사
57644|창파
57645|속죄양
57646|서울러
57647|은니
57648|남방셔츠
57649|자진
57650|얄따랗다
57651|호자
57652|작구
57653|글루코사민
57654|칙명
57655|무창
57656|건우
57657|호야
57658|열폭하다
57659|초만원
57660|우경화되다
57661|바운싱
57662|지지대
57663|단심
57664|담도
57665|유유하다
57666|봉준
57667|아승
57668|한창나이
57669|윈드실드
57670|응결하다
57671|그레이존
57672|용범
57673|중쇄
57674|호보
57675|이무기
57676|전두
57677|앙바
57678|핫케익
57679|병맥
57680|카브리올레
57681|넘겨오다
57682|락토스
57683|소요량
57684|대국하다
57685|삐악거리다
57686|파팅
57687|댕냥이
57688|야물다
57689|방충제
57690|일거일동
57691|득수
57692|답방하다
57693|툴레
57694|전통찻집
57695|팔랑하다
57696|폴리스티렌
57697|위무하다
57698|낙승
57699|롯드
57700|행려
57701|경량화하다
57702|추적대다
57703|알라스카
57704|월반하다
57705|고산자
57706|담향
57707|몹다
57708|쎼
57709|온평리
57710|해부되다
57711|맥줏값
57712|발열하다
57713|덕래
57714|순탄히
57715|점등하다
57716|능청스레
57717|금이
57718|주저주저
57719|암장
57720|동굴다
57721|소하다
57722|꼬르
57723|환제
57724|수여자
57725|그레이트배리어리프
57726|애널라이저
57727|딴살림
57728|수절
57729|겉보리
57730|골육
57731|격투기
57732|신법
57733|국문하다
57734|란도
57735|디지탈
57736|덤블
57737|최질
57738|볼레로
57739|신변잡기
57740|위아래
57741|요래조래
57742|안병
57743|개차
57744|똥땅
57745|지피에스
57746|강론하다
57747|가장귀
57748|풍란
57749|조수다
57750|윤치
57751|산회하다
57752|도덕군자
57753|진묵
57754|빼다박다
57755|오목조목
57756|스판덱스
57757|원봉
57758|아주마이
57759|찐짜
57760|강덕
57761|개전
57762|유린되다
57763|남빛
57764|편역
57765|등에
57766|감포
57767|제석
57768|대팻밥
57769|푸치
57770|탐독
57771|출강
57772|비장미
57773|결초보은
57774|폐관
57775|동춘
57776|피아제
57777|무휴
57778|경하다
57779|알라모
57780|인퓨저
57781|여석
57782|호라티우스
57783|금남
57784|미전
57785|분히
57786|장약
57787|긍휼하다
57788|앞엣것
57789|가슴주머니
57790|브라운슈바이크
57791|킥볼
57792|자리보전하다
57793|잡인
57794|무장봉기
57795|유원
57796|가타
57797|아틸라
57798|누아이
57799|성글다
57800|건터
57801|써다
57802|흑립
57803|몰라뵈다
57804|직보하다
57805|첩경
57806|철후
57807|숭다
57808|와다닥
57809|홍련
57810|미거하다
57811|비합리성
57812|레욱트라
57813|양혜
57814|반잠수정
57815|청무
57816|심원
57817|일습
57818|모디파이어
57819|니콘
57820|영고
57821|비트루비우스
57822|산복
57823|청종
57824|군림
57825|발사믹식초
57826|빠티다
57827|나머지
57828|뿌르다
57829|대비법
57830|도루하다
57831|앵속
57832|기름밥
57833|인생무상
57834|지효
57835|개보수하다
57836|독우
57837|사르디스
57838|그르노블
57839|아루다
57840|볼끼
57841|불토
57842|개심하다
57843|장봉
57844|덤벙덤벙
57845|품제
57846|꼬리명주나비
57847|새홀리기
57848|수예
57849|키리코
57850|필원
57851|재독
57852|격앙하다
57853|교양하다
57854|아덜
57855|살신성인하다
57856|다극화
57857|계시되다
57858|바디다
57859|징세
57860|후판
57861|노걸대
57862|선연
57863|에슈
57864|연사하다
57865|설파이드
57866|수몰
57867|도꼬마리
57868|찌뿌드드하다
57869|소탕되다
57870|자기도취
57871|덥스텝
57872|멜기세덱
57873|스티글리츠
57874|이죽대다
57875|맹출
57876|가겟세
57877|노무자
57878|내선
57879|융융
57880|만족스레
57881|뭉클뭉클
57882|갈랑
57883|과거현재인과경
57884|사라사
57885|안데르손
57886|미개발
57887|문언
57888|발톱깎이
57889|개변
57890|분지
57891|쌍콤하다
57892|호산
57893|귀경하다
57894|토실하다
57895|독취
57896|평등사상
57897|합리화되다
57898|울룩불룩
57899|왜병
57900|인바운드
57901|예향
57902|이암
57903|모해
57904|삼음
57905|정리정돈하다
57906|충목왕
57907|셰이킹
57908|별꽃
57909|방한모
57910|침전되다
57911|페이로드
57912|완파
57913|조화하다
57914|관석
57915|검험
57916|플루타르코스
57917|나이아신
57918|민완
57919|마리다
57920|낱권
57921|탁색
57922|식간
57923|막이
57924|시봉
57925|찍찍하다
57926|노암
57927|맞물다
57928|비밀하다
57929|발적
57930|용골대
57931|참살하다
57932|연초록
57933|살라망카
57934|유인되다
57935|번식되다
57936|포르르
57937|훌
57938|러키세븐
57939|어찔어찔하다
57940|와라락
57941|돈지랄하다
57942|기회균등
57943|소빙하기
57944|실내조명
57945|뻔지르르하다
57946|멍군
57947|구매되다
57948|목쉬다
57949|야치
57950|은단
57951|아각
57952|이은하다
57953|갤런트
57954|빼갈
57955|총련
57956|피해당하다
57957|윤태
57958|고매
57959|국가사업
57960|구류하다
57961|쓰잘머리
57962|괴벽
57963|괴나리봇짐
57964|가생이
57965|폐족
57966|이노시톨
57967|트레이드되다
57968|번데기
57969|바닷말
57970|절하되다
57971|씰룩씰룩하다
57972|호찌
57973|앞선
57974|우이신설선
57975|소설화하다
57976|통용하다
57977|지제
57978|전술하다
57979|쌍디귿
57980|교종
57981|생마
57982|석교
57983|봉안되다
57984|강계
57985|하루나
57986|버럭버럭하다
57987|카르티에라탱
57988|오델로
57989|요수
57990|민전
57991|월이
57992|불측하다
57993|탄탈럼
57994|루안다
57995|우쨌든
57996|로도스섬
57997|결과론
57998|통렬히
57999|자원화하다
58000|애곡
58001|팰릿
58002|딱콩
58003|민생고
58004|공리주의
58005|검사대
58006|칼비노
58007|안빈
58008|억측하다
58009|데루
58010|무지근하다
58011|역군
58012|어부바하다
58013|아사리
58014|강민첨
58015|홍단
58016|잔더
58017|긴도
58018|태음력
58019|큐비즘
58020|오징엇국
58021|카우벨
58022|회수권
58023|시마론
58024|하래
58025|찬찬하다
58026|발레타
58027|임철
58028|보편타당하다
58029|군선
58030|외야
58031|난삽하다
58032|지호
58033|참소하다
58034|큐레이션하다
58035|딕스
58036|콧부리
58037|섞어찌개
58038|펄떡
58039|득시글대다
58040|괴작
58041|휘유
58042|기브스
58043|금욕주의
58044|안향
58045|서북방
58046|강등당하다
58047|재수술하다
58048|끼릭끼릭
58049|도츠
58050|시료하다
58051|피케이
58052|너므
58053|고고히
58054|대평
58055|깨작대다
58056|원채
58057|탤벗
58058|리터치하다
58059|무기화되다
58060|쪼꿈
58061|현보
58062|페루자
58063|대농
58064|당좌
58065|석씨
58066|예구
58067|서베이어
58068|상현달
58069|급냉
58070|배식되다
58071|속령
58072|자에
58073|시취
58074|솨솨
58075|응차
58076|막내다
58077|가뭇
58078|정악
58079|일치단결
58080|파에야
58081|플로이
58082|처짐
58083|까대다
58084|인산
58085|박유
58086|따라댕기다
58087|분리배출하다
58088|해례
58089|들고나가다
58090|푸구
58091|온습도계
58092|대고
58093|집콕하다
58094|주살하다
58095|데피니션
58096|싸움질하다
58097|올망졸망하다
58098|제혁
58099|전나
58100|그러안다
58101|저능
58102|교합하다
58103|메피스토펠레스
58104|저차
58105|꽁치다
58106|양교
58107|남병철
58108|답습
58109|놀들다
58110|유리수
58111|짜리다
58112|패설
58113|오크스
58114|미분양되다
58115|트럼본
58116|간략화하다
58117|노공
58118|홀란트
58119|광대놀음
58120|안살림
58121|풍격
58122|꿀랍
58123|카운셀러
58124|경신수야
58125|녹천
58126|남평
58127|서슴없다
58128|개냥이
58129|물르다
58130|증류액
58131|이염되다
58132|오진하다
58133|분법
58134|수강자
58135|러다이트
58136|시그래프
58137|스덴
58138|보신하다
58139|랑게
58140|펠메니
58141|신룡
58142|스트렙토마이신
58143|발기인
58144|프레싱
58145|오과
58146|번가
58147|가맹국
58148|재녀
58149|거짓부렁이
58150|비브
58151|아이브스
58152|이바노비치
58153|한미하다
58154|오호츠크
58155|주기성
58156|엔키
58157|불일치
58158|쪼꼬만하다
58159|하지다
58160|농하다
58161|단권
58162|재검사하다
58163|아이다호주
58164|데니어
58165|솟을대문
58166|병결
58167|등기되다
58168|도감청하다
58169|비옥
58170|보너
58171|방면되다
58172|니야
58173|재심의하다
58174|철옹
58175|인줄
58176|오너스
58177|승룡
58178|옷이
58179|모델학과
58180|색마
58181|나들이옷
58182|청우
58183|흑산
58184|메치니코프
58185|호항
58186|공상적
58187|플라크
58188|이민하다
58189|수범
58190|아비투스
58191|금추
58192|우실
58193|쏴붙이다
58194|펙틴
58195|뜨물
58196|치다꺼리
58197|중언부언
58198|참척
58199|에누리하다
58200|노수현
58201|성장되다
58202|향래
58203|뱌오
58204|방중하다
58205|보얗다
58206|나우리
58207|벤조디아제핀
58208|비밀히
58209|경갑
58210|농요
58211|갑호
58212|머뤼
58213|잡지꽂이
58214|감전사하다
58215|쌍기
58216|크라프트
58217|재향
58218|설봉
58219|야작
58220|안취하다
58221|트라마돌
58222|흐림
58223|위정
58224|다뉴세문경
58225|꺼칠꺼칠하다
58226|치받치다
58227|초기
58228|보물고
58229|바디라인
58230|네오디뮴
58231|물렁거리다
58232|괴멸하다
58233|핫슨
58234|개창
58235|무연탄
58236|애면글면
58237|중성화되다
58238|희구
58239|명아주
58240|감선
58241|후리후리하다
58242|납매
58243|비틀비틀하다
58244|와방
58245|지지배배
58246|비돌다
58247|뒤틀림
58248|개웅
58249|위타
58250|해비
58251|파치먼트
58252|속적삼
58253|유희적
58254|대서다
58255|쌍두
58256|요설
58257|박복
58258|출납부
58259|칭하이
58260|헤리스
58261|가출옥
58262|분가
58263|파이어스톰
58264|부개
58265|시퀄
58266|사라지
58267|으르르
58268|긁개
58269|양심선언하다
58270|거두절미하다
58271|책판
58272|리모넨
58273|추존
58274|꺼꾸
58275|살짝궁
58276|남상
58277|베를리오즈
58278|할피다
58279|혹세무민
58280|절뚝이다
58281|염문
58282|보수되다
58283|통합성
58284|대지
58285|진취성
58286|유배당하다
58287|찌그리다
58288|하박
58289|폐모
58290|니네베
58291|시턴
58292|얼라인
58293|당직하다
58294|톨레
58295|혜종
58296|월례
58297|뜨레
58298|인준하다
58299|맨날천날
58300|옥졸
58301|된밥
58302|공고화되다
58303|말동무하다
58304|절대복종하다
58305|효부
58306|전화질하다
58307|하역하다
58308|볼프스부르크
58309|언도하다
58310|워따
58311|대종교
58312|퇴촌
58313|어향
58314|한쪽
58315|디아스타제
58316|땟물
58317|개진되다
58318|멩
58319|루핏
58320|흥덕
58321|베스파시아누스
58322|임무하다
58323|종노릇하다
58324|혈구
58325|강석
58326|육가
58327|문병객
58328|망동
58329|회심하다
58330|서탁
58331|진생
58332|공평히
58333|사장
58334|꼴까닥하다
58335|미확정
58336|남침하다
58337|천태만상
58338|고애
58339|태교하다
58340|입회비
58341|신격
58342|종알대다
58343|하상
58344|비인간화하다
58345|착수되다
58346|공업국
58347|고지
58348|장기수
58349|푸들푸들
58350|검약
58351|치일
58352|페스탈로치
58353|꿀벅지
58354|빙긋빙긋
58355|스트라이킹
58356|미나마타
58357|래핑하다
58358|미이라
58359|배유
58360|시고
58361|운자
58362|불문하다
58363|강퇴하다
58364|냉온
58365|판장
58366|컬러리스트
58367|청량제
58368|가리어지다
58369|페르세폴리스
58370|낙상하다
58371|사포질하다
58372|힌디
58373|실란트
58374|외마디소리
58375|들라크루아
58376|토산물
58377|역신
58378|우습
58379|데레
58380|고투
58381|긍가
58382|완투
58383|정비례
58384|빟다
58385|꽁치
58386|락슈미
58387|요금표
58388|중핵
58389|삼베옷
58390|태스킹
58391|투레질하다
58392|선복
58393|갈댓잎
58394|하내
58395|생숙
58396|권식
58397|재검증하다
58398|극락왕생하다
58399|왈가불가
58400|나각
58401|파라인플루엔자
58402|능글능글
58403|난수표
58404|쟁탈하다
58405|귄있다
58406|가부간
58407|대야
58408|쌉쌀
58409|낙장
58410|근유
58411|시오니즘
58412|선객
58413|달아매다
58414|형식화하다
58415|루드라
58416|아사삭
58417|매렵다
58418|위어
58419|장가오다
58420|이진하다
58421|단종하다
58422|검어
58423|무인지경
58424|세멜레
58425|나머
58426|건별
58427|홍소
58428|줄루족
58429|오똑
58430|청초
58431|사출되다
58432|들일
58433|그라운딩
58434|쌈박질하다
58435|과세되다
58436|광란하다
58437|되물리다
58438|태깅
58439|스페어타이어
58440|여러
58441|나만
58442|멘델레예프
58443|시샘
58444|피봉
58445|드럼스틱
58446|산개
58447|제웅
58448|총부
58449|헐떡헐떡
58450|뱃소리
58451|좀좀
58452|삼산
58453|창연
58454|먼저번
58455|저위
58456|보리소프
58457|순증
58458|출출
58459|느디님
58460|삼전
58461|양성되다
58462|쇼토쿠
58463|국민부
58464|질퍽이다
58465|부티다
58466|쫌매다
58467|상관완아
58468|글줄
58469|꿈길
58470|불이다
58471|자운영
58472|내재화되다
58473|에테
58474|칠성문
58475|찬차
58476|뷁
58477|흔
58478|고앵이
58479|호작
58480|리코펜
58481|신두
58482|안티몬
58483|허명
58484|되눕다
58485|이해타산
58486|왕철
58487|패럿
58488|탈칵
58489|혼탕
58490|오린
58491|혜음
58492|근강
58493|자기기만
58494|당인
58495|안토니
58496|논공행상
58497|카이로네이아
58498|붙박다
58499|사미인곡
58500|재탈환하다
58501|예초
58502|유지류
58503|천지개벽하다
58504|소화기
58505|취락
58506|알랑대다
58507|조각
58508|타망
58509|와옹
58510|무뇌아
58511|불이행하다
58512|판별되다
58513|무쉬
58514|우르릉대다
58515|별동
58516|쌰
58517|산회
58518|서브우퍼
58519|발이
58520|변동시키다
58521|루가노
58522|뉴클레오타이드
58523|끄내다
58524|샹폴리옹
58525|우스갯거리
58526|사람살이
58527|보금
58528|통탄
58529|쌀다
58530|승요
58531|스메타나
58532|통일안
58533|헛수작
58534|연소자
58535|프린지
58536|꼬로록
58537|킬로바이트
58538|하리사
58539|되먹다
58540|암뽕
58541|황종
58542|대당
58543|오거나이저
58544|셀레네
58545|노브고로드
58546|외교하다
58547|정량화하다
58548|필설
58549|왕세자빈
58550|토세다
58551|래글런
58552|싸가지
58553|갈잎
58554|주말여행
58555|잡주
58556|수파
58557|거다
58558|가로림만
58559|옴폭
58560|비스코티
58561|복부인
58562|명적
58563|가물
58564|던디
58565|귀뚤귀뚤
58566|진주조개
58567|번이
58568|봉성
58569|조윤
58570|접붙이다
58571|충의
58572|창왕
58573|구함
58574|중입
58575|탕수
58576|바닷고기
58577|촌촌
58578|혜송
58579|유카와
58580|밀치락달치락하다
58581|복정
58582|외핵
58583|판식
58584|제연
58585|닝보
58586|철필
58587|요짝
58588|분급
58589|메가비트
58590|오재미
58591|궁동
58592|그리너리
58593|소형화하다
58594|총수익
58595|노스페라투
58596|음각되다
58597|관골
58598|장묘
58599|스카이다이버
58600|에트루리아
58601|만혼
58602|메인마스트
58603|긴꼬리딱새
58604|서중
58605|선암
58606|타정
58607|아들아이
58608|오글오글하다
58609|만수위
58610|돌아치다
58611|소월
58612|바야돌리드
58613|쪼개어지다
58614|팔당
58615|나도다
58616|금유
58617|병화
58618|쌍천
58619|도나우강
58620|호손
58621|고질
58622|아홀로틀
58623|독신녀
58624|땀자국
58625|토평
58626|고도근시
58627|호접란
58628|정갈히
58629|술객
58630|특성화되다
58631|실족사하다
58632|공급지
58633|패도
58634|균종
58635|습작하다
58636|견강부회
58637|익스포저
58638|파산되다
58639|마추다
58640|허긴스
58641|지아이
58642|빈민가
58643|뎅기
58644|왕거니
58645|송신되다
58646|더으다
58647|미개척지
58648|북도
58649|집대성되다
58650|작어
58651|볼페
58652|취이
58653|찰박찰박
58654|종방
58655|고정화
58656|유격대
58657|밭은기침
58658|강한
58659|귤색
58660|내발
58661|추러스
58662|솔크
58663|메이필드
58664|오빠
58665|분홍분홍하다
58666|산살바도르
58667|금메
58668|진수
58669|위탁되다
58670|왕후장상
58671|입직
58672|처복
58673|후루루
58674|방전하다
58675|다툼하다
58676|문화비
58677|입선작
58678|북신
58679|작은소참진드기
58680|인터페론
58681|슈만
58682|돈내기
58683|적격자
58684|보자하다
58685|데이터베이스화하다
58686|라싸
58687|괴악하다
58688|홍계훈
58689|재실
58690|에로티시즘
58691|질근질근
58692|코사크
58693|콘월리스
58694|다독다독
58695|세이시
58696|뻥까다
58697|완모
58698|멜바
58699|트레비소
58700|묘곡
58701|문반
58702|상명
58703|종환
58704|투석하다
58705|개별화되다
58706|융자하다
58707|우국지사
58708|행글라이딩
58709|카이팅
58710|전력화되다
58711|남솔
58712|견착하다
58713|인터미디어
58714|니더작센
58715|꾀죄죄
58716|갈라내다
58717|물이다
58718|외부망
58719|스패츠
58720|쿠머
58721|담하다
58722|치포
58723|느긋느긋하다
58724|털신
58725|낙성
58726|여혐
58727|디이
58728|집창촌
58729|자비량
58730|강산성
58731|증쇄
58732|명령권자
58733|바람직스럽다
58734|미추리
58735|궐기
58736|잠복되다
58737|허광하다
58738|통원하다
58739|칼루가
58740|하호
58741|노국
58742|천뢰
58743|가가호호
58744|우면
58745|재프
58746|유목하다
58747|학선
58748|지지되다
58749|박지
58750|혜왕
58751|범벅하다
58752|구보하다
58753|댕청하다
58754|애향
58755|패악스럽다
58756|눕
58757|눅다
58758|공장하다
58759|콜라드
58760|펜자
58761|바깥사람
58762|영항
58763|의전하다
58764|타행
58765|베켓
58766|복개
58767|쥐어박히다
58768|틸리히
58769|명환
58770|분윳값
58771|사양길
58772|국한문
58773|내리긋다
58774|화창
58775|덜레스
58776|올포트
58777|분소의
58778|변좌
58779|철각
58780|성별하다
58781|원거
58782|귀차니스트
58783|마나우스
58784|잠방
58785|알렉산드라이트
58786|졸사
58787|표리부동하다
58788|퀴버
58789|기댓값
58790|안스럽다
58791|파본
58792|요란히
58793|강희안
58794|수하다
58795|면역되다
58796|어중간
58797|환희하다
58798|도생
58799|율동하다
58800|보따리장수
58801|명민하다
58802|분업화되다
58803|문단속하다
58804|분가루
58805|별서
58806|왹
58807|포포프
58808|처녀성
58809|인걸
58810|건들건들하다
58811|자습서
58812|차령
58813|거짓말투성이
58814|속명
58815|강심제
58816|보르다
58817|통아
58818|부글대다
58819|박옥
58820|철현
58821|션트
58822|호별
58823|보여이
58824|소오
58825|축연
58826|가채
58827|집권층
58828|알박다
58829|적신월사
58830|노우
58831|바에
58832|등명
58833|노동량
58834|항속
58835|페티코트
58836|누시
58837|키부츠
58838|졸전
58839|격감하다
58840|라아
58841|화석화
58842|파도바
58843|세타가야구
58844|엑스선
58845|냉이국
58846|막걸릿집
58847|늦잠꾸러기
58848|무력행사
58849|불이익하다
58850|박시
58851|내우외환
58852|샬레
58853|과료
58854|솔벤트
58855|월족
58856|부곽
58857|서포
58858|덜렁이
58859|작은멋쟁이나비
58860|엎드러뜨리다
58861|에고이스트
58862|양협
58863|달가닥거리다
58864|골골하다
58865|마나과
58866|꾸지람
58867|변주하다
58868|항균
58869|폐강되다
58870|명량하다
58871|메트리
58872|사중주
58873|초졸
58874|수도하다
58875|진번
58876|맥피
58877|토끼뜀
58878|갈겨니
58879|흘
58880|가석방하다
58881|주광
58882|알라하바드
58883|호과
58884|청강하다
58885|마빈스
58886|태호
58887|씁쓰레하다
58888|박꽃
58889|나이트가운
58890|샤일록
58891|낙망하다
58892|익절
58893|입결
58894|우린
58895|세미스모키
58896|웰터
58897|주머닛돈
58898|스투파
58899|다듬이
58900|옹알옹알
58901|향긋
58902|입부하다
58903|예민미
58904|자오
58905|빽빽거리다
58906|교학
58907|광명하다
58908|저크
58909|제대
58910|하나하다
58911|보광
58912|오물조물
58913|도락
58914|검역하다
58915|알레르겐
58916|오톨도톨하다
58917|돈쭝
58918|자립화
58919|선함
58920|출세욕
58921|흰여우
58922|양성화하다
58923|엔지오
58924|막집
58925|솨
58926|길모
58927|외편
58928|떠듬거리다
58929|객담
58930|이동교
58931|번득거리다
58932|동화시키다
58933|적당
58934|비산
58935|핸드피스
58936|건조기
58937|파트라스
58938|그린빌
58939|페탕크
58940|싱글대다
58941|수코타이
58942|로타리
58943|신앙하다
58944|태거
58945|막고굴
58946|손곡
58947|벽촌
58948|탑코트
58949|치독
58950|쿠커
58951|리예트
58952|동통
58953|준회원
58954|석패
58955|재탈환
58956|토탄
58957|주야
58958|복하다
58959|어수
58960|정신문화
58961|언도
58962|면갑
58963|조랭이
58964|톺아보다
58965|대체물
58966|정충
58967|삼강행실도
58968|잡도리하다
58969|만성병
58970|뺨따귀
58971|얕은수
58972|털어지다
58973|이상화되다
58974|왕제
58975|우글대다
58976|표명되다
58977|타설하다
58978|도식적
58979|인터셉트하다
58980|문상하다
58981|날라오다
58982|푱
58983|당첨하다
58984|상련
58985|안진
58986|포단
58987|피도
58988|독회
58989|강설량
58990|심력
58991|도강하다
58992|입법화하다
58993|허송하다
58994|만지작만지작하다
58995|봉승
58996|벌충
58997|육쪽마늘
58998|무공해
58999|알자지라
59000|확증되다
59001|인구론
59002|후인
59003|검인정
59004|라단
59005|푸생
59006|조렇다
59007|대써
59008|능동태
59009|종속시키다
59010|부어터지다
59011|간쑤
59012|대여되다
59013|파비
59014|내려쬐다
59015|나달나달하다
59016|피레우스
59017|제신
59018|초비
59019|대죄하다
59020|강녕
59021|퉁퉁거리다
59022|캔자스주
59023|춘궁기
59024|탐조하다
59025|소거하다
59026|누르개
59027|탕헤르
59028|추국하다
59029|산터우
59030|명중되다
59031|마르따박
59032|연접하다
59033|삼각살
59034|젬스
59035|꿉
59036|쿵덕
59037|대용하다
59038|래스터
59039|지위하다
59040|구직하다
59041|조애
59042|대곶면
59043|둥글레차
59044|패완얼
59045|과채
59046|강령하다
59047|치욕감
59048|제멋
59049|상행위
59050|역졸
59051|볶이다
59052|오돌오돌하다
59053|염부
59054|우장
59055|밤알
59056|미결
59057|등사하다
59058|장권
59059|항규
59060|대놓고
59061|찌끄러기
59062|싹틔우다
59063|대역하다
59064|싯누렇다
59065|찬주
59066|전립
59067|요루바
59068|병오
59069|베이식하다
59070|조리돌림
59071|삐걱삐걱하다
59072|편달
59073|실체화하다
59074|근식
59075|환담
59076|유난스레
59077|야대
59078|초엽
59079|분면
59080|물매
59081|훌라
59082|천편일률
59083|옥이
59084|한명
59085|인엽
59086|장웅
59087|벽안
59088|빨간딱지
59089|도레이
59090|야벳
59091|전삭
59092|호란
59093|독살스럽다
59094|홍상
59095|우유빛
59096|서드베리
59097|아랫돌
59098|캐스케이드
59099|피마자
59100|시부야구
59101|밀른
59102|구령하다
59103|실거리
59104|빌어묵다
59105|통계표
59106|신임
59107|나뭇진
59108|숭덕
59109|호로록거리다
59110|불뚝
59111|책잡다
59112|나풀대다
59113|강소주
59114|슬림화
59115|완만히
59116|봇넷
59117|깜장
59118|가락지빵
59119|사리푸트라
59120|흰기와
59121|온씨
59122|마리아노
59123|김일성경기장
59124|이세
59125|쫘르르
59126|얼뚱
59127|사멸되다
59128|속안
59129|음덕
59130|방국
59131|자유자재하다
59132|군중집회
59133|동초
59134|부석부석하다
59135|이질성
59136|현리
59137|추석빔
59138|갈변하다
59139|글루타민
59140|법제화되다
59141|애이
59142|탐구자
59143|절그럭
59144|청자색
59145|혼란상
59146|디스커스
59147|하토
59148|치시리다
59149|모퉁잇돌
59150|폴로늄
59151|유루
59152|헝클어트리다
59153|토설
59154|하염없다
59155|재적하다
59156|페놀프탈레인
59157|이르쿠츠크
59158|낚시배
59159|가마니
59160|우국충정
59161|날새
59162|징수되다
59163|선지급하다
59164|노칭
59165|암피트리온
59166|지근지근
59167|궁시렁궁시렁
59168|스아
59169|단항
59170|돌층계
59171|필묵
59172|허허거리다
59173|스노보더
59174|방자히
59175|암산하다
59176|뗄다
59177|대표회
59178|달겨들다
59179|온돌바닥
59180|카포네
59181|방일하다
59182|갑오
59183|올립
59184|파딩
59185|어니
59186|폐사되다
59187|우둘투둘
59188|출점하다
59189|워치콘
59190|파유
59191|흑첩
59192|벙글벙글
59193|군서
59194|의릉
59195|귀댁
59196|최승
59197|조영석
59198|포복절도하다
59199|부꾸미
59200|영원불멸하다
59201|세명대
59202|버몬트주
59203|후박
59204|비곗살
59205|리하다
59206|엄브렐러
59207|오르타
59208|석수쟁이
59209|야압
59210|자계
59211|따두다
59212|멀티스레드
59213|형설지공
59214|수입상
59215|주단
59216|출감
59217|바타니
59218|옥탄
59219|그마이
59220|귀결하다
59221|들어엎다
59222|수송량
59223|이향
59224|약선
59225|마창진
59226|복인
59227|운성
59228|깔끔깔끔
59229|착점
59230|짜가
59231|타이둥
59232|막동이
59233|장고하다
59234|콜타르
59235|트라이포드
59236|페깅
59237|구분
59238|잡석
59239|고수레
59240|두부탕
59241|재바르다
59242|무사안일
59243|똠
59244|산재되다
59245|수량적
59246|가축화하다
59247|득보
59248|강학
59249|쨍강
59250|숭아
59251|상효
59252|상초
59253|삼우
59254|인파이터
59255|애애
59256|나라미
59257|번거럽다
59258|곽밥
59259|플라네타리움
59260|전력화하다
59261|위장염
59262|트레이드오프
59263|학정
59264|군속
59265|조호르바루
59266|더욱더욱
59267|잔수
59268|개굽다
59269|댈구
59270|나붓이
59271|가무치
59272|생글생글하다
59273|성명하다
59274|길섶
59275|늘어앉다
59276|와트시
59277|우몽
59278|야연
59279|빵실빵실하다
59280|치킨까스
59281|자정하다
59282|온조왕
59283|한민
59284|깐족깐족
59285|주렁
59286|코로
59287|현상되다
59288|듭다
59289|가재미
59290|단콘
59291|수플렉스
59292|다정스레
59293|결로
59294|마사초
59295|통기
59296|안민
59297|마거리트
59298|아비장
59299|광범하다
59300|양단하다
59301|명령형
59302|상차
59303|차우
59304|데스크테리어
59305|초파
59306|귀휴
59307|송지
59308|휘달리다
59309|스플리트
59310|엄습
59311|차파티
59312|육덕
59313|수발하다
59314|곁들이
59315|에스엘
59316|운니
59317|알긴산
59318|한고
59319|창작집
59320|예도
59321|금인
59322|득정
59323|인색
59324|묵가
59325|타당
59326|트루히요
59327|쯔쯔가무시병
59328|벨르다
59329|손실하다
59330|푸덕거리다
59331|감내
59332|쓰러
59333|연향
59334|안흥
59335|복태
59336|힐금
59337|목근
59338|검측
59339|타이프라이터
59340|갈갈
59341|순탄
59342|접어
59343|인큐
59344|날치기하다
59345|그릏다
59346|코사인
59347|매일반
59348|양치
59349|정거
59350|마하바라타
59351|나지다
59352|자명
59353|불초
59354|동성연애
59355|공처가
59356|맥두걸
59357|하북
59358|도드다
59359|모뉴먼트
59360|다다이즘
59361|수선스럽다
59362|뇌조
59363|찬구
59364|동북방
59365|불덕
59366|드리프팅
59367|외면
59368|두견새
59369|계금
59370|외해
59371|지왕
59372|투피
59373|단태
59374|내롭다
59375|탁월성
59376|어자
59377|관리자급
59378|아라크네
59379|망극
59380|망우리
59381|파순
59382|축성하다
59383|방성
59384|포스핀
59385|응방
59386|양서
59387|비등비등
59388|크라스노야르스크
59389|선납하다
59390|야원
59391|양저우
59392|저제
59393|북국
59394|콤프소그나투스
59395|자랑질하다
59396|콜로니아
59397|우롱당하다
59398|포워딩
59399|색체
59400|종당
59401|금륜
59402|치미창가
59403|어정어정
59404|노런
59405|교잡
59406|흑심
59407|궤계
59408|망언하다
59409|스키프
59410|적화
59411|오광대
59412|서청
59413|떨
59414|클리어런스
59415|마스티프
59416|점착
59417|기작
59418|당해
59419|순라
59420|출렁출렁하다
59421|죄이다
59422|제막되다
59423|위국
59424|병존하다
59425|깃들이다
59426|세습적
59427|획득되다
59428|삼입
59429|핑글핑글
59430|득의만만하다
59431|살풋
59432|퇴계원
59433|티레
59434|분기되다
59435|울궈먹다
59436|관련시키다
59437|들고파다
59438|씨리
59439|빙충이
59440|뜨르르
59441|둥기
59442|시로미
59443|탈지하다
59444|완당
59445|리코스
59446|마현
59447|개재되다
59448|손옹
59449|소망
59450|부들하다
59451|됫병
59452|비굴
59453|두돈반
59454|이간하다
59455|똥그라미
59456|글썽글썽
59457|포엠
59458|고급하다
59459|엠피쓰리
59460|반애
59461|파이어와이어
59462|신학원
59463|합려
59464|추근거리다
59465|야리야리하다
59466|암만
59467|농대
59468|재정하다
59469|텔레마케팅
59470|아롱거리다
59471|민세
59472|고따위
59473|변괴
59474|짜글짜글하다
59475|안티히어로
59476|워터폴
59477|범주화하다
59478|홍륜
59479|순행하다
59480|몬로비아
59481|비견
59482|겜방
59483|리프로그래밍
59484|샐비어
59485|저본
59486|요사하다
59487|리버럴하다
59488|오르트
59489|강체
59490|불이
59491|창천
59492|새빠지다
59493|길례
59494|도째비
59495|충숙왕
59496|세넷
59497|뜨뜨미지근하다
59498|친국하다
59499|클러스터링
59500|세션스
59501|케라토사우루스
59502|붓질하다
59503|아냥
59504|소테
59505|재분류
59506|팬티스타킹
59507|찔레
59508|건승하다
59509|찌직
59510|돈육
59511|김매다
59512|할마시
59513|귀안
59514|헤테로
59515|째끔
59516|문답식
59517|탁란
59518|운신하다
59519|합성법
59520|무단결석하다
59521|카드사별
59522|불퉁거리다
59523|성약
59524|선령
59525|아프간하운드
59526|식목
59527|히레다
59528|얻어묵다
59529|우상화되다
59530|군가
59531|비로드
59532|스칸디나비아반도
59533|의양
59534|동가
59535|하이커
59536|뗏장
59537|틈내다
59538|전지전능
59539|빈맥
59540|색적
59541|신비로움
59542|해어
59543|봉안
59544|동순
59545|꾸부러지다
59546|텐던
59547|착상되다
59548|해안하다
59549|어루러기
59550|아웃당하다
59551|히치다
59552|레이몬트
59553|음식량
59554|주뎅이
59555|할방구
59556|뛰우다
59557|중영
59558|낭창낭창
59559|그리니
59560|안국
59561|젖퉁이
59562|상업화하다
59563|갈키다
59564|사잇문
59565|협응
59566|얼쑤절쑤
59567|망각되다
59568|유숙
59569|세하다
59570|비준되다
59571|꽃줄기
59572|악처
59573|죽책
59574|조형성
59575|저맘때
59576|순태
59577|레이크플래시드
59578|주추
59579|빨빨
59580|귓방맹이
59581|잡류
59582|광고인
59583|즐겜러
59584|청현
59585|로체
59586|으적으적
59587|부서트리다
59588|감각되다
59589|틀어박다
59590|종괴
59591|플리니우스
59592|평량
59593|벌어지
59594|빌헬미나
59595|어은
59596|서스펜더
59597|뒤웅박
59598|용성
59599|올려다보이다
59600|강족
59601|경주
59602|조아하다
59603|펄펄하다
59604|택포
59605|뺀질하다
59606|뫼니에르
59607|봉환하다
59608|데오빌로
59609|도레미파
59610|간질병
59611|삼자대면하다
59612|재발급하다
59613|귀울림
59614|가타부타하다
59615|잔설
59616|상환되다
59617|궁시
59618|송무
59619|그러면
59620|게다리
59621|그라마
59622|박리하다
59623|도리도리하다
59624|암사
59625|타기팅
59626|다써
59627|심계
59628|르코르뷔지에
59629|여가위
59630|에이소
59631|내리닫이
59632|북가좌동
59633|소희
59634|질산
59635|거진
59636|찰갑
59637|무욕
59638|갈매
59639|공창
59640|나뭇개비
59641|쩡하다
59642|애영
59643|출관
59644|굽잇길
59645|서글서글
59646|채결하다
59647|플루크
59648|예학
59649|선착
59650|날갯소리
59651|목가
59652|머이
59653|조혼
59654|모예
59655|초옥
59656|찬찬
59657|칠뜨기
59658|가정일
59659|샅
59660|다이어프램
59661|파사
59662|탁발하다
59663|장례하다
59664|소풍하다
59665|구박당하다
59666|채씨
59667|긴
59668|광열비
59669|풍이
59670|어욱
59671|좇아오다
59672|바이타민
59673|머시매
59674|위두
59675|획획
59676|브이아이피
59677|근이영양증
59678|수바
59679|덕스럽다
59680|수상스럽다
59681|갈로
59682|왕은점표범나비
59683|캘리포니아롤
59684|함진아비
59685|김냉
59686|래빈
59687|학문하다
59688|바소
59689|별첨
59690|장암
59691|응사하다
59692|즉효
59693|데우칼리온
59694|베네룩스
59695|눈가
59696|깍둑썰다
59697|도식화
59698|아따메
59699|하이퍼인플레이션
59700|수평면
59701|문잡다
59702|청남
59703|검상
59704|앙크
59705|반민족적
59706|타관
59707|흉허물
59708|지도관
59709|엠디
59710|불공드리다
59711|영의
59712|아르보
59713|강맹하다
59714|추저분하다
59715|세메
59716|움푹움푹
59717|터치아웃
59718|글구
59719|항정신성
59720|티로
59721|모제
59722|으시시
59723|처주다
59724|교지
59725|래그
59726|숙환
59727|무송
59728|평서문
59729|실사화하다
59730|작정되다
59731|망우
59732|민단
59733|옹녀
59734|의붓동생
59735|아옹다옹
59736|파묘하다
59737|진접
59738|청주시장
59739|간뇌
59740|분아
59741|대토
59742|윗급
59743|태연스레
59744|예매되다
59745|헌기
59746|깔딱깔딱
59747|칼리오페
59748|난계
59749|급진전되다
59750|아뭏다
59751|잔루
59752|용렬하다
59753|종택
59754|월미
59755|에디르네
59756|한가히
59757|다운사이징
59758|승품
59759|전판
59760|습벽
59761|관구
59762|빈디
59763|암운
59764|덩그렁
59765|경매되다
59766|호버크라프트
59767|현묘하다
59768|정묘하다
59769|파롤
59770|더듬대다
59771|아작아작하다
59772|고양하다
59773|유박
59774|우예
59775|수주액
59776|제비뽑기하다
59777|미뉴에트
59778|맥시마
59779|왱왱거리다
59780|맹방
59781|반노
59782|낙과
59783|오용하다
59784|송부되다
59785|갖고다
59786|낙천주의
59787|바알세불
59788|탕가니카
59789|치원
59790|전왕
59791|암팡지다
59792|우렁우렁
59793|훔쳐주다
59794|동시대인
59795|숙지
59796|관졸
59797|거슬다
59798|계투
59799|펄럭대다
59800|갈현
59801|육성
59802|뎅강
59803|위임
59804|여염
59805|마그데부르크
59806|제임스타운
59807|은비
59808|힐빌리
59809|시니
59810|탕류
59811|개혁론
59812|입신양명하다
59813|문구멍
59814|뻐끔대다
59815|부세
59816|사란
59817|취입하다
59818|요크셔
59819|보수화되다
59820|현신하다
59821|입하
59822|정책하다
59823|파문하다
59824|반핵
59825|대산
59826|카잔차키스
59827|지보
59828|들들
59829|행그리
59830|제척
59831|결딴
59832|한색
59833|카브
59834|이래다
59835|형판
59836|소용없이
59837|나꿔채다
59838|개판되다
59839|중조
59840|응아하다
59841|은구
59842|첨잔
59843|새그럽다
59844|올드팬
59845|청요리
59846|각의
59847|쪼물쪼물
59848|두송
59849|거냉
59850|선납
59851|박설
59852|굴욕당하다
59853|콰르텟
59854|개찰
59855|나누미
59856|찾아댕기다
59857|평용
59858|우연스럽다
59859|성권
59860|법주
59861|적함
59862|마른행주
59863|수혈되다
59864|풍천
59865|욱신대다
59866|순신
59867|독경하다
59868|텔레프롬프터
59869|편충
59870|아마란스
59871|율리우스력
59872|김규진
59873|승마복
59874|찐득이
59875|부답
59876|할무이
59877|급진전
59878|뻐끔뻐끔하다
59879|혼일강리역대국도지도
59880|악착스럽다
59881|차페크
59882|헐렁헐렁
59883|세이지
59884|해루
59885|괴석
59886|용촉
59887|체재하다
59888|분갈이하다
59889|흰떡
59890|결딴나다
59891|가극
59892|바느질감
59893|카무플라주
59894|협동농장
59895|김개남
59896|지브
59897|으득
59898|쿼트
59899|한탕
59900|태보
59901|뾰쪽하다
59902|피에프
59903|누그러트리다
59904|과립
59905|조팝
59906|회답
59907|진채
59908|파키리노사우루스
59909|제판
59910|슈바프
59911|부심하다
59912|하솔
59913|도구함
59914|막하막하
59915|하이
59916|교범
59917|친디아
59918|나끄다
59919|성업하다
59920|뇌섬엽
59921|팽그르르
59922|단비
59923|크로커스
59924|빌레펠트
59925|재강조하다
59926|색계
59927|팬시용품
59928|음사
59929|박학다식
59930|황남
59931|평사
59932|벼락출세
59933|전세입자
59934|알비니즘
59935|혼복
59936|범아프리카주의
59937|부스러뜨리다
59938|디싱
59939|토벽
59940|리면
59941|불특정하다
59942|오트볼타
59943|만면하다
59944|꺼이
59945|코르넬리우스
59946|강장
59947|원추
59948|긴박
59949|버트다
59950|새틀라이트
59951|연착하다
59952|나데
59953|담뱃진
59954|딸각거리다
59955|섬강
59956|바닷사람
59957|덕문
59958|맏사위
59959|더듬더듬하다
59960|나월
59961|캄캄
59962|으깨어지다
59963|시꺼메지다
59964|남장하다
59965|묶어지다
59966|쌍포
59967|자히
59968|떼치다
59969|친전
59970|꽃상여
59971|티커
59972|네브래스카주
59973|횟가루
59974|삐그덕삐그덕
59975|꼭두각시놀음
59976|매설
59977|경보하다
59978|재주문하다
59979|라마누잔
59980|저랴
59981|라포르
59982|바오산
59983|권부
59984|가만가만히
59985|플라이바이
59986|피코그램
59987|부익부
59988|박노갑
59989|정목
59990|간언하다
59991|명답
59992|주렁주렁하다
59993|요코즈나
59994|할레
59995|재개봉되다
59996|윤색
59997|명은
59998|공기하다
59999|아동화
60000|단바
60001|망그러지다
60002|좌승
60003|스토브파이프
60004|트래드
60005|상등품
60006|발버둥질하다
60007|터덜거리다
60008|별리
60009|후의
60010|페브르
60011|플레이아데스
60012|레베루
60013|꼬임
60014|측각
60015|비밀투성이
60016|능숙히
60017|통회하다
60018|빤쭈
60019|효우
60020|위화
60021|궁벽하다
60022|벤리
60023|투옥하다
60024|사통하다
60025|자파
60026|오의
60027|베도라치
60028|웅취
60029|녹녹하다
60030|제향
60031|갠소
60032|거머잡다
60033|요부
60034|새마
60035|차비하다
60036|허페이
60037|고피다
60038|지음
60039|크라쿠프
60040|허물하다
60041|임신되다
60042|학생소년궁전
60043|백여우
60044|카르타헤나
60045|블루잉
60046|후키
60047|갱시기
60048|린하다
60049|초롱하다
60050|홀로그래피
60051|닭싸움하다
60052|재론
60053|뻐꾹뻐꾹
60054|방년
60055|혜신
60056|두방망이질하다
60057|와칭
60058|스눕
60059|격찬
60060|봇짐장수
60061|걸개
60062|금궤
60063|우등하다
60064|어하다
60065|마주대
60066|남새
60067|착한
60068|아체
60069|그루피
60070|통변
60071|문덕
60072|일맥상통
60073|알락꼬리마도요
60074|탐미
60075|전세살이
60076|김수흥
60077|단극
60078|차감
60079|근대화되다
60080|요골
60081|쇄석
60082|둔감
60083|세리프
60084|와리다
60085|관품
60086|미라보
60087|분추
60088|하송
60089|마니
60090|가붓하다
60091|치누크
60092|기사하다
60093|과실수
60094|그라이프스발트
60095|채터
60096|푸아티에
60097|평복
60098|역투하다
60099|인디애나대
60100|주내다
60101|점거되다
60102|섧다
60103|얼라인먼트
60104|이룹다
60105|버들강아지
60106|백열하다
60107|소탐대실하다
60108|측벽
60109|악악
60110|손다이크
60111|상큼상큼
60112|단로
60113|고라이
60114|명감독
60115|홍규
60116|풍장
60117|이왕지사
60118|백스테이지
60119|몽글
60120|테살로니키
60121|간편대용식
60122|방갈로르
60123|통선
60124|닦아대다
60125|참혹
60126|장복
60127|독실
60128|신주쿠구
60129|정밀히
60130|할거하다
60131|건상
60132|정고
60133|직립하다
60134|운주
60135|비엘
60136|하베스터
60137|우뢰
60138|부정형
60139|마뜨다
60140|가외
60141|회자정리
60142|되쏘다
60143|관엽
60144|수암
60145|축삭
60146|송담
60147|떼떼
60148|불제자
60149|재종
60150|찔르다
60151|믹소바이러스
60152|기초화장
60153|개칭하다
60154|만드레
60155|닫치다
60156|익선
60157|싯포
60158|잘그락대다
60159|번장
60160|페오멜라닌
60161|법식
60162|도나스
60163|요년
60164|와불
60165|되잡다
60166|무결
60167|소꿉장난하다
60168|비개
60169|자욱
60170|사은
60171|샛서방
60172|침고
60173|껌뻑이다
60174|재교육하다
60175|소근거리다
60176|기만전술
60177|조롭다
60178|칭이
60179|짱그다
60180|건조실
60181|온장고
60182|우리이
60183|출교
60184|문합
60185|헝클이다
60186|율피
60187|계량적
60188|저지시티
60189|미몽
60190|할양하다
60191|리겔
60192|시의
60193|밥투정
60194|랭기
60195|각질화되다
60196|남녀별
60197|나라즈케
60198|몽상하다
60199|결빙되다
60200|하드보드
60201|내리감다
60202|주재
60203|보속
60204|창준
60205|양위하다
60206|조개탄
60207|공치다
60208|학습반
60209|조급히
60210|칼리닌그라드
60211|지형
60212|자기하다
60213|가믄
60214|더부살이하다
60215|벨록
60216|컴퓨터하다
60217|비우
60218|표착하다
60219|팔로
60220|김치소
60221|선구매하다
60222|예속시키다
60223|다랑쉬오름
60224|껄렁껄렁
60225|주준
60226|그륵
60227|울화병
60228|심모
60229|북접
60230|미오글로빈
60231|미니맥스
60232|흐리멍텅
60233|까불대다
60234|화쇄류
60235|씨부렁거리다
60236|국제화되다
60237|오지선다
60238|리포밍
60239|예장
60240|갑지다
60241|써걱
60242|나바호족
60243|옹립
60244|들락대다
60245|복셀
60246|예편
60247|잠항하다
60248|다리품
60249|축귀
60250|퇴학하다
60251|랑데뷰
60252|논일
60253|화이버
60254|통권
60255|통바지
60256|염정
60257|천옥
60258|순연하다
60259|과총
60260|개간되다
60261|투덕거리다
60262|벨러미
60263|하구려
60264|디비다
60265|예산하다
60266|오복이
60267|위그노
60268|실쭉
60269|프로슈머
60270|경련
60271|완이
60272|말법
60273|공갈하다
60274|병코돌고래
60275|저안
60276|이러
60277|씰데없다
60278|부숭부숭하다
60279|기시미
60280|핵분열성
60281|넘어짐
60282|대방광불화엄경
60283|식도락가
60284|누출하다
60285|먹장구름
60286|사진하다
60287|루스터
60288|갯배
60289|절복
60290|쇠라
60291|텝
60292|혼입
60293|전맹
60294|유고
60295|동어
60296|젓가락질하다
60297|경치다
60298|말라가시
60299|계월향
60300|차겁다
60301|건서
60302|월화수목금금금
60303|니비
60304|말레비치
60305|득득
60306|노후화하다
60307|다상
60308|네블라이저
60309|봄나무
60310|내자
60311|교류되다
60312|즉시즉시
60313|홍타이지
60314|소리글자
60315|수동형
60316|주색잡기
60317|와지끈
60318|뉴트론
60319|출도
60320|독점욕
60321|장포
60322|껄
60323|화의
60324|위인전기
60325|딸기다
60326|창창
60327|유합
60328|쓰잘데
60329|희화
60330|귀곡성
60331|사이드암
60332|방통
60333|디바이
60334|김준민
60335|바울로
60336|군구
60337|가는귀
60338|어클다
60339|재제
60340|순진
60341|쥐오줌풀
60342|밀월여행
60343|완정
60344|고니
60345|가에
60346|꾸정물
60347|연평
60348|획순
60349|큰곰
60350|관경
60351|다작하다
60352|똑떨어지다
60353|바라밀다
60354|진저우
60355|초생달
60356|황차
60357|교무처
60358|철렁거리다
60359|접지하다
60360|그넷줄
60361|효영
60362|몽정하다
60363|주흔
60364|로만세
60365|터코마
60366|밭매다
60367|황로
60368|군말
60369|남진하다
60370|후창
60371|예탁
60372|짤르다
60373|우마르
60374|오크리지
60375|강의록
60376|클로닝
60377|공막
60378|빗금
60379|받는이
60380|양식화되다
60381|불요불급하다
60382|시앗
60383|물크림
60384|헛하다
60385|그리그
60386|히쭉
60387|두곡
60388|치레
60389|최소하다
60390|새김질
60391|순롓길
60392|통괄하다
60393|셰어런팅
60394|땡기
60395|능재
60396|건너다보이다
60397|콜걸
60398|조한
60399|금련
60400|찝
60401|세신
60402|말썽거리
60403|빈청
60404|홈캉스
60405|몰리브덴
60406|복죽
60407|비칠거리다
60408|아르르
60409|암체어
60410|테니슨
60411|봉술
60412|순제
60413|매끌매끌하다
60414|슈리성
60415|절절
60416|할복하다
60417|파계승
60418|하토르
60419|억지하다
60420|총결산
60421|덱시부프로펜
60422|대침
60423|테슬러
60424|압착되다
60425|오스뮴
60426|아그작아그작
60427|김지섭
60428|수내
60429|징허다
60430|퐁텐
60431|바야르
60432|송상
60433|발행자
60434|칼치
60435|라데츠키
60436|답삭
60437|믈라카
60438|은령
60439|뷔르츠부르크
60440|쇠문
60441|증오감
60442|주창자
60443|호안
60444|관양
60445|구차스럽다
60446|만곡
60447|휴아
60448|하빠
60449|아래편
60450|옭다
60451|맥도
60452|먹뱉
60453|에크린
60454|몽땅하다
60455|박통
60456|이반하다
60457|스러스트
60458|기탄없다
60459|쏜살같다
60460|경건히
60461|덕스
60462|평정되다
60463|아이고머니
60464|현소
60465|차연
60466|슬근슬근
60467|지옥고
60468|아주까리
60469|힐문하다
60470|할키다
60471|은의
60472|성성하다
60473|몰로토프
60474|포집되다
60475|콜록콜록하다
60476|싸락
60477|변성되다
60478|조앙
60479|신산
60480|밭갈이
60481|놋다리밟기
60482|자충
60483|발자욱
60484|급회전하다
60485|익비
60486|흉심
60487|재발견되다
60488|왜사
60489|순환기내과
60490|교교
60491|토산품
60492|좌대
60493|므흣하다
60494|몰캉하다
60495|경험론
60496|다주다
60497|지네
60498|폐장되다
60499|마룻장
60500|메어지다
60501|말갈
60502|반말지거리
60503|스튜어드십
60504|이듬
60505|분미
60506|점묘
60507|질색팔색하다
60508|휴무하다
60509|쥐스틴
60510|끝순
60511|홀스타인
60512|포슬거리다
60513|미그기
60514|씨근대다
60515|시침하다
60516|그러잡다
60517|비뉴
60518|엄메
60519|노발리스
60520|도리다
60521|문서화되다
60522|재개방하다
60523|복령
60524|교교하다
60525|몽파르나스
60526|합공
60527|퇴비화하다
60528|절룩이다
60529|가래침
60530|하철
60531|필선
60532|특점
60533|제벌
60534|방뇨하다
60535|섬약하다
60536|회송
60537|클라미디아
60538|음직
60539|선용
60540|보릿가루
60541|아예
60542|크시
60543|헬렐레하다
60544|신성시되다
60545|대음
60546|개안하다
60547|혈도
60548|번대
60549|밀리볼트
60550|전제주의
60551|삑삑대다
60552|거저리
60553|가루비누
60554|여보슈
60555|까칠까칠
60556|잔나
60557|콘후레이크
60558|재배당되다
60559|포목상
60560|고냥
60561|시큼털털하다
60562|몰리에르
60563|알더
60564|호월
60565|내리닫다
60566|주독
60567|어르
60568|잘개
60569|깜부
60570|쌍꺼풀지다
60571|니라
60572|시버트
60573|장궁
60574|위변조하다
60575|불전
60576|피오리아
60577|물먹이다
60578|콰이어
60579|스탬핑
60580|케어드
60581|압전
60582|사정없다
60583|셰이더
60584|란셀
60585|기완
60586|와사삭
60587|샤르코
60588|흉중
60589|문질문질하다
60590|탈거하다
60591|알코
60592|꺾은선
60593|특등급
60594|압색
60595|양하다
60596|병심
60597|대결전
60598|잘르다
60599|유희춘
60600|시립하다
60601|전대
60602|라티노
60603|가상도
60604|우변
60605|코든
60606|우상시하다
60607|천의
60608|어지러움
60609|미르다
60610|흠집투성이
60611|치직거리다
60612|개명되다
60613|그디
60614|퍼킨
60615|명모
60616|스리섬
60617|순홍
60618|백흑
60619|쪼록
60620|유아복
60621|매호
60622|합가하다
60623|피지배층
60624|무럭
60625|히아킨토스
60626|배까
60627|오타비아노
60628|회전되다
60629|보드빌
60630|어비
60631|구제품
60632|계서
60633|구젱기
60634|버들피리
60635|놓아기르다
60636|문학하다
60637|돌배나무
60638|기관원
60639|그나
60640|더블릿
60641|덕밍아웃
60642|라루스
60643|현우
60644|노벨라이즈
60645|서더리
60646|풍취
60647|서을
60648|티우다
60649|훌쩍대다
60650|차레
60651|몽양
60652|성신
60653|모듬
60654|글공부하다
60655|동막
60656|입촌하다
60657|처첩
60658|변리
60659|평달
60660|콤소몰스크나아무레
60661|클리토리스
60662|벌키
60663|평절
60664|자라
60665|허튼수작하다
60666|교토삼굴
60667|금욕하다
60668|서긍
60669|곤두박질
60670|춥디춥다
60671|근실히
60672|율촌
60673|그레이프프루트
60674|층대
60675|하이포
60676|애기애기하다
60677|옥바라지하다
60678|알르다
60679|드라비다족
60680|원피
60681|고후
60682|생것
60683|누리온
60684|밀링
60685|버둥버둥
60686|왼종일
60687|지까짓
60688|지르가
60689|니블러
60690|유잉
60691|말마
60692|위석
60693|배기하다
60694|귀부하다
60695|안카
60696|북곤
60697|독주곡
60698|핀잔하다
60699|모리미
60700|전두하다
60701|마편
60702|년분
60703|벙글거리다
60704|사릉
60705|착함
60706|헤라
60707|학천
60708|걸때
60709|바스다
60710|병이
60711|수집상
60712|원유값
60713|수빙
60714|버드랜드
60715|관공
60716|난쏘공
60717|대보
60718|할티다
60719|물고
60720|골르다
60721|선히
60722|할러
60723|로랑스
60724|탬퍼링
60725|망나니짓
60726|시림
60727|침채
60728|홍공
60729|조바위
60730|한그슥
60731|도도히
60732|개씹
60733|블루길
60734|옆눈
60735|폐강
60736|재작업하다
60737|퍼스펙티브
60738|나용
60739|마이크로초
60740|가취
60741|빽빽대다
60742|들락
60743|말르다
60744|변모되다
60745|아래줄
60746|예봉
60747|페산
60748|시지푸스
60749|멋쁨
60750|금강군
60751|진항
60752|알영
60753|조치
60754|공평무사하다
60755|고정불변
60756|어트케
60757|마그네트론
60758|급부
60759|신단
60760|송전하다
60761|행오버
60762|켈트인
60763|찌뿌리다
60764|딱지투성이
60765|단일하다
60766|랄로
60767|숙변
60768|쇳내
60769|지편하다
60770|혼꾸멍내다
60771|기객
60772|노영
60773|환화
60774|오침
60775|손양
60776|보안등
60777|링귀네
60778|위문
60779|연횡
60780|깔다구
60781|오페르트
60782|원암
60783|조몰락거리다
60784|투바
60785|시에
60786|신낙균
60787|북치
60788|흥진
60789|헛장사하다
60790|간척하다
60791|반코마이신
60792|코일링
60793|자포니즘
60794|벌구
60795|윤디
60796|층탑
60797|샐쭉
60798|최미
60799|바르작거리다
60800|라주
60801|배경막
60802|우편집배원
60803|엄지척하다
60804|바이오주
60805|여자여자하다
60806|메트릭
60807|라메
60808|빠스다
60809|사부작사부작하다
60810|인멸되다
60811|사상누각
60812|요염
60813|무부
60814|서울내기
60815|발레다
60816|모평
60817|염세주의
60818|코토누
60819|박피
60820|악학
60821|천도
60822|출현시키다
60823|진효
60824|가톨릭교도
60825|도온
60826|참봉
60827|질시하다
60828|지시어
60829|정송
60830|이상협
60831|인클로저
60832|평온히
60833|쌍고
60834|고롱고롱
60835|필딩
60836|유폐하다
60837|랜싱
60838|부화뇌동
60839|루핑
60840|한정
60841|은주
60842|길둥글다
60843|완고
60844|새판
60845|등목하다
60846|배기통
60847|꼬나들다
60848|개화사상
60849|천웅
60850|벌전
60851|합환주
60852|집적되다
60853|연실
60854|남항
60855|그라모폰
60856|자방
60857|팔레스티나
60858|바닥내다
60859|삼
60860|인내천
60861|연흥
60862|꼴레
60863|주데
60864|요거하다
60865|꼬라지
60866|닝닝하다
60867|귀애하다
60868|갇
60869|신지
60870|배식구
60871|석박
60872|경황없이
60873|루퍼
60874|가겐
60875|부등
60876|세크
60877|맞담배
60878|위생복
60879|워런트
60880|쎄미
60881|시금
60882|노망들다
60883|이와테
60884|요세푸스
60885|마름질
60886|때미
60887|꼬비
60888|적재함
60889|원저우
60890|트리에스테
60891|침니
60892|관료적
60893|잃어먹다
60894|박송
60895|인월
60896|체불되다
60897|툭툭하다
60898|반지르르
60899|권불십년
60900|화봉
60901|금당
60902|광심
60903|묘이
60904|양일
60905|제균
60906|창시되다
60907|몰염치
60908|프롤린
60909|뜨개바늘
60910|발전성
60911|아피
60912|동력선
60913|근골
60914|들뛰다
60915|무미건조
60916|준명
60917|불기소되다
60918|탈지분유
60919|다미앵
60920|플라멩고
60921|벌처
60922|맹서
60923|지리하다
60924|모기
60925|탈선되다
60926|제네비브
60927|인스트럭터
60928|헛헛
60929|축하다
60930|석출되다
60931|볼가강
60932|찬방
60933|짤그랑거리다
60934|피얼룩
60935|잠동
60936|할비
60937|급반전하다
60938|맘고생하다
60939|평준화하다
60940|약사발
60941|은혈
60942|배부
60943|졍
60944|덤벙
60945|웬만큼
60946|주곡
60947|걸고리
60948|독선생
60949|창도
60950|게달
60951|돼지고깃값
60952|을마
60953|측다
60954|포도시
60955|예민성
60956|맹포하다
60957|헤살
60958|띄엄띄엄하다
60959|연후
60960|오살하다
60961|시부리
60962|수수방관
60963|약성
60964|태내
60965|양벌
60966|지행
60967|토코페롤
60968|생살여탈권
60969|청병
60970|사회하다
60971|싸나
60972|풍부
60973|삼현
60974|레지옹
60975|재천명하다
60976|선입금하다
60977|비속하다
60978|세미프로
60979|빈례
60980|리슐리외
60981|어런
60982|경솔히
60983|대절
60984|농활
60985|벽치다
60986|꾸불꾸불
60987|운장
60988|폐간하다
60989|가르릉
60990|휴재하다
60991|엄선
60992|유혈목이
60993|갑골
60994|닭둘기
60995|탈핵
60996|클로킹
60997|콰르르
60998|평방
60999|비에
61000|바이오피드백
61001|셀렌
61002|이훈
61003|수지침
61004|무역업자
61005|바늘꽂이
61006|말코손바닥사슴
61007|익음
61008|복재
61009|그렌펠
61010|가서명하다
61011|푸아송
61012|복닥거리다
61013|영소
61014|똑바루
61015|까슬까슬
61016|고생문
61017|코뮨
61018|고리대금업
61019|배알하다
61020|풍설
61021|신포니아
61022|스포츠하다
61023|쯧쯧거리다
61024|노광
61025|육분의
61026|고음하다
61027|말출
61028|톱사슴벌레
61029|대실하다
61030|화본
61031|솜브레로
61032|사우스다코타주
61033|스륵스륵
61034|슬러
61035|유연히
61036|보툴리눔
61037|탄사
61038|원시생활
61039|들척지근하다
61040|어줍다
61041|가설무대
61042|랜섬
61043|스토크스
61044|진달래
61045|잿불
61046|절전하다
61047|니슨
61048|일주일
61049|하곡
61050|에세네파
61051|고너
61052|명공
61053|마른자리
61054|쌍간나새끼
61055|수작하다
61056|얼렁뚱땅하다
61057|에스디
61058|헐리다
61059|머마
61060|섞음
61061|내리깔리다
61062|나무결
61063|침전하다
61064|시와
61065|제피로스
61066|따로이
61067|지헤
61068|중촌
61069|미끌하다
61070|구물다
61071|균열되다
61072|골간
61073|음모하다
61074|낮도깨비
61075|피테칸트로푸스
61076|연은
61077|직접세
61078|금은
61079|갈탄
61080|견치
61081|바흐친
61082|오보에
61083|경음기
61084|이치
61085|빙화
61086|양압
61087|눔
61088|열곡
61089|저채
61090|하오하다
61091|버스럭거리다
61092|독화
61093|칠봉
61094|허허하다
61095|상찬
61096|마러다
61097|얼키설키
61098|전막
61099|트뤼포
61100|이락
61101|공치사하다
61102|준박
61103|에비타
61104|식대
61105|스크램제트
61106|스슥
61107|직근
61108|리아스식
61109|괴발개발
61110|애사슴벌레
61111|비비적대다
61112|캄프토사우루스
61113|대역무도하다
61114|뒤뚱뒤뚱하다
61115|시늉하다
61116|밑엣것
61117|훈음
61118|서스테인
61119|와인글라스
61120|사바테
61121|아래께
61122|납입되다
61123|약차
61124|누유
61125|메이플라워호
61126|러버스
61127|왕란
61128|달동
61129|끼고돌다
61130|세피
61131|퉁탕퉁탕
61132|고착시키다
61133|귀속하다
61134|푸에블라
61135|마나슬루
61136|북실북실하다
61137|얼음찜질하다
61138|구럼
61139|몃
61140|통독하다
61141|딱다구리
61142|단수하다
61143|한유하다
61144|여민락
61145|밀반출되다
61146|꼿
61147|용틀임
61148|과잉하다
61149|발검
61150|무개
61151|헛돈
61152|혜언
61153|배격
61154|누레지다
61155|야드파운드법
61156|배우리
61157|징글맞다
61158|염낭
61159|끼어주다
61160|결부하다
61161|장근
61162|날아내리다
61163|후카
61164|배은
61165|매입되다
61166|허우적허우적
61167|감관
61168|인욕
61169|질정
61170|어드메
61171|뺀질대다
61172|관학
61173|버이
61174|덕치
61175|얼룩투성이
61176|달달거리다
61177|카르스트
61178|카우프만
61179|되울리다
61180|떨렁
61181|별보
61182|온성
61183|제남
61184|쬐까
61185|나가시
61186|할리스코
61187|가축병원
61188|무니
61189|디가우징
61190|공소하다
61191|잡사
61192|탱이
61193|조선하다
61194|채두
61195|천남성
61196|아부자
61197|자리바꿈
61198|쩡쩡
61199|간략
61200|형옥
61201|재산가
61202|바리오닉스
61203|뽀독뽀독하다
61204|종정
61205|삼창하다
61206|크리즈
61207|자급하다
61208|김순남
61209|간이
61210|은위
61211|우읍
61212|권근
61213|참람하다
61214|청빙하다
61215|기고가
61216|오베이
61217|구충
61218|걸거치다
61219|기그
61220|열어제치다
61221|트로이온스
61222|쌔리다
61223|바느질거리
61224|오피오이드
61225|멀구
61226|셰일
61227|생경
61228|퍼다
61229|환형
61230|현창
61231|미들랜드
61232|커밍스
61233|문사
61234|견본품
61235|디지팩
61236|각부
61237|구학
61238|엘로
61239|쇠돌
61240|하이쿠이
61241|노나주다
61242|해무리
61243|초탄
61244|먀미
61245|삼중주
61246|경책하다
61247|찌끼
61248|꼬물꼬물하다
61249|알부민
61250|엠피
61251|야페
61252|멋없이
61253|재색
61254|로셸
61255|오버하우젠
61256|삐쭉삐쭉하다
61257|소시민적
61258|파인먼
61259|이론가
61260|누어
61261|규격화하다
61262|생산업자
61263|허신
61264|지우
61265|통학생
61266|시엘
61267|탁현
61268|정북
61269|생년
61270|종제
61271|범신론
61272|탐모라
61273|컴포지트
61274|두렁
61275|텐더로인
61276|간기
61277|고다르
61278|자운
61279|개병
61280|도광
61281|에지
61282|덕비
61283|시너지
61284|초전
61285|드르렁드르렁
61286|재판매되다
61287|하염
61288|꺾임
61289|화투짝
61290|미국흰불나방
61291|폐회
61292|곰베
61293|포복하다
61294|불로
61295|리포스트
61296|진갑
61297|청석
61298|브리지
61299|빈상
61300|디가다
61301|피지배
61302|달깍
61303|화롯가
61304|표토
61305|목중
61306|뭉실뭉실
61307|심근
61308|풍아
61309|친숙
61310|바두
61311|동주
61312|단미
61313|패각
61314|범죄형
61315|맘루크
61316|밥곽
61317|둥둥거리다
61318|슘페터
61319|실끈
61320|재임대하다
61321|사라다
61322|토종꿀
61323|아즈바이
61324|풀러렌
61325|마스턴
61326|무사시노
61327|쇼트닝
61328|무량
61329|염리
61330|아한
61331|봉공
61332|누렁
61333|하현달
61334|죽변
61335|퉁겨지다
61336|되밟다
61337|아찔아찔
61338|간이식당
61339|깍데기
61340|황하다
61341|찌걱
61342|아말감
61343|앙트레
61344|칼리만탄
61345|로조
61346|토후
61347|종종하다
61348|상학
61349|불규칙성
61350|옹골지다
61351|피펫
61352|사비에르
61353|차이완
61354|출진하다
61355|눈물지다
61356|선무
61357|산매
61358|배상제회
61359|성차
61360|춘정
61361|해롱대다
61362|조붓하다
61363|초방
61364|키루나
61365|발포되다
61366|비리야니
61367|밤차
61368|치금
61369|끄적끄적하다
61370|반골
61371|턴어라운드
61372|재조직하다
61373|말더듬이
61374|보데
61375|선법
61376|센텐스
61377|화화
61378|친구지간
61379|종생
61380|낚싯밥
61381|데워
61382|파로스
61383|공수래공수거
61384|톰캣
61385|티징
61386|광치
61387|접경하다
61388|외우
61389|광내다
61390|촐랑촐랑
61391|스왓
61392|절대하다
61393|이동도서관
61394|나오시
61395|덜거덕
61396|마필
61397|힐책하다
61398|베르거
61399|로제트
61400|내고
61401|특채하다
61402|계몽하다
61403|궂은비
61404|도덕주의자
61405|직설법
61406|반나마
61407|선관
61408|바작바작
61409|기름하다
61410|노석
61411|힐긋거리다
61412|김성곤
61413|예히
61414|구실하다
61415|한웅
61416|재예치하다
61417|농향
61418|저리하다
61419|개문
61420|농림어업
61421|플랜테리어
61422|살판
61423|김광섭
61424|타부
61425|상주인구
61426|운영난
61427|휘그당
61428|하이퍼스레딩
61429|무사이
61430|절필하다
61431|암키와
61432|캄파넬라
61433|산지사방
61434|술하다
61435|에르그
61436|기웃하다
61437|옥선
61438|브리프케이스
61439|아마조네스
61440|모습하다
61441|굿이어
61442|파탈
61443|진지상
61444|특동대
61445|리로
61446|칭사
61447|리소그래피
61448|투광
61449|휘종
61450|하평
61451|총합하다
61452|부속되다
61453|덧저고리
61454|객가
61455|시엠레아프
61456|차담
61457|원원
61458|나환자
61459|백룡
61460|쳐들리다
61461|함남
61462|찌르르르
61463|음슴체
61464|수십만
61465|내국
61466|건당
61467|현호색
61468|파파로티
61469|몸수색하다
61470|덱사메타손
61471|관봉
61472|김장독
61473|위무
61474|명엽채
61475|개제
61476|밀거래하다
61477|지르코늄
61478|전정하다
61479|부산스레
61480|월경하다
61481|도등
61482|태공
61483|태코미터
61484|서창
61485|군별
61486|암캉아지
61487|오향
61488|묵도
61489|올드미스
61490|곽기
61491|골상
61492|호형
61493|닝다
61494|요상
61495|호열자
61496|수류
61497|빵긋빵긋
61498|후포
61499|대접전
61500|급출발
61501|한생
61502|안투
61503|일반차
61504|건의되다
61505|에가
61506|천현
61507|여릿하다
61508|울궈내다
61509|정사하다
61510|사세보
61511|주곽
61512|검은고양이
61513|대패질하다
61514|뎅그렁
61515|노작
61516|떠벌이다
61517|정인홍
61518|스워시
61519|무의촌
61520|수룡
61521|두음
61522|레굴루스
61523|게타
61524|차점자
61525|명절맞이
61526|고마쓰
61527|교접하다
61528|회도
61529|께끼
61530|동축
61531|처닫다
61532|진상이
61533|의시
61534|무모순성
61535|당포
61536|복행하다
61537|근대화하다
61538|두에
61539|타란텔라
61540|샬리
61541|종군하다
61542|사라왁
61543|재액
61544|냉가슴
61545|위기
61546|하루방
61547|차골
61548|밀리오다
61549|려가
61550|노은
61551|검안하다
61552|회하다
61553|비꼬이다
61554|헬리오트로프
61555|바윗길
61556|가산성
61557|폐출되다
61558|참복
61559|에이도스
61560|권번
61561|종신토록
61562|문피
61563|서출
61564|공통성
61565|왕창왕창
61566|팅기다
61567|거세당하다
61568|생침
61569|월보
61570|구혼하다
61571|침습
61572|뜨굽다
61573|시염
61574|상비군
61575|노르에피네프린
61576|길복
61577|소패
61578|모용
61579|관형사
61580|저림
61581|감쇄
61582|어려
61583|입론
61584|크롬웰
61585|시안하다
61586|자란
61587|가로막살
61588|이정하다
61589|쟁기다
61590|조랑조랑
61591|주춤주춤하다
61592|죽립
61593|지치
61594|창학
61595|일확천금하다
61596|분답다
61597|오찌
61598|군말하다
61599|뻔쩍
61600|거지반
61601|핑킹
61602|등록부
61603|양중
61604|난곡
61605|오비녜
61606|착용되다
61607|푸르딩딩
61608|착착하다
61609|피피피
61610|고남
61611|곽지
61612|마참내
61613|탈력
61614|천녀
61615|화합되다
61616|솔로이스트
61617|능묘
61618|태장
61619|저용
61620|호구지책
61621|납작코
61622|크레셴도
61623|라피아
61624|라스무센
61625|짤깍짤깍
61626|노르아드레날린
61627|오르토
61628|고조모
61629|치산
61630|뜨끔뜨끔하다
61631|슬리커
61632|창평
61633|호로록하다
61634|끼루룩거리다
61635|완작
61636|체열
61637|크리스티아니아
61638|어응
61639|무크
61640|삐까삐까하다
61641|합법하다
61642|불호하다
61643|모직물
61644|은한
61645|가마이
61646|급용
61647|환후
61648|큰오색딱따구리
61649|얼죽코
61650|거대화하다
61651|회암사
61652|엠트론
61653|재설정되다
61654|멋들다
61655|판자집
61656|집하
61657|메아다
61658|내곡
61659|내노라하다
61660|산비장이
61661|등요
61662|삐쭉거리다
61663|삼심
61664|짐스럽다
61665|하래이
61666|엄살부리다
61667|잠가
61668|묵란도
61669|파안대소하다
61670|소중이
61671|자율화하다
61672|평강하다
61673|복작대다
61674|가겟방
61675|소슬하다
61676|낡
61677|지수화하다
61678|이엠
61679|네오콘
61680|지곡
61681|피니얼
61682|미양
61683|개략
61684|청장년
61685|개량종
61686|사레
61687|엄금하다
61688|오라토리오
61689|물사마귀
61690|임나
61691|간옹
61692|출관하다
61693|귀곡
61694|달칵달칵
61695|휴계소
61696|매퉁이
61697|그윽이
61698|잔채
61699|홧술
61700|완불
61701|대룡
61702|로베스피에르
61703|아이들링
61704|종이띠
61705|루인
61706|양안
61707|행주치마
61708|조규
61709|종조부
61710|에인절피시
61711|농군
61712|낚아내다
61713|우뚝우뚝
61714|후영
61715|탈색시키다
61716|할랑
61717|에르푸르트
61718|큰바람
61719|커버넌트
61720|제망매가
61721|절그렁거리다
61722|갑조
61723|테이텀
61724|정당인
61725|용접되다
61726|적구
61727|연연
61728|후왕
61729|도원결의하다
61730|쌱
61731|고종사촌
61732|배겨나다
61733|기업화
61734|외까풀
61735|제해권
61736|테레민
61737|왕인
61738|애뮬릿
61739|혓소리
61740|오버부킹
61741|독파
61742|덜그럭대다
61743|쩧다
61744|노동조합원
61745|뉴페
61746|백년손님
61747|멸망되다
61748|포디엄
61749|누정
61750|빈농
61751|들물
61752|브로카
61753|랭커스터
61754|아크바르
61755|연성하다
61756|로단
61757|인전
61758|사르곤
61759|중난하이
61760|낭창거리다
61761|통규
61762|단정되다
61763|당동벌이
61764|말재다
61765|키틴
61766|곡해되다
61767|측우대
61768|볼록볼록하다
61769|건느다
61770|십진분류법
61771|밴플리트상
61772|제막하다
61773|분토
61774|무한성
61775|아해
61776|홀트다
61777|힙찔이
61778|돌개
61779|학재
61780|희화하다
61781|역산
61782|개당
61783|시름없이
61784|성가퀴
61785|보임되다
61786|위리
61787|윤음
61788|난두
61789|순령
61790|윤증
61791|거니
61792|운하다
61793|양자택일하다
61794|우끼
61795|펀칭하다
61796|끅끅대다
61797|둔내
61798|채종
61799|홍종
61800|규조
61801|전령하다
61802|효성스럽다
61803|루가
61804|갑산
61805|긍정문
61806|캬바레
61807|갖바치
61808|부귀하다
61809|지오데식
61810|요정하다
61811|대사전
61812|누
61813|죽편
61814|내왕
61815|컴벌랜드
61816|씻그다
61817|육십갑자
61818|덤웨이터
61819|혁신되다
61820|라타
61821|흐늘거리다
61822|장덕준
61823|아트만
61824|즉답
61825|살살거리다
61826|무에다
61827|오입
61828|류하다
61829|마안
61830|여항
61831|차경
61832|채납
61833|힌두쿠시산맥
61834|버미
61835|둔통
61836|구사일생하다
61837|스쿠알렌
61838|기준량
61839|자망
61840|죽밥
61841|멧밭쥐
61842|행마
61843|탄호이저
61844|유관
61845|꼬르륵대다
61846|코스마
61847|위광
61848|변침
61849|씨부렁대다
61850|메르헨
61851|선근
61852|죄악시
61853|냉담
61854|내유
61855|규형
61856|두기하다
61857|건하다
61858|영등위
61859|뱀프
61860|흰물떼새
61861|오가리
61862|뽀드득거리다
61863|이소하다
61864|준설
61865|하오리
61866|정타
61867|붕하다
61868|잉그다
61869|오롬
61870|모악산
61871|거짓투성이
61872|호용
61873|끄르다
61874|씨보
61875|지탄하다
61876|들고나다
61877|베르길리우스
61878|재지
61879|양시
61880|낸중
61881|요관
61882|예민도
61883|깊디깊다
61884|갸웃갸웃하다
61885|갈갈이
61886|장제
61887|재결성하다
61888|천가
61889|존영
61890|알랑방구
61891|광군
61892|내습
61893|너부리
61894|어등산
61895|우조
61896|논지
61897|살차다
61898|흥왕사
61899|폭음하다
61900|벽계수
61901|갑충
61902|릴리트
61903|프레게
61904|가공성
61905|탈냉전
61906|백수
61907|아페리티프
61908|파슈토어
61909|어소
61910|고강
61911|비쎄다
61912|이괄
61913|도라꾸
61914|오펜바흐
61915|군진
61916|표출시키다
61917|아쓰마
61918|폰타네
61919|신우
61920|스트리핑
61921|조정
61922|헛지랄
61923|땡삐
61924|합독하다
61925|또록
61926|차오양
61927|질근
61928|직매입하다
61929|빠그러지다
61930|아주마
61931|강개
61932|판소리하다
61933|획정하다
61934|멀찍하다
61935|투르게네프
61936|병관
61937|꼬륵
61938|곱슬하다
61939|생일맞이
61940|손수
61941|안슬프다
61942|지입
61943|치타공
61944|딸그랑
61945|평문
61946|창선
61947|허일
61948|혼비
61949|증이
61950|아크라
61951|메렝게
61952|렘바스
61953|묘금
61954|버석
61955|유증
61956|장화홍련전
61957|니시다
61958|웅혼하다
61959|일단락하다
61960|출렁하다
61961|능통
61962|졸렵다
61963|네오프렌
61964|떨어짐
61965|서리하다
61966|초어
61967|플루티스트
61968|불륜하다
61969|위트레흐트
61970|버로스
61971|지필
61972|맨하다
61973|국란
61974|몽진
61975|속방
61976|강담
61977|모쿠다
61978|비접종자
61979|비고
61980|무연하다
61981|갯바람
61982|카데바
61983|유해물
61984|회천
61985|리얼감
61986|진득진득
61987|넙적
61988|의문시되다
61989|동댕이치다
61990|월금
61991|배경하다
61992|고양고양
61993|을조
61994|흥청대다
61995|변복하다
61996|역도하다
61997|전찻길
61998|반편
61999|짧디짧다
62000|바수톨란드
62001|덜컥덜컥하다
62002|스포캔
62003|대굴대굴
62004|퀵스텝
62005|찬불가
62006|마갑
62007|동서지간
62008|십계
62009|허선
62010|주오
62011|풀맛
62012|아경
62013|혼내키다
62014|잠심
62015|뉴룩
62016|끼들다
62017|앙상히
62018|소프트크림
62019|국록
62020|유피
62021|빠꼼하다
62022|침윤
62023|적동
62024|오슬기
62025|왕민
62026|매발톱꽃
62027|병란
62028|주정꾼
62029|조실부모하다
62030|움추리다
62031|매점매석하다
62032|건업
62033|발걸이
62034|스팬
62035|굴식
62036|변해
62037|책책
62038|법칙성
62039|내항하다
62040|대은
62041|휘말다
62042|갱생되다
62043|곱슬곱슬
62044|탕반
62045|저평가하다
62046|가수되다
62047|약하디약하다
62048|떠리
62049|등긁이
62050|미끄러트리다
62051|에딩턴
62052|파쿠다
62053|국유지
62054|왕유
62055|베크
62056|신호선
62057|간지럼
62058|뒷소문
62059|화녀
62060|께름직하다
62061|꾸리하다
62062|신불
62063|장이
62064|이라다
62065|흑설
62066|부정부패하다
62067|모깃불
62068|스적이다
62069|허몽
62070|레지
62071|넘그다
62072|여직껏
62073|두리다
62074|귀수
62075|동탑
62076|섹파
62077|물어지다
62078|광물성
62079|합성음
62080|붙안다
62081|맑은소리
62082|특주
62083|참의
62084|부분하다
62085|돌어오다
62086|후라이판
62087|저단
62088|자치하다
62089|맑스
62090|멘히르
62091|크리스테
62092|풍한
62093|오매불망하다
62094|깎새
62095|동부인하다
62096|토분
62097|한청
62098|에크멕
62099|이몽
62100|창경
62101|앰블런스
62102|궁형
62103|선뜻하다
62104|낙동
62105|천만다행히
62106|대작하다
62107|만돌린
62108|본장
62109|나부코
62110|노골
62111|저화
62112|까실까실하다
62113|비실하다
62114|산호색
62115|파스토
62116|몽달귀신
62117|낙탄
62118|표집
62119|뭉글뭉글
62120|노염
62121|여뀌
62122|쇠고기
62123|형식화되다
62124|성황당
62125|평범히
62126|스트로빙
62127|혼잡스럽다
62128|산전
62129|타력
62130|바이오메디컬
62131|애장
62132|센터피스
62133|전언하다
62134|외음부
62135|날아댕기다
62136|제동하다
62137|대중소
62138|와가두구
62139|과잣값
62140|주병
62141|훼
62142|헐렁이
62143|의붓오빠
62144|재배지
62145|결방되다
62146|예찰
62147|상징어
62148|척신
62149|데위
62150|초형
62151|명근
62152|닐리리야
62153|날라댕기다
62154|환원주의
62155|찍하다
62156|집무하다
62157|임전
62158|공출
62159|막내둥이
62160|짤깍
62161|떠벌떠벌
62162|날고뛰다
62163|산와
62164|랭글리
62165|청첩
62166|굽신굽신하다
62167|기울
62168|그린랜드
62169|음어
62170|피나클
62171|여월
62172|건대
62173|가에이
62174|벌렁대다
62175|인상기
62176|큰사위
62177|호플리테스
62178|불뱀
62179|과감성
62180|내품
62181|헛제삿밥
62182|위칙
62183|평방킬로미터
62184|재수출하다
62185|운제
62186|엄단
62187|직딩
62188|오에
62189|설호
62190|광장하다
62191|박각시
62192|두눈박이
62193|후추가루
62194|와그작와그작
62195|브라인슈림프
62196|격일제
62197|훈수하다
62198|김창협
62199|비몽
62200|디벨롭먼트
62201|병해
62202|이석하다
62203|내산
62204|오종종하다
62205|아차산성
62206|달싹이다
62207|칫솔질하다
62208|알칼로이드
62209|브레이크스루
62210|원그래프
62211|궁주
62212|풀썩풀썩
62213|관훈
62214|분에
62215|윈스
62216|거경
62217|총리하다
62218|평균나이
62219|투명대
62220|화급히
62221|전화되다
62222|그릴리
62223|배전
62224|위왕
62225|컴프레션
62226|액화되다
62227|투척기
62228|짹짹대다
62229|내접
62230|멜라노솜
62231|비숫하다
62232|다정다감
62233|봉호
62234|우발
62235|알파화미
62236|병인
62237|항량
62238|스페릭스
62239|학학
62240|골드스미스
62241|왜색
62242|천룡
62243|피우
62244|껌뻑껌뻑
62245|따라지다
62246|당가
62247|태유
62248|상촌
62249|번뜩번뜩
62250|병에
62251|콤프턴
62252|법열
62253|재항고하다
62254|매원
62255|카이펑
62256|대선하다
62257|스파이커
62258|쌍리
62259|호루라기
62260|병소
62261|묘사력
62262|챠트
62263|중상모략하다
62264|유녀
62265|참위
62266|위체
62267|로트레크
62268|네펜테스
62269|요속
62270|번철
62271|숨키다
62272|알펜호른
62273|타로술사
62274|거열
62275|법구
62276|워너크라이
62277|군색하다
62278|자각되다
62279|팬파이프
62280|가제이
62281|도시다
62282|원승
62283|할스
62284|활자체
62285|남사당
62286|쇼카
62287|패팅
62288|가창하다
62289|맏물
62290|살인나다
62291|오크라
62292|아노미
62293|쪼끔쪼끔
62294|시카리
62295|에일맥주
62296|헤리
62297|빡주
62298|아짐
62299|윗놈
62300|람사
62301|안속
62302|혜명
62303|계량화하다
62304|키로프
62305|금구
62306|아무튼지
62307|푸싱
62308|개마
62309|리도카인
62310|큰칼
62311|모형화하다
62312|성년기
62313|다방구
62314|담판하다
62315|지비
62316|아미노
62317|귀에
62318|의이
62319|여과되다
62320|웃음가스
62321|청고병
62322|꾸루룩
62323|행려병자
62324|졸본
62325|파라드
62326|진한
62327|마주나다
62328|말똥하다
62329|왕구
62330|희사
62331|문풀
62332|재분
62333|중약
62334|프리메이슨
62335|파독
62336|물결표
62337|얼음칼
62338|신역
62339|헤까닥하다
62340|탄착하다
62341|연등하다
62342|유란
62343|위그드라실
62344|탐사되다
62345|불떡
62346|변혁하다
62347|라그만
62348|강솔
62349|닭머르
62350|한담
62351|잠저
62352|실쿤
62353|독설하다
62354|재무장하다
62355|매카시즘
62356|수긍되다
62357|난만하다
62358|심하
62359|리피터
62360|울하다
62361|신문팔이
62362|네눈박이
62363|아나나스
62364|티베리우스
62365|오버행
62366|보토
62367|발크다
62368|가즈오다
62369|냉장하다
62370|버그투성이
62371|법지
62372|사시장철
62373|연임되다
62374|본도
62375|깔짝깔짝하다
62376|유의미
62377|하이퍼텍스트
62378|올르다
62379|찬비
62380|언술
62381|씅
62382|해해하다
62383|배덕하다
62384|현후
62385|페티시즘
62386|큰이
62387|씨잘데기
62388|밀담
62389|개상
62390|프리트
62391|계세
62392|로부스타
62393|휴경지
62394|경천동지하다
62395|되고
62396|애팔래치아
62397|방조자
62398|설공찬전
62399|쉬쉬거리다
62400|솩
62401|메케하다
62402|율구
62403|옹심
62404|빠짝빠짝
62405|식염
62406|작대기
62407|통분
62408|미네스트로네
62409|비껴들다
62410|낙빈
62411|선반영하다
62412|옹진
62413|하우사족
62414|오입쟁이
62415|항동
62416|프리타
62417|페티쉬
62418|야공
62419|신신
62420|목초지
62421|면천하다
62422|아세
62423|우기
62424|선역
62425|콩피에뉴
62426|몸조리하다
62427|하늬바람
62428|통통대다
62429|신가
62430|바마코
62431|급별
62432|유왕
62433|드륵드륵
62434|소트
62435|할리다
62436|방초
62437|카포에라
62438|극일
62439|시맥
62440|죽원
62441|게획
62442|츤츤거리다
62443|걸리적대다
62444|수기하다
62445|조제실
62446|중환
62447|수궁
62448|환도하다
62449|강건히
62450|단결권
62451|나가르주나
62452|시착하다
62453|갈칫국
62454|식민
62455|윗반
62456|낙엽수
62457|면세하다
62458|어버버거리다
62459|웬록
62460|폴리시
62461|도이다
62462|졸하다
62463|우곤
62464|목토
62465|페니히
62466|우두둑우두둑
62467|허덕허덕
62468|리바스
62469|빼이
62470|면나다
62471|관대히
62472|역마
62473|가나다
62474|현강
62475|카듀
62476|영표
62477|획일화하다
62478|횡대
62479|인간화되다
62480|백학
62481|메르쿠리
62482|기주하다
62483|서글피
62484|베카르
62485|황재
62486|부실화되다
62487|귀중
62488|큐폴라
62489|팀버
62490|콜로니얼
62491|역대
62492|개장국
62493|후견
62494|감숙
62495|정생
62496|찌르릉
62497|스끼다시
62498|안티테제
62499|발호
62500|끄떡끄떡
62501|귀의
62502|김창숙
62503|곡예단
62504|군막
62505|꽁이
62506|코르티나담페초
62507|조선왕실의궤
62508|피학
62509|일렁일렁
62510|뱅뱅이
62511|전강
62512|극하다
62513|제고
62514|다싱
62515|카메하메하
62516|복횡근
62517|백골화되다
62518|배롱
62519|앵꼬
62520|나균
62521|게데
62522|모듈화되다
62523|기당
62524|사랑놀음
62525|풍신
62526|텔레타이프
62527|따꿍
62528|뒤밟다
62529|인습적
62530|끼약
62531|또록또록
62532|어절씨구
62533|밀레다
62534|슈피리
62535|판토마임
62536|두한
62537|탑다운
62538|비지엠
62539|할부하다
62540|니진스키
62541|회답하다
62542|용원
62543|두둔
62544|독보
62545|용맹무쌍하다
62546|이등분
62547|특은
62548|관자재보살
62549|옥시벤존
62550|파차
62551|참례하다
62552|깐닥거리다
62553|보래
62554|치마꼬리
62555|원정하다
62556|택호
62557|원적
62558|가름대
62559|보들하다
62560|노이다
62561|치아다
62562|마더스
62563|귀축
62564|독점되다
62565|한판
62566|모리다
62567|결점투성이
62568|거센소리
62569|도신
62570|사람대접하다
62571|나누이다
62572|영세민
62573|엎디다
62574|숩다
62575|오실로스코프
62576|요괴스럽다
62577|워홀러
62578|팩스턴
62579|천우
62580|쑹산
62581|고깃기름
62582|오예
62583|신바이오틱스
62584|오아후섬
62585|울렁대다
62586|과숙
62587|초간단하다
62588|송하
62589|납골
62590|유명무실
62591|연역법
62592|작목
62593|포르타
62594|선연히
62595|풍숙
62596|암마
62597|워호
62598|카슈가르
62599|굥
62600|돌피
62601|수간
62602|화쟁
62603|오르후스
62604|강애
62605|시폰
62606|응찰하다
62607|타협되다
62608|찡그러지다
62609|아득
62610|하달
62611|카를스루에
62612|철컥하다
62613|밀보
62614|치올리다
62615|어호
62616|람부탄
62617|비컨
62618|한들거리다
62619|활제
62620|검침하다
62621|세로획
62622|단전되다
62623|맹종
62624|열게
62625|회견하다
62626|실뱀
62627|금금
62628|의붓자식
62629|토용
62630|시토
62631|영속하다
62632|베스트팔렌
62633|막도장
62634|컬컬하다
62635|검암
62636|최필
62637|부주
62638|갱내
62639|정쟁하다
62640|알나리깔나리
62641|거들먹대다
62642|방포
62643|윈도쇼핑
62644|계심
62645|보기하다
62646|비슷이
62647|홍순
62648|뽀짝뽀짝
62649|발문
62650|베샤멜소스
62651|공매도하다
62652|그리하여
62653|달싹
62654|광문
62655|난상
62656|베라크루스
62657|눈덧신토끼
62658|파하하다
62659|견아
62660|프리큐어
62661|잘데다
62662|피란하다
62663|장허
62664|항행하다
62665|킹킹
62666|네트볼
62667|측도
62668|유탕
62669|불상하다
62670|옌장
62671|해반
62672|쿨레
62673|케레
62674|씨시
62675|외톨박이
62676|곰시
62677|다가마
62678|친밀
62679|방추
62680|외래문화
62681|탐페레
62682|사리물다
62683|야세
62684|에빙하우스
62685|핸드오프
62686|뺏들다
62687|사이클로이드
62688|모금함
62689|얻어듣다
62690|홍찌
62691|두부상
62692|진흙물
62693|어긋남
62694|올미
62695|야멸치다
62696|안전원
62697|김병연
62698|어쏘
62699|강형
62700|태질
62701|무꾸리
62702|아버니
62703|엄망
62704|뽈록하다
62705|주우
62706|퍼마시다
62707|폭뢰
62708|불그리하다
62709|약분
62710|완전무결
62711|덩더꿍
62712|시마이하다
62713|어깨받이
62714|갸웃갸웃
62715|호바
62716|집단화되다
62717|배란되다
62718|황금물결
62719|토월
62720|정개
62721|범처
62722|발파하다
62723|코르사코프
62724|백안
62725|공배수
62726|구득
62727|줄임표
62728|현철하다
62729|흐무러지다
62730|빈전
62731|분업하다
62732|보에다
62733|손선풍기
62734|베사라비아
62735|그로그
62736|커리클로
62737|출튀
62738|재삼
62739|불고
62740|상목
62741|얘끼
62742|바우트
62743|풀다운
62744|은닉되다
62745|마로니에
62746|실험되다
62747|귀이
62748|첨사
62749|따시
62750|내뿜음
62751|비프스테이크
62752|호광
62753|관련짓다
62754|치심
62755|불균일하다
62756|명왕
62757|송민
62758|똥벌레
62759|옥룡
62760|중심되다
62761|미키다
62762|호디
62763|문우
62764|침법
62765|팔랑팔랑하다
62766|식민화하다
62767|추징되다
62768|앙콘
62769|페로브스카이트
62770|도륙되다
62771|망측스럽다
62772|풍림
62773|마른장마
62774|계체
62775|보릿짚
62776|금곡
62777|물치
62778|발르다
62779|번안하다
62780|생뚱
62781|부초
62782|웩웩거리다
62783|굳음
62784|휘어들다
62785|방방하다
62786|자화
62787|종상
62788|강누리
62789|땃다
62790|술회하다
62791|빼짝
62792|지양되다
62793|지의
62794|소실하다
62795|개고기
62796|난부
62797|선그라스
62798|어긋나가다
62799|입도하다
62800|횡적
62801|헥센
62802|항일
62803|위대다
62804|끄떡끄떡하다
62805|인제사
62806|부병
62807|엉켜들다
62808|할모니
62809|인버네스
62810|남가좌동
62811|집정
62812|민방
62813|트리암시놀론
62814|악지
62815|코스크
62816|마스타바
62817|후비적
62818|초현대적
62819|심의되다
62820|분권화
62821|효원고
62822|육봉
62823|마른나무
62824|부인과
62825|모르겐슈테른
62826|쟁론하다
62827|끌어대다
62828|금표
62829|위자
62830|흘수
62831|침놓다
62832|남식
62833|우적거리다
62834|양조하다
62835|디립다
62836|형리
62837|공시적
62838|보르시
62839|진력하다
62840|질박하다
62841|변화율
62842|조절제
62843|항공로
62844|맨스플레인
62845|신무
62846|조준되다
62847|마가다
62848|텅텅거리다
62849|막드
62850|부슈
62851|취입
62852|남매지간
62853|철커덩거리다
62854|채록하다
62855|찰랑하다
62856|선소
62857|쩜매다
62858|타도되다
62859|근묵자흑
62860|괴도라치
62861|단령
62862|조회
62863|트렌턴
62864|절멸되다
62865|도시풍
62866|올림
62867|리머릭
62868|베르뇌
62869|서열화되다
62870|근위축증
62871|원흥
62872|하즈
62873|계봉
62874|쥐똥나무
62875|군명
62876|숨골
62877|묘리
62878|포실포실
62879|코스웨어
62880|대흉
62881|별가
62882|희왕
62883|해머링
62884|길리기아
62885|불만하다
62886|노주
62887|삐리하다
62888|생육하다
62889|블로킹하다
62890|교육계획
62891|아지망
62892|저반
62893|궁박하다
62894|파안대소
62895|쇄락하다
62896|현측
62897|범중
62898|쓰레기투성이
62899|독병
62900|다게
62901|사업화하다
62902|부본
62903|재품
62904|오세치
62905|납작납작하다
62906|착하디착하다
62907|중권
62908|박종
62909|선동자
62910|빠득
62911|경탄스럽다
62912|천날만날
62913|아이링
62914|살보
62915|모놀로그
62916|작례
62917|에스파뇰
62918|랑그
62919|앉은반
62920|득실득실
62921|그끄저께
62922|플러드
62923|캐벗
62924|정암
62925|애빼시
62926|엎어뜨리다
62927|투문
62928|크로셰
62929|호곡
62930|콧숨
62931|곤지곤지
62932|우테
62933|임장하다
62934|북로
62935|갈겡
62936|자일로스
62937|고삼
62938|고스팅
62939|번뜩하다
62940|초컬릿
62941|들어받다
62942|망초
62943|부르조아
62944|서순
62945|단스
62946|존명
62947|통할하다
62948|둔갑되다
62949|황송
62950|복룡
62951|캐뉼러
62952|정규군
62953|밤새껏
62954|엥이
62955|멘
62956|간식하다
62957|트랙커
62958|워드로브
62959|장정되다
62960|사론
62961|오로
62962|선루
62963|표상되다
62964|수수꽃다리
62965|프레더릭턴
62966|혈증
62967|뿔리
62968|율다
62969|간뎅이
62970|구료
62971|량주
62972|파단
62973|격고
62974|악정
62975|파삭파삭
62976|유양
62977|고깃결
62978|비틀하다
62979|겸자
62980|살붙이
62981|에이릭손
62982|크로노미터
62983|별론
62984|들어앉히다
62985|베두이
62986|파고파고
62987|공중변소
62988|문락
62989|켄타우루스
62990|고센
62991|저벅거리다
62992|답파하다
62993|보르조이
62994|미에현
62995|병점
62996|백염
62997|볶아치다
62998|초역
62999|연대감
63000|법의
63001|불수
63002|춘양
63003|통관하다
63004|딸그락거리다
63005|전박
63006|양란
63007|테무친
63008|개소주
63009|우두망찰
63010|맘잡다
63011|키보디스트
63012|춘우
63013|배판
63014|특판
63015|법륜
63016|결례하다
63017|덜그럭덜그럭
63018|깩깩거리다
63019|망중한
63020|가바펜틴
63021|민긍호
63022|고정화되다
63023|권주
63024|들쓰다
63025|두두룩하다
63026|이원화하다
63027|접객업
63028|속달
63029|부설
63030|고러다
63031|다저
63032|현시
63033|비실대다
63034|디리
63035|음식상
63036|쾅쾅대다
63037|광월
63038|혜다
63039|백전백패하다
63040|감자하다
63041|존재성
63042|사전트
63043|개발리다
63044|무가
63045|기미하다
63046|위난
63047|묻잡다
63048|뚱땅뚱땅
63049|곧추서다
63050|채란
63051|루마니아어
63052|절필
63053|잰스
63054|디룩디룩
63055|길피
63056|유태
63057|작열
63058|어룽거리다
63059|하푼
63060|크기
63061|탈레랑
63062|배색되다
63063|예설
63064|온혈
63065|아뢰야식
63066|한뎃잠
63067|바스락바스락하다
63068|꽁수
63069|눌지왕
63070|장마비
63071|수리학자
63072|여삼추
63073|라벤나
63074|덕신
63075|핀타
63076|채이다
63077|스탠드오프
63078|유연화하다
63079|개비하다
63080|두국병민
63081|잡과
63082|거어
63083|활자화되다
63084|동동대다
63085|버젯이
63086|트랜지언트
63087|친일하다
63088|때굴때굴
63089|지유
63090|강비
63091|건양다경
63092|브로트
63093|분간되다
63094|구휼하다
63095|청상
63096|빵애
63097|권신
63098|흥거
63099|우하다
63100|기번
63101|넘어다보다
63102|하트퍼드
63103|북서진하다
63104|머뭇하다
63105|무위도식
63106|건춘문
63107|원무
63108|동자개
63109|군력
63110|먹장
63111|숭미
63112|구첩반상
63113|산문시
63114|아스픽
63115|세이와
63116|대길하다
63117|순리적
63118|유합하다
63119|메이커스페이스
63120|매음
63121|가일
63122|슬로우푸드
63123|디맥
63124|접합되다
63125|와사
63126|코트라
63127|사두가이파
63128|플러싱
63129|흑체
63130|춘
63131|꼼질꼼질
63132|마카다
63133|플라모델
63134|판대부시사
63135|현애
63136|몰록
63137|뻔뻔히
63138|월곶
63139|아다팔렌
63140|자취러
63141|웨이다
63142|반파
63143|고동아
63144|푸석거리다
63145|약탕
63146|호룡곡산
63147|울끈불끈
63148|걸아
63149|올래
63150|중계방송하다
63151|핌스
63152|철리
63153|질의응답하다
63154|페스트리
63155|메노
63156|발효법
63157|가느스름하다
63158|상일
63159|약포
63160|뻰찌
63161|도르래
63162|엄주
63163|실용서
63164|접시꽂이
63165|빈객
63166|륙
63167|재임
63168|머릿기름
63169|취안저우
63170|귀양지
63171|금릉
63172|세바스토폴
63173|아자작
63174|잔일
63175|허심탄회
63176|탁탁하다
63177|저쯤
63178|날르다
63179|공기놀이하다
63180|애그테크
63181|밤배
63182|탈탈거리다
63183|게화
63184|소곤소곤하다
63185|융커스
63186|산성화하다
63187|무빙하다
63188|걷어채이다
63189|막거리
63190|신장염
63191|잘몬하다
63192|무화과잼
63193|공연시
63194|신승하다
63195|눈꺼플
63196|법동
63197|부전승하다
63198|토록
63199|교통지옥
63200|이불자락
63201|등청
63202|절충되다
63203|충지
63204|징글
63205|흘림
63206|방독
63207|반위
63208|이트륨
63209|꿀벌부채명나방
63210|실버톤
63211|목축하다
63212|버르장
63213|아이스킬로스
63214|삐거덕대다
63215|부견
63216|은루
63217|쓴잔
63218|외틀다
63219|입스위치
63220|토폴로지
63221|에프엠
63222|대아
63223|덕종
63224|척왜
63225|솔수염하늘소
63226|관옥
63227|국제아동절
63228|색면
63229|미지급하다
63230|센티멘털하다
63231|밀원
63232|꿰들다
63233|반봉건
63234|첨보
63235|하나같다
63236|수요하다
63237|무연히
63238|흝다
63239|층상
63240|건게
63241|두툽상어
63242|음폭
63243|카달로그
63244|무법하다
63245|좌동
63246|티케이
63247|오도되다
63248|적습
63249|용거
63250|콜론
63251|방씨
63252|옴폭하다
63253|수두룩이
63254|다미
63255|재운
63256|이청
63257|변제되다
63258|증보판
63259|기청
63260|피마
63261|수갱
63262|가쾌
63263|감발
63264|피둥피둥하다
63265|삐쭉하다
63266|준왕
63267|질금질금
63268|습득시키다
63269|헤시오도스
63270|젼혀
63271|해묵다
63272|교통하다
63273|문봉
63274|바케트
63275|좌선하다
63276|워낭
63277|명궁
63278|가랭이
63279|가운뎃다리
63280|가네야마
63281|소병
63282|탄젤로
63283|쉴리
63284|초두
63285|의형
63286|아바돈
63287|상술하다
63288|령도자
63289|첫째가다
63290|복성
63291|무스카리
63292|민영익
63293|건법
63294|라넌큘러스
63295|요나
63296|목원대
63297|엇차다
63298|조헌
63299|내제
63300|족제빗과
63301|노방
63302|연안파
63303|광의
63304|클리프행어
63305|관립
63306|양피
63307|둔전
63308|쾌하다
63309|아박
63310|개불알꽃
63311|일유
63312|부빙
63313|땡감
63314|느시
63315|휘적휘적하다
63316|가느스름히
63317|감쇠
63318|가호하다
63319|산타크루스
63320|뚜리
63321|도림
63322|발기되다
63323|자재하다
63324|부선
63325|수택
63326|모모이
63327|잊아뿌다
63328|너울거리다
63329|혈석
63330|청란
63331|하릴없다
63332|후암
63333|담타
63334|싼커
63335|묵화
63336|노독
63337|선술
63338|푸시식
63339|이어셋
63340|소상인
63341|비밀스레
63342|두껑
63343|열어재끼다
63344|프라그
63345|뚝하다
63346|만날천날
63347|투비
63348|로크포르
63349|상개
63350|바닥권
63351|피엑스
63352|찬연
63353|웩웩
63354|양남
63355|학맥
63356|빈한하다
63357|들쭉
63358|추상같다
63359|반초
63360|무작
63361|지서
63362|프럭탄
63363|응오
63364|레핀
63365|표면화
63366|왕통
63367|디시전
63368|아나고
63369|생활신조
63370|아둥바둥하다
63371|접속어
63372|졸라
63373|하멜른
63374|파송되다
63375|레몬딜버터
63376|벵
63377|피사로
63378|아스파르트산
63379|숙덕숙덕
63380|피모
63381|급정지하다
63382|반교
63383|컴퓨터학과
63384|쥐콩
63385|자침
63386|밴디트
63387|퍼니
63388|지복
63389|아훈
63390|제학
63391|게리온
63392|소스다
63393|사륜
63394|코봇
63395|관활하다
63396|우징
63397|센토
63398|삭도
63399|흰차
63400|탈해왕
63401|어시하다
63402|왑
63403|다반
63404|달리트
63405|석탈해
63406|사난
63407|아프트
63408|묵언하다
63409|에서
63410|모렐리
63411|자랑이
63412|난마
63413|몬주
63414|산대
63415|본견
63416|채로
63417|가로획
63418|가설되다
63419|숙련하다
63420|승재
63421|펠레우스
63422|노옵다
63423|전문하다
63424|음흉스럽다
63425|차상
63426|저감
63427|도닉
63428|이짝저짝
63429|영봉
63430|단배
63431|겁간
63432|창성
63433|해비하다
63434|계주하다
63435|온병
63436|적명
63437|동무하다
63438|새봄맞이
63439|글로벌화되다
63440|잔뇨
63441|불자동차
63442|타밀나두
63443|유니타드
63444|아신왕
63445|사다트
63446|괄세
63447|겐키
63448|건축업
63449|술자
63450|역주하다
63451|거로
63452|청신
63453|긁어내리다
63454|행안
63455|석성
63456|오창석
63457|때로
63458|까득
63459|은허
63460|손구락
63461|노두
63462|재일
63463|끼루룩
63464|안돌오름
63465|미인박명
63466|그라울러
63467|왕식렴
63468|이온화되다
63469|전우치전
63470|왈칵왈칵
63471|꼭하다
63472|마의
63473|야식하다
63474|쥔
63475|원동
63476|출근러
63477|전필
63478|윗다리
63479|금칠하다
63480|브루크너
63481|흥륜사
63482|이수도
63483|디머
63484|입금액
63485|목심
63486|그멜린
63487|토롱
63488|여옥
63489|송신자
63490|잔치판
63491|듬성하다
63492|계통적
63493|입원률
63494|둥글하다
63495|생목숨
63496|디나미스
63497|오로시
63498|도룡
63499|작혼
63500|기업소
63501|가만하다
63502|헬라스
63503|물방앗간
63504|현몽
63505|매천야록
63506|헛먹다
63507|어둑
63508|소농
63509|자꼬
63510|소리방송
63511|부금
63512|위타천
63513|쇠가죽
63514|최대하다
63515|동국이상국집
63516|세인트앤드루스
63517|보우하다
63518|리빙관
63519|더치맨
63520|케렌시아
63521|장별
63522|션찮다
63523|모즐리
63524|가지치다
63525|여상하다
63526|반계
63527|도구화하다
63528|데보
63529|랑고바르드족
63530|격식체
63531|가그라
63532|함경
63533|울음주머니
63534|찰방찰방하다
63535|라푸라푸
63536|부득
63537|레트로핏
63538|팽성
63539|잊어뿌다
63540|해후하다
63541|시피하다
63542|솔반
63543|죽치다
63544|도나다
63545|쀼루퉁하다
63546|동굴동굴
63547|규중
63548|오그라지다
63549|흠칫흠칫하다
63550|어블다
63551|골편
63552|어닐링
63553|수말
63554|세우타
63555|무역국
63556|에탄
63557|함곡관
63558|다일
63559|도로다
63560|누옥
63561|망아
63562|신선미
63563|리브르빌
63564|막자
63565|현암
63566|왕치
63567|풍사
63568|큰따님
63569|녹즙기
63570|지록위마
63571|판각
63572|짜구리
63573|넘모
63574|오요
63575|국태민안
63576|적요
63577|방망
63578|치리하다
63579|셀룰로이드
63580|티오피
63581|재래
63582|예레반
63583|필리아
63584|쏠림
63585|덮쳐누르다
63586|효웅
63587|그라이
63588|과채류
63589|고문대
63590|말슴
63591|만별
63592|용곡
63593|현충
63594|철궁
63595|남승
63596|중압
63597|운해
63598|개스
63599|구체제
63600|자디잘다
63601|꼼
63602|춘삼월
63603|그으르다
63604|자쿠다
63605|뇌운
63606|간과
63607|간지러움
63608|적오
63609|만학
63610|곤로
63611|보단
63612|이들리브
63613|큰형수
63614|공박
63615|맛들다
63616|금잔
63617|쇠갈고리
63618|측방
63619|이룸
63620|용출
63621|재방송되다
63622|택정하다
63623|금파
63624|청용
63625|쏴쏴
63626|누란지위
63627|윷가락
63628|높푸르다
63629|눈요깃거리
63630|얼기설기하다
63631|역제
63632|남교
63633|물렁살
63634|혜교
63635|재검색하다
63636|줄겁다
63637|방카쉬랑스
63638|주일하다
63639|경책
63640|지발
63641|꼬르르
63642|브리더
63643|에스크로
63644|데탕트
63645|상폐되다
63646|무위하다
63647|재역전하다
63648|웅얼웅얼하다
63649|애매미
63650|뱃일하다
63651|우송
63652|직행버스
63653|니글니글
63654|번번하다
63655|통관되다
63656|로리스
63657|속물스럽다
63658|부정확
63659|현지답사
63660|절구질하다
63661|시호
63662|미털다
63663|헥트
63664|단성
63665|플럼케이크
63666|정교화되다
63667|꽹가리
63668|다스하다
63669|커레
63670|향반
63671|판의금부사
63672|나가니
63673|개지다
63674|연개
63675|아름아름
63676|개색
63677|핀란디아
63678|토색하다
63679|배향
63680|휘티어
63681|큰강
63682|용빼다
63683|띵까띵까
63684|입장단
63685|전폐
63686|고풍
63687|초립
63688|비공개되다
63689|각화
63690|칼맛
63691|쟈켓
63692|스푸마토
63693|개혁자
63694|불평스럽다
63695|결방하다
63696|퇴폐하다
63697|주요섭
63698|캐러더스
63699|쇳대
63700|투닥투닥하다
63701|카워드
63702|알락
63703|법우
63704|팔삭둥이
63705|지물포
63706|후베다
63707|후패하다
63708|리비에르
63709|밉살맞다
63710|버팅
63711|소르르
63712|카놀리
63713|청강석
63714|판리
63715|꿈꿈하다
63716|합일되다
63717|꼬레
63718|모페드
63719|싸울아비
63720|덕주
63721|힝힝
63722|은판
63723|로보토미
63724|법자
63725|쓸어안다
63726|교법
63727|알사
63728|드룹다
63729|상열
63730|큰기침
63731|사자구
63732|영과
63733|오너십
63734|조르
63735|다완
63736|아세트알데하이드
63737|힐탭
63738|사건화하다
63739|쌀보리
63740|어깡
63741|파구
63742|용다리
63743|환희
63744|시실리
63745|한와
63746|반듯반듯하다
63747|스트라디바리
63748|모더레이트
63749|살라딘
63750|계획자
63751|싸구
63752|복측
63753|내로남불식
63754|원길
63755|좌편
63756|가먼트
63757|훈툰
63758|요시찰
63759|대언하다
63760|술놀이
63761|봉건
63762|왕왕거리다
63763|안당기다
63764|정례화되다
63765|쇠침
63766|란초
63767|적적
63768|더윗병
63769|학포
63770|막곡
63771|타종하다
63772|우부
63773|어획하다
63774|플래쉬백
63775|유고하다
63776|홀대
63777|개잎갈나무
63778|탑사
63779|우바리
63780|키들키들
63781|상근하다
63782|마드리갈
63783|미관말직
63784|흡반
63785|바우마이스터
63786|알키
63787|패덕
63788|종병
63789|스튜어드
63790|말릭
63791|쿠프
63792|무세이온
63793|소미
63794|독친
63795|주께다
63796|열효율
63797|구독되다
63798|신농
63799|격멸하다
63800|웨스트버지니아주
63801|짱아찌
63802|서표
63803|함양되다
63804|페론
63805|다이버시티
63806|예카테린부르크
63807|설비되다
63808|베일러
63809|파파미
63810|경영되다
63811|쿵더쿵
63812|바리새파
63813|자광
63814|신하다
63815|물풀매
63816|심심
63817|뻐드러지다
63818|컬하다
63819|재인식
63820|드가
63821|움라우트
63822|채옹
63823|적마
63824|홍교
63825|홍목
63826|트란스발
63827|방남
63828|촌평
63829|국토방위
63830|린치하다
63831|뽈뽈
63832|깔아지다
63833|유카탄반도
63834|됴
63835|양종
63836|창제되다
63837|내차
63838|태부족
63839|폰즈소스
63840|완간하다
63841|절구질
63842|불입
63843|강고
63844|움
63845|귀어
63846|징거
63847|설포라판
63848|따가움
63849|엘디
63850|생검
63851|쿨롱
63852|먼제
63853|오인
63854|생균
63855|환사
63856|개오지
63857|장뇌
63858|뽀득거리다
63859|공리적
63860|줄달음치다
63861|중매결혼
63862|리베르
63863|관솔
63864|살랑이
63865|우문현답
63866|배즈
63867|엇걸다
63868|노어
63869|승희
63870|기국
63871|최조
63872|헤라트
63873|공극
63874|도니
63875|요까짓
63876|작은댁
63877|세비야
63878|저우언라이
63879|유액
63880|주면
63881|만딩고
63882|스코어보드
63883|횡계리
63884|제직
63885|부슬부슬하다
63886|조난하다
63887|해정
63888|콜로
63889|여택
63890|분당되다
63891|출조하다
63892|제노포비아
63893|놀이꾼
63894|저자거리
63895|대장성
63896|어빠
63897|삿대
63898|미끄덩미끄덩하다
63899|측신
63900|사교하다
63901|대통하다
63902|드로즈
63903|용눈이오름
63904|무문
63905|만화학과
63906|러틀리지
63907|새치름하다
63908|쇠주
63909|금재
63910|돌단
63911|장언하다
63912|야쿠츠크
63913|알코르
63914|브롬
63915|경제하다
63916|맛깔지다
63917|취흥
63918|해에
63919|담배갑
63920|가정되다
63921|조기다
63922|자그
63923|덜덜이
63924|가혀다
63925|제분
63926|관섭
63927|직배
63928|모도리
63929|뱁새눈
63930|이라와디돌고래
63931|와당탕
63932|진산
63933|중남
63934|입단속하다
63935|분골
63936|심회
63937|까막
63938|쌈질하다
63939|염습하다
63940|니나
63941|큰할머니
63942|메넬라오스
63943|중뿔나다
63944|재입국하다
63945|효가
63946|몽창
63947|경찬
63948|발성하다
63949|말코
63950|집산지
63951|야마카시
63952|일몰
63953|천명
63954|순계
63955|싱송라
63956|모반하다
63957|쌔근거리다
63958|들썽거리다
63959|원의
63960|실리마린
63961|불정
63962|색별
63963|쾌척
63964|좁다랗다
63965|졸래졸래
63966|궁방
63967|캅카스
63968|은세계
63969|재출간되다
63970|알렐루야
63971|모르몬교
63972|헌액
63973|은수
63974|시군
63975|아원
63976|소유권자
63977|습윤하다
63978|낙첨되다
63979|큰뒷부리도요
63980|제책
63981|파드득
63982|가운뎃소리
63983|출행
63984|신소
63985|돗
63986|시뮬라시옹
63987|아송
63988|케루빔
63989|부시먼
63990|월턴
63991|베르니니
63992|미러
63993|행보하다
63994|등댓불
63995|물부리
63996|사크
63997|커패시터
63998|쌕
63999|톡신
64000|향락적
64001|우당
64002|따겁다
64003|서수
64004|총채
64005|주메이
64006|집유
64007|형식화
64008|호치
64009|우돌수
64010|진고
64011|푸드덕푸드덕
64012|편제하다
64013|토번
64014|캄파
64015|후르르
64016|기계화하다
64017|인가이
64018|빠작하다
64019|안상하다
64020|등덜미
64021|건지
64022|호담
64023|거베라
64024|애달다
64025|서측
64026|기래기
64027|코널리
64028|헐하다
64029|상등병
64030|센치미터
64031|딸리
64032|우매
64033|음흉
64034|의문하다
64035|지루
64036|생불
64037|배냇머리
64038|죽전
64039|이따만해
64040|문선
64041|이응로
64042|어질증
64043|순후
64044|박이
64045|천명되다
64046|공즉시색
64047|차임
64048|드라빔
64049|물색없이
64050|제키다
64051|집옥재
64052|난나
64053|꽃봉우리
64054|메르카토르
64055|심취되다
64056|공저하다
64057|로지
64058|고구
64059|보중하다
64060|기서
64061|암중모색
64062|물쓰다
64063|썸남썸녀
64064|바다달팽이
64065|숙정
64066|고기하다
64067|델타크론
64068|이영차
64069|크래킹
64070|떨쳐나서다
64071|임제
64072|방파
64073|이충무공
64074|판비
64075|베르가모
64076|돌뿌리
64077|광고지
64078|브르통
64079|봉크
64080|유무상통하다
64081|황량
64082|덧쓰다
64083|반아
64084|금기하다
64085|코르티졸
64086|인덕터
64087|부동하다
64088|국견
64089|면탈하다
64090|구푸리다
64091|퀵체인지
64092|깜냥깜냥
64093|석명
64094|플로키
64095|물씬하다
64096|세탁비누
64097|구릿하다
64098|재충전되다
64099|수달피
64100|따라먹다
64101|굴욕스럽다
64102|분급하다
64103|호숩다
64104|히어리
64105|내갈기다
64106|향약집성방
64107|엄무
64108|해상전
64109|영상하다
64110|횡제
64111|세이버메트릭스
64112|들레
64113|맹추격하다
64114|뭉글뭉글하다
64115|큰동서
64116|필렛
64117|서보
64118|안티스테네스
64119|이상화하다
64120|불록
64121|흥미거리
64122|제날짜
64123|부싯깃
64124|치리다
64125|병민
64126|석춘
64127|드밀다
64128|안젤리코
64129|혼고
64130|디아볼로
64131|달콤씁쓸하다
64132|참말루
64133|노이만
64134|천장지구
64135|솔나리
64136|봇장
64137|유용되다
64138|차포
64139|데네브
64140|다운그레이드하다
64141|베갯모
64142|자블라니
64143|우서
64144|실룩
64145|발탈
64146|언명
64147|옴팔로스
64148|견이
64149|초배
64150|직보
64151|설골
64152|잡일하다
64153|노비안검법
64154|하략
64155|귓결
64156|조몰락조몰락
64157|반소
64158|염해
64159|철고
64160|형상하다
64161|뮤신
64162|버카충
64163|트랙션
64164|알찌다
64165|재크
64166|꾸질꾸질하다
64167|양력설
64168|무악
64169|두메
64170|주례자
64171|저술되다
64172|전패하다
64173|프로테우스
64174|유형화
64175|제승
64176|퍼득
64177|날건달
64178|그레고리우스
64179|손해되다
64180|선권
64181|수락되다
64182|잘리
64183|물형
64184|산체
64185|테프
64186|모견
64187|대차
64188|덕국
64189|산세비에리아
64190|타자화하다
64191|귀모
64192|상탄
64193|기위
64194|심련
64195|수례
64196|찡얼거리다
64197|종창
64198|물피리
64199|네고
64200|대별
64201|견조하다
64202|이재하다
64203|다이고
64204|다우너
64205|으앙으앙
64206|츳
64207|다관
64208|아리안
64209|블랙보드
64210|예이젠시테인
64211|명예스럽다
64212|형자
64213|대병
64214|달카닥
64215|그르렁그르렁
64216|띠앗
64217|우누
64218|도르곤
64219|플레치
64220|굽실굽실
64221|꿔이
64222|트랜스미션
64223|이적
64224|픽업되다
64225|명경지수
64226|페트로
64227|카이세리
64228|빙설
64229|창성하다
64230|얼룩얼룩하다
64231|커플러
64232|짤뚝
64233|첫말
64234|따끔히
64235|머천다이징
64236|가투
64237|데모대
64238|이탤릭
64239|용천
64240|장파
64241|객관화되다
64242|우행
64243|니보다
64244|강독하다
64245|마드라스
64246|데이케어
64247|념하다
64248|층운
64249|대월
64250|희희덕
64251|청서
64252|고조하다
64253|개분
64254|문사철
64255|꿈지럭대다
64256|크노
64257|티엘
64258|흉악스럽다
64259|빨간무
64260|와따메
64261|문배
64262|정중동
64263|학지
64264|유에스에이
64265|둥그러지다
64266|짜오프라야
64267|로안
64268|감감하다
64269|조판하다
64270|밀크플레이션
64271|태평가
64272|해파
64273|갉
64274|이앙기
64275|판토텐산
64276|박혁
64277|솔빈
64278|우봉
64279|십일각형
64280|똥둑간
64281|채사장
64282|벽토
64283|코니아일랜드
64284|무값
64285|덥치다
64286|다단
64287|향우
64288|추크슈피체
64289|아마르나
64290|병패
64291|베셀
64292|이축하다
64293|커틀
64294|드잡이하다
64295|삼덕
64296|무스거
64297|병일
64298|마숩다
64299|복둥이
64300|레지스트
64301|향심
64302|마침
64303|구은
64304|고투하다
64305|극작
64306|기실
64307|협심하다
64308|우양
64309|네리마구
64310|꿰신다
64311|치카노
64312|문리
64313|배번
64314|추념
64315|블런더
64316|농사일하다
64317|주취안
64318|플랜지
64319|상천
64320|해까닥
64321|산발되다
64322|탕파
64323|암약
64324|시익
64325|암굴
64326|롤코
64327|담뱃세
64328|피게
64329|분체
64330|오루로
64331|큐어링
64332|케이크워크
64333|파드되
64334|복마전
64335|과대
64336|파크웨이
64337|연군
64338|이타이이타이병
64339|방폭
64340|요셉
64341|환대
64342|정수기
64343|고자세
64344|형사하다
64345|진면모
64346|원호하다
64347|얼씨구절씨구
64348|청류
64349|유덕하다
64350|쭈르르
64351|주액
64352|매료하다
64353|제빙
64354|사롱
64355|별찌
64356|송병준
64357|덕산
64358|자리보전
64359|구엽다
64360|매몰하다
64361|에토스
64362|벽관
64363|림프선
64364|명도하다
64365|랭반
64366|되살아오다
64367|필론
64368|투먼
64369|제봉
64370|사타구니
64371|과전
64372|입신출세
64373|갈구다
64374|안추다
64375|주엽동
64376|토테미즘
64377|번질번질하다
64378|겸허
64379|사람됨
64380|던다
64381|스팍스
64382|돌방
64383|닥닥
64384|단오맞이
64385|정량화되다
64386|가급
64387|토층
64388|풀쩍풀쩍
64389|이얘기
64390|조작
64391|소운
64392|황폐화하다
64393|조다
64394|효수하다
64395|탄복
64396|직파
64397|쇠통
64398|코텍스
64399|능성
64400|위옹
64401|강구되다
64402|드높아지다
64403|텍스타일
64404|제계
64405|골제
64406|쫑긋쫑긋
64407|육례
64408|어벤저
64409|판짜기
64410|암봉
64411|카디널
64412|찡얼대다
64413|박람
64414|어탁
64415|화문
64416|어레인지
64417|돈놀이하다
64418|수성하다
64419|다코야끼
64420|네글리제
64421|티디
64422|데굴거리다
64423|웜메
64424|야게
64425|테제
64426|플러터
64427|자훈
64428|깔딱
64429|상달하다
64430|몽자
64431|날개판
64432|반변
64433|야투경
64434|초례청
64435|물질화되다
64436|사우어크라우트
64437|케레타로
64438|소고깃국
64439|융숭히
64440|청풍
64441|별하다
64442|아키타이프
64443|륄리
64444|원남
64445|타자하다
64446|갑갑증
64447|바늘꼬리칼새
64448|재출발
64449|박대
64450|쩝쩝하다
64451|적멸
64452|임파스토
64453|미료
64454|영묘하다
64455|푸트
64456|절연되다
64457|파우와우
64458|몰레
64459|본직
64460|바름
64461|장실
64462|헝겁
64463|슬라우치
64464|심안
64465|뮤직홀
64466|개도
64467|단제
64468|디텍터
64469|담가
64470|특필하다
64471|시라즈
64472|제기다
64473|퀘르세틴
64474|승급되다
64475|토리첼리
64476|군란
64477|수숫대
64478|화날
64479|되밀다
64480|동곳
64481|포스트휴먼
64482|신암
64483|종심
64484|빨르다
64485|철썩이다
64486|감성이
64487|제고되다
64488|뽀드득하다
64489|기승스럽다
64490|후음
64491|신체검사하다
64492|너풀너풀
64493|달례
64494|트라이브
64495|모법
64496|하점면
64497|졸아붙다
64498|야단하다
64499|개양
64500|환금
64501|점증하다
64502|애드버토리얼
64503|앙앙거리다
64504|문둥탈
64505|현답
64506|파행적
64507|황열
64508|난하다
64509|입멸
64510|내보
64511|나라일
64512|우하향하다
64513|맹숭맹숭
64514|묘상
64515|선베
64516|오디토리엄
64517|직설
64518|방미하다
64519|탈북인
64520|우규
64521|으쓱으쓱하다
64522|뱁
64523|진귀
64524|마우리
64525|신제
64526|볼록이
64527|교행
64528|덧신다
64529|넌
64530|그란데
64531|개지랄하다
64532|막사이사이
64533|새호리기
64534|화명
64535|무위도식하다
64536|햇발
64537|저느마
64538|흐늘흐늘
64539|학보
64540|어단
64541|현백
64542|정창
64543|불영사
64544|엔게디
64545|갯가
64546|범수
64547|개퍼
64548|전셋돈
64549|통점
64550|키프
64551|쏭이
64552|대전환기
64553|유신론
64554|새벽종
64555|쇼맨쉽
64556|시스틴
64557|섬짓하다
64558|똑똑다
64559|트랜스크립션
64560|양각되다
64561|비칠비칠
64562|엔분
64563|키치너
64564|뒤뚱대다
64565|덜걱
64566|암점
64567|마앙
64568|뭉이
64569|합궁하다
64570|만연체
64571|에라토스테네스
64572|곧바르다
64573|주기하다
64574|맛스럽다
64575|에스트로젠
64576|엄
64577|우투리
64578|몽중
64579|봉착되다
64580|불입하다
64581|공후
64582|예링
64583|지고
64584|도나쓰
64585|호리호리
64586|말루
64587|득의만면하다
64588|구절구절
64589|용문
64590|곤란스럽다
64591|스탈
64592|파사이
64593|바른
64594|테레비전
64595|뒤엉기다
64596|종착
64597|날품팔이
64598|사우스포
64599|황인
64600|보유고
64601|까끄다
64602|편협되다
64603|갈바니
64604|샥시
64605|풀라니족
64606|아잔타
64607|개치
64608|량진
64609|알팔파
64610|철그렁
64611|금초
64612|발짓하다
64613|예다
64614|웹마스터
64615|기능직
64616|앙녕
64617|애니메트로닉스
64618|코임브라
64619|그기
64620|맥사
64621|찡긋찡긋
64622|기층
64623|은침
64624|전부하다
64625|계층적
64626|눈가림하다
64627|관전평
64628|반다나
64629|여짝
64630|진권
64631|무감
64632|붕붕대다
64633|중간역
64634|병하
64635|토플리스
64636|장구채
64637|퇴조
64638|서화가
64639|에어쿠션
64640|추입
64641|피유
64642|송치
64643|가랑
64644|뛰들다
64645|임질
64646|스핏볼
64647|읍루
64648|찡끗하다
64649|적탄
64650|실제로
64651|접근되다
64652|아꿉다
64653|프람바난
64654|체장
64655|추자
64656|파렌하이트
64657|시랑
64658|관직명
64659|바이브레이터
64660|유정하다
64661|갈마들다
64662|쇠소리
64663|완생
64664|양책
64665|저탄
64666|혼획
64667|밤새
64668|불법화되다
64669|장재
64670|큰채
64671|및다
64672|방과
64673|엄매
64674|재통일하다
64675|외주하다
64676|지탱시키다
64677|함마
64678|종씨
64679|고약스럽다
64680|양광
64681|성총
64682|썩썩
64683|미계
64684|실거래되다
64685|어딕션
64686|우그러들다
64687|일해
64688|햇밤
64689|도이칠란트
64690|답답증
64691|호어
64692|해크니
64693|갑장
64694|정호
64695|손괴하다
64696|시러큐스
64697|흘르다
64698|찔
64699|깩
64700|소서
64701|나이두
64702|정치다
64703|정채
64704|인환
64705|완저
64706|아재미
64707|감만동
64708|뇌실
64709|물컹이
64710|파베초콜릿
64711|블러싱
64712|자비스럽다
64713|적위
64714|분탕질하다
64715|화노
64716|위스커
64717|빠찡꼬
64718|잠뱅이
64719|구세대
64720|오버래핑
64721|조철호
64722|봉제하다
64723|워터베리
64724|투표되다
64725|마형
64726|파공
64727|비오톱
64728|희비극
64729|남동진하다
64730|급처
64731|하한가
64732|펑하다
64733|제펜
64734|말번
64735|용해하다
64736|문학도
64737|배블
64738|문예
64739|호바트
64740|왜가
64741|일계
64742|하라레
64743|영광
64744|세침
64745|독송
64746|셀러스
64747|쨈
64748|군적
64749|번초
64750|랑중
64751|애면글면하다
64752|거중
64753|키배
64754|용력
64755|더플
64756|오목이
64757|페넌트
64758|회송하다
64759|웅도
64760|아크릴아마이드
64761|액틴
64762|시로코
64763|올랭피아
64764|카라카라
64765|표착
64766|송기
64767|진일
64768|관이
64769|사구다
64770|역이용
64771|벼락출세하다
64772|요대
64773|대유
64774|니글거리다
64775|문딩이
64776|우종
64777|웨일리
64778|변통하다
64779|뮌스터
64780|흠향하다
64781|막료
64782|뺑덕어멈
64783|하태
64784|박근
64785|외줄기
64786|법체
64787|테스트되다
64788|창화하다
64789|교습하다
64790|바수다
64791|다져넣다
64792|문풍
64793|대타하다
64794|어태치먼트
64795|복집
64796|올갱이
64797|뭉클뭉클하다
64798|질겅질겅하다
64799|짜갑다
64800|한검
64801|제설하다
64802|식재
64803|실타래
64804|천부당만부당
64805|건드리
64806|지엽
64807|관타나모
64808|카필라
64809|고마어
64810|석고
64811|난사되다
64812|호색
64813|심어
64814|내하다
64815|칼리반
64816|파초
64817|서류함
64818|렴
64819|결탁되다
64820|징발되다
64821|회군
64822|휘늘어지다
64823|아이누
64824|묘두
64825|하이커우
64826|아귀아귀
64827|동덕
64828|꼬들밥
64829|늄
64830|워크시트
64831|버무리
64832|선취하다
64833|차분차분하다
64834|아이소토프
64835|감탄고토
64836|흉강
64837|배재하다
64838|왕곡
64839|하이모
64840|딩카족
64841|기탁되다
64842|어여차
64843|빈고
64844|격군
64845|아밀로이드
64846|진희
64847|하투
64848|하혈하다
64849|견고성
64850|데모스
64851|바칼
64852|눈까풀
64853|무오
64854|도어스
64855|대갈
64856|관도
64857|시단
64858|로그아웃되다
64859|식용하다
64860|남루
64861|증차하다
64862|진루
64863|항내
64864|아베크
64865|묵형
64866|성시
64867|포고하다
64868|초사
64869|혜향
64870|저산
64871|선불하다
64872|승정
64873|통산
64874|카야
64875|방화광
64876|예자
64877|말시
64878|미귀
64879|어쩌면
64880|굼실거리다
64881|굴껍질
64882|인허
64883|무절제
64884|언자
64885|도화임본
64886|어기야디야
64887|테구시갈파
64888|건건
64889|토벌되다
64890|시피유
64891|빨랫거리
64892|피습되다
64893|발기다
64894|스크러빙
64895|상량
64896|흐릿
64897|남우세스럽다
64898|라퀼라
64899|트라이어드
64900|맞불
64901|유병
64902|상헌
64903|무착
64904|여차여차하다
64905|치죄하다
64906|애굣덩어리
64907|석찬
64908|부장하다
64909|주토
64910|박세
64911|흉측스럽다
64912|아디트야
64913|쥐불
64914|녹지
64915|휘적대다
64916|첨잔하다
64917|아가야
64918|재시동하다
64919|차군
64920|싸구다
64921|명년
64922|가리발디
64923|시래기
64924|노거수
64925|항진되다
64926|급기
64927|드릉드릉하다
64928|휴조
64929|백비
64930|꼬마꼬마
64931|회유되다
64932|보훔
64933|묵묵부답하다
64934|건혜
64935|들뜸
64936|고즈넉이
64937|히치하이크
64938|꿍얼꿍얼
64939|호화찬란하다
64940|엮은이
64941|어짜다
64942|아리오스토
64943|감치
64944|투고되다
64945|직박
64946|변작
64947|재엽
64948|극솟값
64949|려지
64950|못데다
64951|학병
64952|자맥질하다
64953|폰다
64954|견과
64955|뎅뎅
64956|카렌듈라
64957|남유
64958|애덕
64959|적체되다
64960|기파
64961|석다
64962|화다닥
64963|에포케
64964|리피트
64965|떨이하다
64966|식모살이하다
64967|피습하다
64968|뿌직뿌직
64969|가련
64970|새비
64971|무월
64972|자글
64973|신판
64974|산타로사
64975|길기트
64976|방범등
64977|머리꽂이
64978|흘금흘금
64979|제정일치
64980|두비
64981|일가붙이
64982|동국여지승람
64983|신인상주의
64984|혜서
64985|권자
64986|분디
64987|엄버
64988|곡산
64989|달음박질하다
64990|에스코바르
64991|순복
64992|꼬록
64993|디랙
64994|뼛국
64995|빵실
64996|고항
64997|이심
64998|홍태
64999|장속
65000|방번
65001|서퍽
65002|병천
65003|목통
65004|망쿳
65005|사직
65006|진실로
65007|술다
65008|복합공간
65009|요족
65010|엑소브레인
65011|사글셋방
65012|십악
65013|가버
65014|코루나
65015|리디노미네이션
65016|낭테르
65017|휴간
65018|장개
65019|분신자살하다
65020|팍하다
65021|이지다
65022|단유
65023|산타클라라
65024|완식
65025|대향성
65026|봉놋방
65027|김굉필
65028|헌릉
65029|큰올케
65030|함의하다
65031|병살
65032|햇솜
65033|꼰대스럽다
65034|김광균
65035|외목
65036|소새
65037|티밍
65038|오즈번
65039|세특
65040|사실화하다
65041|가너
65042|벨리스
65043|재의결되다
65044|공민
65045|허드렛일하다
65046|소유격
65047|박약
65048|칙하다
65049|한랭하다
65050|대분수
65051|통경
65052|비척대다
65053|검정하다
65054|전점
65055|뿌사다
65056|반근
65057|우애롭다
65058|극언
65059|신풍
65060|생즙
65061|우차
65062|변혁기
65063|알알하다
65064|잡은거
65065|기교적
65066|망망
65067|하마마쓰
65068|번팅
65069|피나스테라이드
65070|휴덕
65071|명서
65072|홀랑홀랑
65073|강마
65074|원스텝
65075|라진
65076|강교
65077|숟
65078|갈사
65079|종조모
65080|의붓자매
65081|횡행
65082|올끼
65083|권비
65084|타처
65085|민본
65086|더물다
65087|고계
65088|간재미
65089|배수하다
65090|비콘
65091|토조
65092|송별식
65093|체스보드
65094|가티
65095|연극조
65096|놀이거리
65097|건축미
65098|권말
65099|아데닌
65100|빠짐
65101|삐죽이다
65102|스프링거
65103|항쟁하다
65104|과정안
65105|제제하다
65106|멍디
65107|여하하다
65108|덕소
65109|쌍꼬리부전나비
65110|데미지
65111|동척
65112|아랫눈꺼풀
65113|귓부리
65114|발권되다
65115|표주
65116|열고나다
65117|비등
65118|만투아
65119|수수경단
65120|오든
65121|벤구리온
65122|팔소매
65123|가료
65124|고난하다
65125|괭이질
65126|왁시
65127|북정
65128|그레이트플레인스
65129|도무
65130|대간
65131|꿍얼대다
65132|으르렁으르렁
65133|평등주의
65134|바사삭하다
65135|빌리어네어
65136|금군
65137|절하
65138|은밀성
65139|황손
65140|사이크
65141|신발하다
65142|문제화하다
65143|재론하다
65144|혼술족
65145|미발표되다
65146|기박하다
65147|재규정하다
65148|엄벙덤벙
65149|아스타잔틴
65150|우일
65151|상오
65152|성감
65153|재출간하다
65154|테오브로민
65155|무가당
65156|읃어먹다
65157|거식
65158|쌍대
65159|반란죄
65160|래방
65161|쐐주
65162|단동
65163|노보시비르스크
65164|허예지다
65165|솔빛초
65166|홀홀
65167|개소문
65168|우산모양
65169|문추
65170|마승
65171|쿠마시
65172|쌍십일
65173|앚다
65174|격찬하다
65175|결정화되다
65176|위노
65177|노랑턱멧새
65178|헌칠하다
65179|문치
65180|천후
65181|여민
65182|북서
65183|행영
65184|재편성되다
65185|비송
65186|지하전
65187|장징궈
65188|정광
65189|인정스럽다
65190|섰다
65191|가랑가랑하다
65192|친지
65193|관조적
65194|부별
65195|사늘하다
65196|반측
65197|곡간
65198|후소
65199|즉발
65200|격발기
65201|지리멸렬
65202|막노동꾼
65203|생착
65204|함거
65205|페이튼
65206|건진
65207|규암
65208|중북
65209|산국
65210|갈피갈피
65211|얇디얇다
65212|고사실
65213|허겁
65214|폴랑
65215|흙흙
65216|재입고되다
65217|인스펙션
65218|떽떽
65219|위판
65220|물화
65221|에이피
65222|짜매다
65223|상월
65224|큰아가씨
65225|퉁가리
65226|갑가
65227|무촌
65228|독력
65229|망스
65230|확성
65231|노예화하다
65232|혼색
65233|비해
65234|미쇼
65235|엘이디
65236|민항
65237|쿵쾅쿵쾅하다
65238|에이지
65239|정간
65240|질척이다
65241|후지
65242|고만큼
65243|이덕전
65244|클라겐푸르트
65245|파자
65246|개창하다
65247|디엠지
65248|내복약
65249|에위다
65250|가맹하다
65251|엠시
65252|브라헤
65253|탈라스
65254|제통
65255|육송
65256|노기등등하다
65257|입직하다
65258|후장
65259|아플리케
65260|본척만척
65261|불긋불긋하다
65262|족흔
65263|송백
65264|삼층장
65265|도꼬
65266|몸단장하다
65267|뮤테이션
65268|보치
65269|얄룹다
65270|수루
65271|담세
65272|비더마이어
65273|옷차림하다
65274|남청색
65275|년상
65276|살미
65277|여행담
65278|배본
65279|경원하다
65280|왕동
65281|시엠
65282|넓적부리
65283|부산히
65284|양딸
65285|조물락거리다
65286|브룬
65287|상냥히
65288|나보폴라사르
65289|통교하다
65290|세출
65291|광혜원
65292|혈색소
65293|양홍
65294|전천하다
65295|야리야리
65296|목구멍소리
65297|백스윙하다
65298|다게르
65299|뗑깡
65300|두계
65301|후단
65302|복토
65303|균수
65304|토치카
65305|끔살
65306|비빈
65307|어설피
65308|쟁쟁
65309|세포이
65310|산딸나무
65311|벌컥거리다
65312|대초
65313|외손
65314|지눌
65315|체향
65316|전구하다
65317|부쉐
65318|체력검정
65319|느물느물하다
65320|두소
65321|월포
65322|이샤
65323|광양하다
65324|알타이르
65325|바바루아
65326|둬
65327|피냐
65328|배풍
65329|몸서리나다
65330|식재하다
65331|힐금거리다
65332|얼후
65333|말짝
65334|비마나
65335|무스카트
65336|바하칼리포르니아
65337|배액
65338|꿀다
65339|에튀드
65340|거기하다
65341|클린다마이신
65342|단총
65343|지도선
65344|슬레지
65345|반듯
65346|레우
65347|혼동스럽다
65348|어수리
65349|패악하다
65350|밤일하다
65351|사사하다
65352|재정의되다
65353|홍유
65354|뿌꾸다
65355|확약하다
65356|납작이
65357|벌브
65358|발렌티누스
65359|철야
65360|시투
65361|벌름대다
65362|바닷빛
65363|들러가다
65364|배재
65365|복제판
65366|엑서터
65367|외곡
65368|불뚝불뚝
65369|알음알음하다
65370|과전압
65371|플라이휠
65372|체언
65373|무기정학
65374|검은딱새
65375|되감기다
65376|재의하다
65377|절식하다
65378|스페큘러
65379|하르
65380|조립품
65381|둘러말하다
65382|주뼛주뼛하다
65383|딕이다
65384|명경
65385|뻔뻔스레
65386|증세하다
65387|들이비치다
65388|달가닥
65389|키레
65390|에피데믹
65391|급출발하다
65392|재등록하다
65393|도서명
65394|서소
65395|졸졸거리다
65396|강병
65397|범속하다
65398|승하차하다
65399|호로비츠
65400|후수
65401|언시
65402|영화스럽다
65403|문고
65404|버짐
65405|앙모하다
65406|자부
65407|고평가하다
65408|유대
65409|쇠죽
65410|위락
65411|개국되다
65412|쇠기름
65413|중제
65414|서제
65415|구균
65416|피서하다
65417|복이
65418|아스타틴
65419|다이호
65420|환류
65421|명감
65422|곗날
65423|청향
65424|생정
65425|눋다
65426|사상하다
65427|조감하다
65428|불법화
65429|으시대다
65430|전세하다
65431|마봉
65432|시슬레
65433|굴리
65434|언중
65435|침하하다
65436|계몽되다
65437|아래윗집
65438|충차
65439|과점하다
65440|비수구미
65441|망울
65442|의지박약하다
65443|우승권
65444|벌벌거리다
65445|자리차다
65446|몬살다
65447|김승
65448|엄숙주의
65449|시삭
65450|바드득
65451|콩콩거리다
65452|프롬프팅
65453|옳바르다
65454|합삭
65455|거마
65456|거우다
65457|시미트
65458|타라곤
65459|요상스럽다
65460|생에
65461|조미되다
65462|마이애미비치
65463|섬기
65464|견수
65465|리보니아
65466|글먼
65467|석묘
65468|협주
65469|태하다
65470|꿰지다
65471|밀어제치다
65472|갈미
65473|부동표
65474|르포르타주
65475|직군
65476|후희
65477|고바
65478|과도적
65479|각상
65480|배짱부리다
65481|나운규
65482|되비추다
65483|압슬
65484|만히
65485|베갯속
65486|복구공사
65487|한열
65488|앞이
65489|탕진되다
65490|능지처참하다
65491|금종
65492|무진장하다
65493|원탁회의
65494|키르케
65495|아시시
65496|그라목손
65497|부침
65498|통배추
65499|아랫자리
65500|벨로시티
65501|병음
65502|조끔
65503|쓰잘데없다
65504|검산
65505|급정차
65506|분수껏
65507|호가호위
65508|꽃보라
65509|각혈하다
65510|카펜터스
65511|불까다
65512|다히
65513|래치
65514|호루
65515|카무카무
65516|동성연애자
65517|덴빈
65518|디렉터리
65519|안온
65520|패독
65521|후미지다
65522|드레이프
65523|깻가루
65524|여와
65525|대람쥐
65526|로란
65527|불로장생하다
65528|요로
65529|고상돈
65530|건전
65531|하이제
65532|찐드기
65533|부식하다
65534|보리알
65535|소욕
65536|갈런드
65537|쿠소
65538|나복
65539|친친
65540|수운
65541|수지다
65542|뿌락지
65543|천중이
65544|설핏하다
65545|스카우팅
65546|주먹다짐하다
65547|호관
65548|적전
65549|듬뿍하다
65550|아몽
65551|질러오다
65552|애착심
65553|오페레타
65554|신노
65555|단수되다
65556|긁적긁적하다
65557|뒤숭숭
65558|티에프
65559|감치하다
65560|헤싱헤싱하다
65561|짜웅
65562|화미
65563|나풀나풀하다
65564|영작하다
65565|에이이
65566|배강
65567|총수요
65568|겸병
65569|개칭
65570|다스리
65571|쪼매다
65572|선대
65573|만찢녀
65574|아르키다
65575|근역
65576|층지다
65577|되가져오다
65578|그따우
65579|방하다
65580|덕지덕지하다
65581|파출
65582|밸러스트
65583|익스테리어
65584|아미앵
65585|까슬거리다
65586|스사
65587|와이마라너
65588|격쟁
65589|검부러기
65590|썬더버드
65591|밀빵
65592|비후
65593|모기지
65594|연질
65595|푸득푸득
65596|김덕령
65597|표구하다
65598|학승
65599|쿠토
65600|지족
65601|직할
65602|오라버이
65603|얼죽다
65604|윌리윌리
65605|물장사하다
65606|다리밟기
65607|사마
65608|취옥
65609|특차
65610|존칭하다
65611|메르센
65612|켄트로사우루스
65613|평보
65614|허릿살
65615|리민
65616|해적질하다
65617|이모작하다
65618|월면
65619|바롱
65620|업추비
65621|길더
65622|비목
65623|착하
65624|꼬독하다
65625|건들대다
65626|날란다
65627|웡웡
65628|부침하다
65629|적거
65630|내해
65631|다매
65632|죽림
65633|리노베이션하다
65634|서간
65635|리마스터링하다
65636|찌갯집
65637|귀뚤
65638|종균
65639|맞은쪽
65640|선뵈다
65641|벽옥
65642|아이엔이
65643|서구형
65644|골동
65645|화필
65646|심사되다
65647|진펄
65648|절취
65649|본대
65650|제쥐
65651|연납
65652|아낙시메네스
65653|무티
65654|위니
65655|권혜리
65656|취타
65657|폐회하다
65658|탄기
65659|지찬
65660|무람없이
65661|혈우
65662|누전되다
65663|다래
65664|구아슈
65665|최윤덕
65666|피에몬테주
65667|독뱀
65668|수틀
65669|어거지
65670|빨개
65671|룸펜
65672|휴방하다
65673|우케
65674|홍영
65675|그래버
65676|남비
65677|린정
65678|퍼덕대다
65679|쇠독
65680|배자
65681|바이오테크놀로지
65682|치근
65683|광사
65684|보드리야르
65685|푱푱
65686|갸웃대다
65687|방짜
65688|업경
65689|큼큼거리다
65690|사마타
65691|다운스트림
65692|오아
65693|옴부즈맨
65694|변역
65695|방망이질하다
65696|하돈
65697|꾸부정하다
65698|뇌량
65699|씁다
65700|은휘
65701|박서하다
65702|파문되다
65703|판목
65704|리조푸스
65705|메스칼린
65706|멋내기용
65707|물세탁하다
65708|공손
65709|와편
65710|백인종
65711|한정없이
65712|떠받다
65713|주열
65714|국민가요
65715|되나오다
65716|신선놀음하다
65717|이벽
65718|합죽하다
65719|쓰가루
65720|축도
65721|낵
65722|보탄
65723|눈눈이
65724|마케
65725|돌김
65726|월담하다
65727|계선
65728|대변보다
65729|안검
65730|후실
65731|바닷모래
65732|재교
65733|란콰이퐁
65734|디메트로돈
65735|하이숍
65736|키르기스
65737|어정대다
65738|다탁
65739|진흥하다
65740|겐트
65741|북벽
65742|근시안
65743|훈의
65744|동암
65745|박장
65746|찬연히
65747|입건
65748|밀수출되다
65749|수염투성이
65750|트릴
65751|철석
65752|브라렛
65753|무색투명하다
65754|편마
65755|전입자
65756|로카르노
65757|목질
65758|찌리리
65759|정일성
65760|소대
65761|캐로틴
65762|죽는시늉
65763|조밀조밀하다
65764|교형
65765|개변하다
65766|봉황새
65767|꾸부리다
65768|봉급쟁이
65769|소창
65770|자선하다
65771|진폐
65772|석파
65773|탈점
65774|깜북
65775|목맥히다
65776|옥구
65777|안트베르펜
65778|수식언
65779|츠와나족
65780|다독하다
65781|비복
65782|분절하다
65783|말렛
65784|터닙
65785|정근
65786|송북
65787|보발
65788|형대
65789|암종
65790|핏케언섬
65791|운복
65792|윤사
65793|소쉬르
65794|여민동락
65795|큰나무
65796|실론
65797|장자커우
65798|스피어민트
65799|벽하다
65800|딴지
65801|최하옵
65802|사위스럽다
65803|애슬레틱스
65804|여틈하다
65805|왕단
65806|들어마시다
65807|비분강개하다
65808|경비선
65809|샤흐트
65810|노매드
65811|종시
65812|상이용사
65813|되걸다
65814|드디다
65815|묘자리
65816|망념
65817|와동
65818|원상회복하다
65819|사이코드라마
65820|부부사
65821|찬디가르
65822|발바리차
65823|삐거덕삐거덕
65824|꾸룩꾸룩
65825|디에이치
65826|휘석
65827|버베나
65828|씨잘데기없다
65829|구아닌
65830|친삼촌
65831|폭삭하다
65832|서승
65833|설로
65834|날름대다
65835|옴매
65836|도래
65837|자매결연식
65838|디플렉터
65839|주스티
65840|일잘러
65841|수저집
65842|개칭되다
65843|입격하다
65844|곤쟁이
65845|햇소금
65846|타밀족
65847|이에이
65848|망인
65849|밀어올리기
65850|첫코
65851|응달지다
65852|오폭하다
65853|초토
65854|스밍하다
65855|탄자
65856|감저
65857|쨍그랑쨍그랑
65858|인데버호
65859|편리미엄
65860|좌우익
65861|미투리
65862|비릿비릿하다
65863|광복하다
65864|암전하다
65865|승직
65866|팅이
65867|군집하다
65868|니케아
65869|사스콰치
65870|구궁
65871|공사립
65872|이봉
65873|보메
65874|부싱
65875|담박하다
65876|맷과
65877|건계
65878|열람권
65879|종부
65880|진녀
65881|마티에
65882|징거미
65883|흉탄
65884|하트랜드
65885|부남
65886|손만
65887|선입
65888|저대로
65889|대수하다
65890|게브
65891|친목하다
65892|말갖춤
65893|누사
65894|포육
65895|부르릉거리다
65896|샙
65897|청대
65898|오조준하다
65899|무연
65900|왼
65901|참살
65902|민우
65903|고강하다
65904|털갈이하다
65905|셀리에
65906|아페르
65907|우취
65908|고졸하다
65909|발차기
65910|윤통
65911|법고
65912|왜소화되다
65913|칠엽수
65914|포마
65915|허술히
65916|굽어들다
65917|혀다
65918|사투하다
65919|열처리하다
65920|이우
65921|전산화하다
65922|그러저러하다
65923|창촉
65924|싱크로나이즈
65925|몸빠진살
65926|민둥이
65927|군종
65928|니즈니노브고로드
65929|엔더스
65930|무선국
65931|웨빙
65932|누욕
65933|희뜩
65934|송당
65935|필증
65936|무기다
65937|잃으다
65938|흐물렁
65939|도닥거리다
65940|부르크하르트
65941|넙다
65942|델따주다
65943|진급되다
65944|금석
65945|자민
65946|둥근파
65947|상리
65948|크리비리흐
65949|큰누이
65950|조촐히
65951|채벌
65952|층석
65953|안렴사
65954|버브
65955|안토시안
65956|봉담
65957|이반
65958|톡톡거리다
65959|서브텍스트
65960|연이율
65961|격지
65962|아이스케이크
65963|알메이다
65964|허성
65965|도피적
65966|옥윤
65967|응교
65968|상언
65969|리플레이스
65970|파수하다
65971|후취
65972|야우
65973|후드득거리다
65974|북가좌초
65975|외면되다
65976|부양되다
65977|사곡
65978|포기
65979|망천
65980|반기하다
65981|번상
65982|외딸
65983|비게
65984|아강
65985|아데나워
65986|강지
65987|펌블
65988|나둥그러지다
65989|코피노
65990|토로이드
65991|타건
65992|손님맞이하다
65993|억지로
65994|배사
65995|무분별
65996|그러나
65997|차통
65998|고은하다
65999|논파
66000|꾸르륵꾸르륵
66001|푹하다
66002|팔딱팔딱하다
66003|진다
66004|여환
66005|소급되다
66006|안게
66007|우력
66008|덕적
66009|마르마라해
66010|후다닥하다
66011|남무
66012|밀려다니다
66013|익월
66014|값있다
66015|위엄차다
66016|커스터마이제이션
66017|플젠
66018|튀김하다
66019|중파
66020|벙글
66021|머릿살
66022|암필
66023|요따위
66024|캄보
66025|역수입
66026|출상
66027|걸쩍지근하다
66028|닦아세우다
66029|곱추
66030|심낭
66031|용하
66032|딴스
66033|툭사발
66034|뤼베크
66035|무전취식하다
66036|소결
66037|산제
66038|배급품
66039|높임
66040|그그저께
66041|서브루틴
66042|한나
66043|결수
66044|허열
66045|긴데
66046|위톱다
66047|별전
66048|은창
66049|큰말
66050|코크런
66051|풀썩거리다
66052|버쩍
66053|리타이어
66054|쓱삭쓱삭
66055|현비
66056|리에주
66057|새롭
66058|강영
66059|글하다
66060|화비
66061|물고리
66062|쌍란
66063|뒈
66064|샤워기
66065|쑤기미
66066|하사되다
66067|플런저
66068|지겁
66069|역다
66070|받쳐보다
66071|돼지고깃집
66072|뻗지르다
66073|비누질하다
66074|바다가
66075|캐미솔
66076|장복하다
66077|할마
66078|치마부에
66079|고농축되다
66080|여열
66081|동사자
66082|신택스
66083|슈퍼비전
66084|억류
66085|필화
66086|대척
66087|불과
66088|주머
66089|산투스
66090|주박
66091|방별
66092|나직나직
66093|뇌룡
66094|찬종
66095|홈다
66096|개구리헤엄
66097|은도
66098|국제간
66099|도랏
66100|마을문고
66101|드르륵드르륵
66102|목향
66103|니트릴
66104|치오르다
66105|간담
66106|아순시온
66107|분식하다
66108|둥근달
66109|에지간히
66110|돈사
66111|피동적
66112|위비
66113|갖신
66114|비탈면
66115|진건
66116|알으키다
66117|감리하다
66118|핸드스프링
66119|쑥덕쑥덕하다
66120|괴저
66121|위구
66122|크림프
66123|욍
66124|활하다
66125|코나크리
66126|동시통역하다
66127|배뱅이굿
66128|확실시하다
66129|깐죽이
66130|농장하다
66131|여간
66132|파이널리스트
66133|규리
66134|그렉시트
66135|모네타
66136|양칫물
66137|목면
66138|소무
66139|락톤
66140|림비
66141|아물거리다
66142|탑신
66143|아소카왕
66144|포토숍
66145|멀티팩
66146|고쪽
66147|발렌스
66148|카르네아데스
66149|찌글찌글하다
66150|타방
66151|마이컬슨
66152|어름
66153|보넷
66154|수피마
66155|아플라톡신
66156|섹시녀
66157|그레데
66158|부엌방
66159|우르릉하다
66160|후허하오터
66161|마음보
66162|터래기
66163|슈타인
66164|목어
66165|의연금
66166|예의지국
66167|오비디우스
66168|곰통
66169|치클
66170|희우
66171|기인되다
66172|피투성
66173|비상품
66174|양익
66175|쿰란
66176|고생이
66177|시복
66178|혈점
66179|비저너리
66180|간지르다
66181|흰독말풀
66182|가나다라
66183|부르델
66184|다복이
66185|곰살궂다
66186|아비아
66187|정녕코
66188|에를리히
66189|익막
66190|겐바
66191|뚝발이
66192|대히트하다
66193|보고서
66194|디킨
66195|병무
66196|크더
66197|지실
66198|주생활
66199|변체
66200|모하
66201|유대하다
66202|귀당
66203|풍덕
66204|원족
66205|명료도
66206|광망
66207|홀로이
66208|복간되다
66209|아중
66210|달콤쌉싸름하다
66211|디르다
66212|도유
66213|금명간
66214|시척지근하다
66215|러브조이
66216|음문
66217|사유화되다
66218|낚시놀이
66219|판불
66220|올기
66221|비서장
66222|시범하다
66223|가시버시
66224|응디
66225|요그
66226|혈사
66227|난반사하다
66228|염하다
66229|석계
66230|조훈
66231|발발거리다
66232|문익
66233|트르다
66234|매클래런
66235|램버스
66236|구럭
66237|청성
66238|아황
66239|까부수다
66240|전동흘
66241|킬레이트
66242|주세붕
66243|카더라식
66244|파나
66245|안유
66246|의료하다
66247|앗싸가오리
66248|뽀로통하다
66249|한붓그리기
66250|설질
66251|독안
66252|무사태평
66253|되돌이표
66254|내진하다
66255|신베이시
66256|원용
66257|일말상초
66258|호신
66259|귀와
66260|벨로
66261|내붙이다
66262|자봉
66263|신본
66264|나무살
66265|규문
66266|전배
66267|에르미타쥬
66268|난실
66269|푸석
66270|티케
66271|파일링
66272|흰콩
66273|거름종이
66274|쟁론
66275|불가근불가원
66276|개호주
66277|예표
66278|두백
66279|보육하다
66280|독서자
66281|기메
66282|바너드
66283|다듬이질
66284|해바라기씨유
66285|국초
66286|반감하다
66287|펄럭펄럭하다
66288|손벽
66289|쟁그랑거리다
66290|막내며느리
66291|낼름하다
66292|리그닌
66293|토막살이
66294|독상
66295|정혈
66296|국청
66297|키로그램
66298|에프비아이
66299|내내
66300|모바
66301|우링
66302|이리다
66303|호언
66304|증편되다
66305|돌치다
66306|일향
66307|하마트면
66308|음담
66309|판서하다
66310|패주
66311|구두창
66312|엘라그산
66313|머천다이저
66314|꺾꽂이
66315|비판되다
66316|즙액
66317|베르베린
66318|특수화
66319|보식
66320|달콤쌉쌀하다
66321|빡공
66322|협로
66323|찬하다
66324|피식대다
66325|액출
66326|이끄다
66327|흰수마자
66328|전문화하다
66329|여성화되다
66330|고무사
66331|횡목
66332|천지다
66333|짙
66334|여상스럽다
66335|네랗다
66336|흉문
66337|제현
66338|중축
66339|병방
66340|주흘산
66341|바이오칩
66342|유형적
66343|꿈뻑거리다
66344|당파성
66345|흰개
66346|소직
66347|아꼽다
66348|달아가다
66349|작은부레관해파리
66350|껑충거리다
66351|개코같다
66352|잠베지강
66353|다카하타
66354|되삼키다
66355|차일
66356|의율하다
66357|무강
66358|이불란사
66359|마른입
66360|스플라인
66361|노빌레
66362|자멘호프
66363|파비우스
66364|테미
66365|거듭제곱
66366|복벽
66367|쨍그랑하다
66368|이쉬
66369|케이티엑스
66370|당김
66371|본오동
66372|내려앉음
66373|치첸이트사
66374|쥐불놀이하다
66375|악제
66376|교령
66377|조심조심히
66378|외법
66379|예송
66380|골란고원
66381|기하
66382|구화
66383|아우트라인
66384|게을러빠지다
66385|부감하다
66386|우애하다
66387|꼰
66388|나르바에스
66389|이도하다
66390|쌔하다
66391|자손만대
66392|빠지직거리다
66393|현위
66394|투처
66395|노순
66396|침로
66397|진초록
66398|몰이하다
66399|민장
66400|다알리아
66401|드람멘
66402|덕흥
66403|병속
66404|언파
66405|환멸스럽다
66406|록리
66407|코처
66408|법권
66409|러거
66410|배덕
66411|깔쭉깔쭉하다
66412|가짐
66413|넥타르
66414|루비셀
66415|만강하다
66416|수증
66417|양달
66418|제미
66419|폰팅
66420|민예총
66421|스자좡
66422|몽글거리다
66423|아덱스
66424|정류
66425|개축되다
66426|불신임하다
66427|감언
66428|그문
66429|아아하다
66430|피시테일
66431|밀감
66432|예술대
66433|준봉
66434|친병
66435|프리프로덕션
66436|비죽대다
66437|땡땡거리다
66438|미동하다
66439|보재이
66440|이릅다
66441|록이
66442|버짓이
66443|설복하다
66444|판적
66445|미어
66446|진피즈
66447|주절주절하다
66448|아이로니컬하다
66449|용조
66450|고주
66451|버들고리짝
66452|떠받들리다
66453|알프라졸람
66454|플래트
66455|팔랑대다
66456|진조
66457|백팩킹
66458|벤호사
66459|상엿집
66460|매생잇국
66461|인보
66462|창암
66463|무대극
66464|능라
66465|요맨큼
66466|플램
66467|동기다
66468|연월일
66469|을해
66470|발흥하다
66471|가마보코
66472|회음
66473|버트레스
66474|가공법
66475|영우
66476|삼하다
66477|비끄러매다
66478|서고트족
66479|분복
66480|민게
66481|배전판
66482|월권하다
66483|꽈다
66484|직사하다
66485|들머리
66486|밴텀급
66487|칭송되다
66488|우개
66489|객점
66490|출세작
66491|까부르다
66492|후항
66493|소끄다
66494|쪽자
66495|혼군
66496|조족지혈
66497|순고하다
66498|재록
66499|에리다누스
66500|대용물
66501|보리다
66502|적손
66503|구질
66504|앙오
66505|납폐
66506|비프웰링턴
66507|혹스
66508|카트하다
66509|먼먼
66510|비지다
66511|교호
66512|예로
66513|변통
66514|의원하다
66515|바란스
66516|꼬르륵꼬르륵
66517|아주매
66518|후르륵
66519|상궤
66520|나리다
66521|활엽
66522|천진
66523|꼬지르다
66524|너무다
66525|취학하다
66526|들큼하다
66527|뭉그적대다
66528|양립되다
66529|과야킬
66530|호호하다
66531|해묘
66532|버글거리다
66533|매표하다
66534|넙죽이
66535|스코어링
66536|은병
66537|황철석
66538|펠로톤
66539|남은
66540|조르다노
66541|녹말풀
66542|스믈
66543|기숙하다
66544|존비
66545|아이브이
66546|거푸거푸
66547|호박산
66548|순유
66549|야회
66550|견책하다
66551|디퍼
66552|도파
66553|가자이
66554|가르강튀아
66555|레겐스부르크
66556|하룻저녁
66557|문방
66558|목형
66559|사즉필생
66560|마르시아
66561|주요
66562|반시
66563|죽어지내다
66564|열린사회
66565|황송스럽다
66566|애족
66567|준지
66568|승압하다
66569|천연수
66570|왜건
66571|콰당탕
66572|고량
66573|아보트
66574|걸구
66575|아르침볼도
66576|이크티오사우루스
66577|버카
66578|교익
66579|잔인
66580|부배
66581|켈라
66582|재련
66583|뽀다구
66584|앉은부채
66585|어헤드
66586|영비
66587|바덴
66588|외질
66589|비에이
66590|궁구하다
66591|스노슈잉
66592|장삿길
66593|시큰시큰하다
66594|레테
66595|격년제
66596|미에다
66597|구골
66598|애차
66599|떤지다
66600|아찔아찔하다
66601|파라마리보
66602|맑은국
66603|파산자
66604|앨버레즈
66605|함숫값
66606|화엄
66607|궁마
66608|대상화되다
66609|선위하다
66610|심프슨
66611|봉행하다
66612|박태현
66613|고한
66614|부정기편
66615|페랭
66616|규장
66617|에도가와구
66618|으쓱이다
66619|한오백년
66620|시헌력
66621|사양지심
66622|안석
66623|독시사이클린
66624|안제
66625|기본선
66626|무하
66627|멍히
66628|좌시
66629|케냐타
66630|엉뚱스럽다
66631|우곡
66632|황폐되다
66633|과니
66634|뽈록뽈록
66635|좨
66636|라가시
66637|아미드
66638|오버코트
66639|절단내다
66640|계가
66641|가포
66642|케이지
66643|최유
66644|프로락틴
66645|자토
66646|뼁끼
66647|즈믄둥이
66648|백성
66649|생나제르
66650|마용
66651|클라이드강
66652|천렵
66653|폐출하다
66654|숭앙하다
66655|여지
66656|물맴이
66657|바리다
66658|원토
66659|병갑
66660|수퍼스타
66661|공봉
66662|력사
66663|괘종
66664|통학러
66665|치경
66666|중성자탄
66667|해꼬지하다
66668|창휘
66669|지초
66670|배겨내다
66671|모블리
66672|도태하다
66673|비인
66674|도꾸
66675|러더
66676|재판되다
66677|서열화하다
66678|황매
66679|주하다
66680|금촉
66681|쫄쫄하다
66682|상통
66683|조미하다
66684|보르자
66685|석보상절
66686|남획하다
66687|텃논
66688|닷다
66689|콜레우스
66690|무사통과하다
66691|몬생기다
66692|걸려가다
66693|만회되다
66694|구변
66695|승일
66696|참령
66697|아세틸렌
66698|에보니
66699|횅하다
66700|쪼굴다
66701|급가
66702|스시로
66703|창진
66704|춘몽
66705|내실화하다
66706|테로
66707|버그먼
66708|북창
66709|창달
66710|역가
66711|마북
66712|사대하다
66713|요순
66714|진력나다
66715|해왕
66716|멜랑꼴리하다
66717|북조
66718|부어
66719|초강
66720|다프
66721|공마
66722|부흥되다
66723|포돗빛
66724|게르치
66725|흰멧새
66726|오달리스크
66727|후타
66728|기우뚱기우뚱
66729|등어리
66730|누선
66731|합당히
66732|실인
66733|눈꼴사납다
66734|벨라지다
66735|달카닥거리다
66736|탈탄소화
66737|출력단
66738|디아나
66739|물대
66740|곤전
66741|브라이트너
66742|둥개둥개
66743|난임
66744|야생하다
66745|터프츠대
66746|으아리
66747|새깅
66748|발주자
66749|망신하다
66750|쌕쌕대다
66751|정아
66752|아들애
66753|번주
66754|풍부히
66755|프레즈노
66756|속지
66757|웨지우드
66758|버빙카
66759|요귀
66760|과단성
66761|빈약
66762|웁살라
66763|뮈다
66764|노양
66765|흥부가
66766|철륜
66767|드리볼
66768|여의찮다
66769|행가
66770|도손
66771|상설화하다
66772|검서관
66773|집짐승
66774|일점일획
66775|회계하다
66776|맹상군
66777|재입원하다
66778|벌테
66779|홀데인
66780|빙모
66781|떼제베
66782|차용어
66783|돌파되다
66784|멎
66785|행굼
66786|셰계
66787|럼버
66788|이자벨라
66789|무체
66790|개구락지
66791|서설
66792|묘원
66793|광언
66794|양문
66795|승종
66796|텔레포테이션
66797|감압하다
66798|판재
66799|소용이
66800|대동란
66801|쿨리
66802|시빗거리
66803|집수리하다
66804|왕생
66805|철형
66806|입맞추기
66807|디오클레티아누스
66808|사코슈
66809|칼라민
66810|우엽
66811|네뷸라이저
66812|어탕
66813|냅스터
66814|식료
66815|부보
66816|마룹다
66817|풍신수길
66818|타히티섬
66819|카랑하다
66820|동뢰
66821|촉탁
66822|진념
66823|왁왁
66824|입학률
66825|꺽정
66826|트라야누스
66827|내먹다
66828|강희맹
66829|할기다
66830|드로아
66831|주북
66832|석반
66833|씨명
66834|비준서
66835|풍진
66836|콥스
66837|아른대다
66838|볏섬
66839|군화발
66840|도저하다
66841|지국천왕
66842|치려하다
66843|피아프
66844|파선하다
66845|홍실
66846|일맥
66847|업태
66848|능소화나무
66849|천연덕스레
66850|겻
66851|광과민제
66852|강심
66853|투전하다
66854|호법
66855|방정하다
66856|플루오린
66857|놀가지
66858|작품화하다
66859|수항
66860|거칠거칠
66861|베뤼
66862|막일하다
66863|관해
66864|강인성
66865|경삿날
66866|발살바
66867|밴팅
66868|장하
66869|땜장이
66870|중명
66871|융화하다
66872|남파되다
66873|객청
66874|횟대
66875|비도
66876|너덜
66877|금례
66878|음전하다
66879|부술
66880|애청
66881|조악
66882|구덕
66883|마르케
66884|생즉필사
66885|생득적
66886|야보
66887|빝
66888|공활하다
66889|수세인트마리
66890|친정하다
66891|뒤미처
66892|버정
66893|칠렐레팔렐레
66894|주책스럽다
66895|보추
66896|쇠뜨기
66897|선외
66898|서술식
66899|청유형
66900|벌세우다
66901|건메탈
66902|상족
66903|아르빌
66904|사청
66905|백년설
66906|낱
66907|기오
66908|랑거
66909|재강
66910|개이
66911|균제
66912|동강동강
66913|용체
66914|다능하다
66915|쩔그렁
66916|태령
66917|살상되다
66918|됩디
66919|돌아내리다
66920|울수
66921|전계
66922|리페인트
66923|코머
66924|고려사절요
66925|체육단
66926|타이타늄
66927|본각
66928|안처
66929|쩌들다
66930|쿨렁쿨렁
66931|뎃생
66932|리핑
66933|거머지다
66934|복례
66935|조계
66936|엄크
66937|박산
66938|배임하다
66939|아비터
66940|선주후면
66941|프테로닥틸루스
66942|비거
66943|월배
66944|서력
66945|어릿어릿하다
66946|짚신짝
66947|버마재비
66948|닥쳐들다
66949|애기보
66950|쩔뚝
66951|건제
66952|공전되다
66953|승인서
66954|등긁개
66955|공남
66956|운반기
66957|반질하다
66958|호노
66959|삼혼
66960|성취동기
66961|군문
66962|흑룡강성
66963|사망진단
66964|어제하다
66965|백곡
66966|지린
66967|잔화
66968|쉭쉭대다
66969|골드바흐
66970|폰지
66971|검스
66972|앤아버
66973|도읍하다
66974|끈적대다
66975|소르비톨
66976|렉틴
66977|무공천하다
66978|내배다
66979|외공
66980|지루박
66981|비비대다
66982|현유
66983|굴혈
66984|깔끄럽다
66985|균일성
66986|눈인사하다
66987|중건되다
66988|불어치다
66989|노우즈
66990|슬프디슬프다
66991|적격하다
66992|리젝트
66993|실천가
66994|공반
66995|들뢰즈
66996|들어닥치다
66997|약정되다
66998|바스러뜨리다
66999|협작
67000|부자유친
67001|모릉
67002|삼분하다
67003|근대성
67004|사방하다
67005|전옥
67006|팔미라
67007|볼복스
67008|나보코프
67009|묵비
67010|서언
67011|시침
67012|엉성히
67013|웬간하다
67014|더트다
67015|문답하다
67016|롱기스트
67017|속수
67018|부포
67019|서왕모
67020|꿀꺽거리다
67021|절찬
67022|베푸다
67023|낚시질하다
67024|사바사바하다
67025|수실
67026|남남북녀
67027|콘드라이트
67028|몽댕이
67029|굴기하다
67030|까르르까르르
67031|인치하다
67032|제일선
67033|향토색
67034|윤독
67035|플미
67036|농서
67037|무심
67038|굴랍자문
67039|빈틈투성이
67040|웽웽거리다
67041|되튀다
67042|콧마루
67043|만연히
67044|헬리포트
67045|쾨니히스베르크
67046|자본재
67047|베르호얀스크
67048|자유방임
67049|강회
67050|셉템버
67051|드날리다
67052|보장금
67053|공급계약
67054|왕수
67055|독야청청
67056|소개말
67057|용등
67058|씨아
67059|교유하다
67060|호로록호로록
67061|스라밸
67062|입이
67063|정규직화하다
67064|무관계하다
67065|해표
67066|염창
67067|화희
67068|원에
67069|일축되다
67070|뱀주인자리
67071|벌쓰다
67072|도이머이
67073|경골
67074|의혹하다
67075|선착하다
67076|훈공
67077|삼지구엽초
67078|표리부동
67079|기삿감
67080|춘전
67081|꾸역꾸역하다
67082|주해
67083|난형난제
67084|보몽
67085|오버록
67086|에립다
67087|심상히
67088|극심히
67089|청루
67090|월장
67091|초관
67092|썬그라스
67093|복더위
67094|고신하다
67095|자괴
67096|비락
67097|인덱싱
67098|초사흘
67099|피에스
67100|납두다
67101|허얘지다
67102|동중
67103|제액
67104|곤마
67105|유명무실화되다
67106|자유화되다
67107|엄존하다
67108|향이
67109|실향
67110|텍셀
67111|가얏고
67112|정태하다
67113|딱정벌레류
67114|고기잡이하다
67115|화경
67116|차팅
67117|짓치다
67118|아네
67119|언매
67120|호적하다
67121|수에
67122|자갈투성이
67123|몸만들기
67124|내덕
67125|양오
67126|방개
67127|코번
67128|라바라바
67129|재입학하다
67130|충파
67131|불균등
67132|끔뻑끔뻑
67133|여량
67134|달칵하다
67135|쨍쨍거리다
67136|단어책
67137|다다음
67138|삼지연군
67139|복록
67140|층층시하
67141|태모
67142|여덟아홉
67143|외지
67144|후구
67145|무명지
67146|응낙하다
67147|팀가이스트
67148|대상하다
67149|잔적
67150|황막하다
67151|마티니
67152|개거
67153|고무바퀴
67154|싼샤
67155|이난영
67156|재기재기
67157|콜러
67158|마이오세
67159|처마시다
67160|숲다
67161|가들다
67162|윗돌
67163|청해
67164|주온
67165|의지가지없다
67166|층층대
67167|주월
67168|순색
67169|박화
67170|적재
67171|놔뚜다
67172|목창
67173|오엠지
67174|타닥타닥하다
67175|건넛집
67176|또한
67177|환계
67178|나그넷길
67179|버무르다
67180|뭉티기
67181|엔디
67182|팔레오세
67183|체공하다
67184|바돌로매
67185|시스트
67186|장나다
67187|동락
67188|가보리
67189|부꾸
67190|조핏가루
67191|습곡
67192|귀목
67193|흉살
67194|옮겨심기
67195|낯색
67196|무생
67197|영락하다
67198|제편
67199|애개
67200|쟁기질하다
67201|하궁
67202|대기선
67203|이럽다
67204|덕봉
67205|주구리
67206|주새
67207|너느
67208|아밀레이스
67209|항수
67210|공현
67211|철렁철렁하다
67212|벨트라인
67213|매절
67214|뭉그러뜨리다
67215|충일하다
67216|꾸르륵대다
67217|도라지
67218|올려세우다
67219|비참히
67220|순기
67221|독이
67222|조희
67223|그레이트브리튼
67224|베이시스
67225|탕건
67226|양표
67227|단애
67228|마애
67229|순망치한
67230|흉도
67231|군불
67232|사부작거리다
67233|인버트
67234|미새
67235|여청
67236|복항
67237|올곧이
67238|폄훼되다
67239|갈충조
67240|백전불태
67241|인타
67242|굴삭
67243|골속
67244|우물대다
67245|쿼드비트
67246|회치
67247|춘사
67248|팔황
67249|홀태
67250|비취다
67251|밀회하다
67252|갈잎큰키나무
67253|온상지
67254|굻다
67255|라돔
67256|갑구
67257|로쿰
67258|조교하다
67259|어째튼
67260|아메시스트
67261|재인식하다
67262|초지
67263|부업선
67264|베티다
67265|파르시
67266|내히다
67267|발상하다
67268|생사람
67269|전락되다
67270|통례
67271|탐애
67272|도장하다
67273|파렐
67274|스로트
67275|로멜
67276|가멘
67277|작인
67278|에어호
67279|가가와현
67280|복술
67281|가리마
67282|물거품되다
67283|환마
67284|하루저녁
67285|사자하다
67286|감질
67287|방글거리다
67288|출옥하다
67289|카비르
67290|애꼬
67291|거만
67292|평평히
67293|아탈라
67294|사그러지다
67295|빈랑
67296|뻗히다
67297|염호
67298|수합
67299|청덕
67300|앙고라
67301|민얼굴
67302|놀이장
67303|읏다
67304|추성
67305|딸랑딸랑하다
67306|핏자
67307|리카이
67308|도생하다
67309|영원불변하다
67310|화피
67311|어찔하다
67312|당비서
67313|맘몬
67314|일차원
67315|희망퇴직하다
67316|밑둥치
67317|반란하다
67318|사사프라스
67319|회장하다
67320|추생
67321|후정
67322|산출량
67323|가뢰
67324|비웃
67325|농작
67326|벽간
67327|성세
67328|바티스투타
67329|소비다
67330|딸각딸각
67331|무르시아
67332|모레이
67333|회사하다
67334|두브체크
67335|집례
67336|소죽
67337|초음
67338|기르미
67339|희희낙락거리다
67340|쪼깐하다
67341|앵클부츠
67342|약손가락
67343|행악하다
67344|돌아지다
67345|중절하다
67346|교반
67347|이혜
67348|동송
67349|한노총
67350|마그레브
67351|왕산
67352|의식화되다
67353|고나리
67354|말기
67355|오르도비스기
67356|갈퀴질하다
67357|플라핑
67358|페루치
67359|되우
67360|세인트로렌스강
67361|다사
67362|해택
67363|해중
67364|콘테이너
67365|공람
67366|애중
67367|청순가련형
67368|크르
67369|와상
67370|빼빼하다
67371|비식
67372|좌수
67373|간서
67374|중교
67375|선저
67376|영검하다
67377|월궁
67378|잔재미
67379|속닥속닥하다
67380|복각되다
67381|까방권
67382|시각화되다
67383|지동
67384|도둑이
67385|편지꽂이
67386|등시
67387|쪼끄마하다
67388|종헌
67389|산들거리다
67390|찰싹거리다
67391|생초
67392|임베딩
67393|협장
67394|벌이하다
67395|퐁디셰리
67396|장판지
67397|뻔떡
67398|초갑
67399|쳐넣기
67400|개가다
67401|간심
67402|도끼질하다
67403|닭탕
67404|고살라
67405|잡수시다
67406|말미다
67407|쩔이다
67408|바나
67409|신엽
67410|절의
67411|마들다
67412|입헌주의
67413|군례
67414|병립하다
67415|발로하다
67416|동채
67417|냉찜질하다
67418|옆다
67419|등한히
67420|꼬이
67421|삶기다
67422|새사
67423|역차별하다
67424|형호
67425|월전
67426|처덕처덕
67427|쌍통
67428|순동
67429|회득
67430|펜토미노
67431|생긴
67432|쓰름매미
67433|송연
67434|극력
67435|가뜨다
67436|젭알
67437|충선
67438|예경
67439|폐서인하다
67440|한울님
67441|어멓다
67442|메브
67443|배불
67444|페티딘
67445|첨벙첨벙하다
67446|홍백
67447|홍재
67448|고증되다
67449|갉작거리다
67450|탁배기
67451|병도
67452|늘씬
67453|코니아
67454|견시
67455|풍납초
67456|블랍
67457|게이블
67458|흰눈썹황금새
67459|뜨시다
67460|옹짜
67461|춘매
67462|형정
67463|말레
67464|강유
67465|발아되다
67466|낚아채이다
67467|사문화
67468|도재
67469|리슨
67470|멍아
67471|이간
67472|탕정
67473|꾀꼴꾀꼴
67474|뚜레
67475|비니시우스
67476|무엄
67477|업셋
67478|걸작선
67479|반남
67480|소잡다
67481|다신
67482|와드득
67483|가운뎃줄
67484|짝짝꿍
67485|어동육서
67486|타자화되다
67487|스프롤
67488|젖내
67489|연직
67490|안력
67491|방칙
67492|금후
67493|나사르
67494|우릉거리다
67495|침수하다
67496|하이드로젤
67497|오난
67498|훈봉
67499|마스터링하다
67500|생각케다
67501|철둑
67502|쾌차
67503|보웬
67504|얄개
67505|의해
67506|째깍대다
67507|염동
67508|리장
67509|컹컹거리다
67510|베르니케
67511|월후
67512|판막음
67513|궁딩이
67514|맞배지붕
67515|움칫하다
67516|타경
67517|과리
67518|윤락
67519|장혀
67520|구토증
67521|아마조나스
67522|솔라리스
67523|프린스에드워드섬
67524|보온하다
67525|보결
67526|연포
67527|쥐어뜯기다
67528|생구
67529|이절
67530|신플라톤주의
67531|여게
67532|훈정
67533|논파하다
67534|갑을
67535|불퉁스럽다
67536|자이로트론
67537|쩨
67538|검침
67539|탐식하다
67540|융해
67541|골인되다
67542|판구조
67543|골볼
67544|다점
67545|환매하다
67546|꿰입다
67547|준기
67548|일치다
67549|프리웨어
67550|복닥복닥하다
67551|흰다리
67552|유현경
67553|이징
67554|불승인하다
67555|필순
67556|피에조
67557|셈치다
67558|타이피스트
67559|득시글하다
67560|별좌
67561|서매
67562|붉은부리갈매기
67563|다루가치
67564|생질
67565|황공
67566|랜드셋
67567|교룡
67568|디다보다
67569|흥얼흥얼하다
67570|목제품
67571|와흘
67572|그렁게
67573|카토리
67574|셰이빙
67575|현전하다
67576|촬촬
67577|보드득
67578|도마질
67579|나시리야
67580|코즈모폴리턴
67581|지앙
67582|날개죽지
67583|두어두다
67584|액화하다
67585|에그녹
67586|레스링
67587|혼밥러
67588|투미하다
67589|진설하다
67590|우거짓국
67591|촌경
67592|북적하다
67593|무골
67594|뇌두
67595|난투하다
67596|과객
67597|처우하다
67598|승하다
67599|용솟음
67600|폐립
67601|물경
67602|역조
67603|월귤
67604|히기에이아
67605|상임
67606|싸잡히다
67607|단시
67608|페이더
67609|속임
67610|간곳없다
67611|대파되다
67612|인테그랄
67613|당월
67614|다채널
67615|강경히
67616|촌주
67617|후처리하다
67618|치렁거리다
67619|손히
67620|뎬무
67621|뒤이다
67622|모간
67623|재정리
67624|개라다
67625|몰아
67626|깨운하다
67627|용질
67628|갈이다
67629|키작남
67630|삼막사
67631|마자랭
67632|동질화
67633|척식
67634|병간
67635|삼각천막
67636|피맥
67637|뒤척뒤척
67638|휴간하다
67639|명쾌히
67640|버럭질
67641|휘항
67642|풍족히
67643|미노사이클린
67644|출어
67645|국태
67646|추움
67647|들여마시다
67648|직교
67649|헛나가다
67650|온반
67651|복면하다
67652|메이폴
67653|일석사조
67654|포린트
67655|착검
67656|회다
67657|의붓언니
67658|혼선되다
67659|연해
67660|대취하다
67661|웨비나
67662|장축
67663|태부
67664|요담
67665|즈릅
67666|쑥덕공론
67667|유주
67668|밀식
67669|산부
67670|어쩌다가
67671|꿀럭거리다
67672|치익치익
67673|라디칼
67674|찌게
67675|국인
67676|원래하다
67677|헤벌레하다
67678|농양
67679|우티
67680|툭탁툭탁
67681|치콜
67682|국유화되다
67683|백은
67684|리주
67685|헌시
67686|서걱대다
67687|잔존
67688|카르다노
67689|재분석하다
67690|병조림
67691|밋지다
67692|경징계하다
67693|몽유
67694|꼼치
67695|동양사
67696|코즐로프
67697|양승
67698|낋이다
67699|꺅꺅대다
67700|권석
67701|임포
67702|파방
67703|무격
67704|운공
67705|쿠칭
67706|씨다
67707|개채
67708|시이다
67709|공준
67710|철그렁거리다
67711|뺑글
67712|닐센
67713|논갈이
67714|서흥
67715|동삼
67716|재가열하다
67717|키비
67718|그리브
67719|날카로움
67720|가지가다
67721|양봉하다
67722|무삽다
67723|늑약
67724|망명지
67725|주사기
67726|녹도
67727|가약
67728|새신
67729|두봉
67730|붉은팥
67731|급행료
67732|마사하다
67733|핀홀
67734|온천군
67735|진장
67736|우야든동
67737|설빔
67738|후사하다
67739|심석
67740|박음
67741|살작
67742|키레나이카
67743|슬립스
67744|선전문
67745|내외간
67746|만선하다
67747|애웅
67748|골분
67749|설파되다
67750|각구
67751|메느리
67752|졸마
67753|루뱅
67754|월일
67755|적점
67756|탑비
67757|천년
67758|갑종
67759|에페수스
67760|락오
67761|전창근
67762|로드아일랜드주
67763|령기
67764|애액
67765|스파르탄
67766|민둥민둥하다
67767|화씨지벽
67768|최고도
67769|갸날프다
67770|만신창
67771|푸들거리다
67772|목천
67773|시코르스키
67774|그러므로
67775|검사체계
67776|두리뭉실
67777|직소하다
67778|내불다
67779|속화
67780|여인초
67781|주뒤
67782|오와
67783|토피카
67784|어물쩍대다
67785|단관
67786|스트리킹
67787|구니사키
67788|요절내다
67789|산업화하다
67790|뙈
67791|수원하다
67792|무르만스크
67793|짝친구
67794|가매장하다
67795|사이닝
67796|고묘
67797|쇠칼
67798|흉막
67799|관명
67800|약종
67801|누렁소
67802|쪼끼
67803|닭치다
67804|농이
67805|밥자리
67806|윗눈썹
67807|개력
67808|적으나마
67809|블루머
67810|하식
67811|비트적거리다
67812|도낏자루
67813|흐들흐들하다
67814|가판대
67815|어두일미
67816|베네딕투스
67817|비병
67818|연함
67819|카이트서핑
67820|악타우
67821|고여들다
67822|꼼작
67823|부수되다
67824|행기
67825|케페우스
67826|뭉기다
67827|초열
67828|싱크로트론
67829|기윽
67830|선견
67831|바람머리
67832|밀소
67833|원수지다
67834|지둘리다
67835|죄형
67836|지박
67837|실투
67838|입때껏
67839|언더워터
67840|위안되다
67841|휘우듬하다
67842|유아이
67843|우치하다
67844|결승하다
67845|또렷또렷하다
67846|새개
67847|희주
67848|알콜릭
67849|시르죽다
67850|뿌서지다
67851|멸구
67852|세반고리관
67853|지도방안
67854|부도덕성
67855|살쩍
67856|영속
67857|허치슨
67858|타가
67859|지억
67860|진혼
67861|히파르코스
67862|명천
67863|목안
67864|교풍
67865|칙사
67866|시락국
67867|테넌트
67868|빠넬
67869|꿀럭꿀럭
67870|재지정되다
67871|소아베
67872|케르만
67873|아이데이션
67874|껴묻거리
67875|아세틸
67876|부들이
67877|하마차
67878|반다이크
67879|퉁탕거리다
67880|널찍이
67881|호딱
67882|편벽되다
67883|창발
67884|에수
67885|야알못
67886|시대성
67887|그득히
67888|장국밥
67889|현몽하다
67890|디바이더
67891|팽글팽글
67892|하켄
67893|다매체
67894|쿨럭대다
67895|질구
67896|고엽
67897|박재
67898|들이파다
67899|블로크
67900|글루타메이트
67901|폐열
67902|붉은꽃
67903|채신머리없다
67904|어질거리다
67905|무성의
67906|일그다
67907|대처리즘
67908|환상하다
67909|삐꾸다
67910|슬럼화되다
67911|간단
67912|토출
67913|독공
67914|뀌
67915|재공급하다
67916|아주망
67917|여범
67918|흑사
67919|재소집하다
67920|섕크
67921|땡보
67922|함하다
67923|나불나불하다
67924|일부일처
67925|제창되다
67926|누렁누렁하다
67927|격의
67928|후타리
67929|쪼르다
67930|결석계
67931|한달
67932|구업
67933|촌평하다
67934|테일러링
67935|궤휼
67936|동우회
67937|남반부
67938|뒷무릎
67939|도편
67940|층에
67941|베레시트
67942|액셀레이터
67943|분리법
67944|이고
67945|고히
67946|로기
67947|테셀레이션
67948|밥투정하다
67949|유강
67950|큼큼하다
67951|대형화하다
67952|산스크리트
67953|일소되다
67954|규사
67955|플렉시테리언
67956|깨쓰
67957|되돌아서다
67958|성간
67959|전략하다
67960|달르다
67961|입경
67962|만니톨
67963|물로
67964|군규
67965|중의
67966|활자본
67967|데밀
67968|양념물
67969|딸라
67970|고옥
67971|면구하다
67972|리산
67973|모천
67974|빌르다
67975|목록화하다
67976|루테늄
67977|소셜테이너
67978|루간스크
67979|성쇠
67980|요곳
67981|거웃
67982|삼락
67983|스필오버
67984|일우다
67985|헛심
67986|통털다
67987|미나다
67988|밀운불우
67989|차반
67990|디펜드
67991|킬로리터
67992|융이
67993|대일
67994|타브리즈
67995|비네트
67996|미당
67997|각뿔
67998|변의
67999|송아리
68000|맥시멀리즘
68001|피서지
68002|해삼위
68003|수구리
68004|니끼
68005|나가수
68006|시설하다
68007|흑로
68008|야콥슨
68009|불편부당하다
68010|복지부동
68011|세트업
68012|양리
68013|갹출하다
68014|객수
68015|짓쳐들어오다
68016|델파이
68017|공방하다
68018|제내
68019|묵고하다
68020|권취
68021|야리
68022|두럽다
68023|나댕기다
68024|희끗거리다
68025|사회면
68026|계약제
68027|합계하다
68028|껄떡
68029|술장사하다
68030|라오족
68031|다티
68032|봄베
68033|잠제
68034|골드윈
68035|열고
68036|발보아
68037|되랴
68038|슬로퍼
68039|험
68040|휘점
68041|숨카다
68042|얼근하다
68043|분납하다
68044|공촌
68045|형별
68046|당디
68047|지민
68048|추풍
68049|꿀럭
68050|늴리리
68051|안존하다
68052|무봉
68053|돌절구
68054|역술
68055|주대
68056|코티지치즈
68057|꿀렁하다
68058|제하
68059|맞보다
68060|귀면
68061|족탕
68062|의학도
68063|지두
68064|후둑후둑
68065|계념
68066|양관
68067|리론
68068|가시풀
68069|나자
68070|밀고
68071|당항
68072|공파
68073|반드르르하다
68074|쇠창
68075|얕은꾀
68076|고꾸라트리다
68077|인바
68078|자불다
68079|큰키나무
68080|미끄덩미끄덩
68081|횡하다
68082|오도이촌
68083|관능미
68084|한팔
68085|조생
68086|무한량
68087|순열
68088|범례
68089|생차
68090|파라
68091|어문
68092|발도하다
68093|완방
68094|미맹
68095|고불고불하다
68096|세력화되다
68097|판크라티온
68098|매생
68099|요행수
68100|주척
68101|격파되다
68102|야무
68103|안내대
68104|매정히
68105|댕강댕강
68106|고물고물
68107|신익희
68108|짚이다
68109|뭇별
68110|아마이드
68111|노규
68112|호발하다
68113|코메디아
68114|헌액되다
68115|역동하다
68116|발딱발딱
68117|찌무룩하다
68118|다프니스
68119|형제당
68120|향유되다
68121|루체
68122|쬐께
68123|트리메틸아민
68124|들놀이
68125|명치
68126|알케스티스
68127|아톤
68128|필사되다
68129|키네토스코프
68130|콘도미니엄
68131|시팅
68132|라르사
68133|침출하다
68134|실뽑기
68135|제꺼덕
68136|가뿌다
68137|잡졸
68138|강위
68139|조동이
68140|부애
68141|입귀
68142|윤근
68143|칸토어
68144|로라시아
68145|여과시키다
68146|코블렌츠
68147|깐죽깐죽
68148|여니
68149|빨딱빨딱
68150|각대
68151|방콕하다
68152|권문
68153|화담
68154|그루지야
68155|카탈라아제
68156|승도
68157|결딴내다
68158|질물
68159|렉카차
68160|선하
68161|자씨
68162|중화요릿집
68163|식식
68164|배교하다
68165|새콤새콤하다
68166|조로아스터
68167|메리엄
68168|취식하다
68169|데빌스
68170|성락원
68171|설복시키다
68172|누스
68173|극의
68174|키니코스학파
68175|떠안기다
68176|부엌살이
68177|줄줄이
68178|급등락하다
68179|가맹되다
68180|숭시
68181|삼성하다
68182|본토박이
68183|취두
68184|북리
68185|프리스틀리
68186|살리나스
68187|치위
68188|녹로
68189|타이위안
68190|젊으신네
68191|궁무
68192|곰팡
68193|염량
68194|수합하다
68195|만료하다
68196|정체기
68197|탕감되다
68198|며루치
68199|가르보
68200|타성적
68201|변액
68202|쥐뜯다
68203|망미동
68204|아롱아롱
68205|쇠고집
68206|꺼끌꺼끌
68207|냥줍
68208|애닳다
68209|탁음
68210|안거리
68211|무소유처
68212|푸드득거리다
68213|얼릉얼릉
68214|포다이스반
68215|국원
68216|로빙
68217|복검
68218|면도기
68219|구래
68220|묵죽
68221|피난지
68222|바콜
68223|차랑
68224|산마
68225|명가수
68226|앙시
68227|어옹
68228|박피하다
68229|집체
68230|아그리콜라
68231|입욕하다
68232|민코프스키
68233|헤비다
68234|알토란
68235|감명하다
68236|내어보내다
68237|블루슈머
68238|수시다
68239|말직
68240|등선
68241|능글스럽다
68242|호미질하다
68243|나어리다
68244|마칸
68245|디클로페낙
68246|야습하다
68247|알미늄
68248|골패
68249|또릿또릿하다
68250|바니
68251|를르베
68252|보균
68253|청봉
68254|척지다
68255|백과전서
68256|꿱꿱
68257|기호학자
68258|신실
68259|입내
68260|진부
68261|캐프라
68262|난망
68263|니팅
68264|개찰하다
68265|사눕다
68266|묘당
68267|동남풍
68268|거자필반
68269|풍류객
68270|교잡하다
68271|대가집
68272|맥적
68273|맛없이
68274|코볼
68275|낭포
68276|바운드하다
68277|내마
68278|방그레
68279|지수
68280|꽁생원
68281|편방
68282|자천하다
68283|비머
68284|장제이
68285|단카
68286|발연
68287|각기둥
68288|헤실거리다
68289|중합
68290|심덕
68291|죄얼
68292|깡치
68293|척살
68294|불출하다
68295|튀어들다
68296|굴착하다
68297|경당
68298|주지
68299|민숭민숭하다
68300|신진
68301|편당심
68302|구직난
68303|옵아트
68304|공략되다
68305|피에이치
68306|출로
68307|백년지대계
68308|섭정하다
68309|토착화되다
68310|고차
68311|리노바이러스
68312|쇼걸
68313|버들개
68314|연오
68315|맵차다
68316|초서
68317|항진하다
68318|피코초
68319|하늘매발톱
68320|웅숭그리다
68321|불긋불긋
68322|모리조
68323|연륙
68324|포칭
68325|갈끼
68326|홑옷
68327|찍자
68328|울도하늘소
68329|노웅
68330|핫플레이트
68331|금조
68332|고꾸라뜨리다
68333|진여
68334|증여되다
68335|거더
68336|다쓰고
68337|테플론
68338|마른반찬
68339|옥추경
68340|어성
68341|허방
68342|자곡
68343|들하다
68344|각재
68345|게리맨더링
68346|시운
68347|호벨
68348|열증
68349|포토제닉상
68350|브룩클린
68351|차일피일하다
68352|장색
68353|동보
68354|듀플렉스
68355|절사
68356|시곡
68357|석출
68358|챙강
68359|길운
68360|자모회
68361|부르제
68362|불관
68363|평자
68364|상거래
68365|즉흥곡
68366|일죽
68367|첫물
68368|되갖다
68369|귀동
68370|송수화기
68371|호건
68372|기후플레이션
68373|앗차
68374|몽트뢰
68375|친견하다
68376|들어대다
68377|저니
68378|음무
68379|천로
68380|전매하다
68381|청공
68382|자료화하다
68383|클롬펜
68384|제련되다
68385|건육
68386|몰토
68387|이기죽거리다
68388|상박
68389|경락하다
68390|운우지정
68391|스리위자야
68392|까롬
68393|피피엠
68394|흑인종
68395|흉악무도하다
68396|알짱알짱
68397|짬짜미하다
68398|헛손질하다
68399|그래이
68400|결단성
68401|트리파노소마
68402|끓음
68403|곡곡
68404|상년
68405|호접
68406|얼되다
68407|종계
68408|번히
68409|라발
68410|개심
68411|도피오
68412|층장
68413|남보
68414|특성화하다
68415|뭉퉁하다
68416|탈자
68417|성려
68418|차집
68419|귀측
68420|나자렛
68421|삥땅하다
68422|기경
68423|그쯤하다
68424|정림동
68425|마헤
68426|평이
68427|흘레붙다
68428|가사실
68429|냐짱
68430|래그타임
68431|킬른
68432|봉삼
68433|엔테로바이러스
68434|지닿다
68435|딜다
68436|최적하다
68437|필율
68438|이어달리기하다
68439|의탁
68440|냉철히
68441|종이밥
68442|격납
68443|결론하다
68444|수릿과
68445|에이펙
68446|에이엠
68447|총융청
68448|세폐
68449|필레몬
68450|푼타아레나스
68451|개괄하다
68452|그느
68453|쪼끔하다
68454|반줄
68455|쌔까맣다
68456|오베르뉴
68457|앙탈하다
68458|벗어제끼다
68459|좌위
68460|색히다
68461|혜민원
68462|미장하다
68463|껌벅이다
68464|황석어젓
68465|색수상행식
68466|장공
68467|요깟
68468|황강
68469|실증되다
68470|근연
68471|색소포니스트
68472|실강
68473|자고하다
68474|전사학자
68475|경장갑차
68476|따라마시다
68477|욕살
68478|트리튬
68479|침의
68480|근체
68481|건포
68482|수벽
68483|녹장
68484|상투어
68485|대입되다
68486|맹공격하다
68487|아스클레피아스
68488|괴물스럽다
68489|득남하다
68490|민하다
68491|갯그령
68492|엄부자모
68493|타유
68494|온욕
68495|천시하다
68496|유전하다
68497|재감정하다
68498|운양
68499|비소리
68500|조산원
68501|하로
68502|폴타바
68503|말씨름하다
68504|딸그닥
68505|경맥
68506|꼬시레
68507|설동
68508|아우로라
68509|보체
68510|통항
68511|국어학
68512|찰방
68513|동사리
68514|페트롤
68515|묵독
68516|어질러티
68517|사남
68518|순일
68519|또시
68520|부절
68521|타파되다
68522|핍진하다
68523|캅셀
68524|되먹임
68525|고갈하다
68526|머디
68527|배값
68528|에프엠디
68529|에프티에이
68530|시큼시큼
68531|자심하다
68532|냉돌
68533|티모르섬
68534|굼실굼실
68535|뻗쳐오르다
68536|외돌토리
68537|대장하다
68538|라이엘
68539|빙글빙글하다
68540|전한
68541|초견
68542|브라이트니스
68543|포트루이스
68544|비리디언
68545|항심
68546|근하다
68547|범칙
68548|투포
68549|서귀
68550|타팬
68551|페르가몬
68552|해니
68553|멸균되다
68554|바잡다
68555|잇힝
68556|무원
68557|연호
68558|토마토퓨레
68559|배깥
68560|가천
68561|대가치
68562|두둥둥
68563|덤핑하다
68564|복명복창하다
68565|파나이
68566|치곤하다
68567|포르토노보
68568|젊꼰
68569|둥기둥기
68570|빠꼼히
68571|실현성
68572|봉작
68573|나가라
68574|베지근하다
68575|눈치밥
68576|짜가리
68577|색시감
68578|벼랑길
68579|영검
68580|민쥐
68581|증파되다
68582|산패되다
68583|슬림형
68584|여사다
68585|므란티
68586|창하다
68587|농현
68588|취역
68589|찰방찰방
68590|귀부
68591|다우닝
68592|표고
68593|인가되다
68594|떠들어오다
68595|골침
68596|울력
68597|세유
68598|김창근
68599|원용하다
68600|미코노미
68601|비엘티
68602|녹미
68603|고까짓
68604|형식주의자
68605|에스프리
68606|재파
68607|자선가
68608|투박스럽다
68609|트리폴리타니아
68610|엉겨들다
68611|차록
68612|터먼
68613|촌시
68614|보건법
68615|걸가
68616|탬퍼
68617|물싸움하다
68618|혼도
68619|빵그레
68620|노측
68621|래블
68622|페토
68623|무비하다
68624|밧다
68625|고복남
68626|남만
68627|멍우리
68628|마이크로리터
68629|꺾쇠
68630|촐리
68631|냉차
68632|미강
68633|오나가나
68634|백숙하다
68635|로간
68636|극독
68637|왈왈거리다
68638|웅동
68639|울짱
68640|좌안
68641|둑중개
68642|디프레션
68643|귀갑
68644|우물집
68645|중양
68646|갈코리
68647|캣콜링
68648|연광
68649|떠댕기다
68650|게오르다
68651|방방거리다
68652|겅중거리다
68653|쪼깐이
68654|투덕투덕
68655|석녀
68656|아이스픽
68657|상송
68658|수어지교
68659|속절
68660|편재되다
68661|카스모사우루스
68662|완곡어법
68663|꾸밈새
68664|미얌
68665|화작
68666|메쿠다
68667|불뚝거리다
68668|수월히
68669|급유하다
68670|이감하다
68671|비감하다
68672|젱
68673|산차
68674|스탈링
68675|환호작약하다
68676|적실하다
68677|정팔면체
68678|레포
68679|조흔
68680|따러가다
68681|상말
68682|팀푸
68683|우글쭈글하다
68684|덕상
68685|울끈불끈하다
68686|망점
68687|인터프리터
68688|슈퍼버그
68689|빡종
68690|호발
68691|소유지
68692|오중아
68693|분점하다
68694|원평
68695|베루다
68696|표선
68697|뱜
68698|담수화하다
68699|치밀히
68700|기리시마
68701|엇박다
68702|겸애
68703|세음
68704|해년
68705|타킨
68706|퍼니셔
68707|허섭스레기
68708|습포
68709|콜로라도스프링스
68710|재활성화되다
68711|세력화하다
68712|여우다
68713|가늘디가늘다
68714|상배
68715|교열
68716|탕탕하다
68717|콘드비프
68718|화복
68719|북슬북슬
68720|예토
68721|줄레줄레
68722|치위생학과
68723|음보
68724|갈파하다
68725|첨보하다
68726|새벽달
68727|적두
68728|이월
68729|따시다
68730|재통보하다
68731|재발부되다
68732|끼적끼적
68733|망부
68734|콜리스틴
68735|공작조
68736|빈처
68737|쇼당
68738|애걔걔
68739|아마조니아
68740|명필가
68741|특별자치시
68742|효창
68743|법공
68744|도르민
68745|얼간
68746|재출마하다
68747|초극박
68748|무망하다
68749|불길스럽다
68750|유들거리다
68751|조둥이
68752|북편
68753|곤들매기
68754|줄루어
68755|방탱이
68756|종명
68757|싱그레
68758|봉서
68759|마티외
68760|점제
68761|디나다
68762|재입북하다
68763|자바라
68764|충전제
68765|도바
68766|화베이
68767|쓰잘데기없이
68768|음용하다
68769|본책
68770|번견
68771|법언
68772|크레졸
68773|뷰포트
68774|절박
68775|알매
68776|시풍
68777|명금
68778|청야
68779|캐피탈사
68780|패트런
68781|뜨신물
68782|귀동냥하다
68783|코찡찡이
68784|곰소
68785|이론화
68786|검박하다
68787|민유
68788|불신임
68789|저니맨
68790|슈니츨러
68791|플라스티네이션
68792|각이
68793|삐끗거리다
68794|유격하다
68795|빌레이
68796|느즈막하다
68797|난치
68798|리뷰되다
68799|루한
68800|포셰트
68801|과나코
68802|어황
68803|드리핑
68804|두드리
68805|상객
68806|이리이리
68807|하앍
68808|시묘살이
68809|홍무
68810|호프만
68811|직봉
68812|찝적거리다
68813|등방
68814|갑오농민전쟁
68815|성폭법
68816|워플
68817|복진
68818|편채
68819|한걱정
68820|원질
68821|증도
68822|분쉬
68823|어금닛소리
68824|이선하다
68825|앨라
68826|펠라티오
68827|누구리
68828|에치
68829|행오
68830|벤진
68831|내리비추다
68832|샐쭉거리다
68833|왕메
68834|짜박
68835|졸장부
68836|일정
68837|이미나
68838|전측
68839|깡충대다
68840|조하다
68841|달레
68842|드모르간
68843|멍개
68844|평온무사하다
68845|공각
68846|응고하다
68847|장모음
68848|싱크로
68849|아스라하다
68850|황근
68851|계절노동자
68852|해거드
68853|도암
68854|붉은오름
68855|날품
68856|두들두들하다
68857|뺑뺑하다
68858|성생
68859|낭창
68860|천부인
68861|마속
68862|다게스탄
68863|층층이
68864|총안
68865|번쾌
68866|암문
68867|배뢰
68868|용관
68869|아지메
68870|시대착오
68871|구두솔
68872|셰리프
68873|수카르노
68874|사올라
68875|춘소
68876|어그러뜨리다
68877|디히
68878|광포
68879|지혈되다
68880|산월
68881|임해
68882|영상
68883|화생
68884|요안
68885|큰외숙모
68886|아먼드
68887|치맛감
68888|흐리터분하다
68889|박사원
68890|오줌소태
68891|짠득짠득하다
68892|곡향
68893|대치시키다
68894|째끄맣다
68895|하하거리다
68896|소성하다
68897|흥보
68898|부시럭거리다
68899|윤신하다
68900|쇠솔
68901|돌파전
68902|쌍륙
68903|풀레코
68904|리디자인
68905|절반하다
68906|인간하다
68907|바짝하다
68908|인테그린
68909|방물
68910|가정의례
68911|곰곰이
68912|지망자
68913|스피룰리나
68914|안현동
68915|음영하다
68916|담배쌈지
68917|논자
68918|구태어
68919|마니에르
68920|시종하다
68921|쇠꼬리
68922|자르브뤼켄
68923|울울창창하다
68924|삣다
68925|시키시
68926|선텐
68927|개제하다
68928|역진
68929|떡가루
68930|잠소리
68931|궁금히
68932|나직히
68933|으적
68934|깡철
68935|종천
68936|올리다보다
68937|여몽
68938|감투상
68939|쉬저우
68940|언재
68941|용의하다
68942|단조하다
68943|달고
68944|좌푯값
68945|건들리다
68946|현천
68947|마레이
68948|베루
68949|아사카와
68950|후부
68951|퍼디다
68952|바깥사돈
68953|협주하다
68954|류코
68955|색등
68956|평화로움
68957|석존
68958|구렛들
68959|첨단화되다
68960|짧치
68961|볼레
68962|탕짜면
68963|설루트
68964|향전
68965|예탁하다
68966|귀르가즘
68967|꾸륵꾸륵
68968|미봉
68969|에스에프
68970|레귤레이션
68971|쿠리다
68972|벙끗하다
68973|면암
68974|디벗
68975|평균가격
68976|덕킹
68977|김인겸
68978|거주증
68979|산곡
68980|내리쪼이다
68981|신갈
68982|도깨비시장
68983|접지르다
68984|남광
68985|쌈하다
68986|발주되다
68987|안화
68988|브란쿠시
68989|노유
68990|감미로이
68991|살레르노
68992|추진시키다
68993|프로그램화하다
68994|하질
68995|크램폰
68996|재투자되다
68997|뮌히하우젠
68998|렌더러
68999|갈애
69000|금란
69001|주호
69002|편재하다
69003|빈트후크
69004|렌틸
69005|지페
69006|차인
69007|어띠
69008|분재하다
69009|새우젓국
69010|내림받다
69011|싸댕기다
69012|체찰사
69013|폴리아미드
69014|옥방
69015|엘렉트라
69016|투계
69017|쏠쏠히
69018|라멜라
69019|강박하다
69020|춘련
69021|제수되다
69022|공교
69023|보록
69024|투란
69025|발정하다
69026|민군
69027|선까
69028|인니
69029|철벽같다
69030|가붑다
69031|빰치다
69032|문센
69033|삐쭉빼쭉
69034|덕양
69035|종주먹
69036|다하
69037|뒷소리
69038|쇼크사하다
69039|스크레이퍼
69040|목교
69041|동수원초
69042|등아
69043|높낮다
69044|정밀
69045|수백수천
69046|마자르족
69047|류경
69048|델토이드
69049|다끄다
69050|생뚱하다
69051|맹산
69052|로디드
69053|이투리
69054|패러그래프
69055|웅자
69056|변천하다
69057|나후
69058|사기하다
69059|호접지몽
69060|위프
69061|윽윽
69062|대풍년
69063|밤손님
69064|무스다
69065|무종
69066|중임하다
69067|현익
69068|손재수
69069|얼거리
69070|죽궁
69071|디아제팜
69072|땡그랑거리다
69073|손바느질하다
69074|북망산
69075|고부하다
69076|룽징
69077|홍서
69078|벨로드롬
69079|의붓아빠
69080|유배하다
69081|그물막
69082|크르다
69083|수번
69084|구부다
69085|현재하다
69086|도란거리다
69087|양로
69088|현포
69089|유관하다
69090|기괴스럽다
69091|입격
69092|계급화하다
69093|연날리기하다
69094|바랍다
69095|수자리
69096|고희동
69097|입주다
69098|곽란
69099|찝쩍이다
69100|시클라멘
69101|추진단장
69102|신마
69103|땡그랑하다
69104|게판
69105|시부리다
69106|오라지다
69107|사건
69108|집주
69109|편제되다
69110|차분차분
69111|회회
69112|보간
69113|매클라우드
69114|색경
69115|짜부라뜨리다
69116|애석
69117|점투성이
69118|매탄
69119|촉망하다
69120|폭양
69121|순분
69122|창영
69123|뇌막
69124|필세
69125|프렌디
69126|자라니
69127|추봉
69128|히득거리다
69129|에구에구
69130|우뿌다
69131|언패킹
69132|대구리
69133|택식
69134|삼민주의
69135|맛세이
69136|전천
69137|맹맹
69138|기진
69139|주물럭대다
69140|홍업
69141|고립적
69142|앀
69143|부지하세월
69144|특활
69145|모름
69146|홍사
69147|당중
69148|지게다
69149|마주르카
69150|싸람
69151|심벽
69152|카노바
69153|거무레하다
69154|칡덩굴
69155|호포
69156|떠벌이
69157|소프트드링크
69158|구아
69159|이규경
69160|몽골로이드
69161|고스란이
69162|후술하다
69163|퓨란
69164|후대하다
69165|차회
69166|벨고로드주
69167|열약하다
69168|에스오에스
69169|댕기흰죽지
69170|복음화되다
69171|라놀린
69172|호색하다
69173|올치
69174|부줌부라
69175|두갑
69176|이자나기
69177|선게
69178|숙독하다
69179|설모
69180|라우드스피커
69181|농수
69182|하닥
69183|역화
69184|사시하다
69185|다각화되다
69186|껌벅
69187|다모클레스
69188|진듯
69189|무섬
69190|보호론자
69191|퇴혼
69192|질겁
69193|복건
69194|갈마
69195|시어러
69196|추한
69197|미파
69198|띨빵
69199|서맥
69200|날그다
69201|건너지르다
69202|끌끌거리다
69203|쫄아들다
69204|구악
69205|인민반
69206|회집
69207|알몸뚱이
69208|폴리코사놀
69209|피그스
69210|벤소
69211|통치권자
69212|아즉
69213|개항되다
69214|검지
69215|웅변조
69216|양처
69217|건축재
69218|청음하다
69219|아라
69220|하당
69221|머릿골
69222|외층
69223|양심수
69224|게랍다
69225|오렌지에이드
69226|정자관
69227|차급
69228|헤르쿨라네움
69229|아자타샤트루
69230|템페라
69231|대대
69232|선남
69233|숫하다
69234|터깨비
69235|게제
69236|관재
69237|영존하다
69238|나간
69239|붉은어깨도요
69240|포스텔
69241|타토
69242|타과
69243|금연석
69244|합집합
69245|문자화하다
69246|우두둑하다
69247|제분하다
69248|저케
69249|구렛나룻
69250|분탄
69251|점증
69252|강취
69253|채리다
69254|사이징
69255|두부물
69256|개걸
69257|비익
69258|게르마니아
69259|살래
69260|지산
69261|부슬거리다
69262|임당
69263|슬개
69264|휘잡다
69265|희끄무레
69266|가곡집
69267|후덕
69268|과압
69269|누쿠알로파
69270|툭하다
69271|폴리뉴클레오타이드
69272|행불
69273|요덕
69274|방판
69275|삼황
69276|하셀
69277|불더미
69278|찍개
69279|바닐린
69280|쉬야
69281|쓱싹쓱싹하다
69282|므흣
69283|생혼
69284|개령
69285|베이스먼트
69286|제조비
69287|페르소
69288|국영수사과
69289|몸차림
69290|에스보드
69291|윤색되다
69292|향진
69293|제포
69294|그물질하다
69295|방긋거리다
69296|호오
69297|포좌
69298|태프트
69299|디스프로슘
69300|달링턴
69301|직다
69302|아올다
69303|별정
69304|채신머리없이
69305|속요
69306|손정
69307|소등되다
69308|재구조화하다
69309|몽당
69310|도표화하다
69311|어휘집
69312|다저녁때
69313|판대
69314|나시다
69315|퍼래지다
69316|인디안
69317|감국
69318|우역
69319|하아
69320|회진하다
69321|지르르
69322|아롱다롱
69323|전게
69324|다닐로
69325|라이헨바흐
69326|득죄하다
69327|삐죽빼죽하다
69328|남석
69329|위협조
69330|께느른하다
69331|미니드레스
69332|창명
69333|면심입방격자
69334|초급자용
69335|왜간장
69336|저릿
69337|백일기도
69338|아압
69339|농마국수
69340|파닥대다
69341|교산
69342|수자폰
69343|굳이
69344|신산하다
69345|표표하다
69346|장밥
69347|종선
69348|횡사하다
69349|정온하다
69350|뒤쥐
69351|리소자임
69352|뱃놀이하다
69353|말대
69354|멸
69355|아물아물하다
69356|퇴적하다
69357|동부인
69358|언디
69359|두더지굴
69360|발스
69361|서카
69362|깅
69363|파세
69364|쇠자
69365|결석생
69366|을미
69367|마푸투
69368|혼욕
69369|배체
69370|넝구리
69371|원직
69372|도덕규범
69373|아이네트
69374|와가
69375|건현
69376|눅진눅진하다
69377|줄기줄기
69378|치페
69379|물샐틈없이
69380|튜리
69381|건조제
69382|포강
69383|임회
69384|카울
69385|펠렛
69386|밀리와트
69387|돌오다
69388|중롱
69389|발열되다
69390|누에치기
69391|어언간
69392|차크
69393|중건
69394|창덕
69395|르나르
69396|대불
69397|농주
69398|간호복
69399|시샤
69400|샌드그린
69401|살람보
69402|할일없다
69403|잔학
69404|월삭
69405|좁음
69406|남벽
69407|구소
69408|검디검다
69409|꺼들리다
69410|햄치즈샌드위치
69411|페리오이코이
69412|울울하다
69413|가등
69414|뽄때
69415|형설
69416|순류
69417|고더드
69418|탑현
69419|알보다
69420|아이게우스
69421|최산
69422|계철
69423|속출되다
69424|캣포
69425|강다리
69426|생쥐스트
69427|토르티아
69428|스자쿠
69429|똥구덩이
69430|함부로
69431|환일
69432|취생
69433|론적
69434|꾸구리
69435|시큼
69436|발가숭이
69437|변재
69438|우사하다
69439|오버슈팅
69440|네게브
69441|콜레뇨
69442|오시하다
69443|심포
69444|알몬드
69445|블레리오
69446|자공
69447|백열전등
69448|단음
69449|대중없이
69450|외막
69451|스큐어모피즘
69452|큐비
69453|좌욕하다
69454|사카다
69455|포보
69456|북풍한설
69457|안티오키아
69458|헤니
69459|캐삭
69460|네이브
69461|쵝오
69462|입조하다
69463|얼라이먼트
69464|고경
69465|귀한
69466|좌완
69467|새외
69468|늘어세우다
69469|불룩불룩
69470|칼바도스
69471|치감
69472|열정
69473|마이모니데스
69474|놀잇거리
69475|딸깍대다
69476|한국미
69477|까막까치
69478|음복하다
69479|블라인딩
69480|피격하다
69481|선곡되다
69482|도리스인
69483|유범
69484|잡수
69485|에레슈키갈
69486|종비
69487|부릉거리다
69488|총보
69489|보런
69490|달각대다
69491|흘깃대다
69492|쏜님
69493|양소
69494|트랜싯
69495|쏘가지
69496|가운데손가락
69497|비황
69498|결함투성이
69499|움지
69500|정선하다
69501|쫓기나다
69502|반청
69503|척주
69504|봉계
69505|정필
69506|악감
69507|최환
69508|상곡
69509|일랑일랑
69510|라인란트
69511|당빠
69512|바디빌딩
69513|애르다
69514|주마가편
69515|까뭉개다
69516|에계계
69517|잔포
69518|상보적
69519|복지하다
69520|게임화되다
69521|만다라
69522|예나
69523|릴리엔탈
69524|답지하다
69525|아래것
69526|율동적
69527|리액턴스
69528|퍼스트석
69529|김효원
69530|북원
69531|강단지다
69532|탄화되다
69533|크로마토그래피
69534|멜르다
69535|명승고적
69536|혹심하다
69537|에스에이치
69538|싸위
69539|유단
69540|무리무리
69541|판놀음
69542|드래프트하다
69543|강홍립
69544|추서
69545|매난국죽
69546|발림
69547|권인하다
69548|옥음
69549|푼샬
69550|달자
69551|회향하다
69552|근하
69553|인법
69554|약지
69555|완사
69556|가르랑대다
69557|생복
69558|폴리아마이드
69559|응어
69560|글루코스
69561|삐까리
69562|블루그래스
69563|농염
69564|발딱거리다
69565|좌랑
69566|플로터
69567|바바르
69568|차닥이다
69569|공용하다
69570|윤색하다
69571|석제
69572|따릉따릉
69573|우흥
69574|극댓값
69575|주아이
69576|사우스조지아섬
69577|열독
69578|알미이
69579|빛삭
69580|송해면
69581|쭝쯔
69582|추비
69583|깨갱깨갱
69584|흰죽지꼬마물떼새
69585|별곡
69586|리버댄스
69587|노묘
69588|로그오프
69589|페렐
69590|잠가지다
69591|개수작하다
69592|톱다운
69593|인민배우
69594|틀어넣다
69595|냉하다
69596|눈트다
69597|삽수
69598|망포
69599|실증주의
69600|엉뎅이
69601|엽문
69602|홀아버지
69603|주체철학
69604|검룡
69605|구침지희
69606|속빈
69607|노로
69608|비트맵
69609|재임용되다
69610|자귀
69611|화중
69612|흉포
69613|용작
69614|러스킨
69615|후미에
69616|홍원
69617|가우초
69618|뜨끔거리다
69619|채증하다
69620|사잣밥
69621|서코트
69622|과일군
69623|쌀구
69624|닛다
69625|상대되다
69626|출당하다
69627|현고
69628|제균하다
69629|법답다
69630|롬버그
69631|어른대다
69632|도형화하다
69633|파에
69634|브랫
69635|인헌초
69636|회람
69637|난서
69638|피휘
69639|브레즈네프
69640|버니언
69641|친속
69642|풍지박산
69643|광초
69644|풍병
69645|넙적다리
69646|법과
69647|나니다
69648|파적
69649|쌈추
69650|조장
69651|진예
69652|웨건
69653|팽배
69654|된바람
69655|청매
69656|보천
69657|굴때
69658|숙영낭자전
69659|메티실린
69660|선감
69661|봉래초
69662|조왕
69663|가래다
69664|계상정거도
69665|귀차
69666|내피다
69667|대의하다
69668|그릇하다
69669|쾌적도
69670|경무장
69671|문채
69672|간파되다
69673|냉갈
69674|딱징이
69675|고릿고릿하다
69676|준조
69677|게냥
69678|건장
69679|복잡다
69680|블루아
69681|전도양양하다
69682|한어
69683|판탈롱
69684|비의
69685|까딱이다
69686|부장되다
69687|법인화하다
69688|아코스타
69689|포실하다
69690|불균등하다
69691|카푸친
69692|대수리
69693|진취
69694|곧이
69695|화우
69696|당의정
69697|송학사
69698|잔디장
69699|생감
69700|산약
69701|편독
69702|고층화되다
69703|존재론
69704|내발산동
69705|재보
69706|면영
69707|당료
69708|감정놀음
69709|이스트먼
69710|정용
69711|륙색
69712|어치케
69713|보가드
69714|재고되다
69715|일언
69716|대격
69717|혜성
69718|몸치장하다
69719|메미
69720|아마추어리즘
69721|특목중
69722|풍탁
69723|격멸
69724|말짱히
69725|형해
69726|하르트만
69727|혁거세
69728|콜릿
69729|두륜산
69730|담묵
69731|건정심
69732|하악하악
69733|관포지교
69734|잡매다
69735|바이오해저드
69736|화반
69737|쌍박
69738|온제
69739|강목
69740|맞부딪다
69741|적다하다
69742|전영택
69743|폐출
69744|김창환
69745|점상
69746|캄무안
69747|슈러그
69748|헌무
69749|최고하다
69750|단조로이
69751|근퇴
69752|색달
69753|황포
69754|위버멘시
69755|기승하다
69756|기양
69757|지거
69758|카레이스키
69759|반분되다
69760|기업화되다
69761|가슴선
69762|우솝다
69763|모심다
69764|가우하티
69765|영견
69766|비죽하다
69767|감퇴시키다
69768|세게스타
69769|내분비선
69770|문때다
69771|회이
69772|갱장
69773|흑맥
69774|주쓰
69775|클라우트
69776|승방
69777|플룸
69778|집적하다
69779|금니
69780|받아쓰기하다
69781|튿다
69782|시질
69783|코킹
69784|조루
69785|샐비지
69786|집현
69787|뚜껍다
69788|해가
69789|산교육장
69790|역수출
69791|무예도보통지
69792|북반부
69793|머슬린
69794|홍학하다
69795|헐레
69796|디스인플레이션
69797|잦히다
69798|고전미
69799|순복하다
69800|불가피론
69801|꾸무럭하다
69802|꾸짓다
69803|아침노을
69804|파킨슨씨병
69805|절차하다
69806|아디포넥틴
69807|어흐흐
69808|니신
69809|표자
69810|미지
69811|투루판
69812|응뎅이
69813|여모
69814|칼라바르
69815|연나
69816|내속
69817|동고트족
69818|브리너
69819|낭청
69820|고심스럽다
69821|주훈
69822|체직
69823|하우스보이
69824|엄처
69825|비뚤비뚤
69826|신발짝
69827|꼬부리
69828|까불리다
69829|형식미
69830|오지랍
69831|끼영
69832|드래프팅
69833|베솔
69834|항차
69835|쑤군거리다
69836|아까침
69837|나뭇단
69838|퍼주기식
69839|나잘하다
69840|여구
69841|신금
69842|팔레스
69843|쭈삣쭈삣
69844|선민사상
69845|무자치
69846|의구
69847|남월
69848|단숨
69849|하반부
69850|숭산
69851|매춘하다
69852|바이오시밀러
69853|살캉살캉하다
69854|재개방되다
69855|친목계
69856|호마
69857|꺼떡대다
69858|상징화되다
69859|상비되다
69860|습사
69861|제사밥
69862|물표
69863|소흑산도
69864|수승하다
69865|한의
69866|개그미
69867|아메데오
69868|역수출되다
69869|부악
69870|역본
69871|부란하다
69872|드르
69873|로엔그린
69874|한소
69875|잔흔
69876|아니무스
69877|회환
69878|장명
69879|이융
69880|뒤꽂이
69881|컴파트먼트
69882|맹부
69883|경원시하다
69884|전유
69885|포현하다
69886|반궁
69887|원앙금침
69888|라블레
69889|자분자분
69890|뽈락
69891|순장하다
69892|차폐하다
69893|화액
69894|대층
69895|날개막
69896|의존심
69897|작파하다
69898|방이다
69899|캅사이신
69900|천만다행하다
69901|양족
69902|천연스럽다
69903|베히스툰
69904|간편성
69905|감음
69906|총무국장
69907|착색하다
69908|채날
69909|로맨티시즘
69910|플래싱
69911|백렴
69912|가집
69913|낙죽
69914|코랄리
69915|텁석부리
69916|어영담
69917|곰곰하다
69918|리얼리스트
69919|돈덩어리
69920|요독
69921|용기백배하다
69922|핑하다
69923|피송
69924|용한
69925|쿠리하다
69926|언모
69927|아포크린샘
69928|기복하다
69929|놀이감
69930|서글픔
69931|울르다
69932|체고
69933|천봉
69934|논변
69935|낌
69936|첨예화되다
69937|구전하다
69938|아티크
69939|관촉사
69940|전조하다
69941|병아리색
69942|마른땅
69943|내락
69944|서임
69945|준걸
69946|찬디
69947|스스럽다
69948|스태그
69949|양병
69950|칭얼칭얼
69951|매롭다
69952|신편
69953|퀘타
69954|알부틴
69955|소탁
69956|함무니
69957|바구
69958|산만
69959|밤일낮장
69960|엄성
69961|병치레하다
69962|총결집하다
69963|이울다
69964|당리
69965|근삿값
69966|순장되다
69967|재통합하다
69968|재심사하다
69969|위들다
69970|올리볼렌
69971|시필
69972|미무
69973|아라와크족
69974|담마진
69975|가음
69976|허경
69977|원회
69978|쇄락
69979|집의
69980|절름절름
69981|간편화
69982|테라헤르츠
69983|좌우상하
69984|특작
69985|새사람
69986|고장하다
69987|백전백승하다
69988|차생
69989|함축성
69990|사실화되다
69991|바께쓰
69992|뒷모양
69993|포트엘리자베스
69994|서권
69995|요툰하임
69996|제갈
69997|무으다
69998|공재
69999|술좌석
70000|피형
70001|바른편
70002|협진하다
70003|크로뮴
70004|업마
70005|이바우
70006|사굴
70007|홍윤성
70008|뚬비
70009|스쳐보다
70010|정형화하다
70011|아마빌레
70012|다간
70013|조끄맣다
70014|말치
70015|당악
70016|번번
70017|비스무레하다
70018|분연하다
70019|윳
70020|글리포세이트
70021|원찰
70022|섀플리
70023|뱃구레
70024|씨끄럽다
70025|움켜잡히다
70026|쉐비
70027|원발성
70028|유륜
70029|심박하다
70030|무자
70031|숭엄하다
70032|충각
70033|도매하다
70034|지견
70035|니코마코스
70036|덩실거리다
70037|예삐다
70038|태핑
70039|와이프아웃
70040|티슈페이퍼
70041|신등
70042|소독솜
70043|주액하다
70044|농수산업
70045|빼뜨리다
70046|간편식품
70047|페닐알라닌
70048|잡령
70049|비인간화되다
70050|김윤후
70051|사상
70052|물뿌리
70053|흑송
70054|키잉
70055|꾀바르다
70056|중품
70057|푸드덕대다
70058|터킹
70059|덤비들다
70060|아수르
70061|우지끈하다
70062|위골되다
70063|꽃모종
70064|반다
70065|매물다
70066|신일
70067|표리
70068|범여
70069|감성하다
70070|받아묵다
70071|오르미
70072|우러내다
70073|답호
70074|정련되다
70075|남폿불
70076|병문안하다
70077|북수
70078|재방영하다
70079|폴리페서
70080|하이틴스타
70081|경릉
70082|현아
70083|석석
70084|멈칫멈칫하다
70085|출주
70086|대이작도
70087|측후
70088|나매
70089|쇠뭉치
70090|참구하다
70091|되부르다
70092|핸드카
70093|폐구
70094|역영
70095|구둣솔
70096|쫑쫑이
70097|지판
70098|고화
70099|껄렁대다
70100|몰랑하다
70101|곡지
70102|재순
70103|천거되다
70104|팔라완섬
70105|증장
70106|할양되다
70107|지방러
70108|공령
70109|광전지
70110|로동
70111|나무새
70112|무회
70113|덩그마니
70114|스터너
70115|소작하다
70116|부전공하다
70117|스플랫
70118|브리앙
70119|사랑사랑
70120|기착
70121|달하
70122|가이슬러
70123|침침
70124|꼬얌
70125|항비
70126|레이크스
70127|벚
70128|샘고
70129|발란
70130|신찬
70131|피토하다
70132|솔나무
70133|의아심
70134|행전
70135|축척하다
70136|허문
70137|분담되다
70138|밴도어
70139|으악하다
70140|두루루
70141|제경
70142|글루코만난
70143|넥밴드
70144|어세
70145|부조되다
70146|이표
70147|삼인성호
70148|살고
70149|민망히
70150|신염
70151|점안
70152|염착
70153|야율융서
70154|세루
70155|발싸
70156|널판자
70157|쪼물쪼물하다
70158|고간
70159|북실
70160|경광
70161|일견하다
70162|구스르다
70163|변소간
70164|청예
70165|옜소
70166|엔히크
70167|초롱거리다
70168|몰각하다
70169|이퇴계
70170|자불
70171|안드레예프
70172|위아랫니
70173|비침
70174|하휴
70175|전깃값
70176|풍선하다
70177|로모노소프
70178|내려깔다
70179|인묵
70180|돈하다
70181|악순환되다
70182|정녕히
70183|독소루비신
70184|횡사
70185|압통
70186|활차
70187|명산지
70188|가악
70189|액포
70190|하재
70191|키르쿠크
70192|특필
70193|다세대
70194|호타스
70195|각문
70196|결렬하다
70197|소안
70198|스키핑
70199|오도독거리다
70200|소철
70201|큰가시고기
70202|변분
70203|강경론자
70204|중하
70205|할트다
70206|간쟁하다
70207|지진대
70208|알고하다
70209|거안
70210|디코드
70211|통변하다
70212|라다
70213|발출하다
70214|웰에이징
70215|차자
70216|티엔티
70217|되집다
70218|답보하다
70219|카로스
70220|반포위
70221|유어
70222|붉은털원숭이
70223|오버홀
70224|주접스럽다
70225|뜨끔뜨끔
70226|역선
70227|하루하다
70228|끌레다
70229|함쪽
70230|남치
70231|춘효
70232|중대부
70233|밀리암페어
70234|꾸르다
70235|볼스
70236|왕게
70237|곁가지
70238|브레이징
70239|조차하다
70240|북바인딩
70241|찌글찌글
70242|결착하다
70243|심통하다
70244|장품
70245|모라토리움
70246|눅이다
70247|극명
70248|코다이
70249|목따다
70250|민활하다
70251|우집다
70252|딸그랑거리다
70253|위엣것
70254|코르데
70255|세제하다
70256|납세하다
70257|바쥬
70258|위파
70259|문과수비
70260|써비스
70261|탐비
70262|하안
70263|야영소
70264|폭침되다
70265|와마
70266|밉스
70267|상파
70268|글래드스턴
70269|부속지
70270|아이아스
70271|야박
70272|에스에스
70273|반숙하다
70274|궁굴리다
70275|잠사
70276|메어치다
70277|운미
70278|노동일
70279|교검
70280|마블리
70281|싹쓸바람
70282|스태빌라이저
70283|낙망
70284|면기
70285|겐또
70286|물선
70287|비스코스
70288|외반
70289|활딱
70290|노복
70291|올레샤
70292|초저
70293|리버리
70294|노기충천하다
70295|내료
70296|조상하다
70297|화진
70298|홀짝대다
70299|시탕
70300|캐멀
70301|스키피오
70302|오손도손하다
70303|풀무질하다
70304|퉁바리
70305|단근하다
70306|폴즈
70307|만새기
70308|방학맞이
70309|장정하다
70310|매가
70311|좌아
70312|총결산하다
70313|노벨티
70314|컁
70315|애내
70316|오커
70317|풍우
70318|현출
70319|주베
70320|노나다
70321|요서
70322|귀선
70323|티푸스
70324|원환
70325|왕장
70326|대환영하다
70327|태변
70328|대사체
70329|간창
70330|식이다
70331|게밥
70332|비공
70333|삭탈관직하다
70334|먼우금초
70335|쪼깬하다
70336|부시럭부시럭
70337|등주
70338|띵똥띵똥
70339|혼몽하다
70340|패튼
70341|소계
70342|어띃게
70343|철컹하다
70344|비세
70345|수크레
70346|쩍다
70347|흘레
70348|모듈화하다
70349|관행화되다
70350|웰위치아
70351|시금털털하다
70352|톰톰
70353|진월
70354|믜
70355|감이
70356|아메리슘
70357|감지
70358|물보
70359|바닷게
70360|바랭이
70361|적경
70362|정간되다
70363|홈드레스
70364|묵은쌀
70365|상산
70366|멍울지다
70367|적빈
70368|인현
70369|야서
70370|부스럭하다
70371|무양
70372|수불
70373|너리
70374|무모
70375|로욜라
70376|카니발라이제이션
70377|바타유
70378|추구되다
70379|교유
70380|프리랜스
70381|희번득
70382|하누소
70383|경기
70384|디스트리뷰터
70385|간아
70386|고개하다
70387|토착화하다
70388|국부적
70389|군의
70390|암류
70391|치근덕
70392|티피오
70393|고감도
70394|육덕지다
70395|엄비
70396|두름
70397|언해
70398|광명정대하다
70399|엔오
70400|사누키우동
70401|속이
70402|민주화하다
70403|파닥파닥하다
70404|성깔머리
70405|라플라타
70406|인아
70407|주진
70408|방위표
70409|빙엄턴대
70410|순조로이
70411|검정물방개
70412|유합되다
70413|큰면
70414|아옥
70415|고참병
70416|서국
70417|파랭이
70418|모프
70419|곰지락거리다
70420|전택
70421|디옵터
70422|트리비아
70423|홈치다
70424|한역하다
70425|휘어가다
70426|번곡
70427|알란토인
70428|제스처하다
70429|교선
70430|익조
70431|참군
70432|홀어미
70433|앙가
70434|희언
70435|흥산
70436|장돌
70437|밝음도
70438|김처선
70439|불능하다
70440|오트웨이
70441|사한
70442|쌍태
70443|꾸지뽕나무
70444|냄사
70445|틱스
70446|흘긋흘긋
70447|백절불굴
70448|목극토
70449|무현
70450|암하라어
70451|무중생유
70452|민달레
70453|누낭
70454|정성하다
70455|담배질
70456|옹암
70457|독창하다
70458|양경
70459|토어
70460|성성
70461|변견
70462|고고르르
70463|아피아
70464|웰로
70465|제이엠
70466|알루미나
70467|농짝
70468|딤플
70469|다이하다
70470|깡태
70471|나무잎
70472|연교차
70473|폰스
70474|들로네
70475|험산
70476|등락하다
70477|에야디야
70478|액비
70479|란트슈타이너
70480|멸문되다
70481|무서리
70482|고성군청
70483|민시
70484|황망
70485|가설하다
70486|소담스레
70487|명멸
70488|입정하다
70489|석무
70490|편암
70491|스칸듐
70492|부칭
70493|지색
70494|파드닥
70495|꾸지람하다
70496|정묘
70497|크세노폰
70498|타민족
70499|마키나
70500|시스테인
70501|괴팍스럽다
70502|요화
70503|쪼까내다
70504|꼭꼭거리다
70505|째만하다
70506|중창하다
70507|푸에테
70508|바덴바덴
70509|내근하다
70510|헤미
70511|남여
70512|야르뭇
70513|모카신
70514|약칭하다
70515|격기
70516|비숑프리제
70517|에이에이
70518|사바르
70519|밀수입되다
70520|멕기
70521|돌구
70522|중임
70523|걸오다
70524|뭉실하다
70525|고침
70526|우시아
70527|조건화되다
70528|소선
70529|축의
70530|닥지닥지
70531|함창
70532|오케아노스
70533|돼지간
70534|발차하다
70535|삼중창
70536|맥궁
70537|오자미
70538|쌜룩
70539|외이
70540|영원불변
70541|닼
70542|할아버니
70543|사포딜라
70544|빠직빠직
70545|칼밥
70546|알라닌
70547|여덕
70548|효수되다
70549|천규
70550|만춘
70551|나물하다
70552|파이토케미컬
70553|알데히드
70554|타르카
70555|려권
70556|스내피
70557|샤케라또
70558|봄바
70559|경솔
70560|꾸지다
70561|비반하다
70562|헤드세트
70563|판하다
70564|블로트웨어
70565|아오스타
70566|유렵
70567|뭉뚱하다
70568|카라코
70569|건각
70570|로아
70571|구아닐산
70572|들쩍지근하다
70573|플라이오세
70574|증파하다
70575|복닥복닥
70576|눈약
70577|몽비
70578|익시온
70579|동륜
70580|명행
70581|직유
70582|풍찬노숙
70583|순명
70584|널브러뜨리다
70585|파체코
70586|여대
70587|하련
70588|마이너스되다
70589|굽어보이다
70590|옌안
70591|풀림
70592|야로
70593|멍지
70594|이용사
70595|초강력하다
70596|뒤룩
70597|충장사
70598|영순위
70599|록다운
70600|거드름
70601|쇼크웨이브
70602|치다꺼리하다
70603|여조
70604|독부
70605|무담시
70606|더락
70607|대사습놀이
70608|장엄히
70609|무미하다
70610|위기다
70611|컬럼바
70612|순채
70613|구인되다
70614|프라사드
70615|백히다
70616|로지스틱스
70617|고밀
70618|무요
70619|어버버대다
70620|지지미
70621|퀴라소
70622|오르가니스트
70623|변려문
70624|능침
70625|투습
70626|능금
70627|원국
70628|노옵
70629|완불하다
70630|껄렁거리다
70631|인사치레하다
70632|쿡쿡대다
70633|시숙
70634|강명
70635|우거지
70636|삼루
70637|죽일
70638|에필리온
70639|미지다
70640|흥기하다
70641|알구다
70642|국영화
70643|척추기립근
70644|만허다
70645|자나
70646|멜랑꼴리
70647|구시렁구시렁하다
70648|디티엘
70649|기추
70650|의명
70651|철화
70652|비노그라도프
70653|추씨
70654|쇄신되다
70655|아시클로버
70656|물막이
70657|베팅되다
70658|예맥
70659|시레
70660|드라콘
70661|송시
70662|벌떡거리다
70663|도초
70664|금안
70665|반제
70666|벨레로폰
70667|아랑곳없다
70668|가접다
70669|쓴메밀
70670|따순밥
70671|양치기
70672|임페라토르
70673|외시
70674|파묵
70675|대증
70676|댑스
70677|테크핀
70678|착취되다
70679|쪼글다
70680|깨작깨작하다
70681|박민
70682|묶어가다
70683|간부학교
70684|번들링
70685|야적되다
70686|샤우
70687|퇴창
70688|납추
70689|간선
70690|손아래
70691|식민지화되다
70692|에콜로지
70693|빨간대구
70694|냉침
70695|예납
70696|야기
70697|사보이
70698|금거
70699|덩그렇다
70700|형해화되다
70701|헛소동
70702|치스
70703|엘더스
70704|사문화하다
70705|아삼륙
70706|뻬빠
70707|숭상
70708|더커
70709|인단
70710|편미
70711|성격하다
70712|지삼
70713|의상하다
70714|야옹대다
70715|식복
70716|완곡히
70717|파고
70718|무지스럽다
70719|타아
70720|고립화
70721|붉은배새매
70722|변천되다
70723|생활시간
70724|호사하다
70725|정민섭
70726|진술되다
70727|시독
70728|고령토
70729|뒤채다
70730|센서티브하다
70731|리반
70732|절체
70733|안순
70734|어슷비슷하다
70735|대이
70736|편지함
70737|화성성역의궤
70738|똥기다
70739|과이어콜
70740|비미
70741|로얄층
70742|우송되다
70743|캉디드
70744|몰아지다
70745|괘불
70746|파리지엔
70747|분활
70748|아다지오
70749|송만갑
70750|땅그다
70751|무투
70752|아잠
70753|선캄브리아기
70754|우첼로
70755|탈라
70756|단매
70757|병립
70758|동로
70759|섬세히
70760|대묘
70761|총운
70762|무이암차
70763|엔릴
70764|정거하다
70765|불침
70766|생과
70767|갈도
70768|철승
70769|알데하이드
70770|부둥부둥하다
70771|너까짓
70772|매대
70773|황체
70774|세내다
70775|네프론
70776|시꺼매지다
70777|송애
70778|동질
70779|델릴라
70780|말라카스
70781|구구하다
70782|급탕
70783|급진주의
70784|무단히
70785|클로스트리듐
70786|후야오방
70787|아속
70788|발렌슈타인
70789|연정하다
70790|구슬치기하다
70791|화국
70792|유야
70793|파에톤
70794|인드리
70795|아숩다
70796|무추
70797|버즈비
70798|바슐라르
70799|본원적
70800|바다자원
70801|비틀걸음
70802|색갈
70803|자리바꿈하다
70804|트리아농
70805|연병
70806|수키다
70807|섭식하다
70808|엉뚱발랄하다
70809|엠빠나다
70810|자영농
70811|카디스
70812|게걸
70813|가각
70814|솔찮다
70815|헵
70816|포계
70817|리시케시
70818|모략하다
70819|바닐라셰이크
70820|늙히다
70821|수태
70822|국행
70823|난창
70824|선룸
70825|전향되다
70826|방소
70827|일구월심
70828|블라스팅
70829|자밤
70830|영상화되다
70831|몽키스
70832|위약하다
70833|우룩
70834|재월
70835|융기하다
70836|의가
70837|황거
70838|소맷단
70839|사분오열되다
70840|교각살우
70841|쁠리에
70842|날개미
70843|긔
70844|종간
70845|자북
70846|상치다
70847|오하이오대
70848|꽁알꽁알
70849|쓰쓰가무시병
70850|원철
70851|무소부재
70852|패리하다
70853|사아
70854|석각
70855|발드르
70856|박아
70857|우쭐우쭐
70858|통대
70859|스토버
70860|빠삭빠삭
70861|겸임
70862|약육강식하다
70863|설복
70864|초연히
70865|선순환하다
70866|녹스빌
70867|어코드
70868|암평아리
70869|고기
70870|팅가다
70871|구인란
70872|바세다
70873|인민회의
70874|참구
70875|퍼치다
70876|원돈
70877|호종하다
70878|다누
70879|파라셀수스
70880|오그라붙다
70881|화농
70882|흰까치
70883|발도
70884|몸풀이
70885|테일게이트
70886|복분
70887|마주침
70888|다타키
70889|광삭
70890|니벨룽겐
70891|딴눈
70892|엇갈림
70893|그아래
70894|초정하다
70895|문천
70896|고두
70897|흰줄박이오리
70898|섹소폰
70899|영악스럽다
70900|알비스
70901|이쟈
70902|시허옇다
70903|개원되다
70904|소슬바람
70905|순절
70906|네피림
70907|내려뜨다
70908|등꽃
70909|궁륭
70910|체베레
70911|트라브존
70912|어물쩍어물쩍
70913|증병
70914|착유
70915|멀끔히
70916|강항
70917|자식하다
70918|드보크
70919|까뒤집히다
70920|구지레하다
70921|폭연
70922|무료화되다
70923|연조
70924|히스파니올라섬
70925|제기차기하다
70926|흉내말
70927|부스다
70928|꼬발
70929|죽왕면
70930|복지겸
70931|참시
70932|중과되다
70933|남북러
70934|산릉
70935|해재
70936|습습하다
70937|불가입성
70938|당제
70939|청백전
70940|쭙다
70941|횡단면
70942|오코넬
70943|잠자리하다
70944|아노말리
70945|마즈다
70946|꼭데
70947|간담췌
70948|해관
70949|꼭다
70950|포란
70951|갈데없다
70952|알도
70953|천겹살
70954|퍼떡
70955|오륜행실도
70956|네파탁
70957|삼가
70958|진두
70959|보호석
70960|손기척
70961|초자
70962|계몽주의자
70963|비그만
70964|동직
70965|아매
70966|섭이
70967|엄밀성
70968|아랫눈썹
70969|착호
70970|안태우다
70971|누비옷
70972|쪼잘쪼잘
70973|와잠
70974|막일꾼
70975|남세스럽다
70976|사을
70977|철렁철렁
70978|암상
70979|흙탕
70980|격감
70981|페아노
70982|몬탁
70983|예인하다
70984|복슬강아지
70985|만두
70986|철면
70987|시뇨
70988|목불인견
70989|호르크하이머
70990|위제
70991|끼적이다
70992|개폐하다
70993|너르다
70994|큰어른
70995|출교하다
70996|엑츄에이터
70997|좌정
70998|유즐동물
70999|칸초네
71000|무쓸모하다
71001|백팩커
71002|노강
71003|모사품
71004|베르가모트
71005|판어사대사
71006|별권
71007|반자
71008|소전
71009|접짝
71010|청림
71011|축축히
71012|건곤
71013|스킴플레이션
71014|분골하다
71015|르베리에
71016|리좀
71017|미두
71018|횡포하다
71019|두현
71020|김치움
71021|윶
71022|명룡
71023|객주리
71024|뒤창
71025|독전하다
71026|택소노미
71027|큰손녀
71028|제쳐지다
71029|동곡
71030|카라칼라
71031|정헌
71032|러몬
71033|보드럽다
71034|태질하다
71035|막시모프
71036|페이징
71037|와선
71038|앙제
71039|번천
71040|입장이
71041|종백
71042|발사믹드레싱
71043|백약이오름
71044|벵갈고무나무
71045|또깍
71046|수토
71047|세틴
71048|아레카야자
71049|총체성
71050|정객
71051|염비
71052|미세
71053|디다
71054|형주
71055|히쭉히쭉
71056|책문
71057|쌀랑하다
71058|출향
71059|보렐
71060|파이린
71061|한국민족문화대백과사전
71062|반식
71063|존치되다
71064|진멸되다
71065|벌름벌름
71066|부로
71067|더구
71068|철소
71069|논형
71070|여영
71071|사배사배
71072|오디션하다
71073|우유하다
71074|독서삼품과
71075|레트로바이러스
71076|민태다
71077|왝왝
71078|띄어쓰기하다
71079|책명
71080|짜들다
71081|덕성스럽다
71082|순절하다
71083|암군
71084|참방거리다
71085|구곡
71086|눅진눅진
71087|다닐로바
71088|뭉클거리다
71089|궁민
71090|편강
71091|타소
71092|경망하다
71093|백붓
71094|커미셔너
71095|조합
71096|주용
71097|조혈
71098|역모하다
71099|오연하다
71100|알마게스트
71101|시시콜콜히
71102|장해물
71103|소갈비탕
71104|개버딘
71105|푸들
71106|에르되시
71107|인민전쟁
71108|스케일러블
71109|한글화하다
71110|파이온
71111|장운
71112|두어
71113|따구
71114|들고뛰다
71115|수글다
71116|회송되다
71117|벅다
71118|불안스레
71119|마우리츠
71120|부업하다
71121|끔뻑끔뻑하다
71122|인촨
71123|만모하다
71124|아약
71125|제배
71126|론자
71127|손세탁하다
71128|포정
71129|가극단
71130|서큘레이션
71131|큰동생
71132|침류왕
71133|아래옷
71134|유장하다
71135|남바위
71136|둘러쌓다
71137|행복스럽다
71138|인대
71139|롱펠로
71140|누란
71141|출급
71142|션하다
71143|결찰하다
71144|마지
71145|아주머이
71146|민재
71147|전래하다
71148|따라비오름
71149|큰가슴근
71150|룽가
71151|잡미
71152|함부루
71153|구름모양
71154|회까
71155|슈페너
71156|운전되다
71157|퍼드득
71158|김생
71159|관요
71160|편심
71161|공용되다
71162|황하
71163|텔랑가나
71164|로티세리
71165|탄동
71166|날자
71167|스코폴라민
71168|솜바지
71169|조향하다
71170|말사
71171|번역물
71172|대할인
71173|알튀세르
71174|노골노골하다
71175|병입되다
71176|독우산광대버섯
71177|리안
71178|겨란
71179|다운그레이드되다
71180|소의초
71181|석탄산
71182|이산하다
71183|영은문
71184|진비
71185|구조주의
71186|경알못
71187|로라제팜
71188|프락토올리고당
71189|기싱
71190|다복
71191|버가다
71192|콘스탄티노폴리스
71193|공위
71194|정률
71195|애플턴
71196|탕평하다
71197|가리가리
71198|마두라이
71199|철컹철컹하다
71200|신배
71201|빗치개
71202|봉수아
71203|뜨근하다
71204|니이
71205|굴러댕기다
71206|쪼무래기
71207|윗부리
71208|선다형
71209|도달되다
71210|급팽창하다
71211|역살
71212|찌뿌듯하다
71213|염복
71214|품관
71215|재터
71216|중립하다
71217|전자볼트
71218|구읍
71219|윗다
71220|후당
71221|괴팍
71222|술패랭이꽃
71223|되새김하다
71224|힠
71225|자다르
71226|잔여
71227|안반
71228|마코르
71229|조직
71230|유형화하다
71231|기착하다
71232|만송
71233|종례하다
71234|서레
71235|와라
71236|외위
71237|피난살이
71238|링크스
71239|중금
71240|보이코트
71241|명연
71242|흉선
71243|광고탑
71244|공중뿌리
71245|백메
71246|패사
71247|특각
71248|봉합선
71249|임둔
71250|지큐
71251|꾀뚫다
71252|일탈되다
71253|원드
71254|스테이플
71255|파두츠
71256|도백
71257|당동
71258|녹청
71259|마이너스하다
71260|우르륵
71261|그릿츠
71262|불두
71263|정족
71264|베댓
71265|동구리
71266|객주인
71267|옭매다
71268|유진
71269|베짜
71270|강판되다
71271|색골
71272|천원
71273|사황
71274|호스피탈리티
71275|콰르릉거리다
71276|호추
71277|돌보
71278|뭉뚱
71279|어람
71280|형인
71281|액신
71282|립덥
71283|흐물대다
71284|재조지은
71285|격퇴되다
71286|쑤
71287|펩티드
71288|젤리다
71289|언설
71290|질루다
71291|짚어지다
71292|참샘초
71293|상당산성
71294|하일
71295|마랍다
71296|곡벽
71297|서광범
71298|카라반사라이
71299|골든트라이앵글
71300|아포스티유
71301|사불상
71302|원묵고
71303|점유되다
71304|우거하다
71305|짜개
71306|비버리
71307|호흡관
71308|저축되다
71309|부축되다
71310|그랜드파더
71311|놋숟가락
71312|노립
71313|광개토왕릉비
71314|읍군
71315|교소
71316|후르츠칵테일
71317|핫바지
71318|명예심
71319|리히트호펜
71320|침흘리개
71321|루시페라아제
71322|우루카기나
71323|포트오브스페인
71324|스내치
71325|애일
71326|촉광
71327|건강체
71328|소란스레
71329|차점
71330|서용
71331|일찍다
71332|현택
71333|치홀트
71334|라티움
71335|규환
71336|솜솜
71337|디지타이저
71338|께
71339|감통
71340|물금
71341|한담하다
71342|음이름
71343|빵실빵실
71344|상용하다
71345|트루로
71346|노멀라이제이션
71347|허겁지겁하다
71348|포볼
71349|봉납
71350|집어타다
71351|박달
71352|다시없이
71353|풍혈
71354|바디빌더
71355|추키카마타
71356|희번덕희번덕
71357|물수제비뜨다
71358|발로다
71359|하이재킹하다
71360|독차
71361|빼뚤다
71362|컨버트
71363|칼리아리
71364|핑이
71365|미뉴엣
71366|편입학하다
71367|거수경례하다
71368|윤발
71369|우로
71370|필라그린
71371|엄사
71372|전심전력하다
71373|혐사
71374|중현
71375|안풍
71376|팬터그래프
71377|상교
71378|강주걱양태
71379|기책
71380|신필
71381|만장하다
71382|비눗기
71383|톡토기
71384|평동
71385|짱어
71386|표범장지뱀
71387|칠색
71388|몹쓸다
71389|확연
71390|명퇴하다
71391|쌔
71392|천행
71393|뚝뚝하다
71394|역곡
71395|극빈
71396|어물쩡거리다
71397|세제곱피트
71398|엠알
71399|우는토끼
71400|멀티숍
71401|어른어른하다
71402|후렴하다
71403|팬시류
71404|볼연지
71405|다액
71406|사랍
71407|까르르거리다
71408|신웅
71409|차병
71410|선파
71411|총알택시
71412|퍼대다
71413|괴벨
71414|네스토르
71415|모달
71416|보족
71417|얼큰히
71418|광중
71419|항하
71420|콧배기
71421|동소문동
71422|엽상
71423|산과
71424|퇴교하다
71425|아코니틴
71426|영침
71427|말파리
71428|뱅이
71429|오진되다
71430|분태
71431|순연
71432|오기미
71433|두툼히
71434|장료
71435|쪼그마하다
71436|애버크롬비
71437|연게
71438|환기구멍
71439|배소
71440|해군절
71441|올벼
71442|첩살이
71443|폭신
71444|저질르다
71445|장황
71446|청홍
71447|인호
71448|싸움박질하다
71449|가비지
71450|푸스스
71451|문제지
71452|재구입하다
71453|실질화하다
71454|리시리
71455|불구속하다
71456|안질
71457|후아레스
71458|따비
71459|누르딩딩하다
71460|아밀라제
71461|솔라니
71462|왠수
71463|페르마타
71464|파천하다
71465|용융
71466|경흥
71467|핵포
71468|홍어애탕
71469|명릉
71470|용잠
71471|언중유골
71472|초간편
71473|본제
71474|잡귀신
71475|친근히
71476|정양하다
71477|번부
71478|송두리
71479|보암직하다
71480|거관
71481|교직자
71482|맞이방
71483|비독
71484|할양
71485|분수없이
71486|부쉬드노엘
71487|크리슈머
71488|완숙되다
71489|파인스
71490|실경
71491|나운동
71492|예용
71493|다듬잇돌
71494|구조
71495|시네마스코프
71496|달아내다
71497|이월금
71498|흑서
71499|벌목공
71500|사운
71501|사각
71502|뿌라지다
71503|카이로프랙틱
71504|삼길포항
71505|무조건하다
71506|환정
71507|깨긋하다
71508|갈레
71509|검은창
71510|던져넣기
71511|가상히
71512|끄치다
71513|번드르르
71514|오이코스
71515|인레이
71516|짤따랗다
71517|가표
71518|파정
71519|적토
71520|가압류되다
71521|편세권
71522|학덕
71523|절주하다
71524|혜심
71525|으지직
71526|토실
71527|직적
71528|환속하다
71529|사라와크
71530|발키
71531|임고
71532|달마티안
71533|염교
71534|선묘
71535|뭉실뭉실하다
71536|미해결되다
71537|무감동
71538|오독거리다
71539|빨빨대다
71540|매옹
71541|상하하다
71542|계류하다
71543|엠티비
71544|당중앙
71545|집배
71546|기지시
71547|푸르릉
71548|우위성
71549|수묘인
71550|호도독
71551|개검
71552|낫구다
71553|흰동백
71554|투우하다
71555|콘스탄츠
71556|근위축성
71557|끄들다
71558|서상
71559|형형히
71560|흐규흐규
71561|고티에
71562|용연
71563|노서아
71564|이음
71565|장치다
71566|여야
71567|웅심
71568|갇다
71569|폴짝대다
71570|녹사
71571|쩌렁하다
71572|몽학
71573|아르디
71574|어븀
71575|쩔그렁거리다
71576|안갯길
71577|비스바덴
71578|블루프
71579|오목조목하다
71580|초품아
71581|찬호
71582|메데
71583|괴상
71584|관하
71585|척하
71586|분용
71587|몬테마요르
71588|루태
71589|최혜
71590|내하
71591|비백
71592|안마기
71593|로세티
71594|증백제
71595|트이
71596|행주좌와
71597|상활
71598|고통스레
71599|강파르다
71600|적조하다
71601|성헌
71602|잘칵
71603|시냐크
71604|채득하다
71605|문세영
71606|고자리
71607|코모로
71608|이소프로필
71609|펠리오
71610|초절임하다
71611|흘낏흘낏
71612|흉측
71613|젤펜
71614|왁살스럽다
71615|수다하다
71616|한뫼
71617|드니프로강
71618|실룩이다
71619|섬멸되다
71620|어새
71621|레다
71622|사호다
71623|찌들리다
71624|결하다
71625|아우랑제브
71626|쎄
71627|오름새
71628|음공
71629|서달
71630|유령해파리
71631|킬로헤르츠
71632|산법
71633|웰즐리
71634|마거
71635|꾀보
71636|청차
71637|언어화하다
71638|아리
71639|칼꽂이
71640|라그나뢰크
71641|괴상야릇하다
71642|토런스
71643|유실하다
71644|대직
71645|자력갱생하다
71646|콘탱고
71647|데파다
71648|위덕
71649|달련
71650|형률
71651|쫏다
71652|폐관되다
71653|홍엽
71654|일깨다
71655|인정미
71656|혼곤히
71657|재재거리다
71658|암막새
71659|차치
71660|빗당겨치기
71661|자제다
71662|병치되다
71663|쉬었음
71664|조물딱거리다
71665|환차
71666|새보다
71667|속현
71668|모터크로스
71669|헌헌장부
71670|새문
71671|개각하다
71672|유로넥스트
71673|께다
71674|벙실벙실
71675|귀정
71676|엘즈미어섬
71677|시우
71678|카마수트라
71679|다크룸
71680|뿌우다
71681|차근하다
71682|휴녕
71683|짜그락짜그락
71684|콘프레이크
71685|융대
71686|풍무
71687|몰캉거리다
71688|세룰리안블루
71689|소견머리
71690|관천
71691|옥수수과자
71692|나수
71693|감속되다
71694|트루바두르
71695|도마도
71696|타마라
71697|위충현
71698|가류
71699|래핑되다
71700|베리파이
71701|절강
71702|동귀어진
71703|다릿심
71704|블라맹크
71705|타각
71706|마루차
71707|무병하다
71708|측부
71709|듬북
71710|리놀레산
71711|편협성
71712|음통
71713|리파아제
71714|최병호
71715|지혜주머니
71716|취암산
71717|대강하다
71718|주페
71719|사라토프
71720|기십
71721|재임용하다
71722|센터링하다
71723|호비다
71724|토카타
71725|직금
71726|되새김
71727|역천
71728|대갚음하다
71729|중속
71730|종견
71731|괭
71732|장용
71733|안식향산
71734|침지
71735|하루건너
71736|제퍼슨시티
71737|마크맨
71738|망집
71739|고소원
71740|몸띵이
71741|들썩대다
71742|합자
71743|이끼투성이
71744|생동
71745|막급
71746|바위길
71747|검란
71748|탑문
71749|가칠가칠하다
71750|암중모색하다
71751|뒤척뒤척하다
71752|월선하다
71753|웃심
71754|부활제
71755|돌성
71756|대릉
71757|통회
71758|온하다
71759|에이시
71760|송쿠
71761|멍멍거리다
71762|거북살스럽다
71763|국동
71764|몽리
71765|소산되다
71766|먀오족
71767|내려쪼이다
71768|오신
71769|글루콘산
71770|징치하다
71771|말똥거리다
71772|나콘라차시마
71773|일처다부제
71774|보동
71775|부지불식
71776|신야
71777|퍼지
71778|라믈리에
71779|창안
71780|작스
71781|날날하다
71782|피켈
71783|추우
71784|약동
71785|떠바리
71786|탐어
71787|요리요리
71788|고금아
71789|치핑
71790|아관
71791|우라리
71792|모더니스트
71793|리보플라빈
71794|알카리성
71795|배닝
71796|윙윙하다
71797|끔벅끔벅
71798|소속시키다
71799|버밀리언
71800|용루
71801|벌씨
71802|후련히
71803|아스틸베
71804|관제하다
71805|약대
71806|가수원동
71807|터치라인
71808|이스트사이드
71809|들깻잎
71810|무그다
71811|암모늄
71812|나물죽
71813|오물투성이
71814|미치유키
71815|초곡
71816|소시스
71817|다섯잎꽃
71818|권축
71819|알키다
71820|측음
71821|지심
71822|취지하다
71823|동고서저
71824|응급조치하다
71825|어깻부들기
71826|우숙
71827|시회
71828|배수되다
71829|엄명하다
71830|덜거덕덜거덕
71831|개멩
71832|낙구
71833|꽁뜨르
71834|설미
71835|곡석
71836|터널링
71837|응괴
71838|혼획되다
71839|쭈그러뜨리다
71840|게메
71841|절뚝절뚝하다
71842|중앙화되다
71843|넉다운
71844|수좌
71845|땅딸하다
71846|내끼다
71847|배불다
71848|위령하다
71849|지끈하다
71850|꺼꾸리
71851|타치다
71852|엎으라지다
71853|물국수
71854|황수
71855|돈수
71856|블타바강
71857|춍바치
71858|패셔니스트
71859|상설
71860|후루룩대다
71861|홍건
71862|통인
71863|디브이디
71864|추들다
71865|낙사하다
71866|까르륵거리다
71867|오버히트
71868|추재
71869|레이거노믹스
71870|돈황
71871|파닥이다
71872|널따랗다
71873|모형도
71874|태어
71875|힝힝거리다
71876|어뜨게
71877|통정하다
71878|브레드보드
71879|인파이팅
71880|역수입되다
71881|꿈지럭
71882|프라스틱
71883|아파테이아
71884|뒤엎어지다
71885|불세
71886|푸케
71887|애사
71888|패용
71889|물같
71890|와케
71891|야민
71892|타이로신
71893|명료화
71894|복합어
71895|까우다
71896|양백
71897|비틀림
71898|수월찮다
71899|앨트
71900|넘어나다
71901|완역하다
71902|함우
71903|조성
71904|좌사
71905|오버런
71906|혈암
71907|천존
71908|베이시
71909|발취하다
71910|착살맞다
71911|지롱댕
71912|프루트칵테일
71913|도달점
71914|잔손
71915|재임명되다
71916|할범
71917|분나
71918|모멸하다
71919|쳄발로
71920|로렐
71921|첩종
71922|총망라
71923|부스럭부스럭하다
71924|첩보망
71925|벌방
71926|숨그다
71927|종추
71928|씨원하다
71929|염생
71930|철면피하다
71931|인목
71932|환국하다
71933|집속
71934|목롯집
71935|침례
71936|푸득
71937|윤군
71938|현훈
71939|방오
71940|어쟀든
71941|핵물리학
71942|뻬다
71943|오리
71944|순회공연하다
71945|압로
71946|절화
71947|아셈
71948|쪽제비
71949|카리에르
71950|알티오
71951|덕암
71952|쟁강
71953|가담되다
71954|표독
71955|국균
71956|사회의식
71957|마라스
71958|얼른
71959|애북
71960|생콩
71961|퇴촌하다
71962|쉬실다
71963|대남
71964|특새
71965|홰치다
71966|각주구검
71967|올나이트
71968|계발되다
71969|세상없다
71970|주라
71971|고홈
71972|돈신
71973|출진
71974|꿈적하다
71975|시더
71976|치제
71977|탕탕거리다
71978|파라모
71979|갈겨보다
71980|승호
71981|결행되다
71982|연선
71983|통가죽
71984|조퍼스
71985|시술되다
71986|세나다
71987|딸깍딸깍하다
71988|고따우
71989|강생이
71990|주은래
71991|수직하다
71992|제치
71993|토룡
71994|지근하다
71995|제가역상집
71996|아물리다
71997|북회귀선
71998|관작
71999|다이알로그
72000|메가트렌드
72001|학림
72002|치사랑
72003|타약
72004|후와
72005|급환
72006|축석
72007|콕토
72008|농반
72009|향마
72010|호지슨
72011|헛구호
72012|가뭇가뭇하다
72013|겁나하다
72014|연예하다
72015|삐꺽거리다
72016|가욋돈
72017|터부시되다
72018|탈밍아웃
72019|타목
72020|리적
72021|메자닌
72022|와당
72023|자임
72024|거칠부
72025|흥양
72026|바스락하다
72027|타천
72028|월직사자
72029|랭뮤어
72030|툼스톤
72031|감마값
72032|절로
72033|아지마씨
72034|청승스럽다
72035|체면치레하다
72036|퇴깽이
72037|가권
72038|이인직
72039|쪽하다
72040|뻐찌
72041|휘광
72042|유천
72043|좀생이별
72044|만삭되다
72045|파체
72046|오리올
72047|일수불퇴
72048|종미
72049|아재씨
72050|걸뱅이
72051|원망스레
72052|형관
72053|의아쩍다
72054|작량
72055|삯바느질하다
72056|아랫대
72057|승교
72058|진문
72059|끼실다
72060|이준경
72061|에오스
72062|조선화
72063|흐름도
72064|겯다
72065|닉변
72066|출산되다
72067|바다얼음
72068|오보하다
72069|톡소플라스마
72070|지야
72071|자리매김되다
72072|가우데
72073|힐책
72074|견봉
72075|막걸다
72076|봉동
72077|우둑
72078|누름판
72079|하리코프
72080|여필종부
72081|철퍼덕철퍼덕
72082|등고
72083|결산서
72084|자배기
72085|베유
72086|도아주다
72087|소매통
72088|말발도리
72089|장장하다
72090|연풍
72091|도깨
72092|뢰베
72093|점내
72094|펭생
72095|긍긍하다
72096|아즈테카
72097|골목집
72098|손재하다
72099|수궁하다
72100|아이스너
72101|김산
72102|임천
72103|과르네리
72104|앙성면
72105|퍼커링
72106|지통
72107|야객
72108|자유화하다
72109|실금하다
72110|에반젤린
72111|탱구다
72112|중중
72113|달호다
72114|온갓
72115|묵도하다
72116|합다
72117|디레버리지
72118|수량화하다
72119|선초
72120|당위원회
72121|청모
72122|환갑잔치하다
72123|크라우드소싱
72124|장익
72125|등짐
72126|역수출하다
72127|쏙다
72128|좌경화
72129|끄적대다
72130|형색
72131|빠쓰
72132|도사리
72133|시스젠더
72134|푸시시
72135|장풍군
72136|윤유리
72137|스론
72138|다포
72139|조제핀
72140|주전부리하다
72141|몰구
72142|애법
72143|오스티아
72144|리스테리아
72145|청솔가지
72146|해시시
72147|약분하다
72148|연립하다
72149|세황
72150|더치다
72151|장변
72152|모아들다
72153|탈환되다
72154|와파
72155|익숙히
72156|유애
72157|어째다
72158|모히다
72159|제척하다
72160|밝이다
72161|로르카
72162|끌리가다
72163|중광
72164|임희재
72165|전치되다
72166|감복
72167|쿵탕
72168|저포
72169|꼴깍거리다
72170|갉히다
72171|조짐
72172|굴취
72173|입방미터
72174|누룽밥
72175|뉴사우스웨일스주
72176|지각없다
72177|부여안다
72178|햇것
72179|떳다방
72180|신석초
72181|한가위맞이
72182|비사우
72183|형극
72184|정약
72185|남문안장
72186|스캐브
72187|신황
72188|드폴대
72189|젭다
72190|칠금
72191|실덕
72192|다볼
72193|러니어
72194|쉬싸다
72195|총서
72196|리자주
72197|멜포메네
72198|피위
72199|깡깡하다
72200|까닥이다
72201|뒤져내다
72202|활민숙
72203|샤르댕
72204|헤시피
72205|탈각
72206|희떱다
72207|주제하다
72208|옵티마이저
72209|따가리
72210|짜그라지다
72211|다죽
72212|마무리다
72213|되오
72214|처멕이다
72215|폴리포니
72216|헤로필로스
72217|무셥다
72218|손군
72219|벽력같다
72220|궁상각치우
72221|복거
72222|망개
72223|사카로미세스
72224|독창곡
72225|데브레첸
72226|어구구
72227|안전부
72228|헛치다
72229|뻥긋뻥긋
72230|성례
72231|블로흐
72232|개작
72233|풍지
72234|여희
72235|다람쥣과
72236|데시리터
72237|허드렛물
72238|안거하다
72239|등분되다
72240|서정미
72241|축다
72242|천화
72243|바꿈터
72244|메를로퐁티
72245|제숙
72246|냉중
72247|허풍선이
72248|친황다오
72249|썩둑
72250|위토
72251|둥글
72252|친러파
72253|각시붓꽃
72254|왕방
72255|적귀
72256|가한
72257|간단없다
72258|차요테
72259|요상시럽다
72260|수수께끼투성이
72261|찡얼찡얼
72262|봉철
72263|컬러스
72264|소춘
72265|도니체티
72266|마역
72267|오스트라바
72268|무후
72269|우관
72270|표한하다
72271|문미
72272|추축
72273|펄렁거리다
72274|외트뵈시
72275|반지다
72276|렙토스피라
72277|전별
72278|솔라닌
72279|고킨와카슈
72280|에지간하다
72281|애독
72282|낮춤말
72283|불문법
72284|인선되다
72285|촉한
72286|문외불출
72287|불임증
72288|보짱
72289|절회
72290|소간
72291|보름달물해파리
72292|피토크롬
72293|현화
72294|푸리다
72295|줄다리기
72296|간난
72297|즐감하다
72298|급전직하하다
72299|아낙시만드로스
72300|윤환
72301|배현
72302|예광탄
72303|시침질
72304|전기하다
72305|동질화되다
72306|목사리
72307|앏
72308|꽁냥질
72309|통풍되다
72310|산죽
72311|황교
72312|부숴뜨리다
72313|좌풍
72314|해오
72315|어름어름
72316|주라다
72317|다운로딩
72318|업데다
72319|결락
72320|이교
72321|코르사주
72322|약해
72323|다키아
72324|마추
72325|미시간호
72326|물피
72327|아른하다
72328|실큰
72329|락업
72330|반광
72331|미니건
72332|베르크
72333|반세
72334|그이다
72335|둥그래지다
72336|마라카이보
72337|군사부
72338|실뜨기하다
72339|선선
72340|부호화되다
72341|잔명
72342|불법다
72343|얼천
72344|하삼
72345|모개
72346|육화하다
72347|직송하다
72348|아마토
72349|우탄
72350|액티비스트
72351|외진
72352|브로츠와프
72353|깡술
72354|발안
72355|옥현
72356|외발씨름
72357|인덕원교
72358|배춧속
72359|윤나다
72360|빼묵다
72361|철포
72362|비브라폰
72363|재입성하다
72364|경론
72365|찍게다
72366|고조부모
72367|윗잇몸
72368|우경화하다
72369|간다라
72370|부버
72371|소어
72372|론도
72373|어상천면
72374|싸발
72375|노리갯감
72376|부후
72377|뜸뜨다
72378|금송
72379|야탑초
72380|안어
72381|웅비
72382|화광
72383|가금화되다
72384|웂이
72385|손색없이
72386|건묵
72387|국수하다
72388|깐닥깐닥
72389|뚱글다
72390|살림방
72391|추락되다
72392|늑간
72393|도우넛
72394|푸르륵거리다
72395|발씨
72396|강임
72397|궁둥방아
72398|마이터
72399|악물
72400|통재
72401|커트되다
72402|개식
72403|타제
72404|군직
72405|풍령
72406|적산
72407|페리도트
72408|모립
72409|운영업자
72410|색출되다
72411|헹가래
72412|규중칠우쟁론기
72413|건투하다
72414|탈태
72415|한그
72416|시부렁거리다
72417|토스카니니
72418|초례상
72419|웅비하다
72420|성후
72421|맏형님
72422|산형
72423|시비지심
72424|버다
72425|수덕
72426|언더핸드
72427|우석거리다
72428|캐비티
72429|지란
72430|툴루이
72431|자황
72432|쏘댕기다
72433|완동
72434|절삭하다
72435|부임
72436|다굴
72437|대직하다
72438|펄롱
72439|야노스
72440|욕심스럽다
72441|운집되다
72442|전목
72443|되똥
72444|처부
72445|갹
72446|임중도원
72447|나훔
72448|조치다
72449|임팔
72450|으떻게
72451|슈퍼그룹
72452|간소
72453|이승하다
72454|향화
72455|페팅
72456|불망
72457|신색
72458|간교
72459|체르노젬
72460|화이트아웃
72461|연전연승하다
72462|소르
72463|쯔궁
72464|석신
72465|투각
72466|정무원
72467|탐정하다
72468|노래이
72469|쩌르다
72470|실루
72471|원치
72472|이물다
72473|큐비클
72474|가발하다
72475|내미
72476|차폐되다
72477|양돈
72478|탕하다
72479|무시마
72480|케착
72481|가출옥되다
72482|무슬다
72483|요하
72484|아타락시아
72485|엉시
72486|소가족
72487|플래시라이트
72488|반회장저고리
72489|이놈
72490|재상영하다
72491|군국
72492|볼리우드
72493|자이로
72494|공것
72495|건필
72496|암매
72497|산방
72498|수탐
72499|국제화하다
72500|세겹살
72501|영등포동
72502|미미르
72503|암유
72504|문현
72505|나랏말
72506|왕보
72507|연목구어
72508|으스러트리다
72509|건듯
72510|청패
72511|화파
72512|설조
72513|만홧가게
72514|두즙
72515|수선되다
72516|엽란
72517|훈향
72518|선생질하다
72519|삼촌
72520|거원
72521|칸타리딘
72522|알라이얀
72523|입권
72524|괄목상대하다
72525|출수하다
72526|겨레말
72527|무덕하다
72528|마시맬로
72529|컨덕터
72530|꼬바리
72531|부측
72532|흑치상지
72533|내리다보다
72534|보퍼트
72535|속자
72536|합주곡
72537|하운
72538|조까
72539|단임
72540|막음판
72541|서마
72542|독녀
72543|씨댕이
72544|고수되다
72545|나이퀴스트
72546|키르히너
72547|토근
72548|콜드컷
72549|오르니틴
72550|만경창파
72551|힐끗하다
72552|멘테
72553|샌달
72554|준두
72555|내리쉬다
72556|피아놀라
72557|건치
72558|시줏돈
72559|밀크캐러멜
72560|왠
72561|클레멘티
72562|농자천하지대본
72563|아미그달린
72564|고집멸도
72565|회경
72566|살귀
72567|형개
72568|신덕
72569|꼬르륵하다
72570|일즉
72571|네오리얼리즘
72572|필패하다
72573|바이닐
72574|맞음
72575|휴전되다
72576|테르핀
72577|환속
72578|오키나와섬
72579|노릿노릿하다
72580|서베일런스
72581|특석
72582|크로바
72583|나르비
72584|다색
72585|싱글링
72586|곤포
72587|제석천왕
72588|나롱
72589|치우침
72590|바짓말
72591|중국얼룩날개모기
72592|뢰동
72593|절륜하다
72594|토르테
72595|풀집
72596|정창손
72597|실타
72598|재리
72599|쑵다
72600|펜안
72601|간노
72602|야콥센
72603|속씨식물
72604|양은
72605|무고히
72606|수군
72607|용차
72608|마운령비
72609|매코믹
72610|적록
72611|청비
72612|아퀴
72613|둘러막다
72614|선장하다
72615|뚜리뚜리
72616|비을
72617|천박스럽다
72618|금오
72619|꽃갓
72620|피력되다
72621|양귀
72622|열가소성
72623|흑구
72624|발류다
72625|베일아웃
72626|가름
72627|톱다
72628|썽내다
72629|분트
72630|모상
72631|상치되다
72632|불편스럽다
72633|만질만질하다
72634|탈아입구
72635|타래
72636|패알못
72637|요레
72638|보석하다
72639|최재희
72640|꿀렁대다
72641|우다닥
72642|얼케
72643|초싹
72644|낭구
72645|빨랫대
72646|거늘
72647|현양
72648|선속
72649|꾸무럭거리다
72650|겐쇼
72651|분속
72652|흑영
72653|자작농
72654|애이다
72655|천길만길
72656|관생
72657|부드러이
72658|번때
72659|재방영되다
72660|기쎄
72661|널름거리다
72662|옴살
72663|장법
72664|화투하다
72665|게이팅
72666|자탄
72667|제면하다
72668|이니셜라이즈
72669|다꽝
72670|종회
72671|처벅처벅
72672|빠사삭
72673|파생어
72674|부숭부숭
72675|건명
72676|부알로이
72677|라마트간
72678|오도독하다
72679|하러
72680|재취하다
72681|구옥희
72682|두짝문
72683|도참
72684|휘덮다
72685|절그렁
72686|헌부
72687|하적
72688|반종
72689|람바
72690|구내방송
72691|외심
72692|굽슬굽슬하다
72693|심순
72694|백납
72695|깝죽이다
72696|한라대
72697|코르푸
72698|장니
72699|현저
72700|공험진
72701|그린웨이
72702|선리
72703|독혀
72704|염다
72705|당하
72706|왈칵하다
72707|극화되다
72708|짜하다
72709|카르밀라
72710|창연하다
72711|땅울림하다
72712|직교하다
72713|잔물
72714|싸강
72715|부구
72716|보지
72717|장기쪽
72718|차지백
72719|까닥까닥하다
72720|자마
72721|연백
72722|모놀리스
72723|청진하다
72724|흉장
72725|남과
72726|지능화하다
72727|패죽
72728|벼락공부
72729|아스코르빈산
72730|라스팔마스
72731|여우리
72732|권학
72733|쿠르릉거리다
72734|김완규
72735|컴퓨터화되다
72736|내압
72737|방습
72738|레비스트로스
72739|비과세하다
72740|리도
72741|재비
72742|주체스럽다
72743|목화나무
72744|손재간
72745|화류
72746|불초하다
72747|외도리
72748|찬홈
72749|철썩하다
72750|붕우
72751|감봉되다
72752|중격
72753|정식하다
72754|송대
72755|자기
72756|측백
72757|스탑오버
72758|나무등걸
72759|처절
72760|하량
72761|파파이
72762|생비
72763|깨부시다
72764|부광
72765|크레모나
72766|정숙히
72767|이종하다
72768|캘리퍼스
72769|창랑
72770|계상하다
72771|으드득거리다
72772|다무라
72773|건저
72774|애끼
72775|혈형
72776|카피되다
72777|행동주의자
72778|처발처발
72779|아르마다
72780|삼녀
72781|누릇누릇
72782|류우
72783|호류
72784|뉘우다
72785|포작
72786|오고하다
72787|이분하다
72788|동강이
72789|디보다
72790|안드로포프
72791|옥보
72792|큰소쩍새
72793|기요하다
72794|갈고리질하다
72795|토옥
72796|앙토
72797|리토
72798|넝
72799|물미
72800|하잘것없이
72801|신총
72802|충아
72803|을축
72804|파오
72805|평위산
72806|대행업
72807|후애
72808|합평
72809|스트르다
72810|예민보스
72811|희뜩하다
72812|게먹다
72813|절루
72814|아취
72815|로즈베리
72816|입선되다
72817|양코배기
72818|리수
72819|음아
72820|포도하다
72821|시역
72822|애련하다
72823|자목
72824|분철
72825|원릉
72826|레드퍼드
72827|보수다
72828|어악
72829|헤어클립
72830|방수하다
72831|폰툰
72832|시창
72833|봉곳
72834|축알못
72835|따당따당
72836|다당
72837|손세
72838|팬지
72839|농정
72840|잠방이
72841|나생이
72842|포만하다
72843|마향
72844|뉴클레오티드
72845|통킹
72846|호아
72847|해갈하다
72848|인촌
72849|내강
72850|국장하다
72851|노루발장도리
72852|레퓨지아
72853|우악스레
72854|군심
72855|총집중하다
72856|정라
72857|생급스럽다
72858|브리지타운
72859|홀바인
72860|과원
72861|갑제
72862|씰룩하다
72863|와리바시
72864|고사이
72865|드렁드렁
72866|치받히다
72867|탄타
72868|후륜
72869|란자
72870|쒜
72871|난발하다
72872|사이색
72873|기술공
72874|허자
72875|롱장
72876|배애
72877|생명감
72878|허매
72879|퉁화
72880|지륜
72881|나뭇더미
72882|십유
72883|왕창하다
72884|봄마중
72885|입부
72886|아가토
72887|전염하다
72888|뚜둑뚜둑
72889|홀츠
72890|입식하다
72891|긴코
72892|열분해하다
72893|봉족
72894|보브캣
72895|고서머
72896|정난
72897|김창흡
72898|인디칸
72899|뽀도
72900|에라스뮈스
72901|입법화되다
72902|견직물
72903|적자지심
72904|말루다
72905|수빈
72906|망덕
72907|선편
72908|아이반호
72909|문백면
72910|스카이호크
72911|아케론
72912|개청하다
72913|겝
72914|루크레티우스
72915|통치
72916|벤조다이아제핀
72917|변량
72918|자오쯔
72919|물파
72920|와알못
72921|껌다
72922|펴치다
72923|쌍극
72924|칠산
72925|사생하다
72926|협조되다
72927|배돌이
72928|어모
72929|즐찾
72930|미들웨어
72931|침엽
72932|때끼
72933|왈락
72934|고양이털이
72935|절룩절룩
72936|프사이
72937|삐걱하다
72938|시네마토그래피
72939|법석대다
72940|한께
72941|캐주얼화
72942|진루하다
72943|티로신
72944|외기러기
72945|홀레다
72946|호침
72947|자진농부가
72948|인벤션
72949|라트리
72950|주벽
72951|혈상
72952|취선
72953|물걸레질하다
72954|슈테른
72955|빠끔빠끔
72956|알텐베르크
72957|영국
72958|그을림
72959|산북
72960|포토콜
72961|담탱
72962|선모
72963|빈발
72964|도현
72965|물구나무서다
72966|사뢰다
72967|활활
72968|파장되다
72969|빠라드
72970|침강하다
72971|도라이바
72972|맵짜다
72973|인포머셜
72974|응당히
72975|시다이
72976|꼴깍하다
72977|탑핑
72978|심마니
72979|후무하다
72980|사죽
72981|얼키
72982|맥진
72983|시당
72984|비정상화되다
72985|쌍십절
72986|당고모
72987|분녀
72988|빠당빠당
72989|김준근
72990|뻔쩍뻔쩍하다
72991|축대
72992|량음
72993|저려
72994|전애
72995|발호하다
72996|허과
72997|소략하다
72998|잡되다
72999|여동
73000|정왕
73001|페페로미아
73002|에보라
73003|삭탈
73004|산메기
73005|파에스
73006|서파
73007|배앓이하다
73008|벨칸토
73009|종무
73010|삼소
73011|드랩
73012|용리
73013|딸로
73014|어승생악
73015|방혈
73016|끼깅거리다
73017|근봉
73018|체크슈머
73019|뻗정다리
73020|증나다
73021|하자투성이
73022|정결히
73023|작신작신
73024|잔체
73025|냉육
73026|하핳다
73027|기호화하다
73028|증감하다
73029|비분
73030|포링
73031|탕왕
73032|밀크빙수
73033|업구
73034|엽렵하다
73035|비분강개
73036|깩깩
73037|고무도장
73038|제너럴셔먼호
73039|포파
73040|진도표
73041|없이다
73042|내티다
73043|새북
73044|블리처
73045|미돌
73046|내화학성
73047|제이
73048|베이어
73049|샤도
73050|으악새
73051|의뭉
73052|아나테이너
73053|하코다테시
73054|캐트
73055|좌관
73056|와그작거리다
73057|공처
73058|마무르다
73059|체카
73060|면박하다
73061|객혈
73062|더덩
73063|돌원숭이
73064|대라
73065|다으다
73066|일대기
73067|등산모
73068|자패
73069|삽삽하다
73070|어파
73071|페레스트로이카
73072|돌려나다
73073|그룹화하다
73074|불미
73075|김칫거리
73076|치순
73077|훌쩍하다
73078|장과
73079|서금
73080|무혈입성하다
73081|친링
73082|익스프레션
73083|망생이
73084|굴복되다
73085|로리콘
73086|나이티
73087|형하고
73088|디베다
73089|부령
73090|쇠로
73091|협궤
73092|깃다
73093|영원무궁하다
73094|긇다
73095|채널다
73096|덴구
73097|흡족히
73098|땀땀
73099|시군구청장
73100|나산
73101|해만
73102|출두시키다
73103|빠꾸미
73104|존숭하다
73105|길항
73106|목적론
73107|시메티딘
73108|향조
73109|핑프
73110|은물
73111|캘리컷
73112|시용
73113|거루
73114|새물
73115|졸림
73116|할동
73117|아먼
73118|치어다보다
73119|변사하다
73120|이룡
73121|저까진
73122|아리카
73123|딸부자
73124|검은물잠자리
73125|다사롭다
73126|우렁쉥이
73127|티아민
73128|용출하다
73129|환촉
73130|극단화하다
73131|사부자기
73132|재상승하다
73133|음자리표
73134|어슷어슷
73135|제라다
73136|지라다
73137|흥성하다
73138|양의
73139|원미
73140|이러이
73141|구스다
73142|테라리엄
73143|헌배
73144|제체
73145|맹아
73146|증착하다
73147|웅보
73148|안티오크
73149|경질
73150|박두하다
73151|입실론
73152|캠필로박터
73153|박주가리
73154|녁
73155|월셋값
73156|고개길
73157|남감
73158|어깻짓
73159|공명정대
73160|글루카곤
73161|긍하다
73162|초번
73163|편력하다
73164|달도
73165|고단
73166|밀려내다
73167|머윗대
73168|날록손
73169|추꾸
73170|친화되다
73171|첨정
73172|귀틀
73173|철삿줄
73174|마라비
73175|무표
73176|시산
73177|겸양하다
73178|와타리
73179|교련
73180|플래드
73181|첨수
73182|수로왕비릉
73183|피화
73184|면양
73185|가깨
73186|샤코탄
73187|덜컹덜컹하다
73188|법비
73189|소괴
73190|샤스탕
73191|점혈
73192|어여어여
73193|흡뜨다
73194|피검
73195|우분
73196|중삼
73197|좀비버
73198|콜드크림
73199|뉴론
73200|개방구
73201|빼박다
73202|안낭
73203|팬아저
73204|피너클
73205|가운뎃점
73206|중노릇하다
73207|잘로몬
73208|엎어트리다
73209|유야무야하다
73210|와르릉
73211|반배
73212|녹둔도
73213|노냥
73214|어기영차
73215|고자이
73216|바주
73217|비알
73218|점검되다
73219|심판되다
73220|붉은옷
73221|의처
73222|이미지화되다
73223|총싸움하다
73224|회현
73225|무태
73226|익종
73227|주레
73228|신기롭다
73229|스타보드
73230|경험주의
73231|두호하다
73232|파노바
73233|혹서
73234|실전하다
73235|사회계
73236|학익
73237|전항
73238|두표
73239|퍼먹이다
73240|파학
73241|카이탁
73242|팬질하다
73243|낙민
73244|빨가벗기다
73245|별상
73246|복상
73247|송축
73248|허천나다
73249|브라우스
73250|조감
73251|파근파근하다
73252|레스베라트롤
73253|클로크
73254|프리그
73255|아르에이치
73256|레지오넬라
73257|식영과
73258|곰배
73259|피해되다
73260|다핵
73261|싱긋싱긋
73262|죽세공
73263|언더도그
73264|시트린
73265|위고
73266|변산
73267|포리똥
73268|지겐
73269|통모하다
73270|거스리
73271|형범
73272|연습되다
73273|송라
73274|겉씨식물
73275|터보차저
73276|엘레아학파
73277|동궐
73278|불구속되다
73279|현산
73280|거우
73281|진찬
73282|유즙
73283|가차이
73284|의아스레
73285|알곤킨족
73286|남빙양
73287|심동
73288|언듈레이션
73289|꼬박꼬박하다
73290|운천
73291|매끈거리다
73292|뒤져놓다
73293|잠일초
73294|대님
73295|원해
73296|심드렁히
73297|와거
73298|키질하다
73299|습골
73300|서족
73301|평조
73302|해천
73303|익하다
73304|병비
73305|뇌제
73306|베스팅
73307|묵이다
73308|법위
73309|추합
73310|삼극
73311|빈구석
73312|재발송하다
73313|도아
73314|바데
73315|질레다
73316|이느마
73317|루타바가
73318|심려되다
73319|가복
73320|로통드
73321|에쿠우스
73322|중서문하성
73323|서녀
73324|박인
73325|회화하다
73326|어남
73327|카네기
73328|이눌린
73329|토박
73330|철떡
73331|스케이팅하다
73332|톨레랑스
73333|신부름
73334|포하다
73335|뜨나다
73336|만곡하다
73337|등한시되다
73338|멜루
73339|부실화하다
73340|배향하다
73341|설때다
73342|편한
73343|과함
73344|때밀이하다
73345|솔직성
73346|멸족하다
73347|생경스럽다
73348|직고하다
73349|레싱
73350|배채우다
73351|느즈막
73352|탐학
73353|타이포그라피
73354|무제한하다
73355|새타니
73356|엘레우시스
73357|학배기
73358|쿨룩
73359|개냥
73360|채광하다
73361|더체스
73362|술국밥
73363|표양
73364|그로즈니
73365|옥안
73366|오티티
73367|음식디미방
73368|향시
73369|퇴영
73370|옥제
73371|병곤
73372|느치
73373|어중
73374|영녕릉
73375|코끼
73376|투명화하다
73377|범서
73378|활갯짓
73379|버레이
73380|막시마
73381|복연
73382|온보딩
73383|예미
73384|피육
73385|슈난
73386|각명
73387|로거
73388|칙유
73389|흑도
73390|길미
73391|정제형
73392|쮜다
73393|메터
73394|정학하다
73395|존대
73396|임간
73397|다원주의
73398|윤간
73399|망칙하다
73400|러닝슈즈
73401|가멸차다
73402|선폭
73403|조잘조잘하다
73404|연진
73405|욱여싸다
73406|모전
73407|깍깍대다
73408|암꿩
73409|일체화하다
73410|보넘
73411|꽝남성
73412|납막
73413|오렐리아
73414|깐불다
73415|랄라리
73416|급피
73417|죽엽
73418|모굴
73419|현금하다
73420|마식
73421|해태하다
73422|헤데라
73423|부음
73424|컴프리
73425|마른번개
73426|차등화되다
73427|홍국
73428|우재
73429|에레디아
73430|헛일하다
73431|창난
73432|올드비
73433|둥구미
73434|해요체
73435|디곡신
73436|을러메다
73437|해갈되다
73438|각력
73439|신개
73440|허근
73441|고갱이
73442|동노
73443|뇌쇄
73444|담배불
73445|맥파
73446|언행일치하다
73447|독아
73448|빠드득거리다
73449|회장되다
73450|엔시
73451|모저
73452|발흥
73453|진진하다
73454|쪼꼬우유
73455|애숭이
73456|애글릿
73457|파상적
73458|청암
73459|조식하다
73460|말목
73461|접객업소
73462|사르트
73463|들창문
73464|군사화
73465|무후각증
73466|재합류하다
73467|다랑이논
73468|나치스
73469|개자리
73470|왜도
73471|병탄하다
73472|날려쓰다
73473|영전
73474|크로스오버하다
73475|준화
73476|헤릭
73477|코코슈카
73478|중거
73479|자매지간
73480|까도남
73481|따따부따
73482|서릉
73483|가림
73484|진배없이
73485|납부금
73486|갸미
73487|체크섬
73488|올린
73489|염류
73490|테우
73491|적층하다
73492|간벌
73493|요세
73494|섭수하다
73495|율격
73496|줄장지뱀
73497|소시지야채볶음
73498|브라만테
73499|바타비아
73500|딸가닥딸가닥
73501|무대응하다
73502|취천
73503|에우독소스
73504|폐강하다
73505|탈가
73506|맞절하다
73507|몽매
73508|대전당
73509|카스바
73510|다치카와
73511|리메인
73512|무진하다
73513|낭충
73514|마리아치
73515|충언하다
73516|조수하다
73517|당아
73518|불명료하다
73519|극시
73520|차폭
73521|관랑
73522|삐거덕하다
73523|근정
73524|매송
73525|벰베
73526|손보
73527|댕강하다
73528|불통하다
73529|호주하다
73530|운재
73531|낙론
73532|신성화하다
73533|구몽
73534|올디스
73535|개다래나무
73536|냉기류
73537|점필
73538|소생되다
73539|구완하다
73540|골마루
73541|비어스
73542|기신기신
73543|성고
73544|백락
73545|초프라
73546|쏨팽이
73547|브레커
73548|고레이
73549|언어화되다
73550|데뷰
73551|대모달
73552|추타
73553|물샐틈없다
73554|서배
73555|뚫음
73556|깨구락지
73557|명탁
73558|빈혈증
73559|저들다
73560|밑뿌리
73561|기식하다
73562|다릭
73563|빠른우편
73564|패디큐어
73565|몰래보다
73566|정교화하다
73567|베르단디
73568|살리신
73569|조무래기
73570|완고히
73571|세인트피터즈버그
73572|니아신
73573|왕생하다
73574|우두두
73575|상과
73576|으름
73577|데이나
73578|박서
73579|한목
73580|의기
73581|빌빌하다
73582|붤
73583|체대
73584|루비듐
73585|싱글벙글거리다
73586|타락되다
73587|투장
73588|첼랴빈스크
73589|카방
73590|연인하다
73591|설측
73592|봉록
73593|추켜들다
73594|바가노바
73595|내교
73596|큰굿
73597|해캄
73598|선매
73599|저라다
73600|펌뷸런스
73601|공간성
73602|봉재
73603|해액
73604|망배
73605|살파
73606|연덕
73607|웅석봉
73608|인택
73609|간월도
73610|황첩
73611|던롭
73612|토룹
73613|겸병하다
73614|도외
73615|연행당하다
73616|호집
73617|미리감치
73618|우세스럽다
73619|시리얼라이저
73620|불그스레
73621|갑동
73622|셸레
73623|손모아장갑
73624|터레기
73625|뒤안
73626|회과육
73627|루시타니아
73628|폴로네즈
73629|가없이
73630|폰뱅킹
73631|형해화하다
73632|에롭다
73633|카옌
73634|생토노레
73635|절기
73636|소옥
73637|분별되다
73638|입조
73639|혼아
73640|말달리다
73641|우두망찰하다
73642|잫
73643|홍진
73644|양액
73645|소양하다
73646|바라디
73647|달달이
73648|융모
73649|떨거지
73650|독송하다
73651|더블유에이치오
73652|하가리
73653|관찬
73654|단다
73655|고래등
73656|소공연
73657|환조
73658|써들다
73659|플래토
73660|흐규
73661|생생이
73662|포송포송하다
73663|갖춘탈바꿈
73664|생글대다
73665|앤털로프
73666|현주
73667|핵자
73668|맨시니
73669|느른하다
73670|숭덩
73671|원례
73672|지프다
73673|곤핍하다
73674|편찻값
73675|가슴앓이하다
73676|생월
73677|유꾸
73678|쿠르드인
73679|간결히
73680|뼝
73681|남총
73682|네이미스트
73683|글리신
73684|셔블
73685|따르륵
73686|노균병
73687|가슴받이
73688|헐미
73689|종법
73690|편평
73691|나하
73692|선중
73693|협정하다
73694|내리밟다
73695|반반이
73696|흥무
73697|지짐이
73698|성희안
73699|거슬거슬하다
73700|백출
73701|구용
73702|포르탈레자
73703|돈거래
73704|메일러
73705|설음
73706|일식하다
73707|용트림하다
73708|요랑
73709|전범자
73710|좌빵우물
73711|대극
73712|호가스
73713|현상학자
73714|고랭
73715|게이지
73716|실업하다
73717|맹훈련하다
73718|깐깐히
73719|초광역권
73720|베이클라이트
73721|컹크다
73722|팔랑개비
73723|추억되다
73724|막하
73725|행등
73726|음전
73727|루살카
73728|별뜨기
73729|차년
73730|비디아
73731|숨가쁨
73732|정오각형
73733|남회귀선
73734|술라
73735|큐큐
73736|설녀
73737|균여
73738|웨레
73739|노고
73740|해돌이
73741|간살
73742|안대하다
73743|의단
73744|야루
73745|쿠거
73746|브랜드화하다
73747|등표
73748|디스카운트하다
73749|스퀸트
73750|주절
73751|아목시실린
73752|레어급
73753|자간전증
73754|희번덕하다
73755|나박나박
73756|역질
73757|시뮐라시옹
73758|청발
73759|삼고
73760|처녑
73761|툭툭대다
73762|낱자
73763|부극
73764|크로매틱
73765|운곡
73766|물세
73767|폐모하다
73768|꼬꼬댁꼬꼬댁
73769|백안시하다
73770|니카와
73771|베르소
73772|잠전초
73773|정동하다
73774|경합
73775|드라이저
73776|칼레도니아
73777|미백하다
73778|깐족이다
73779|벽재
73780|대착
73781|올리고세
73782|가장되다
73783|저마늄
73784|혼캠
73785|무두
73786|모멸스럽다
73787|한연
73788|케사디아
73789|방아머리
73790|작호
73791|무지몽매
73792|노정되다
73793|사도
73794|파근
73795|순증하다
73796|파페에테
73797|스트레서
73798|물끼
73799|청띠신선나비
73800|양축
73801|알림문
73802|관극
73803|고말
73804|시첩
73805|범지구적
73806|포장기
73807|보임하다
73808|힘살
73809|농암
73810|발론
73811|나야리트
73812|수많이
73813|항기
73814|어너
73815|무용복
73816|겡기
73817|삼절
73818|스톨
73819|저지레
73820|봉함하다
73821|배힘
73822|활수
73823|돋을새김되다
73824|상상외
73825|큰무당
73826|과람하다
73827|이장되다
73828|관북
73829|잉엇과
73830|착향료
73831|산판
73832|우바이드
73833|잡비
73834|넉아웃
73835|코도반
73836|안상
73837|생멸
73838|지겟작대기
73839|재개통하다
73840|빈주먹
73841|꼬등어
73842|비단사슴벌레
73843|안다미로
73844|협상되다
73845|래틀
73846|큰턱
73847|증자하다
73848|구급낭
73849|총강
73850|기피자
73851|표변하다
73852|봉현
73853|오염하다
73854|섭동
73855|전사되다
73856|필재
73857|그제사
73858|카나드
73859|엄위하다
73860|헤어브러시
73861|암어리표범나비
73862|논적
73863|에눌
73864|휘돌리다
73865|희문
73866|잠영하다
73867|꺄우뚱거리다
73868|염경
73869|기특히
73870|지령하다
73871|벨리다
73872|호웅
73873|시가지
73874|미칠
73875|고돌
73876|의법
73877|실룩대다
73878|부적정하다
73879|영력하다
73880|악보대
73881|비라코차
73882|귀함하다
73883|북연
73884|큰각시
73885|천북면
73886|빼꼼빼꼼
73887|채홍
73888|정련하다
73889|아랫놈
73890|캐닝
73891|로르샤흐
73892|대순
73893|물탕
73894|벋다
73895|김준연
73896|왕진하다
73897|박판
73898|초지일관하다
73899|성역화되다
73900|물장난하다
73901|라임스톤
73902|뚜굽다
73903|초금
73904|때때
73905|꼬지다
73906|루스하다
73907|포징하다
73908|괴팅겐
73909|좀먹히다
73910|청감
73911|휘어잡히다
73912|염마
73913|매냥
73914|산족
73915|밀애
73916|불만투성이
73917|송암
73918|시작선
73919|짓마다
73920|전엽
73921|강우
73922|취체
73923|도단
73924|환송되다
73925|리쿠르고스
73926|번쩍대다
73927|나가세나
73928|주살
73929|조물딱조물딱
73930|브루기아
73931|포스닥
73932|디플레
73933|핼미
73934|오버추어
73935|경시되다
73936|스타디오
73937|차실
73938|원복하다
73939|빌리베르딘
73940|부티르산
73941|통체
73942|치닿다
73943|푸에르토몬트
73944|알베도
73945|바작바작하다
73946|크레디
73947|크레펠트
73948|쥐비
73949|재가공되다
73950|첨자
73951|폴리스타이렌
73952|헹그다
73953|안리
73954|인등
73955|격중
73956|갈앉다
73957|땡처리하다
73958|엔잡러
73959|샤프롱
73960|지노비예프
73961|거함
73962|라이신
73963|피치포크
73964|뜷다
73965|갈아붙이다
73966|월세살이
73967|나토리
73968|파르라니
73969|현릉
73970|게약
73971|어께
73972|펀펀하다
73973|출역
73974|떼밀리다
73975|녹안
73976|토공
73977|암거래하다
73978|미려
73979|옴지락거리다
73980|수점
73981|근형
73982|하과
73983|악산
73984|혀지다
73985|갈브다
73986|쏘시개
73987|작시
73988|녹진녹진하다
73989|서북풍
73990|당률
73991|퇴퇴
73992|볼고그라드
73993|빠꿈이
73994|서훈하다
73995|꼬깔
73996|지역정부
73997|개구장이
73998|씻기우다
73999|중마
74000|심의겸
74001|께벗다
74002|매품
74003|홀로나다
74004|티핏
74005|무위자연
74006|줄포
74007|입정
74008|살정
74009|저수다
74010|애처럽다
74011|에이시스
74012|바이오닉스
74013|전주하다
74014|멸실
74015|덕중
74016|윤시
74017|박죽
74018|따말다
74019|감실
74020|소리듣다
74021|민둥하다
74022|월액
74023|배미
74024|무데
74025|비박하다
74026|아리온
74027|프셰미실
74028|할버지
74029|나짱
74030|적제
74031|동음
74032|세이버리
74033|망월
74034|낫질하다
74035|블랑샤르
74036|월자
74037|찬사하다
74038|마짱
74039|생기롭다
74040|삼익
74041|재조직되다
74042|술회
74043|인침
74044|락적
74045|가족원
74046|간사스럽다
74047|으득으득
74048|언듯
74049|맑은술
74050|경란
74051|시랍
74052|새전
74053|측성
74054|옴스크
74055|미안쩍다
74056|퍼묵다
74057|찻간
74058|북앤드
74059|일도양단하다
74060|원방
74061|뭉크러지다
74062|견상
74063|연북
74064|약풍
74065|덕과
74066|진량
74067|이힉
74068|뿌르르
74069|우둑우둑
74070|해이다
74071|거두절미
74072|터치업
74073|무배
74074|줏대
74075|행락
74076|가구라
74077|불법승
74078|히쭉거리다
74079|폐정하다
74080|호호백발
74081|모노아민
74082|프러시안블루
74083|언더셔츠
74084|능변
74085|이마주
74086|상투스
74087|시애
74088|길들임
74089|원상회복되다
74090|가압하다
74091|민소
74092|복소함수
74093|삼층밥
74094|계현
74095|리두
74096|차티스트
74097|멜짱
74098|고블랭
74099|성혈
74100|캐붕
74101|사리불
74102|좌골
74103|북계
74104|창한
74105|왕배
74106|역진하다
74107|미곡상
74108|계산표
74109|이첩
74110|텐서
74111|아폴리네르
74112|뽀드락지
74113|고성장하다
74114|월야
74115|해염
74116|모필
74117|눞
74118|켜켜로
74119|비똥
74120|저배
74121|브이티
74122|살렙
74123|소송인
74124|쎗바닥
74125|석패하다
74126|고귀
74127|난문
74128|생별
74129|공계
74130|출선
74131|뾰족부전나비
74132|빤질빤질
74133|손치다
74134|재사
74135|바특하다
74136|대몽
74137|주섬주섬하다
74138|진균
74139|털세움근
74140|꼬티
74141|계례
74142|금요
74143|흉잡히다
74144|비아냥하다
74145|꽃치마
74146|맹순
74147|패국
74148|해비탯
74149|록조
74150|여유당
74151|방옥
74152|나긋이
74153|축주
74154|찌르륵
74155|호리이
74156|깝데기
74157|사복시정
74158|연좌하다
74159|요참
74160|썩은물
74161|섹스폰
74162|야투
74163|어적어적
74164|토크빌
74165|별제
74166|소나티네
74167|송두리채
74168|후카시
74169|문심
74170|저색
74171|니끼다
74172|며느라기
74173|스위프
74174|돌바위
74175|칠부바지
74176|기득
74177|옹망
74178|진동되다
74179|성문이
74180|소에
74181|나무말
74182|개간지
74183|파탄되다
74184|여예
74185|장후
74186|면죄하다
74187|보삼
74188|아주메
74189|급박
74190|관력
74191|남소하다
74192|다듬이질하다
74193|싹둑거리다
74194|출소되다
74195|기내다
74196|반달리즘
74197|개붑다
74198|머리받기
74199|이슥히
74200|가징
74201|방신
74202|우걱거리다
74203|딸기쉐이크
74204|흑건
74205|등짐장수
74206|안신
74207|칙칙거리다
74208|콜리마
74209|계행
74210|통상하다
74211|오랑주리
74212|코르스
74213|대벽
74214|방서
74215|차돌리다
74216|화면크기
74217|머큐로크롬
74218|배달민족
74219|사풍
74220|배갑
74221|구내매점
74222|몰칵
74223|쇠바퀴
74224|아지바이
74225|활배근
74226|깨구리
74227|영묵
74228|포트빌라
74229|에헹
74230|총칙
74231|재세
74232|분회
74233|팔등신
74234|큰솥
74235|영행
74236|진득거리다
74237|박덕
74238|외귀
74239|종종대다
74240|카니발리즘
74241|어룽지다
74242|정추
74243|문합하다
74244|누릿하다
74245|대바
74246|특재
74247|당보
74248|생글하다
74249|곰박
74250|의율
74251|해직하다
74252|설태
74253|천리마운동
74254|섬뜩섬뜩하다
74255|구라시키시
74256|팅크
74257|쪼아보다
74258|리간드
74259|부시크래프트
74260|가풀막
74261|탄전
74262|아웁
74263|들떨어지다
74264|민두
74265|외판
74266|개적
74267|내밀히
74268|불가분하다
74269|머물르다
74270|검결
74271|시달
74272|재이용하다
74273|푸푸거리다
74274|콜드블루
74275|게츠
74276|메모꽂이
74277|감차
74278|포대기
74279|반데
74280|윤회설
74281|찌렁찌렁
74282|엉엉거리다
74283|환시하다
74284|박파
74285|새벅
74286|징비
74287|지내가다
74288|매판
74289|우지끈우지끈
74290|심통스럽다
74291|대축
74292|외개
74293|적막강산
74294|글로벌라이제이션
74295|자연모
74296|성덕하다
74297|목다리
74298|큰제비갈매기
74299|줄달음
74300|비야
74301|가눕다
74302|그물주머니
74303|뱅스
74304|거용
74305|석하다
74306|고파
74307|회람되다
74308|에버스
74309|귀결시키다
74310|슈피리어호
74311|게터
74312|정려
74313|고용살이
74314|개헌되다
74315|인격화하다
74316|불철저하다
74317|남좌여우
74318|조곽
74319|번들하다
74320|에톡시퀸
74321|진책
74322|햇고구마
74323|꾸밈음
74324|킬로볼트
74325|괘얀다
74326|송계
74327|큰손주
74328|교근
74329|이은찬
74330|악악거리다
74331|소배
74332|모일
74333|단번
74334|승보
74335|수척
74336|지지바
74337|뻐개다
74338|이성지합
74339|격양
74340|헤르쯔
74341|도야코
74342|훨썩
74343|너털거리다
74344|캐녀닝
74345|예스잼
74346|라지오
74347|우그리다
74348|뒷발질하다
74349|시아게
74350|산증
74351|비뚤어뜨리다
74352|쥐노래밋과
74353|에어컨디셔너
74354|인듐
74355|대풍수
74356|바스스
74357|갬히
74358|나문
74359|당게
74360|작주
74361|초긴장하다
74362|쇤베르크
74363|꾸르릉
74364|학생부실
74365|육수하다
74366|토석
74367|지권
74368|시옹
74369|리바이벌하다
74370|소로킨
74371|킹즐리
74372|비썩
74373|나잡다
74374|만홀히
74375|신키다
74376|면관되다
74377|하승
74378|인테르
74379|나이면
74380|뇌공
74381|사커시티
74382|어푸어푸하다
74383|멕시칼리
74384|권애
74385|감읍
74386|자료하다
74387|먼주
74388|액귀
74389|만흥
74390|번제하다
74391|뚜하다
74392|다그마
74393|중농
74394|왜경
74395|마마이트
74396|깡아지
74397|나무래다
74398|정나
74399|섭리하다
74400|갈래지다
74401|과악
74402|탐착하다
74403|세책
74404|전기가마
74405|하포
74406|받음각
74407|세풍
74408|센말
74409|축성되다
74410|요연하다
74411|해표지증
74412|스톰핑
74413|라나이
74414|콘체르트
74415|누녜스
74416|색색대다
74417|주기
74418|건열
74419|모펫
74420|티이다
74421|트리클로로에틸렌
74422|생고
74423|속도위반하다
74424|케모카인
74425|위내
74426|서지마
74427|신사실파
74428|년봉
74429|년세
74430|과탐
74431|울러메다
74432|리기다소나무
74433|샛노래지다
74434|방령
74435|이냥저냥
74436|라클로
74437|배하다
74438|재정립되다
74439|보러
74440|물봉
74441|움칫거리다
74442|숙채
74443|지봉
74444|만난
74445|거서간
74446|노직
74447|타하
74448|생피에르
74449|장완
74450|선뜻선뜻
74451|잡색
74452|농도계
74453|반할
74454|균역청
74455|예술미
74456|대엿새
74457|색빌웨스트
74458|반흔
74459|노관
74460|레오퍼드
74461|명씨
74462|잉잉거리다
74463|옥쇄하다
74464|새모
74465|소야
74466|계락
74467|끈덕끈덕하다
74468|기관부
74469|진안하다
74470|쌍룡
74471|쌍차
74472|우락
74473|함순
74474|오물대다
74475|두부장
74476|드르륵하다
74477|진각
74478|노글노글하다
74479|달나라
74480|건학
74481|바람막이하다
74482|자동차학과
74483|오계
74484|국속
74485|방불하다
74486|다랑
74487|뽀대다
74488|콜로라도강
74489|기오르다
74490|스위치백
74491|관류하다
74492|딱친구
74493|셋방살이하다
74494|아무래도
74495|베누스
74496|도착되다
74497|베르겔란
74498|잔약하다
74499|육풍
74500|파르스
74501|이악스럽다
74502|패혈
74503|부정당하다
74504|손풍금
74505|협기
74506|야비다
74507|루빈스타인
74508|원림
74509|쿠리치바
74510|위저
74511|명증하다
74512|통혼
74513|포토시
74514|미술박물관
74515|제에기
74516|혼산
74517|대림
74518|채금
74519|딮
74520|정탁
74521|신비화
74522|해방둥이
74523|플래티나
74524|글로불린
74525|천소
74526|심주한
74527|어레
74528|거사하다
74529|받자
74530|퐁당퐁당하다
74531|홍죽
74532|나사돌리개
74533|맨지다
74534|짝짓기
74535|남의집살이
74536|포괄되다
74537|홍일
74538|복본
74539|황겁하다
74540|카프리스
74541|고능
74542|깟깟
74543|당점
74544|자연주의자
74545|왈게다
74546|북스테후데
74547|면파
74548|가슬가슬하다
74549|잡서
74550|투탁
74551|오적어
74552|중심기관
74553|멍멍대다
74554|뮤코이드
74555|울라
74556|치쿤구니야
74557|크리오요
74558|교첩
74559|와송
74560|다처
74561|고린전
74562|밀통하다
74563|함메
74564|두치다
74565|뻔쩍뻔쩍
74566|근계
74567|치졸
74568|들기다
74569|표점
74570|척삭
74571|서플리먼트
74572|아폴로니오스
74573|하퇴
74574|유뇨증
74575|품값
74576|꺼꾸러지다
74577|가진리
74578|척보
74579|종합대
74580|간쟁
74581|현명히
74582|하고하다
74583|호호거리다
74584|울금
74585|솔유
74586|벅적벅적
74587|흐늑흐늑
74588|언외
74589|꾸이다
74590|하물
74591|입해
74592|착검하다
74593|헤이케모노가타리
74594|솔찬하다
74595|지골
74596|철녀
74597|조선방역지도
74598|촐
74599|판금되다
74600|가키
74601|애송하다
74602|극감하다
74603|투루루
74604|맹시
74605|친계
74606|충경
74607|딸랑대다
74608|거개
74609|가스라이트
74610|콥트어
74611|뉴스보이
74612|애크런
74613|깰끔하다
74614|면두
74615|철편
74616|앙고
74617|크로체
74618|공술
74619|피톨
74620|포소
74621|자상히
74622|엘라스토머
74623|플로지스톤
74624|암시성
74625|오데이
74626|우둑거리다
74627|매깨
74628|늫다
74629|상하반기
74630|회합하다
74631|헤센주
74632|호강스럽다
74633|측광
74634|종발
74635|지칭개
74636|도구화되다
74637|빙충맞다
74638|화극금
74639|박테리오파지
74640|허청허청
74641|쇼트브레드
74642|알메리아
74643|찰칵찰칵하다
74644|깨개갱
74645|빠우다
74646|마흐
74647|강점하다
74648|통심
74649|덧걸이
74650|잡육
74651|구아버
74652|달싹하다
74653|재지다
74654|쿡탑
74655|균질화되다
74656|털이개
74657|이리저리하다
74658|기장하다
74659|나지
74660|마무릿감
74661|우새
74662|명료히
74663|휘동
74664|가획
74665|실근
74666|완족
74667|위아다
74668|길씨
74669|궁복
74670|윌키
74671|데샹
74672|빤짝하다
74673|소소히
74674|자움
74675|산해관
74676|타키투스
74677|불건강하다
74678|수낭
74679|풀가동되다
74680|듸
74681|천사
74682|늪가
74683|줄어듦
74684|심비디움
74685|덩그다
74686|선력
74687|재까닥
74688|행포
74689|문약
74690|산포시
74691|혜민국
74692|정원하다
74693|긴털
74694|부르고스
74695|제물로
74696|수조하다
74697|미싱하다
74698|박식
74699|깜짜기
74700|들썽들썽하다
74701|거러지
74702|이덕유
74703|폐과
74704|요잉
74705|도막도막
74706|연미
74707|오발되다
74708|몰각
74709|배려되다
74710|사이짓기
74711|배방
74712|잔학무도하다
74713|몽금포
74714|살림살이하다
74715|빼죽
74716|썽나다
74717|드세지다
74718|착가하다
74719|빗치
74720|교연
74721|조나
74722|아쿠아포닉스
74723|볼깡
74724|조객
74725|표모
74726|오역되다
74727|유만부동
74728|유술
74729|우강
74730|맹기
74731|아츰
74732|리무쟁
74733|짙붉다
74734|둔턱
74735|섭치
74736|안패
74737|사모스섬
74738|두런대다
74739|문송
74740|도시파다
74741|개문하다
74742|광피
74743|삘기
74744|흥업
74745|뻔쩍하다
74746|영효
74747|철벅대다
74748|삭둑
74749|쌍촌동
74750|검세
74751|모객하다
74752|공무도하가
74753|옥두어
74754|신집
74755|깔롱지다
74756|모리아크
74757|명분론
74758|현내
74759|삼죽
74760|대통합하다
74761|벙긋벙긋
74762|한국독립운동지혈사
74763|객리
74764|비올레르뒤크
74765|생생정보
74766|영사하다
74767|패찰
74768|덕석
74769|상정고금예문
74770|매치다
74771|개취하다
74772|애햄
74773|아장거리다
74774|피티유
74775|처변불경
74776|가삐
74777|큰아
74778|도적하다
74779|코주름
74780|가께
74781|톱다리개미허리노린재
74782|악덕하다
74783|늘푸른큰키나무
74784|희번덕대다
74785|옆눈질
74786|뮐루즈
74787|취집
74788|경풍
74789|몽하다
74790|봉대
74791|크럭스
74792|뚱땅뚱땅하다
74793|뙤다
74794|골몰
74795|진오
74796|증사
74797|액즙
74798|유니슨
74799|후텁지근
74800|미끄러짐
74801|경상비
74802|드라마화되다
74803|슈바르츠실트
74804|떼죽음하다
74805|소티
74806|팽월
74807|입멸하다
74808|융희
74809|불락
74810|멀티플라이어
74811|애니다
74812|신한청년당
74813|통솔되다
74814|사서하다
74815|동협
74816|류설
74817|우보
74818|모락거리다
74819|스카를라티
74820|을구
74821|산직
74822|자러
74823|절통하다
74824|험히
74825|하야
74826|죄악시되다
74827|근반
74828|들썽들썽
74829|관룡사
74830|험프
74831|물씬물씬
74832|디셉션
74833|통혼하다
74834|공작물
74835|뭉그적뭉그적
74836|후천
74837|카세인
74838|숨치다
74839|급박히
74840|막걸리다
74841|바이브레이팅
74842|유효적절하다
74843|몰아들다
74844|진렬
74845|구사되다
74846|요망스럽다
74847|공진화하다
74848|입방
74849|검찰하다
74850|개잖다
74851|도독도독
74852|코스파
74853|삼회장저고리
74854|과문하다
74855|성본
74856|미만하다
74857|시재
74858|비루스
74859|재연
74860|헌서
74861|국영화하다
74862|홍야홍야
74863|연박하다
74864|위험투성이
74865|당문
74866|빡하다
74867|에따
74868|드글거리다
74869|권두
74870|휴식터
74871|물굴젓
74872|바케쓰
74873|돌기하다
74874|관구검
74875|위변조되다
74876|묘제
74877|번위
74878|니커보커스
74879|담화하다
74880|본데없이
74881|옴니
74882|케쿨레
74883|모델테이너
74884|그단스크
74885|하르르
74886|피시스
74887|판이부사
74888|찌걱거리다
74889|스퀴브
74890|캥캥거리다
74891|팎
74892|둘러앉히다
74893|살캉살캉
74894|파르르하다
74895|퍼드득퍼드득
74896|치렁하다
74897|해서
74898|모실
74899|학수고대
74900|필림
74901|노란
74902|허물어트리다
74903|부척
74904|수노
74905|계족산성
74906|빤듯하다
74907|질루
74908|수강증
74909|혐의하다
74910|모서리지다
74911|호꼼
74912|캭캭거리다
74913|삼정이정절목
74914|뽀시락뽀시락
74915|착근
74916|방축
74917|저레
74918|해득
74919|홈스토랑
74920|꺄우뚱하다
74921|기대서다
74922|딱딱대다
74923|스타이렌
74924|상그럽다
74925|에이케이
74926|고롱고롱하다
74927|훈시하다
74928|훌러덩훌러덩
74929|라코니아
74930|익금
74931|불룩거리다
74932|잘코사니
74933|모야
74934|토감
74935|힐문
74936|나카쓰
74937|특장
74938|풍계
74939|우루시올
74940|열어제끼다
74941|덕포
74942|왼배지기
74943|모슬렘
74944|부섭
74945|연와
74946|조홧속
74947|추숭
74948|다체
74949|옹기장이
74950|박트리아
74951|비올
74952|번트하다
74953|분권화하다
74954|글짓기하다
74955|안도라
74956|친근성
74957|권안
74958|찬술하다
74959|들어붙다
74960|피아니시모
74961|카친족
74962|미마스
74963|선육
74964|바마
74965|공대하다
74966|차관하다
74967|바로사우루스
74968|열애하다
74969|핀수
74970|도투마리
74971|첨두
74972|철목
74973|귀대
74974|침독
74975|블로홀
74976|고본
74977|외탁하다
74978|끌탕
74979|환치되다
74980|호지다
74981|메스트르
74982|싸라락
74983|용솟다
74984|고죽
74985|훈증하다
74986|보랗다
74987|어양
74988|자답하다
74989|하피스트
74990|캐득
74991|숭앙
74992|켈레
74993|진감
74994|철퍼덕거리다
74995|박래
74996|법아
74997|속리
74998|일중하다
74999|간인
75000|효지
75001|양분화되다
75002|피트모스
75003|으스름
75004|빠스락
75005|일여
75006|너털다
75007|종살이하다
75008|해맞이하다
75009|건양
75010|당번하다
75011|원엽
75012|합공하다
75013|노쇄
75014|풀어먹다
75015|금암
75016|애틋이
75017|패터너
75018|그루핑
75019|갠트
75020|테비
75021|미방
75022|해찰
75023|빅다
75024|두타스테리드
75025|인간화하다
75026|송신소
75027|콜마르
75028|장왕
75029|칼루스
75030|판판히
75031|이성하다
75032|체들다
75033|본조
75034|손소
75035|꺼끌하다
75036|어화
75037|가닥가닥하다
75038|혈담
75039|잔파도
75040|개곡
75041|방응
75042|카스토레움
75043|목물
75044|바실러스
75045|윤덕영
75046|긍사
75047|콩당콩당
75048|일전하다
75049|일기다
75050|훈화하다
75051|중극
75052|접적
75053|초제
75054|새월
75055|오늬
75056|기남
75057|인세트
75058|두통
75059|감곡
75060|설설
75061|뻐스
75062|불조직지심체요절
75063|규토
75064|속전속결하다
75065|혈흉
75066|되가져가다
75067|내리박히다
75068|휴경
75069|빠삭거리다
75070|교초
75071|햇배추
75072|륭한
75073|효목
75074|이범윤
75075|국치
75076|합리하다
75077|아다마르
75078|마리아나
75079|숨탄것
75080|혼잣손
75081|망탱이
75082|출근부
75083|일러
75084|샤이르
75085|바림
75086|과아
75087|득시글득시글하다
75088|북궁
75089|미락
75090|프로그맨
75091|고무지우개
75092|원자화되다
75093|반호
75094|어찔어찔
75095|브로델
75096|왯
75097|다제
75098|호사롭다
75099|리니언시
75100|토색
75101|누벨
75102|선글래스
75103|본이
75104|캐니어닝
75105|쥐굴
75106|시네마토그래프
75107|준족
75108|타르콥스키
75109|쿵덕쿵
75110|미속
75111|줴
75112|모방되다
75113|겍
75114|자호
75115|시살하다
75116|무료입장하다
75117|고독함
75118|서회
75119|투고란
75120|폐경되다
75121|추도회
75122|이유하다
75123|둔거
75124|반증되다
75125|염천
75126|간키
75127|임관되다
75128|뭉기적거리다
75129|매초롬하다
75130|뿌득뿌득
75131|대론하다
75132|크다하다
75133|결사하다
75134|복상하다
75135|치병
75136|건네가다
75137|당착
75138|호농
75139|묘성
75140|주이다
75141|얼쩡얼쩡
75142|가사리
75143|채고
75144|몽톡하다
75145|종군
75146|등온
75147|어방
75148|과하마
75149|위복
75150|노처
75151|다박수염
75152|드비
75153|북독
75154|중족골
75155|빈장
75156|큰회색머리아비
75157|연갑
75158|우둔
75159|내중
75160|드로어즈
75161|채뜨리다
75162|칸자시
75163|달래
75164|디베랴
75165|루너
75166|옹스트롬
75167|회태
75168|토제
75169|안줏값
75170|방문턱
75171|당겨먹다
75172|이녀
75173|득신
75174|보르지아가
75175|파어
75176|위없다
75177|탄하다
75178|천진무구하다
75179|쇠뼈
75180|중일
75181|방울나무
75182|논저
75183|자코바이트
75184|재담
75185|스매싱하다
75186|서름서름하다
75187|무묘
75188|도찰하다
75189|납골하다
75190|을매
75191|율관
75192|과편
75193|무한정하다
75194|고짝
75195|캉가루
75196|배태되다
75197|애석히
75198|쥥
75199|우명
75200|장고잡이
75201|갈급
75202|죄입다
75203|꺄우뚱
75204|돌려치기
75205|약점투성이
75206|즉결하다
75207|셀리그먼
75208|클로델
75209|기걸
75210|송장헤엄치개
75211|모노머
75212|대칭하다
75213|관미성
75214|불고양이
75215|드레이퍼
75216|종패
75217|펫코노미
75218|부텐
75219|국으로
75220|심미
75221|포토몽타주
75222|평당
75223|코돌
75224|짭짭대다
75225|전드리다
75226|독법
75227|건무화과
75228|가숙
75229|책가
75230|아랫선
75231|바이스만
75232|어메이
75233|땅땅거리다
75234|카르복실산
75235|스파인
75236|종사되다
75237|로설
75238|된똥
75239|가공인물
75240|베르셀리우스
75241|욱욱
75242|큰손님
75243|가재이
75244|되사
75245|가황
75246|회자하다
75247|아프리칸스어
75248|곰뱅이
75249|쪼곰
75250|미너
75251|구르릉
75252|칭병
75253|퍼넬
75254|할아바이
75255|요한
75256|모앙
75257|구상도
75258|와음
75259|데너
75260|어덜키드
75261|상사뱀
75262|연가
75263|파원
75264|잠궈지다
75265|푹푹하다
75266|네꾸다이
75267|칠척장신
75268|인터럽트
75269|양성화되다
75270|벙하다
75271|꼬스다
75272|쓰라림
75273|물푸레
75274|가계비
75275|후량
75276|찌지다
75277|기변하다
75278|아데노이드
75279|기고
75280|눈빠다
75281|발렌키
75282|차동
75283|황린
75284|두리두리
75285|풍암
75286|집단화하다
75287|마뜩하다
75288|공테이프
75289|려구
75290|추설
75291|볼랑
75292|들매다
75293|들이박히다
75294|길경
75295|요합
75296|들나물
75297|카스트라토
75298|스티로폴
75299|글말
75300|믹스처
75301|간화
75302|라디오미터
75303|진풍
75304|곤혹하다
75305|정서하다
75306|송삼
75307|계량화되다
75308|연력
75309|약소
75310|종순
75311|기래
75312|애카다
75313|동벌
75314|요맛
75315|자허
75316|케르치
75317|메헬렌
75318|어긋하다
75319|찡그리
75320|생일잔치하다
75321|윤제
75322|친견
75323|백로그
75324|와식
75325|니부어
75326|양사오
75327|재야인사
75328|온고
75329|비아프라
75330|국간
75331|고랑포
75332|담시
75333|진소
75334|수문하시중
75335|호태왕
75336|혈마
75337|파이살
75338|이만큼
75339|빈타
75340|카시나
75341|문직
75342|답동
75343|야휴
75344|위력하다
75345|보디스
75346|행복상
75347|도치되다
75348|동냥질하다
75349|뭉실
75350|말아묵다
75351|여새
75352|건입동
75353|항강
75354|독수독과
75355|날쎄
75356|살적
75357|가름마
75358|새김질하다
75359|거대화되다
75360|길러다
75361|월형
75362|각이하다
75363|룩업
75364|아개
75365|막전
75366|절풍
75367|꺼끌거리다
75368|본신
75369|어릿하다
75370|웃자라다
75371|벼룻물
75372|조형되다
75373|벤담
75374|독군
75375|멘제
75376|서홍
75377|틀어짐
75378|스멀스멀하다
75379|크라스노다르
75380|가채점하다
75381|사하로프
75382|반다르아바스
75383|땡그랑땡그랑
75384|붐치
75385|반매
75386|글리산도
75387|일문일답하다
75388|고토바
75389|얄망궂다
75390|눈귀
75391|후다
75392|고정이
75393|둔치
75394|시니피앙
75395|책립
75396|북성동
75397|보부
75398|까르르까르르하다
75399|담원
75400|군사놀이
75401|내림하다
75402|재공
75403|중매업자
75404|부랑하다
75405|종무소식
75406|헤아리
75407|어석
75408|겸화
75409|극회
75410|혼모
75411|색도
75412|무책
75413|꼬린내
75414|동권
75415|열라
75416|비추이다
75417|백발백중하다
75418|헛힘
75419|단선되다
75420|저쭉
75421|꽤꼬리
75422|잗다랗다
75423|바짓바람
75424|곱닥하다
75425|발설되다
75426|리모주
75427|거터
75428|댓뎌구리
75429|조작극
75430|반쌍
75431|혐
75432|관진
75433|수매되다
75434|프롭테크
75435|실루리아기
75436|불참러
75437|둔
75438|사행하다
75439|석전
75440|육몽
75441|소세
75442|새뱅이
75443|토판
75444|복호
75445|시인되다
75446|열양세시기
75447|속잎
75448|전보하다
75449|호전하다
75450|걷어채다
75451|본데
75452|의연
75453|서후면
75454|만월
75455|부언하다
75456|찌매다
75457|싸돌아치다
75458|재구축되다
75459|영구성
75460|칙필
75461|항라
75462|파스파
75463|약감
75464|미방위
75465|잡찬
75466|미적미적거리다
75467|프레넬
75468|떠내보내다
75469|기담
75470|고티다
75471|포사다
75472|두랑고
75473|에루
75474|불개입
75475|봉문
75476|잘록
75477|향해
75478|재호
75479|사레들다
75480|짝지
75481|소그디아나
75482|탐측
75483|탁타
75484|아바카
75485|몰다우강
75486|조용조
75487|퍼드덕거리다
75488|가칠하다
75489|촉탁하다
75490|귤피
75491|겜스복
75492|아우러지다
75493|몬자라다
75494|원뜻
75495|뽀끄다
75496|차가
75497|편독하다
75498|위르뱅
75499|시축하다
75500|패용하다
75501|코데인
75502|무꼬
75503|양단되다
75504|검은무늬병
75505|유쾌히
75506|방카슈랑스
75507|고으다
75508|에렵다
75509|고백적
75510|완호지물
75511|부시럭대다
75512|디엘
75513|뚜루룩
75514|사피어
75515|할방이
75516|더께더께
75517|네자
75518|비눗갑
75519|흉사하다
75520|펄서
75521|타천하다
75522|엽색
75523|주뼛
75524|까시다
75525|운두
75526|인민예술가
75527|탐승하다
75528|바수
75529|귀때기
75530|돋보다
75531|개락
75532|고롷다
75533|일히다
75534|혜량
75535|개약
75536|벨루오리존치
75537|대그빡
75538|가줄
75539|정상하다
75540|트렌토
75541|뻐그러지다
75542|도식화되다
75543|박암
75544|밝힘증
75545|소설화
75546|클리닝하다
75547|등급화하다
75548|업셀링
75549|권귀
75550|조갯국
75551|다이싱
75552|꼬물대다
75553|충일
75554|오싹거리다
75555|야거
75556|봉와
75557|네이피어
75558|문명화하다
75559|쇼지
75560|항마
75561|금하
75562|타반
75563|메가테리움
75564|남복
75565|재흡수되다
75566|급병
75567|격방
75568|페라헤
75569|노래집
75570|역역
75571|안갖춘탈바꿈
75572|내러가다
75573|혈조
75574|패터닝
75575|하레하레
75576|다듬잇방망이
75577|어그라
75578|일일생활권
75579|사무량심
75580|허물리다
75581|주료
75582|덜커덩덜커덩
75583|지르보다
75584|잘디잘다
75585|얕디얕다
75586|옳제
75587|조죽
75588|오쟁이
75589|기필하다
75590|피직
75591|멱살잡이하다
75592|베티베르
75593|제멜바이스
75594|깨리다
75595|어우
75596|스와니강
75597|활연히
75598|개실
75599|커뮤터
75600|실구다
75601|도니다
75602|바이오필리아
75603|모아쓰다
75604|짤하다
75605|티엠
75606|짜르륵
75607|괭장히
75608|삼층집
75609|아래집
75610|웅구
75611|순번제
75612|낙천하다
75613|수체
75614|소류
75615|나라다보다
75616|혀짤배기
75617|측은
75618|교청
75619|허릿심
75620|송죽
75621|갈쿠리
75622|영위되다
75623|풍영
75624|죽세공품
75625|부림
75626|사취하다
75627|아적
75628|번두
75629|사블레
75630|손칼
75631|현씨
75632|노예화되다
75633|접시모양
75634|헛장사
75635|분홍바늘꽃
75636|가로채이다
75637|무루
75638|쩔렁쩔렁
75639|유충하다
75640|포제
75641|입촌
75642|퇴고
75643|분표
75644|후삼
75645|꼬리감는원숭이
75646|살라다
75647|수씨
75648|의림
75649|남해군청
75650|안희제
75651|레오노프
75652|오마니
75653|기테가
75654|몽매하다
75655|크산토필
75656|바가텔
75657|지여다
75658|체우
75659|강청
75660|모내기
75661|위양
75662|도호부사
75663|비이
75664|추화
75665|과기정통위
75666|하나미치
75667|궁자
75668|채납하다
75669|중앙검찰소
75670|도화원기
75671|체펠린
75672|끄잡다
75673|구상화
75674|담박
75675|샤이트
75676|브라자빌
75677|광지
75678|속계
75679|참살되다
75680|멘톨
75681|클로랄
75682|평행되다
75683|조로록
75684|에이알
75685|의붓형제
75686|명징
75687|북학
75688|쌩짜
75689|그린즈버러
75690|사자밥
75691|사르리
75692|채산
75693|제회
75694|살강
75695|산패하다
75696|사혼
75697|빼딱하다
75698|비름
75699|신라촌락문서
75700|별내면
75701|어두
75702|주류하다
75703|용틀임하다
75704|후집
75705|최이
75706|맷돌질하다
75707|두각
75708|이론화하다
75709|좌엽
75710|사회화하다
75711|송의
75712|식수하다
75713|강격
75714|협도
75715|지감
75716|소둔
75717|서기하다
75718|간대이
75719|작은개자리
75720|량피
75721|설시하다
75722|복수주의
75723|달가닥달가닥
75724|복명하다
75725|월력
75726|우스펜스키
75727|배란하다
75728|정영하다
75729|유들유들
75730|괼
75731|칼루아
75732|새초
75733|월록
75734|빠끔하다
75735|한대
75736|창신
75737|맥비
75738|후토
75739|충근
75740|노섬
75741|교양미
75742|당치다
75743|공예사
75744|부러
75745|차곡히
75746|파스나흐트
75747|일찍이
75748|파실
75749|아르한겔스크
75750|벗어부치다
75751|착다
75752|단삼
75753|퇴락
75754|로바쳅스키
75755|귀신같이
75756|설멍하다
75757|창직
75758|건어
75759|월홍
75760|기익
75761|널찍널찍
75762|본권
75763|흑돈
75764|림스키코르사코프
75765|썰썰
75766|찌른내
75767|삐딱삐딱하다
75768|다스림
75769|재결의하다
75770|농기
75771|테투안
75772|투합하다
75773|설식
75774|포크커틀릿
75775|중간되다
75776|역귀성하다
75777|노느매기
75778|단조로움
75779|놀음하다
75780|엑손
75781|기술대학
75782|매종
75783|숙세
75784|네일러
75785|실랏
75786|축도하다
75787|해열
75788|금포
75789|금훤
75790|형량하다
75791|무첨당
75792|와도
75793|어중띠다
75794|녹명
75795|설컹설컹
75796|할빠
75797|티메로살
75798|독제
75799|충렬
75800|프리패브
75801|관남
75802|빠락
75803|기연가미연가하다
75804|리얄
75805|려고
75806|가필하다
75807|양공
75808|삘리리
75809|일망타진되다
75810|위미
75811|선사되다
75812|렙턴
75813|꽁숫구멍
75814|선안
75815|호에이
75816|위닉
75817|악극
75818|크레오소트
75819|연디
75820|꿀꺽꿀꺽하다
75821|셈세다
75822|검은개
75823|아메리카나
75824|바라나다
75825|북대
75826|아목
75827|분문
75828|보고르
75829|헛방구
75830|에이지리스
75831|불룹다
75832|가슬
75833|포레스터
75834|시측
75835|제습하다
75836|봄나들이하다
75837|대맹이
75838|대쟁
75839|결자
75840|자면
75841|뻐끔히
75842|풍농
75843|까집다
75844|집행권원
75845|맥진하다
75846|찐덕찐덕하다
75847|신정하다
75848|청북
75849|기마경찰대
75850|비코
75851|너부데데하다
75852|미스트라
75853|콤팩트디스크
75854|이서
75855|데짝
75856|비브람
75857|쌩긋
75858|통실통실
75859|샤스
75860|주경야독하다
75861|이쪽
75862|태평스레
75863|박래품
75864|옥조
75865|대오다
75866|아마츄어
75867|문청
75868|직포
75869|전자화되다
75870|죔죔
75871|히히거리다
75872|엄동
75873|값없다
75874|차차웅
75875|피단
75876|빙빙이
75877|합죽
75878|지황
75879|꿈치
75880|가스코뉴
75881|십이지권
75882|간원하다
75883|의태하다
75884|조복
75885|중앙약심
75886|도까비
75887|공증되다
75888|허언하다
75889|경찰대원
75890|가르니에
75891|취다
75892|운화
75893|휴버먼
75894|원쑤
75895|한가득히
75896|송명
75897|헉스
75898|더퍽더퍽
75899|망제
75900|찬술
75901|설하멱
75902|벽동
75903|유해무익
75904|추곡
75905|감자풀
75906|갑북갑북
75907|뜻글자
75908|다이코
75909|훈요십조
75910|철환
75911|호이스트
75912|포방
75913|아롱이다롱이
75914|꿀단지
75915|아지다
75916|전객
75917|다의어
75918|노가
75919|생귀
75920|원활
75921|마끄다
75922|추영
75923|호밍
75924|기요
75925|청량리동
75926|오에이
75927|타지방
75928|애타하다
75929|서미
75930|지엄
75931|억척스레
75932|반두
75933|트르들로
75934|놈삐
75935|수연
75936|자속
75937|소제하다
75938|허기영
75939|가화
75940|전명
75941|에르미트
75942|조진
75943|미대
75944|뉴베드퍼드
75945|씨이다
75946|객구
75947|위헌하다
75948|기어하다
75949|고산리
75950|맹귀
75951|북제
75952|외고집
75953|남자손
75954|이앓이
75955|단건
75956|율전
75957|보두
75958|겨을
75959|연면히
75960|입쌀
75961|컴덱스
75962|경덕
75963|장심
75964|춘란
75965|핥이다
75966|열쇄
75967|성양
75968|장순하다
75969|강행군하다
75970|땔거리
75971|호선하다
75972|전합
75973|일렬횡대
75974|애검
75975|수군덕대다
75976|역인
75977|맹우
75978|싹수없이
75979|싸대다
75980|창고하다
75981|휴런호
75982|표내
75983|폭하다
75984|깨깟하다
75985|서태
75986|싹이다
75987|표연히
75988|특고압
75989|플리치
75990|백수오
75991|메가비피에스
75992|모니
75993|총람
75994|서증
75995|등촉
75996|행유여력
75997|상삼
75998|아이솔레이터
75999|혈토
76000|멸고
76001|투고
76002|호강이
76003|꼬에다
76004|봉미
76005|쿠즈네츠
76006|거치적대다
76007|소줏집
76008|상각하다
76009|월께
76010|꼬들빼기
76011|거대
76012|궁가
76013|바나나브레드
76014|그그제
76015|차가다
76016|꽹
76017|간데없이
76018|락토오스
76019|탁견
76020|흰줄납줄개
76021|조희룡
76022|원설
76023|탈황
76024|석연
76025|톱니
76026|조마구
76027|우사기
76028|에헤요
76029|암귀
76030|종일하다
76031|조병하다
76032|밀행
76033|점봉
76034|딩굴
76035|머릿밑
76036|노르만족
76037|태허
76038|에그몬트
76039|눈어림
76040|현좌
76041|자린
76042|좋아지내다
76043|소확횡
76044|음독자살하다
76045|개황
76046|묘법연화경
76047|끄륵
76048|속악하다
76049|역류되다
76050|다회
76051|케토프로펜
76052|담방
76053|페닐렌디아민
76054|한라초
76055|차박차박
76056|풍화하다
76057|홍점알락나비
76058|경뇌유
76059|견진
76060|야뇨
76061|암나사
76062|간대다
76063|허덕대다
76064|베어울프
76065|카나카
76066|빚투성이
76067|양춘
76068|이면수
76069|리소좀
76070|수호되다
76071|사충
76072|퍼랭이
76073|아난타
76074|만원
76075|얼스터
76076|난독
76077|항사
76078|특품
76079|감삼동
76080|빼쓰다
76081|납죽하다
76082|달그락달그락하다
76083|내식
76084|입지하다
76085|억다
76086|이격하다
76087|소매하다
76088|민무
76089|쑤구리다
76090|에스오
76091|맨더빌
76092|피슈
76093|할롱
76094|착탄
76095|이악하다
76096|노랑미친개미
76097|갯메꽃
76098|로돕신
76099|공류
76100|탑동초
76101|시시시
76102|염포
76103|경화하다
76104|시에프
76105|보팔
76106|영치하다
76107|신발이
76108|서무실
76109|미차
76110|자지다
76111|제품하다
76112|잎줄기채소
76113|검은딸기
76114|신군
76115|매슥거리다
76116|후두둑후두둑
76117|베를렌
76118|팔짝거리다
76119|작업선
76120|자분참
76121|나음
76122|물집투성이
76123|축첩
76124|우러러보이다
76125|안비
76126|밀롱가
76127|그르니까
76128|표암
76129|너울대다
76130|찔꺽거리다
76131|알랑알랑
76132|다산하다
76133|불쌍히다
76134|솔연
76135|작창
76136|가굽다
76137|약주하다
76138|중려
76139|소미하다
76140|때롱
76141|보유되다
76142|노에다
76143|세브르
76144|꺼메지다
76145|내리오다
76146|성망
76147|형지
76148|어환
76149|부적하다
76150|살몽
76151|방빙
76152|복처
76153|에스커
76154|후흐
76155|로진
76156|개프
76157|적반
76158|클라우제비츠
76159|주연
76160|쌍영총
76161|꺼칠꺼칠
76162|선한
76163|다퉁
76164|즐
76165|광성진
76166|화족
76167|장진
76168|머미
76169|놀불다
76170|에비에이터
76171|분절적
76172|끊어뜨리다
76173|보혁
76174|두줄베도라치
76175|내밀
76176|서호
76177|복위되다
76178|탁족
76179|향동
76180|답응
76181|산디니스타
76182|뇨자
76183|카빈총
76184|호까
76185|김윤겸
76186|노임
76187|깐짜나부리
76188|천향
76189|옥과
76190|막중
76191|윤활하다
76192|떠넘다
76193|내전하다
76194|어사무사하다
76195|유종지미
76196|밥상보
76197|복명
76198|린리
76199|후줄근히
76200|두운
76201|편물
76202|책립하다
76203|가리산
76204|무지러지다
76205|서석
76206|따닥거리다
76207|순결무구하다
76208|시청실
76209|홍루
76210|터보제트
76211|야적
76212|부테
76213|상간하다
76214|추함
76215|싯다
76216|국반
76217|노레다
76218|성추
76219|맹신론자
76220|띵띵하다
76221|비프로스트
76222|권도
76223|벼락대신
76224|아지마
76225|바실리우스
76226|승적
76227|부푸러기
76228|변격
76229|으스름하다
76230|몰하다
76231|되알지다
76232|다다닥다다닥
76233|뉴로마케팅
76234|운리
76235|남서울대
76236|슈겐도
76237|급송
76238|택진
76239|인관
76240|중해
76241|영사되다
76242|질르다
76243|싸구리
76244|왁서
76245|능직
76246|프랑슘
76247|갸우뚱갸우뚱하다
76248|내쉬빌
76249|장생포동
76250|부셸
76251|쭈절대다
76252|새큼
76253|불비
76254|생병
76255|비트리
76256|끽연
76257|난반사되다
76258|악랄
76259|샘위
76260|램제트
76261|백계
76262|준영
76263|깐족깐족하다
76264|드방
76265|관령
76266|편복
76267|출총제
76268|환용하다
76269|동민
76270|과일하다
76271|엽낭게
76272|봉정
76273|감식되다
76274|엔도솜
76275|결착되다
76276|원주필
76277|부르륵
76278|가감
76279|블로잉
76280|소드테일
76281|덕동
76282|탁발승
76283|등피
76284|보수계
76285|철렴
76286|환상선
76287|결시
76288|돌죽
76289|탯거리
76290|추보
76291|트리티케일
76292|바꿉다
76293|계반
76294|래스키
76295|팟캐스팅
76296|워시보드
76297|상질
76298|시타르
76299|곤디
76300|비릿
76301|클래드
76302|육종하다
76303|내삐리다
76304|가욋일
76305|촉구되다
76306|껌정
76307|개욕
76308|읍치
76309|터키시앙고라
76310|숙속
76311|대국화
76312|부민
76313|메치
76314|선캄브리아대
76315|엄청스레
76316|딜문
76317|손오
76318|일욜
76319|복대하다
76320|양실
76321|킹킹거리다
76322|가타카
76323|죽물
76324|샤트
76325|와어
76326|따꼼하다
76327|수디가다
76328|크리프
76329|몰팅
76330|집조
76331|푸다닥
76332|콸콸거리다
76333|찌크
76334|저회
76335|건고
76336|율란
76337|응감
76338|소팅
76339|분어
76340|신숭겸
76341|미복귀하다
76342|철불
76343|위연
76344|색각
76345|약호
76346|분단하다
76347|오스테오칼신
76348|종남산
76349|만사형통하다
76350|대농장주
76351|으르대다
76352|상막하다
76353|배고동
76354|설도
76355|무단장
76356|예술학과
76357|디아망
76358|펠티에
76359|다이어몬드
76360|교향
76361|때애
76362|필독하다
76363|오야오야
76364|쾌유되다
76365|검은혀
76366|두개
76367|남소
76368|쌔비
76369|화태
76370|덜컥대다
76371|귀저
76372|머릿발
76373|늘쩍지근하다
76374|떡시루
76375|달짝하다
76376|이뻐다
76377|해봉
76378|투수하다
76379|고짜
76380|코넷
76381|온토
76382|동실동실
76383|박학하다
76384|우점
76385|가매장
76386|나또다
76387|진짓상
76388|맨송맨송하다
76389|류제
76390|오톰
76391|높직이
76392|설연타
76393|참시하다
76394|막되다
76395|오버올
76396|다내
76397|무변
76398|집콕러
76399|헤론
76400|일서
76401|기후예측
76402|재매각하다
76403|예입
76404|호록호록
76405|무논
76406|다스다
76407|야율아보기
76408|잉다
76409|규안
76410|초절임
76411|볼차노
76412|종횡하다
76413|바닥바닥
76414|벨로체
76415|애양
76416|겨르다
76417|티샤쓰
76418|장오
76419|벌채되다
76420|세상없이
76421|미괄식
76422|거멍
76423|구드룬
76424|아우아우
76425|근역서화징
76426|매표구
76427|임기하다
76428|몯
76429|미적미적하다
76430|산융
76431|루르
76432|좌치
76433|라이언록
76434|암화
76435|스트레이너
76436|지식욕
76437|입경하다
76438|간지다
76439|꾸뻑하다
76440|갈바니즘
76441|그처
76442|재합성하다
76443|풍욕
76444|탐랑
76445|패임
76446|게레눅
76447|별단
76448|부박하다
76449|사명당
76450|교대되다
76451|가예
76452|재매입하다
76453|이상으로
76454|서간문
76455|군총
76456|불긴하다
76457|찰싹하다
76458|일녀
76459|뎅겅뎅겅
76460|동파하다
76461|일부종사하다
76462|부설하다
76463|다운폴
76464|전운하다
76465|총희
76466|액취증
76467|봄노래
76468|흑천
76469|귀양살이하다
76470|제초하다
76471|비슬비슬
76472|제월
76473|여유작작하다
76474|연월일시
76475|푸크시아
76476|폰테인
76477|코같다
76478|마가리
76479|후기
76480|예의염치
76481|악평하다
76482|산택
76483|마동
76484|영달하다
76485|애기방
76486|간색
76487|이귀
76488|현삼
76489|요종
76490|삭막
76491|송덕비
76492|필연코
76493|노루즈
76494|초원지
76495|환각하다
76496|소망되다
76497|서방질하다
76498|뷜로
76499|케나
76500|성무선악설
76501|효운
76502|갸우뚱갸우뚱
76503|영북
76504|볼치
76505|일통하다
76506|씨눈
76507|판노니아
76508|충직
76509|답답히
76510|코리다
76511|호격
76512|돌팔매질하다
76513|박태
76514|홍광
76515|홍치
76516|투지
76517|선점되다
76518|황건
76519|합당되다
76520|키쿠유족
76521|온역
76522|말은
76523|민족의상
76524|페양
76525|쿼드콥터
76526|보에
76527|비티엘
76528|친척지간
76529|양세
76530|패럴렐
76531|야체
76532|까스르다
76533|신중론자
76534|절그렁절그렁
76535|파훼
76536|표변
76537|강희
76538|민아
76539|의조
76540|탑새기
76541|공순하다
76542|존장
76543|떠오다
76544|촉박
76545|훌쭉하다
76546|해죽해죽
76547|야지디족
76548|규찰하다
76549|전속하다
76550|영귀
76551|오누
76552|게르만
76553|새금하다
76554|폐륜
76555|사려물다
76556|줄소환하다
76557|한강
76558|폭심
76559|무각
76560|수예품
76561|까꾸리
76562|수북수북
76563|재출발하다
76564|외삽
76565|행짜
76566|뽈똑
76567|카포트
76568|씨근덕대다
76569|게라르디니
76570|코뮈니케
76571|틈입하다
76572|지노위
76573|즉문즉답
76574|아랫동
76575|우룬디
76576|추악
76577|우지직거리다
76578|띵반
76579|외보
76580|흉근
76581|무변하다
76582|겨잣잎
76583|악양
76584|후둑
76585|발심하다
76586|딸랑딸랑거리다
76587|도련
76588|꽃모자
76589|깡총거리다
76590|중상하다
76591|노고지리
76592|염치
76593|비충
76594|이에
76595|경쟁지
76596|온대림
76597|임존성
76598|추고하다
76599|선큰
76600|장삿집
76601|레마르크
76602|진관
76603|디지트
76604|탈격
76605|애민
76606|끊치다
76607|비스터
76608|봄어리표범나비
76609|어물쩍거리다
76610|지룽
76611|취켓팅
76612|갠소하다
76613|마페이
76614|꺼슬꺼슬하다
76615|숙암
76616|히야
76617|과적하다
76618|착화하다
76619|폴레폴레
76620|납징
76621|전기대
76622|크레이들
76623|따가닥따가닥
76624|부월
76625|양역
76626|리해하다
76627|충란
76628|홍우
76629|홀스트
76630|타실리나제르
76631|귀돌
76632|제성하다
76633|입파
76634|졸망이
76635|물구
76636|누덕누덕하다
76637|각골난망
76638|추어주다
76639|대전환하다
76640|홀시
76641|원앙새
76642|권중
76643|지금내다
76644|기호지세
76645|스랍
76646|목이
76647|질질거리다
76648|화들짝하다
76649|커포티
76650|측실
76651|필산
76652|몽몽하다
76653|현대풍
76654|육불화황
76655|아작거리다
76656|리쉬
76657|능력하다
76658|버블링
76659|분압
76660|깉다
76661|듣기다
76662|만관
76663|가계약하다
76664|그라펜
76665|지옥살이
76666|예불하다
76667|암코양이
76668|민익
76669|래티스
76670|묶어나다
76671|투실하다
76672|낙착되다
76673|도미에
76674|웃도리
76675|평리
76676|글루코시놀레이트
76677|비써다
76678|목원초
76679|뒷밭
76680|오르차타
76681|고추다
76682|초령
76683|미숙성
76684|정어
76685|할증하다
76686|채화하다
76687|까마구
76688|절벅거리다
76689|야스리
76690|팽크허스트
76691|인건
76692|송경
76693|겨론
76694|짠디
76695|또바기
76696|성부르다
76697|데번에
76698|장에
76699|선들선들
76700|감싸들다
76701|속행되다
76702|크라우칭
76703|청머리오리
76704|당송
76705|째즈
76706|행림
76707|과소하다
76708|점고
76709|혹독히
76710|치음
76711|바르바로사
76712|신신하다
76713|홀론
76714|실로시빈
76715|뇌터
76716|케이디
76717|근작
76718|빠던
76719|골로새
76720|세그
76721|심퉁이
76722|흡습
76723|풋라이트
76724|좀도둑질하다
76725|호들갑스레
76726|여일하다
76727|합곡
76728|안보하다
76729|리시브하다
76730|익현
76731|송거
76732|수작질하다
76733|패검하다
76734|모살
76735|다부치다
76736|헛생각
76737|유순
76738|작용시키다
76739|호해
76740|러플
76741|필격
76742|천천하다
76743|허랑하다
76744|즉심
76745|목지
76746|보이어리즘
76747|젼
76748|맥스터
76749|추렴하다
76750|효명
76751|결곡하다
76752|법요
76753|면앙정
76754|워떻다
76755|매출하다
76756|알치
76757|차원수
76758|둥실둥실하다
76759|바짓부리
76760|외래
76761|심급
76762|간결성
76763|세는나이
76764|허창
76765|도다
76766|수구리다
76767|잔심부름하다
76768|영탑
76769|소색
76770|여격
76771|블룩
76772|태묘
76773|그라베
76774|대말타기
76775|녹진녹진
76776|집중지도
76777|가보르
76778|되읽다
76779|하림하다
76780|치마자락
76781|투닥대다
76782|오토만
76783|현풍
76784|격력
76785|피브로인
76786|퀴렐
76787|박타다
76788|비베다
76789|여하다
76790|청재
76791|깨갱대다
76792|비약되다
76793|부핵
76794|뉴런던
76795|지성껏
76796|푸슬푸슬
76797|다항
76798|훔퍼딩크
76799|출아
76800|뻐대다
76801|근내
76802|염이
76803|사진결혼하다
76804|동추
76805|푸슬푸슬하다
76806|외항선
76807|의항
76808|흉인
76809|횟배
76810|큰아부지
76811|헌당
76812|스코어북
76813|스케트
76814|벼라별
76815|브랜드화되다
76816|아복
76817|문터
76818|덧보태다
76819|락타아제
76820|과찬하다
76821|입명
76822|트랜스폰더
76823|왕개구리
76824|막치
76825|글루칸
76826|어령
76827|애장하다
76828|냉파
76829|돈질하다
76830|시니피에
76831|낙형
76832|법왕
76833|주흥
76834|배명
76835|언더팬츠
76836|부딪침
76837|브레턴우즈
76838|아바야
76839|꽁댕이
76840|감정되다
76841|씁씁하다
76842|살매
76843|각설하다
76844|바깥채
76845|감침질
76846|목곽
76847|데카르
76848|형적
76849|부디부디
76850|운우
76851|융해되다
76852|주피
76853|인명하다
76854|입주댕이
76855|색전
76856|김책
76857|현출하다
76858|현대병
76859|윤유
76860|추존되다
76861|직도
76862|횡횡하다
76863|상혼
76864|작두질
76865|공삼
76866|개총
76867|슴새
76868|산왕대신
76869|괴병
76870|재검표하다
76871|찰리다
76872|퍼드덕
76873|미분화되다
76874|도각
76875|빠닥빠닥
76876|찌르개
76877|노령화되다
76878|오훈
76879|한궈런
76880|즙청
76881|재자리
76882|출장나다
76883|뻥끗거리다
76884|나라돈
76885|리미니
76886|길안
76887|초읍
76888|구리미
76889|굴라크
76890|옝
76891|구은하다
76892|헤리퍼드
76893|청더
76894|금도금하다
76895|에스트라디올
76896|유리방황하다
76897|합종연횡하다
76898|어정
76899|좌변
76900|왕팔이
76901|약간하다
76902|피브린
76903|요구자
76904|내어던지다
76905|와스스
76906|금병매
76907|똑띡이
76908|꾸뻑
76909|융합핵
76910|쩔렁거리다
76911|청다리도요
76912|수폭
76913|찰캉
76914|탕볶밥
76915|모표
76916|가래치다
76917|이에스시
76918|환향하다
76919|실생
76920|멸강나방
76921|붕궤
76922|방싯
76923|이자나미
76924|되비치다
76925|우옥
76926|조율이시
76927|태음
76928|시호로
76929|향회
76930|뻥하다
76931|석포
76932|아포스트로피
76933|할로페리돌
76934|캘리포니아만
76935|디티
76936|부판
76937|에쿠
76938|자리짜기
76939|임오
76940|건염
76941|보끔
76942|왕업
76943|아연히
76944|봉행되다
76945|두절하다
76946|주그
76947|테트라사이클린
76948|카뷰레터
76949|빈뇨
76950|봉랍
76951|법제하다
76952|주선되다
76953|네오소울
76954|불방
76955|원예사
76956|번득이다
76957|푼주
76958|단각
76959|디오프
76960|대오리
76961|테라플롭스
76962|피알
76963|고릿하다
76964|봉툿값
76965|신리
76966|옹이투성이
76967|하서
76968|끄떡이다
76969|에오
76970|좌방
76971|개작다
76972|자르르하다
76973|프리체
76974|계단돌
76975|솔섬
76976|풍비박산하다
76977|이사벨라섬
76978|팔목시계
76979|차렵
76980|주련
76981|버팀벽
76982|체심
76983|프렌드쇼어링
76984|사고무탁하다
76985|염
76986|정리정돈되다
76987|애고
76988|업게
76989|피우피우
76990|소쩍소쩍
76991|노반
76992|단고
76993|전아하다
76994|교체기
76995|유중
76996|흡충
76997|세륨
76998|닭공장
76999|신조형주의
77000|배근
77001|도평
77002|견습하다
77003|격검
77004|도설
77005|셰러턴
77006|끔뻑이다
77007|병꽃나무
77008|얼크러지다
77009|하학하다
77010|절색
77011|갉죽거리다
77012|아헨
77013|희나리
77014|그림제
77015|두더쥐
77016|반장갑
77017|마과회통
77018|정차다
77019|압사되다
77020|헛들다
77021|특이점주의자
77022|검호
77023|구쁘다
77024|괴망하다
77025|함씨
77026|덧셈하다
77027|폐원되다
77028|국양
77029|모라스
77030|페이퍼리스
77031|우투좌타
77032|가을걷이하다
77033|협착하다
77034|길쌈하다
77035|어피니티
77036|나바테아
77037|더럭더럭
77038|양토
77039|글린카
77040|카라지치
77041|꺼벙하다
77042|불이나게
77043|칼미아
77044|방벌하다
77045|함사
77046|천하없이
77047|민간기
77048|집일
77049|계획도
77050|본척만척하다
77051|종댕이
77052|착근하다
77053|비텔리우스
77054|홍예
77055|복제기
77056|롬곡
77057|각배
77058|배고푸다
77059|귀염성스럽다
77060|차곡차곡하다
77061|등근
77062|가니메데스
77063|광역화하다
77064|직상
77065|도항
77066|쟁위
77067|돔비
77068|집금
77069|착안되다
77070|스테잉
77071|상체하다
77072|빈핍하다
77073|오고우에강
77074|하마터먼
77075|은현
77076|정반
77077|보레아스
77078|비정형화되다
77079|왜우다
77080|고등엇과
77081|병안
77082|메커니컬
77083|한덕
77084|다름슈타트
77085|출납하다
77086|조약하다
77087|각장
77088|당년
77089|엄교
77090|세속화하다
77091|피커딜리
77092|동안거
77093|형전
77094|우만동
77095|웃물
77096|초평
77097|북망
77098|지성스럽다
77099|주감
77100|박상하다
77101|휘스
77102|마건충
77103|액흔
77104|서술문
77105|오황
77106|추존하다
77107|양두
77108|갑두
77109|무소불위하다
77110|돌파리
77111|마쓰에
77112|우단
77113|도서대
77114|환절
77115|기천
77116|뽀득하다
77117|절판하다
77118|참기다
77119|아드득
77120|퉁탕
77121|적자투성이
77122|시컴하다
77123|추달
77124|멜레
77125|장목
77126|역질문하다
77127|미라이토와
77128|봉일천
77129|분동
77130|베이스팅
77131|카시다
77132|풍덩거리다
77133|슬푸다
77134|질깃질깃하다
77135|협사
77136|화표
77137|케메로보
77138|옥마
77139|노닐페놀
77140|향학열
77141|로얄패밀리
77142|마스키
77143|해죽거리다
77144|톨루카
77145|키르슈
77146|휘영청하다
77147|상신하다
77148|자중자애하다
77149|스노드롭
77150|홍암
77151|폐문
77152|조임새
77153|불비불명
77154|옹동
77155|류학생
77156|본댁
77157|하각
77158|금신
77159|권의
77160|개판하다
77161|이아손
77162|장본
77163|착오하다
77164|수태되다
77165|앙가주망
77166|건피
77167|필벌
77168|망울망울
77169|해포
77170|엘바섬
77171|오들거리다
77172|글자크기
77173|인터리그
77174|권무
77175|진직
77176|기키다
77177|패러럴
77178|호통하다
77179|이머
77180|춘덕산
77181|추접다
77182|글로벌리즘
77183|멀티콥터
77184|진선
77185|삷
77186|천학
77187|블랭
77188|출혈하다
77189|매클루언
77190|프로빙
77191|경조부박하다
77192|불긋하다
77193|명만
77194|사생결단하다
77195|간지럽
77196|에어레이션
77197|채신머리
77198|거화
77199|보로딘
77200|개세
77201|좌천하다
77202|돔브라
77203|트릿하다
77204|합부
77205|경준
77206|가르델
77207|고월
77208|가맥
77209|떠름하다
77210|용공
77211|업치다
77212|노지
77213|파이어네이도
77214|맞겨루다
77215|발칵발칵
77216|섭수
77217|토악질하다
77218|스멀대다
77219|창군
77220|해빙되다
77221|오덕후
77222|실독증
77223|능내리
77224|사위
77225|듣다못하다
77226|베니션
77227|갯돌
77228|평측
77229|내리뻗다
77230|아국
77231|어그러트리다
77232|후이다
77233|밝은이
77234|참칭
77235|알암
77236|뚝딱이다
77237|충혼
77238|완갑
77239|수지하다
77240|주손
77241|안받음
77242|침봉
77243|완행버스
77244|마룻대
77245|단례
77246|외토리
77247|사에
77248|아래사람
77249|역조공하다
77250|농화
77251|뽀이다
77252|버글버글
77253|맥락화되다
77254|베트민
77255|어반하다
77256|귀착
77257|한창
77258|레가토
77259|과작
77260|낙천되다
77261|백한
77262|다세
77263|스톡스
77264|집살이
77265|황준헌
77266|강노
77267|턴키
77268|무산하다
77269|하나같이
77270|땅치
77271|동평
77272|임파워먼트
77273|도모되다
77274|카드모스
77275|후라노
77276|종전되다
77277|몸짓하다
77278|건감
77279|퍼더버리다
77280|규찰
77281|쪽바리
77282|계층화되다
77283|사실하다
77284|안막
77285|뒤프레
77286|스카이훅
77287|민감히
77288|봉우
77289|쇤바인
77290|탄주
77291|서성서성
77292|녀인
77293|클로로폼
77294|어심
77295|한노
77296|땅크
77297|헤켈
77298|벼룻집
77299|꼼지락꼼지락하다
77300|중혼
77301|전면화하다
77302|서봉
77303|다르질링
77304|분철하다
77305|밭장다리
77306|부르걷다
77307|시극
77308|파성
77309|포흠
77310|학지광
77311|급정차하다
77312|감시선
77313|닉넴
77314|두면
77315|모게
77316|침체기
77317|훈민정음해례본
77318|말토덱스트린
77319|아자미
77320|세수
77321|월색
77322|흙장난하다
77323|뻔데기
77324|굽실굽실하다
77325|배금주의
77326|씰다
77327|콜레주
77328|돌리주다
77329|폐합
77330|한려
77331|궁기
77332|푸셔
77333|김명순
77334|찰랑이다
77335|꼬장꼬장
77336|세인트존
77337|대물리다
77338|해람
77339|기차간
77340|효원초
77341|일치점
77342|몰사
77343|종전하다
77344|호복
77345|노노하다
77346|윤작
77347|가마치
77348|더웁다
77349|규우
77350|목리
77351|계저
77352|마관
77353|패퇴되다
77354|축양
77355|진휼
77356|봉도
77357|회양
77358|사언
77359|고앙
77360|산남
77361|오서독스
77362|간략화되다
77363|어군
77364|쥐불놓이
77365|병구완하다
77366|짤그락
77367|생산재
77368|내리쳐보다
77369|꼬래비
77370|양난
77371|억원하다
77372|현사
77373|표우
77374|일상
77375|운향
77376|호계
77377|연영
77378|보꾹
77379|꽃등
77380|내뻗치다
77381|일명하다
77382|아까참
77383|메티오닌
77384|프리롤
77385|허국
77386|검산하다
77387|그슨새
77388|냉연
77389|검초
77390|능수
77391|세아리다
77392|맨두
77393|철패
77394|재털이
77395|츠비카우
77396|쉬면
77397|공성하다
77398|선몽
77399|씨엠
77400|로트바일러
77401|눈퉁이
77402|모회
77403|차고앉다
77404|안학궁
77405|쿠시다
77406|껍데
77407|댕기물떼새
77408|추가분
77409|트리하다
77410|되치다
77411|평내동
77412|매맷값
77413|메꾸리
77414|가입서
77415|두아디라
77416|서르
77417|샤프하우젠
77418|까랑
77419|일생토록
77420|꼬불탕하다
77421|모월
77422|어분
77423|소엽
77424|치로
77425|떠다밀리다
77426|흑묘백묘론
77427|좌창
77428|축언하다
77429|광곽
77430|수오미
77431|등품
77432|흑풍
77433|다려오다
77434|아가이
77435|량이
77436|당계
77437|회감
77438|비종
77439|내두다
77440|피지다
77441|기등
77442|아르시
77443|동우
77444|라눙쿨루스
77445|남획되다
77446|헴프
77447|주먹가위
77448|아디티
77449|황염
77450|독로화
77451|절뚝대다
77452|푸짐히
77453|객인
77454|규후
77455|청신하다
77456|축머리
77457|분벽
77458|엘시시
77459|북안
77460|피미
77461|날비
77462|중앙대학
77463|돈박
77464|강안
77465|사상단체
77466|꿘
77467|응제
77468|취주
77469|디컴프레션
77470|전학련
77471|참나무통
77472|검도하다
77473|까막거리다
77474|빈크리스틴
77475|땍땍
77476|아득바득하다
77477|반리
77478|희유
77479|진내
77480|조잡
77481|잿간
77482|콤퓨터
77483|첨세병
77484|틸틸
77485|채전
77486|석산
77487|블레오마이신
77488|도지
77489|꼲다
77490|타페텀
77491|구굴
77492|앵그르
77493|나국
77494|패션화되다
77495|중재인
77496|탄대
77497|내월
77498|모탕
77499|엥기다
77500|서프러제트
77501|나입
77502|프로키온
77503|엉엉하다
77504|과일단물
77505|퀸즐랜드주
77506|뚱그렇다
77507|계진
77508|보이싱
77509|흉내다
77510|득시글득시글
77511|인터칼레이션
77512|아이슬러
77513|애바르다
77514|콘셉시온
77515|쪽다리
77516|코호몰로지
77517|쑤군대다
77518|자동기술법
77519|탈놀음
77520|까딱없이
77521|정원제
77522|정갈스럽다
77523|덧쌓이다
77524|지오스민
77525|라투르
77526|학무
77527|목욕재계하다
77528|졸르다
77529|카라코룸
77530|브로컬리
77531|클로이스터
77532|홍계월전
77533|차유
77534|서푼
77535|경보기
77536|줗다
77537|표기대장군
77538|반속
77539|결가
77540|부실부실하다
77541|소진공
77542|쿵더쿵쿵더쿵
77543|폰토스
77544|어지롭다
77545|충충
77546|린군
77547|임밍아웃
77548|플레이바
77549|봉건주의
77550|플라스미드
77551|주네브
77552|슴벅거리다
77553|목궁
77554|하울하다
77555|큐이
77556|배례하다
77557|쏙닥거리다
77558|온이
77559|반타작하다
77560|매조
77561|야잘알
77562|조립
77563|깐지다
77564|카운셀링
77565|뒤죽
77566|은계
77567|문질리다
77568|불가결
77569|땃땃하다
77570|무굴
77571|카라코람
77572|예저
77573|출현되다
77574|클로로필
77575|아릿아릿
77576|담치기하다
77577|유형무형
77578|섭생
77579|응찰
77580|매우
77581|발발대다
77582|치러
77583|방긋하다
77584|흑선
77585|펠로폰네소스반도
77586|엠알아이
77587|역원
77588|씨근씨근
77589|밤껍질
77590|우등상장
77591|실답다
77592|노정하다
77593|노돈
77594|안고다
77595|강백
77596|나가자빠지다
77597|허니머스터드소스
77598|돈돈하다
77599|에어라이트
77600|산격동
77601|발시다
77602|마목
77603|대칙
77604|겉핥기하다
77605|행록
77606|피레네산맥
77607|쌍용초
77608|홀시어머니
77609|일신우일신
77610|듯이
77611|청와
77612|꺼뭇꺼뭇하다
77613|덜걱덜걱
77614|잡기하다
77615|허연색
77616|코트다쥐르
77617|옴팍
77618|재진출하다
77619|통분하다
77620|달문
77621|껍다구
77622|대확행
77623|사뿐사뿐하다
77624|위서
77625|각재기
77626|몽탕
77627|오산하다
77628|심등
77629|윗실
77630|스타티스
77631|참식나무
77632|진소리
77633|고답적
77634|파계
77635|친림하다
77636|외정
77637|투시되다
77638|쪼랭이
77639|트렁크스
77640|빗맞추다
77641|딩굴다
77642|피히테
77643|운철
77644|쥐메이
77645|증속
77646|혼차
77647|식파라치
77648|늦추위
77649|디니다
77650|히프다
77651|상탕
77652|향사
77653|충만되다
77654|긴소리
77655|재시공되다
77656|익군
77657|치독하다
77658|스누드
77659|화남
77660|헌상
77661|살라트
77662|문증
77663|속미인곡
77664|우지끈거리다
77665|흠나다
77666|나이층
77667|암거
77668|암수한몸
77669|거암
77670|상모솔새
77671|재잘재잘하다
77672|감탄형
77673|생피
77674|틈막이
77675|공권
77676|형소
77677|삐뚤이
77678|홋쿠
77679|타나그라
77680|흉행
77681|흑갈
77682|우묵
77683|석지
77684|니코스
77685|내흔들다
77686|뒤피
77687|불불불
77688|반력
77689|배태하다
77690|아즈텍족
77691|개풍
77692|공학하다
77693|사이트
77694|빈둥빈둥하다
77695|춘수
77696|바지런
77697|령도
77698|밀레도
77699|명확화
77700|모여오다
77701|신언
77702|멍석말이하다
77703|추체험하다
77704|대경실색
77705|오드득
77706|라이네케
77707|예하다
77708|종민
77709|해즐릿
77710|기격
77711|건태
77712|화도
77713|오가
77714|스키머
77715|쾌속하다
77716|연역하다
77717|번드레하다
77718|꺼실꺼실
77719|까만콩
77720|명란밥
77721|이기하다
77722|따도남
77723|식스시그마
77724|유전스
77725|고을나
77726|갈조
77727|빼꼭히
77728|집구하다
77729|능호
77730|구두칼
77731|욋가지
77732|저지다
77733|미절
77734|벵신
77735|트랜잭션
77736|티몰
77737|쇼군
77738|황인정
77739|기감
77740|직명
77741|선약하다
77742|아폴로니우스
77743|모울
77744|엉디
77745|학예
77746|피델리오
77747|글루타티온
77748|독재화되다
77749|숭모하다
77750|퇴병하다
77751|궁궁
77752|미술원
77753|좌불안석하다
77754|두해살이
77755|알개다
77756|농남
77757|재교부하다
77758|지글대다
77759|페킨파
77760|지수형
77761|유재
77762|고얌
77763|심광하다
77764|개악하다
77765|키나
77766|훈려
77767|송수
77768|개운
77769|왜군
77770|용뉴
77771|철컹대다
77772|공급제
77773|훈독
77774|아달
77775|장희재
77776|짧은뜨기
77777|못서다
77778|신로
77779|팔마데마요르카
77780|지주회시
77781|하슘
77782|노랑발도요
77783|천견
77784|콘드라티예프
77785|알알이
77786|까뀌
77787|옥당
77788|스펙트로그램
77789|지매
77790|야토
77791|외평
77792|오닌
77793|남실남실
77794|민숭민숭
77795|맥리
77796|모살하다
77797|물권
77798|단쓴단쓴
77799|구밀복검
77800|재구현하다
77801|담배잎
77802|과학화되다
77803|오색영롱하다
77804|무류
77805|미력
77806|필흔
77807|조형화하다
77808|판상
77809|찔찔대다
77810|만봉
77811|손동작하다
77812|단규
77813|편벽하다
77814|사보타주하다
77815|포류지질
77816|진갈비
77817|원황
77818|코어링
77819|가합
77820|일축
77821|여남
77822|비토리아
77823|흰잎마름병
77824|리시안서스
77825|더프리스
77826|각수
77827|경랍
77828|벼훑이
77829|석남
77830|알림말
77831|최종일
77832|충제
77833|감고
77834|물튀
77835|부우
77836|다행스레
77837|나희
77838|케언스
77839|실룩하다
77840|메지다
77841|절품
77842|질만하다
77843|매니패스토
77844|추단하다
77845|우르겐치
77846|총자루
77847|생그레
77848|부서다
77849|배냇짓
77850|깻단
77851|에어포칼립스
77852|자룡
77853|셰르부르
77854|토욕혼
77855|퉤퉤하다
77856|개리다
77857|플로레스섬
77858|지애비
77859|흑흑거리다
77860|허프다
77861|포포바
77862|명다
77863|식헤
77864|오쿠마
77865|세스나기
77866|찐덕거리다
77867|하엽
77868|흘러보다
77869|클로스트리디움
77870|위족
77871|비스콘티
77872|마투
77873|달랑베르
77874|판독되다
77875|비우다
77876|작권
77877|다망
77878|위채
77879|행년
77880|담아들다
77881|애물방개
77882|공애
77883|빰
77884|지변
77885|혁다
77886|킁킁하다
77887|프레베르
77888|평심
77889|날염하다
77890|언청이
77891|신찬벽온방
77892|응까
77893|귀품
77894|아흐렛날
77895|여수장우중문시
77896|좌영
77897|곡정
77898|바후
77899|돌린
77900|사우바도르
77901|매추
77902|라우리온
77903|칠화
77904|골딩
77905|부형
77906|난대
77907|적역
77908|노리끼하다
77909|속량되다
77910|깨끔
77911|입보
77912|하겐베크
77913|서큘러
77914|카프리치오
77915|전후사
77916|세친
77917|일그러짐
77918|포암
77919|번보다
77920|거허
77921|호구다
77922|삐딱삐딱
77923|성귀
77924|서아
77925|괴연
77926|바살
77927|항년
77928|저탄소화
77929|첩장
77930|치명하다
77931|불마
77932|크레이즈
77933|상상봉
77934|나릿
77935|플레이스먼트
77936|청게
77937|딴또
77938|깅엄
77939|마슈하드
77940|복표
77941|경음
77942|비탕
77943|콘스
77944|히히덕대다
77945|동산바치
77946|원고지
77947|또라지다
77948|반씨
77949|초저지연
77950|콜로키움
77951|전해하다
77952|맥각
77953|비트적비트적
77954|생극
77955|구저분하다
77956|부릉부릉하다
77957|블룸폰테인
77958|독룡
77959|홍의
77960|지덕
77961|회통
77962|찔꺽찔꺽
77963|밀치락달치락
77964|나실다
77965|랑자
77966|인검
77967|벵자
77968|탕액
77969|준거
77970|고부라지다
77971|스타니슬랍스키
77972|곡아
77973|지독스럽다
77974|원자화하다
77975|경도하다
77976|족음
77977|바을
77978|멸화군
77979|보련
77980|비하르주
77981|강령군
77982|후루꾸
77983|임면
77984|개별화하다
77985|공채하다
77986|어이다
77987|영구화하다
77988|급차
77989|북재비
77990|범법하다
77991|우리말본
77992|외힙
77993|마초이즘
77994|발단하다
77995|빨긋빨긋
77996|영음
77997|될랑말랑하다
77998|만질만질
77999|미확인되다
78000|가짜투성이
78001|이한치한
78002|보툴리누스
78003|속기하다
78004|씰룩이다
78005|리파르
78006|총창
78007|예프다
78008|거요미
78009|절대시하다
78010|준철
78011|벤디르
78012|팔츠
78013|음화
78014|알와크라
78015|네이팜
78016|조그만큼
78017|낭림산맥
78018|리투
78019|사니이
78020|루카치
78021|의랑
78022|파탈리푸트라
78023|급무
78024|인신매매하다
78025|뜨르르하다
78026|가개
78027|방우다
78028|조드푸르
78029|가적
78030|탑동리
78031|베텔
78032|익찬
78033|나서
78034|드네프르강
78035|용로
78036|갑디
78037|줄하다
78038|라임라이트
78039|범연하다
78040|인터루킨
78041|할퀴이다
78042|과태
78043|베체트병
78044|철차
78045|진초
78046|복두
78047|구과
78048|벨라도나
78049|취죽
78050|뒤뷔페
78051|히들히들
78052|누에다
78053|적운
78054|양미
78055|껌하다
78056|초종
78057|내어
78058|해천추범
78059|탕욕
78060|신창타이
78061|가섭
78062|공원화하다
78063|어마무시허다
78064|게국
78065|회곡
78066|참바리
78067|시트르산
78068|불휘
78069|음식조리
78070|서남
78071|전로
78072|실쭉하다
78073|데카브리스트
78074|성두
78075|천층만층
78076|늑재
78077|제해
78078|야생화초
78079|시표
78080|봉곳하다
78081|정갑
78082|야트다
78083|맞싸우다
78084|찔리우다
78085|책임비서
78086|위기하다
78087|개린이
78088|청복
78089|완하제
78090|재상정하다
78091|백양
78092|투르키스탄
78093|증회
78094|개작되다
78095|학형
78096|클리크
78097|페노바르비탈
78098|기지화하다
78099|배봉탕이
78100|관조자
78101|다꾸앙
78102|남접
78103|박문하다
78104|남가다
78105|그라비어
78106|구중중하다
78107|뒷거래하다
78108|로젠베르크
78109|내려딛다
78110|삼망
78111|아득아득
78112|낙착
78113|테라와트시
78114|수캐미
78115|햇배
78116|최언위
78117|적아
78118|전속되다
78119|퍼져나감
78120|겨내
78121|부세미
78122|축사다
78123|판공
78124|썬탠
78125|부간
78126|비스무트
78127|위가
78128|개전하다
78129|시크미
78130|아리스타르코스
78131|프타
78132|조화다
78133|피값
78134|사카이시
78135|인민가요
78136|개바르다
78137|계자
78138|셰스트룀
78139|임랑
78140|유디
78141|펑셴
78142|까르륵대다
78143|베스푸치
78144|하루차
78145|녹쓸다
78146|욕통
78147|변두
78148|독특성
78149|다리께
78150|체득되다
78151|오실레이터
78152|증량되다
78153|문두
78154|금투협
78155|시산혈해
78156|진휼하다
78157|꿈지
78158|지달리다
78159|레이디얼
78160|성구하다
78161|전륜
78162|금디
78163|활착
78164|낭재
78165|조울병
78166|아등
78167|재편집되다
78168|소영웅주의
78169|떨떨하다
78170|오프쇼어
78171|빤닥빤닥
78172|여울다
78173|뻣다
78174|대가다
78175|살육되다
78176|과차
78177|욕동
78178|희사하다
78179|진촌리
78180|우르두어
78181|도시화하다
78182|배그네
78183|콩세르바투아르
78184|가장구
78185|큰아배
78186|조송
78187|홀숫날
78188|돌짝
78189|그레셤
78190|동가리
78191|월사
78192|한백겸
78193|금감위원장
78194|박물
78195|들어붓다
78196|깨꾸
78197|메피
78198|찬실
78199|갉작갉작
78200|길디길다
78201|밀어트리다
78202|딸칵거리다
78203|재류
78204|떠듬떠듬하다
78205|일임되다
78206|낭장
78207|보빙
78208|모내다
78209|파삭거리다
78210|냥냥거리다
78211|짤깍거리다
78212|생합
78213|김취려
78214|판정승하다
78215|혼성되다
78216|검난
78217|섬마
78218|옥잔
78219|먼자
78220|분차
78221|바켄
78222|의료대
78223|긔다
78224|흡인
78225|조밀조밀
78226|간웅
78227|명언하다
78228|헬리코프리온
78229|오럼
78230|과단
78231|게라시모프
78232|뽈다
78233|외직
78234|애모하다
78235|개현
78236|민속화
78237|이덕일
78238|댕그랑거리다
78239|뜸뿍
78240|양어
78241|님루드
78242|추임
78243|아초
78244|먼짓덩어리
78245|균총
78246|곱닿다
78247|징더전
78248|사란스크
78249|뒤끓다
78250|작일
78251|범성애자
78252|집우
78253|강나다
78254|선삼
78255|검은곰팡이
78256|로디어
78257|도숙
78258|박용하다
78259|귀연
78260|가필
78261|헌성
78262|에피그램
78263|간무
78264|자르개
78265|밀담하다
78266|파파베린
78267|살로
78268|조둥아리
78269|유핀
78270|부파
78271|재개정하다
78272|전자화하다
78273|토고
78274|선화봉사고려도경
78275|땅구
78276|파라티푸스
78277|불로뉴
78278|집권화되다
78279|차야
78280|꾸린내
78281|출합하다
78282|침적
78283|노망하다
78284|잡품
78285|당용
78286|봉암
78287|뚜디리다
78288|홀짝홀짝하다
78289|샤콘느
78290|바닷소금
78291|심포니
78292|머슴살이하다
78293|가부리
78294|겁간하다
78295|씨만하다
78296|맥지
78297|정련
78298|포악스럽다
78299|인민정부
78300|트레몰로
78301|휼양전
78302|뿔뿔
78303|숭모
78304|찰방거리다
78305|로산
78306|죽재
78307|오지브
78308|가야지
78309|토닥대다
78310|나붓나붓
78311|군노
78312|아물아물
78313|갈랭이
78314|예사말
78315|꺼끄다
78316|논쟁되다
78317|생뚱스럽다
78318|울구다
78319|죽은피
78320|저탄고지
78321|풍세
78322|샥티
78323|처가살이하다
78324|시망스럽다
78325|협잡하다
78326|쥭
78327|달나다
78328|예가
78329|에기다
78330|아지
78331|군생하다
78332|쬐꼬맣다
78333|진디
78334|들어스다
78335|폐옥
78336|콩데
78337|옵스트럭션
78338|불인지심
78339|입배
78340|꼬록꼬록
78341|가정학
78342|행령
78343|잇파이
78344|변하
78345|샛바람
78346|택사
78347|임석하다
78348|관승
78349|지깅이
78350|눈요기하다
78351|청수하다
78352|텔레마코스
78353|깔딱깔딱하다
78354|상귀
78355|용유
78356|흉험하다
78357|앞손
78358|귀속말
78359|늘키다
78360|띠무늬
78361|목비
78362|얼근히
78363|끈끈히
78364|코밍
78365|트립스
78366|공게
78367|부부리
78368|쬐만하다
78369|무의하다
78370|마찻길
78371|전포
78372|추려
78373|세모시
78374|힝아
78375|브장송
78376|털구
78377|옥춘당
78378|주흘관
78379|증감되다
78380|상화하택
78381|함영
78382|디피티
78383|재미거리
78384|경역
78385|고들고들하다
78386|요개
78387|대이다
78388|티토노스
78389|몰취미하다
78390|김삿갓면
78391|헤벌쭉거리다
78392|자재롭다
78393|특칙
78394|별차
78395|클락새
78396|남이흥
78397|두리두리하다
78398|뜀
78399|갈겁다
78400|배성
78401|하탑
78402|만지
78403|발라동
78404|단영
78405|따근하다
78406|입향조
78407|매란국죽
78408|샤리바리
78409|두텁
78410|댕겨가다
78411|징글하다
78412|카르나타카주
78413|유송
78414|손독
78415|계급성
78416|덧뿌리다
78417|그슨대
78418|폴리치아노
78419|우라까이
78420|대한황성신문
78421|베네딕틴
78422|비커밍
78423|말흘리
78424|감오
78425|분설
78426|짐심
78427|미오신
78428|준거하다
78429|추제
78430|테끼
78431|갈칫과
78432|우육
78433|은삼
78434|오녀산성
78435|안작
78436|되는양
78437|플레그
78438|게류
78439|살생물제
78440|피침
78441|격세
78442|날밤
78443|각파
78444|팽윤
78445|송송하다
78446|노구멍
78447|은암
78448|미슬토
78449|울란우데
78450|싱긋하다
78451|황변되다
78452|격세유전
78453|곱은옥
78454|그적
78455|조찬하다
78456|멸국
78457|패니어
78458|덥적덥적
78459|무욕하다
78460|의용
78461|자리싸움하다
78462|문질다
78463|벌열
78464|마각
78465|음각하다
78466|귀택하다
78467|메카트로닉스
78468|끔뻑하다
78469|철조
78470|명함꽂이
78471|희죽
78472|나른히
78473|집중화되다
78474|폐다
78475|대미지
78476|살구씨죽
78477|밀리나다
78478|국수발
78479|알하젠
78480|찰색
78481|노현
78482|통히
78483|파비콘
78484|무안구증
78485|묘혈
78486|난백
78487|장도릿배
78488|만사태평하다
78489|뽈세
78490|봄보
78491|금치
78492|누운향나무
78493|이소스
78494|공휴
78495|지불다
78496|법화
78497|이렁저렁
78498|한가
78499|다난하다
78500|암피실린
78501|남서
78502|모데미풀
78503|총파업하다
78504|탈이
78505|스나
78506|셀룰레이스
78507|에이유
78508|요한센
78509|노태
78510|분시
78511|완역되다
78512|채터누가
78513|원법
78514|상사하다
78515|숙덕대다
78516|임팩터
78517|고싶
78518|위항
78519|까마귀밥
78520|희희덕거리다
78521|잡아끌리다
78522|넙죽하다
78523|제일생명
78524|결정화하다
78525|번살이
78526|속언
78527|금적
78528|이한하다
78529|류오
78530|까르르하다
78531|고왕
78532|흑변
78533|찔리
78534|복적
78535|시동하다
78536|푸닥거리하다
78537|나솔
78538|오프쇼어링
78539|재자
78540|교고쿠
78541|입행
78542|남관
78543|경사롭다
78544|산영
78545|낙락장송
78546|넘구다
78547|악우
78548|등황
78549|인벌
78550|징구
78551|꿰찌르다
78552|씰데없이
78553|궁실
78554|검은댕기해오라기
78555|안재
78556|방설
78557|끄리
78558|면대하다
78559|진동한동
78560|명약관화
78561|개형
78562|완벌
78563|선회되다
78564|재침공하다
78565|비에트
78566|유지시간
78567|망와
78568|혼유
78569|프리드리히스하펜
78570|울컥대다
78571|미시시피악어
78572|등촌
78573|한풍
78574|배무
78575|메니다
78576|유복
78577|알아채리다
78578|수캉아지
78579|도두
78580|훈사
78581|봇다
78582|로케이트
78583|중감
78584|오불관언
78585|살비듬
78586|비탄하다
78587|게이미피케이션
78588|딸기셰이크
78589|맥레이
78590|서삼
78591|마스터베이션하다
78592|윗가지
78593|경력서
78594|성림
78595|지분대다
78596|통할
78597|의회주의자
78598|매목
78599|어쩌
78600|세상
78601|개가하다
78602|하든
78603|오순도순하다
78604|진합
78605|점적
78606|구찮다
78607|신우신염
78608|취각
78609|어론
78610|노마디즘
78611|탈물질주의
78612|용경
78613|조찰떡
78614|판테라
78615|경금
78616|능주
78617|진흥책
78618|오류
78619|트레머리
78620|할바이
78621|치직치직
78622|지함
78623|의미화되다
78624|졸속하다
78625|아스러지다
78626|얕은맛
78627|코허리
78628|간띵이
78629|디물다
78630|끼라
78631|오침하다
78632|내물다
78633|셀고
78634|꺽정이
78635|허실
78636|홀하다
78637|첨차
78638|호곡하다
78639|존왕양이
78640|불미하다
78641|카다르
78642|팔랑스테르
78643|입적되다
78644|총회하다
78645|비대다
78646|곰지락
78647|침윤되다
78648|선공후사
78649|균일화하다
78650|플라젤린
78651|굴검
78652|내닫이창
78653|호즈
78654|멸균하다
78655|때국물
78656|일박하다
78657|메르치
78658|궂은날
78659|두골
78660|견지되다
78661|가독
78662|기구치병
78663|친가
78664|민중적
78665|유로그룹
78666|질러
78667|우녀
78668|준발
78669|털썩털썩
78670|미골
78671|잘자리
78672|배주
78673|으까
78674|바운드되다
78675|웃기
78676|사액
78677|뒷설거지
78678|귀막다
78679|숙신
78680|원박
78681|권동
78682|관두
78683|끔쩍하다
78684|길연
78685|엉크렇다
78686|란파라치
78687|주견
78688|보서다
78689|밀생하다
78690|꼬잡다
78691|적옥
78692|떵떵대다
78693|오버베크
78694|참정
78695|논파되다
78696|겁묵다
78697|축선
78698|국가주권
78699|어쩌믄
78700|당직제
78701|통구
78702|풍전
78703|아애
78704|고가하다
78705|복빙
78706|미후도
78707|세인트오거스틴
78708|정망
78709|꼬라다
78710|폴리널리스트
78711|간주곡
78712|자므다
78713|디페
78714|회불사
78715|파파리
78716|팻감
78717|힐드
78718|쩌짝
78719|허혈
78720|사이
78721|완납되다
78722|헴
78723|태한
78724|사탕발림하다
78725|재매
78726|군생
78727|잘그랑대다
78728|봄내
78729|린넨사
78730|호변
78731|긁적대다
78732|융커
78733|캄푸치아
78734|생연동
78735|몰밀다
78736|패기만만하다
78737|율학
78738|악물리다
78739|웃방
78740|떨그럭거리다
78741|월인석보
78742|풋과일
78743|회람하다
78744|덕풍
78745|피니언
78746|늦치다
78747|액사
78748|투찰
78749|얘이
78750|코르크스크루
78751|위격
78752|인공미
78753|구석지다
78754|극수
78755|합쇼
78756|고데
78757|커머번드
78758|상머슴
78759|마갈
78760|갈레노스
78761|광목천왕
78762|닝아
78763|조리
78764|바소프레신
78765|열심스럽다
78766|중흥하다
78767|분보
78768|헤죽거리다
78769|티업
78770|속저고리
78771|블리칭
78772|낭랑히
78773|섬개야광나무
78774|연악
78775|황정미
78776|들마
78777|응혈
78778|크로이처
78779|란타넘
78780|포시랍다
78781|영치기영차
78782|취푸
78783|비풍
78784|준모
78785|로열석
78786|큰사폭
78787|날름날름하다
78788|앙세다
78789|궁편
78790|모갯돈
78791|박선
78792|막북
78793|별적
78794|설성
78795|풍찬노숙하다
78796|에스피에이
78797|허룽
78798|응낙
78799|만델링
78800|우민화하다
78801|칩떠보다
78802|분격하다
78803|벌창
78804|여리디여리다
78805|영수하다
78806|마판
78807|해빛
78808|반동하다
78809|비전되다
78810|서종
78811|배시때기
78812|특산
78813|구례하다
78814|일괄되다
78815|노대
78816|모로다
78817|늦가
78818|서취
78819|수쉬
78820|남리
78821|패테
78822|비답
78823|시누스
78824|터줏자리
78825|옥심
78826|헙수룩하다
78827|흐흐하다
78828|각원
78829|비슴
78830|얼키설키하다
78831|파셜
78832|콘트라포스토
78833|무보
78834|내습하다
78835|마연
78836|도하하다
78837|용탕
78838|삼평동
78839|물씬
78840|신기료장수
78841|텔레뱅킹
78842|대장군전
78843|뿡뿡대다
78844|포롱
78845|서브시스템
78846|간절
78847|악초
78848|접지
78849|무르녹다
78850|쉬미
78851|야무치다
78852|불라
78853|광반
78854|콜로이드
78855|케손시티
78856|피개
78857|맨드릴
78858|잔재하다
78859|옹브르
78860|트랜스포비아
78861|광륜
78862|궁아
78863|오사리잡놈
78864|추문하다
78865|구르카족
78866|증삼
78867|조위금
78868|우르르하다
78869|메트로섹슈얼
78870|듀랜트
78871|계근대
78872|골육지정
78873|미평
78874|비뚤배뚤
78875|상마
78876|대려
78877|항산
78878|모순성
78879|빠친코
78880|범슬라브주의
78881|탐미하다
78882|알베르스
78883|나박썰기
78884|따발
78885|선공후사하다
78886|설익히다
78887|소히
78888|다나에
78889|높에다
78890|연원하다
78891|가래미
78892|태권도학과
78893|따라서다
78894|분산적
78895|화생토
78896|조바꿈
78897|초미립자
78898|강제화하다
78899|생땅
78900|반각
78901|페레올
78902|티미하다
78903|도서다
78904|원성이
78905|얕잡히다
78906|문투
78907|지킴이단
78908|풋김치
78909|론강
78910|착륙되다
78911|쾌자
78912|남묘
78913|불쑥하다
78914|역분전
78915|진혼하다
78916|융점
78917|진퇴유곡
78918|부윤
78919|내화
78920|물레이
78921|그럼직하다
78922|펜타민
78923|카렐
78924|칼봉산
78925|녹무
78926|무명하다
78927|아이네이스
78928|지아무리
78929|격발되다
78930|고포
78931|재치다
78932|행음
78933|참서하다
78934|원속도
78935|정찰선
78936|프리타운
78937|모닝코트
78938|일매지다
78939|입차
78940|마이봄샘
78941|범백
78942|광탄
78943|찡끗
78944|부품하다
78945|겐로쿠
78946|투세
78947|옴니보어
78948|분급되다
78949|장급
78950|유혼
78951|특파
78952|대판하다
78953|뉘엿뉘엿하다
78954|선결되다
78955|무역품
78956|두런두런하다
78957|부위자강
78958|들시다
78959|메프다
78960|쫑쫑거리다
78961|완산
78962|무인화되다
78963|나이대접하다
78964|망중
78965|선캐처
78966|우지직하다
78967|융접
78968|기슈
78969|쿨링오프
78970|필로
78971|방포하다
78972|담청
78973|금분
78974|필률
78975|니컬슨
78976|하례하다
78977|채탄
78978|약빠르다
78979|우축
78980|무접다
78981|취적
78982|홍칠
78983|중립화되다
78984|큰밀잠자리
78985|제유
78986|해군하다
78987|모듈라
78988|날치다
78989|쏘라
78990|쫄라당
78991|사양서
78992|벌과금
78993|고호
78994|다잊다
78995|미와
78996|축색
78997|원공
78998|방장하다
78999|고마리
79000|버즘
79001|마이크로파이버
79002|땟구정물
79003|굽음
79004|하우스텐보스
79005|흰소리하다
79006|돌덧널무덤
79007|온릉
79008|종방하다
79009|칠암
79010|비스토
79011|공첩
79012|딸그락딸그락
79013|이즈베스티야
79014|감척
79015|엄격성
79016|곤도라
79017|래주
79018|차수하다
79019|건준
79020|대식하다
79021|부복
79022|날도둑
79023|문에
79024|마름질하다
79025|파선
79026|드러밍
79027|후릿그물
79028|포쇄
79029|찬통
79030|신충
79031|미나미산리쿠
79032|울디
79033|거스름
79034|날아나다
79035|류학
79036|내약품성
79037|해바리
79038|화평군
79039|투아레그족
79040|이념화하다
79041|넓이다
79042|피애다
79043|미반영되다
79044|문가
79045|폐농
79046|은잔
79047|인수인계되다
79048|다비다
79049|개념화되다
79050|개굴
79051|스트로브
79052|유글레나
79053|키드득거리다
79054|거만스럽다
79055|역종
79056|악구
79057|오엠
79058|족징
79059|사룡
79060|완국
79061|향모
79062|깨작이다
79063|피타브레드
79064|철컥대다
79065|교정보다
79066|잔뜩잔뜩
79067|갈맷빛
79068|패초하다
79069|퍄
79070|둘르다
79071|나사다
79072|감모
79073|대좌하다
79074|무원칙하다
79075|행대
79076|신운
79077|교예단
79078|노쿠다
79079|더테
79080|제노아
79081|오쏘
79082|아름지다
79083|차기하다
79084|거치르다
79085|니힐리즘
79086|포악무도하다
79087|새촘하다
79088|폐경하다
79089|판전
79090|혼행
79091|다마스크
79092|정소하다
79093|돌아스다
79094|일천하다
79095|지하화되다
79096|튀르
79097|코박이
79098|셰브런
79099|북평
79100|때때옷
79101|리미팅
79102|도보하다
79103|디에프
79104|새근대다
79105|좌중월
79106|요야김
79107|박필
79108|가득다
79109|프레이르
79110|그믐께
79111|리부
79112|람바다
79113|고착하다
79114|시먼즈
79115|쌍쌍이
79116|세제르
79117|아재비
79118|철퍽거리다
79119|틈바귀
79120|영세불망
79121|자싱
79122|생유
79123|심들다
79124|모큐멘터리
79125|개량화
79126|여그저그
79127|노릿노릿
79128|부나
79129|공통하다
79130|육갑하다
79131|디즈레일리
79132|아귀다툼
79133|바커스
79134|마이다
79135|백회혈
79136|해궁
79137|끍다
79138|카페스톨
79139|타군
79140|순음
79141|보트다
79142|장락
79143|퍼레지다
79144|묵직이
79145|긱사
79146|헤나
79147|웨입
79148|호칭되다
79149|사능
79150|가나그
79151|한토
79152|뷔르템베르크
79153|브라이들
79154|채상
79155|통리기무아문
79156|에리두
79157|유전체학
79158|핸드레일
79159|조록조록
79160|곱배기
79161|살으다
79162|정술
79163|선탄
79164|방순
79165|멜티
79166|액침
79167|유화하다
79168|망라
79169|어른하다
79170|검은목두루미
79171|서발
79172|합포
79173|죽는소리하다
79174|비한
79175|어개
79176|지차
79177|노질
79178|복음화하다
79179|램스울
79180|방첨
79181|전임되다
79182|영중추부사
79183|허무적
79184|꾸르잼
79185|점점하다
79186|개방화
79187|엄찌다
79188|달맞이하다
79189|와작거리다
79190|셍
79191|부들대다
79192|참렬하다
79193|어로
79194|벤하다
79195|멈치다
79196|기괴망측하다
79197|오릉
79198|수화기
79199|토구
79200|육비
79201|노보로시스크
79202|추적거리다
79203|닭고깃값
79204|채층
79205|뜬숯
79206|전훈
79207|후락
79208|양산박
79209|일출하다
79210|티포스
79211|사필귀정하다
79212|베엄
79213|쉬스
79214|콩나물김치
79215|푸투투
79216|감표
79217|이치다
79218|출구하다
79219|엿다
79220|종록
79221|신표
79222|막냇삼촌
79223|나가족
79224|윤재
79225|앙등
79226|가검
79227|본족
79228|곁줄
79229|헐씬
79230|양을나
79231|푸프
79232|휴머나이즈
79233|방분
79234|설향딸기
79235|보간하다
79236|독가시치
79237|뵈메
79238|혁필
79239|트러프
79240|체온기
79241|인터로킹
79242|갈라테이아
79243|생카다
79244|집성
79245|창소
79246|써레
79247|여허
79248|어슬다
79249|축초
79250|처내다
79251|물공원
79252|총궐기하다
79253|내뽑다
79254|앙천대소하다
79255|둬두다
79256|서패
79257|적갈
79258|어굴하다
79259|테르밋
79260|우댕
79261|서벵골주
79262|효과음향
79263|쪼금하다
79264|대론
79265|전위차계
79266|개인하다
79267|도목
79268|뭉글거리다
79269|악심
79270|하조
79271|카사부부
79272|당찮다
79273|달음
79274|착종되다
79275|고생스레
79276|깨깟이
79277|시므다
79278|화옹호
79279|선흘
79280|비육
79281|므르다
79282|메칠
79283|도마질하다
79284|목총
79285|통간하다
79286|복열
79287|속식
79288|위략
79289|고샅
79290|품직
79291|강판하다
79292|핏내
79293|라삼
79294|우결하다
79295|유락
79296|작진
79297|뚜띠
79298|추어
79299|마라하다
79300|발반
79301|팝업식
79302|묘파하다
79303|두가
79304|밀령
79305|분청
79306|화안
79307|주묵
79308|꽂꽂이
79309|령내
79310|준열하다
79311|랭리
79312|띵깡
79313|틈서리
79314|고무총
79315|광신하다
79316|문생
79317|신서
79318|살라이
79319|반창고투성이
79320|지짐거리다
79321|달그랑
79322|정역
79323|회칙
79324|얼구
79325|꽤다
79326|전투함선
79327|옥류
79328|처리다
79329|록설
79330|미답
79331|오라바이
79332|검은손
79333|매분
79334|흑소
79335|욕주
79336|곰비
79337|봉부동
79338|가부좌하다
79339|준나
79340|에고이즘
79341|누릇누릇하다
79342|그누
79343|기략
79344|해내
79345|여산
79346|세갑
79347|마이신
79348|대범천왕
79349|범박하다
79350|끌어댕기다
79351|공임
79352|위훈
79353|쐐다
79354|큼지막이
79355|데우
79356|사람찾기
79357|힐데브란트
79358|키득키득하다
79359|야당하다
79360|단지하다
79361|노랑물
79362|시컨트
79363|면보다
79364|진금
79365|오로지하다
79366|쪼록쪼록
79367|떱다
79368|간단없이
79369|신초
79370|뽑기형
79371|재련하다
79372|토째비
79373|금새우난
79374|솟대
79375|남십자자리
79376|벌족
79377|행주질하다
79378|핍절하다
79379|하청하다
79380|자발없이
79381|귀임하다
79382|생팔
79383|핑고
79384|기역자형
79385|검가
79386|용각
79387|악서
79388|넘겨씌우다
79389|쩨리다
79390|달리오다
79391|베르됭
79392|구문
79393|에레다
79394|벌차기
79395|야박스럽다
79396|역탐지하다
79397|방구리
79398|펼침
79399|디클로로메탄
79400|음봉면
79401|질퍽대다
79402|처려근지
79403|이찬형
79404|보안기관
79405|실쭉거리다
79406|생긋생긋
79407|구르몽
79408|고뿌
79409|호르르
79410|애국미
79411|조란
79412|이자하다
79413|옥미
79414|진설되다
79415|추숭하다
79416|숄스
79417|따근따근하다
79418|흰말
79419|저성
79420|배밥
79421|핫뉴스
79422|딸부잣집
79423|임금노예
79424|펏
79425|불리언
79426|머리이
79427|북지
79428|포의
79429|쿨럭이다
79430|키어
79431|둔주
79432|진취하다
79433|성재
79434|그뤼네발트
79435|추식
79436|천랑성
79437|형가
79438|동니
79439|판금하다
79440|배밀이하다
79441|비척비척하다
79442|현방
79443|여우하다
79444|서지학
79445|기나길다
79446|구석
79447|안줏감
79448|새김
79449|터고사
79450|적중되다
79451|큰소리하다
79452|속심
79453|포경하다
79454|콘로즈
79455|진탁
79456|마멸되다
79457|거시다
79458|한랭사
79459|필멸하다
79460|근음
79461|시트룰린
79462|불간섭
79463|짤칵짤칵
79464|후락하다
79465|시지티
79466|민물게
79467|강염
79468|시에라네바다산맥
79469|혹사되다
79470|구치하다
79471|냅색
79472|사취
79473|극관
79474|자발
79475|내앉다
79476|삭주
79477|시법
79478|루더
79479|삐거덕삐거덕하다
79480|곱하기하다
79481|게미
79482|절금
79483|재입금하다
79484|식물구계
79485|혼추족
79486|빼쭉허다
79487|재입하다
79488|찔때
79489|수군덕거리다
79490|명포
79491|부부하다
79492|되지못하다
79493|자동봉진
79494|밴드로스
79495|카비테
79496|갑상
79497|송근
79498|장고항
79499|루뭄바
79500|갈모
79501|개장사
79502|감환
79503|석송
79504|무소륵스키
79505|드레드노트
79506|후가
79507|은곡
79508|상여집
79509|훈하다
79510|깔째
79511|아세틸살리실산
79512|횡문
79513|편직
79514|영절하다
79515|생사기로
79516|수르스트뢰밍
79517|대적광전
79518|복만
79519|일독하다
79520|류큐어
79521|야등
79522|바람몰이하다
79523|선염
79524|입출구
79525|공동적
79526|포이어바흐
79527|자철
79528|데브리
79529|래브라도레트리버
79530|뺌
79531|일부일
79532|극미하다
79533|권반
79534|뾰롱뾰롱
79535|삼향
79536|히비다
79537|동전하다
79538|빙옥
79539|염직
79540|얇실하다
79541|돼지고깃국
79542|땡강
79543|예총
79544|구미구미
79545|브뤼주
79546|할루
79547|견문하다
79548|국창
79549|입출항하다
79550|아딧줄
79551|도묘
79552|여씨춘추
79553|증례
79554|면죄되다
79555|광염
79556|날라다
79557|트리트먼트하다
79558|음깡
79559|멈
79560|에아다
79561|과독
79562|여럭
79563|탁치
79564|포겔
79565|보드룸
79566|널브다
79567|체시
79568|지등
79569|카야오
79570|중완
79571|반여동
79572|림세
79573|이현일
79574|저런
79575|움츠러지다
79576|폴케
79577|파드득거리다
79578|에퀴
79579|연전연패하다
79580|셸러
79581|끄룽텝
79582|물방아
79583|벱다
79584|수런대다
79585|옥배
79586|대경하다
79587|자안
79588|아멩
79589|꼬까신
79590|기급
79591|요지부동하다
79592|도도록하다
79593|밀대
79594|미니컴퓨터
79595|비룟값
79596|범퇴
79597|후염
79598|마맛자국
79599|가친
79600|변압
79601|프레올림픽
79602|바르비탈
79603|초옹
79604|손장난하다
79605|끄을다
79606|페지
79607|엇나다
79608|때꾼하다
79609|쇳송
79610|싸이클론
79611|전임하다
79612|이듸
79613|능비
79614|칸디다
79615|저책
79616|관민
79617|형모
79618|쥐상
79619|채석하다
79620|킥커
79621|벌쭉벌쭉
79622|기프
79623|검은지빠귀
79624|니호늄
79625|지란지교
79626|용슬
79627|깡총대다
79628|디노사우르
79629|빼쭉
79630|디럽다
79631|모지랭이
79632|호연지기
79633|점수하다
79634|대리미
79635|기결
79636|아스트라한
79637|꼬락
79638|학학거리다
79639|컨텐더
79640|퉁퉁대다
79641|앤기다
79642|왕별
79643|대별하다
79644|시여
79645|안족
79646|축재하다
79647|변개하다
79648|곤륜
79649|매정
79650|충나다
79651|바니안나무
79652|오디오파일
79653|고까워하다
79654|웅숭깊다
79655|은적
79656|여계
79657|추념하다
79658|기다래지다
79659|잡세
79660|죽신하다
79661|단점투성이
79662|레스보스섬
79663|오쉬
79664|답문하다
79665|철썩대다
79666|은과
79667|도급제
79668|우해다
79669|계적
79670|신문화
79671|선결하다
79672|뿌사지다
79673|연납하다
79674|술리
79675|송낙
79676|솔풀
79677|행처
79678|어태치
79679|임신서기석
79680|티오프
79681|둘러엎다
79682|숭록대부
79683|참언
79684|베라다
79685|뷔르거
79686|비아
79687|비집
79688|재이
79689|미너렛
79690|마테를링크
79691|새탈
79692|노탐
79693|지시다
79694|안여하다
79695|예니세이강
79696|포도빛
79697|난이
79698|박세채
79699|금매다
79700|롬바르디아주
79701|당략
79702|객토
79703|시언하다
79704|신랄히
79705|엔도톡신
79706|맏손녀
79707|찔끔찔끔하다
79708|아언
79709|훼파되다
79710|와글대다
79711|혹기
79712|기도되다
79713|막물다
79714|꾸벅꾸벅하다
79715|도르리
79716|공작선
79717|박학
79718|벽선
79719|내럽다
79720|방자스럽다
79721|가매
79722|강금
79723|신사하다
79724|건달패
79725|오시랍다
79726|맛디다
79727|쓴말
79728|여짭다
79729|캐찹
79730|동소
79731|량모
79732|선거표
79733|초등학원
79734|활유어
79735|풀모
79736|외옹치항
79737|디캔딩
79738|콜베
79739|점착되다
79740|민챙이
79741|고농축하다
79742|청테
79743|슬기둥
79744|마차다
79745|아드득아드득
79746|맨몸뚱이
79747|메간트로푸스
79748|별체
79749|받침소리
79750|화시
79751|모줄임천장
79752|빼싹
79753|개제되다
79754|퇴수
79755|까르르대다
79756|복지부동하다
79757|더니딘
79758|골그다
79759|강순
79760|이잣돈
79761|주워대다
79762|타세
79763|흡인하다
79764|거라이
79765|왜주
79766|아함경
79767|접전하다
79768|굽이돌다
79769|물탑
79770|다뇨
79771|귀방
79772|불그러지다
79773|자락자락
79774|솔송나무
79775|계이
79776|신들메
79777|감화력
79778|태양하다
79779|온톨로지
79780|임기응변하다
79781|추량
79782|자지레하다
79783|메칼라
79784|어슬렁어슬렁하다
79785|메벤다졸
79786|딸각딸각하다
79787|삥글삥글
79788|괄목
79789|정윤
79790|방어수
79791|묘회
79792|모강
79793|단열하다
79794|분과장
79795|증인하다
79796|스기나미구
79797|화냥
79798|해괴제
79799|시큐
79800|점시
79801|찰찰
79802|입반
79803|시악시
79804|따르르
79805|응변
79806|저촉하다
79807|보월
79808|절분
79809|덧선
79810|심지
79811|이규남
79812|누상
79813|아주미
79814|벚나무사향하늘소
79815|노예국가
79816|진심하다
79817|빈지워칭
79818|그라우트
79819|존문하다
79820|에나
79821|스테이스
79822|중절모자
79823|다이악
79824|구와
79825|알파인
79826|삐악삐악하다
79827|운동모
79828|어체
79829|새치기
79830|부등키다
79831|내번지다
79832|참피
79833|레이킹
79834|폴리아
79835|짐스
79836|쇼스
79837|고등어자반
79838|질화로
79839|페미나상
79840|각루
79841|중략하다
79842|리디렉션
79843|로필
79844|임하
79845|미띠
79846|윗동
79847|시닝
79848|동운
79849|암혈
79850|의재
79851|롱샹
79852|재발행하다
79853|대맥
79854|센물
79855|차채
79856|쪼그라뜨리다
79857|컨트리풍
79858|뜨신밥
79859|밀전
79860|돌어보다
79861|라오콘
79862|퀸텟
79863|설맹
79864|거년
79865|이즈모급
79866|나사이
79867|맹화
79868|인봉
79869|숙려하다
79870|면관
79871|편달하다
79872|호롱이
79873|윤생
79874|게을르다
79875|제산
79876|지지직대다
79877|힁허케
79878|엇그제
79879|르웨탄
79880|이벤
79881|착유하다
79882|미삼
79883|블래스
79884|오귀
79885|실이
79886|아랫다리
79887|성화하다
79888|티베리아스
79889|변강
79890|책안
79891|폐국
79892|흉어
79893|스캘퍼
79894|실버하다
79895|주차다
79896|릴리우오칼라니
79897|창힐
79898|암몬족
79899|은인자중하다
79900|가이카
79901|포호
79902|인릉
79903|크로그
79904|포쉬
79905|선득선득하다
79906|비울
79907|포디즘
79908|유로파이터
79909|악악대다
79910|싸릿대
79911|쌍발
79912|흘금
79913|케슬
79914|이분
79915|용설
79916|칼레발라
79917|순치되다
79918|자부다
79919|연추
79920|협심
79921|가냘푸다
79922|재분배되다
79923|큰재갈매기
79924|쪼금쪼금
79925|홋줄
79926|염체
79927|진가
79928|비오엠
79929|성저
79930|방구하다
79931|샛눈
79932|내고하다
79933|정교히
79934|글치다
79935|배압
79936|노체
79937|가무이야기
79938|함암
79939|호주프
79940|각출
79941|와직
79942|작화하다
79943|재잘이
79944|가로질리다
79945|번지하다
79946|소묘하다
79947|성휘
79948|스턴버그
79949|귀뚜리
79950|박미
79951|크로닌
79952|진자앙
79953|두트레방석
79954|개회되다
79955|큰손자
79956|용군
79957|칼베
79958|인풍
79959|눈구덩이
79960|번수
79961|란타늄
79962|영속되다
79963|멕아리
79964|퀴논
79965|장이다
79966|무산쇠족제비
79967|산내
79968|타진되다
79969|쌍그렇다
79970|살인당하다
79971|딸오다
79972|대암
79973|익명화하다
79974|주렴
79975|브론
79976|당익
79977|시토스테롤
79978|원측
79979|장시하다
79980|담쏙
79981|서벅서벅
79982|움쩍
79983|조갑지
79984|로지스틱
79985|재리다
79986|반수하다
79987|쿠르타
79988|재조성하다
79989|품일
79990|목구
79991|아스트롤라베
79992|파지
79993|가례집람
79994|팔영산
79995|과하
79996|골막
79997|재논의되다
79998|충서
79999|상약하다
80000|들이다보다
80001|외생
80002|느리우다
80003|예병
80004|리외
80005|지중하다
80006|유월하다
80007|히루딘
80008|아라드
80009|추물
80010|보에티우스
80011|섬월
80012|영동일고
80013|걸물
80014|들쭉단물
80015|병렬하다
80016|고리쇠
80017|샤우팅하다
80018|위험스레
80019|에누구
80020|전당하다
80021|개부
80022|수혜하다
80023|고수리
80024|권운
80025|까실까실
80026|종두득두
80027|레프리
80028|큰이모부
80029|포행
80030|애유
80031|토욜
80032|익애
80033|폐항
80034|제트기
80035|중노미
80036|비렁
80037|예덕
80038|지팽이
80039|묵지근하다
80040|추대
80041|커지
80042|밤꼬
80043|재도
80044|쿠앵트로
80045|악적
80046|칸나비디올
80047|증말루
80048|뜨럽다
80049|순석
80050|교창
80051|후대
80052|외삼
80053|유성음
80054|집적집적
80055|해란
80056|첨삭되다
80057|녹이
80058|영주하다
80059|퍼슬퍼슬하다
80060|관류
80061|부륵
80062|간고
80063|유미하다
80064|아마오
80065|주두
80066|찡긋대다
80067|상극되다
80068|키슬링
80069|종통
80070|상용되다
80071|달거리하다
80072|바회
80073|공론하다
80074|위엄성
80075|패싱샷
80076|고분고분히
80077|트론헤임
80078|단답식
80079|부위정경
80080|목수하다
80081|다붓
80082|동모
80083|도하
80084|각축하다
80085|앙앙대다
80086|범유
80087|꺼꿀로
80088|뭉쳐나다
80089|까옥
80090|신트리
80091|하견
80092|애시모브
80093|여성하다
80094|프테로사우루스
80095|깐나
80096|무실
80097|죽동
80098|콘사이스
80099|탄저
80100|간질다
80101|글라시
80102|궐증
80103|미니디스크
80104|니코시아
80105|문자질하다
80106|평각
80107|구왕
80108|파르스레하다
80109|보냉력
80110|임사홍
80111|낙루
80112|아왕
80113|질근거리다
80114|바걸
80115|까르륵까르륵
80116|국용
80117|근대
80118|킹스타운
80119|불감
80120|적발률
80121|게인즈버러
80122|만산
80123|편조
80124|류주
80125|입마
80126|헤르마
80127|세일
80128|골골
80129|벗어제치다
80130|사귐성
80131|한가마밥
80132|망행
80133|터보프롭
80134|교설
80135|홀쪽
80136|후리지아
80137|꿍얼꿍얼하다
80138|해바라기하다
80139|체계하다
80140|심박출량
80141|습열
80142|혈로
80143|오그라뜨리다
80144|술내
80145|교적
80146|어재
80147|결호
80148|조흥
80149|바다물
80150|롄윈강
80151|스토쿠
80152|간막이
80153|레셉스
80154|깃대
80155|트라이메틸아민
80156|금극목
80157|하루해
80158|힐로
80159|울체
80160|꼬빡
80161|바자락
80162|문외
80163|으드득으드득
80164|과위
80165|산취
80166|친밀히
80167|등소
80168|다리몽뎅이
80169|합덕
80170|장저
80171|석채
80172|높임법
80173|키들대다
80174|에드레
80175|을유
80176|과저
80177|합상
80178|간판쟁이
80179|개혼
80180|생짜배기
80181|래티튜드
80182|관둥
80183|곧추앉다
80184|고육
80185|든당
80186|무기차다
80187|산근
80188|털털대다
80189|군북
80190|종물
80191|조댕이
80192|줄기
80193|프로카인
80194|시서
80195|호메오스타시스
80196|애나다
80197|용허
80198|엠덴
80199|산별
80200|왕암동
80201|의존되다
80202|황련
80203|구루다
80204|보로
80205|숭숭이
80206|생철
80207|출막
80208|연급
80209|모암
80210|딱때기
80211|되끼
80212|총약
80213|신려
80214|별집
80215|헛보다
80216|향수하다
80217|갠찮다
80218|삭삭거리다
80219|당평
80220|자립성
80221|지브란
80222|시냅시스
80223|따리다
80224|냉간
80225|감미하다
80226|큰문
80227|뿌러트리다
80228|까부라지다
80229|애송
80230|딘치
80231|망이
80232|반물색
80233|남수원초
80234|칩튠
80235|주치다
80236|말기다
80237|사페
80238|최호
80239|여국
80240|배실배실
80241|탈법하다
80242|출토하다
80243|바우치
80244|에어싸다
80245|우짜
80246|물러오다
80247|안네다
80248|파이로갈롤
80249|돈장사
80250|달러가다
80251|가슬가슬
80252|바앙
80253|개짱
80254|조국애
80255|황의
80256|존스타운
80257|원만
80258|앙모
80259|첨첨
80260|의정부동
80261|흉적
80262|실혈
80263|식언
80264|공훈배우
80265|동굴화
80266|사마구
80267|바다생태계
80268|크레펠린
80269|접동새
80270|노르께하다
80271|강철봉
80272|키쿠다
80273|버둥치다
80274|뿔룩뿔룩
80275|요방
80276|접사하다
80277|방재하다
80278|안분지족하다
80279|북캉스
80280|책화
80281|아구리
80282|속악
80283|간고하다
80284|코코넛크랩
80285|단묵
80286|사인
80287|밀무역하다
80288|치뻗다
80289|해설되다
80290|습의
80291|지대루
80292|봉숭
80293|맞대거리
80294|염장질하다
80295|충진재
80296|오떡순
80297|흉학하다
80298|가리새
80299|무사안일하다
80300|피엠피
80301|배수관로
80302|추단
80303|광이다
80304|퍼스낼리티
80305|맟다
80306|께름하다
80307|라거맥주
80308|페이탈리티
80309|요업
80310|기란
80311|베이퍼웨어
80312|전아
80313|아슬
80314|여어
80315|끄떡거리다
80316|점안하다
80317|옴팍하다
80318|디유
80319|역속
80320|재깍거리다
80321|아고고
80322|구빈
80323|톤부리
80324|와일러
80325|티린스
80326|하늬
80327|기신
80328|아미오다론
80329|타리다
80330|검치
80331|채신
80332|망기스타우
80333|노놓다
80334|상식화
80335|정염
80336|삐끗삐끗하다
80337|모르나
80338|홍선
80339|장옥
80340|흰불나방
80341|길레스피
80342|프리라이더
80343|오컬티즘
80344|까딱대다
80345|서두리
80346|유비하다
80347|연송
80348|가죽이
80349|어물대다
80350|카프탄
80351|홍필
80352|울통
80353|재공모하다
80354|쏘가리매운탕
80355|인봉하다
80356|검정말
80357|욕구하다
80358|어야다
80359|복합화되다
80360|차환하다
80361|사리카
80362|들씌우다
80363|금촌동
80364|혼자소
80365|끼침
80366|여상히
80367|달갈
80368|중간치
80369|윤현
80370|드새다
80371|도부
80372|꼼꼼이
80373|싱크로나이저
80374|차료
80375|테크노크라트
80376|주족
80377|게사니
80378|전지되다
80379|교당
80380|틔
80381|리틀턴
80382|프리뮬라
80383|키리노
80384|빠짐없다
80385|작이
80386|범게
80387|뽂다
80388|생이다
80389|다묵장어
80390|잡문
80391|라이샤워
80392|클레먼츠
80393|쓰름쓰름
80394|시베츠
80395|햇빝
80396|상찬하다
80397|바스커빌
80398|앰뷸란스
80399|폐마
80400|점착하다
80401|그로피우스
80402|편벽
80403|고체화하다
80404|의황
80405|젬퍼
80406|용가
80407|아프가니
80408|다마르다
80409|오려붙이기
80410|꾸정모기
80411|슴다
80412|엑스트랙트
80413|예금되다
80414|유희하다
80415|개골
80416|자타카
80417|린덴
80418|렘샤이트
80419|대동배
80420|널링
80421|물스키
80422|치올콥스키
80423|트리클로로메탄
80424|원료기지
80425|추마
80426|슨상
80427|피매
80428|꽃겟과
80429|백배하다
80430|환향
80431|총석
80432|다닥다닥하다
80433|덜렁하다
80434|이맛전
80435|끔찍끔찍하다
80436|임직
80437|쿵쾅하다
80438|자찬
80439|야오야오
80440|우스갯말
80441|반층
80442|흘긋대다
80443|강와
80444|등겹살
80445|다큐멘타리
80446|추매
80447|르포르
80448|양속
80449|손부끄럽다
80450|설기과자
80451|삐삐거리다
80452|아사셀
80453|둠기
80454|대무하다
80455|살고나다
80456|여래성
80457|결찰
80458|수세하다
80459|돈세
80460|자부담하다
80461|형여
80462|복족
80463|몬차
80464|희끗
80465|빵석
80466|백층
80467|파모
80468|표목
80469|테일러스
80470|예사로이
80471|들까불다
80472|속노
80473|충류
80474|본일
80475|권농
80476|웨토
80477|프로테아제
80478|체질하다
80479|비바리
80480|공동화되다
80481|탑파
80482|헤모시아닌
80483|녀중
80484|차단물
80485|얼렁얼렁
80486|석재
80487|보기
80488|훨
80489|적량
80490|넌픽션
80491|고동털개미
80492|웅병
80493|개성미
80494|완용
80495|개자
80496|서병
80497|삼사일언
80498|신죽
80499|재경기하다
80500|메티다
80501|카랑카랑
80502|하사미
80503|면신
80504|뻐금거리다
80505|가탁하다
80506|선탑
80507|배냇병신
80508|씁쓰레
80509|고처
80510|비과세되다
80511|낭산
80512|메타암페타민
80513|여도
80514|노수하다
80515|동일화되다
80516|촉경
80517|류환
80518|가련히
80519|형곡초
80520|야숙
80521|단두
80522|추노하다
80523|달락
80524|억울히
80525|소외하다
80526|캭캭
80527|흰깨
80528|각중에
80529|진례면
80530|고촌
80531|헨젠
80532|핸드쉐이크
80533|쌍철
80534|순대곱창볶음
80535|가니마
80536|건축예술
80537|원도
80538|기계다리
80539|죽사
80540|겉돌
80541|꼬까
80542|모새
80543|명비
80544|쇠망치
80545|베레다
80546|간석
80547|가몬
80548|다리미질하다
80549|히죽이
80550|총지
80551|공출하다
80552|어문학
80553|표적물
80554|랑바레네
80555|끊어트리다
80556|극성떨다
80557|지겟가지
80558|베저테리언
80559|루이
80560|탄탈룸
80561|크리놀린
80562|왼눈잡이
80563|추점
80564|코르시카섬
80565|백이다
80566|내림
80567|금사식
80568|풍성풍성하다
80569|조닝
80570|베르그송
80571|지허다
80572|내훈
80573|봉쇄망
80574|혼코노미
80575|설렁하다
80576|알리칸테
80577|교부되다
80578|경리하다
80579|레실린
80580|징세권
80581|파진
80582|손해보상
80583|바다수리
80584|정재홍
80585|갬비슨
80586|삼로
80587|꼼짝없다
80588|남방부전나비
80589|협행
80590|두통거리
80591|테르펜
80592|선치
80593|깻묵
80594|티밥
80595|현출되다
80596|학평
80597|제급
80598|체이
80599|까찌
80600|뚜걱뚜걱
80601|정위치하다
80602|섭행
80603|벌럼
80604|르낭
80605|훈방하다
80606|꼳
80607|자류
80608|바위다
80609|언월
80610|있어빌리티
80611|말놀이하다
80612|야조
80613|상광
80614|누를다
80615|간원
80616|포토그램
80617|슷다
80618|차말
80619|밥도그
80620|꾸르륵하다
80621|훈명
80622|내남없이
80623|황백
80624|둥글레조개
80625|텀벙텀벙
80626|배례
80627|고령화하다
80628|선뜩선뜩
80629|지렛목
80630|대안하다
80631|준율
80632|갈래다
80633|정선되다
80634|가다리
80635|특미
80636|겹침
80637|굽도리
80638|부발
80639|야은
80640|국례
80641|치계
80642|배점하다
80643|아늑히
80644|나돌아댕기다
80645|언부
80646|이원
80647|저낙
80648|드보르
80649|나그랑
80650|저공비행하다
80651|펄떡이다
80652|만화하다
80653|백가쟁명식
80654|을그다
80655|쇄은
80656|괴목
80657|료우
80658|군남
80659|격폐
80660|엉너리
80661|포송령
80662|양석
80663|협종
80664|루로
80665|더립다
80666|초모
80667|숙독
80668|뿐지르다
80669|짜꾸
80670|인륜대사
80671|악파
80672|추발
80673|등금
80674|파니니
80675|벙실대다
80676|회오
80677|펫파라치
80678|홀짝하다
80679|뉴우스
80680|낮춤
80681|윤간하다
80682|우덕
80683|비둘깃과
80684|맥락화하다
80685|쭝얼쭝얼
80686|내암
80687|카세
80688|쌀므다
80689|문애
80690|누악쇼트
80691|남실대다
80692|양고
80693|다향
80694|탐진강
80695|금나다
80696|오른눈잡이
80697|탄차
80698|어랑군
80699|시들거리다
80700|친행
80701|타크로리무스
80702|속환
80703|모약
80704|숙행
80705|상부하다
80706|만무방
80707|채티다
80708|촌계
80709|대장편소설
80710|심처
80711|환의
80712|소그드인
80713|중고령자
80714|황견
80715|상냥스럽다
80716|삼엄히
80717|다단하다
80718|합장되다
80719|주락
80720|돈피
80721|선거되다
80722|재정착하다
80723|플럭서스
80724|우직우직
80725|온순히
80726|코기토
80727|녹찻잎
80728|패초
80729|웽웽대다
80730|우희다
80731|퓽퓽
80732|매문
80733|잔간
80734|동변
80735|로사스
80736|레져
80737|탁궁
80738|자이푸르
80739|재아
80740|재선임하다
80741|초칠
80742|들은풍월
80743|이버지
80744|구원
80745|알음알이
80746|솜저고리
80747|툭탁
80748|편만하다
80749|프로테스탄티즘
80750|액살
80751|희자
80752|험상
80753|트랙백
80754|황병
80755|진중히
80756|수층
80757|약조되다
80758|저량
80759|키타이
80760|초우하다
80761|카수
80762|비네그레트
80763|통계화하다
80764|기업화하다
80765|하우다치즈
80766|어깨걸이
80767|브랸스크주
80768|꿩의다리
80769|이별가
80770|버금하다
80771|빨레
80772|과유
80773|신감
80774|벌말교
80775|재결
80776|페더레이션
80777|요주
80778|다이너모
80779|촛물
80780|포물
80781|갉작대다
80782|정칙
80783|코차밤바
80784|짜랑짜랑
80785|벵원
80786|뿍뿍
80787|봉락
80788|되올라가다
80789|프리핸드
80790|들어다보다
80791|수케
80792|보과
80793|함열
80794|신드주
80795|승운
80796|뽐
80797|방등
80798|인오
80799|암울함
80800|햇보리
80801|편철
80802|정례하다
80803|득책
80804|곡용
80805|설선
80806|쿨레쇼프
80807|문재
80808|농자
80809|알면
80810|덱스트로암페타민
80811|알마아타
80812|안당
80813|그림틀
80814|무지르다
80815|활량
80816|위천
80817|히미
80818|단죄되다
80819|서보모터
80820|푸리에
80821|해라
80822|나르시서스
80823|진키
80824|석윳값
80825|핌플
80826|고상히
80827|쇠살대
80828|자갓
80829|왱왱대다
80830|개숫물
80831|시그럽다
80832|치쉬다
80833|하어
80834|낙자
80835|바슬바슬하다
80836|종유
80837|케르세틴
80838|시큰대다
80839|배오다
80840|망곡
80841|설중
80842|허재비
80843|조반류
80844|디디티
80845|옥호
80846|무도막심하다
80847|반의하다
80848|덕거리
80849|종체
80850|당화되다
80851|물갈기
80852|울끈
80853|바나흐
80854|시장스럽다
80855|배갈
80856|비양
80857|맞추방하다
80858|르그레
80859|빛발
80860|프로타민
80861|잔편
80862|람비
80863|실개
80864|재흡수하다
80865|새코
80866|페어그라운드
80867|애물땡땡이
80868|흠종
80869|퍼마
80870|퇴조하다
80871|만나니
80872|마크업
80873|부모은중경
80874|지롱
80875|모디스
80876|소맷동
80877|불생
80878|허도
80879|유상곡수연
80880|니시구
80881|범정
80882|쉬케
80883|국산화되다
80884|횡영
80885|번역극
80886|거전
80887|제족
80888|토의되다
80889|뚜가리
80890|고복
80891|나카노구
80892|우바새
80893|매주하다
80894|싸묵싸묵
80895|퇴치다
80896|덜걱대다
80897|넵투늄
80898|가잼비
80899|곰피
80900|네퍼
80901|빙핵
80902|국수말
80903|거드럭대다
80904|곱아들다
80905|질끔
80906|알주
80907|거류
80908|일반성
80909|모토이
80910|접현
80911|맴돌이
80912|끔벅이다
80913|삭후다
80914|끕끕하다
80915|재출전하다
80916|자일렌
80917|리액
80918|감원되다
80919|방열기
80920|마직
80921|시거리
80922|음심
80923|물수건
80924|똥깨
80925|태환하다
80926|샛담
80927|차차하다
80928|외산
80929|탄연
80930|대항경기
80931|격동되다
80932|환금하다
80933|노스다코타주
80934|어효
80935|철퍼덕하다
80936|춘세
80937|준승
80938|때맞다
80939|천석꾼
80940|깨풀
80941|스테이크스
80942|내왕하다
80943|아승지
80944|바위벼랑
80945|코아틀리쿠에
80946|여업
80947|티플
80948|호역
80949|녹아떨어지다
80950|다디달다
80951|늘비하다
80952|경춘
80953|필가
80954|골모
80955|쓰르륵
80956|하반
80957|분분
80958|플라스몬
80959|칡차
80960|곱살하다
80961|방끗
80962|총집합되다
80963|게끔
80964|독존
80965|익반죽하다
80966|급원
80967|킬로그램중
80968|보몬트
80969|바랑
80970|청개
80971|멥시
80972|같지다
80973|몽디
80974|평음
80975|숙연히
80976|장면하다
80977|까랑까랑
80978|벌렁코
80979|나무무늬
80980|공기돌
80981|이극
80982|펄떡대다
80983|페룹다
80984|공재불사
80985|그렁저렁
80986|여릿여릿하다
80987|치덕거리다
80988|합금하다
80989|표식하다
80990|조석진
80991|흑치
80992|규화
80993|법흥
80994|횡경
80995|병설되다
80996|애처로이
80997|쿠시마
80998|폰노이만
80999|반정부
81000|아랫변
81001|쩌릿하다
81002|시슬다
81003|패관
81004|비텐베르크
81005|생갈레
81006|시타하다
81007|출세간
81008|뿌지직거리다
81009|맞장뜨다
81010|셸프
81011|크로마토그래프
81012|나비다
81013|그듸
81014|사덕
81015|데스모스
81016|고물거리다
81017|일필휘지하다
81018|옴다
81019|비철
81020|텔렉스
81021|장배
81022|억지루
81023|후려내다
81024|배장
81025|케렌스키
81026|숲갓
81027|내응
81028|띵기다
81029|씽씽하다
81030|강반
81031|본바닥
81032|아마릴리스
81033|중노
81034|통산하다
81035|희번득거리다
81036|과문
81037|미레유
81038|전경골근
81039|모타델라
81040|봉직
81041|촐기
81042|울면
81043|귀덕리
81044|포초
81045|실질상
81046|장번
81047|브라케
81048|향산
81049|프리믹스
81050|푼사
81051|소악
81052|귀체
81053|산수경석
81054|낙이
81055|오돌또기
81056|연골어강
81057|땅주
81058|푸근히
81059|청천백일만지홍기
81060|오학
81061|독지
81062|권력주의자
81063|레거
81064|떡떡
81065|기왓골
81066|목갑
81067|콩닥대다
81068|해각
81069|동빙고동
81070|들고튀다
81071|일득록
81072|부을나
81073|오프브로드웨이
81074|로스카보스
81075|원용되다
81076|혼목
81077|농반진반
81078|흐들흐들
81079|타마르
81080|분루
81081|이열
81082|스트레쳐
81083|부권
81084|밧드다
81085|와그르르
81086|트리벨리언
81087|차호원
81088|알아묵다
81089|선걸음
81090|샤르팡티에
81091|허청거리다
81092|야말반도
81093|매임
81094|선새
81095|요툰
81096|누미토르
81097|유룩
81098|엄부
81099|왕청
81100|나기브
81101|걸랑
81102|루드베키아
81103|대롱대롱하다
81104|말라티온
81105|통신업자
81106|흉보
81107|다붙다
81108|통소
81109|야살
81110|장업
81111|각초
81112|송국
81113|꾕가리
81114|껍지
81115|덧달다
81116|복작
81117|고박하다
81118|털썩하다
81119|같은자리
81120|송한
81121|상욕하다
81122|히뜩
81123|만담가
81124|돗짚자리
81125|속아
81126|다디다
81127|감연히
81128|서월
81129|나돋다
81130|총점검하다
81131|위한
81132|폿
81133|구태스럽다
81134|굴장
81135|헤죽헤죽
81136|오고
81137|납사
81138|스타인버그
81139|달치
81140|조봉
81141|수천만
81142|국로
81143|람주
81144|푸르디푸르다
81145|트랜스시버
81146|엄전하다
81147|족형
81148|뜨문뜨문하다
81149|체관
81150|로랭
81151|자분
81152|뇌회
81153|빼이다
81154|함라
81155|문진하다
81156|팔고
81157|드랭
81158|초킹
81159|중우
81160|셰러
81161|담지하다
81162|함입되다
81163|석곡
81164|졸자
81165|구리아
81166|알레그레토
81167|권술
81168|속격
81169|제주하다
81170|면온
81171|실령
81172|고식적
81173|가요
81174|집해
81175|그리치다
81176|설워하다
81177|타초
81178|봉국사
81179|개발자용
81180|두양리
81181|엔테베
81182|콩콩하다
81183|크리스티안산
81184|외리
81185|가이오다
81186|횡범
81187|선대인
81188|사자놀음
81189|허두
81190|건건히
81191|인플렉션
81192|식한
81193|플라노
81194|뒤엎이다
81195|오즐
81196|뒤헝클다
81197|빈씨
81198|쿠르디스탄
81199|걸사
81200|슾
81201|실용하다
81202|교린
81203|엘아이
81204|폐로
81205|조깨
81206|어뜬
81207|각분
81208|재업로드하다
81209|잡아다니다
81210|정육업자
81211|불비하다
81212|오림책
81213|연루하다
81214|범일
81215|마온
81216|하늘연달
81217|적사
81218|쥐개
81219|극야
81220|지밀하다
81221|괴하다
81222|독무하다
81223|남반
81224|베들링턴테리어
81225|봉개
81226|치하다
81227|특조
81228|자혜롭다
81229|시겁
81230|장구다
81231|가즈런히
81232|검사기
81233|후들기다
81234|궁각
81235|은총이
81236|암상스럽다
81237|선색
81238|짤막짤막
81239|펀트
81240|롱가
81241|강돈
81242|엠피스리
81243|일심불란하다
81244|복전
81245|한티
81246|손전
81247|우황
81248|꽝포
81249|평견
81250|면실
81251|콘파냐
81252|옹호되다
81253|앙주
81254|입안되다
81255|더니
81256|곡수
81257|넘실넘실하다
81258|폭닥하다
81259|객신
81260|늘어남
81261|플로린
81262|버턴
81263|나뜨다
81264|고무줄놀이하다
81265|청태
81266|잘그락잘그락
81267|캄푸스
81268|의앙
81269|원잠
81270|본존
81271|동씨
81272|위생면
81273|혼서
81274|고리띠
81275|퐁타방
81276|방랑길
81277|일비
81278|헛사랑
81279|제나
81280|세로로
81281|카데터
81282|주먹싸움하다
81283|집총
81284|난층운
81285|클래딩
81286|상창
81287|핧다
81288|무념
81289|신소리하다
81290|하늘대다
81291|노시
81292|규범성
81293|요어
81294|관객맞이
81295|그눔
81296|애별
81297|출신하다
81298|혼삿날
81299|어룽어룽
81300|프레파라트
81301|낙주
81302|오브알부민
81303|임진하다
81304|쭈룩쭈룩
81305|리비우스
81306|구축
81307|섭입
81308|수숫단
81309|세산
81310|따로나다
81311|증득
81312|훌렁거리다
81313|난학
81314|패루
81315|예모
81316|티이
81317|예반
81318|뽀시레기
81319|플랭카드
81320|파하
81321|낙서투성이
81322|운허
81323|쫙쫙하다
81324|내분비샘
81325|군소리하다
81326|얼뜨다
81327|쌔우
81328|협시
81329|와지끈하다
81330|피낭
81331|촌지
81332|사건화되다
81333|왼갖
81334|모노키니
81335|체동
81336|범식
81337|카프리섬
81338|셰어웨어
81339|또랑
81340|거디다
81341|맨프레드
81342|벼슬살이
81343|해공
81344|사극하다
81345|어제께
81346|쟁패
81347|뜨습다
81348|봉씨
81349|탈랑
81350|본초
81351|쫠
81352|무댕
81353|홧홧
81354|코담뱃갑
81355|일본어학과
81356|드루이드교
81357|테트라베나진
81358|노수
81359|예증
81360|야외다
81361|헤즈
81362|당골
81363|누리끼하다
81364|에그그
81365|제발하다
81366|회가
81367|흩이다
81368|피불라
81369|청소반장
81370|바쿠닌
81371|보헴
81372|과들루프
81373|크로스토크
81374|간들거리다
81375|휴약
81376|돌버섯
81377|실색하다
81378|극북
81379|공색
81380|석곽
81381|극변하다
81382|농공
81383|뱅고
81384|몰려서다
81385|야료
81386|제직하다
81387|자리자리
81388|직결시키다
81389|라메트
81390|퀴닌
81391|토도
81392|아이론
81393|김병로
81394|길룹다
81395|삼행
81396|프롤레타리아트
81397|수굿하다
81398|구난
81399|샤른호르스트
81400|완조
81401|브래드스트리트
81402|그뭄
81403|올아가다
81404|집념하다
81405|오시안
81406|유킨코
81407|비상근직
81408|채득
81409|누미디아
81410|그랜드래피즈
81411|율현
81412|제거리
81413|타견
81414|합반하다
81415|내옹
81416|귀거
81417|영속화하다
81418|꼬지꼬지
81419|우웩하다
81420|동악
81421|감여
81422|승건
81423|득달같다
81424|급마무리되다
81425|설시
81426|위칭
81427|에피다우로스
81428|원순
81429|고시조
81430|위과
81431|골차다
81432|신성함
81433|와장창하다
81434|애급
81435|크리덴셜
81436|혼자나다
81437|저우커우뎬
81438|군수용
81439|면복
81440|껌벅껌벅
81441|매큼하다
81442|혜정
81443|채마
81444|종신하다
81445|불뚝하다
81446|총인
81447|심중하다
81448|징용하다
81449|취화
81450|글라스노스트
81451|쑥새
81452|꼬랑댕이
81453|하르바이
81454|플렉션
81455|비탈리다
81456|개금
81457|두르륵
81458|령가
81459|쪼물딱쪼물딱
81460|혼꾸멍나다
81461|일거하다
81462|즌
81463|퍼짐
81464|인성
81465|떼깔
81466|하필왈리
81467|펜타스
81468|바렌츠해
81469|물컹대다
81470|슬리머
81471|롯트
81472|아래틀
81473|박희
81474|구들목
81475|진해하다
81476|때민
81477|격절
81478|어수선
81479|필라리아
81480|승규
81481|편측
81482|장육
81483|장졸
81484|독야청청하다
81485|바이츠만
81486|봉긋봉긋하다
81487|꼭뒤
81488|독말풀
81489|봉숭화
81490|십이동파도
81491|정용하다
81492|안포
81493|문망
81494|그마하다
81495|버무
81496|간당
81497|탁송하다
81498|동양화가
81499|최신화되다
81500|되하다
81501|녀성고음
81502|폴리펩티드
81503|만어
81504|개념하다
81505|버개스
81506|클라드니
81507|꼬맥
81508|배청
81509|수별
81510|구탱이
81511|전할
81512|아그레
81513|관념하다
81514|인분
81515|할일없이
81516|깽깽대다
81517|워녕
81518|대훈
81519|미류
81520|접족
81521|바대
81522|중묘
81523|무애
81524|바람질
81525|글리콜
81526|지울다
81527|원컷
81528|다박솔
81529|무제치늪
81530|초환하다
81531|미네이랑
81532|격음
81533|최단
81534|비피오
81535|산진해미
81536|만하임
81537|피더
81538|영구불변
81539|천년지애
81540|화과
81541|꺼죽
81542|죽성
81543|이터븀
81544|희명
81545|씨지다
81546|외대
81547|브이알
81548|고들고들
81549|초례
81550|육포
81551|다스름
81552|측상
81553|허덕지덕
81554|캐시리스
81555|축담
81556|농현하다
81557|가증되다
81558|전절
81559|개풀리다
81560|지이다
81561|봉창하다
81562|어식
81563|성료
81564|임목
81565|매끌매끌
81566|직거래되다
81567|럼푼
81568|여이다
81569|어림없이
81570|얼른하다
81571|천처이
81572|우녕
81573|내서하다
81574|정민하다
81575|연파
81576|향음
81577|메트로니다졸
81578|개쉽싸리
81579|돌라가다
81580|대롭다
81581|탄언
81582|간동
81583|으뜸음
81584|사두개파
81585|도평의사사
81586|수비망
81587|핵개
81588|걸이쇠
81589|종량
81590|약리
81591|광객
81592|으늑하다
81593|적빈하다
81594|보균하다
81595|심고하다
81596|관관
81597|괴링
81598|댕댕거리다
81599|엉둥이
81600|국가주택
81601|붙여쓰기
81602|배반되다
81603|최빈곤층
81604|새러토가
81605|투르크멘
81606|따나다
81607|협응하다
81608|바꾸리
81609|하머
81610|이생규장전
81611|날부핀
81612|두룹
81613|빨랫돌
81614|노란목도리담비
81615|밑불
81616|자엽
81617|펑톈
81618|망실망실하다
81619|보코더
81620|갈라티아
81621|종리
81622|박속
81623|이헌구
81624|환격
81625|체간
81626|집행관실
81627|당두
81628|고구하다
81629|쫑긋대다
81630|가식하다
81631|오케스트레이션
81632|탁세
81633|풍자성
81634|투손
81635|피루에트
81636|벨나다
81637|똥글하다
81638|차장하다
81639|보작
81640|운저
81641|머래
81642|연족
81643|잠자
81644|류사오치
81645|겨릿소
81646|종용히
81647|수젓집
81648|코로나그래프
81649|카오팟
81650|그느마
81651|녹작지근하다
81652|속환되다
81653|조례하다
81654|허증
81655|무계획하다
81656|달련하다
81657|방관적
81658|채독
81659|행불되다
81660|비녹
81661|제한성
81662|텔레픽스
81663|티라민
81664|초극
81665|수범하다
81666|에지워스
81667|아우어바흐
81668|사부
81669|훈격
81670|저히다
81671|졸리베
81672|왈강달강
81673|즐린
81674|쟁패하다
81675|레그스
81676|팃검불
81677|존체
81678|벌레잡이통풀
81679|단진
81680|직숙
81681|배껕
81682|와카사
81683|패업
81684|후리소데
81685|토픽스
81686|꿩의비름
81687|비양거리다
81688|패방
81689|담수화되다
81690|눈요깃감
81691|돋을새김하다
81692|적고
81693|고리자루칼
81694|의희
81695|마황
81696|병발하다
81697|기평
81698|모심이
81699|경행
81700|견물
81701|터추다
81702|홈오토메이션
81703|모권사회
81704|울창
81705|패쓰다
81706|던랩
81707|딱까리
81708|종삼
81709|시끌벅적거리다
81710|께끄름하다
81711|임면하다
81712|설백
81713|패라다
81714|백리스
81715|빗서다
81716|도매값
81717|옥소
81718|간보
81719|추살하다
81720|구뜰하다
81721|파근하다
81722|진신
81723|상설관
81724|맞대면하다
81725|방송극
81726|할랑할랑
81727|효덕
81728|월량
81729|애플릿
81730|속그물
81731|강복하다
81732|킬로줄
81733|까무러지다
81734|국적이다
81735|처세하다
81736|치탈
81737|고분하다
81738|북창문
81739|건륭
81740|난행
81741|배코
81742|말예
81743|응양
81744|데트
81745|위세척하다
81746|과부족
81747|귀자
81748|부운
81749|글쇠판
81750|래피더리
81751|왈왈대다
81752|진속
81753|북이
81754|튀지다
81755|보텀업
81756|엉큼엉큼
81757|혜량하다
81758|약분되다
81759|문라
81760|도리깨질하다
81761|넉살스럽다
81762|과밀화되다
81763|꼬부랑거리다
81764|타르수스
81765|카멜레존
81766|다먼
81767|도향
81768|건중
81769|겹질리다
81770|집객
81771|에르하르트
81772|캡차
81773|남선
81774|부르릉부르릉
81775|창지
81776|거슬한
81777|통하
81778|카나트
81779|전신하다
81780|오란
81781|귀거하다
81782|여서다
81783|바람새
81784|탄탈라이트
81785|회적
81786|순군
81787|보당
81788|춘설
81789|위칫값
81790|의려
81791|악간
81792|외발산동
81793|미야시로
81794|탄제
81795|전희하다
81796|감항
81797|트로키
81798|포도아
81799|캠던
81800|껍적대다
81801|기룡
81802|방맹이
81803|탕슉
81804|극공
81805|알쿠다
81806|주갈
81807|끝닿다
81808|무족
81809|어쩌케
81810|의뭉하다
81811|몸자세
81812|데모데
81813|다보록하다
81814|전혜린
81815|세절하다
81816|퓸
81817|소곱
81818|재계하다
81819|온고이지신
81820|틴토레토
81821|데가볼리
81822|잘끈
81823|잠두
81824|꿔매다
81825|칠반천인
81826|후속하다
81827|점철하다
81828|명주옷
81829|비오비오
81830|도너스
81831|구일
81832|서록
81833|관섭하다
81834|툴스
81835|제애
81836|사운드스케이프
81837|흘낏하다
81838|별첨하다
81839|들메끈
81840|시그라프
81841|낙소스섬
81842|참절하다
81843|소록소록
81844|자연숲
81845|첩고
81846|간반
81847|보통이
81848|동향인
81849|번데
81850|와병하다
81851|벵갈고양이
81852|콜렛
81853|아부키르만
81854|헛수
81855|그리도
81856|무하다
81857|꿈적거리다
81858|까탄
81859|애미시스트
81860|남계
81861|에니
81862|물루
81863|뜨더국
81864|두째
81865|레피티션
81866|투렌
81867|신붓집
81868|가일러
81869|그령
81870|마스페로
81871|사무
81872|짤까닥
81873|찡끗거리다
81874|서브타이틀
81875|휘재하다
81876|도담도담
81877|근심스레
81878|모연
81879|촌때
81880|자립화하다
81881|대부하다
81882|젠디다
81883|프레너미
81884|세인트헬레나섬
81885|사르락거리다
81886|풍리
81887|비상히
81888|축이
81889|알락달락하다
81890|익랑
81891|포접
81892|복간하다
81893|탈지면
81894|오딱오딱
81895|어칠비칠
81896|회고
81897|검험하다
81898|옥영
81899|거질
81900|요위
81901|클로미펜
81902|슈도에페드린
81903|슬럼화하다
81904|아슴푸레
81905|헐떡헐떡하다
81906|거슴츠레
81907|혐연권
81908|차호
81909|기업자
81910|오디샤주
81911|쓱싹거리다
81912|필운
81913|보누
81914|인애하다
81915|마사이어
81916|이긍익
81917|꽐꽐
81918|재추진되다
81919|야고
81920|브레시
81921|철석같다
81922|전반사하다
81923|콘스탄차
81924|김재찬
81925|블랙스
81926|텔로머라아제
81927|빠드등하다
81928|카울리
81929|합평하다
81930|실음
81931|하위징아
81932|프로스타글란딘
81933|프라고나르
81934|붓꽂이
81935|혼숫감
81936|이트라코나졸
81937|나뉜옷
81938|호르륵
81939|루벤샌드위치
81940|정마하다
81941|시난고난
81942|홍내
81943|전손
81944|트리즈
81945|여황
81946|원업
81947|두붓국
81948|라이노바이러스
81949|어몽룡
81950|농투성이
81951|산적꽂이
81952|그먼
81953|프시
81954|도펀트
81955|반점투성이
81956|체색
81957|해위
81958|분거
81959|티엔시
81960|온파
81961|곽쥐
81962|으레껏
81963|도지개
81964|뒷물
81965|언서
81966|무호
81967|하봉
81968|쿵닥쿵닥
81969|토착하다
81970|치열히
81971|복엽
81972|음풍
81973|소교
81974|한행
81975|소가
81976|밝기
81977|여림
81978|식가
81979|자편
81980|위엄스럽다
81981|고기배
81982|초생
81983|찌끄럭지
81984|센차
81985|향호
81986|죽인
81987|지겟다리
81988|꺼내리다
81989|우글쭈글
81990|고카
81991|과립형
81992|넓죽
81993|재자원화하다
81994|자교
81995|게이다
81996|회귀되다
81997|중수되다
81998|내비다
81999|총비
82000|의심스레
82001|문달
82002|고중
82003|액성
82004|즈봉
82005|지지러지다
82006|명게
82007|주릿대
82008|가르랑가르랑
82009|와르륵
82010|마주막
82011|개굴개굴하다
82012|잡초투성이
82013|중포
82014|거무
82015|예찰하다
82016|체재
82017|세알리다
82018|도시하다
82019|갯고둥
82020|나무보
82021|수꾸
82022|비죽비죽하다
82023|배채
82024|재신임되다
82025|마른빨래
82026|시롭다
82027|부흐
82028|아스크
82029|착탈
82030|바이오마커
82031|동단
82032|장그다
82033|제오라이트
82034|의점
82035|오동아
82036|우수꽝스럽다
82037|버글대다
82038|주유검
82039|봉퐁
82040|피아니시시모
82041|저리저리하다
82042|매콤칼칼하다
82043|태작
82044|향목
82045|내현
82046|예관
82047|서인천고
82048|젖니
82049|보총
82050|의옥
82051|다능성
82052|빈산
82053|중언
82054|메르캅탄
82055|옥단춘전
82056|파득거리다
82057|인기투표하다
82058|의신
82059|다이모니온
82060|멩거
82061|봉찬
82062|방리
82063|연창
82064|지즈
82065|거북등무늬
82066|맞은켠
82067|끄질다
82068|쭐레쭐레
82069|조로하다
82070|포가
82071|플뤼커
82072|가비알
82073|오이즈미
82074|느암
82075|마룻널
82076|용뇌
82077|크라바트
82078|악시
82079|마하라자
82080|노던
82081|복근하다
82082|엄엄하다
82083|동령
82084|노번
82085|중지중
82086|영로
82087|불타
82088|윌킨슨
82089|길레다
82090|여핀네
82091|끼얹히다
82092|복갑
82093|판각하다
82094|와합
82095|세미톤
82096|뇌격
82097|쿠린내
82098|나불
82099|훼파하다
82100|등제
82101|횡렬
82102|상대원
82103|동린
82104|쥐통
82105|개가식
82106|팔랑이다
82107|나무탑
82108|합토제
82109|세숫비누
82110|밀영
82111|부댕
82112|디귿자집
82113|정규직화되다
82114|성파
82115|해상하다
82116|하애
82117|중앙탑초
82118|카주라호
82119|천만부당하다
82120|책고
82121|패리티
82122|뻿기다
82123|결과하다
82124|안강하다
82125|겐코
82126|스트라이드
82127|멀리건
82128|정초하다
82129|요래
82130|귀촉도
82131|현현되다
82132|초깃값
82133|자치기하다
82134|바구다
82135|독판
82136|박근하다
82137|동절
82138|언플레이어블
82139|다극화되다
82140|선세
82141|페름
82142|성곡
82143|오실롯
82144|반막양근
82145|엘승타사르하이
82146|병반
82147|고혹스럽다
82148|상형하다
82149|택현하다
82150|탕곡
82151|비쭉대다
82152|매신저
82153|아브라카타브라
82154|슐라이허
82155|병렬되다
82156|고급동작
82157|죽주
82158|수릉
82159|욱일승천하다
82160|계선하다
82161|버팀재
82162|꺼덕거리다
82163|팔용산
82164|따로서다
82165|통미봉남
82166|처옇다
82167|그끄제
82168|더딥다
82169|비척
82170|길성
82171|측위
82172|명산물
82173|혼왕
82174|공판하다
82175|상저
82176|뿌윰하다
82177|새큰하다
82178|재번역하다
82179|무거
82180|눈썹연필
82181|고창하다
82182|오네시모
82183|설해
82184|집지다
82185|일취
82186|구태
82187|북빙양
82188|곡사
82189|박전
82190|가간
82191|메난드로스
82192|만티네이아
82193|테르툴리아누스
82194|빵긋빵긋하다
82195|체독
82196|볼상
82197|챔퍼
82198|다나오스
82199|구릿구릿하다
82200|탄이하다
82201|엽엽하다
82202|뒷손가락질
82203|비아냥조
82204|흥흥거리다
82205|막소주
82206|풍경하다
82207|우수리스크
82208|비아이에스
82209|물시
82210|어쩐지
82211|심플리시티
82212|세뿔투구꽃
82213|편정
82214|함성하다
82215|생오
82216|접자
82217|평방피트
82218|태독
82219|근근하다
82220|뺙뺙
82221|컨슈머리즘
82222|바킹
82223|후제
82224|도라지나물
82225|한극
82226|우주다
82227|진어
82228|아드하르
82229|수프리모
82230|배선되다
82231|걷어들다
82232|흥해
82233|금회
82234|고연이
82235|송동
82236|거플
82237|아콰마린
82238|주유되다
82239|검을현
82240|유령하다
82241|서벽
82242|이맥
82243|멀티호밍
82244|조물락조물락
82245|곤주
82246|가가대소하다
82247|대판
82248|비로자나
82249|후화
82250|이아리
82251|수공품
82252|첨하다
82253|먼처
82254|중신아비
82255|출경
82256|결초보은하다
82257|박섬
82258|상메
82259|빙긋거리다
82260|치고이너바이젠
82261|다욧
82262|호완
82263|못줄
82264|무단출입하다
82265|하화
82266|혜지
82267|경랑
82268|판당
82269|무원칙
82270|케네
82271|마주로
82272|위차
82273|파철
82274|종이철
82275|전중후
82276|재재재재
82277|이십다
82278|깜짝거리다
82279|아장아장하다
82280|거드다
82281|진어하다
82282|근일
82283|브라이어
82284|농흉
82285|캠버
82286|재상영되다
82287|중두
82288|미구하다
82289|실국
82290|올로모우츠
82291|사흗날
82292|치지하다
82293|부찌
82294|치레거리
82295|아바즈
82296|완상하다
82297|감애리
82298|길쌈놀이
82299|구골플렉스
82300|되리다
82301|터수
82302|근질대다
82303|지얘
82304|반담
82305|여감
82306|관현
82307|싸목싸목
82308|실룩샐룩
82309|배냇병
82310|주밍
82311|희뿌윰하다
82312|가석
82313|부편
82314|카발리에리
82315|증파
82316|염오하다
82317|후국
82318|간맥
82319|짧은바늘
82320|우푯값
82321|부북
82322|침음하다
82323|익제
82324|모루다
82325|참담
82326|가감승제
82327|프로필라이온
82328|용좌
82329|대후두공
82330|간균
82331|선투자하다
82332|인터폴레이션
82333|로듐
82334|개벌
82335|은자메나
82336|영글
82337|패럴
82338|콸콸대다
82339|과해
82340|제퍼스
82341|북숭아
82342|기기괴괴하다
82343|분병
82344|가음하다
82345|탤리
82346|생불여사
82347|아이스바인
82348|접원
82349|항취
82350|상막
82351|박인하다
82352|빠름
82353|소침하다
82354|대팻날
82355|물법
82356|도갑사
82357|일하
82358|극감
82359|걱정투성이
82360|업지다
82361|볼멧
82362|깨끼
82363|마보
82364|천격스럽다
82365|로티스
82366|흑탄
82367|학암동
82368|헬리패드
82369|등보
82370|풍비
82371|폐군하다
82372|보키다
82373|교두
82374|쫄이다
82375|후다닥거리다
82376|진니
82377|언권
82378|기지내
82379|메뚜깃과
82380|변정
82381|창금
82382|서용하다
82383|논죄하다
82384|가으내
82385|모데라토
82386|비비적비비적
82387|복사기
82388|집어뜯다
82389|톰박
82390|지외
82391|덕금
82392|명전
82393|듬삭하다
82394|꾸물
82395|설리다
82396|바차타
82397|체신머리
82398|컹컹대다
82399|튀튀하다
82400|불온
82401|일면적
82402|맹폭격하다
82403|막센티우스
82404|전안
82405|갯방풍
82406|신송
82407|생글
82408|섞어탕
82409|석록
82410|내질리다
82411|상대화하다
82412|와륵
82413|요주의
82414|쉬려하다
82415|레드먼
82416|하리
82417|양임
82418|텔레워크
82419|헛방망이
82420|재수감하다
82421|게박
82422|옹위
82423|단시일
82424|안고하다
82425|사박거리다
82426|돌묵상어
82427|비베카난다
82428|낯가림하다
82429|내품다
82430|선희궁
82431|꼰디
82432|매끌다
82433|샬라샬라하다
82434|온건
82435|하전하다
82436|단전하다
82437|코훌쩍이
82438|겔겔대다
82439|정성되다
82440|디브러리
82441|약바르다
82442|함뿍
82443|소리마당
82444|희원하다
82445|연죽
82446|매암
82447|충민
82448|푸덕푸덕
82449|서군
82450|발키다
82451|보위대
82452|단보
82453|또닥또닥
82454|청추
82455|탈상하다
82456|과관
82457|남중하다
82458|탈리도마이드
82459|부무
82460|물맞이
82461|시네라마
82462|패당
82463|선험
82464|짬장
82465|집병하다
82466|다형
82467|루프홀
82468|점용하다
82469|꼬신내
82470|엇바꾸다
82471|평과
82472|소고깃값
82473|뿌무개
82474|어석거리다
82475|움칠하다
82476|벙싯대다
82477|무중
82478|저액
82479|문헌공도
82480|암로
82481|국제비행장
82482|암페
82483|정말로
82484|번적
82485|크루너
82486|백인
82487|실정하다
82488|조곤조곤히
82489|드에
82490|개법
82491|겔혼
82492|아나플라즈마증
82493|불문곡직
82494|물떼다
82495|부임되다
82496|지고이네르바이젠
82497|카시러
82498|확지
82499|끝마무리하다
82500|키시너우
82501|불가불
82502|온담탕
82503|당그리
82504|채광되다
82505|버니어
82506|시가행진하다
82507|뻔뻔이
82508|총가
82509|철암
82510|조골세포
82511|직통하다
82512|대편
82513|패옥
82514|에프타
82515|내리내리
82516|바이로이트
82517|저섬
82518|격이
82519|흙탕물투성이
82520|멀베리
82521|면벽하다
82522|피오렌티노
82523|광리
82524|차즘
82525|나사우
82526|알브이
82527|투상
82528|교남
82529|허니잼
82530|논고하다
82531|석종
82532|재사용병
82533|음호
82534|우아우아
82535|겔레
82536|양득
82537|히로노
82538|괴벽스럽다
82539|쥐머리
82540|꼬부리다
82541|먹지다
82542|극렬
82543|자자분하다
82544|지가하다
82545|응응거리다
82546|형벌하다
82547|파트와
82548|국가빚
82549|내리보다
82550|열대숲
82551|새깨
82552|주회
82553|스큐
82554|죽계
82555|초절
82556|여화
82557|석단
82558|불충스럽다
82559|촉대
82560|쑹덩쑹덩
82561|만가
82562|연에
82563|사회성분
82564|합일하다
82565|중선
82566|서헌
82567|덕윤
82568|가욥다
82569|소강하다
82570|운용비
82571|탱자탱자하다
82572|여때
82573|삐딱이
82574|후래쉬
82575|모역하다
82576|야금거리다
82577|통박
82578|선급하다
82579|비식비식
82580|웅덩
82581|충도
82582|대와
82583|쓰잘데없이
82584|고먹
82585|예주
82586|미시족
82587|상태미
82588|왜소화
82589|오조룡보
82590|초과액
82591|재조율하다
82592|김춘택
82593|이두
82594|황감하다
82595|보배우다
82596|교잡되다
82597|알짱알짱하다
82598|진모습
82599|무임소
82600|줄라다
82601|상잔
82602|비껴치다
82603|파약
82604|도괴
82605|내로
82606|악골
82607|하루거리
82608|이드리시
82609|까물다
82610|헴라인
82611|으적거리다
82612|잡업
82613|의친
82614|천재
82615|황택
82616|소세하다
82617|윈스턴세일럼
82618|수고로이
82619|급진
82620|화리
82621|쫑기다
82622|푸르니에
82623|정려하다
82624|쿠즈네츠크
82625|지두우
82626|겁치다
82627|구불
82628|스몰렌스크
82629|운비
82630|해동제국기
82631|삽주
82632|그리웁다
82633|악착하다
82634|쾌정
82635|모한
82636|꿩의바람꽃
82637|인터테인먼트
82638|고다리
82639|개군면
82640|운룡
82641|손주름
82642|멀티컬처
82643|적기
82644|불곡
82645|브론징
82646|독탕
82647|클라미도모나스
82648|육체
82649|문웅
82650|첼레스타
82651|내빈석
82652|활도
82653|환경하다
82654|노당
82655|침노
82656|알피니스트
82657|세부지표
82658|잡패
82659|마늘쫑볶음
82660|차오저우
82661|게구
82662|주무치
82663|되읊다
82664|걸리가다
82665|내림굿하다
82666|꺼뭇하다
82667|언도되다
82668|첸탕강
82669|헤벌쭉대다
82670|친숙히
82671|급해맞다
82672|선진화하다
82673|염자
82674|코대
82675|앞시다
82676|말류
82677|올랑데즈소스
82678|보패
82679|행초
82680|부이하다
82681|윤준하다
82682|동녀
82683|메르크
82684|기념호
82685|에스이에스
82686|형무
82687|짐슴
82688|향발
82689|흉녀
82690|우물쩍
82691|차이스
82692|놀데
82693|치면세균막
82694|깬돌
82695|부비적거리다
82696|누부
82697|호래기
82698|여룹다
82699|주유천하하다
82700|페퇴피
82701|종덕
82702|겨웁다
82703|케블
82704|포판
82705|창량
82706|비에른손
82707|말듣다
82708|독차지
82709|퍼블리시티
82710|저혈
82711|갓치다
82712|껍닥
82713|내짚다
82714|셀즈닉
82715|포름
82716|련하다
82717|보가
82718|근부
82719|칼파스
82720|농치다
82721|책별
82722|광행차
82723|보력
82724|개흉
82725|케이케이케이
82726|확고부동
82727|갈아들다
82728|브레시아
82729|조르게
82730|느즈러지다
82731|아답타
82732|교하다
82733|러허
82734|소할
82735|노객
82736|설채
82737|콜키신
82738|드림보
82739|하드엣지
82740|서죽
82741|대척되다
82742|주혈
82743|꼬량
82744|레서스원숭이
82745|수침
82746|귀구멍
82747|균분하다
82748|예비과
82749|스캔달
82750|치키들다
82751|길선
82752|몽골다
82753|화한
82754|차콜그레이
82755|협녀
82756|아운
82757|리보뉴클레아제
82758|양허
82759|페르니크
82760|니토
82761|순두
82762|젠탱글
82763|시마지리
82764|심바스타틴
82765|등라
82766|간걸
82767|저어샛과
82768|교태롭다
82769|단국
82770|답전
82771|샤반
82772|도톰히
82773|경망
82774|브로커리지
82775|오일스킨
82776|청곡
82777|하트라
82778|범상
82779|메링
82780|아슴푸레하다
82781|파찰음
82782|태업하다
82783|시낭
82784|배랑
82785|궁글다
82786|격란
82787|김형직군
82788|하귀
82789|현송
82790|마르마라이
82791|척구
82792|투덕대다
82793|유진하다
82794|통타
82795|왹왹
82796|이오네스코
82797|집화
82798|문대
82799|머슥하다
82800|발질
82801|하이드로코돈
82802|표증
82803|민강
82804|지스다
82805|통고되다
82806|코르티코스테로이드
82807|변녀
82808|종서
82809|아태국장
82810|조실부모
82811|방임되다
82812|정축
82813|샛돔
82814|쇠망
82815|위기지학
82816|등감
82817|붙임
82818|다부르다
82819|재염
82820|묵적
82821|스미르나
82822|력적
82823|누러다
82824|전전반측하다
82825|수명하다
82826|숙장
82827|올베르스
82828|유회
82829|뱃짐
82830|쯕다
82831|산개되다
82832|황기하다
82833|나바라
82834|아침내
82835|왕시
82836|강급
82837|우국
82838|약비
82839|위망
82840|요그야카르타
82841|끔다
82842|취리
82843|귀퉁배기
82844|항민
82845|상노
82846|의봉
82847|쉬끼
82848|황계
82849|동향하다
82850|워맨스
82851|희유하다
82852|틸트업
82853|등업이
82854|콜로니
82855|가로무늬
82856|가분
82857|하느작하느작
82858|이상분
82859|복약하다
82860|처족
82861|개우
82862|에스브이
82863|꼴꼴
82864|류거
82865|이까이
82866|카밀루스
82867|두러스
82868|미장일하다
82869|주행선
82870|버검
82871|독득하다
82872|삼중
82873|남하다
82874|쳐부
82875|관중하다
82876|은백
82877|왕대폿집
82878|빙저호
82879|선추
82880|노창
82881|매웁다
82882|천진스레
82883|저르
82884|두황
82885|지질리우다
82886|옥파
82887|호락하다
82888|원옥
82889|격포리
82890|휘집
82891|저녁녘
82892|에어메트
82893|윤왕
82894|그레이팅
82895|좀바
82896|개먹다
82897|우그
82898|아르티
82899|케메니
82900|파딩게일
82901|덱스트린
82902|애달복달
82903|급양
82904|최의
82905|농장원
82906|혼석
82907|반다리
82908|글루코오스
82909|사르나트
82910|측전
82911|저희하다
82912|배혁
82913|명교
82914|훈습
82915|세금하다
82916|심전
82917|투베르쿨린
82918|특수화되다
82919|영활하다
82920|아프타
82921|눈대중하다
82922|방앗공이
82923|상공업자
82924|의젓이
82925|기자재
82926|이연
82927|차던지다
82928|공다리
82929|황봉
82930|고탁
82931|필승하다
82932|각적
82933|본경
82934|푸순
82935|대장질하다
82936|바부르
82937|종지굽
82938|걸핏
82939|심허
82940|애기차
82941|망설거리다
82942|소금하다
82943|디피다
82944|따바리
82945|선품
82946|개들다
82947|천장하다
82948|느글느글
82949|떠리미
82950|술풍
82951|백청
82952|재전송하다
82953|객공
82954|세행
82955|가혹히
82956|스터즈
82957|잔두
82958|카운터블로
82959|쇠알
82960|고가네이
82961|오루
82962|뱃동무
82963|광회
82964|냄
82965|상설하다
82966|기다맣다
82967|누름
82968|아슬히
82969|덜커덩대다
82970|탑등
82971|투쿠만
82972|곰살갑다
82973|자치제
82974|곱씹히다
82975|보물산
82976|사다가
82977|쿨렁거리다
82978|일숙
82979|사친이효
82980|웃움
82981|오베론
82982|녹구
82983|어헤
82984|삐뚜룸하다
82985|간살스럽다
82986|바윗골
82987|띠겁다
82988|험궂다
82989|채병덕
82990|번다하다
82991|우르르우르르
82992|하이프네이션
82993|성묫길
82994|닫아부치다
82995|호큐페이션
82996|패싱력
82997|꺼들다
82998|익릉
82999|니트로
83000|사무사
83001|책모
83002|세사르
83003|방아간
83004|실로하다
83005|햇김치
83006|월요팅
83007|탈역사화되다
83008|휴월
83009|추벽
83010|낱다
83011|차중
83012|성행되다
83013|석명하다
83014|순댓국밥
83015|귀해하다
83016|요리조리하다
83017|우시다
83018|복항하다
83019|부랴트
83020|윤채
83021|올올
83022|꿀꺽대다
83023|산자중기위
83024|시치다
83025|져녁
83026|도배장이
83027|비비하다
83028|행렬하다
83029|초밀
83030|마스지드
83031|감방살이
83032|매니퓰레이터
83033|올리고머
83034|허적허적
83035|경륜하다
83036|피치카토
83037|배점되다
83038|발복
83039|풋웨어
83040|우중월
83041|트라넥삼산
83042|쇠팔
83043|족망
83044|미질
83045|한역되다
83046|게를라흐
83047|정총
83048|시트다
83049|심차다
83050|책공
83051|금평
83052|말치레
83053|변용하다
83054|서외
83055|얼럭밥
83056|리구리아주
83057|자쿠미
83058|제닌
83059|강구다
83060|웅지
83061|쇼비니즘
83062|민고
83063|공노하다
83064|스사노오
83065|이등분되다
83066|스리쿼터
83067|스토핑
83068|밑씻개
83069|잿골
83070|균열하다
83071|하르마탄
83072|강해하다
83073|규합되다
83074|흰점
83075|방석이
83076|술술하다
83077|자긍하다
83078|올데갈데없다
83079|아르헨
83080|코구멍
83081|얼빤하다
83082|중합하다
83083|사치롭다
83084|기척하다
83085|파라킷
83086|너도바람꽃
83087|갈데없이
83088|암하다
83089|저박
83090|연언
83091|소디
83092|한량하다
83093|차성
83094|족다
83095|묵법
83096|올모
83097|미제출하다
83098|프리타네이온
83099|상히타
83100|상견
83101|터벅거리다
83102|비치이다
83103|쿠르쿠민
83104|범죄시하다
83105|내숭스럽다
83106|현발
83107|희읍스름하다
83108|외따로이
83109|어물
83110|평거
83111|핵망
83112|밀부
83113|띠오다
83114|녹산동
83115|옴츠리다
83116|우여
83117|쭈물쭈물하다
83118|베루스
83119|염연히
83120|앵돌아지다
83121|정보지
83122|법버
83123|토붕
83124|제처
83125|에머랄드
83126|환유
83127|당대당
83128|가편하다
83129|은인자중
83130|랑사
83131|안구다
83132|달칵대다
83133|쿠두
83134|막벌이
83135|공육
83136|멍크
83137|로커빌리
83138|기찹다
83139|적화되다
83140|우드드
83141|생테티엔
83142|배앝다
83143|신산스럽다
83144|해당란
83145|프리포즈
83146|재당선되다
83147|궁장
83148|귀어하다
83149|공무하다
83150|방실거리다
83151|재깍대다
83152|성각
83153|탐라총관부
83154|저러저러하다
83155|삼북동
83156|프로미넌스
83157|목둘레선
83158|히프노스
83159|시부시
83160|부뉴엘
83161|페리스코프
83162|변역되다
83163|브레슬라우
83164|투망하다
83165|오퍼상
83166|식히
83167|우좌
83168|변박
83169|카라멜마끼아또
83170|스타디아
83171|살기다
83172|메다박다
83173|파르와
83174|드릴링
83175|구허
83176|쪼이
83177|샛줄멸
83178|낭패되다
83179|공용화하다
83180|점약
83181|어질머리
83182|한죽
83183|딸까닥
83184|입근하다
83185|삼국사기
83186|화끈대다
83187|추형
83188|에렌베르크
83189|제누다
83190|육산
83191|도물
83192|뇌혈전증
83193|드웰
83194|아랫급
83195|거애
83196|건늠길
83197|돌제
83198|베레
83199|새실새실
83200|혁장
83201|둥그다
83202|시종일관하다
83203|맥추
83204|태필
83205|포워더
83206|물방망이
83207|비대
83208|벵에
83209|무릿매
83210|벙벙히
83211|쨍강거리다
83212|벌거이
83213|핏볼
83214|단채
83215|여지하다
83216|머추다
83217|류성
83218|배승
83219|리듀서
83220|파슬파슬하다
83221|싱글싱글하다
83222|모돈
83223|도순
83224|늦추
83225|저밀화되다
83226|홀쪽하다
83227|정보병
83228|블랙페퍼소스
83229|푸루샤
83230|삐그극
83231|견드다
83232|둔적
83233|판지
83234|분계
83235|래퍼토리
83236|적방
83237|쉬카다
83238|꿈벅거리다
83239|흥인문
83240|깜빡대다
83241|옥시미터
83242|흥행되다
83243|생기리
83244|무뇌증
83245|괴정
83246|유칼리
83247|꺼림하다
83248|움쭉
83249|반쪽세포
83250|역이
83251|원말
83252|불사불멸
83253|전변
83254|추리되다
83255|망고하다
83256|양각하다
83257|통공
83258|괴벽하다
83259|다릿목
83260|빈뎅이
83261|끼적
83262|저넉
83263|수자상
83264|사내번지기
83265|갈바람
83266|쿨룩거리다
83267|유폭
83268|파조
83269|비금
83270|월영
83271|큐싱
83272|쌍춘년
83273|투합
83274|엄지하다
83275|고만이
83276|환경보호법
83277|원면
83278|병술
83279|해득하다
83280|쩔로
83281|소취하다
83282|황윤길
83283|산봉
83284|찌지미
83285|커친
83286|매덕
83287|설늙은이
83288|우딥
83289|지만
83290|김세완
83291|이륜행실도
83292|결안
83293|소해
83294|파미르고원
83295|농갓집
83296|밑기다
83297|감편
83298|잘몬
83299|심학
83300|발라아사나
83301|내줄리
83302|위험시하다
83303|신게
83304|귑다
83305|여씨향약
83306|미사용되다
83307|개위
83308|초창
83309|무작정하다
83310|익스팬더
83311|병약자
83312|알체
83313|급변동하다
83314|통모
83315|고기결
83316|견뢰도
83317|저율
83318|연현
83319|헌상하다
83320|감싸개
83321|포매팅
83322|우외
83323|슬라롬
83324|일수하다
83325|도체찰사
83326|성예
83327|재독하다
83328|부면
83329|개음
83330|욱욱하다
83331|록자
83332|속타다
83333|작히
83334|치맛주름
83335|복현
83336|안점
83337|감키다
83338|추연
83339|휘하다
83340|꼬양
83341|덤벙이
83342|모충
83343|혼입하다
83344|부호화
83345|영백
83346|고읍
83347|강관
83348|도미하다
83349|입감하다
83350|지아이에프
83351|용보
83352|올코
83353|변증하다
83354|깔끔깔끔하다
83355|초양
83356|관위
83357|미야코지마
83358|형노
83359|건생
83360|테프론
83361|쭐렁
83362|우라와
83363|케손
83364|죽산
83365|탐탁스럽다
83366|조웅전
83367|임상하다
83368|외처
83369|어릿어릿
83370|복괘
83371|화닥닥
83372|란츠게마인데
83373|고스하다
83374|잰소리
83375|잔해하다
83376|재벌하다
83377|계정혜
83378|눌변
83379|돌쳐나오다
83380|미역춤
83381|추체
83382|고식
83383|롤린슨
83384|친원파
83385|걸이다
83386|전지하다
83387|까막눈이
83388|친군
83389|부하하다
83390|장찌개
83391|춘운
83392|왕모기
83393|어둠컴컴하다
83394|개짓거리하다
83395|파훼되다
83396|용광
83397|어약
83398|슈나벨
83399|결사코
83400|휴립
83401|세라티아
83402|쾌적성
83403|쭈물다
83404|엠에스
83405|구내전화
83406|후파
83407|보렐리
83408|어채
83409|여근
83410|자표
83411|대동여지전도
83412|입엣말
83413|메어꽂다
83414|몸받다
83415|나해
83416|툇간
83417|디포짓
83418|엔지
83419|조변석개하다
83420|블루퍼
83421|트라케
83422|마수걸이하다
83423|콘텐트
83424|숙도
83425|렌츠
83426|에피스테메
83427|황철광
83428|농익음
83429|부지되다
83430|러크나우
83431|벼농사하다
83432|천정
83433|양검
83434|동부동
83435|해치하다
83436|초근
83437|앞모양
83438|암만하다
83439|보숭이
83440|효친
83441|시솝
83442|뻣
83443|토해
83444|의젓스럽다
83445|갈골
83446|꼴리
83447|검심
83448|염석
83449|모랭이
83450|창리
83451|공목
83452|거무티티하다
83453|벨루다
83454|어깨싸움
83455|병행시키다
83456|공융
83457|달렌
83458|명료성
83459|까칠남
83460|혈손
83461|당그다
83462|잘망스럽다
83463|자리개
83464|성법
83465|모괴
83466|공왕
83467|뎅그렁거리다
83468|폭력화하다
83469|초공
83470|무궁히
83471|제열
83472|견마
83473|인궁
83474|욕해
83475|가로걸리다
83476|엑사바이트
83477|골룡
83478|포전
83479|조연하다
83480|종교화되다
83481|충부
83482|곳곳이
83483|유리화되다
83484|시루다
83485|핵인
83486|디오판토스
83487|또는
83488|뼈끝선
83489|봉영
83490|느림뱅이
83491|심광체반
83492|재취항하다
83493|명재경각
83494|유홍초
83495|단리
83496|암맥
83497|피분
83498|진종일
83499|방송중계
83500|입체화하다
83501|칠쇠방울
83502|기족
83503|어리상수리혹벌
83504|피각
83505|임동
83506|로보어드바이저
83507|신묘막측하다
83508|싱커페이션
83509|챙이
83510|처무
83511|합식
83512|저보
83513|채심
83514|주창되다
83515|죄고
83516|완항령
83517|피판
83518|클라레
83519|꾹꾹거리다
83520|닥뜨리다
83521|사이토시스
83522|고욕
83523|다루미
83524|허전허전하다
83525|크레톤
83526|동오리
83527|천어
83528|메르텐스
83529|주묘
83530|아르프
83531|본전치기하다
83532|점위
83533|드루즈파
83534|고촉
83535|데토네이션
83536|돌발하다
83537|코코피트
83538|출판업
83539|팡타그뤼엘
83540|두당
83541|미친병
83542|빈코
83543|벌대총
83544|승학
83545|쑴
83546|스푼즈
83547|검협
83548|멍이
83549|경선
83550|관상수
83551|유니하다
83552|반한
83553|이로쿼이족
83554|인터럽션
83555|자랑쟁이
83556|양길
83557|쿠라이스
83558|고고성
83559|카이에
83560|응소하다
83561|객고
83562|자탑
83563|마이시스
83564|코고
83565|망의
83566|상엿소리
83567|스포테이너
83568|내리덮이다
83569|매스틱
83570|짱크다
83571|이의하다
83572|재판매업자
83573|포괄
83574|삭탈하다
83575|독새
83576|허디거디
83577|칭구다
83578|투어리스티피케이션
83579|깨달다
83580|시타라빈
83581|명박
83582|벌룬스커트
83583|바리콘
83584|깜냥껏
83585|제술
83586|까라지다
83587|태부족하다
83588|벽지다
83589|범의
83590|자기화되다
83591|포플린
83592|취화선
83593|구언
83594|업고
83595|괴어들다
83596|파이하다
83597|조롱이
83598|아슴하다
83599|절각
83600|랑탕
83601|승아
83602|자득
83603|상달되다
83604|죠이
83605|두충
83606|활막
83607|호취
83608|슬슬하다
83609|당우
83610|페이드인
83611|우스다
83612|유문
83613|대자대비하다
83614|잉구
83615|감구
83616|그뢰즈
83617|물외
83618|외줄타기하다
83619|음로
83620|버성기다
83621|번잡
83622|라스타파리아니즘
83623|재배정하다
83624|구요
83625|별택
83626|각면
83627|장쯔
83628|아헤
83629|리빌
83630|체한
83631|기지게
83632|대동맥궁
83633|클레마티스
83634|분권화되다
83635|조페
83636|인토
83637|콤포지션
83638|아리우스
83639|오무라
83640|빠가빠가
83641|능암
83642|번료
83643|마음묵다
83644|엇메다
83645|묵리
83646|마네
83647|갓생러
83648|빙글대다
83649|영허
83650|작은며느리
83651|휴회하다
83652|선제타격하다
83653|나안
83654|미즌마스트
83655|간상
83656|리드아웃
83657|백승하다
83658|카살스
83659|와신상담하다
83660|병립되다
83661|비디오디스크
83662|달상
83663|패이
83664|움치다
83665|난막
83666|백블
83667|황홀히
83668|각선
83669|노몬한
83670|계관
83671|천외
83672|건파
83673|안티크리스트
83674|각시멧노랑나비
83675|유지어트
83676|루마루
83677|되시기다
83678|감티
83679|아질하다
83680|우드하우스
83681|전핵
83682|뽑개
83683|친고
83684|가재미눈
83685|투심
83686|까악거리다
83687|불종
83688|절룩대다
83689|협부
83690|부르릉대다
83691|부지직
83692|표전
83693|알낳기
83694|절사하다
83695|놀잇배
83696|프랭크퍼트
83697|파장하다
83698|탁월풍
83699|식각하다
83700|냅킨꽂이
83701|가갑다
83702|탐상
83703|한식
83704|젠더퀴어
83705|인징
83706|홑바지
83707|쪼수다
83708|부릉대다
83709|옐리네크
83710|부적응하다
83711|도언
83712|묘표
83713|꽃머리
83714|꿀꺼덕
83715|프로시니엄
83716|파사칼리아
83717|도본
83718|알크마르
83719|매리골드
83720|판중추부사
83721|나잘
83722|넹바리
83723|물질화하다
83724|영사기
83725|처움
83726|뽀직
83727|윌리엄슨
83728|가시울타리
83729|총감독하다
83730|널직하다
83731|시까맣다
83732|소채
83733|분성
83734|지방하다
83735|반드르르
83736|볼것없다
83737|석회화되다
83738|헤식다
83739|가파리
83740|인평
83741|제각
83742|나직
83743|가탁
83744|장아
83745|그로셴
83746|어허둥둥
83747|로무
83748|펑퍼지다
83749|파솔리니
83750|육붕
83751|출당되다
83752|선시
83753|깨불다
83754|퉁겁다
83755|기의
83756|휴게하다
83757|담금
83758|진완보강
83759|눈볼대
83760|향그럽다
83761|험악스럽다
83762|발라폰
83763|횅
83764|용선하다
83765|큰옷
83766|무경우하다
83767|지짐대다
83768|암포라
83769|칰
83770|합근
83771|발름거리다
83772|문강
83773|독학사
83774|글다듬기
83775|토대하다
83776|우늘
83777|쪼물락거리다
83778|일로일로
83779|몰키다
83780|그랑께
83781|낭사
83782|따르릉거리다
83783|인저
83784|남아돌아가다
83785|존득하다
83786|격탕
83787|리파티
83788|발써
83789|국환
83790|지자제
83791|탄탈로스
83792|탈회
83793|한증탕
83794|종합시험
83795|중아
83796|멥다
83797|운휴
83798|짧은소리
83799|방외
83800|역상
83801|맥머리
83802|타파이
83803|하해
83804|천문단위
83805|똑떽이
83806|스커프
83807|머지
83808|올림퍼스산
83809|브레다
83810|쾰러
83811|형신
83812|악시다
83813|돌팽이
83814|상애
83815|실투하다
83816|위식
83817|훤출하다
83818|깔롱쟁이
83819|저심
83820|붙박히다
83821|펜디메트라진
83822|불손
83823|비치적거리다
83824|달서
83825|검실
83826|불바람
83827|옐로케이크
83828|와이노
83829|흥성거리다
83830|잡술
83831|라무스
83832|발라키레프
83833|과심
83834|아즈마이
83835|베라이
83836|평준하다
83837|비와
83838|도란도란하다
83839|우미하다
83840|기계분
83841|채양
83842|진득
83843|속눈섭
83844|삼각형법
83845|태막
83846|재게재게
83847|엄살하다
83848|지킹겐
83849|뭉티
83850|스테가노그래피
83851|헤미셀룰로오스
83852|휴식날
83853|만광
83854|플루코나졸
83855|초일
83856|악투
83857|쇠진하다
83858|잠투정하다
83859|목주
83860|암차다
83861|각투
83862|체르넨코
83863|동벽
83864|홍월
83865|노획
83866|오울루
83867|쾌적감
83868|빌레이어
83869|봉행
83870|감탕
83871|발취
83872|행상하다
83873|파자하다
83874|리스페리돈
83875|민들민들
83876|가우르
83877|하공
83878|섬쩍지근하다
83879|양지하다
83880|환고
83881|널찌다
83882|잘박잘박
83883|정해하다
83884|흰모래
83885|스메들리
83886|생각키다
83887|황원
83888|수크로스
83889|낭성
83890|기롱하다
83891|반적
83892|브리콜라주
83893|인안
83894|타라와
83895|절렁거리다
83896|알맞추
83897|캐슬링
83898|두근
83899|맏상주
83900|비슬거리다
83901|네르바
83902|마르게리타피자
83903|국배판
83904|등로
83905|간단간단
83906|보허
83907|수리야
83908|퉁명
83909|반분
83910|현눈
83911|측창
83912|박조
83913|축수
83914|서불
83915|숙처
83916|실직되다
83917|달곰쌉쌀하다
83918|갱아지
83919|대의멸친
83920|야바위하다
83921|요방형근
83922|용은
83923|면세되다
83924|당통
83925|나무총
83926|바늘잎나무숲
83927|추수되다
83928|일안하다
83929|교정원장
83930|철준
83931|일대다
83932|윤협
83933|베릭
83934|어드레스하다
83935|섀미
83936|쌔근
83937|에발
83938|생미
83939|깩깩대다
83940|정언
83941|데벨로뻬
83942|조들다
83943|윤문
83944|어릿거리다
83945|설쇠
83946|퍼뜩하다
83947|신추
83948|칼랑코에
83949|이농
83950|울결
83951|내뿌다
83952|허주
83953|생여
83954|캘훈
83955|귀영
83956|위보
83957|큰숨
83958|구급병원
83959|더그매
83960|라스페치아
83961|끄슬리다
83962|로덴트
83963|개고리
83964|개단
83965|팔러
83966|례식
83967|방디
83968|체성
83969|장의차
83970|추매하다
83971|들고다
83972|번차
83973|아코메
83974|취잿거리
83975|건체
83976|권선
83977|멀찌막이
83978|얘기꾼
83979|부디치다
83980|변증
83981|고빠
83982|겅정
83983|마즈막
83984|아레키파
83985|사물화되다
83986|칠삭둥이
83987|쭝긋
83988|밑받침되다
83989|풍뎅잇과
83990|링킹
83991|포드득
83992|머무적거리다
83993|삧
83994|재측정하다
83995|복력
83996|전발하다
83997|수극화
83998|생남
83999|쳐내려오다
84000|풍구
84001|상군
84002|진계
84003|무화되다
84004|파팽
84005|폐액
84006|춘흥
84007|상홍
84008|이질화되다
84009|자라다
84010|질상
84011|이애리수
84012|말레다
84013|품신
84014|파고라
84015|금속하다
84016|결말짓다
84017|번안되다
84018|해공이
84019|마랑구
84020|개유
84021|절조
84022|똥수깐
84023|아짜
84024|헌역
84025|찰코
84026|욤다
84027|가조
84028|불원하다
84029|화간
84030|헛껍데기
84031|밸런서
84032|곰발
84033|군립
84034|저부
84035|황아
84036|강창
84037|연애시
84038|이럭저럭하다
84039|레비나스
84040|청약되다
84041|주모하다
84042|짝배기
84043|아당
84044|농탕
84045|저슬살이
84046|늠다
84047|점발
84048|솔비톨
84049|슈펭글러
84050|고정보
84051|적치하다
84052|멀루
84053|예무
84054|승어부
84055|불파불립
84056|교다이
84057|난보
84058|자절
84059|성극
84060|조영하다
84061|포르티시모
84062|가초다
84063|궁호
84064|츠르르
84065|꿰미
84066|비처
84067|넉두리
84068|우상하다
84069|리아까
84070|태평히
84071|광조
84072|지례
84073|은맥
84074|통북투
84075|아르토
84076|소꾸다
84077|크다랗다
84078|간편요리
84079|공흥
84080|입둘레근
84081|곰도리
84082|도윤
84083|돌탕
84084|단쇄
84085|오버스로
84086|밀구
84087|준미
84088|할락
84089|곧이곧대로
84090|낙승하다
84091|지수다
84092|이나저나
84093|달리가다
84094|혼숙하다
84095|백낙준
84096|오디트
84097|포토맥강
84098|제척되다
84099|송남
84100|힐긋힐긋
84101|유근
84102|껌벅껌벅하다
84103|봄맞이하다
84104|흔종
84105|관평
84106|고퇴
84107|조처되다
84108|깽깽이걸음
84109|론조
84110|물명
84111|천허
84112|오타리아
84113|세상맛
84114|메르카바
84115|모아들이다
84116|흥기
84117|광절열두조충
84118|특칭
84119|두샨베
84120|지접
84121|측두
84122|회남
84123|발롱
84124|향갑
84125|슈퍼스토어
84126|오입질하다
84127|딸칵딸칵
84128|달통하다
84129|쇠뚜껑
84130|부예지다
84131|바스테르
84132|더벅
84133|달깍거리다
84134|담색
84135|한자
84136|쌍탑
84137|권청하다
84138|자강하다
84139|달보드레하다
84140|쌔근쌔근하다
84141|빈종
84142|나카마
84143|창송
84144|답배
84145|미암
84146|구듬
84147|지랑하다
84148|거무데데하다
84149|바다하다
84150|녹원
84151|맏자식
84152|척이
84153|메테인
84154|입행하다
84155|층하
84156|단송
84157|좃다
84158|짜깡짜깡
84159|얌부
84160|까시리
84161|과줄
84162|공노
84163|어리벙벙
84164|형참
84165|가이없다
84166|걸러가다
84167|철대
84168|타령조
84169|끼랴
84170|저고릿감
84171|트리코모나스
84172|오스나브뤼크
84173|가골
84174|이싱
84175|요태
84176|류마
84177|용계
84178|린하이
84179|구의
84180|조르륵거리다
84181|페임랩
84182|푸른부전나비
84183|선아
84184|바스토스
84185|장립
84186|현문
84187|본립도생
84188|우심하다
84189|크디크다
84190|평균화하다
84191|첩보하다
84192|지원극통하다
84193|멜라네시아
84194|흐릿흐릿
84195|흉례
84196|암창
84197|클리트
84198|취부
84199|아롱아롱하다
84200|떽떽대다
84201|통통히
84202|초난감
84203|절골
84204|공산화하다
84205|아르크투루스
84206|흔연히
84207|해추
84208|몯다
84209|악절
84210|어신
84211|후렌치후라이
84212|그룹화되다
84213|동발
84214|칸막이하다
84215|최고차항
84216|서대신동
84217|산마르틴
84218|프로프라놀롤
84219|뇌문
84220|모차
84221|눈결
84222|히히대다
84223|드링크워터
84224|내지
84225|갈갈거리다
84226|모니스
84227|겉절이다
84228|지둥
84229|때리잡다
84230|공석하다
84231|리몬
84232|쓰릿하다
84233|단괴
84234|견격
84235|인격화되다
84236|발발되다
84237|목문
84238|달상하다
84239|구링이
84240|클라드리빈
84241|관등놀이
84242|코친차이나
84243|적대되다
84244|재발급되다
84245|어두캄캄하다
84246|안드리치
84247|비통히
84248|포르릉
84249|익일
84250|뚤뚤
84251|쌍계
84252|박문
84253|수렴청정하다
84254|로슈포르
84255|설시되다
84256|사일런싱
84257|총령
84258|끌러지다
84259|은륜
84260|숙천군
84261|독립기
84262|무뜩무뜩
84263|미셀
84264|상시화하다
84265|추근추근하다
84266|연안군
84267|조재하다
84268|부잡스럽다
84269|전입학하다
84270|구부러트리다
84271|물빨래하다
84272|공젱이
84273|디비디
84274|와자
84275|눅지다
84276|섶장
84277|미소롭다
84278|쿼테이션
84279|탄거
84280|공투
84281|꼴에
84282|숭보
84283|떼구루루
84284|고골
84285|의치하다
84286|심쓰다
84287|벽자
84288|서머스쿨
84289|액막이하다
84290|묵매
84291|로스팅되다
84292|선절하다
84293|포기못
84294|프루트젤리
84295|즉살
84296|들닭
84297|티민
84298|송옥
84299|볼품사납다
84300|낭가
84301|출상하다
84302|남벌하다
84303|송흥록
84304|오토베
84305|야주
84306|간우
84307|모지랑이
84308|국읍
84309|법랍
84310|플루톤
84311|일병
84312|귀각
84313|종요하다
84314|사갱
84315|마군
84316|후조
84317|택정
84318|연흔
84319|슈펠트
84320|진충
84321|프로비타민
84322|되러
84323|풍강
84324|스테이케이션
84325|리마스터링되다
84326|올라르
84327|루트킷
84328|파드득파드득
84329|거지하다
84330|상요
84331|골즈워디
84332|글거리
84333|위서다
84334|유선나
84335|측청
84336|남효온
84337|까재미
84338|아리스티포스
84339|점추
84340|루고
84341|워데
84342|미식하다
84343|칫솔꽂이
84344|또닥
84345|여쁘다
84346|롱아
84347|가딩
84348|둥굴리다
84349|월진
84350|초추
84351|초중고등부
84352|치료대
84353|피아치
84354|아우리
84355|교직되다
84356|핸드셰이크
84357|시박
84358|뭉텅하다
84359|씅내다
84360|갑의
84361|홀까닥
84362|오기되다
84363|규한
84364|꽈르릉
84365|토극수
84366|그리니치빌리지
84367|바투미
84368|피치노
84369|스윈번
84370|보졸
84371|해로우
84372|말투성이
84373|우진각
84374|가막살나무
84375|휘적이다
84376|면역하다
84377|개은
84378|판다리
84379|로시아
84380|시귀
84381|반중성자
84382|금용
84383|병탄
84384|잇대다
84385|흰밀
84386|절대화되다
84387|발끈거리다
84388|굴이다
84389|결생
84390|수돈
84391|검은머리흰죽지
84392|바찌
84393|진종
84394|도깨비이야기
84395|헤스페리딘
84396|요르단스
84397|춘백
84398|원형이정
84399|여하튼지
84400|드릉거리다
84401|뜨개옷
84402|인존
84403|매소
84404|패패
84405|융착
84406|쌍폭
84407|클클거리다
84408|음석
84409|수후
84410|호각지세
84411|광혈
84412|바르가
84413|마른버짐
84414|해살
84415|사광
84416|꿈치다
84417|탁란하다
84418|어뜩
84419|감비
84420|플랫폼화되다
84421|이송장치
84422|작도
84423|피페린
84424|외불
84425|헤체
84426|흠치다
84427|그떡
84428|반길
84429|경운
84430|뎅그렇다
84431|뻔지르르
84432|팩팩
84433|영사
84434|후도
84435|전재하다
84436|베니딕트
84437|대함
84438|원배
84439|고국천왕
84440|상합
84441|복화
84442|내밀리다
84443|강치
84444|오페라마
84445|아닐린
84446|방회
84447|숙향전
84448|미헬스
84449|외유내강하다
84450|일람하다
84451|찡긋찡긋하다
84452|스카이볼라
84453|트와이닝
84454|염촉
84455|뽕빼다
84456|무급다
84457|적보
84458|빠락빠락
84459|뭉고
84460|남형
84461|퀴스
84462|관화
84463|슬리포노믹스
84464|삐죽빼죽
84465|불발하다
84466|칙어
84467|비프커틀릿
84468|사품치다
84469|휘몰이
84470|녹태
84471|이하
84472|수시렁이
84473|가믈다
84474|가브리엘리
84475|날씬쟁이
84476|환재
84477|물푸레나뭇과
84478|아이기나
84479|위스퀴다르
84480|경모하다
84481|응구
84482|채구
84483|지도리
84484|네이비블루
84485|때가리
84486|이극돈
84487|봉리
84488|큰마누라
84489|덕항산
84490|달싹달싹하다
84491|백면
84492|억강부약
84493|몽골몽골
84494|의숙
84495|걱적
84496|쾌투
84497|퇴비하다
84498|밥내
84499|크라테스
84500|여잡다
84501|시평
84502|조제되다
84503|추초
84504|후곡
84505|마치니
84506|간시
84507|레인포레스트
84508|짜리하다
84509|문디이
84510|고폭
84511|송조
84512|기시다
84513|형심
84514|곧이들리다
84515|콧구녁
84516|척촉
84517|선뜩
84518|명찬
84519|초란
84520|범의귓과
84521|잘그랑잘그랑
84522|구접스럽다
84523|권내
84524|재응시하다
84525|졸장
84526|차니차니
84527|스타버스트
84528|팔매질
84529|궤장
84530|개연적
84531|디집다
84532|코그리다
84533|옴짝
84534|등발
84535|줄달음질
84536|자옥하다
84537|솔선
84538|만촌동
84539|삼천리강산
84540|암먼
84541|써묵다
84542|열락하다
84543|짐들다
84544|코팔
84545|방송망
84546|좌포우혜
84547|뱅그르
84548|근검하다
84549|광필
84550|매씨
84551|번짝
84552|머름
84553|콜리메이터
84554|녹영
84555|완분
84556|올림피아슈타디온
84557|철어렁이
84558|규정화되다
84559|살맞다
84560|선운
84561|걸메다
84562|내층
84563|소랑하다
84564|심휼
84565|류성우
84566|타그
84567|칠면
84568|품의
84569|행지
84570|실리주의자
84571|뒤지
84572|지벌
84573|월류하다
84574|역부
84575|코바늘뜨기
84576|꾸무적거리다
84577|문질빈빈
84578|아구메
84579|남내
84580|랭커셔주
84581|강에
84582|체탐
84583|꾸불거리다
84584|사그라뜨리다
84585|치덕치덕하다
84586|하면하다
84587|봉진
84588|귀석
84589|쥬기다
84590|반건양근
84591|금봉
84592|뚬다
84593|랑송
84594|빠닥빠닥하다
84595|줏어듣다
84596|랑선
84597|흘끗하다
84598|폰팅하다
84599|태두
84600|무찰
84601|본봉
84602|복제비
84603|전성되다
84604|일입
84605|근간하다
84606|감장하다
84607|생계유지하다
84608|완보하다
84609|고게
84610|아벨라르
84611|갱이
84612|분업화하다
84613|거칫하다
84614|꿀렁이다
84615|조이트로프
84616|년래
84617|이따만큼
84618|넘살다
84619|쇠비린내
84620|전횡하다
84621|메타돈
84622|뉴러우미엔
84623|토정
84624|뚱기다
84625|스트링거
84626|루리아
84627|보미다
84628|탄음
84629|섬섬하다
84630|우란분
84631|불무
84632|신법지평일구
84633|들미다
84634|샹양
84635|복간
84636|보수화하다
84637|종카어
84638|르동
84639|나자프
84640|돌모루
84641|더껑이
84642|감탄조
84643|지사하다
84644|분무기
84645|골롬
84646|월로
84647|위생실
84648|번로
84649|팰러스
84650|적지
84651|소파하다
84652|묘현
84653|크링글
84654|쌍까풀지다
84655|호군
84656|루덴스
84657|협주단
84658|터덕터덕
84659|운수업자
84660|배비장
84661|펀둥펀둥
84662|무십다
84663|두겁다
84664|주말하다
84665|도데카
84666|새악
84667|분평
84668|의범
84669|도혈
84670|생견
84671|살치다
84672|호로로
84673|피식피식하다
84674|티끼
84675|장록
84676|토레아도르
84677|산하이관
84678|추공
84679|승무패
84680|경조하다
84681|증빙되다
84682|날법
84683|바끄다
84684|소독저
84685|옘빙
84686|며르치
84687|액자하다
84688|에스비에르
84689|복초
84690|저양
84691|절피
84692|심수
84693|첼리비다케
84694|허위다
84695|주변화되다
84696|노이무공
84697|의혼
84698|코벨
84699|촐싹촐싹
84700|애처로움
84701|미스드
84702|제앙
84703|무작스럽다
84704|분니
84705|연좌되다
84706|곬
84707|운달다
84708|서동지전
84709|삼종지도
84710|당손이
84711|야우다
84712|아르테미시닌
84713|글로블린
84714|겉뜨기
84715|리넷
84716|찌꾸
84717|텀벙
84718|양묘
84719|유유낙낙
84720|모반사
84721|미나릿과
84722|콧선
84723|쎙
84724|애당하다
84725|꺼리끼다
84726|번독하다
84727|어쓸다
84728|하령
84729|해그림자
84730|털컹거리다
84731|부질
84732|심로
84733|철퍽하다
84734|찰박찰박하다
84735|쥐둘기
84736|운고
84737|우빙
84738|댓다
84739|환삼덩굴
84740|풍남
84741|뎅기다
84742|철쇄
84743|리셉터
84744|멘셰비키
84745|튀우다
84746|과도히
84747|탈립
84748|달구지
84749|찰칵대다
84750|좌씨
84751|살랑하다
84752|철병
84753|효익
84754|종조할머니
84755|재언하다
84756|치급
84757|고력
84758|봉새
84759|소솔
84760|낭만화하다
84761|점두
84762|쌍벌죄
84763|땅띔
84764|비매
84765|후측
84766|주케토
84767|몫돈
84768|사의하다
84769|탄소톤
84770|공초하다
84771|여운홍
84772|발리스
84773|락하다
84774|혹해
84775|무혐의하다
84776|납석
84777|불서
84778|암거래상
84779|재승인되다
84780|사막하다
84781|비재하다
84782|프탈산
84783|가오릿과
84784|수피즘
84785|사이더
84786|드램
84787|폴리믹신
84788|파총
84789|종축
84790|쏳다
84791|역귀
84792|휘핏
84793|다물
84794|황금산
84795|산종
84796|빼미
84797|뜬뜬하다
84798|불청
84799|대벌
84800|그러넣다
84801|끼우
84802|라이따이한
84803|외툴이
84804|곱배
84805|근대국
84806|모에다
84807|낑끼다
84808|거름하다
84809|재검하다
84810|도충
84811|네스토리우스
84812|악형
84813|씅질
84814|철커덩하다
84815|하비하다
84816|헹사
84817|퍼멀
84818|아마미오섬
84819|달달
84820|울애
84821|선랑
84822|귀씨
84823|라민
84824|이인로
84825|뒷마무리하다
84826|버크화이트
84827|동냥아치
84828|닥터링
84829|하나님
84830|북방검은머리쑥새
84831|곤수유투
84832|호의하다
84833|세악
84834|왕자팔랑나비
84835|비췻빛
84836|기생물
84837|관광지화되다
84838|증점제
84839|냅디다
84840|용균
84841|아영
84842|캡시드
84843|매상액
84844|알정
84845|응강이
84846|버리디
84847|구취하다
84848|촌음
84849|미리다
84850|창가림막
84851|프리슈
84852|룻기
84853|척족
84854|오샤
84855|절영
84856|멀티프레임
84857|박태기나무
84858|의례하다
84859|직소
84860|교경
84861|욕스럽다
84862|서릿바람
84863|강무하다
84864|유까
84865|입지전
84866|금귀월래
84867|새금
84868|군로
84869|무류하다
84870|밀거래되다
84871|언교
84872|어선단
84873|여름좀잠자리
84874|어두칙칙하다
84875|하번
84876|멸도
84877|기갈나다
84878|취리하다
84879|에자
84880|짜구
84881|땟거리
84882|생량하다
84883|수쿠
84884|신플라톤학파
84885|담회
84886|브라흐마나
84887|간초
84888|순히
84889|입진
84890|털렁
84891|백워터
84892|신경선
84893|혼놀
84894|어린것
84895|대새
84896|애지석지
84897|공구다
84898|방시
84899|바뿌다
84900|토형
84901|시명
84902|레이지
84903|줄소환되다
84904|나라야나
84905|푸실푸실하다
84906|꼬리선
84907|폴리그래프
84908|발련
84909|웨우
84910|갈밭
84911|열열하다
84912|면미
84913|애기
84914|해화
84915|토레온
84916|팔음
84917|파와
84918|몽촌
84919|혜능
84920|전면화되다
84921|실위
84922|실컨
84923|싱글렛
84924|뿡뿡하다
84925|사락대다
84926|쨋든
84927|엉엉대다
84928|은화하다
84929|먼치다
84930|자강불식
84931|스페로이드
84932|터벅터벅하다
84933|부루
84934|술락
84935|에어졸
84936|덜커덕하다
84937|코호
84938|중비하다
84939|닭고깃국
84940|충모
84941|타심
84942|마라스키노
84943|쨍알대다
84944|버물다
84945|꼬찌
84946|깡다리
84947|왈가불가하다
84948|사라세니아
84949|아미노페놀
84950|갯솜
84951|쿠릉쿠릉
84952|치맛말
84953|책쾌
84954|불하하다
84955|위오
84956|함원
84957|판옥
84958|수나사
84959|연채
84960|고녀
84961|카벤
84962|체상
84963|퍼드득거리다
84964|벤제드린
84965|청배
84966|강직되다
84967|합동결혼하다
84968|주만지
84969|성문화하다
84970|코지코드
84971|즉살하다
84972|채밀하다
84973|테베레강
84974|겸의
84975|뚜두리다
84976|개답
84977|로랑생
84978|린치핀
84979|비비적비비적하다
84980|급추락하다
84981|학실하다
84982|발레스
84983|싼
84984|체스터턴
84985|옹골
84986|치와
84987|나라법
84988|충이
84989|로지아
84990|코만치
84991|에라토
84992|국숫발
84993|기왓가마
84994|전담되다
84995|붙좇다
84996|물크러지다
84997|사망일다
84998|콧살
84999|북향하다
85000|홍희
85001|각도기
85002|족상
85003|해엄
85004|타매하다
85005|콘스턴트
85006|녀다
85007|밀뱀
85008|세탁
85009|스노슈즈
85010|도만
85011|겨자가루
85012|밀타
85013|요리도
85014|공혈
85015|고례
85016|첨절제사
85017|닉다
85018|성역화하다
85019|더러러
85020|사헌대
85021|귀상
85022|야암
85023|데굴데굴하다
85024|피비리다
85025|영준
85026|비리하다
85027|너부죽하다
85028|어귀어귀
85029|워커밸
85030|시롱
85031|계고하다
85032|갖구오다
85033|물란
85034|그냉
85035|빵구다
85036|기민
85037|목뿔뼈
85038|곡초
85039|행법
85040|용청
85041|디노미네이션
85042|상드
85043|잔치날
85044|오나가와
85045|산요
85046|엠랩
85047|곤피
85048|황시
85049|벙끗
85050|일덕
85051|윤기헌
85052|사실무근하다
85053|괴시
85054|휘휘하다
85055|퍼네이션
85056|끈지다
85057|울구불구
85058|운혜
85059|바싹대다
85060|봉후
85061|야직
85062|중신하다
85063|줄임형
85064|옥채
85065|스트럿
85066|동대신동
85067|본질주의자
85068|밥찔게
85069|물퉁이
85070|채질
85071|소침
85072|포류
85073|연화하다
85074|모입
85075|역률
85076|거정
85077|조요
85078|성형되다
85079|베적삼
85080|메리메
85081|관치
85082|안덕
85083|타주
85084|스티롤
85085|가매장되다
85086|뺀뺀하다
85087|까붙이다
85088|야생풀
85089|매죽
85090|재신고하다
85091|액적
85092|분등
85093|숙우
85094|직입
85095|빙고하다
85096|빼까리
85097|펠로피다스
85098|물고기알
85099|외포
85100|무계
85101|가운뎃발가락
85102|느적느적
85103|불랑제
85104|정장하다
85105|농상
85106|포토저널리즘
85107|페루지노
85108|오청
85109|첩첩하다
85110|순간하다
85111|부소
85112|설농탕
85113|좀좀좀
85114|피시하다
85115|뜨게질
85116|바가바드기타
85117|평무
85118|에피오르니스
85119|코니스
85120|연견
85121|두둥실두둥실
85122|쇠다리
85123|훌딱
85124|간지러다
85125|체흐
85126|기해
85127|누금
85128|장쓰다
85129|게베
85130|타우온
85131|납지리
85132|썩다리
85133|은고
85134|산파역
85135|어덕
85136|통통허다
85137|요과
85138|헤디다
85139|대두어
85140|괘서
85141|햇덩이
85142|소털
85143|파나맥스
85144|어천
85145|요집
85146|전중이
85147|제당
85148|조견
85149|비입
85150|금학
85151|자량
85152|등천하다
85153|얹은머리
85154|개상놈
85155|댕구
85156|먹줄왕잠자리
85157|친화하다
85158|가는귀먹다
85159|토왜
85160|자획
85161|박씨부인전
85162|탈교
85163|지휘되다
85164|거즘
85165|애닯다
85166|공거
85167|실가
85168|클링거
85169|넙
85170|도절제사
85171|우거
85172|화심
85173|층침대
85174|나다나다
85175|고무리
85176|카메라타
85177|쌍분
85178|캘리포니아반도
85179|두부버섯전골
85180|가릉가릉
85181|빠꼼이
85182|푸다닥거리다
85183|가두배추
85184|앞지르기하다
85185|벌투
85186|시누아즈리
85187|고사관수도
85188|정수남이
85189|보철
85190|쿵작거리다
85191|지집
85192|광익
85193|과즐
85194|유평
85195|호도애
85196|두견
85197|맹삭
85198|기좌
85199|문흥
85200|갯질경이
85201|다발하다
85202|화이트호스
85203|오엘
85204|설만하다
85205|영생불멸
85206|찬부
85207|빌릿
85208|매식
85209|오례
85210|툭탁대다
85211|이제
85212|분란하다
85213|류킨
85214|꺽저기
85215|프라이아
85216|애니멘터리
85217|물려하다
85218|투용
85219|콧병
85220|인귀
85221|사피오섹슈얼
85222|공교스럽다
85223|재정렬하다
85224|암수한그루
85225|광운
85226|불소하다
85227|방시레
85228|김흠돌
85229|두색
85230|겪이
85231|각동
85232|호혹
85233|이라와디강
85234|포궁
85235|위엄하다
85236|용채
85237|총자
85238|박용래
85239|딸꾹거리다
85240|목민
85241|너나없다
85242|준치
85243|제역하다
85244|산서
85245|프로토타이핑
85246|서품하다
85247|큰살림
85248|해쭉
85249|호젓이
85250|껑
85251|무석무탄
85252|술때
85253|점역
85254|스나이
85255|바치니
85256|조선수
85257|쇼타콤
85258|셔리다
85259|이종준
85260|템퍼러먼트
85261|일망
85262|식의주
85263|민귀군경
85264|마른일
85265|란화
85266|조릿대
85267|빌리버딘
85268|소증
85269|모럴리스트
85270|인티파다
85271|권토중래하다
85272|띠가다
85273|묵객
85274|공납하다
85275|퇴혼하다
85276|타다라필
85277|보용하다
85278|히혼
85279|도중하차하다
85280|목인
85281|찌그덕
85282|침형
85283|폭투하다
85284|슐레지엔
85285|디노프로스톤
85286|회한하다
85287|네틀
85288|권대
85289|서글하다
85290|교특법
85291|움직씨
85292|손피
85293|서대
85294|보호선
85295|플랫폼화하다
85296|치축
85297|현액
85298|허무히
85299|전결하다
85300|소릿길
85301|방마리
85302|종편하다
85303|웋
85304|최사
85305|황오동
85306|라디안
85307|겐메이
85308|마데로
85309|메시앙
85310|태피터
85311|일부
85312|봉여
85313|한약국
85314|관선
85315|괴설
85316|선용하다
85317|윤가
85318|나자리
85319|퀘템
85320|무탄무석
85321|청명상하도
85322|고베리
85323|누호
85324|목감
85325|저스다
85326|뜨뜻이
85327|오색조
85328|래의
85329|원석
85330|망양
85331|과피
85332|덕원
85333|부듯하다
85334|로바스타틴
85335|이날
85336|종하
85337|동남
85338|털컥
85339|실그러지다
85340|패보
85341|내바치다
85342|움브리아주
85343|직살
85344|찌꺼지
85345|대차하다
85346|사랑스레
85347|회방
85348|행금
85349|조직책
85350|습파
85351|영예스럽다
85352|로장
85353|프라즈마
85354|동구래미
85355|다토다
85356|결레
85357|오스트발트
85358|맥점
85359|비가
85360|산두
85361|치마길
85362|불생불멸
85363|쇄약
85364|극악스럽다
85365|엔아이이
85366|학통
85367|난설헌집
85368|무뢰
85369|맹이
85370|로프팅
85371|광이
85372|썩둑썩둑
85373|상계하다
85374|다큐드라마
85375|웅포면
85376|묘도
85377|코르티손
85378|드라마화하다
85379|문보
85380|곱히다
85381|복잡기괴하다
85382|점퇴
85383|쌀좀
85384|립하
85385|카틸리나
85386|만년
85387|까마쿠
85388|은페하다
85389|햇내기
85390|참형하다
85391|쾡
85392|얕으막하다
85393|띵띵이
85394|후워
85395|다릿돌
85396|림사
85397|장청
85398|역회전하다
85399|콜로네이드
85400|대후
85401|모소리
85402|나들문
85403|봉학
85404|온난화되다
85405|기럭
85406|드난
85407|회반
85408|척살되다
85409|독본
85410|조응
85411|쇠금
85412|메리야스뜨기
85413|유년칭원법
85414|멸실되다
85415|흰서리
85416|폰팔
85417|마렵
85418|옥시글옥시글
85419|사군이충
85420|혼방하다
85421|의발
85422|하느작거리다
85423|납란성덕
85424|거드럭거리다
85425|편싸움
85426|운상
85427|본차이나
85428|도과
85429|황칠
85430|설당
85431|팡구
85432|뤼세
85433|반타
85434|가앙
85435|사돈
85436|자무
85437|쟝르
85438|황법
85439|스지
85440|구부슴하다
85441|오토리버스
85442|조콘도
85443|디스터브
85444|꽃놀이하다
85445|이스트라반도
85446|협창
85447|당금
85448|갸릉갸릉
85449|추적추적하다
85450|직효
85451|락하산
85452|빙퉁그러지다
85453|풀럭풀럭
85454|댁내
85455|맥포
85456|훈독하다
85457|표소
85458|이취
85459|모얗
85460|자지하다
85461|고천
85462|못뽑이
85463|흰비오리
85464|까장
85465|지브다
85466|입보하다
85467|마우솔레움
85468|질화
85469|삼탕하다
85470|아라우
85471|땜하다
85472|뚜루다
85473|골짜구니
85474|욍이
85475|멸족되다
85476|경세치용
85477|밀어제끼다
85478|상행하다
85479|시좌
85480|배춘
85481|초음속기
85482|재계약되다
85483|한국은행법
85484|비이다
85485|시첨
85486|무더기비
85487|염계
85488|멀티캐스팅
85489|뿌듯이
85490|농후제
85491|윗눈시울
85492|뿌루
85493|정락
85494|중국요릿집
85495|결벽하다
85496|원파
85497|쇠망하다
85498|학가
85499|겹겹히
85500|적간
85501|웅산
85502|부얶
85503|임성
85504|전통주의자
85505|운연
85506|윤전
85507|심두
85508|내리훑다
85509|덜리다
85510|고사다
85511|엔이
85512|일시하다
85513|플렌스부르크
85514|여테
85515|아타셰케이스
85516|퐁당거리다
85517|재수출되다
85518|테크노폴리스
85519|공용화되다
85520|정빙
85521|삼엄
85522|준설하다
85523|비온
85524|실덕하다
85525|우키요에
85526|에일러론
85527|노옹
85528|비에이피
85529|수준작
85530|고판
85531|치관
85532|취한
85533|악풍
85534|연회하다
85535|모역
85536|직월
85537|공글리다
85538|캐주얼풍
85539|싱게
85540|의론
85541|치밀도
85542|식력
85543|거누다
85544|끼인각
85545|향꽂이
85546|메토프롤롤
85547|작은관코박쥐
85548|식혀
85549|차잎
85550|허톈
85551|가무스름하다
85552|설적
85553|괄약
85554|씨치다
85555|잿빛개구리매
85556|수세미오이
85557|농조
85558|아병
85559|아랫반
85560|평초
85561|오십음도
85562|다가리
85563|토현
85564|주물럭주물럭하다
85565|수사선
85566|방규
85567|대리청정하다
85568|명파리
85569|위만
85570|놈코어
85571|맹동
85572|말제
85573|모질하다
85574|전중하다
85575|짝태
85576|갸울이다
85577|뾰로지
85578|이렁
85579|수웨
85580|뉴턴미터
85581|신호등불
85582|크랙베리
85583|급자
85584|여암
85585|삐꾸러지다
85586|앵하다
85587|재패니메이션
85588|저립하다
85589|귀다
85590|악다구니
85591|연맹하다
85592|장액
85593|번거로이
85594|교착하다
85595|부서하다
85596|견실히
85597|조휘
85598|기지개하다
85599|안배되다
85600|아시도시스
85601|잔말하다
85602|무응답하다
85603|열그다
85604|가본
85605|칠검
85606|레뷰
85607|그래서리
85608|표사
85609|짤까닥짤까닥
85610|쏭알
85611|구릿
85612|대척하다
85613|이임하다
85614|속필
85615|충충하다
85616|현교
85617|천유
85618|한타
85619|재방하다
85620|정합하다
85621|살결물
85622|와정
85623|방분하다
85624|프로콘술
85625|이야깃주머니
85626|미설치되다
85627|황리
85628|더레
85629|금붓꽃
85630|가뜩
85631|메루치
85632|분절화되다
85633|기형화되다
85634|술놀음
85635|데거
85636|명로
85637|임협
85638|봉덕사종
85639|태극선
85640|심막
85641|감쳐물다
85642|가슴패기
85643|우수함
85644|악설
85645|배불르다
85646|앍다
85647|미천
85648|제토
85649|백홍
85650|문뜩문뜩
85651|거리라
85652|흥복
85653|생률
85654|우스꽝스러움
85655|교암리
85656|광평
85657|남와
85658|너무나
85659|식식하다
85660|되따
85661|물열매
85662|얄브스름하다
85663|통실하다
85664|편철하다
85665|불치하문
85666|바가
85667|가마있다
85668|캄파나
85669|사홍서원
85670|관절하다
85671|토병
85672|큰부리개개비
85673|뱃바닥
85674|시강하다
85675|삽혈하다
85676|덱스트로스
85677|유상하다
85678|기름기름하다
85679|벅시
85680|꼬박하다
85681|도류
85682|크로코딜
85683|복하천
85684|가다랭이
85685|낙농품
85686|홍동
85687|망궐례
85688|매고
85689|되풀다
85690|뿌가지다
85691|보국하다
85692|전성하다
85693|빽빽이
85694|독다귀
85695|어부사시사
85696|토신
85697|벌에
85698|지무
85699|주태
85700|철커덕철커덕
85701|산들다
85702|린위탕
85703|빙켈만
85704|도집
85705|펜토바르비탈
85706|사마륨
85707|깡지
85708|따스다
85709|숭의
85710|무등산수박
85711|수치하다
85712|명백성
85713|무정부
85714|시부저기
85715|자기세력
85716|구운초
85717|구부정히
85718|방애
85719|스테빈
85720|전근되다
85721|우야우야
85722|의소
85723|앞등
85724|나수다
85725|딱딱히
85726|즐판
85727|속새
85728|청유자
85729|이완보강
85730|크리닉
85731|부새
85732|기교하다
85733|누조
85734|장감
85735|화학업계
85736|라자스탄주
85737|대건고
85738|탱키니
85739|북그다
85740|동일화하다
85741|비레
85742|복선화되다
85743|보께다
85744|미터기
85745|폐역되다
85746|역로
85747|다받다
85748|병후
85749|출천하다
85750|장피
85751|심옹
85752|오왜
85753|출륙
85754|바틀릿
85755|오도독오도독하다
85756|원껏
85757|말나
85758|윗구멍
85759|페커리
85760|발소
85761|배서스트
85762|터미날
85763|핵과
85764|넉줄
85765|도네페질
85766|급수하다
85767|위생차
85768|걸레다
85769|어획고
85770|흡기하다
85771|퍼포레이션
85772|찌걱찌걱
85773|규도
85774|시련기
85775|바추
85776|푸근푸근
85777|세고
85778|대죽
85779|도척
85780|초와
85781|핵도
85782|천남동
85783|류조
85784|지기지우
85785|의근
85786|사리지다
85787|분휘
85788|아이이이이
85789|귀앓이
85790|친인
85791|외품
85792|연쇄하다
85793|아니사키스
85794|낭만화되다
85795|대익
85796|편시춘
85797|번개손
85798|부끄러이
85799|계학
85800|내기
85801|요차
85802|점층
85803|사이버캅
85804|나계
85805|장좌불와
85806|양극화하다
85807|휙휙하다
85808|함초롬하다
85809|팔만사천법문
85810|올림포스산
85811|구간
85812|파쇄기
85813|음려
85814|임석
85815|연람
85816|꼬마배우
85817|만뢰
85818|사웨
85819|쑹화
85820|피르
85821|호망
85822|배합법
85823|념념
85824|형우제공
85825|돗대기새우
85826|찔금찔금
85827|끔쩍거리다
85828|등대하다
85829|기위하다
85830|라에티
85831|나스르르하다
85832|척부
85833|스틴복
85834|제로잉
85835|알겨먹다
85836|야금야금하다
85837|주왁
85838|치죄
85839|맹약하다
85840|범벅이
85841|효율화되다
85842|가납
85843|대붕
85844|식언하다
85845|왱이
85846|자늑자늑
85847|이래나저래나
85848|코뮤니즘
85849|참살이
85850|톺다
85851|일단
85852|욕지기나다
85853|그럼하다
85854|고국양왕
85855|나뿔다
85856|댐비
85857|납본
85858|황초
85859|옹모
85860|벨모판
85861|휘어붙이다
85862|구아니딘
85863|곧은길
85864|무덤벽화
85865|결연되다
85866|유습
85867|소말릴란드
85868|직업동맹
85869|소식불통
85870|챠우챠우
85871|유거
85872|두리뭉술하다
85873|용전
85874|역봉
85875|줄대
85876|발출
85877|피병
85878|풀매
85879|분독
85880|공납금
85881|신부하다
85882|입전
85883|마우레타니아
85884|티격거리다
85885|물고기길
85886|집증하다
85887|꾸역거리다
85888|양볼락과
85889|케피르
85890|물물
85891|하프백
85892|직맹
85893|함기골
85894|역리
85895|구데기
85896|레보도파
85897|애송되다
85898|홍농
85899|윗대
85900|버러
85901|켄트대
85902|열차다
85903|태서
85904|탕가
85905|전철화되다
85906|천야만야하다
85907|군사위원
85908|천변만화하다
85909|오버그라운드
85910|학용
85911|할딱할딱
85912|부자연하다
85913|복란
85914|공작품
85915|옹플뢰르
85916|슴가
85917|군평선이
85918|포덕
85919|버나
85920|너삼
85921|삼철
85922|생우
85923|회족
85924|뒤르켐
85925|위판되다
85926|스카워
85927|방긋방긋하다
85928|널널이
85929|속신
85930|잔지
85931|설형
85932|녹의
85933|도일리
85934|휘젓개
85935|모드이다
85936|묘선
85937|출반
85938|시라구
85939|특지
85940|뻐끔하다
85941|난분분하다
85942|종지기
85943|산태
85944|레비츠키
85945|제꺽
85946|자작나뭇과
85947|감합
85948|번지레하다
85949|시마리
85950|타지크
85951|해괴망측
85952|하저
85953|풍헌
85954|개때
85955|모식
85956|쯔놈
85957|미태
85958|꾸벅대다
85959|맛난이
85960|화려히
85961|봉입
85962|눅신하다
85963|표녀
85964|씻치다
85965|제불
85966|시금칫국
85967|기우뚱대다
85968|원부
85969|철궤
85970|왜치다
85971|뒤좇다
85972|취수하다
85973|레조
85974|실유불성
85975|듬직스럽다
85976|뚜루미
85977|시퍼래지다
85978|쇠검은머리쑥새
85979|년조
85980|진노란색
85981|석동
85982|무릎베개하다
85983|감광
85984|심혼
85985|잠사하다
85986|돈어
85987|문설트
85988|키사스
85989|의로이
85990|필치
85991|잔선
85992|남체
85993|유정
85994|사근대다
85995|귀군
85996|형로
85997|난동하다
85998|하국
85999|육예
86000|못갖춘마디
86001|예진하다
86002|몹씨
86003|태희
86004|출패
86005|건밀다
86006|뒷부리도요
86007|패철
86008|상자하다
86009|난로불
86010|컨스터블
86011|대구탕집
86012|각감
86013|이록
86014|보재
86015|부불
86016|암남동
86017|반짝대다
86018|리추
86019|일격
86020|성줏대
86021|증험
86022|버레
86023|밀우
86024|장적
86025|실장하다
86026|뱁티스트
86027|당형
86028|인고하다
86029|문헌학
86030|염야
86031|소곡
86032|갤런타인데이
86033|줄동
86034|함점
86035|재투입하다
86036|방코르
86037|헌안왕
86038|배릿하다
86039|책상다리하다
86040|폐간시키다
86041|쵸콜렛
86042|고깃점
86043|토스토
86044|번뜩번뜩하다
86045|잿길
86046|건로
86047|배토
86048|덕불고
86049|닦달질하다
86050|벌려뛰기
86051|줄불놀이
86052|호읍
86053|면장우피
86054|빠득빠득하다
86055|중각
86056|도산되다
86057|꿍이
86058|연일
86059|마른벼락
86060|일이
86061|입북
86062|연달하다
86063|비쭉비쭉
86064|포원
86065|오좀
86066|귀왕
86067|파풍
86068|채녀
86069|엑스터널
86070|오리노코강
86071|정후
86072|쩌릿쩌릿하다
86073|창유
86074|낭카
86075|브레이싱
86076|사스락거리다
86077|비르카
86078|길나다
86079|가이딩
86080|비옹
86081|쉬키다
86082|뻔뜩뻔뜩하다
86083|돌총
86084|올매
86085|느다
86086|로이더
86087|심창
86088|요노족
86089|방양
86090|패차다
86091|불벌레
86092|적혈
86093|새솔동
86094|텔레마크
86095|활자화
86096|축경
86097|반화
86098|인병
86099|추냐
86100|똑하다
86101|음리
86102|깝작
86103|홍승
86104|추슬리다
86105|로셰
86106|부으리
86107|묘판
86108|맥고
86109|다락논
86110|가찌
86111|창안되다
86112|주칠
86113|쓸림
86114|집경
86115|선책
86116|와부
86117|베번
86118|이빨
86119|체보
86120|담바
86121|읍하다
86122|호케
86123|절봉
86124|효탑초
86125|합본하다
86126|곁방살이
86127|관곡
86128|신징
86129|감사랑
86130|재배포하다
86131|덜그렁
86132|명초
86133|활자화하다
86134|소나뭇과
86135|거럼
86136|약욕
86137|슈바베
86138|안조
86139|위키노믹스
86140|굴신
86141|굴강하다
86142|후들대다
86143|멜런
86144|검표하다
86145|군론
86146|시퀀서
86147|절대로
86148|천록
86149|부풍
86150|지방대생
86151|배꼽찌
86152|헤여지다
86153|버덩
86154|저분저분
86155|똑땍이
86156|소우
86157|면부
86158|실동
86159|큰골
86160|아탕
86161|노라드
86162|신재
86163|당구다
86164|혜시
86165|언구
86166|열독하다
86167|준천
86168|낙토
86169|건화
86170|우직스럽다
86171|괴나리
86172|따끔대다
86173|진구렁텅이
86174|병충
86175|란체라
86176|혼천설
86177|코몬
86178|저습
86179|몰리나
86180|추렴
86181|십구금
86182|가법다
86183|안융진
86184|작센
86185|엑스와이
86186|유레일패스
86187|골내다
86188|특자
86189|매핵기
86190|래전
86191|질액
86192|바디랭기지
86193|되오르다
86194|쌍자
86195|액시
86196|고마에
86197|스티렌
86198|예양
86199|발검하다
86200|게트림
86201|참착하다
86202|도첨의사사
86203|아르킬로코스
86204|중식하다
86205|화드득
86206|차넣기
86207|머징
86208|찝찌름하다
86209|의합하다
86210|보로디노
86211|주무하다
86212|반디불
86213|재발부하다
86214|녹소토
86215|승표
86216|아이바크
86217|감염하다
86218|꾸레
86219|병치하다
86220|새초롬히
86221|비훈
86222|한기
86223|펄이
86224|흉변
86225|축상
86226|타고투저
86227|콩코스
86228|도도리
86229|크레아티닌
86230|약원
86231|뼈고기
86232|체용
86233|시과
86234|스니핑
86235|사찰
86236|타이로시네이스
86237|바심
86238|토담
86239|써모
86240|모레인
86241|실인즉
86242|버럭대다
86243|컷어웨이
86244|무아경
86245|모두매
86246|살찌
86247|매포
86248|수난기
86249|기이다
86250|좋이
86251|발끈발끈
86252|대휴
86253|말리들다
86254|얼운
86255|성건동
86256|별히
86257|퍼런빛
86258|누리하다
86259|뺄개지다
86260|마지아니하다
86261|찬간
86262|리듀스
86263|금모
86264|민촌
86265|뎡
86266|바시락
86267|고체화되다
86268|갈필
86269|멜턴
86270|프레이머
86271|향학
86272|동규
86273|도리암직하다
86274|티에르
86275|빤들빤들하다
86276|갈비다
86277|숟가락질하다
86278|달마티아
86279|서품되다
86280|다르르
86281|마종
86282|대체로
86283|언표
86284|팔라디오
86285|강종하다
86286|관격
86287|빼죽하다
86288|이창
86289|대부동
86290|둥굴둥굴
86291|차세
86292|비판대
86293|스러스터
86294|최우선시되다
86295|꿰이다
86296|버들꽃
86297|샤롤레
86298|단석
86299|쯔보
86300|습진하다
86301|까막까막
86302|간독
86303|막내동이
86304|계패
86305|게재
86306|멸살
86307|극렬분자
86308|잃어뿌다
86309|격려되다
86310|수익하다
86311|범게르만주의
86312|낙상홍
86313|괘도
86314|넝쿨장미
86315|혼도하다
86316|어롱
86317|후회막심하다
86318|학하다
86319|올덴부르크
86320|어룽대다
86321|앙재
86322|분멸
86323|분좌
86324|제동되다
86325|보마르셰
86326|황부
86327|외뿔소자리
86328|가깝하다
86329|소프트닝
86330|아레다
86331|아이오티
86332|차심
86333|곤다르
86334|담은
86335|성만
86336|경망스레
86337|정치의식
86338|집부
86339|동신
86340|널어지다
86341|포마이카
86342|특과
86343|면면하다
86344|상게
86345|잡지다
86346|내뿌리다
86347|산혈
86348|역저
86349|교월
86350|보석되다
86351|윗니
86352|특면
86353|입중
86354|창도름
86355|쾌락하다
86356|발랄라이카
86357|시후
86358|실히다
86359|춘의
86360|소다파운틴
86361|달작지근하다
86362|곤가
86363|머시니마
86364|에이에스엠알
86365|격철
86366|융통되다
86367|반벙어리
86368|발마
86369|타면
86370|일능
86371|늠름히
86372|짜다리
86373|직임
86374|협재리
86375|우아스럽다
86376|툴롱
86377|추조
86378|평양종
86379|경정하다
86380|인천하다
86381|달레이
86382|예시되다
86383|석화하다
86384|매조지다
86385|네알
86386|갈구리
86387|관문도시
86388|병출
86389|신비화하다
86390|상관되다
86391|관념성
86392|퀀셋
86393|세련하다
86394|내주하다
86395|풀쑥
86396|철퍽철퍽하다
86397|꺼칫하다
86398|원표
86399|우부승지
86400|추운
86401|먹음다
86402|무론
86403|호렵
86404|궁둥뼈
86405|직선화하다
86406|시궁
86407|정판
86408|뽀비
86409|오렁
86410|레베데프
86411|열렬
86412|울루
86413|비짓살
86414|개오다
86415|바랑키야
86416|박효관
86417|불하
86418|궁따다
86419|리샘플
86420|시엔푸에고스
86421|위부
86422|이오카스테
86423|미식거리다
86424|요란뻑적지근하다
86425|모노코크
86426|병전
86427|여축
86428|허들
86429|전위되다
86430|시비시
86431|대흉년
86432|숭문
86433|주관되다
86434|틸란드시아
86435|닐니리
86436|루보
86437|히치하이크하다
86438|메싸이오닌
86439|잇구다
86440|무해
86441|당목
86442|뿌드
86443|악세
86444|용금
86445|광마
86446|에베르트
86447|중심체
86448|암등
86449|태생하다
86450|의미론
86451|맹염
86452|멍가
86453|초풍
86454|제로화하다
86455|제르미날
86456|탁오
86457|웅기중기
86458|우란
86459|딤
86460|변문
86461|산적되다
86462|수진
86463|흡광
86464|가편집하다
86465|케랄라주
86466|득난
86467|재추대하다
86468|연소화되다
86469|윱다
86470|내리덮다
86471|블락킹
86472|껌뻑껌뻑하다
86473|귀납
86474|도발되다
86475|조패다
86476|조령모개
86477|마르키온
86478|재량하다
86479|피탈
86480|뷰니멀족
86481|알데바란
86482|미다시
86483|둥구리
86484|센티멘털리즘
86485|만티
86486|나뭇재
86487|사고무친하다
86488|질벅거리다
86489|패플
86490|셀룰라아제
86491|삐뚜로
86492|야쿠시지
86493|솔라렌
86494|벙긋대다
86495|의문스레
86496|추백
86497|희뜩희뜩
86498|묘술
86499|엑시온
86500|극빈하다
86501|천상연
86502|소궁
86503|알오다
86504|세한
86505|꿀컥
86506|내연하다
86507|상업계
86508|제송하다
86509|피아노포르테
86510|옥벽
86511|호웨
86512|절그럭절그럭
86513|노멕스
86514|구도하다
86515|애주
86516|광보
86517|절승
86518|꾸둑꾸둑하다
86519|삼학
86520|금족
86521|장소하다
86522|서간체
86523|감계
86524|세정
86525|현의
86526|패구
86527|홀연하다
86528|실심하다
86529|링잉
86530|궁노
86531|낙후성
86532|게름
86533|성류
86534|뚱띵이
86535|철운석
86536|조인규
86537|중철
86538|스르렁
86539|면자
86540|볏가릿대
86541|폴딱폴딱
86542|치치다
86543|비서하다
86544|에키
86545|퍼밀
86546|증리
86547|형권
86548|금혼
86549|반좌
86550|직례
86551|사자고추
86552|혼음
86553|철벅철벅하다
86554|인각
86555|소시적
86556|쌍어
86557|르봉
86558|밀가리
86559|먹는장사
86560|초달
86561|세번
86562|감화하다
86563|양급
86564|붐하다
86565|모노클
86566|남류
86567|락테이스
86568|쏘매
86569|주글주글
86570|주아
86571|합수
86572|연지다
86573|페리미터
86574|회하
86575|망실되다
86576|계해
86577|까욱
86578|어셈블러
86579|금삼겹
86580|전암
86581|도과하다
86582|검속
86583|소갑
86584|영역하다
86585|행화
86586|창나다
86587|챕스
86588|높새
86589|엠펙
86590|콘체른
86591|부위하다
86592|뚜벅거리다
86593|가파
86594|디스코그래피
86595|배또롱
86596|내용하다
86597|노획되다
86598|중초
86599|개용
86600|아귀세다
86601|라군
86602|회야강
86603|쪼매하다
86604|걷들다
86605|크로폿킨
86606|오주연문장전산고
86607|국졸
86608|텐렉
86609|뇌순녀
86610|말캉거리다
86611|아첼레란도
86612|나드리
86613|런더너
86614|와삭거리다
86615|결빙하다
86616|드물
86617|뭉글다
86618|존네
86619|청등
86620|앝
86621|홀가분히
86622|은연하다
86623|조각돌
86624|미스캐스트
86625|적목
86626|체증하다
86627|빠시락
86628|넝쿨지다
86629|소괄호
86630|완연
86631|비환
86632|시뇽
86633|길내다
86634|오두산성
86635|무안쩍다
86636|흔단
86637|쿵덕거리다
86638|호입
86639|헛김
86640|그적거리다
86641|만화화
86642|수렵하다
86643|뜬내
86644|성료하다
86645|대지구대
86646|어극
86647|해청
86648|이분화되다
86649|네루다
86650|사과배
86651|취안
86652|메구로구
86653|온존하다
86654|오안
86655|면판
86656|등산러
86657|통간
86658|뇌정
86659|고정불변하다
86660|겐지
86661|필그라스팀
86662|아파텔
86663|나부리
86664|줄달음질하다
86665|치조
86666|갈차다
86667|마디충나방
86668|새새하다
86669|아랫말
86670|사글사글하다
86671|목걸다
86672|귀현
86673|친탁하다
86674|곱사
86675|토토리
86676|지오토피아
86677|스크랴빈
86678|편협
86679|궁원
86680|북실북실
86681|배관하다
86682|유존
86683|데꺽
86684|박재하다
86685|시케
86686|귀절
86687|고등반
86688|다이어트되다
86689|거저줍다
86690|다복다복
86691|차륜
86692|요패
86693|관료화되다
86694|덕본
86695|분파하다
86696|안꼽다
86697|블로퍼
86698|한찬
86699|제실
86700|만개
86701|병내다
86702|이키토스
86703|껌팔이
86704|세월
86705|도투막질
86706|뻐금
86707|노르마
86708|첫여름
86709|저시
86710|생문
86711|뒤대다
86712|잡고기
86713|에멜무지로
86714|천희
86715|쇼타이
86716|닌토쿠
86717|아르테미시온
86718|스적스적
86719|선듯
86720|황면
86721|똥걸레
86722|전자다
86723|탄압되다
86724|밥보
86725|재개원하다
86726|누긋하다
86727|재확립하다
86728|블리드
86729|육회
86730|글라우버
86731|지그비
86732|하절
86733|크눌프
86734|조락
86735|옭매이다
86736|대사집
86737|산입되다
86738|건시
86739|사진반
86740|욕지거리하다
86741|뜨믄뜨믄
86742|금시조
86743|홈빡
86744|교려하다
86745|항장
86746|뗌
86747|메슥메슥하다
86748|범학
86749|먹스
86750|호드기
86751|추기다
86752|오르프
86753|검지하다
86754|참형되다
86755|표퓰리즘
86756|트리코
86757|비시시
86758|허행
86759|달그랑거리다
86760|이렛날
86761|누루
86762|쿨럭쿨럭하다
86763|근실
86764|노닥대다
86765|전처리제
86766|물보가지
86767|마그네사이트
86768|속싸보
86769|방형
86770|비닐조각
86771|살잡다
86772|뻥긋대다
86773|헌납되다
86774|짜르르하다
86775|자연실험실
86776|설란
86777|투명화되다
86778|슈도모나스
86779|졸깃졸깃
86780|계집질하다
86781|무옥
86782|희곡화하다
86783|참나뭇과
86784|생판
86785|핫핫하다
86786|차굽다
86787|중머리
86788|답구
86789|척출
86790|하오체
86791|고냉이
86792|씨꺼멓다
86793|요색
86794|뒤잇다
86795|뱅어
86796|바탕가스
86797|대읍
86798|향하
86799|혈성
86800|이단시하다
86801|자대
86802|꼴나다
86803|호병
86804|가책하다
86805|차다보다
86806|프레보
86807|무규칙하다
86808|늘푸른나무
86809|덴포
86810|음자
86811|구본웅
86812|디오클레스
86813|활구
86814|채육
86815|힐끗대다
86816|뫃
86817|몰트위스키
86818|목메이다
86819|트랩도어
86820|규각
86821|벽색
86822|나꾸다
86823|조꼼
86824|억실억실하다
86825|비일상성
86826|독게
86827|필목
86828|지끔
86829|등구다
86830|작고
86831|들고일어서다
86832|투폴레프
86833|코판
86834|개흥
86835|청리
86836|결말나다
86837|심록
86838|냠냠대다
86839|병독
86840|교반하다
86841|웅디
86842|댕댕하다
86843|해하
86844|폴라드
86845|걈
86846|화맥
86847|전갈하다
86848|오하이오강
86849|삽혈
86850|적회색
86851|벅적하다
86852|문필
86853|구조망
86854|귀보
86855|차율
86856|순일하다
86857|준무
86858|허릿단
86859|명한
86860|우달
86861|빙박
86862|잡공
86863|써금써금하다
86864|귀취
86865|리콜제
86866|조입
86867|양유
86868|콘트랄토
86869|부건
86870|광창
86871|겸겸
86872|소입
86873|드글대다
86874|암괴
86875|불카누스
86876|잉끄리다
86877|과장스레
86878|향합
86879|점파
86880|큰뿔야생양
86881|낙곡
86882|윽물다
86883|히후
86884|찜뽕
86885|오바
86886|지에미
86887|춘곡
86888|휘스트
86889|간소히
86890|간인하다
86891|마른날
86892|우당퉁탕
86893|서함
86894|예일대
86895|끍
86896|대효
86897|견지다
86898|준채
86899|아스랗다
86900|페도필리아
86901|결락되다
86902|발레파킹하다
86903|슴베
86904|신길
86905|가어
86906|견양
86907|불이나케
86908|샤르티에
86909|걷어치다
86910|동그라지다
86911|왕고모
86912|태승
86913|메섭다
86914|트랜스포존
86915|자카르
86916|회안
86917|바덴뷔르템베르크
86918|샤포
86919|이미르
86920|려리
86921|퇴준생
86922|약한소리
86923|프레디맥
86924|적대
86925|불양
86926|조약무
86927|발랑발랑
86928|희뜩희뜩하다
86929|혜박
86930|메히코
86931|악도
86932|균등히
86933|사륵
86934|길보
86935|천만불가하다
86936|일표
86937|권제
86938|소설화되다
86939|신짝
86940|다랍다
86941|완요골근
86942|새롱거리다
86943|계면
86944|외감
86945|현매
86946|타발
86947|근실하다
86948|머리보
86949|벨아미
86950|덜덜하다
86951|텔레만
86952|고재남
86953|흥성
86954|더비셔
86955|채료
86956|운범
86957|재질문하다
86958|투실투실
86959|뜨르들로
86960|누른밥
86961|정평구
86962|구항
86963|떡튀
86964|소리개
86965|브로케이드
86966|송충
86967|실리토
86968|송순
86969|구록
86970|카포에이라
86971|서려
86972|근접되다
86973|말국
86974|으드득하다
86975|나부대다
86976|거럭
86977|부바네스와르
86978|우득우득
86979|숙영하다
86980|스코치
86981|메쌓기
86982|등기다
86983|또디
86984|북통
86985|린광
86986|여결
86987|선입하다
86988|목요
86989|쩔뚝대다
86990|욜
86991|간추다
86992|젙
86993|히모
86994|멸구하다
86995|꾸르르
86996|막살이
86997|조선글
86998|아하
86999|클롯
87000|조표
87001|드르릉거리다
87002|사분오열하다
87003|요크타운
87004|가흥
87005|꾸륵거리다
87006|가평하다
87007|깜하다
87008|가는바람
87009|어처구니
87010|엎어먹다
87011|공심위
87012|단말마적
87013|늪가스
87014|채붕
87015|자야
87016|서지
87017|골가지
87018|골종
87019|복모
87020|묘재
87021|고무주머니
87022|사박스럽다
87023|다고하다
87024|추쇄
87025|카시니
87026|봉급날
87027|흐늑흐늑하다
87028|립턴
87029|실어하다
87030|펑고
87031|스케르초
87032|비너슈니첼
87033|홍그다
87034|고건
87035|제향하다
87036|안동하다
87037|고장이
87038|조리대
87039|탈염
87040|부실부실
87041|법집
87042|칭양
87043|무쌍히
87044|리스트레토
87045|자리상
87046|주르나
87047|헤마글루티닌
87048|검찰소
87049|손동
87050|김종한
87051|카무플라주하다
87052|탈점하다
87053|설암
87054|탄벌동
87055|본실
87056|옴싹옴싹
87057|나무길
87058|해방절
87059|봉와직염
87060|쿠르투아
87061|하마하다
87062|암거래되다
87063|준유
87064|들어옮기다
87065|승배
87066|선일
87067|갈비씨
87068|증수하다
87069|유벌
87070|잉잉대다
87071|직승기
87072|대갈하다
87073|향류
87074|뚜두두둑
87075|마디아프라데시주
87076|가리치다
87077|두루뭉시
87078|베빈
87079|끄러지다
87080|속성하다
87081|부드롭다
87082|제면
87083|방호하다
87084|폭살하다
87085|커드워스
87086|대진하다
87087|기름나무
87088|확성하다
87089|전족하다
87090|의붓형
87091|홍다리사슴벌레
87092|등차
87093|수과
87094|양온서
87095|귀지
87096|아래윗방
87097|셜다
87098|사쥐
87099|북류
87100|기잉
87101|선처되다
87102|깔끼
87103|은복
87104|어둑시근하다
87105|비학
87106|능감
87107|레귤론
87108|팔굽
87109|안인진리
87110|카르바마제핀
87111|출무하다
87112|분제
87113|차칸
87114|여순
87115|공공용
87116|탈망
87117|증면
87118|도작하다
87119|여릿여릿
87120|요채
87121|다임
87122|입구하다
87123|이타바시구
87124|짚고
87125|방혈하다
87126|궁화
87127|보랭
87128|플로이에슈티
87129|비아다
87130|성축
87131|이갑성
87132|개완
87133|춘투
87134|푸두둑
87135|만래
87136|모거
87137|천수답
87138|전방하다
87139|밫다
87140|뿌리이
87141|복장하다
87142|동열
87143|푸륵거리다
87144|한다는
87145|수짱
87146|위양하다
87147|형재
87148|무가지보
87149|후들다
87150|저새
87151|안뜨기
87152|세게드
87153|나꼬
87154|불원간
87155|횡서
87156|도영하다
87157|아손
87158|법선
87159|데포
87160|퇴자
87161|똑딱하다
87162|헴헤다
87163|슈게이징
87164|등변
87165|흉괴
87166|통판
87167|데콜테
87168|육상
87169|격난
87170|쑥다
87171|타개되다
87172|우스갯감
87173|와장
87174|내매다
87175|검은흙
87176|옴마니밧메훔
87177|아모이
87178|철추
87179|무쿠다
87180|가막소
87181|모랫벌
87182|모이매
87183|따사로이
87184|뺀하다
87185|이분화하다
87186|다락밭
87187|웃마을
87188|남제
87189|새메
87190|빌룬
87191|조젯
87192|몽클
87193|무겁디무겁다
87194|행담
87195|꾀매다
87196|급구하다
87197|댕그랗다
87198|간애
87199|케스
87200|발착
87201|기과
87202|찌글거리다
87203|빠꼬미
87204|짜그락거리다
87205|숭덩숭덩하다
87206|배무이
87207|두부볶음
87208|구두하다
87209|광추
87210|별거
87211|애초롭다
87212|드비다
87213|낙반
87214|돈비
87215|밴티지
87216|이쏘기
87217|우드득거리다
87218|채미
87219|선지급되다
87220|키유
87221|총검
87222|라조기
87223|세맥
87224|바모
87225|헌당하다
87226|쭈삣거리다
87227|암락
87228|호기스럽다
87229|오니차
87230|근량
87231|큰멋쟁이나비
87232|숭허다
87233|대포리
87234|피색
87235|물라토
87236|둔덕산
87237|건량
87238|넘나
87239|류화
87240|빙퇴석
87241|속살대다
87242|깨이다
87243|궤간
87244|간중
87245|두안
87246|실룩실룩하다
87247|코스마스
87248|일자무식하다
87249|두득
87250|특조단
87251|파별
87252|한가락
87253|소메이티
87254|부푸다
87255|쳉스토호바
87256|간신하다
87257|실락원
87258|잔인스럽다
87259|육혼
87260|뮤티즌
87261|그랑
87262|왜상
87263|위경
87264|말벗하다
87265|디어본
87266|와려
87267|새공
87268|승우
87269|찰고
87270|역랑
87271|샛골목
87272|청벽
87273|외접
87274|나려
87275|홈질하다
87276|서늘히
87277|설기떡
87278|흐늑
87279|끈덕
87280|수꿀하다
87281|볼란테
87282|승개
87283|이자
87284|멀구슬나무
87285|부룩
87286|검은토끼
87287|어덜키즈
87288|아과
87289|뽀드득뽀드득하다
87290|시호시호
87291|불로불사하다
87292|특사하다
87293|엉큼스럽다
87294|라농군
87295|타운즈빌
87296|나무덩굴
87297|어막
87298|경한
87299|사기충천하다
87300|입개
87301|계청
87302|북북이
87303|샛비늘치
87304|비에타
87305|딱떨어지다
87306|함소
87307|검점하다
87308|프렌드쉽
87309|불후하다
87310|전혈
87311|조갯가루
87312|으르릉대다
87313|시가집
87314|추증하다
87315|윗송곳니
87316|노전
87317|붙살이
87318|로만체
87319|살부
87320|재구현되다
87321|등기필증
87322|그러그러하다
87323|간촐하다
87324|미발
87325|가저
87326|십일조
87327|홍머리오리
87328|정밤중
87329|그니께
87330|껀디
87331|솟구다
87332|탕용
87333|시딱
87334|발묵
87335|어드미니스트레이션
87336|악동이
87337|설앵초
87338|짭치다
87339|철퍼덕대다
87340|뉴네덜란드
87341|수시하다
87342|적남
87343|촌냐
87344|물씬거리다
87345|커닿다
87346|배떼
87347|주암
87348|구팡
87349|별자
87350|예르생
87351|바클라
87352|슈에
87353|홧홧거리다
87354|국맥
87355|북양
87356|추명
87357|샤푸
87358|추택
87359|담결하다
87360|무드다
87361|아헌
87362|쓰르르
87363|마르쿠제
87364|탁실하다
87365|짊어지우다
87366|아카이아인
87367|느슷하다
87368|깜찍스럽다
87369|실레지아
87370|첨체
87371|미로정원
87372|문전걸식
87373|예빈시
87374|키마르
87375|진저롤
87376|윤돈
87377|되튕기다
87378|대발하다
87379|풍시
87380|마예
87381|삐삐하다
87382|심간
87383|얼굼피해
87384|쩔그럭거리다
87385|배복
87386|판박이말
87387|약인
87388|내요리
87389|기본수
87390|새뜸초
87391|반서
87392|숙오하다
87393|얼입다
87394|아스트린젠트
87395|재검열하다
87396|무짝
87397|조글조글하다
87398|남새시럽다
87399|돝
87400|송용
87401|축농
87402|쇄국주의
87403|선축
87404|분생
87405|똘나다
87406|벤투리
87407|주최되다
87408|민영
87409|하게체
87410|심발
87411|구질맞다
87412|다라가다
87413|직무급제
87414|지주다
87415|국가계획
87416|압맥
87417|최심층부
87418|걸판지다
87419|바이젠더
87420|성평
87421|의유
87422|로록
87423|덜퍽
87424|마스트리흐트
87425|영전되다
87426|부덴브로크가
87427|건축공
87428|내각대학사
87429|말라르메
87430|유성기판
87431|독삼탕
87432|차부
87433|와사삭와사삭
87434|써레기김치
87435|수생하다
87436|벅적거리다
87437|간문
87438|쫑긋쫑긋하다
87439|귀코
87440|본근
87441|틀거리
87442|카틀레야
87443|맞잡이
87444|인행되다
87445|꽃일다
87446|비허
87447|여신하다
87448|파임
87449|헛걸음질하다
87450|누릿누릿
87451|썩살
87452|사츠
87453|축잘알
87454|작두질하다
87455|앙감질하다
87456|호물호물
87457|일체하다
87458|피술자
87459|풍비박산되다
87460|쿵작쿵작하다
87461|일준
87462|벌떡사발
87463|월욜
87464|르브룅
87465|악룡
87466|삥그르르
87467|건짐
87468|훙하다
87469|뭉클
87470|편이하다
87471|에음
87472|꾸석
87473|역세
87474|후레새끼
87475|중역하다
87476|자울자울
87477|질착하다
87478|집고
87479|의외롭다
87480|몽블랑산
87481|옵바
87482|물유본말
87483|야잠
87484|허욕
87485|수챗구녕
87486|굴르다
87487|끼울다
87488|모종하다
87489|참치김치볶음
87490|된서방
87491|가수리
87492|풀잡이
87493|비버브룩
87494|경사자집
87495|고무줄넘기
87496|씨라구
87497|촌아이
87498|모태다
87499|봉홧불
87500|끼룩대다
87501|카스케트
87502|약장사하다
87503|얼먹다
87504|회시
87505|몰이해하다
87506|어당
87507|카산드로스
87508|여무
87509|도명
87510|신좌
87511|냉잇국
87512|구겔호프
87513|어거하다
87514|지문하부사
87515|안교
87516|집열
87517|총마
87518|돌창
87519|외궁
87520|라인스톤
87521|쌍식
87522|껄떡껄떡
87523|점경
87524|외람되이
87525|유릉
87526|마르크시스트
87527|팀가드
87528|프랑지파니
87529|주방하다
87530|냉열
87531|기어히
87532|경착륙하다
87533|검은목논병아리
87534|포지
87535|핵질
87536|겨레말큰사전
87537|금차
87538|인덕원고
87539|끓임소독
87540|가프다
87541|아래단
87542|고주알미주알
87543|안티클라이막스
87544|협량
87545|미엽
87546|망새
87547|임화
87548|봉장
87549|탈중심화
87550|꿀딱
87551|들여다뵈다
87552|곤명
87553|어덕하다
87554|궁춘
87555|일사천리
87556|당절
87557|털썩거리다
87558|형태화하다
87559|딴딴히
87560|뼝아리
87561|검은머리촉새
87562|슬그머리
87563|답샇다
87564|아이딜
87565|육고
87566|유려히
87567|몽두리
87568|제반사
87569|굴산사
87570|가뜬히
87571|매욕
87572|광성중
87573|약명
87574|황길
87575|해말갛다
87576|곁불
87577|독장
87578|버스럭
87579|주마간산
87580|촐촐히
87581|앙탈스레
87582|피빙
87583|사보텐
87584|적실히
87585|노닥노닥
87586|포관
87587|바드득거리다
87588|코마루
87589|임력
87590|분잡하다
87591|노가타
87592|헤로데스
87593|절가
87594|록록하다
87595|편부
87596|전거하다
87597|테루아르
87598|파르티타
87599|서일
87600|등엣과
87601|괴어오르다
87602|지태
87603|왜녀
87604|선문답하다
87605|당석
87606|카타스트로피
87607|퇴점하다
87608|동문수학
87609|손대중하다
87610|계절병
87611|안마당지기
87612|터덕거리다
87613|신직
87614|불안히
87615|달금하다
87616|지누이
87617|곻
87618|소토리
87619|드세어지다
87620|애병
87621|프렌치포테이토
87622|함수하다
87623|저작하다
87624|솓다
87625|알래
87626|악스럽다
87627|빙등
87628|성냄
87629|뜻매김
87630|인화물
87631|잔기침하다
87632|사연하다
87633|그래서
87634|모캉스
87635|샐쭉샐쭉
87636|산뒤
87637|왕대부인
87638|춘교
87639|혼로
87640|꿱꿱거리다
87641|정에
87642|나종
87643|큰말똥가리
87644|서둘르다
87645|추토
87646|프로우트
87647|판벽
87648|혼삿말
87649|닭알낟가리
87650|석황
87651|갈근해기탕
87652|괴불
87653|얄궂하다
87654|수왕
87655|겂
87656|길사
87657|끄득끄득
87658|창백히
87659|억하다
87660|추수절
87661|내성하다
87662|기밀하다
87663|투기
87664|수정구청
87665|누글누글하다
87666|휴구
87667|엔닌
87668|다기
87669|비검
87670|꼽쟁이
87671|미시하다
87672|더펄춤
87673|촌철
87674|정핵
87675|오목샘
87676|바크하우스
87677|재제하다
87678|선출원주의
87679|모퉁아리
87680|겸찰
87681|꾸무적
87682|더푸다
87683|방취
87684|사바랭
87685|격어
87686|잔적하다
87687|전품
87688|엄서
87689|예의하다
87690|나냥
87691|잠신하다
87692|부산진
87693|홈질
87694|피드포워드
87695|고야이
87696|출혈되다
87697|자주솜대
87698|빠각빠각
87699|외상없이
87700|감입
87701|병제
87702|혐기
87703|방약무인
87704|야항
87705|투력
87706|계양하다
87707|아근
87708|황공스럽다
87709|샤라브
87710|잎꽂이
87711|여스
87712|훈장질하다
87713|타별하다
87714|따꽁
87715|묘광
87716|정육하다
87717|성가심
87718|소담히
87719|오즉
87720|아이보리코스트
87721|노일
87722|새거리
87723|바늘뜸새
87724|으적하다
87725|유토리
87726|유패
87727|맹포격하다
87728|외짝사랑
87729|겸연쩍이
87730|발트족
87731|그로스톤
87732|승첩
87733|하생
87734|감급
87735|글리세
87736|사뿐거리다
87737|역북
87738|덧쌓다
87739|들어밀다
87740|미드십
87741|명예위병대
87742|뛰엄
87743|맞트레이드되다
87744|얼싸덜싸
87745|타구하다
87746|애꿎이
87747|이럼
87748|에오히푸스
87749|데마리
87750|과고
87751|팔금
87752|서머히
87753|음신
87754|사뜨다
87755|같은도
87756|화암
87757|결괴
87758|생부모
87759|거저릿과
87760|두교리
87761|덕정
87762|폰키엘리
87763|메줏덩어리
87764|월장하다
87765|속발
87766|시달림
87767|협만
87768|박우
87769|찰캉찰캉
87770|라이그라스
87771|범용화되다
87772|케이폭
87773|가슴통
87774|곤토
87775|손득
87776|드렁
87777|과욕하다
87778|또야머리
87779|미이다
87780|격비
87781|드보락
87782|맥경
87783|속진
87784|클로람페니콜
87785|탄미
87786|추탕
87787|종가시나무
87788|병존
87789|철거덕거리다
87790|병탕
87791|염종
87792|처질
87793|이롭
87794|스트로보스코프
87795|완투하다
87796|인두질하다
87797|잡잡
87798|보동보동하다
87799|비스다
87800|외골
87801|회각
87802|렉시스
87803|아웃도어파
87804|가쉐
87805|철륵
87806|발배
87807|입진하다
87808|방만히
87809|갈낙탕
87810|악발이
87811|시쿄
87812|윤재하다
87813|영절
87814|재출하다
87815|포르륵
87816|타랑
87817|사상성
87818|보갑
87819|환경효과
87820|지지개
87821|대요수국
87822|고갯방아
87823|뚜베
87824|따치
87825|메니스커스
87826|저저하다
87827|되세우다
87828|뱃밥
87829|풍증
87830|면구
87831|환묘
87832|높지막하다
87833|계정하다
87834|불기우리하다
87835|배짝
87836|성청
87837|선도되다
87838|페니토인
87839|천표
87840|교질
87841|절맥
87842|옥여
87843|중통
87844|정항령
87845|조만하다
87846|누그
87847|관촌
87848|짓뭉기다
87849|만한
87850|자부룩하다
87851|콘티뉴이티
87852|비간
87853|토음
87854|빠우
87855|어폴로지
87856|엄벙하다
87857|스패밍
87858|검부락지
87859|납유
87860|젠틸레
87861|전염병학자
87862|솎아베기
87863|예경하다
87864|양거
87865|채승
87866|도증
87867|포트윌리엄
87868|분크림
87869|사바하
87870|당감
87871|연만하다
87872|석이다
87873|대기다
87874|반히
87875|카자크
87876|풀거름
87877|우타르프라데시
87878|와짝
87879|섬서구메뚜기
87880|귀밥
87881|시살
87882|에어로비
87883|혼활
87884|채눈종이
87885|애창되다
87886|어루
87887|장림
87888|궁현
87889|괴외
87890|뚜갈
87891|메세
87892|헤저
87893|운부
87894|영장나다
87895|내계
87896|생삼
87897|보란
87898|뎀베
87899|사소취대
87900|바시락바시락
87901|전려
87902|도범
87903|딸까닥거리다
87904|칼티
87905|모둘빼기
87906|소적
87907|쌀개
87908|쇠골
87909|겸곡
87910|거치적
87911|꼬리조팝나무
87912|열매
87913|큐베
87914|어름어름하다
87915|독성하다
87916|코엘로피시스
87917|젓수다
87918|가근
87919|재롱하다
87920|한정어
87921|옅푸르다
87922|말타기하다
87923|비창하다
87924|재디자인하다
87925|덜퍼덕
87926|강장하다
87927|노패
87928|엉만
87929|미견
87930|울툭불툭하다
87931|까래
87932|스타펠리아
87933|서항
87934|몰아주기식
87935|지끈
87936|요비아누스
87937|겡
87938|초하
87939|도계위
87940|대귀
87941|스타브로폴
87942|의살하다
87943|횅댕그렁하다
87944|쪼개
87945|살심
87946|외현
87947|댈물길
87948|달카당
87949|불럭
87950|삐이다
87951|메타놀
87952|강운
87953|빼배
87954|여교
87955|자정되다
87956|분책되다
87957|구색하다
87958|흐흐거리다
87959|골막하다
87960|연록
87961|스펙트르
87962|군측
87963|케루악
87964|불측
87965|별이하다
87966|껄쩍
87967|벡터스코프
87968|팔덕
87969|오전
87970|이야깃감
87971|아날로지
87972|띠뱃놀이
87973|뱃세
87974|월복
87975|항독
87976|제곡
87977|프로메튬
87978|정시하다
87979|물때다
87980|유둣날
87981|비들기
87982|애프터케어
87983|짜국
87984|아굿심
87985|골겡이
87986|혼여
87987|중월
87988|봉향
87989|아르릉
87990|딜레탕트
87991|카파스
87992|미치갱이
87993|블롱
87994|퀑
87995|벌둥지
87996|아슬랑거리다
87997|칼깃
87998|척맥
87999|닥공
88000|투잡족
88001|가마히
88002|오건디
88003|영격하다
88004|거래금
88005|미역하다
88006|참자
88007|희열하다
88008|경색하다
88009|급여화하다
88010|뒤척대다
88011|세척용액
88012|흰진달래
88013|동과
88014|생열귀나무
88015|스포츠화하다
88016|우측통행하다
88017|위기십결
88018|히뜩히뜩
88019|잔모
88020|헐헐
88021|보쉬에
88022|슬마
88023|양계업계
88024|떨어먹다
88025|다밀다
88026|급신장하다
88027|장태
88028|총화하다
88029|옹기종기하다
88030|조국
88031|납작궁이
88032|귀뿔논병아리
88033|덜그렁대다
88034|버캐
88035|꼬래이
88036|경추
88037|내부다
88038|하겐
88039|면반
88040|오하라
88041|다습
88042|북내
88043|리케치아
88044|맑은장국
88045|삼성
88046|슈베린
88047|세어
88048|영악
88049|파슬파슬
88050|과학가
88051|벌사
88052|파석
88053|개래
88054|율리아누스
88055|계가하다
88056|무력증
88057|몽수
88058|스티크
88059|정야
88060|허여멀쑥하다
88061|검점
88062|제력
88063|추궁되다
88064|친근도
88065|포육하다
88066|어쉬
88067|땍때굴
88068|연접
88069|알림법
88070|역려
88071|횡갱
88072|급마무리하다
88073|모싯대
88074|의뭉스레
88075|기름사탕
88076|채신없이
88077|수훈하다
88078|료안지
88079|부클릿
88080|목매
88081|소페
88082|이현령비현령
88083|밀계
88084|간흉
88085|급급히
88086|까도녀
88087|트윙클링
88088|퇴뫼산
88089|떠들썩거리다
88090|도급하다
88091|쇠퇴기
88092|소포장하다
88093|주르륵거리다
88094|폴딱
88095|맘묵다
88096|엠오
88097|아이올로스
88098|손님하다
88099|아와지섬
88100|시삽
88101|군악단
88102|선병
88103|밍지
88104|에레크테이온
88105|모디스트
88106|월백
88107|세코바르비탈
88108|꽃단지
88109|겉핥기
88110|확행
88111|스펙트로미터
88112|번무하다
88113|반급
88114|계합되다
88115|흉격
88116|슬로터
88117|행서
88118|주저대다
88119|이항하다
88120|한들대다
88121|지일
88122|뜯개말
88123|전죄
88124|가제미
88125|미꽝이
88126|친시
88127|왼금
88128|식용되다
88129|몽골하다
88130|시별
88131|빌로
88132|이비사
88133|반송반송하다
88134|허따
88135|멀찌가니
88136|스침소리
88137|비물질화되다
88138|비꾸다
88139|초경하다
88140|아제아제바라아제
88141|통단
88142|일리다
88143|가루채
88144|여수다
88145|철륭
88146|자격잃기
88147|게르다
88148|괴의하다
88149|찬단물
88150|건삭
88151|분첩절첩식
88152|현장하다
88153|외함
88154|노신하다
88155|길쎄
88156|층꽃나무
88157|체레미
88158|속환하다
88159|밀칙
88160|육탈
88161|어그제
88162|섬짓
88163|근정하다
88164|피츠너
88165|조물딱대다
88166|전통되다
88167|직정
88168|연란
88169|에그나
88170|세트템
88171|돋움
88172|긴병꽃풀
88173|퇴병
88174|익스플로딩
88175|쭈삣
88176|쓸어엎다
88177|극유희
88178|배낭족
88179|소갈
88180|수양버드나무
88181|배뱅잇굿
88182|함보
88183|고리되다
88184|메카다
88185|눈초
88186|약후
88187|이리로
88188|섀그
88189|혜철
88190|지개
88191|제시다
88192|권렴
88193|출려
88194|가스내
88195|칠장이
88196|기아나
88197|주섬거리다
88198|파가
88199|건리
88200|송구스레
88201|황음
88202|노벨레
88203|누렁지
88204|역문
88205|단얼음
88206|급피곤하다
88207|사그락사그락
88208|할저씨
88209|말돌이
88210|와시
88211|밀이
88212|이미
88213|열열
88214|덩지
88215|알피엠
88216|더우
88217|발딱대다
88218|일음
88219|통양
88220|요절나다
88221|제군
88222|갈분
88223|비급하다
88224|하귤
88225|싱글하다
88226|납취
88227|생저
88228|더움
88229|묵배
88230|배향되다
88231|아래다리
88232|밭갈이하다
88233|우준하다
88234|앙감질
88235|당지
88236|망료
88237|완편
88238|츠빙글리
88239|도효
88240|융융하다
88241|상략하다
88242|데옥시리보스
88243|쾨르
88244|거매
88245|태흥
88246|녀무
88247|성위
88248|출반하다
88249|이빙
88250|리서
88251|비로
88252|해악하다
88253|어트게
88254|발방아
88255|보음
88256|견명
88257|상응되다
88258|요리요리하다
88259|감아들다
88260|징글리
88261|웅하다
88262|호구하다
88263|무노
88264|서름
88265|코바르
88266|빈천하다
88267|치례
88268|쌀가지
88269|몽둥이질하다
88270|초탁
88271|네크라소프
88272|유러너스
88273|엄치다
88274|유비컴
88275|고르반
88276|따부리
88277|재통일되다
88278|엘즈워스
88279|딸깍이다
88280|십육분음표
88281|대별되다
88282|맥상
88283|이숫다
88284|길앞잡잇과
88285|등배
88286|키수무
88287|그악스레
88288|손절매하다
88289|밤눈증
88290|겔리볼루
88291|내려트리다
88292|방문록
88293|볼러
88294|탐승
88295|디스로케이션
88296|정책화하다
88297|그머리
88298|마스커
88299|노곤
88300|계력
88301|샤타
88302|정치고문
88303|향실
88304|반드럽다
88305|문화궁전
88306|분비다
88307|질증
88308|돼지죽
88309|영감태이
88310|절르
88311|재부
88312|퓨터
88313|환등
88314|괜시
88315|동준
88316|악순환하다
88317|권기
88318|동량지재
88319|일몰하다
88320|냉회
88321|어깨숨
88322|양반다리하다
88323|새무룩하다
88324|도남
88325|겸무하다
88326|라맥
88327|팔행시
88328|건숭맞다
88329|탑리
88330|보생
88331|우르소데옥시콜산
88332|고붕
88333|환미
88334|뭉턱
88335|음성화되다
88336|화둔
88337|청회
88338|짜랑
88339|썽그레
88340|에미네
88341|천남생
88342|어티
88343|마알
88344|기장구
88345|무차
88346|두시
88347|투도
88348|기뿌다
88349|강생
88350|열를
88351|움찍거리다
88352|로동신문
88353|자르륵
88354|의물
88355|아멘라
88356|스태그네이션
88357|짱아치
88358|조달
88359|침제
88360|메나리
88361|악종
88362|되작거리다
88363|이삭송이풀
88364|주개
88365|끝막다
88366|유로랜드
88367|능위
88368|오만스럽다
88369|멀디멀다
88370|경어법
88371|김매순
88372|노곤히
88373|면리
88374|바이루
88375|재계산하다
88376|실겅실겅
88377|간대
88378|숙계
88379|돼냥이
88380|절렁절렁
88381|분쟁화하다
88382|소년궁전
88383|희지다
88384|윤내다
88385|매납
88386|원간
88387|볼룩
88388|졀이다
88389|금탑
88390|팔손이
88391|괴경
88392|은영
88393|박감
88394|절두
88395|현완법
88396|빌랙
88397|노래가락
88398|패칭
88399|차착
88400|광거
88401|대자대비
88402|변역하다
88403|공술하다
88404|필첩
88405|티에폴로
88406|아펜니노산맥
88407|봉테
88408|불쏘
88409|독지자
88410|요마하다
88411|염송하다
88412|붙임수
88413|대공개하다
88414|트립신
88415|아패
88416|뿌디지
88417|장종
88418|암기다
88419|독거하다
88420|우야무야
88421|독창력
88422|추과
88423|까락까락
88424|자발없다
88425|아삭바삭
88426|맛다르다
88427|집제
88428|곱다랗다
88429|거복이
88430|색광
88431|컨설테이션
88432|감기
88433|다육성
88434|초풍하다
88435|헌선도
88436|이니그마
88437|살굽다
88438|문목
88439|초츤
88440|헹굽다
88441|모섬
88442|강거
88443|앙부일귀
88444|곤고히
88445|꼬마사슴벌레
88446|쏭쏭쏭쏭
88447|구구거리다
88448|달캉
88449|틀어늫다
88450|풍석
88451|오놀
88452|몸부림하다
88453|둔상
88454|뭉텡이
88455|외촌
88456|휴면
88457|아타르바베다
88458|사량하다
88459|매품팔이
88460|농방
88461|완신
88462|그티
88463|지도되다
88464|잡물
88465|한밥
88466|숙덕숙덕하다
88467|도손도손
88468|자여
88469|너절너절하다
88470|구세이
88471|나세
88472|흠되다
88473|낙화하다
88474|날바람
88475|줘뜯다
88476|선지불하다
88477|보시락보시락
88478|대바르다
88479|빌레트
88480|기르케
88481|선샘
88482|도구하다
88483|드디여
88484|재결제하다
88485|남명천화상송증도가
88486|절초
88487|해밀토니안
88488|개훈
88489|원인치
88490|주편
88491|매꼼하다
88492|반개하다
88493|자기띠
88494|만세삼창하다
88495|성새
88496|준절히
88497|돌민정음
88498|넙적넙적
88499|이진
88500|이말삼초
88501|반투다
88502|휴덕하다
88503|콤파운드
88504|방정스럽다
88505|네슬러
88506|사려감다
88507|동새
88508|당콩
88509|쌈바르다
88510|주복
88511|솜키다
88512|부하라
88513|율문
88514|보로네시주
88515|아식
88516|버럭거리다
88517|닮음
88518|풀러
88519|새앙
88520|이복남
88521|몽산
88522|입출
88523|좌측통행하다
88524|딜레인
88525|금압
88526|야영각
88527|계립령
88528|사각대다
88529|전기여닫개
88530|말구다
88531|의례화되다
88532|큰고모부
88533|스크래핑
88534|언녕
88535|연단되다
88536|앰플리파이어
88537|룸비아
88538|송세림
88539|꺼떡꺼떡
88540|짤짤하다
88541|재흥
88542|린단
88543|난젠완쯔
88544|고성하다
88545|꽃접시
88546|지벵
88547|내리심다
88548|참신
88549|쩌렁거리다
88550|아칸서스
88551|매표창구
88552|읎이
88553|금어
88554|우저우
88555|속돌
88556|점판
88557|게바라다니다
88558|고절하다
88559|중외
88560|임경하다
88561|야시롭다
88562|돋을볕
88563|길상하다
88564|끼시
88565|데스테
88566|분격
88567|호매실초
88568|회통하다
88569|플라망어
88570|키톤
88571|사되다
88572|농리
88573|그리매
88574|곤두박이다
88575|삐꺼덕거리다
88576|탕위
88577|된김
88578|노데다
88579|조혜
88580|끈덕거리다
88581|제일하다
88582|총융사
88583|불벌
88584|반죽음되다
88585|실모
88586|괴리하다
88587|각삭각삭
88588|깝깝허다
88589|귀호곡
88590|이티에프
88591|횡령되다
88592|양맥
88593|내목
88594|대흥행하다
88595|양마
88596|쫑쫑하다
88597|잡사상
88598|비풍초똥팔삼
88599|필마
88600|개죽음하다
88601|공로하다
88602|역계산하다
88603|삼수갑산
88604|돌고랫과
88605|허룽거리다
88606|볼디
88607|치신
88608|광양자설
88609|무선수
88610|되되되되
88611|차갑디차갑다
88612|실잣기
88613|내방자
88614|풀거리
88615|푸나
88616|매정스럽다
88617|건칠
88618|슬랜트
88619|모르프
88620|수압하다
88621|궁그
88622|방부
88623|한단
88624|벨벨
88625|들리브
88626|대로우
88627|노다리
88628|성목
88629|짬시간
88630|노통
88631|시럼
88632|주계
88633|오시마반도
88634|보투다
88635|권외
88636|본복
88637|육효
88638|에틸렌다이아민
88639|개신
88640|재배송하다
88641|본종
88642|넉둥베기
88643|포르피린
88644|불살르다
88645|사움
88646|비대화되다
88647|고혹
88648|급창
88649|법미
88650|배등
88651|메페드론
88652|죽찰
88653|분답
88654|옥시던트
88655|의역되다
88656|고식지계
88657|데메트리오스
88658|째끼
88659|주채
88660|후둑거리다
88661|애드웨어
88662|라브랑
88663|치머만
88664|표박하다
88665|오드콜로뉴
88666|우훔
88667|좀이깔나무
88668|멈치
88669|브라반트
88670|코리네박테리움
88671|번오
88672|사막비개구리
88673|갓모
88674|중축하다
88675|직설하다
88676|펜들다
88677|나울거리다
88678|삼키
88679|탈래탈래
88680|에스허르
88681|안줏발
88682|번호패
88683|글로크
88684|지서방
88685|맥류
88686|재처
88687|겸덕
88688|재초
88689|문소전
88690|마이네케
88691|아이코드
88692|보표
88693|시뜻하다
88694|광릉골무꽃
88695|야디지
88696|시굴
88697|슐레겔
88698|운편
88699|산로
88700|폭살
88701|게떠거
88702|치차
88703|갑병
88704|발막하다
88705|변풍
88706|파묵다
88707|국수사과
88708|합제
88709|기본운동
88710|캣헤드
88711|티치너
88712|필린
88713|여방
88714|단좌
88715|대흥리
88716|반작용하다
88717|진송
88718|윤동
88719|대소원
88720|순백하다
88721|속화되다
88722|뭉텅이지다
88723|헛지랄하다
88724|웃이
88725|급화
88726|진줄
88727|투식
88728|꾸링내
88729|미담하다
88730|믈
88731|필요
88732|가뭇하다
88733|양간하다
88734|브이피
88735|저나다
88736|색가
88737|우권
88738|엘뤼아르
88739|뢰스
88740|가만
88741|애되다
88742|시다림
88743|속발하다
88744|가공실
88745|할금할금
88746|봉함
88747|증개축하다
88748|철렁대다
88749|배중
88750|입무
88751|권계하다
88752|엄세영
88753|공편
88754|저창
88755|끔벅대다
88756|뻔들거리다
88757|단쵸
88758|계수기
88759|마르카브
88760|마르텔
88761|야키도리
88762|주름발
88763|웅걸
88764|민둥민둥
88765|바상바상하다
88766|오방지
88767|절목
88768|행소
88769|음명
88770|막내이
88771|자우어
88772|과모
88773|벌봉
88774|웃목
88775|불놓이
88776|벼마당질
88777|속줄
88778|내리받다
88779|후현
88780|술포날
88781|민태
88782|덧뵈기
88783|타마울리파스
88784|언와
88785|일어탁수
88786|부이용
88787|중탄산염
88788|우지개
88789|누쿠다
88790|꺼실꺼실하다
88791|궁벽지다
88792|퀴륨
88793|응착하다
88794|어이구머니나
88795|입방귀
88796|난추
88797|가선
88798|지촉
88799|야정
88800|헛생각하다
88801|주점하다
88802|강명준
88803|쑷
88804|불공하다
88805|미넬리
88806|서술격
88807|푸돌다
88808|심위
88809|주평
88810|이혹
88811|제비붓꽃
88812|착생
88813|들리우다
88814|여칸
88815|하드라마우트
88816|사우스오스트레일리아주
88817|클라우드베리
88818|야드르르하다
88819|동분
88820|지백
88821|참입
88822|몰몰
88823|석인
88824|상쾌히
88825|축수하다
88826|혼란스레
88827|히수
88828|몰강스럽다
88829|훙서
88830|미완성하다
88831|아타케부네
88832|군반
88833|바라칸
88834|키드득
88835|이스케이프먼트
88836|열백
88837|휘바람
88838|츠름츠름
88839|총목
88840|격수
88841|쇠잔
88842|세른
88843|마짐
88844|왕계
88845|방과하다
88846|혹간
88847|부호화하다
88848|엑스턴
88849|킬러비
88850|빠드득하다
88851|광토
88852|부고하다
88853|기술전문학교
88854|다이토구
88855|몸젠
88856|문수산성
88857|수락석출
88858|패리다
88859|풍월하다
88860|남려
88861|달가닥하다
88862|고동어
88863|골드만
88864|처맡기다
88865|산현
88866|허턴
88867|선들바람
88868|공효
88869|공착
88870|본수
88871|직접벌차기
88872|저깐
88873|곡병
88874|중온
88875|가윗밥
88876|낙하다
88877|주잡
88878|우라야스시
88879|신빙하다
88880|개독
88881|형탈
88882|오쿠치
88883|꾸수하다
88884|홑
88885|창질
88886|쌀바가지
88887|질들다
88888|교우하다
88889|질퍼덕하다
88890|봉발
88891|끙차끙차
88892|곰실곰실
88893|단산하다
88894|나들이벌
88895|만과
88896|금달
88897|피압수자
88898|아이나다
88899|나붓거리다
88900|자발스럽다
88901|표박
88902|허례
88903|내나
88904|초송
88905|문증되다
88906|되메우다
88907|양선하다
88908|홑벌
88909|뎀뿌라
88910|적가
88911|납안리
88912|수년하다
88913|이스미
88914|내리뛰다
88915|크낙하다
88916|트리메틸렌트리니트라민
88917|외란
88918|바이오엔지니어링
88919|탈박
88920|그래저래
88921|간들간들
88922|지칫과
88923|창회
88924|아래길
88925|좌도
88926|곽세
88927|외서
88928|글찮다
88929|채결
88930|의미화하다
88931|스태빌
88932|급복하다
88933|산무
88934|디빅스
88935|헥사그램
88936|뜨개실
88937|도미티아누스
88938|로도
88939|비건전하다
88940|유욕
88941|정기하다
88942|환형하다
88943|깨록깨록
88944|게식
88945|제킨
88946|일변
88947|빠찜
88948|너나들이
88949|판문군
88950|원민
88951|따르륵거리다
88952|콘던
88953|황유
88954|장찬
88955|나발나발
88956|쟁글쟁글하다
88957|종이끼우개
88958|등하불명
88959|컥컥하다
88960|내떨다
88961|감역
88962|고혜진
88963|푸스스하다
88964|새커리
88965|개볍다
88966|시긴
88967|그러이까
88968|계백료서
88969|맵자하다
88970|용부
88971|강열하다
88972|가분가분
88973|거일
88974|여망하다
88975|버퍼링하다
88976|객상
88977|써이
88978|애총
88979|순측
88980|생업하다
88981|돈스쿨
88982|득실하다
88983|꼴치
88984|현광
88985|셈나다
88986|미등록되다
88987|갯내
88988|이렉터
88989|곰퉁이
88990|신빙
88991|상풍
88992|니리다
88993|지장하다
88994|양료
88995|소소리
88996|간간악악
88997|회오하다
88998|띠돈
88999|가스리
89000|서미스터
89001|영월
89002|밤오줌증
89003|꼬댕이
89004|웨탄
89005|모지락스레
89006|탕관
89007|심저
89008|개성껏
89009|혼실
89010|까락
89011|플로럴향
89012|리카노
89013|보풀다
89014|통절히
89015|총역량
89016|로그우드
89017|쌍글다
89018|저구
89019|귀원
89020|바싹바싹하다
89021|귀단
89022|사령장
89023|류역
89024|편짜다
89025|내뜨리다
89026|복교
89027|삘나다
89028|재격
89029|기편
89030|회간
89031|총결
89032|매세
89033|뚜벅뚜벅하다
89034|사명
89035|오토세이브
89036|장새납
89037|뒤다리
89038|준교사
89039|알롱달롱
89040|송수신되다
89041|지폭
89042|표추
89043|고혈하다
89044|영롱히
89045|일규
89046|공불하다
89047|메이드스톤
89048|고생되다
89049|국민소학독본
89050|진봉되다
89051|매혈
89052|미안시럽다
89053|앞으로가기
89054|매몰스럽다
89055|주석하다
89056|하생하다
89057|잡보
89058|지구다
89059|새라새
89060|전추하다
89061|경독
89062|따레비
89063|실효되다
89064|탄화하다
89065|담적
89066|다듬질하다
89067|희릉
89068|꼬치다
89069|승명
89070|분망하다
89071|복재하다
89072|벋
89073|오아이
89074|호초
89075|쩨깐하다
89076|입찬소리
89077|말뚱말뚱
89078|몽염
89079|갑자원
89080|카로리
89081|빠가각
89082|바덕
89083|문과하다
89084|순평하다
89085|게이오
89086|송검
89087|상이점
89088|투봉
89089|황간
89090|렴하다
89091|교평
89092|그라쿠스
89093|눈춤
89094|평로
89095|초무하다
89096|갈아들이다
89097|이페
89098|메타콤
89099|연띄우기
89100|인새
89101|슈프림스
89102|쿵닥
89103|초진하다
89104|추입하다
89105|견융
89106|스킴프
89107|기럭기럭
89108|지순하다
89109|연주노랑나비
89110|합신
89111|청선
89112|불음
89113|반의
89114|남안
89115|요음
89116|강설하다
89117|높바람
89118|재촉구하다
89119|묵과되다
89120|앞질거리
89121|상위하다
89122|순진스럽다
89123|청능사
89124|홍람화
89125|암축하다
89126|까죽
89127|세마치장단
89128|닭의장
89129|구촐
89130|도큐멘테이션
89131|술추렴하다
89132|서인
89133|마그네시아
89134|셰리든
89135|뽀짝거리다
89136|산희
89137|무나다
89138|멘톤
89139|산유화회
89140|띵동거리다
89141|장강이
89142|글리사드
89143|뇌엽
89144|기언
89145|톱톱하다
89146|완본
89147|초발
89148|작은말
89149|해목
89150|파보바이러스
89151|뚜겁다
89152|내과의
89153|농특세
89154|왈롱
89155|청얼음
89156|살스럽다
89157|에리니에스
89158|빠뜨다
89159|푸드득푸드득
89160|돌루다
89161|스칸디나비아산맥
89162|대위하다
89163|언창
89164|감성어
89165|개착하다
89166|바록바록
89167|여과기
89168|종처
89169|키르히호프
89170|책성
89171|타울러
89172|펑펑이
89173|극난
89174|카마란섬
89175|권력화하다
89176|당안
89177|투두둑거리다
89178|메루
89179|탁남
89180|춤처다
89181|점득
89182|신실히
89183|개영
89184|자리다툼하다
89185|다람다람
89186|몽골몽골하다
89187|흐리마리하다
89188|혹은
89189|철천지한
89190|편쑤기
89191|저평가주
89192|일방
89193|헤젓다
89194|해득되다
89195|테크니컬러
89196|개박
89197|가슴띠
89198|할보
89199|보새
89200|가보트
89201|바지직
89202|반판
89203|재천명되다
89204|예진
89205|코키유
89206|또채비
89207|라마르틴
89208|소르빈산
89209|건디리다
89210|뺄셈하다
89211|망주
89212|말깡
89213|시겁다
89214|차이남
89215|쭈물쭈물
89216|인돌
89217|넠
89218|곰배팔이
89219|에브리맨
89220|되록되록
89221|해바르다
89222|유계
89223|예속하다
89224|묄렌도르프
89225|지손
89226|청직
89227|교이
89228|달랑대다
89229|쫌쫌하다
89230|물질생활
89231|세군도
89232|너털너털
89233|접소
89234|빌레몬
89235|포흠하다
89236|을종
89237|어엿
89238|카토그램
89239|보직되다
89240|니오베
89241|운채
89242|호연
89243|팬시상품
89244|양식화하다
89245|소고하다
89246|소코토
89247|효재
89248|모가도르
89249|헛걸음치다
89250|윤일
89251|직직거리다
89252|세츠다
89253|힙레
89254|감적
89255|돌멩이질
89256|칠과
89257|일구이언
89258|곱실거리다
89259|가남
89260|이사크
89261|쇼루밍
89262|미쟁이
89263|유잠
89264|토파
89265|공조팝나무
89266|자지
89267|진섬
89268|천역
89269|아메스
89270|실당
89271|방선
89272|면저
89273|넉자
89274|정서되다
89275|바르비종파
89276|적은
89277|애씨
89278|라베아리벨로
89279|치화평
89280|접정
89281|베르나르트
89282|탄회
89283|가겝다
89284|본연히
89285|보나르
89286|별저
89287|조종
89288|보스호트
89289|하허
89290|후평
89291|숨을내기
89292|민경
89293|내풍
89294|옷엣니
89295|찰박하다
89296|증분
89297|퇴박
89298|산수하다
89299|타역
89300|달갱이
89301|붓꽃과
89302|늑목
89303|북분
89304|소몰이하다
89305|식잖다
89306|어회
89307|소쿠다
89308|문테다
89309|솔하다
89310|퇴폐주의
89311|드레이핑
89312|케이힐
89313|짝숫날
89314|통석
89315|귀엣말하다
89316|극권
89317|정대업
89318|각기하다
89319|암식
89320|지육
89321|광한
89322|강지하다
89323|수끼
89324|푸심
89325|레틴
89326|데유
89327|망판
89328|라운지체어
89329|내리밀다
89330|볼되다
89331|로열박스
89332|이습다
89333|검압
89334|히틀다
89335|손지
89336|매뉴팩처
89337|좔좔하다
89338|휙휙대다
89339|엄포하다
89340|띠베
89341|초빈
89342|유봉
89343|원포
89344|프로시져
89345|되넘기다
89346|직배송하다
89347|어멍이
89348|맞바라보다
89349|적개
89350|궁유
89351|맹진
89352|갉작이다
89353|지킴
89354|맹습
89355|탈진되다
89356|면추
89357|하이퍼차지
89358|연음하다
89359|버젓
89360|국제항구
89361|정접
89362|펑더화이
89363|끈질다
89364|선탁
89365|남서진하다
89366|젠빙
89367|불카하다
89368|위자하다
89369|희죽희죽
89370|내깔기다
89371|광아
89372|덜거럭
89373|히히닥거리다
89374|발고되다
89375|경박단소
89376|검밝기
89377|잘강잘강
89378|코아우일라
89379|베르나노스
89380|톰스크
89381|반다시
89382|지푸다
89383|컁컁대다
89384|포설
89385|우샤브티
89386|마페
89387|시설되다
89388|에클레시아
89389|쇠갈비
89390|겸행하다
89391|절위하다
89392|덕업
89393|풍성풍성
89394|잠작
89395|재격돌하다
89396|세소
89397|단침
89398|힐끔힐끔하다
89399|삼륜
89400|멀티트랙
89401|단정코
89402|목은
89403|도벌
89404|방랑기
89405|풍신하다
89406|주황하다
89407|하늘솟과
89408|번질번질
89409|난숙하다
89410|쭉지
89411|죄역
89412|본물
89413|가볍디가볍다
89414|급고
89415|아우엔브루거
89416|시객
89417|사막화하다
89418|불방되다
89419|모지래다
89420|냇다
89421|수탈자
89422|이석용
89423|쪼게
89424|사위하다
89425|승승하다
89426|나테
89427|최복
89428|간살맞다
89429|눈펄
89430|훼사
89431|쩟
89432|청년전위
89433|임명제
89434|벌랑
89435|포상되다
89436|질근질근하다
89437|유법
89438|새남하다
89439|쏟아뜨리다
89440|모렐리아
89441|톰방
89442|글라스톤베리
89443|고르기아스
89444|어량
89445|쌍문
89446|완질
89447|어색스럽다
89448|임심
89449|새뜻하다
89450|라구사
89451|토서
89452|선궁
89453|충적되다
89454|취원
89455|우당탕우당탕
89456|짜릅다
89457|붕궤되다
89458|출자되다
89459|루바이야트
89460|뜯게
89461|사련하다
89462|완부하다
89463|들고간
89464|큐리오사
89465|푸닥
89466|세자
89467|작참
89468|하간
89469|까막까막하다
89470|음씨
89471|왈리다
89472|소로소로
89473|초탈
89474|과포
89475|파탈하다
89476|호질기의
89477|감목
89478|업신여김
89479|물박달나무
89480|거짓스럽다
89481|패럴렉스
89482|방기되다
89483|회룡
89484|삼잎국화
89485|연혼
89486|섬어
89487|까불락거리다
89488|재체포하다
89489|부굴부굴
89490|승시
89491|아르렁거리다
89492|스마일스
89493|사제
89494|연인되다
89495|관륵
89496|결관
89497|철겅
89498|대빈
89499|입술가벼운소리
89500|눈서리
89501|아놈
89502|마지널맨
89503|나달나달
89504|환용
89505|행우
89506|코핑
89507|발라당
89508|무엄히
89509|하롱하롱하다
89510|백남운
89511|다이노드
89512|벌림대
89513|깔끔스럽다
89514|나오스
89515|약권
89516|민사하다
89517|산역
89518|화루
89519|공격어김
89520|걷어쥐다
89521|추로
89522|췌리
89523|치아파스주
89524|감결
89525|패사하다
89526|건자
89527|교북
89528|하이드록실아민
89529|세계화론자
89530|마구다
89531|존류
89532|시읍면
89533|지지깨
89534|얼우다
89535|훼철
89536|금닭
89537|흐래
89538|멜끈바지
89539|시킴문
89540|헛군데
89541|이랑지다
89542|갈화
89543|훗훗하다
89544|디룩디룩하다
89545|파드닥거리다
89546|간득간득
89547|화협
89548|아귀다툼하다
89549|축추
89550|리판
89551|일전쌍조
89552|제궁
89553|스키밍
89554|혁명전쟁
89555|데식데식하다
89556|송골송골하다
89557|삐끗삐끗
89558|단안
89559|고불대다
89560|하렬하다
89561|칠현
89562|북파되다
89563|랩온어칩
89564|건제하다
89565|입출고하다
89566|놀놀하다
89567|꼬비다
89568|리퀴드형
89569|적모
89570|당유
89571|다화
89572|옥니
89573|팔스타프
89574|귀통이
89575|병언
89576|글루크
89577|설폰
89578|부에
89579|최승하다
89580|참말로
89581|석창
89582|더운찜질
89583|어리광하다
89584|노비종모법
89585|찾어가다
89586|신와
89587|해오라비
89588|독스럽다
89589|거네
89590|가리우다
89591|의방
89592|개괄
89593|환봉
89594|홍방
89595|다폰테
89596|모노가타리
89597|애써
89598|가담가담
89599|해축
89600|청훈
89601|절그럭대다
89602|크산티페
89603|히딱
89604|꼭두서니
89605|방순하다
89606|톨로스
89607|끼루룩끼루룩
89608|녹나다
89609|귀쏘기
89610|장살
89611|산벗나무
89612|권곡
89613|상면하다
89614|맏아들
89615|룽기
89616|요스
89617|페탱
89618|역과
89619|판차탄트라
89620|로꼬꼬
89621|뻐덕뻐덕하다
89622|고오
89623|여겨듣다
89624|꺼멍
89625|매늘
89626|소코트라섬
89627|프랑크푸르트암마인
89628|홍분
89629|이료
89630|이모하다
89631|민손
89632|카바티나
89633|잡자
89634|돌격선
89635|충군
89636|고코쿠
89637|휴계실
89638|기균
89639|휴치
89640|삼지사방
89641|개질
89642|오곤조곤
89643|요악
89644|이즈러지다
89645|교랑하다
89646|록음기
89647|걸승
89648|콜롱
89649|옴짝대다
89650|감사납다
89651|행필
89652|슈퍼스테이션
89653|전사복
89654|프로게스틴
89655|진유
89656|베다니
89657|뽀도독뽀도독
89658|안종
89659|모우
89660|우부메
89661|정업
89662|바뵈프
89663|올아오다
89664|하이드로폰
89665|횟불
89666|후보닭
89667|패키다
89668|아렵다
89669|오비슨
89670|삐룩
89671|앙큼스럽다
89672|잔유
89673|리파제
89674|문충
89675|헤뜨리다
89676|중발
89677|팜핵유
89678|편극
89679|이앙하다
89680|러브버드
89681|미스라타
89682|결핍하다
89683|짬지다
89684|겐지모노가타리
89685|하비슈머
89686|카반
89687|담홍
89688|분창
89689|보야르
89690|범용하다
89691|우윤
89692|레가스피
89693|환퇴
89694|씨애
89695|바짓가랭이
89696|자죽
89697|옥리
89698|칼루트론
89699|우추
89700|저수리
89701|지어자
89702|석위
89703|원캉
89704|신테니
89705|봉변하다
89706|루스티카나
89707|왜가리청
89708|불언하다
89709|쌍교
89710|야한
89711|쇠고기야채죽
89712|광백
89713|시댁살이
89714|혼심
89715|다글다글
89716|수리대
89717|경필
89718|한우충동
89719|그럿
89720|데구루
89721|황황하다
89722|영정
89723|애틀리
89724|꼬꾸라다
89725|진강하다
89726|발본하다
89727|우걱지걱
89728|더스터
89729|짝짝하다
89730|방그라
89731|션반
89732|강신하다
89733|껑충대다
89734|플루마제닐
89735|오기하다
89736|참따랗다
89737|영휴
89738|승속
89739|오설리
89740|서벌
89741|파다닥거리다
89742|어플라이언스
89743|성료되다
89744|리프레이밍
89745|찬선
89746|약령
89747|물력
89748|재울
89749|조신스럽다
89750|투득
89751|재거하다
89752|전송망
89753|너마
89754|차범석
89755|점어
89756|동읍
89757|장간
89758|블룸필드
89759|표적하다
89760|미첨
89761|세살
89762|묵국
89763|도벽하다
89764|선필
89765|한영
89766|느리미고사리
89767|간리
89768|절토
89769|대로이
89770|웃소금
89771|김익겸
89772|말밤
89773|일촌
89774|떨떨
89775|국광
89776|바다밭
89777|교치
89778|변강쇠가
89779|미엘린
89780|치패
89781|허장
89782|요실
89783|규시
89784|륜주
89785|추피
89786|용면
89787|질석
89788|금악
89789|빌란트
89790|티아이
89791|선뜩선뜩하다
89792|쌔쓰개
89793|보국안민하다
89794|다극화하다
89795|고축
89796|플롭스
89797|피시백
89798|불목
89799|탄토
89800|추사하다
89801|덜겅거리다
89802|증심
89803|내살다
89804|남부럽잖다
89805|물렁대다
89806|비큐
89807|부명
89808|파라고무나무
89809|별군
89810|의위
89811|잠지
89812|됩다
89813|덩덕새대가리
89814|유경
89815|일되다
89816|지중화율
89817|우선멈춤
89818|염씨
89819|미복
89820|프렌치드레싱
89821|구숙
89822|참데다
89823|극률
89824|압재
89825|랑도
89826|포폄
89827|만황
89828|목왕
89829|당교
89830|빨피
89831|뮤테이터
89832|령주
89833|돌이점표식
89834|묘기하다
89835|유감없다
89836|우원하다
89837|가철
89838|나달거리다
89839|는개
89840|알쌈
89841|프리네
89842|쭈그러트리다
89843|청치다
89844|가리하다
89845|취성
89846|맨티
89847|순성
89848|머니퓰레이터
89849|쌀사다
89850|항남동
89851|골단
89852|괴죄죄하다
89853|현법
89854|뚝비
89855|이순하다
89856|혜주
89857|동부리
89858|최우선되다
89859|갈아서다
89860|망소
89861|어장나다
89862|횡혈식
89863|테트라졸
89864|신외
89865|부기하다
89866|한발
89867|황음무도하다
89868|니엡스
89869|사부하다
89870|무대화되다
89871|계왕
89872|가전하다
89873|치배
89874|제바르
89875|미쓸다
89876|어정어정하다
89877|콜로디온
89878|되련지
89879|황전
89880|다쳐오다
89881|저렴히
89882|박경규
89883|당행
89884|유별스럽다
89885|내탕
89886|호학
89887|타스매
89888|연극화하다
89889|논보
89890|세세손손
89891|중재되다
89892|산뽕나무
89893|아를랑
89894|종빈
89895|맞부닥치다
89896|재개통되다
89897|적월
89898|챙가당거리다
89899|마설
89900|불궤하다
89901|결지
89902|발가발갛다
89903|성개
89904|맞붙들다
89905|찰조
89906|가지나무
89907|자구다
89908|숙위하다
89909|타래붓꽃
89910|빙나다
89911|세업
89912|가탈
89913|에이케이에이
89914|류리크
89915|말브랑슈
89916|옴마이
89917|총격하다
89918|욍욍거리다
89919|교집하다
89920|퓨젤유
89921|통촉
89922|판판
89923|상달
89924|기불
89925|만항
89926|주야장창
89927|선참
89928|배품
89929|뷔야르
89930|노중
89931|기뇰
89932|분이하다
89933|땡땡대다
89934|환두
89935|홍덕
89936|둥글파
89937|이발때
89938|털코끼리
89939|모렐로스
89940|바람갈이
89941|곡진하다
89942|첵하다
89943|끗다
89944|거붑다
89945|봉긋봉긋
89946|한분
89947|경무장하다
89948|언명하다
89949|불입액
89950|귤화위지
89951|먹감나무
89952|캘린더링
89953|큰새
89954|토안
89955|가워
89956|피시시
89957|자천
89958|나근나근하다
89959|파트나
89960|홍소하다
89961|사칭
89962|칸사
89963|연알못
89964|벼원
89965|헤임
89966|발비
89967|묵직묵직하다
89968|성불구
89969|염상
89970|뱃고물
89971|동음어
89972|개가리
89973|박금
89974|앙트르샤
89975|찌장
89976|바이오뱅크
89977|포살되다
89978|차운
89979|고추물
89980|불림
89981|터덕터덕하다
89982|안드레예바
89983|간악
89984|발싸심
89985|사면발니
89986|경봉
89987|아마라바티
89988|웨지
89989|칼메트
89990|디레이
89991|그짜
89992|개오리
89993|담배질군
89994|고육지계
89995|농우
89996|홍재하다
89997|만분위중하다
89998|팀파니스트
89999|파게
90000|띠비
90001|숙금
90002|공난
90003|김원룡
90004|앙수
90005|상모춤
90006|진티다
90007|문둘레
90008|요한네스
90009|티껍다
90010|진추
90011|소슬히
90012|이분되다
90013|재형성하다
90014|하비다
90015|덜퉁하다
90016|어위
90017|칼시
90018|에비아섬
90019|갈가지
90020|표용
90021|영월하다
90022|거드르다
90023|살푸둥이
90024|머린
90025|카슨시티
90026|속생하다
90027|시꾸다
90028|현침
90029|술중
90030|엇비스듬히
90031|수졸
90032|저정낭
90033|재장악하다
90034|뒤범벅하다
90035|모노포드
90036|셔
90037|라마야나
90038|포루
90039|페프다
90040|히에나
90041|상벽
90042|궁산
90043|랭어
90044|아혹
90045|요만
90046|백암군
90047|울뚝불뚝
90048|드들다
90049|고토쿠
90050|복삿집
90051|청피
90052|코메니우스
90053|무독하다
90054|동이다
90055|말착
90056|짐렬차
90057|두동미서
90058|작폐
90059|아샨티족
90060|숙어지다
90061|탁초
90062|습자
90063|마르키즈
90064|측면도
90065|으늘
90066|내만
90067|뉘엿하다
90068|가로닫이
90069|읋다
90070|파편화하다
90071|투그리크
90072|과전불납리
90073|업두
90074|몬따
90075|키빼몸
90076|아금박스럽다
90077|에스키스
90078|육발이
90079|훤칠
90080|고토리
90081|관상하다
90082|섬찟섬찟하다
90083|누라
90084|고럼
90085|지평이
90086|지풀에
90087|불편부당
90088|혜우
90089|요혈
90090|엘스터
90091|당미
90092|만역
90093|곤붕
90094|고달푸다
90095|환치기하다
90096|락제국
90097|하바키
90098|허키다
90099|실공
90100|치정하다
90101|어렴
90102|익면
90103|힐위다
90104|자왈
90105|보적
90106|까리까리
90107|으외
90108|난매
90109|채란하다
90110|할아배
90111|비동맹국
90112|지중화하다
90113|서러브레드
90114|할락하다
90115|골표
90116|후뚜루
90117|풍약
90118|비껴쓰다
90119|메틸페니데이트
90120|리코핀
90121|춘성
90122|난풍
90123|현능하다
90124|장갑하다
90125|관혁
90126|북종
90127|임안
90128|도독하다
90129|폐석
90130|읃다
90131|소복이
90132|론사
90133|코멕스
90134|당취
90135|까루
90136|푸노
90137|샤랑
90138|아기작거리다
90139|깟씨
90140|에페리손
90141|거슴츠레하다
90142|웨섹스
90143|폭삭폭삭
90144|통유
90145|내칙
90146|코노돈트
90147|미나리아재빗과
90148|가몬트
90149|태배
90150|이연하다
90151|간현
90152|모여나다
90153|묶음표
90154|브리켓
90155|분동하다
90156|소책
90157|지꺼지다
90158|단환
90159|직세
90160|미온
90161|가끼다
90162|투전장
90163|느실느실
90164|주촌
90165|내핍
90166|깝죽깝죽
90167|시울
90168|종개종개
90169|절겅거리다
90170|구정
90171|메프로바메이트
90172|감지다
90173|증전
90174|그막
90175|뇌상
90176|때식
90177|마룽
90178|유규
90179|메줏덩이
90180|유빈
90181|청맥
90182|가돌리늄
90183|꽤매다
90184|숭년
90185|야용
90186|선뜻선뜻하다
90187|비지
90188|클로시
90189|얼찐거리다
90190|영멸
90191|배뇨하다
90192|안물
90193|이름말
90194|바야하다
90195|혼술러
90196|춘광
90197|사업화되다
90198|카뎃
90199|첩하다
90200|박초
90201|버들버들
90202|선차
90203|잡직
90204|뜬소리
90205|찌그레기
90206|데칸
90207|녹토
90208|농즙
90209|염증약
90210|고려자기
90211|애옥살이
90212|화패
90213|말롱간
90214|풍호동
90215|카스토르
90216|더미다
90217|나라하
90218|재발생하다
90219|누두
90220|알형
90221|깜찍발랄하다
90222|배추하다
90223|코펠리아
90224|협잡질하다
90225|햇굴
90226|완적
90227|해쪼임량
90228|탄강
90229|검품하다
90230|멀컹멀컹하다
90231|깨갈
90232|함초롬히
90233|훼파
90234|콤플렉스투성이
90235|말음
90236|뮈토스
90237|사이클로덱스트린
90238|군보
90239|영매하다
90240|헐떡거림
90241|불령
90242|근물
90243|훌쩍훌쩍하다
90244|검은기
90245|기준색
90246|무으민
90247|섬도
90248|흡판
90249|고굼
90250|졸중
90251|재인쇄하다
90252|축발
90253|폐납
90254|진필
90255|안심찮다
90256|채리엇
90257|자짠지
90258|흑탕
90259|터보팬
90260|서혈
90261|짭짜리하다
90262|도량석
90263|기본성분
90264|분쇄도
90265|요즈막
90266|분라쿠
90267|하늘짝하늘짝
90268|신범
90269|뚱땅하다
90270|간탐하다
90271|예당
90272|얖
90273|행동준칙
90274|연수유전답
90275|어깻바대
90276|입론하다
90277|몽딩이
90278|숲빈땅
90279|체직하다
90280|읽기
90281|왈가당하다
90282|비오이
90283|꼭맞다
90284|니피다
90285|일청
90286|엽자
90287|걷치다
90288|하이드런트
90289|입창
90290|흥위위
90291|찌국
90292|세바스티아누스
90293|열가
90294|갓코
90295|오신하다
90296|의론하다
90297|챙그랑거리다
90298|방우리
90299|수박하다
90300|덩실대다
90301|호박하다
90302|용변하다
90303|팔관재계
90304|뿌드득뿌드득
90305|문약하다
90306|부흐메세
90307|극정
90308|딸림상
90309|일진하다
90310|닌하이드린
90311|로반
90312|탑본
90313|특소
90314|깐난쟁이
90315|둔벙
90316|부쥐
90317|아무다리야강
90318|맹문
90319|최토
90320|정예하다
90321|승낙되다
90322|협작하다
90323|께이
90324|가심
90325|삘삘
90326|견마지로
90327|치밀성
90328|깨작하다
90329|개사되다
90330|집칸
90331|증보하다
90332|껑짜치다
90333|엔카이
90334|태연
90335|언더컷
90336|개밋과
90337|분한
90338|끈덕끈덕
90339|쩔쩔대다
90340|반질
90341|닭알두부
90342|글리아딘
90343|본계
90344|소릿값
90345|찰카닥찰카닥
90346|누리장나무
90347|커런덤
90348|끝지다
90349|분채
90350|천동상위고
90351|짜그락
90352|오리오리
90353|쇅
90354|원범
90355|차보
90356|네깐
90357|목잡다
90358|진벌
90359|본내다
90360|유표하다
90361|원교
90362|혈루
90363|디스토마
90364|록키산맥
90365|염시
90366|실실하다
90367|재부상하다
90368|갈황색
90369|숫눈송이
90370|노니
90371|찰싹찰싹하다
90372|자분닥자분닥
90373|단백질쉐이크
90374|기을
90375|엄금되다
90376|플래폼
90377|궁급하다
90378|고럽다
90379|운탄
90380|바쿠후
90381|구심적
90382|따닥따닥하다
90383|월탄
90384|드라비다인
90385|아눈나키
90386|구션
90387|연연히
90388|응종
90389|희룽거리다
90390|히질기다
90391|이즈막
90392|이적지
90393|포크파이
90394|지음하다
90395|주간하다
90396|볼펜꽂이
90397|거랑말코
90398|불가코프
90399|오버차지
90400|요러쿵조러쿵
90401|제두
90402|왱뎅하다
90403|차재
90404|쭝깃대다
90405|끄마다
90406|셍기다
90407|백년지계
90408|림림총총하다
90409|오줌
90410|학학대다
90411|중예
90412|창월
90413|부스럭돈
90414|포피리
90415|똘리다
90416|목건련
90417|복세
90418|더덜기법
90419|특보하다
90420|젤라바
90421|공량
90422|더케
90423|순선하다
90424|옹옹
90425|두집다
90426|바주다
90427|남지
90428|차밀다
90429|나르비크
90430|탐재하다
90431|로인
90432|싫이
90433|돈골
90434|차택
90435|북북서진하다
90436|품주
90437|까득까득
90438|삼민투
90439|행해
90440|껍딱
90441|에이치비
90442|탐지다
90443|여실
90444|가인전목단
90445|암연
90446|나날이
90447|제규
90448|꼬마별
90449|승강이하다
90450|패역무도하다
90451|이단시되다
90452|산울
90453|찬탁
90454|직역되다
90455|시사되다
90456|식년
90457|격질
90458|텐터
90459|두릿그물
90460|허릅숭이
90461|핵막
90462|종교화하다
90463|수런수런하다
90464|전발
90465|집어쓰다
90466|오두머니
90467|중고치
90468|급서하다
90469|우촌
90470|박작
90471|디에스피
90472|지업
90473|창해
90474|면난하다
90475|달건이
90476|연발되다
90477|정주년
90478|쥡다
90479|명료화하다
90480|근원하다
90481|미안히
90482|가의
90483|병문
90484|답지
90485|정다웁다
90486|반까이
90487|반휴
90488|방글방글하다
90489|견적하다
90490|볼쌍사납다
90491|가론
90492|이적되다
90493|항구하다
90494|용행
90495|바우히니아
90496|창달하다
90497|나삿니
90498|할복자살하다
90499|개웃
90500|복상사하다
90501|아포리즘
90502|계설하다
90503|괄태충
90504|참장
90505|숙진
90506|시피다
90507|줴이
90508|주전하다
90509|희희낙락대다
90510|이기죽대다
90511|다얀
90512|출방
90513|크로버
90514|홍들깨
90515|점획
90516|간지하다
90517|연돌
90518|개류
90519|애비다
90520|흑꼬리도요
90521|미룩미룩
90522|동뚝
90523|바람맞이
90524|글로빈
90525|흙파도
90526|추금
90527|임조
90528|고립화되다
90529|무앙무앙하다
90530|철커덕하다
90531|회헌
90532|귀서
90533|달렁
90534|화성하다
90535|왈레
90536|주자서절요
90537|고유말
90538|특금
90539|수시티
90540|어풀
90541|고염무
90542|양죽
90543|자낙
90544|파드닥파드닥
90545|희룽대다
90546|늑하다
90547|보돌
90548|일길찬
90549|십육각형
90550|관심하다
90551|막데다
90552|멜가방
90553|성야
90554|차잔
90555|반재
90556|톡소카라
90557|열변하다
90558|사로마
90559|가엽
90560|금노동
90561|정구지
90562|과명
90563|깜박대다
90564|덧깁다
90565|애인하다
90566|추타하다
90567|허룩하다
90568|앙하다
90569|지끈대다
90570|케이아이에스
90571|훈도하다
90572|의의하다
90573|꾸무럭대다
90574|학실
90575|원접사
90576|송성
90577|금관구
90578|단청하다
90579|햄프셔주
90580|마그네타이트
90581|완영
90582|합독
90583|다호
90584|시근거리다
90585|호열성
90586|엔타시스
90587|상조계
90588|까막나라
90589|깨울
90590|제병
90591|거묘
90592|야계
90593|오랜
90594|의보
90595|좌해
90596|함화
90597|눈섭
90598|빈덕
90599|코니쉬
90600|펜상
90601|외경하다
90602|나타우
90603|피뽑기
90604|밍기적밍기적
90605|크라이오테라피
90606|소산하다
90607|프랙션
90608|폴리데우케스
90609|두릿두릿
90610|탐두다
90611|대견스레
90612|살통
90613|주각
90614|충령
90615|근무력증
90616|창아리
90617|농생대
90618|맨틀피스
90619|염지되다
90620|건절
90621|종오리
90622|양여
90623|어떻든지
90624|히떡
90625|대화여
90626|띄워차기
90627|체벽
90628|새리다
90629|양방향성
90630|플루오로우라실
90631|검질기다
90632|까매귀
90633|그레이브스병
90634|되돌려오다
90635|윗변
90636|내뛰다
90637|싱타이
90638|라치오주
90639|스트리아
90640|다가닥거리다
90641|쭈무르다
90642|흘금거리다
90643|졸링겐
90644|과송
90645|진점
90646|선낭
90647|습보
90648|까혼
90649|장계취계
90650|바들바들하다
90651|키블라
90652|아리에타
90653|노르만인
90654|분치
90655|사분소리표
90656|속죄되다
90657|버러지
90658|석련지
90659|머리받아넣기
90660|애기바리
90661|변양
90662|차상위층
90663|번서다
90664|떠벌떠벌하다
90665|숫색시
90666|묵은
90667|씹질하다
90668|애식
90669|왕묘
90670|자흔
90671|그두
90672|국제부녀절
90673|테르노
90674|허구화하다
90675|모스매
90676|경호
90677|취풍형
90678|채빙
90679|섬지
90680|탄재
90681|뻘쭘히
90682|웨스턴오스트레일리아주
90683|부드랍다
90684|수탕나귀
90685|서위
90686|코리코리
90687|배본되다
90688|함마르셸드
90689|오플래허티
90690|지패
90691|답험하다
90692|방하
90693|패강
90694|대가야읍
90695|화해되다
90696|사비하다
90697|치목
90698|열개하다
90699|늘푸른잎
90700|꺽실하다
90701|볶은고추장
90702|사벽
90703|그다지
90704|헛발길
90705|졸랑졸랑
90706|리바비린
90707|엘에스
90708|싹없다
90709|탈가닥
90710|재복무하다
90711|공식하다
90712|두민
90713|봄자름
90714|강궁
90715|사잇골목
90716|흐날리다
90717|지추
90718|의념
90719|현책
90720|서운히
90721|펄렁펄렁
90722|벽락
90723|채련
90724|애끊다
90725|발질하다
90726|본무
90727|황다
90728|감우
90729|호랑꼬리여우원숭이
90730|수찰
90731|잔비
90732|험불
90733|낙판
90734|추관하다
90735|연양
90736|필템
90737|각로
90738|탑립동
90739|약박
90740|팔세토
90741|잡시
90742|미끄럼대
90743|주악하다
90744|당학
90745|선림
90746|시하리다
90747|해오리
90748|거님길
90749|액주
90750|그리제
90751|변설
90752|축가다
90753|추상하다
90754|쫄랑
90755|아나하다
90756|이우하다
90757|튐
90758|곱치다
90759|한품
90760|핀펫
90761|뻘거벗다
90762|처막
90763|가로차다
90764|감쇄되다
90765|솔이끼
90766|뷰테인
90767|괴츠
90768|다르륵거리다
90769|평잔
90770|궐외
90771|특파하다
90772|바구리
90773|고림
90774|스톨라
90775|기준별
90776|어그리다
90777|경언
90778|끄리다
90779|겨끔내기
90780|상접
90781|쌍패
90782|삽탄하다
90783|눈퉁멸
90784|뵐러
90785|애창하다
90786|고습
90787|돋나다
90788|밝디밝다
90789|폐묘
90790|번드름하다
90791|의혹투성이
90792|보드레하다
90793|밑위길이
90794|움츠러뜨리다
90795|까파
90796|배꾸
90797|문부
90798|사송
90799|배접
90800|승냥
90801|종발하다
90802|열결
90803|덜그럭하다
90804|꼬슬리다
90805|호위되다
90806|칼키
90807|도사하다
90808|부비적대다
90809|괜찮이
90810|미사흔
90811|너남
90812|띠띠하다
90813|물활론
90814|글랑
90815|제사날
90816|끊음질
90817|볶은밥
90818|흑어
90819|월상
90820|인민경제
90821|선부
90822|폐회되다
90823|스코르디닌
90824|소조하다
90825|증판
90826|비류나
90827|오가네손
90828|위심하다
90829|비칠하다
90830|명무
90831|안회
90832|성굽
90833|도적글
90834|사근거리다
90835|까무다
90836|공파하다
90837|철갑둥어
90838|고두하다
90839|자봉하다
90840|해배
90841|점필재
90842|망녀
90843|사기막
90844|입관되다
90845|쵸콜릿
90846|중민
90847|위수
90848|탄상하다
90849|동당동당
90850|소착하다
90851|석상하다
90852|재임명하다
90853|갱의실
90854|람바예케
90855|중간방어수
90856|부관리자
90857|지월
90858|즈제
90859|약질
90860|엔가이
90861|말뚝박기하다
90862|혼자씨름
90863|스펜더
90864|형성화되다
90865|황친
90866|바티스카프
90867|녹각
90868|따신밥
90869|나팔나팔
90870|겁화
90871|자감
90872|후경
90873|준행
90874|물어들이다
90875|숭람
90876|축재
90877|치펀데일
90878|차화정
90879|척화
90880|병통
90881|척계광
90882|세로무늬
90883|내둘리다
90884|꺾는소리
90885|석총
90886|방발
90887|게나제나
90888|잘래잘래
90889|인포데믹스
90890|가학하다
90891|르상티망
90892|엽지
90893|접아
90894|편행
90895|주름살투성이
90896|야바구
90897|부자연스레
90898|나붓하다
90899|잎잎이
90900|일코
90901|판암동
90902|애벌빨래하다
90903|넙칫과
90904|실잡다
90905|혼약하다
90906|발끝차기
90907|디디피
90908|방사성비
90909|덧붙이
90910|부둥하다
90911|볕바르다
90912|스테롤
90913|조시
90914|견대
90915|윤웅렬
90916|단치히
90917|규획
90918|응등그리다
90919|훌럭
90920|타이안
90921|재산화하다
90922|불참석
90923|격살하다
90924|진맛
90925|가국
90926|태발
90927|몰취
90928|안토니오니
90929|어부리
90930|피오디
90931|봉곳봉곳
90932|뒤상
90933|탈회하다
90934|내리붓다
90935|잔무
90936|여막
90937|짹짹하다
90938|믹솔로지스트
90939|관습화되다
90940|라바브
90941|동선하다
90942|범벅이말
90943|석검
90944|공축
90945|롬브로소
90946|규산
90947|초화
90948|범박
90949|화격
90950|들어세다
90951|범돌
90952|허핍하다
90953|동치
90954|횡축
90955|직키다
90956|크래그
90957|뇌진
90958|컴퓨토피아
90959|변발하다
90960|마랑
90961|헛나발
90962|이제금
90963|시가올
90964|가레다
90965|점리
90966|계단승강기
90967|시읏
90968|쫄랑대다
90969|매유
90970|별면
90971|영화장면
90972|입형
90973|빙사
90974|크라우제
90975|모스카
90976|주효
90977|출동되다
90978|끼깅
90979|서발막대
90980|대도시화되다
90981|스노우타이어
90982|째까닥
90983|오문
90984|상기다
90985|신회
90986|비빙
90987|늑탈하다
90988|할거
90989|축차
90990|천장
90991|디베르티스망
90992|꼬륵꼬륵
90993|광체
90994|꿀떡하다
90995|조음되다
90996|금자리
90997|구산
90998|쏘삭거리다
90999|복멸
91000|가지산문
91001|감희
91002|형초세시기
91003|잊아삐다
91004|난화
91005|개서하다
91006|작연하다
91007|푸신
91008|제행
91009|언해하다
91010|터벌
91011|종순하다
91012|검모잠
91013|미친눔
91014|낸킨
91015|문민
91016|연축
91017|파필
91018|좌우지하다
91019|전처리문
91020|잎남새
91021|승가리
91022|시묘
91023|낟알털기
91024|톤젠드
91025|반정하다
91026|말말이
91027|효제충신
91028|순마소
91029|집법
91030|깐보다
91031|노모스
91032|그네
91033|만보하다
91034|섀그린
91035|깡냉이
91036|각섬석
91037|옥시끼
91038|달솔
91039|지독스레
91040|느희
91041|진새벽
91042|제릉
91043|프드득
91044|발개돌이
91045|유준하다
91046|꽁티
91047|프티푸르
91048|예대
91049|풍열
91050|불로장수
91051|매돌
91052|내리앉다
91053|뚤
91054|노골노골
91055|벗기우다
91056|하락시
91057|스침
91058|닌히드린
91059|꽁알거리다
91060|삼출
91061|무익조
91062|화왕산성
91063|팍세권
91064|포골
91065|분방
91066|위작하다
91067|알롱
91068|수구하다
91069|재이전하다
91070|내리읽다
91071|귤현
91072|사제하다
91073|풀레다
91074|단젠
91075|매트로이드
91076|짜발량이
91077|리빙텔
91078|당일치기하다
91079|까들랑까들랑
91080|산송
91081|땡깔
91082|노루발풀
91083|새먼핑크
91084|쉬폰케이크
91085|할석
91086|직지
91087|들먹
91088|상앗대
91089|분패
91090|금직
91091|뚤루게
91092|줄에다
91093|증제
91094|주전되다
91095|드라이포인트
91096|녀우
91097|정연
91098|순전
91099|몰리브데넘
91100|편맥
91101|예상우의무
91102|라이브웨어
91103|될동말동하다
91104|이성론
91105|달가살
91106|관형
91107|마이어호프
91108|스크래치패드
91109|이습
91110|홍택
91111|재전
91112|갓동
91113|비그이
91114|닐상
91115|시발하다
91116|웨브
91117|종송
91118|헤살하다
91119|외문
91120|내족
91121|양와
91122|아카데미즘
91123|요행하다
91124|강예재
91125|건원
91126|전자선
91127|관세선
91128|되살이
91129|솔롱고스
91130|나누어떨어지다
91131|넓적이
91132|수미일관하다
91133|샘하다
91134|다운스윙
91135|포름알데하이드
91136|구시렁구시렁거리다
91137|자질구리하다
91138|삼첩기
91139|도대
91140|신홍식
91141|샌
91142|조변석개
91143|내명
91144|유창함
91145|깡똥하다
91146|선비잡이콩
91147|연면
91148|페디그리
91149|솟치다
91150|면옥
91151|기대이다
91152|코르부스
91153|조경하다
91154|비승
91155|후중
91156|계언
91157|신화화하다
91158|모심기하다
91159|약액
91160|오듀본
91161|라우니온
91162|바수반두
91163|전탑
91164|합친꽃
91165|점동
91166|등얼
91167|뚱치다
91168|비쩍비쩍
91169|시조하다
91170|섬마섬마
91171|군축하다
91172|성창
91173|될락말락하다
91174|라스웰
91175|이섭다
91176|명유
91177|건아하다
91178|아주가리
91179|그룬트비
91180|어무니
91181|광화하다
91182|뇌질주일
91183|시압
91184|패러세일
91185|코세페
91186|은미하다
91187|카스틸
91188|총산
91189|흐리시
91190|단원풍속도첩
91191|지은옷
91192|보약탕
91193|노매
91194|축열
91195|탕지
91196|푸른차
91197|다다이스트
91198|붕긋하다
91199|미월
91200|전행하다
91201|당이다
91202|오야코돈부리
91203|뿔뚝
91204|단약하다
91205|유니테리언
91206|형이상
91207|골벌국
91208|아라카와구
91209|차라
91210|켐피스
91211|네커치프
91212|척색
91213|출합
91214|찔찔이
91215|바까다
91216|꽛꽛하다
91217|옭히다
91218|와위
91219|부사격
91220|시중하다
91221|들척이다
91222|사르릉
91223|반농
91224|체후
91225|연래
91226|악전
91227|주둥이질
91228|길곡
91229|권종
91230|동야
91231|통풍하다
91232|도금판
91233|엄파이어
91234|과려
91235|지하대장군
91236|상감하다
91237|스크램
91238|다새
91239|암고운부전나비
91240|선정주의자
91241|춤치다
91242|문적문적
91243|다미아니
91244|손채양
91245|거수르다
91246|저를
91247|촉석
91248|인플릭시맙
91249|걸터듬다
91250|커다맣다
91251|연종
91252|프라이온
91253|재돌입하다
91254|얼라잇
91255|사탕
91256|쪼각
91257|비새
91258|쿠라이시족
91259|뒤받치다
91260|마이컴
91261|연노랑
91262|몽디이
91263|마모하다
91264|여향
91265|백률사
91266|재활성화하다
91267|갈아세우다
91268|휴범
91269|전윤하다
91270|알단
91271|키발리나
91272|까뜩
91273|폐점되다
91274|미화반장
91275|아바시
91276|시투하다
91277|불요불굴
91278|꺄웃거리다
91279|호금
91280|즉행
91281|크로즈비
91282|갈고
91283|마삭
91284|게임학회장
91285|차력하다
91286|나이오븀
91287|괴동
91288|청유하다
91289|형비
91290|저인
91291|족문
91292|아트버스터
91293|무취하다
91294|인년
91295|산일
91296|삼안총
91297|낙엽귀근
91298|해약되다
91299|골프놀이
91300|딮다
91301|수설
91302|운치
91303|달사
91304|병풍산
91305|독로
91306|고두백배하다
91307|봉영하다
91308|톳두부무침
91309|이곽지사
91310|고드르다
91311|물뚝
91312|꾸뻑꾸뻑
91313|효주
91314|버르토크
91315|볼브다
91316|노외
91317|명역
91318|몽조리
91319|갱애지
91320|콘시어지
91321|쭝얼거리다
91322|영낙없다
91323|결음
91324|공희
91325|귓것
91326|송피
91327|가지고지
91328|카탈
91329|리습
91330|농소
91331|반혓소리
91332|팽치다
91333|비적비적
91334|사물화하다
91335|해리되다
91336|위대
91337|조선팔도고금총람도
91338|슴
91339|분필그림
91340|에세스
91341|추지
91342|범도
91343|낙전
91344|면문
91345|귀탱이
91346|가처분하다
91347|고시베리아인
91348|송두
91349|득달같이
91350|다이공
91351|데끼
91352|고고매
91353|떨하다
91354|바농
91355|임진
91356|기효
91357|내천
91358|카르케미시
91359|칸타리스
91360|기포하다
91361|북사
91362|명아줏과
91363|자실
91364|낮추보다
91365|실친
91366|마리보
91367|장꼬
91368|돌잡이하다
91369|늘나다
91370|흑달
91371|배서하다
91372|황금도
91373|치매다
91374|귀암
91375|원예업
91376|미면하다
91377|왕당
91378|순체
91379|엎지다
91380|인동초무늬
91381|배색하다
91382|리런
91383|옥테인
91384|보대
91385|치질하다
91386|실러
91387|텐돈
91388|일처다부
91389|장쉬
91390|지만하다
91391|면천되다
91392|너구리상
91393|글보
91394|성포
91395|날음
91396|멘들다
91397|문화학과
91398|위당
91399|목만
91400|허브캡
91401|간증되다
91402|남청
91403|여끼
91404|흑연화하다
91405|초혼하다
91406|마른걸레질하다
91407|니이미
91408|을부
91409|양무
91410|조제유
91411|대기지
91412|이루하다
91413|축광지
91414|제끼
91415|왕고집
91416|시채
91417|건남
91418|배자하다
91419|경계강화
91420|트라조돈
91421|뚜까리
91422|은정
91423|착근되다
91424|견인선
91425|검피다
91426|상우
91427|사분사분하다
91428|쫄개
91429|후감
91430|분식되다
91431|보오리
91432|물질문화
91433|희방사
91434|선마
91435|비탁
91436|산규
91437|대거하다
91438|자기화하다
91439|훍
91440|헛짐
91441|버룩버룩
91442|서암
91443|아칙
91444|불상놈
91445|헛튼
91446|베르베르어
91447|에프디
91448|보돌보돌
91449|단통
91450|저마이
91451|에꾸
91452|수런수런
91453|짤짤거리다
91454|중래
91455|미니아튀르
91456|역어
91457|디지
91458|수루탄
91459|털실천
91460|노종
91461|앨곤퀸
91462|섬뜩섬뜩
91463|펨토
91464|좽이
91465|끄르륵
91466|아삭대다
91467|봉세
91468|덤베다
91469|쫄쫄거리다
91470|실체하다
91471|너덕너덕
91472|포스겐
91473|극괭이
91474|폴리페모스
91475|세멘
91476|다지우다
91477|어정뜨다
91478|번행초
91479|정보화되다
91480|포막
91481|시링크스
91482|큰매형
91483|뻐걱거리다
91484|덜커덩덜커덩하다
91485|승근
91486|찌르륵찌르륵
91487|새한국당
91488|삐삐대다
91489|징모
91490|한가위날
91491|모퉁
91492|히브
91493|까실쑥부쟁이
91494|아표
91495|담훈
91496|가일층
91497|누거
91498|당모
91499|경희극
91500|절파
91501|심감
91502|횟간
91503|평역
91504|데따
91505|조종성
91506|사여
91507|수하
91508|의이하다
91509|림계
91510|모가미
91511|피레트린
91512|드래건급
91513|꼼치다
91514|착종하다
91515|노느다
91516|할딱대다
91517|쪽나무
91518|우람차다
91519|삼등분되다
91520|마대
91521|스토케시아
91522|빈가
91523|기연가미연가
91524|클로디우스
91525|뾰족각
91526|글라이신
91527|산돌배
91528|우판
91529|프라세오디뮴
91530|모보
91531|터븀
91532|월락초
91533|지인용
91534|카만히
91535|불기다
91536|뿔룩
91537|방업
91538|마염
91539|엄한
91540|평형하다
91541|혈처
91542|두툼두툼하다
91543|의외로
91544|고려장하다
91545|후황
91546|냄편
91547|위탁금
91548|입소되다
91549|카스텔로
91550|헌상되다
91551|담배칸
91552|떠벅떠벅
91553|디리다
91554|전결되다
91555|환산표
91556|쉽살다
91557|보리고개
91558|까밝히다
91559|쪼맨
91560|문계
91561|패널리스트
91562|푼푼하다
91563|처뜨리다
91564|빙탄불상용
91565|주자대전차의
91566|배서
91567|바콜로드
91568|절책
91569|막장스럽다
91570|갈산
91571|함령
91572|삐유
91573|발편
91574|부트스트랩
91575|비타협성
91576|젖어미
91577|무을
91578|거작
91579|위트릴로
91580|쎈터
91581|무벌
91582|탈싹
91583|겨울나이
91584|카르파티아산맥
91585|통타하다
91586|탐락
91587|용토
91588|산록
91589|서은
91590|테네시강
91591|크세노파네스
91592|청랑
91593|기마이
91594|효문제
91595|파로틴
91596|주지되다
91597|시끌버끌
91598|해요하다
91599|전법하다
91600|방략
91601|괴물치다
91602|무하하다
91603|암도진창
91604|민중국
91605|야견
91606|알뜰살뜰히
91607|캘캘
91608|동피
91609|엔티에스
91610|들고장
91611|왜소화하다
91612|아이렘
91613|반상기
91614|벼릿줄
91615|어글어글하다
91616|강글다
91617|고황
91618|졸필
91619|뼈지다
91620|도붓장수
91621|텐셔너
91622|진분수
91623|미립
91624|솔치
91625|의논되다
91626|할라파
91627|각피
91628|따깡
91629|검차다
91630|타글타글
91631|목고개
91632|쟉
91633|부청
91634|패자전
91635|쏘물다
91636|연옹지치
91637|짝동무
91638|유괘
91639|절걱거리다
91640|차루
91641|무소불능
91642|남녀탕
91643|빠직빠직하다
91644|방태
91645|에아
91646|스츠다
91647|북궐
91648|코렐리
91649|주근
91650|뜸북
91651|이소크라테스
91652|터돌
91653|전한하다
91654|띵가묵다
91655|반더럽다
91656|우적대다
91657|디과
91658|자누
91659|뇌경질막
91660|사르가소해
91661|아미노글리코사이드
91662|세키부네
91663|맏며느릿감
91664|탐무즈
91665|간물
91666|직품
91667|환정되다
91668|유타랍토르
91669|쪼각말
91670|모인
91671|파탄잘리
91672|웩웩대다
91673|급여되다
91674|을묘
91675|장황스럽다
91676|네도
91677|월극
91678|곰살스럽다
91679|귀골스럽다
91680|늠식
91681|쿨쩍
91682|시뮐라크르
91683|어하하다
91684|리센코
91685|손사
91686|청적
91687|아골
91688|케크
91689|외설하다
91690|가정맹어호
91691|팜플릿
91692|구석빼기
91693|먹바
91694|집작하다
91695|위태로이
91696|강냉이국수
91697|대간하다
91698|귀회
91699|회전법
91700|제적하다
91701|서폐
91702|전방되다
91703|클램셸
91704|총찰
91705|황벽
91706|안토파가스타
91707|목물하다
91708|암장하다
91709|넘겨듣다
91710|양존하다
91711|구깃거리다
91712|내리달리다
91713|혜장
91714|물굽이
91715|굼굼하다
91716|새망
91717|가승
91718|팔척장신
91719|헌걸차다
91720|건히
91721|만저우리
91722|위모
91723|프락시텔레스
91724|물설다
91725|스벤손
91726|졉히다
91727|꽝포쟁이
91728|꼬약꼬약
91729|수사불패
91730|특허하다
91731|최적합하다
91732|개탕
91733|게유
91734|비태
91735|작작거리다
91736|짜집다
91737|머스매
91738|응징되다
91739|디엔비엔푸
91740|추부
91741|등인
91742|화권
91743|가라루파
91744|가열성
91745|입초
91746|배준
91747|울릉대다
91748|글러지다
91749|땋이다
91750|바이오아트
91751|옷보
91752|아웅아웅
91753|걸음체
91754|천덕스럽다
91755|득표률
91756|발아래
91757|금토동
91758|싱켈
91759|포수하다
91760|양한
91761|타초경사
91762|흉비
91763|구선왕도고
91764|농엽
91765|반심
91766|안염
91767|남목
91768|소고치기
91769|온건히
91770|점염
91771|카미스
91772|우드워스
91773|이토노코
91774|덕계
91775|항용
91776|고예
91777|털슈바
91778|윌버포스
91779|받주다
91780|내둥
91781|종조
91782|환벽
91783|마라카이
91784|인기척하다
91785|희타
91786|접걸상
91787|갑자기
91788|기센
91789|드로퍼
91790|허호
91791|헤헤대다
91792|저치하다
91793|이미저
91794|모측
91795|제멸하다
91796|뭉청뭉청
91797|불력
91798|넛크래커
91799|폐엽
91800|죄증
91801|자라투스트라
91802|강주리
91803|보케리니
91804|뼛성
91805|불소나기
91806|불구름
91807|서들다
91808|티록신
91809|난각
91810|절복하다
91811|고셰병
91812|골화
91813|그르구
91814|김량장
91815|주억
91816|횡진
91817|누리팅팅하다
91818|하코트
91819|드키
91820|뚫림
91821|선농
91822|병시중하다
91823|소금자이
91824|지금나다
91825|반농담조
91826|헛잡다
91827|쿡쿡하다
91828|근화
91829|입암
91830|종도
91831|활랑활랑
91832|아니참
91833|덜커덩하다
91834|서현
91835|연년세세
91836|증장되다
91837|천염
91838|졸졸하다
91839|실외기
91840|유콘강
91841|애아
91842|반기업주의
91843|진보라
91844|참례
91845|그르마
91846|족사
91847|꺽세다
91848|얽이
91849|지시표
91850|배증
91851|백중맞이
91852|벨렝
91853|엘엔지
91854|황청
91855|녹신녹신하다
91856|계층화하다
91857|일퇴
91858|정극하다
91859|패너
91860|번만하다
91861|한비짝
91862|봉솔
91863|톰센
91864|한치윤
91865|칸타오라
91866|다만
91867|원싱이
91868|성노
91869|곡필
91870|빙애
91871|군액
91872|고추하다
91873|탕화
91874|일록
91875|노영하다
91876|찌륵
91877|지너
91878|신낭
91879|학모
91880|데크레셴도
91881|말큰하다
91882|뽀도독하다
91883|놀이배
91884|이뮤니티
91885|흐르르
91886|착신되다
91887|구풍
91888|내괘
91889|그기사
91890|전숙
91891|잎달이김치
91892|술트
91893|요른
91894|순천하다
91895|가뿐가뿐하다
91896|우죽
91897|연송하다
91898|고키리
91899|해찰하다
91900|세별
91901|잠상
91902|협약되다
91903|조유하다
91904|창새기
91905|코수
91906|각모
91907|복군
91908|음고
91909|캄캄히
91910|중한
91911|뵤도인
91912|조개
91913|절찬하다
91914|내장객
91915|제번
91916|패복
91917|금강반야바라밀경
91918|가짓과
91919|옥종
91920|잰스키
91921|니기다
91922|개빙
91923|백락일고
91924|일곡
91925|무불통지하다
91926|앙증하다
91927|야제
91928|낙첨
91929|겐겐
91930|비근
91931|브란디
91932|베니하산
91933|오톨도톨
91934|하니스
91935|총적
91936|덕지
91937|비소하다
91938|샬
91939|아츠랗다
91940|가날프다
91941|블랙타이거새우
91942|막머리
91943|돌전
91944|눌리
91945|정세아
91946|멫멫
91947|중생하다
91948|평열
91949|달콤새큼하다
91950|후두르다
91951|후시창
91952|수륙장갑차
91953|망손
91954|호발되다
91955|동료지간
91956|설편
91957|출외
91958|번류
91959|암우하다
91960|환과고독
91961|모양글자
91962|초승
91963|우우하다
91964|발복하다
91965|판진시
91966|허줄하다
91967|데리어
91968|폴리냐크
91969|뫼즈강
91970|된비읍
91971|두두다
91972|아례
91973|인플레이어
91974|헌작
91975|근두
91976|차길
91977|소연
91978|자건
91979|회절하다
91980|달생
91981|탈것
91982|철상
91983|잠관
91984|팽윤하다
91985|옥창
91986|내우
91987|층류
91988|정행
91989|클램퍼
91990|크니스
91991|면검
91992|언수외
91993|다북쑥
91994|새악시
91995|땟자국
91996|포병하다
91997|돈은
91998|탐욕스레
91999|탁실라
92000|빤들하다
92001|삼대목
92002|협실
92003|기정하다
92004|법연
92005|분집
92006|소자하다
92007|재투입되다
92008|편중하다
92009|돈돌날이
92010|본고
92011|리우그란데
92012|매뉴얼화되다
92013|기댕기다
92014|복문
92015|도래자
92016|으슥
92017|트롤럽
92018|일도
92019|이등하다
92020|안헤
92021|감쇠하다
92022|배선하다
92023|무침하다
92024|천참만륙
92025|브리스코
92026|폐각
92027|둥굴다
92028|크로스셀링
92029|김가진
92030|매럭
92031|화은
92032|저눔
92033|측색
92034|네커
92035|쿵덕덕거리다
92036|꾸구다
92037|다랏
92038|나무막
92039|묘진
92040|댕글댕글
92041|가연
92042|약독
92043|택우
92044|천막살이
92045|경품권
92046|원천강본풀이
92047|지나
92048|선란
92049|보뜨다
92050|쥠
92051|건달닭
92052|싱검둥이
92053|비즈마크
92054|아랫마디
92055|예사다
92056|루친
92057|지질리다
92058|홑모음
92059|령관
92060|빈활
92061|가여
92062|지종
92063|천언하다
92064|잠파라
92065|계절잠
92066|가득이다
92067|작아맞다
92068|제덕
92069|흔희
92070|제타바이트
92071|무람없다
92072|쥐융관
92073|신방학중
92074|휴궁일
92075|차탁
92076|남대
92077|내키
92078|더뻑더뻑
92079|거와
92080|리코프
92081|워맥
92082|온클
92083|작나
92084|바삭과자
92085|발관
92086|기우시
92087|뭉퉁그리다
92088|페드르
92089|뿌끼
92090|얼킨
92091|엉겨붙기
92092|토맥
92093|세룡
92094|세골
92095|파르보바이러스
92096|용전분투하다
92097|응착되다
92098|덮깃
92099|구종
92100|매비
92101|아펠슈트루델
92102|질차
92103|추썩거리다
92104|이끈
92105|산마르코스
92106|라벨러
92107|머리기름
92108|군표
92109|오들오들하다
92110|건병
92111|징채
92112|일람
92113|현역작가
92114|유몽인
92115|아코나이트
92116|다릿발
92117|청법
92118|꼼작꼼작하다
92119|선봉군
92120|가이저
92121|군안
92122|단과
92123|중간하다
92124|열기다
92125|상변
92126|전아리
92127|망고셰이크
92128|털발말똥가리
92129|수리창
92130|잔부
92131|면절
92132|코레오그래퍼
92133|깃털베개
92134|감괘
92135|올로오다
92136|끄트러기
92137|전대하다
92138|어물쩍하다
92139|성도하다
92140|쌍날개
92141|저생산성
92142|카르멜산
92143|뿌링이
92144|변난
92145|강중거리다
92146|가르미슈파르텐키르헨
92147|컨세션
92148|적녀
92149|릴리리야
92150|저비
92151|석척
92152|장책
92153|통크족
92154|뿌서다
92155|시난트로푸스
92156|치뻗치다
92157|삼림욕하다
92158|가쓰시카구
92159|디펜히드라민
92160|뜨갯거리
92161|자트로파
92162|수티
92163|꿍아
92164|볼따구니
92165|골랑
92166|장아치
92167|엄문
92168|규결
92169|글라세
92170|라타키아
92171|슈제트
92172|외표
92173|새노랗다
92174|양심하다
92175|내리찧다
92176|엉간히
92177|누를황
92178|직승비행기
92179|거친선
92180|금강정경
92181|프로필렌
92182|리마케팅
92183|닉애
92184|비홍
92185|어긋맞추다
92186|쇼소인
92187|춘파
92188|간추
92189|리케이온
92190|교뇌
92191|꼬꼬댁하다
92192|향간
92193|채기
92194|덩이지다
92195|싼다구
92196|옴쭉
92197|돌나무
92198|자유운동
92199|치차론
92200|적서
92201|봉훈
92202|쿠당탕거리다
92203|워터기
92204|찌릉찌릉하다
92205|순명하다
92206|천마
92207|성속
92208|징자
92209|둥치다
92210|에이오에이
92211|독인
92212|베르토네
92213|은비하다
92214|고도프스키
92215|에어셔
92216|이니시에이션
92217|월메
92218|창창히
92219|놀메
92220|현채
92221|비죽이다
92222|샐룩거리다
92223|벌떡벌떡하다
92224|뿔질
92225|만다리
92226|당간
92227|으깨
92228|소렴
92229|반야바라밀다심경
92230|법정하다
92231|습해
92232|젖짜기
92233|납판
92234|효오
92235|개열
92236|안탁갑이
92237|심바람
92238|주글주글하다
92239|서사하다
92240|에스비
92241|급급여율령
92242|인접되다
92243|텔레매틱스
92244|라디우스
92245|설라
92246|촌바우
92247|헤피
92248|여창
92249|탐망
92250|자묘
92251|항말라리아제
92252|측근자
92253|갈란타민
92254|집자리
92255|탁없다
92256|록파
92257|법속
92258|큰마
92259|옹두리
92260|다시근하다
92261|아랫글
92262|만리타향
92263|여측
92264|타블라
92265|화학빨래
92266|노약
92267|달려다니다
92268|쇼와
92269|검세다
92270|멋장이
92271|혼택하다
92272|백규
92273|전략화되다
92274|유초
92275|석가다
92276|스완호
92277|비단산
92278|근주자적
92279|턱별
92280|자오퉁
92281|인입
92282|리그난
92283|총순
92284|패공
92285|채루
92286|삐오삐오
92287|형문
92288|임형
92289|유격대원
92290|마데이
92291|경영
92292|하소하다
92293|생갱
92294|배아픔
92295|푼트
92296|협보
92297|골류다
92298|죽마지우
92299|쓸어들다
92300|큰바늘
92301|바라이
92302|안룡초
92303|다락지
92304|요따우
92305|지시리
92306|위거
92307|층리
92308|영구불변하다
92309|단풍나뭇과
92310|분각
92311|모사데크
92312|유형하다
92313|스포르차가
92314|애스콧타이
92315|번득번득
92316|꺼뭇꺼뭇
92317|싯둘
92318|메로에
92319|아오먼
92320|곤배
92321|환토
92322|문질르다
92323|이비에스
92324|파격하다
92325|명사화되다
92326|깐깐이
92327|메끄럽다
92328|허덕
92329|범주하다
92330|둘러리
92331|접구하다
92332|찌그러짐
92333|금왕
92334|도웁다
92335|연접되다
92336|점벙
92337|찔끔대다
92338|아이디이
92339|모한하다
92340|책맥
92341|체아
92342|통토
92343|편의하다
92344|좌학
92345|이물스럽다
92346|기국하다
92347|후익
92348|쑥쑥다
92349|김칫물
92350|세파트
92351|로스탕
92352|장깨
92353|소청룡탕
92354|걸출
92355|어병
92356|대춧빛
92357|방헤
92358|함초롬
92359|자업자득하다
92360|깍하다
92361|겸무
92362|된걱정
92363|렙토세팔루스
92364|그림버티개
92365|녹비
92366|철거덕
92367|딱정
92368|아이따
92369|걸배이
92370|야비다리
92371|발다듬이
92372|데시오
92373|백년지기
92374|게야
92375|재방출하다
92376|규아상
92377|후터분하다
92378|양행
92379|접붙다
92380|카치나
92381|모룻돌
92382|생지하다
92383|욱조이다
92384|벙긋벙긋하다
92385|크로코스미아
92386|밤나무산누에나방
92387|극기하다
92388|바직
92389|이남지
92390|비쿠냐
92391|백탑
92392|아타나시우스
92393|토사하다
92394|궁의
92395|고잔
92396|조리돌리다
92397|구당
92398|족계
92399|빠시다
92400|수추
92401|총괄되다
92402|추부트
92403|개개풀리다
92404|자우룩하다
92405|송아지동무
92406|두억신
92407|쇠피
92408|한걱정하다
92409|인포서
92410|떠받히다
92411|삼각
92412|빠꾸다
92413|문뒤
92414|부숭
92415|누덕
92416|틈사
92417|플레이스하다
92418|드리슈
92419|긍정되다
92420|엠티에스
92421|근제
92422|수대
92423|김치두루치기
92424|피토에스트로겐
92425|패부
92426|뻐걱
92427|제매
92428|관소
92429|글장님
92430|촉매하다
92431|펜하다
92432|행시하다
92433|성같다
92434|프리워크아웃
92435|헤지
92436|울미
92437|거둥하다
92438|살비
92439|거스리다
92440|라그랑지안
92441|심시
92442|간피다
92443|억짓손
92444|롱간
92445|양털가죽
92446|후취하다
92447|묵나물
92448|바른삼각형
92449|인혈
92450|들이삼키다
92451|외변
92452|주진달다
92453|파안
92454|두벌손
92455|남잡이
92456|참예하다
92457|귀구하다
92458|책배
92459|작대
92460|지선하다
92461|총주
92462|아랫머리
92463|수곡
92464|그렇듯하다
92465|평라선
92466|써울
92467|가티다
92468|석릉
92469|거름물
92470|불칸
92471|고바이
92472|신약하다
92473|잡소
92474|점감
92475|메톤
92476|무안스럽다
92477|영생이
92478|카니슈카
92479|락형
92480|상등
92481|내제하다
92482|채석되다
92483|당건
92484|베살리우스
92485|매련
92486|동법
92487|다님표
92488|합화
92489|토톨로지
92490|흉맹스럽다
92491|내리쏘다
92492|백두
92493|절름대다
92494|쨍기
92495|오색당
92496|황정욱
92497|오로록
92498|초격
92499|환난상휼
92500|단순모방
92501|각게
92502|매교동
92503|더하기하다
92504|소끼
92505|착임하다
92506|결미
92507|라왈핀디
92508|뎌지다
92509|헌데
92510|보철하다
92511|바른륙면체
92512|실데나필
92513|집합되다
92514|기엄
92515|번개칼
92516|객심
92517|또옥또옥
92518|출행하다
92519|깨므
92520|바를
92521|권해하다
92522|조록
92523|부해
92524|지오이드
92525|문회
92526|뚝새풀
92527|체금
92528|이스타르
92529|바리오스
92530|두화
92531|변신기
92532|프레퍼
92533|조문
92534|체이닝
92535|매득
92536|플라본
92537|조잔하다
92538|골웨이
92539|연문
92540|남성이
92541|하치하다
92542|원숫덩어리
92543|해품
92544|백릉
92545|염송
92546|모테
92547|진황
92548|등물
92549|부루퉁히
92550|설빈
92551|적대시되다
92552|측문
92553|친봉
92554|탈감
92555|괴뢰군
92556|덤태
92557|사랑기
92558|파라티온
92559|분심
92560|데련님
92561|수태다
92562|뒤티다
92563|암라
92564|주석되다
92565|추색
92566|우신스키
92567|배디다
92568|칠로에섬
92569|핀다로스
92570|관영하다
92571|님
92572|슬몃
92573|방싯방싯
92574|리전스
92575|와이트섬
92576|뉴컴
92577|어청
92578|넵투누스
92579|호미씻이
92580|자득하다
92581|원미하다
92582|훈육되다
92583|싫어나다
92584|밧모
92585|연번
92586|삼배하다
92587|거리마
92588|개빕다
92589|희끗대다
92590|광팔이
92591|마른강
92592|천처히
92593|몽실하다
92594|충해
92595|류영
92596|가북면
92597|스트레이크
92598|넘침
92599|일렁일렁하다
92600|들이굽다
92601|너에
92602|계신
92603|딸각하다
92604|양매
92605|성출하다
92606|초벽
92607|자분하다
92608|석반어
92609|감채
92610|바르작대다
92611|삼점포
92612|찌지직거리다
92613|일코노미
92614|변파
92615|쇄쇄
92616|훌쭉
92617|보디워크
92618|문한
92619|듀크레이
92620|도고
92621|음택
92622|알가리
92623|자몽하다
92624|몰라지다
92625|호칭어
92626|케토코나졸
92627|맞닥치다
92628|버내
92629|헤우
92630|박진하다
92631|먼바다고기배
92632|내응하다
92633|각도하다
92634|즉일
92635|줄장미
92636|옆편
92637|내차다
92638|멸성제
92639|친주
92640|배코숭이
92641|흠치교
92642|뻔드르르하다
92643|잔멸하다
92644|우지시
92645|피라밋
92646|셀러리액
92647|으쩌다
92648|록음
92649|후뇌
92650|폐화
92651|주등이
92652|잘텐
92653|품수
92654|죽파
92655|부라
92656|멀수
92657|호청
92658|시화연풍
92659|자리지기
92660|할레아칼라산
92661|면안
92662|새비다
92663|요요하다
92664|팔목걸이
92665|요물요물
92666|탈러
92667|밥장사하다
92668|니테로이
92669|창광
92670|하측
92671|뜨미
92672|화압
92673|벼씨
92674|딩거
92675|추바
92676|곱실하다
92677|히거다
92678|중립화하다
92679|거돈사지
92680|거충다짐
92681|쾨
92682|흐느적흐느적하다
92683|계랑
92684|귀살스럽다
92685|짠지
92686|누우
92687|장새
92688|오삭오삭
92689|신량
92690|뒹글다
92691|백어
92692|맞두다
92693|염강수
92694|브로메이트
92695|대규환지옥
92696|노질하다
92697|훈탄
92698|통용어
92699|통어하다
92700|응지
92701|판방
92702|열매하다
92703|삐악대다
92704|씨잘데기없이
92705|불충실하다
92706|된마
92707|갈력하다
92708|로주
92709|물감자
92710|의붓아비
92711|요들
92712|아스마라
92713|인라인스케이터
92714|피라칸타
92715|양을산
92716|쪼깜
92717|정비장
92718|하강되다
92719|양두하다
92720|대성산성
92721|소만하다
92722|신기스럽다
92723|사근
92724|빙부
92725|내두
92726|잔그림
92727|듣보다
92728|이콘
92729|차산
92730|뜻반대말
92731|순적하다
92732|암끗
92733|보빈
92734|인충
92735|홍정
92736|말메종
92737|정절하다
92738|준한
92739|바뜨리
92740|줄달다
92741|세밀화되다
92742|명사절
92743|풍접초
92744|마른손
92745|고시파
92746|끄르
92747|주살되다
92748|모트다
92749|무세
92750|망각증
92751|엔엔
92752|권병덕
92753|냉각기간
92754|이에스티
92755|참증
92756|첫봄
92757|옴츠러들다
92758|점형
92759|샤약
92760|생민
92761|가종
92762|내창
92763|탁라
92764|칼쿠리
92765|청벌레
92766|지인
92767|뗑그렁
92768|관고
92769|벽주
92770|숭이
92771|골안
92772|미채
92773|함께살이
92774|지브이
92775|점멸되다
92776|외타
92777|마려하다
92778|역격
92779|해차
92780|나들표
92781|호문
92782|잠열
92783|특근하다
92784|측랑
92785|잉게보르크
92786|제욱시스
92787|해군배
92788|사돈하다
92789|더블스
92790|취음
92791|미친개이
92792|짓몰다
92793|망캐다
92794|고난스럽다
92795|고전학파
92796|베수비어스산
92797|명부하다
92798|햇불
92799|글리시리진
92800|굽힘
92801|오만불손
92802|꽃바다
92803|유생하다
92804|등천
92805|둥글모자
92806|우스꽝스레
92807|앞톱니근
92808|내리쓸다
92809|데비하다
92810|헉헉하다
92811|알판
92812|은아
92813|찰가당
92814|능역
92815|잡제
92816|유겐트슈틸
92817|마울
92818|세절
92819|버뜩
92820|공가다
92821|테레프탈산
92822|레즈비어니즘
92823|버팀줄
92824|타키야
92825|펄럭하다
92826|차명하다
92827|응이
92828|항의서
92829|꾸리미
92830|감기하다
92831|십인십색
92832|백살구
92833|켄트주
92834|아래윗간
92835|고란
92836|얼붙다
92837|걸개바지
92838|파드부레
92839|안각
92840|한심스레
92841|며치
92842|선취매하다
92843|모래이
92844|상외
92845|따따무리하다
92846|조응되다
92847|용룡
92848|손기
92849|육십진법
92850|난데사람
92851|출부
92852|허참하다
92853|창호지
92854|은여결
92855|채시
92856|폰티액
92857|살살대다
92858|멘헤
92859|무늬발게
92860|기찰하다
92861|아이허
92862|무럭이
92863|전호식
92864|뭄
92865|타국살이
92866|완영하다
92867|오무라들다
92868|까옥까옥
92869|행걸하다
92870|각내
92871|잇단음표
92872|치재하다
92873|령리하다
92874|충순하다
92875|납자
92876|추잡이
92877|알에프
92878|희희덕대다
92879|초법
92880|플램스티드
92881|농발거미
92882|여기되다
92883|극성하다
92884|온부
92885|윤명
92886|펜네임
92887|개합
92888|공짜배기
92889|솨르르
92890|허희
92891|객객
92892|보트리티스
92893|찌그리
92894|녹병
92895|영거하다
92896|점부
92897|련주
92898|또그르르
92899|항례
92900|모음줄이기
92901|띠리다
92902|망실하다
92903|비장되다
92904|복발하다
92905|도선하다
92906|또렷또렷
92907|자판하다
92908|법모
92909|별산제
92910|흐륵
92911|윤목
92912|덧버선
92913|어슥하다
92914|골부림하다
92915|흙알갱이
92916|단반
92917|까올리다
92918|허덕허덕하다
92919|강보리밥
92920|장개가다
92921|새라새것
92922|검파
92923|홀리이
92924|폐색되다
92925|음풍농월하다
92926|비비에스
92927|할끔거리다
92928|꼬돌꼬돌
92929|착종
92930|먹자판
92931|여축하다
92932|안분
92933|모안
92934|핀플루언서
92935|윗바람
92936|분합
92937|나노다
92938|오공
92939|사자
92940|저등하다
92941|전창하다
92942|윤여
92943|찌부러트리다
92944|농색
92945|디오스민
92946|꽁찌
92947|만지하다
92948|메키다
92949|기황
92950|음훈
92951|심규
92952|모지락스럽다
92953|석회화하다
92954|무룩하다
92955|따묵다
92956|흠하다
92957|가동보
92958|엉걸
92959|요항
92960|흰강낭콩
92961|쨍그랑쨍그랑하다
92962|솔방
92963|까세다
92964|프레드니손
92965|당코
92966|물림
92967|동탄면
92968|브뤼기에르
92969|엉성드뭇하다
92970|투지력
92971|캠퍼닐리
92972|종이뜨기
92973|가랑거리다
92974|헛묘
92975|용궁부연록
92976|홍인
92977|버썩
92978|엠병
92979|흑정
92980|시우리
92981|은혜로이
92982|재책질
92983|엄고
92984|넌출
92985|수원수구
92986|눈가물
92987|신응
92988|기레
92989|어레미
92990|심내다
92991|순레
92992|쌩쌩거리다
92993|갱목
92994|태이나다
92995|사쿠라지마섬
92996|벗어붙이다
92997|승덕
92998|육진
92999|어미나무숲
93000|당창
93001|와그작대다
93002|준용되다
93003|통계하다
93004|걸매
93005|권양
93006|접송
93007|죄금
93008|질펀히
93009|금성산성
93010|뚜룩
93011|아새
93012|어마지두
93013|당언
93014|이란하다
93015|달랑말랑
93016|야시껍다
93017|채심하다
93018|소다물
93019|법원주림
93020|증하다
93021|알칼리화하다
93022|아투르
93023|저유
93024|스르다
93025|집정하다
93026|홈뱅킹
93027|전추
93028|변영
93029|관크
93030|사이토크롬
93031|데이르에조르
93032|힙라인
93033|개임
93034|척령
93035|갈래짓다
93036|류도
93037|불가해
93038|쩍지다
93039|마나스
93040|탈고되다
93041|수소하다
93042|얼링
93043|송소
93044|중드
93045|휘테
93046|약음
93047|채변
93048|짤랑짤랑하다
93049|기울어뜨리다
93050|그레고리안
93051|벌떡하다
93052|쌀말
93053|각골명심하다
93054|급진론자
93055|연뒤
93056|힘바리
93057|두남두다
93058|무릎싸움
93059|단프라
93060|승수
93061|멍치다
93062|황호동
93063|니치렌
93064|무늿결
93065|투덕투덕하다
93066|최귀하다
93067|무소하다
93068|타임업
93069|징이
93070|고망
93071|기탄하다
93072|문친
93073|삽탄
93074|루루이
93075|혼연히
93076|키론
93077|줅
93078|팔면
93079|유창히
93080|왕저
93081|음충
93082|서처
93083|탐기
93084|발고
93085|염지
93086|메다카
93087|솜먼지
93088|분수시설
93089|목로
93090|선듯하다
93091|고단히
93092|단직하다
93093|붓들다
93094|잘락
93095|가로다
93096|엽채
93097|격진
93098|여현
93099|반금
93100|유차하다
93101|겉말
93102|련일련야
93103|걸과
93104|치클라요
93105|몽케다
93106|야학하다
93107|와석
93108|손돌바람
93109|떠벌거리다
93110|밀파하다
93111|쥐여살다
93112|채단
93113|엔포
93114|방식상학
93115|치기하다
93116|단한
93117|경소
93118|뚜깔
93119|고르주
93120|하타모토
93121|열석하다
93122|어석어석하다
93123|밀과
93124|봉쇠
93125|샤롱
93126|유리걸식하다
93127|교겐
93128|뜬말
93129|절발
93130|글루코코르티코이드
93131|리돌피
93132|본유
93133|방티
93134|벅적대다
93135|고시랑거리다
93136|감광판
93137|온장
93138|황률
93139|료해하다
93140|헤밍
93141|고추좀잠자리
93142|스로인
93143|짓까불다
93144|입숙하다
93145|이래하다
93146|이건하다
93147|체휼
93148|물밑굴
93149|깜쪽같다
93150|입막
93151|재간꾼
93152|깜작하다
93153|데켄
93154|달랑구
93155|가회
93156|죄구
93157|경려
93158|탈피되다
93159|스카라무슈
93160|아여
93161|부토니에르
93162|포어그라운드
93163|에스파한
93164|바라지하다
93165|칩플레이션
93166|덧내다
93167|여보소
93168|이효봉
93169|읻다
93170|비바치시모
93171|부닥뜨리다
93172|닫힌회로
93173|툽툽하다
93174|클로르족사존
93175|개산
93176|스트로가노프가
93177|초임하다
93178|야쿠트
93179|생채기
93180|심궁
93181|우견
93182|산품
93183|살깃
93184|살우다
93185|반수리
93186|킨타나로오
93187|코르베
93188|갈루스
93189|마묵
93190|장식등
93191|취어
93192|슬로트
93193|공타
93194|산대월리
93195|증년
93196|섞에다
93197|중성자성
93198|콜레시스토키닌
93199|항가
93200|벌겨지다
93201|자반뒤집기
93202|크실렌
93203|규범화
93204|경뢰
93205|나도제비난
93206|내리퍼붓다
93207|의행
93208|부인복
93209|잔풍
93210|연천하다
93211|급작
93212|매어
93213|꼬돌꼬돌하다
93214|호미곶면
93215|까자
93216|국수영
93217|나하추
93218|고권
93219|유아리
93220|수공하다
93221|위행
93222|달소
93223|바로네
93224|조녕
93225|자삭
93226|반잇소리
93227|유넵
93228|비깜
93229|물큰하다
93230|고암
93231|뚝바우
93232|둥그스럼하다
93233|중사하다
93234|감감소식
93235|석곶
93236|드러눕히다
93237|열음
93238|행고
93239|궁대
93240|파각
93241|아레스틴
93242|백만분율
93243|먹구름장
93244|건네
93245|걸림쇠
93246|고음기호
93247|딜이다
93248|우멍눈
93249|속엣것
93250|운판
93251|휴면하다
93252|톱노트
93253|솔레르
93254|소문만복래
93255|조섭
93256|메사이
93257|반네미
93258|측경
93259|문질
93260|옴싹
93261|입싸움
93262|기차푯값
93263|이강하다
93264|종격동염
93265|기역자집
93266|굉침
93267|도황
93268|불막이
93269|걸머잡다
93270|페세타
93271|후릉
93272|시실시실
93273|소성되다
93274|뭉케다
93275|색까리
93276|심허하다
93277|개다니
93278|맹비
93279|열핵
93280|스카이라이트
93281|묵기도하다
93282|세계하다
93283|개화기
93284|거머들이다
93285|아버스
93286|와수수
93287|거세미
93288|총양
93289|제과업
93290|추축하다
93291|에스키셰히르
93292|쉬용
93293|휑휑하다
93294|어검
93295|폴리아세틸렌
93296|포닥하다
93297|서거차도
93298|비행구름
93299|앵이꼽다
93300|담레이
93301|원풀이하다
93302|준하하다
93303|데번주
93304|어사리
93305|변행하다
93306|사과단졸임
93307|요선
93308|리배
93309|꼬꼬댁대다
93310|감상되다
93311|못지아니하다
93312|위하
93313|내추
93314|연창하다
93315|혈판
93316|말명
93317|육용
93318|뺏들리다
93319|내휘두르다
93320|평번하다
93321|항안
93322|주줍다
93323|고지키
93324|도리짓고땡
93325|듣잡다
93326|황금광
93327|취직난
93328|밥맛없이
93329|그담
93330|노둣돌
93331|벤통
93332|자칫대다
93333|륭륭하다
93334|시토신
93335|에르고미터
93336|쌜쭉하다
93337|몰로카이섬
93338|봄동김치
93339|금란초
93340|사륙
93341|림시
93342|깨목
93343|소람
93344|집꾸
93345|잼뱅이
93346|유쓰
93347|네트워크화하다
93348|뽕구
93349|제채
93350|번갈
93351|번사
93352|체끼
93353|환편기
93354|교조주의
93355|불고하다
93356|국영화되다
93357|사정되다
93358|바다물벼룩
93359|비등방성
93360|곡부
93361|재발행되다
93362|산타카타리나주
93363|파전하다
93364|정일형
93365|천지진동하다
93366|귀복
93367|암수딴그루
93368|강공하다
93369|덕걸이
93370|홍조되다
93371|꽈당꽈당
93372|영깽이
93373|와락와락
93374|덮석
93375|올출
93376|금혼식
93377|임도하다
93378|등대불
93379|모닥
93380|싸개동당
93381|해필
93382|씨불씨불
93383|전민
93384|쉬영
93385|쿠라레
93386|방거두매
93387|베타인
93388|내수하다
93389|포즈난
93390|타교
93391|대량화되다
93392|백래시
93393|교토하다
93394|집요히
93395|갈람하다
93396|바다깎기
93397|시피티
93398|꿈쩍없다
93399|통음
93400|캔드
93401|약낭
93402|태관
93403|꼬부랑하다
93404|계미
93405|교심
93406|도부타민
93407|은토
93408|던하다
93409|매착
93410|반쪽발이
93411|영장하다
93412|졸생
93413|민들조개
93414|격살
93415|어쩜
93416|와이맥스
93417|소스랑
93418|즉음
93419|간편음식
93420|참방참방하다
93421|금삼
93422|노래동산
93423|뼛다구
93424|후루룩후루룩하다
93425|옹하다
93426|긴밀화
93427|딱샛과
93428|인의예지신
93429|법음
93430|케셀
93431|채부
93432|부회
93433|폐허화되다
93434|집탄
93435|호십다
93436|근개
93437|부석거리다
93438|기성회비
93439|팔거천
93440|액난
93441|흰민들레
93442|갑작부자
93443|말린케족
93444|외물
93445|새병
93446|우릉
93447|내솟다
93448|쿵닥거리다
93449|도새
93450|당백
93451|바이오리액터
93452|그렝이
93453|큰아주버니
93454|교용
93455|몰지각
93456|트레이터
93457|큰만두
93458|치맛말기
93459|오이다
93460|덕고산
93461|치발
93462|고송
93463|도스르다
93464|기베르티
93465|과거하다
93466|각위
93467|뒤돌리다
93468|오타하다
93469|대통합되다
93470|후둘기다
93471|변법
93472|가뜬하다
93473|뺀
93474|긴밀성
93475|모람하다
93476|그칠
93477|조절지
93478|메가스테네스
93479|으게
93480|융성기
93481|난간하다
93482|등심붓꽃
93483|뒷갈망하다
93484|강청하다
93485|탈리다
93486|소스치다
93487|분고
93488|제까닥
93489|넉장
93490|마몬트
93491|통술집
93492|자술
93493|페이비언주의
93494|냉랭히
93495|타실
93496|송취
93497|행행하다
93498|공차기
93499|교열하다
93500|류형
93501|바르브
93502|순정하다
93503|암성
93504|에두름법
93505|공립화하다
93506|수선대다
93507|덩거리
93508|감벽
93509|치앙마이대
93510|종토
93511|두둘두둘
93512|낙담스럽다
93513|보차다
93514|오지리
93515|프리미티브
93516|유비되다
93517|꼬갱이
93518|바동대다
93519|기금화하다
93520|호졸근하다
93521|확심
93522|막노동자
93523|자흘레
93524|서트르다
93525|방산하다
93526|분축
93527|도록하다
93528|지평하다
93529|짠득거리다
93530|차브
93531|장그레
93532|인제하다
93533|비둥비둥하다
93534|묘우
93535|검측하다
93536|지게
93537|감작
93538|몰인정
93539|풀미
93540|가희
93541|당린
93542|티에라델푸에고
93543|찣다
93544|용혈
93545|식수절
93546|횡파
93547|하룻낮
93548|칸나비스
93549|승경
93550|무람하다
93551|불트만
93552|찰까닥
93553|죽선
93554|휘가
93555|나라지다
93556|쿨리아칸
93557|점고하다
93558|약배
93559|토께띠
93560|견갑하근
93561|심금
93562|고마이
93563|야청
93564|캡티브
93565|오리사주
93566|상안
93567|뜰박
93568|착함하다
93569|스나가와
93570|교직하다
93571|붕긋붕긋
93572|뜀뛰다
93573|토백
93574|쫀쫀히
93575|르노도상
93576|고소자
93577|권청
93578|애목숲
93579|피토스테롤
93580|생인
93581|게란
93582|움칫움칫
93583|내리쏟아지다
93584|저달
93585|되렌님
93586|골암
93587|가이나
93588|부벽
93589|인교
93590|허스크
93591|기적하다
93592|검사등
93593|보틀넥
93594|크로마토그램
93595|전다하다
93596|겅중대다
93597|로수
93598|쌍개
93599|가락엿
93600|들척거리다
93601|검중
93602|메끼
93603|스탠드스틸
93604|가쎄
93605|숙씨
93606|거침
93607|비중하다
93608|시큰둥이
93609|앙양
93610|맹충이
93611|분석학자
93612|계구
93613|대화시
93614|양삼
93615|맞붙잡다
93616|층격
93617|마샹이
93618|거림
93619|빚잔치하다
93620|블레넘궁
93621|목릉
93622|띰
93623|세론
93624|어영비영
93625|고개짓
93626|정패
93627|체료
93628|레이우엔훅
93629|껌둥이
93630|당한
93631|월건
93632|견인기
93633|리프레임
93634|써먹히다
93635|라이머콩
93636|달싹대다
93637|출선하다
93638|양악하다
93639|신홍
93640|닥살
93641|넘나다
93642|헤싸지다
93643|단중
93644|음관
93645|어우아
93646|근창
93647|천정하다
93648|둔지
93649|난리하다
93650|조복하다
93651|달기다
93652|철병하다
93653|실권하다
93654|가과
93655|통가타푸섬
93656|내반
93657|옥류금
93658|제구리
93659|쿼텟
93660|터짐
93661|깐딱
93662|타개다
93663|청상하다
93664|정질
93665|세다가
93666|암흑하다
93667|저너
93668|실흐다
93669|어거지농사
93670|산합
93671|판조립
93672|고혼
93673|콩키스타도르
93674|발미
93675|세오
93676|넌석
93677|휭하다
93678|사르륵사르륵
93679|금종하다
93680|통부
93681|딸가닥거리다
93682|남요
93683|도북
93684|듕국
93685|생과부
93686|짱짱짱짱
93687|비보장형
93688|질컥질컥
93689|해답하다
93690|진술성
93691|걸조
93692|육견
93693|퐅
93694|직답
93695|세도하다
93696|큰누
93697|에어데일테리어
93698|세우라
93699|삭모
93700|조섭하다
93701|루아르강
93702|예차
93703|고달픔
93704|공업계
93705|개밋둑
93706|짜개다
93707|소망스럽다
93708|방경
93709|희번득하다
93710|흉포화되다
93711|알펜
93712|헹주
93713|종감
93714|왜각대각
93715|흥녀
93716|영오
93717|랴오양
93718|항온
93719|압연하다
93720|짐채
93721|전선주
93722|몬제
93723|인본
93724|재결합되다
93725|화물수송
93726|월항
93727|쥐디
93728|영산회상도
93729|피피오
93730|당향
93731|보랏다
93732|화받이
93733|금낭
93734|대갱이
93735|가당
93736|호호탕탕하다
93737|유귀
93738|머릿짓
93739|임감
93740|현질러
93741|줄렁줄렁
93742|통법
93743|쿨렁하다
93744|노르트라인베스트팔렌주
93745|새내기
93746|가르실라소
93747|긴피
93748|종질
93749|지편
93750|엔나
93751|민월
93752|옴팡하다
93753|오시아르
93754|왕흥사
93755|레치타티보
93756|아트테이너
93757|합군
93758|용심나다
93759|회소
93760|말약
93761|반힘줄근
93762|호카곶
93763|별선
93764|직장장
93765|직필하다
93766|때리치다
93767|글리코피롤레이트
93768|병열
93769|점표
93770|광달거리
93771|가리사니
93772|뽀수다
93773|아이스바일
93774|신화하다
93775|인텔샛
93776|훌떡훌떡
93777|비등기
93778|송사릿과
93779|글램하다
93780|비론
93781|엎이다
93782|꿰여지다
93783|인기하다
93784|간새
93785|케이비엘
93786|쩔꺼덕거리다
93787|멋따기
93788|중처
93789|익각
93790|탐장
93791|소황
93792|풀망둑
93793|마감역
93794|도차
93795|달걀굴리기
93796|절향
93797|포양
93798|동몽
93799|눈먼총알
93800|신재림
93801|결결히
93802|메기도
93803|절권
93804|세시하다
93805|갬지
93806|제이에프케이
93807|너새
93808|가는동자꽃
93809|작력
93810|청위
93811|내금
93812|봉분하다
93813|친람하다
93814|분조하다
93815|엘엠
93816|칵칵거리다
93817|로구
93818|티아르
93819|능청꾸러기
93820|쌍선
93821|위집
93822|브라이디
93823|알바롱가
93824|로와
93825|노스탈쟈
93826|곱실
93827|드윽
93828|꿀뜨기
93829|미나베
93830|밝은모음
93831|미련스레
93832|육입
93833|스테일메이트
93834|우김질
93835|사닉
93836|득살
93837|얼토당토아니하다
93838|재장착하다
93839|써빙
93840|상수하다
93841|스페큘럼
93842|마이트너
93843|득의하다
93844|귀츨라프
93845|절대주의자
93846|성문화되다
93847|좌각
93848|숙소하다
93849|뽀깨
93850|미니리
93851|쿨룩쿨룩
93852|더그레
93853|카토비체
93854|보리머리
93855|개획
93856|말곡
93857|카리아티드
93858|겡상도
93859|내로하다
93860|복삭거리다
93861|고도이
93862|마감해
93863|중매비
93864|짤그랑하다
93865|카생
93866|과물
93867|추증
93868|갑진
93869|대교약졸
93870|포고되다
93871|이종휘
93872|와이포
93873|둘러메치다
93874|박제화되다
93875|우핑
93876|연자방앗간
93877|야릿하다
93878|함법
93879|남병길
93880|체약
93881|서운관지
93882|조숙
93883|납약
93884|감회하다
93885|씰그러뜨리다
93886|허심
93887|뭉툭
93888|찰팍
93889|애스퀴스
93890|중간보고하다
93891|반창
93892|홍알홍알
93893|실이다
93894|신세대적
93895|감광되다
93896|다르한
93897|바래
93898|지기쇠왕설
93899|부당히
93900|향채
93901|행투
93902|기준화하다
93903|지르매
93904|산치
93905|보동보동
93906|양영초
93907|브로멜라인
93908|진백
93909|빙소
93910|투탁하다
93911|해길
93912|임억령
93913|정미하다
93914|린츠
93915|리레
93916|득죄
93917|유케이
93918|애육원
93919|재작성하다
93920|당추
93921|형이상학자
93922|성거
93923|묵보
93924|뒤밀다
93925|받들리다
93926|물고기떡
93927|본주
93928|우섭다
93929|튀긴고기떡
93930|해설피
93931|둥팅호
93932|사시코
93933|연료화하다
93934|반룡
93935|간재
93936|필석
93937|흑각
93938|국자감시
93939|벤달
93940|신례
93941|향랑각시
93942|파노플리
93943|양핑이
93944|몽주
93945|합착하다
93946|지벨
93947|참발
93948|중독하다
93949|생격
93950|헤모시데린
93951|파옥하다
93952|쟁어
93953|덮치
93954|식불언
93955|무설
93956|메틀
93957|꾸부슴하다
93958|누꾸
93959|고른음
93960|산타아나
93961|어석어석
93962|그럴사하다
93963|뜨근뜨근하다
93964|너루
93965|방앗고
93966|속간되다
93967|대급
93968|부좃돈
93969|발라라이카
93970|호모토피
93971|권원
93972|간점
93973|고윤
93974|질림
93975|게을
93976|감령
93977|험하디험하다
93978|끔벅끔벅하다
93979|각훈
93980|매정스레
93981|표견
93982|타피스리
93983|양생하다
93984|덧잡다
93985|와비
93986|일곽
93987|플랑테
93988|멸제
93989|강팔지다
93990|전물
93991|랑화
93992|불씩
93993|형이하
93994|날궂이
93995|접이
93996|도말
93997|배가사리
93998|헤르니아
93999|불명확
94000|하꾸
94001|오야지
94002|소핫
94003|아시스
94004|드스다
94005|기결되다
94006|연쇄되다
94007|기안하다
94008|천렵하다
94009|이음쇠
94010|원격하다
94011|폴씨
94012|천문력
94013|친기
94014|재작
94015|아지랭이
94016|딸국
94017|슴샛과
94018|재공개되다
94019|요왕
94020|빌렛
94021|톡톡대다
94022|삼벽
94023|보골보골
94024|살풀이하다
94025|마타리물
94026|긴날개여치
94027|스쿨드
94028|첨단화하다
94029|음우
94030|도톨도톨하다
94031|내녀
94032|승품되다
94033|벨리사리우스
94034|구간하다
94035|새치름히
94036|엄연
94037|됫바가지
94038|재순환되다
94039|에돌아가다
94040|주저우
94041|중도하다
94042|전궁
94043|그악
94044|서기
94045|단연히
94046|뼈깡다리
94047|여묵
94048|증경
94049|편사
94050|수숙
94051|데릴사윗감
94052|터진주
94053|외강
94054|궁보
94055|주부애
94056|무심중
94057|루키스
94058|효렴
94059|뒤떨다
94060|솔하
94061|계리
94062|희뜩거리다
94063|성작
94064|초문
94065|능달
94066|일희
94067|상허다
94068|민완하다
94069|어청어청
94070|콤플레인
94071|달싹달싹
94072|쇄국하다
94073|퇴천리
94074|입세
94075|차가타이
94076|능강리
94077|허궁치기
94078|정변하다
94079|암보
94080|책궤
94081|삭스핀
94082|가려듣다
94083|하늘밥도둑
94084|나물국
94085|답승
94086|괴히
94087|에이디
94088|스카시
94089|이달하다
94090|가무다
94091|협량하다
94092|사르락
94093|더운우물
94094|해동고승전
94095|귀청하다
94096|알량꼴량하다
94097|효무
94098|심교
94099|배슬배슬
94100|전민변정도감
94101|블루리지산맥
94102|히끗히끗
94103|내부식성
94104|마스터링되다
94105|딩굴딩굴
94106|매귀
94107|저리저리
94108|대료
94109|역극
94110|애크럴리틱
94111|덮지
94112|갯잔디
94113|브렌타노
94114|계본
94115|께림칙하다
94116|변하하다
94117|우지직우지직
94118|구메구메
94119|깨끔허다
94120|에우테르페
94121|대지도론
94122|살랑이다
94123|달강달강
94124|파뇰
94125|째리보다
94126|변형식
94127|졸저
94128|체현
94129|열학
94130|이초하다
94131|강술
94132|분광하다
94133|법부
94134|용월
94135|오고타이
94136|역부족하다
94137|일반
94138|웅둥
94139|프리뮬러
94140|침칠하다
94141|역역하다
94142|스물두째
94143|리운
94144|빈대코
94145|하를럼
94146|승장
94147|만행하다
94148|개체하다
94149|단풍놀이하다
94150|복랑
94151|때리기
94152|낙우송
94153|능상
94154|내막다
94155|딜러십
94156|가온하다
94157|신호기
94158|쉬쉬대다
94159|용비
94160|근장상장군
94161|짓고땡
94162|망동하다
94163|외족
94164|염선
94165|재교육되다
94166|어깨수
94167|어스래기
94168|아힘사
94169|리방
94170|껌뻑대다
94171|접족하다
94172|흔연하다
94173|피소하다
94174|포유하다
94175|적해
94176|비르타넨
94177|딸그랑딸그랑
94178|연오랑세오녀
94179|품고
94180|좌부승지
94181|술이부작
94182|내도록
94183|선투
94184|콜레기아
94185|분종
94186|상들리에
94187|근관
94188|자활하다
94189|벳다
94190|댐피어
94191|오광대놀음
94192|군리
94193|알망드
94194|난면
94195|포토다이오드
94196|고뿌리
94197|가문비
94198|금반
94199|청미하다
94200|술서
94201|검둥오리
94202|규풍
94203|진다하다
94204|무상감
94205|유리딱새
94206|불체
94207|몽테를랑
94208|간편화하다
94209|스레기
94210|상황어
94211|법종
94212|이지이
94213|예악하다
94214|박세당
94215|망처
94216|갈러다
94217|지지률
94218|실문
94219|겡찰
94220|단려하다
94221|재실시하다
94222|건너보내다
94223|내양
94224|모크다
94225|안검하다
94226|작센안할트
94227|곤혹스레
94228|대발
94229|손매듭
94230|지방화되다
94231|포한
94232|동글리다
94233|로테크
94234|둔군
94235|기이히
94236|진성하다
94237|깡충하다
94238|오이스트라흐
94239|임우
94240|후리후리
94241|틱틱하다
94242|삐쭉대다
94243|저짜
94244|과급
94245|전침
94246|칼렉시트
94247|호사유피
94248|쭉쭉거리다
94249|실명화하다
94250|걸음어김
94251|정가하다
94252|십만양병설
94253|죽헌동
94254|개글개글
94255|동숙하다
94256|예술학부
94257|랜드샛
94258|테두리선
94259|웻수트
94260|아수다
94261|쿠쿠르비타신
94262|족제
94263|생육되다
94264|흑광
94265|뉴라미니다제
94266|인자사
94267|든든수
94268|개흙밭
94269|다이아몬드혼식
94270|온당히
94271|오르코메노스
94272|멀끄러미
94273|무럽
94274|양수하다
94275|잡거
94276|언청
94277|메논
94278|가짓빛
94279|종과득과
94280|권병훈
94281|절곡
94282|크리핑
94283|필촉
94284|태좌
94285|두름길
94286|이소프렌
94287|장어하다
94288|치잡다
94289|소언
94290|상무룡리
94291|톡탁
94292|나리우다
94293|창조리
94294|현초
94295|쩡쩡하다
94296|외호하다
94297|크랭킹
94298|마피다
94299|악매
94300|계합
94301|잠정하다
94302|머리앓이
94303|명토
94304|초대졸
94305|차진
94306|찌직거리다
94307|야주르베다
94308|태앉다
94309|군수장
94310|음막
94311|까물거리다
94312|메틸렌
94313|통괄
94314|차곡하다
94315|청방
94316|위아
94317|사시화
94318|적어도
94319|해엄하다
94320|갓상블
94321|컬럭
94322|맥관
94323|갑남을녀
94324|댕갈댕갈
94325|우간
94326|고색
94327|예기되다
94328|친피
94329|고로다
94330|율시
94331|장현
94332|미상불
94333|빙주
94334|역영하다
94335|행선하다
94336|지질다
94337|구멍벌과
94338|미론
94339|돌칸흙무덤
94340|입비
94341|군고
94342|숙고
94343|조혼인율
94344|모자래다
94345|생동생동하다
94346|궐어
94347|벌도망
94348|북발
94349|로젤
94350|급작하다
94351|심형기
94352|여불없다
94353|증보
94354|들엎드리다
94355|휘딱
94356|데룹다
94357|궁굴채
94358|양해되다
94359|구피다
94360|가스스
94361|샹즈망
94362|친근이
94363|어압
94364|뽀도시
94365|문경지우
94366|자추
94367|욱죄다
94368|도돌도돌하다
94369|급진전하다
94370|먀알먀알하다
94371|농간하다
94372|거스다
94373|중투
94374|향현
94375|익후다
94376|호이스
94377|정내
94378|퀸토
94379|야국
94380|사염
94381|지엠
94382|스퍼터링
94383|론지
94384|감고하다
94385|욕지
94386|맹성
94387|열성자
94388|강좌장
94389|청황
94390|끄물끄물하다
94391|시나드
94392|세스페데스
94393|밀매되다
94394|윗턱
94395|워눙
94396|육담
94397|에브로강
94398|닷샛날
94399|불여튼튼
94400|흉물스레
94401|짜랑하다
94402|얼마르다
94403|완재
94404|이독제독
94405|아락바락
94406|출입금
94407|찔꺽
94408|디드다
94409|헥사클로로에탄
94410|마어
94411|외구
94412|편편히
94413|면대
94414|제이다이트
94415|설광
94416|지리부도
94417|기언시
94418|마운트배튼
94419|사환하다
94420|버부리
94421|멎은화산
94422|디에틸스틸베스트롤
94423|국제호텔
94424|헛맞다
94425|랭거
94426|상원
94427|보로미니
94428|단촌면
94429|코타바루
94430|골라듣다
94431|이설하다
94432|갯제
94433|대걸레질하다
94434|조몰락대다
94435|티업하다
94436|에스칼로프
94437|율장
94438|재야하다
94439|옹시래미
94440|삼천지교
94441|염전하다
94442|멈퍼드
94443|삼귀다
94444|여트다
94445|간닥
94446|영성하다
94447|후발하다
94448|붕긋
94449|합성가죽
94450|콩콩대다
94451|삼려대부
94452|납관
94453|가책되다
94454|오배수관
94455|유본
94456|넑다
94457|별박이세줄나비
94458|농신
94459|아이훈
94460|포남
94461|쟁쟁히
94462|폐휴지
94463|초강추하다
94464|견원
94465|무찌
94466|수정알
94467|녹주
94468|비티다
94469|토문
94470|시티콜린
94471|비념
94472|환몽
94473|인민대학습당
94474|미클다
94475|판축
94476|떼께
94477|취존
94478|플럼코트
94479|나무곽무덤
94480|교교히
94481|시부트라민
94482|유즈노사할린스크
94483|힐끔하다
94484|금속광
94485|기나다
94486|봄살
94487|고부지메
94488|황공무지하다
94489|삼판양승
94490|신장수
94491|거슬르다
94492|주워내다
94493|생레옹
94494|칭념
94495|생디카
94496|이모
94497|왕땅
94498|똥굴
94499|뮤지컬화하다
94500|귀적
94501|고루다
94502|보풀리다
94503|포회
94504|토빈
94505|뿌글뿌글
94506|색신
94507|가공적
94508|환권
94509|클링커
94510|굽돌다
94511|분음
94512|잘깃잘깃하다
94513|초충
94514|아울리다
94515|얿다
94516|창애
94517|신허
94518|미시거
94519|사라뜨리다
94520|민둥씨름
94521|모듈로
94522|청래
94523|흑적
94524|대티
94525|빵긋하다
94526|쟁탈전하다
94527|인노
94528|조랍다
94529|니러나다
94530|용귀
94531|지엘
94532|올되다
94533|와당탕탕
94534|왜학
94535|춘복
94536|조지
94537|앗아
94538|손가락총질
94539|달룽개
94540|직중
94541|일반회화
94542|야부
94543|으르릉하다
94544|붓빨이
94545|꾸시시하다
94546|세면
94547|핀센
94548|클로로페놀
94549|갓템
94550|포지트론
94551|생이지지
94552|짠득하다
94553|취양
94554|뜨겁디뜨겁다
94555|흔틀다
94556|뱀눈나비
94557|하이네
94558|박필호
94559|홀연
94560|무끼
94561|법설
94562|비호환성
94563|쨍쨍대다
94564|명품화하다
94565|삼악
94566|행의
94567|짤브다
94568|유연화되다
94569|만복사저포기
94570|경로사상
94571|행교
94572|뽀루
94573|김희제
94574|휘적시다
94575|뽕나무하늘소
94576|자음빠지기
94577|온콘
94578|산듯하다
94579|돼지공장
94580|누피
94581|쌈이
94582|폴리베르제르
94583|발쪽찜
94584|과학사전
94585|타박거리다
94586|갸륵히
94587|나무합판
94588|애민하다
94589|동렬
94590|거재
94591|깔딱거리다
94592|술바닥
94593|배태
94594|두알라
94595|시험표
94596|장진하다
94597|싸각싸각
94598|장망
94599|등패
94600|삭장
94601|시아누크빌항
94602|잠망
94603|박살하다
94604|애완하다
94605|망꼴
94606|탈토지세
94607|수컷화되다
94608|세답하다
94609|린샤
94610|푸르르하다
94611|가로흔들다
94612|피뷸라
94613|아랫분
94614|여애
94615|이브랜드
94616|속공하다
94617|뉴똥
94618|소량하다
94619|책벌
94620|남악
94621|사징하다
94622|계체하다
94623|치화
94624|쪽보
94625|스컬캡
94626|동문지보
94627|시죄법
94628|행결
94629|승깔
94630|물신화하다
94631|항태
94632|소사본동
94633|오딩어
94634|하곡조천기
94635|디보란
94636|현품
94637|꼬끼요
94638|치보다
94639|카우치서핑
94640|월마
94641|대심
94642|말진
94643|익스피디션
94644|가잔
94645|가마귀
94646|칼락거리다
94647|망가지르다
94648|질정하다
94649|니샤푸르
94650|질금거리다
94651|갑작시리
94652|너덜겅
94653|꽁지대가리
94654|큰납지리
94655|꾸루룩대다
94656|워터맨
94657|추치
94658|적공
94659|침발라
94660|알낳이
94661|다가닥다가닥
94662|우랄
94663|애스턴
94664|매콜
94665|하이퍼마켓
94666|풀솜대
94667|다목
94668|꿈쩍꿈쩍
94669|일숫돈
94670|괘릉
94671|소복소복하다
94672|오브레히트
94673|무서웁다
94674|행커칩
94675|개저
94676|융선
94677|고실고실
94678|송유
94679|헹편
94680|아래입술
94681|간곡
94682|구차히
94683|갯일
94684|껌데이
94685|자승자박하다
94686|악이용하다
94687|해제끼다
94688|링키지
94689|미식미식
94690|향원
94691|살기충천하다
94692|장학하다
94693|붙어들다
94694|릭스방크
94695|코나투스
94696|위박하다
94697|마자마자하다
94698|온사이드
94699|관세하다
94700|견강부회하다
94701|다전
94702|영식
94703|옥골
94704|사스락사스락
94705|더벅더벅
94706|크라마
94707|누예
94708|용승
94709|폭굉
94710|으례
94711|루딘
94712|뿌직거리다
94713|시칠리아노
94714|바작
94715|변별되다
94716|불고지죄
94717|채보다
94718|철떡철떡
94719|축합
94720|부좌
94721|목과
94722|작도하다
94723|님기다
94724|편당
94725|지나리
94726|고당
94727|충애
94728|후명
94729|빈다리
94730|편병
94731|밤내
94732|당홍
94733|쪼간
94734|고동이
94735|조위총
94736|청소리
94737|저경궁
94738|삭둑삭둑
94739|대피리
94740|엄징하다
94741|팽대
94742|뇌이다
94743|릉라
94744|숙숙
94745|나니가
94746|침사
94747|방곡
94748|원침
94749|농다
94750|타닥대다
94751|편화
94752|바르집다
94753|증포동
94754|여령
94755|쭈삣하다
94756|늘때
94757|심괄
94758|황휘
94759|야프다
94760|앙앙불락하다
94761|까마귓과
94762|공벽
94763|종이풀
94764|갱핏하다
94765|원급
94766|옹구
94767|습생
94768|뻘뻘거리다
94769|채지다
94770|인입되다
94771|나스타샤
94772|인금
94773|마라손경기
94774|양향
94775|지심귀명례
94776|혐생
94777|꼰들빼기
94778|상채
94779|희끔하다
94780|하룻날
94781|새꼬
94782|퇴점
94783|달곰하다
94784|강과하다
94785|영구화되다
94786|찬적
94787|블록화되다
94788|고뇌스럽다
94789|못이
94790|가락장갑
94791|오양하다
94792|라겔뢰프
94793|탈복
94794|쇳빛
94795|티에스피
94796|산뜻산뜻
94797|오앗
94798|모담
94799|양님
94800|라우에
94801|목두
94802|군웅할거하다
94803|종어
94804|아직기
94805|오피스템
94806|끄집어들이다
94807|간봉
94808|무정형하다
94809|수총
94810|칼구
94811|옥광
94812|낭하
94813|계소
94814|황점
94815|달르
94816|새박
94817|김언경
94818|고래말
94819|좌법
94820|고산군
94821|추래하다
94822|째금
94823|통장갑
94824|명예하다
94825|지수하다
94826|압점
94827|강세되다
94828|광선술
94829|네프티스
94830|기찻집
94831|백다다기오이
94832|늣
94833|걸근대다
94834|노누다
94835|큰고래
94836|카하마르카
94837|내분비물
94838|쇠퇴되다
94839|성선
94840|옹천
94841|테르메
94842|범지
94843|제표
94844|등편각선
94845|크로네커
94846|종저보
94847|반산
94848|하우사어
94849|관한
94850|경략
94851|유포니움
94852|생크추어리
94853|허벅허벅
94854|단연
94855|불푸다
94856|벤트리스
94857|포열
94858|육운
94859|히끗
94860|몽땅몽땅
94861|다주리
94862|세균투성이
94863|교주강릉도
94864|페롭다
94865|게론
94866|고로로
94867|면호
94868|꼬랑이
94869|머리비누
94870|페드라
94871|새포아풀
94872|변수투성이
94873|레오폴드빌
94874|지혜로이
94875|간풍
94876|실감기
94877|지순
94878|지독시리
94879|정보화하다
94880|팔메
94881|머에
94882|종립
94883|세여
94884|잔주르다
94885|철상하다
94886|또려지다
94887|막무가내하다
94888|네오파시스트
94889|폐망하다
94890|특세
94891|내영
94892|복극
94893|몬트필리어
94894|역두
94895|산뜻산뜻하다
94896|록비
94897|충자
94898|아룸답다
94899|쌍청
94900|께적지근하다
94901|저변화되다
94902|심왕
94903|편대
94904|애기궁전
94905|츰
94906|건건하다
94907|째각거리다
94908|탄체
94909|편인
94910|탄고
94911|을병연행록
94912|이즈마
94913|덤프리스
94914|압각
94915|콜로라투라
94916|유현하다
94917|레그혼
94918|협지
94919|자존하다
94920|댕그랑댕그랑
94921|모깃과
94922|무자각하다
94923|배끓기
94924|리성
94925|진독
94926|딸레다
94927|포만
94928|단독하다
94929|토장하다
94930|쉬려
94931|진작에
94932|쏙닥대다
94933|현북
94934|불규
94935|보훈하다
94936|쬐맨하다
94937|씨뿌리기
94938|이상백
94939|게정
94940|솔가하다
94941|지료
94942|짭짤히
94943|중직
94944|현격
94945|항습
94946|이열하다
94947|하잔하다
94948|토민
94949|머쓱히
94950|셴양
94951|벌레잡이제비꽃
94952|인우
94953|혼잣소리
94954|보라존
94955|진시하다
94956|애치
94957|정밀화하다
94958|모모스
94959|고두사죄하다
94960|웃돌
94961|송방
94962|군지렁거리다
94963|오답투성이
94964|브르노
94965|팩팩거리다
94966|파흥
94967|안드로스섬
94968|텔레그래핑
94969|농번
94970|자단
94971|회직
94972|약목
94973|필로타스
94974|정허
94975|석대
94976|드문하다
94977|밥상칼
94978|테트라민
94979|점진하다
94980|비둔하다
94981|뇌교
94982|몽두
94983|드난살이
94984|획정되다
94985|부니
94986|배종
94987|디키다
94988|무너미
94989|운량
94990|스투버
94991|아타우
94992|낮차다
94993|니예
94994|비앙키
94995|묵장
94996|떨떠름히
94997|판부
94998|욕자
94999|에스아
95000|펠롱
95001|친수성기
95002|마노스
95003|금꿩
95004|화석화하다
95005|범방
95006|봉상
95007|야릿야릿하다
95008|컨셉러
95009|황삼
95010|휘산
95011|베네토주
95012|어터케
95013|자카트
95014|휘가르다
95015|담안
95016|나가누마
95017|공기갈이
95018|죽리
95019|기암
95020|모나드
95021|푸르싱싱하다
95022|올레핀
95023|기즈
95024|거송
95025|더디어지다
95026|허리아픔
95027|스무더
95028|하날
95029|직삼각형
95030|이붓
95031|싱구
95032|도툼하다
95033|량중
95034|클린치하다
95035|생루이
95036|늘큰하다
95037|개갑다
95038|유곡
95039|도르다
95040|방고
95041|홰불
95042|극자
95043|이근
95044|데디다
95045|촌간
95046|결극
95047|태방
95048|내다뵈다
95049|가서
95050|떨쳐입다
95051|금기서화
95052|아구미
95053|오설리번
95054|빨간책
95055|새리새리하다
95056|연투
95057|비단벌렛과
95058|비린
95059|전치
95060|위아픔
95061|지오피
95062|도산십이곡
95063|자링강
95064|루바하
95065|련화
95066|구자균
95067|지냥
95068|동그랭이
95069|또가
95070|별존
95071|요긴히
95072|바구이
95073|익명화되다
95074|계설
95075|쉬지
95076|쾨니히
95077|상분
95078|갬
95079|응당
95080|아린
95081|퀴프
95082|토아마시나
95083|양륙하다
95084|현탈
95085|애살
95086|철천
95087|저벅저벅하다
95088|아욕
95089|갈월
95090|하우프
95091|뜯어맡다
95092|끄레다
95093|리히텐베르크
95094|혜제
95095|손가락말
95096|뿜칠
95097|쪽그림
95098|임의롭다
95099|지득하다
95100|곤드족
95101|아륜
95102|중니
95103|곤난
95104|걸직하다
95105|꼬르륵꼬르륵하다
95106|원강
95107|눌러보개
95108|나들나들하다
95109|폐립하다
95110|생분
95111|퉤퉤거리다
95112|말타아제
95113|칼론
95114|선재하다
95115|솜솜하다
95116|제질로
95117|층하하다
95118|빠치다
95119|갈근
95120|암행하다
95121|삐꺽
95122|반봉
95123|가웨
95124|빠직하다
95125|당돌
95126|후강
95127|애완동물학과
95128|가생
95129|코피스족
95130|당랑
95131|발치다
95132|애오
95133|사도삼촌
95134|카틴
95135|제용
95136|기엽
95137|마하치칼라
95138|포세
95139|세차
95140|몰레이
95141|산따다기
95142|차하르
95143|채보하다
95144|동목
95145|혼배
95146|궁남
95147|실질화되다
95148|죽정
95149|법철학자
95150|에상
95151|디브이
95152|도인하다
95153|장회
95154|플레어스
95155|못마땅히
95156|대롱대다
95157|성도덕
95158|융족
95159|곡장
95160|두뭇개
95161|발륵
95162|세무학과
95163|아슴아슴
95164|카리부
95165|평의하다
95166|극증
95167|기엉코
95168|대멸
95169|민교협
95170|경루
95171|주문모
95172|적확히
95173|능게
95174|히스티딘
95175|가늘가늘하다
95176|흰개밋과
95177|데룩데룩
95178|유피에스
95179|양화소록
95180|명풍
95181|찬지
95182|가루간장
95183|소참
95184|환가하다
95185|마가을
95186|묘오
95187|요처
95188|플레이토
95189|리바스티그민
95190|리오셀
95191|애묘
95192|집거하다
95193|맨숭맨숭하다
95194|요운
95195|체레
95196|스코티시테리어
95197|멍크다
95198|헛구역
95199|제그르다
95200|문면
95201|갸우뚱대다
95202|삭음
95203|고시리
95204|도세
95205|남로당파
95206|대화론자
95207|바얀
95208|배내다
95209|보룡
95210|손재
95211|멤
95212|손편
95213|격심히
95214|엉구다
95215|공정원
95216|퍼셉트론
95217|전의되다
95218|재조직
95219|해끗하다
95220|둘러씌우다
95221|지취
95222|경발위
95223|아랫잇몸
95224|열병하다
95225|신망하다
95226|마른고기
95227|규규
95228|부지갱이
95229|이갑
95230|바드드
95231|잠잠
95232|구팅이
95233|깨끔하다
95234|압하스
95235|아이리시커피
95236|전와
95237|트자구
95238|해까닥하다
95239|혁파되다
95240|머라하다
95241|빛갈
95242|줄느런히
95243|필하다
95244|수검
95245|뇌영원
95246|카르나이
95247|오벽
95248|빤짝이다
95249|엥가딘
95250|마룩
95251|미성전
95252|배같
95253|북가락
95254|앙양하다
95255|구시다
95256|다네
95257|혼치
95258|아케타톤
95259|언필칭
95260|사맹
95261|재우
95262|견귀
95263|채방
95264|순수입
95265|응광
95266|탈로
95267|곤보
95268|맥질하다
95269|급진하다
95270|타살하다
95271|포시스
95272|훵하다
95273|살장
95274|감송
95275|난봉나다
95276|워라
95277|비호같다
95278|사부작대다
95279|굴개
95280|치문
95281|내복사근
95282|라우렐
95283|가지하다
95284|꼬랭지
95285|거름아
95286|메토
95287|충열
95288|치은
95289|법물
95290|재상정되다
95291|잘룩하다
95292|내야
95293|가지뿔영양
95294|나홋카
95295|둥그리
95296|진병
95297|염열
95298|결전하다
95299|깨깨
95300|공합
95301|물기
95302|요엘서
95303|아스페르길루스증
95304|함여
95305|규탄되다
95306|박통사언해
95307|남고산성
95308|덜거덕대다
95309|루뻬
95310|애치슨
95311|상식화되다
95312|급변경되다
95313|오분작
95314|붙어묵다
95315|마스카니
95316|편상
95317|재출
95318|숨겹다
95319|추증되다
95320|근왕
95321|깍둑깍둑
95322|혼공
95323|만성하다
95324|과비
95325|셈프레
95326|통속하다
95327|즈꾸
95328|동항
95329|오릿과
95330|붉가시나무
95331|명실
95332|초련
95333|백마산성
95334|앙큼상큼
95335|약용하다
95336|때굽다
95337|역량껏
95338|고쟈
95339|겹겹이
95340|무대이
95341|진흙벽돌
95342|딸가닥
95343|갸다
95344|랴잔
95345|강탈되다
95346|냉점
95347|연달
95348|마세루
95349|빼뜰다
95350|법치하다
95351|루상
95352|협판
95353|장밋
95354|방한구
95355|타지
95356|거다르다
95357|싸레
95358|부암
95359|쭈절쭈절
95360|품절하다
95361|고목등걸
95362|그피
95363|스트렙토코쿠스
95364|론파
95365|케틀드럼
95366|지자하다
95367|광격
95368|농어산촌
95369|흠천감
95370|잘구
95371|쩔룩거리다
95372|받기다
95373|홍산
95374|핵상
95375|거의거의
95376|고전학자
95377|히드로퀴논
95378|종촌동
95379|사안하다
95380|장크트갈렌
95381|장비되다
95382|갈곶
95383|노랑딱새
95384|헬리오트롭
95385|허혼
95386|채정
95387|오무리다
95388|된겁
95389|연량
95390|면조
95391|뉘엿거리다
95392|가출옥하다
95393|팔락이다
95394|문자화되다
95395|끈게다
95396|동지다
95397|증유
95398|바각
95399|현지답사하다
95400|늙마
95401|마욘산
95402|웅애
95403|진에
95404|언는
95405|진편
95406|인포머티브
95407|닭알옷
95408|역임
95409|계원필경
95410|법성
95411|상견하다
95412|어태
95413|도닥도닥
95414|호부견자
95415|쳐다보이다
95416|승유
95417|쑥쑥하다
95418|숙배
95419|산무너지기
95420|잎갈나무
95421|돌올하다
95422|깜시
95423|천시되다
95424|릴랙신
95425|형독
95426|웅상
95427|비시오
95428|아스록
95429|늙은네
95430|물렁섬유종
95431|헤움
95432|평천
95433|길쯤하다
95434|재정리되다
95435|뷔글
95436|사르마트
95437|삼존
95438|실기
95439|트리에틸아민
95440|깆
95441|위본
95442|워치도그
95443|몰캉스
95444|수순하다
95445|대약
95446|칸시온
95447|기침감기
95448|추무
95449|까마우
95450|엠엠에이
95451|신엄
95452|고근
95453|드위다
95454|관송
95455|탐포
95456|정이대장군
95457|가무단
95458|상궐
95459|결국하다
95460|격막
95461|때매김
95462|안까이
95463|우북하다
95464|슴벅슴벅
95465|독한
95466|마니차
95467|돌지붕
95468|어찌코롬
95469|페타바이트
95470|백후
95471|생채기투성이
95472|바러다
95473|깡깽이
95474|멸살하다
95475|까마
95476|투크다
95477|재붕
95478|하이퍼스페이스
95479|작미
95480|궐희
95481|오르페
95482|발긋발긋하다
95483|꾀어들다
95484|플루스
95485|도종
95486|임분
95487|가레
95488|애처
95489|새철
95490|모두미상
95491|바닷이
95492|나면
95493|통운
95494|몽글대다
95495|배견하다
95496|자발머리없다
95497|바오딩
95498|남가
95499|민충식
95500|모가비
95501|암혹하다
95502|아메도
95503|기시하다
95504|락일
95505|꺽둑꺽둑
95506|서반아
95507|디부카인
95508|뱌암
95509|음형
95510|일체
95511|야시꼽다
95512|홰장
95513|중판
95514|중계방송되다
95515|책동하다
95516|나니와부시
95517|리채
95518|가막
95519|우두머니
95520|소금배
95521|성합
95522|둘레둘레하다
95523|메파
95524|진달랫과
95525|부일
95526|옥장
95527|비덕
95528|족정
95529|검은머리방울새
95530|놓여나오다
95531|일몽
95532|조갑
95533|삼검
95534|개악되다
95535|발유
95536|옹그리다
95537|아무리다
95538|안은문장
95539|스파이크하다
95540|힐티
95541|형성화하다
95542|네온싸인
95543|쭐어들다
95544|벤데
95545|노토리
95546|폭성
95547|유구히
95548|또릿또릿
95549|폴싹
95550|묀헨글라트바흐
95551|시푸르뎅뎅하다
95552|인면
95553|만리타국
95554|꼬래
95555|미즙
95556|그라타주
95557|울툭불툭
95558|죄죄
95559|자울르다
95560|허둥허둥
95561|덜썩
95562|뜩뜩
95563|소심히
95564|소시호탕
95565|같은음
95566|뇌력
95567|기사장
95568|가터
95569|장천
95570|단평
95571|야속
95572|시디오
95573|전화위복하다
95574|민부
95575|황태하다
95576|세레우스
95577|프로타고라스
95578|문예지
95579|찌끌다
95580|쭈룩
95581|가고하다
95582|의모
95583|일자
95584|남방노랑나비
95585|정자하다
95586|타량
95587|호감하다
95588|아작하다
95589|워크웨이
95590|가좌
95591|맏누님
95592|걸머쥐다
95593|석죽
95594|비첩
95595|너끌다
95596|야옹야옹하다
95597|내직
95598|양저
95599|푸셰
95600|박인로
95601|기우듬하다
95602|꺄울다
95603|서림
95604|벤토스
95605|빼짝빼짝
95606|자팡이
95607|집광
95608|거무틱틱하다
95609|군대화하다
95610|국풍
95611|해비침
95612|단엽
95613|띄여보다
95614|덕제
95615|옴스테드
95616|바곳
95617|굼질굼질
95618|천시
95619|똘마이
95620|파보
95621|두부
95622|으케
95623|하롯밤
95624|영요
95625|스적거리다
95626|기럽다
95627|미심하다
95628|성깃하다
95629|월방
95630|후골
95631|인자불우
95632|객방
95633|아농
95634|타블리에
95635|현상윤
95636|휴차료
95637|오마다
95638|만희
95639|카르포
95640|창만하다
95641|손짓발짓하다
95642|매석
95643|영치
95644|커베로스
95645|솔가
95646|무춤하다
95647|동부대언
95648|심란스럽다
95649|구안
95650|에리우게나
95651|단좌하다
95652|북마크하다
95653|가막사리
95654|시망
95655|복닥대다
95656|권초관
95657|웅황
95658|데지다
95659|돈타령하다
95660|면력
95661|핫포트
95662|직탄
95663|치르르
95664|과림
95665|궁신
95666|아구장나무
95667|주녁
95668|냉조
95669|자가사리
95670|윤집
95671|벌기다
95672|미보
95673|빼트리다
95674|개로
95675|청년문제
95676|통구리
95677|량구
95678|파사삭거리다
95679|픽실레이션
95680|병대
95681|추속
95682|움무덤
95683|칸테
95684|청백하다
95685|새살거리다
95686|금은주옥
95687|속천
95688|또끼
95689|장홧발
95690|배뽀
95691|샛밥
95692|또르르또르르
95693|수은제
95694|역이용되다
95695|마다라스
95696|운회
95697|만탑산
95698|환언하다
95699|고실
95700|자직
95701|왜은
95702|이무깃돌
95703|노린잿과
95704|외벌
95705|말짱허다
95706|철정
95707|빵빵지
95708|형강
95709|금갑
95710|사마르섬
95711|벤조일
95712|층층나뭇과
95713|어쩌지다
95714|화닥뚝닥
95715|추안
95716|금육
95717|도투락
95718|숙육
95719|반단
95720|부석부석
95721|새그랍다
95722|가시개
95723|복소평면
95724|평토장하다
95725|기관망
95726|술구
95727|간가
95728|은재
95729|꼴딱꼴딱하다
95730|후모
95731|연탄하다
95732|양분화하다
95733|입찬소리하다
95734|착정
95735|과불급
95736|질치
95737|받기
95738|초세
95739|훔
95740|빠끔거리다
95741|기스트
95742|솔리테르
95743|여섯띠아르마딜로
95744|왕척
95745|누레예프
95746|네크로시스
95747|덧끼우다
95748|안찰하다
95749|감조
95750|바트나이외퀴들
95751|건두다
95752|수보
95753|청문하다
95754|운중동
95755|나이아가라폴스
95756|살조
95757|뼈엉성증
95758|눅진거리다
95759|퇴수하다
95760|전하하다
95761|비대화하다
95762|춘래불사춘
95763|푄
95764|애자일
95765|병정놀이하다
95766|해근
95767|꿈실
95768|발라당하다
95769|뱅킹하다
95770|깨우리
95771|공중적
95772|군납하다
95773|빼기하다
95774|엉클어뜨리다
95775|털거덕
95776|아망
95777|동점하다
95778|단어화
95779|대품
95780|잘랑대다
95781|멸자
95782|채벌하다
95783|국딩
95784|한역
95785|선린
95786|천은
95787|합창되다
95788|괴로이
95789|크로프츠
95790|포창
95791|아잔
95792|쥐여짜다
95793|거문불납
95794|플로리다반도
95795|능화
95796|슬렁슬렁하다
95797|굄
95798|랭면
95799|인성만성하다
95800|청솔
95801|상촉
95802|흐리흐리하다
95803|벤벤이
95804|칭칭이
95805|에미시
95806|패군지장
95807|변연
95808|코스톨라니
95809|철렁이다
95810|물어먹다
95811|신성화되다
95812|공양드리다
95813|화접
95814|도외시되다
95815|실레다
95816|작청
95817|직신
95818|순상
95819|바삼
95820|게슴
95821|단금지계
95822|압부
95823|갈두
95824|봄동겉절이
95825|찌부둥하다
95826|꼬라박히다
95827|케스트너
95828|절취되다
95829|동고리
95830|퀘틀레하다
95831|정홍래
95832|질벽
95833|지부럭거리다
95834|빠지직하다
95835|킹이
95836|싸가리
95837|별방
95838|사래
95839|율명
95840|덤테기
95841|배보다
95842|남방개
95843|근냥
95844|누른빛
95845|단네브로
95846|마경
95847|낙낙히
95848|요포
95849|공동하다
95850|리익
95851|급대
95852|오록
95853|류형수
95854|요맨하다
95855|가애
95856|티맥스
95857|시나가와구
95858|짜그리다
95859|답파
95860|골로
95861|내무서원
95862|대탑
95863|표가
95864|배맬터
95865|결작
95866|네레우스
95867|목뚱가지
95868|내세포괴
95869|백운거사
95870|청쾌하다
95871|갑신
95872|상재하다
95873|하격
95874|흘깃하다
95875|아이코노그래피
95876|빈연
95877|가광
95878|사분사분
95879|사바이섬
95880|밀로스
95881|가뭇없다
95882|송민하다
95883|시막
95884|부풀
95885|감장
95886|타동
95887|미목수려하다
95888|발그라지다
95889|극빙
95890|시추되다
95891|계식
95892|늘창
95893|척출하다
95894|보온되다
95895|늘씬늘씬하다
95896|부수하다
95897|걀걀
95898|맬겁시
95899|범오
95900|차납
95901|굽인돌이
95902|간악무도하다
95903|은파군
95904|대결상
95905|탄제린
95906|환액
95907|하구많다
95908|초코셰이크
95909|누키다
95910|업어지다
95911|또매
95912|사친
95913|곤니
95914|끄럼
95915|포망
95916|왬
95917|미숩다
95918|논란하다
95919|권점
95920|광칠
95921|제삿집
95922|부패상
95923|노보트니
95924|병위
95925|매저
95926|탐탐하다
95927|겔겔거리다
95928|장여
95929|복석
95930|체이다
95931|발위
95932|말뿌리
95933|하합
95934|스퓨
95935|슈파이어
95936|고들빼기
95937|갈라스다
95938|뉴하우스
95939|규칙화하다
95940|불명보
95941|쇄빙하다
95942|송체
95943|점암
95944|통어
95945|에멀션
95946|목피
95947|백천만겁
95948|여을
95949|바오터우
95950|향장
95951|과일술
95952|코보다
95953|집구
95954|포템킨호
95955|측구
95956|기병하다
95957|끌리오다
95958|그릏
95959|관료화
95960|들어온말
95961|외국제
95962|몬재리다
95963|연묵
95964|라사냐
95965|만맥
95966|창구다
95967|괘심하다
95968|제절
95969|절이
95970|대중오락
95971|어머르
95972|피리다벤
95973|가서리
95974|세미클래식
95975|양즙
95976|리막
95977|인치되다
95978|리토드린
95979|녹우
95980|천지조화
95981|앵포르멜
95982|칙칙허다
95983|오몽
95984|보탕
95985|신싱이
95986|활유
95987|호천
95988|설겅설겅
95989|엄폐되다
95990|심한
95991|부액
95992|포감
95993|렛슨
95994|쪼박
95995|맹관
95996|교절
95997|셸란섬
95998|굉굉하다
95999|몰리오다
96000|리셰
96001|요시야
96002|뱃골
96003|강녕히
96004|동안거사
96005|취인
96006|진데
96007|문일지십
96008|신명하다
96009|물음표투성이
96010|샤요궁
96011|문지
96012|향포
96013|몬시다
96014|오발하다
96015|아베오쿠타
96016|일진일퇴하다
96017|매염
96018|괸히
96019|묽히다
96020|박필하다
96021|남권
96022|멀찌거니
96023|논다랑이
96024|앙콜
96025|골든게이트교
96026|수태하다
96027|수산하다
96028|활피
96029|하랑
96030|수영관
96031|카보우르
96032|량치차오
96033|아이브로펜슬
96034|질탕하다
96035|하관하다
96036|등외
96037|제수이트
96038|계안
96039|갑반
96040|반천
96041|정몽
96042|창룡
96043|생동생동
96044|우비다
96045|맏머리
96046|보석품
96047|궁에
96048|마리메코
96049|계산기계
96050|거트다
96051|간짓대
96052|견리
96053|규범화하다
96054|햇귀
96055|키오스섬
96056|호녀
96057|창일하다
96058|쪼임량
96059|재궁
96060|명호하다
96061|몽세
96062|바이아주
96063|팩력배
96064|메퉁이
96065|포두
96066|눈꼴시럽다
96067|노가이
96068|똥땅똥땅
96069|삭개
96070|위생종이
96071|원락
96072|탕치다
96073|얼버다
96074|순보
96075|재양
96076|가진지
96077|태맥
96078|침출되다
96079|파딱
96080|외딸다
96081|흠내다
96082|청과
96083|촉루
96084|내약
96085|뺑소리
96086|음시
96087|계첩
96088|인텔리겐치아
96089|미독
96090|소섬
96091|파법
96092|홀홀히
96093|시하
96094|밀삐
96095|퍼슬퍼슬
96096|익스트루더
96097|독남
96098|오슬오슬하다
96099|비에프
96100|생래
96101|흐물떡거리다
96102|마티에르
96103|호메이
96104|송곳질
96105|복합화하다
96106|역중
96107|갈팡대다
96108|네편네
96109|이그나이터
96110|악리
96111|아몬드멸치볶음
96112|솔도파
96113|백견
96114|쑨
96115|곡례
96116|곤와
96117|마이어베어
96118|미숙련
96119|약갑
96120|덜커덕덜커덕
96121|페라라
96122|호맥
96123|묵안
96124|탕기
96125|띠개
96126|물타기식
96127|중과세하다
96128|농산
96129|스톨링
96130|주롱
96131|퇴축
96132|도항하다
96133|처백히다
96134|설거지옥
96135|비전하다
96136|백번
96137|제구되다
96138|부셔다
96139|껄껄하다
96140|솔솔이
96141|살밭다
96142|이센
96143|졸졸이
96144|변개
96145|탕구
96146|방화자
96147|객전
96148|배천군
96149|교사스럽다
96150|볼런티어
96151|지낭
96152|용단하다
96153|뉴게이트
96154|수란하다
96155|내배
96156|옹알옹알하다
96157|낭낭이
96158|대매
96159|휴시
96160|치학
96161|개흉하다
96162|삐침
96163|장대다
96164|굽은채
96165|내을
96166|법강
96167|아른험
96168|니발
96169|절해
96170|결권
96171|본범
96172|나쿠루
96173|교번
96174|가을모
96175|팔죽지
96176|오라바니
96177|아기똥하다
96178|상설되다
96179|헉클다
96180|넘겨쓰다
96181|수신제가
96182|모터케이드
96183|모루아
96184|직활강하다
96185|시레기
96186|내깔
96187|건토
96188|다대오
96189|부코비나
96190|언더페인팅
96191|히뿌옇다
96192|염색성
96193|믹히다
96194|밀경
96195|자도록하다
96196|덩궇다
96197|뜨락또르
96198|석현
96199|녹라
96200|페이디아스
96201|거번
96202|온각
96203|멸칭하다
96204|허정허정
96205|저기염
96206|달주
96207|들어사다
96208|애창
96209|침전제
96210|봉경
96211|씅나다
96212|윗볼
96213|금알
96214|트레오닌
96215|둘리
96216|삭체
96217|세청
96218|당조
96219|첫모
96220|강고히
96221|배령
96222|재피
96223|뿌리남새
96224|층면
96225|로송나무
96226|배농
96227|썩음막이약
96228|원코
96229|등과
96230|옮김
96231|레피두스
96232|토까이
96233|전경화
96234|가물대다
96235|조반유리
96236|모연하다
96237|우르가
96238|현물세
96239|헌앙하다
96240|라키비움
96241|졸경
96242|탤리스
96243|초루
96244|합좌
96245|원교근공
96246|에이레
96247|추비하다
96248|의사간
96249|베카리아
96250|꼰선
96251|세말하다
96252|똔
96253|아티팩츠
96254|자상스럽다
96255|항해시
96256|불선
96257|오도아케르
96258|단장지애
96259|밭종다리
96260|채보
96261|퍽퍽거리다
96262|팥보숭이
96263|수라트
96264|클로소이드
96265|꼬랑꼬랑
96266|흑창
96267|핵사
96268|뱃사
96269|바과
96270|소피보다
96271|혈갈
96272|옴쭉달싹
96273|약계
96274|몽짜
96275|짤줍
96276|유충렬전
96277|광남고
96278|스방
96279|팔진초면
96280|버실
96281|장일
96282|분극
96283|작장
96284|하이라이프
96285|정한하다
96286|종착하다
96287|송주하다
96288|껴잡다
96289|생맥줏집
96290|거간
96291|구겡
96292|푼히
96293|밀때기
96294|반텐
96295|청정히
96296|치기만만하다
96297|벽로
96298|속감
96299|조불하다
96300|충적
96301|신과
96302|폐왕
96303|안젤루스
96304|햇쌀
96305|곰칫국
96306|꺼룩하다
96307|선앙
96308|유종원
96309|천골
96310|아슴아슴하다
96311|부지리
96312|어머리
96313|쌍무
96314|신기히
96315|탈냉전기
96316|흑의
96317|경훈
96318|잡하다
96319|일그리다
96320|쨍알거리다
96321|포트란
96322|등과하다
96323|잘금잘금
96324|내초
96325|뭉키다
96326|완미
96327|병탄되다
96328|양송
96329|장랑
96330|카라간다
96331|공교하다
96332|혼펠스
96333|스포티즘
96334|픽픽거리다
96335|살쿠다
96336|물총샛과
96337|하세하다
96338|포뢰
96339|층차
96340|경무
96341|옹거
96342|채희
96343|허록
96344|이악
96345|교시하다
96346|오취
96347|삐빼
96348|옥병
96349|유달
96350|보안서
96351|길림
96352|머릿박
96353|지곡하다
96354|야살스레
96355|피에르네
96356|단으
96357|대학촌
96358|고필
96359|검정망둑
96360|뭉글하다
96361|신극
96362|불보
96363|자긍
96364|말참견하다
96365|모끼
96366|상거
96367|질경
96368|민적
96369|괴악스럽다
96370|바딘
96371|트리닐
96372|언더퍼폼
96373|가긍하다
96374|에스킬스투나
96375|아그리피나
96376|주랍
96377|밀식되다
96378|대책하다
96379|유디티
96380|죄주다
96381|칼탕
96382|자닥자닥
96383|수선스레
96384|웬간히
96385|인터레이스
96386|시기리야
96387|붸
96388|플라토노프
96389|햇나물
96390|넓은주둥이상어
96391|구치다
96392|편문
96393|사누끼우동
96394|거출하다
96395|학반
96396|락후
96397|삽지
96398|충살
96399|역민식
96400|직장살이
96401|벌벌대다
96402|은갑
96403|사르두
96404|뽀도독
96405|숨구다
96406|기심위
96407|구매
96408|돈두르마
96409|간사히
96410|트실트실하다
96411|은메
96412|영화달력
96413|재건설하다
96414|범장
96415|크세논
96416|양설
96417|피관
96418|파이선
96419|진달하다
96420|노고하다
96421|티각
96422|플로킹
96423|직장세대
96424|벨르
96425|댕글다
96426|축융
96427|당천
96428|담론하다
96429|벙끗대다
96430|각방살이
96431|약녀
96432|곤곤하다
96433|본모
96434|압상
96435|나명
96436|다용
96437|북작북작
96438|차수수
96439|각제
96440|경동하다
96441|허종
96442|구아라나
96443|공범하다
96444|가조인하다
96445|암울
96446|소이부답
96447|저목
96448|지고지상하다
96449|육시하다
96450|열구하다
96451|떼떼거리다
96452|풀잠자릿과
96453|변압하다
96454|플로리아노폴리스
96455|증익
96456|권철신
96457|망글다
96458|줄공
96459|류한
96460|도도어
96461|피접하다
96462|풍류하다
96463|적몰
96464|엿죽방망이
96465|즉매하다
96466|뻑지근하다
96467|아마존앵무
96468|세로쓰기하다
96469|유로클리어
96470|하이페츠
96471|카파라치
96472|칭골라
96473|질겁다
96474|침주다
96475|노느매기하다
96476|횡수
96477|개분하다
96478|에르븀
96479|요시되다
96480|볼룩하다
96481|준소
96482|간단명쾌하다
96483|나인되다
96484|험상스럽다
96485|감증
96486|관림
96487|답인사하다
96488|따다닥따다닥
96489|밀어차기
96490|다공
96491|쇠갑옷
96492|헝양
96493|안흥량
96494|씀벅거리다
96495|씻게다
96496|향추
96497|봉지하다
96498|나쎄
96499|이맨치
96500|식록
96501|운대
96502|약삭빨리
96503|흑아
96504|엑스엠엘
96505|건삽하다
96506|전위당
96507|방울뜨기
96508|입제
96509|동솔
96510|우대되다
96511|아폴로니아
96512|거르개
96513|귀형
96514|돌물
96515|탁보
96516|중심하다
96517|술대
96518|꼬아바치다
96519|열기되다
96520|혹혹
96521|들반
96522|테메다
96523|솰솰
96524|마콘도
96525|똑딱이다
96526|양정하다
96527|과개
96528|추량하다
96529|도맛소리
96530|그들먹하다
96531|된맛
96532|토갱이
96533|전연부대
96534|매명
96535|찌깐허다
96536|양만하다
96537|짤칵
96538|통래
96539|재입찰하다
96540|부작하다
96541|총생
96542|공부상정도감
96543|던지기장
96544|접붙이기하다
96545|총위영
96546|상추자도
96547|발연하다
96548|낙중
96549|재깔거리다
96550|찔렁
96551|메뚜기치기
96552|승납
96553|붙임쪽지
96554|끔적하다
96555|페르뮴
96556|찌름
96557|뇌질청예
96558|절저
96559|지각러
96560|수소음심경
96561|풋나기
96562|산구
96563|만식당육
96564|주역되다
96565|포갑
96566|완보
96567|하찬
96568|청책
96569|잔악
96570|강벽
96571|암우
96572|불룩불룩하다
96573|문법하다
96574|너도개미자리
96575|농가호
96576|대왈
96577|도로무익
96578|지징이
96579|맞불다
96580|헐레벌떡하다
96581|국쟁
96582|후후거리다
96583|고팡
96584|특저
96585|런던데리
96586|점비제
96587|잔왕
96588|비이클
96589|둥근털제비꽃
96590|형살
96591|답쎄다
96592|칠극
96593|돈복하다
96594|아프레게르
96595|증문
96596|사징
96597|들먹들먹하다
96598|쇠고깃국
96599|서글푸다
96600|석당
96601|음판
96602|성촌
96603|묘덕
96604|촉감하다
96605|쌘비구름
96606|대번하다
96607|뚱딴짓소리
96608|돈부
96609|체비지
96610|귀사리
96611|박인량
96612|갑근세
96613|층거리
96614|딸구
96615|피선거인
96616|퓽퓽거리다
96617|체복사리
96618|나리치다
96619|반쵸
96620|잠수질하다
96621|페르가나
96622|레닛
96623|인터렉스
96624|서쿠다
96625|불간섭하다
96626|너펄거리다
96627|총반격하다
96628|흠경
96629|결려
96630|죽고
96631|합유
96632|라성
96633|구울하다
96634|지오펜스
96635|울법
96636|말쌈
96637|비외탕
96638|드티다
96639|지직하다
96640|시근
96641|대리여
96642|수그러뜨리다
96643|조휴
96644|끽연하다
96645|알쓸이
96646|탑구
96647|모속
96648|흰솔나리
96649|얘리다
96650|사본하다
96651|걸찍하다
96652|증견
96653|할팽
96654|내친하다
96655|볽다
96656|평회
96657|갱미
96658|다쿠앙
96659|보샹
96660|푸조나무
96661|그러께
96662|방위되다
96663|아스트로바이러스
96664|간댕이다
96665|포금
96666|메테이
96667|열항
96668|예벤크족
96669|과실음료
96670|쟁명
96671|매꼬롬하다
96672|그야말로
96673|뾰쪽뾰쪽
96674|크릴로프
96675|등식화하다
96676|디리클레
96677|만글다
96678|밀알지다
96679|탄갈
96680|대조류
96681|자와
96682|야마가
96683|시아노겐
96684|빡빡대다
96685|흥운
96686|방나다
96687|온진
96688|격지다
96689|간편복
96690|그물치기
96691|진졸
96692|물장
96693|영시하다
96694|간선하다
96695|밀로돈
96696|송명흠
96697|성색
96698|잔즈리다
96699|경하
96700|철자하다
96701|쓰케모노
96702|발짜
96703|정귀
96704|삼장
96705|분말하다
96706|눈강
96707|트리퍼
96708|마리니
96709|스크래플
96710|안천
96711|벨루어
96712|작식
96713|연제하다
96714|꼴랑꼴랑
96715|택구
96716|기일원론
96717|침삭
96718|반트러스트법
96719|메타스타시스
96720|리플레이션
96721|침정
96722|쟐
96723|적우
96724|졸막졸막하다
96725|소완
96726|자내다
96727|간내
96728|윤하하다
96729|획인
96730|장면사진
96731|쾌보
96732|딱지게
96733|잔망하다
96734|소무도병
96735|범야
96736|번번이
96737|광삼
96738|댐박
96739|설복되다
96740|살표
96741|흥전
96742|면도질하다
96743|속삭대다
96744|흰꼬리딱새
96745|귀선하다
96746|푸른얼음
96747|충렴
96748|죽촌리
96749|의정하다
96750|갈락토올리고당
96751|어발
96752|재사용품
96753|스베드베리
96754|모윤숙
96755|씨받다
96756|신생하다
96757|건고하다
96758|각안
96759|납북하다
96760|진하하다
96761|범월
96762|종피
96763|야죽대다
96764|신건
96765|냉족
96766|대리키
96767|구지다
96768|달피
96769|봉심
96770|우타리
96771|최찬식
96772|남로
96773|료수
96774|왜화
96775|망친
96776|내면독백
96777|택시미터
96778|항오
96779|깔짚
96780|다남
96781|돌리받다
96782|가톨릭교인
96783|비곗덩이
96784|길천
96785|차박거리다
96786|프로베니우스
96787|푼더분하다
96788|어찰
96789|멀티미터
96790|우엣돈
96791|속간
96792|조자앉다
96793|한효순
96794|들양
96795|도가리
96796|군군
96797|수엄
96798|콜히친
96799|오갈피
96800|애연
96801|구추
96802|돋우
96803|취적하다
96804|큰나방
96805|여닫음
96806|과구
96807|양괄식
96808|주소하다
96809|뒷손가락질하다
96810|벌로
96811|깡충발
96812|푸다닥하다
96813|버기다
96814|사서
96815|길래
96816|시원
96817|야와타하마
96818|장질부사
96819|졸망졸망
96820|분지러지다
96821|털기
96822|사섬서
96823|내예
96824|세거하다
96825|송영하다
96826|매국하다
96827|벌틀다
96828|움쑥
96829|재냉동하다
96830|부영하다
96831|캄피나스
96832|킥오프하다
96833|섬화
96834|홍문공도
96835|러벅
96836|기면
96837|열루
96838|쥐어틀다
96839|백정향
96840|벌끈거리다
96841|경곗값
96842|일어앉다
96843|그레비얼룩말
96844|뒤지르다
96845|아욱씨
96846|괘천
96847|탈식
96848|엄칭이
96849|누루다
96850|조그마치
96851|병시
96852|액체결정
96853|시잭
96854|하부브
96855|긿다
96856|건니다
96857|상녀
96858|소골
96859|불거리
96860|깨숩다
96861|남동무
96862|화해롭다
96863|담로
96864|하여튼지
96865|무잠이
96866|북장구
96867|스에키
96868|분산화되다
96869|찬트웰
96870|선드레스
96871|거히
96872|파이앙스
96873|질명
96874|학게
96875|솔렘니스
96876|배여
96877|더룹다
96878|완형
96879|수삭
96880|흑태
96881|축량
96882|너풀너풀하다
96883|락동강
96884|곽시쌍부
96885|난조하다
96886|루디아나
96887|윗돈
96888|클레망소
96889|베계
96890|요락
96891|철철이
96892|다변
96893|태지
96894|서직
96895|조요히
96896|승문
96897|칠기
96898|큰제목
96899|박천
96900|삼빡하다
96901|마귀다
96902|구급간이방
96903|덩실하다
96904|해토
96905|응진
96906|게트랑
96907|반둥건둥
96908|길항하다
96909|가금하다
96910|목패
96911|토풍
96912|뉴모바이러스
96913|스포로폴레닌
96914|현공
96915|희멀끔하다
96916|짓구기다
96917|스위트윌리엄
96918|탁강
96919|지푸라기
96920|갤차다
96921|떰
96922|자름
96923|장이되다
96924|해문
96925|역암
96926|우부대언
96927|버서석
96928|야반
96929|뿌기다
96930|편년통록
96931|장군하다
96932|죄암질
96933|꾸불대다
96934|보칼리제
96935|과열화되다
96936|흰생쥐
96937|달조
96938|가령하다
96939|일물일권주의
96940|만드리
96941|퇴귀
96942|유점
96943|번듯번듯하다
96944|자근대다
96945|전자간증
96946|미습다
96947|납관하다
96948|등류
96949|군위신강
96950|멀티데믹
96951|요악하다
96952|갸울거리다
96953|희얀하다
96954|즉응
96955|만귀잠잠하다
96956|답로
96957|왈그륵달그륵
96958|마이크로볼트
96959|심결
96960|재치료하다
96961|압접
96962|극축
96963|이백오십계
96964|어렵소이
96965|속류
96966|뺑대쑥
96967|파봉
96968|밑받침하다
96969|승총
96970|보르노
96971|도브잔스키
96972|구본
96973|감호하다
96974|음음하다
96975|송명신언행록
96976|들쑤석거리다
96977|쿤닐링구스
96978|멘도
96979|진광왕
96980|디아이에이
96981|삐끼다
96982|울끈거리다
96983|휘우다
96984|려두
96985|가라지
96986|스피니커
96987|화토
96988|바르바로이
96989|공룡화되다
96990|제점
96991|드니
96992|홀치다
96993|멜랑콜리아
96994|계호하다
96995|리탈되다
96996|내새
96997|가맣다
96998|걸근거리다
96999|묵선
97000|방싯대다
97001|넓적넓적하다
97002|인상주의자
97003|아수
97004|오메기
97005|능견
97006|격음화하다
97007|적심
97008|휴항
97009|클루조
97010|가는다리장구채
97011|두둘두둘하다
97012|찬독
97013|심구
97014|이죄구발이중론
97015|객설
97016|건불
97017|토낏과
97018|숭경
97019|상침
97020|조막
97021|황진
97022|품기다
97023|열하다
97024|어기차다
97025|도품
97026|낙락
97027|뜸북뜸북
97028|나누기하다
97029|상잔하다
97030|가짜배기
97031|위형
97032|나삼
97033|과사하다
97034|재공연하다
97035|때껏
97036|도회하다
97037|안적
97038|육과
97039|테조
97040|앙글
97041|년하
97042|어속
97043|은연히
97044|송심
97045|굴깍지
97046|헐어
97047|벤벤찮다
97048|무판
97049|바닥문
97050|레기
97051|퀴비에
97052|거북무당벌레
97053|상낭
97054|말강스럽다
97055|저앙
97056|침울증
97057|법난
97058|은결
97059|기모하다
97060|에케르트
97061|죽살다
97062|측심
97063|대룩
97064|내베다
97065|비센트
97066|임한
97067|장탄
97068|삐끗대다
97069|둥실하다
97070|당끼
97071|귀산
97072|직판
97073|데꺽데꺽
97074|맹독하다
97075|토경
97076|회색하다
97077|귀래
97078|어름장
97079|정동행성이문소
97080|모시리
97081|북태
97082|베람
97083|노래춤묶음
97084|스큐어
97085|찾어오다
97086|충설
97087|옅디옅다
97088|아궁지
97089|마번
97090|굽이감다
97091|공업화하다
97092|띳집
97093|맞쿠다
97094|과학환상작품
97095|바김
97096|덧꽂다
97097|물화하다
97098|콕콕하다
97099|벌룸벌룸
97100|산쇼올
97101|시글시글하다
97102|선작지왓
97103|비할
97104|매성
97105|불언
97106|강학하다
97107|그람시
97108|장사집
97109|덕우
97110|흰수작
97111|선월
97112|응공
97113|껀덕껀덕
97114|업인
97115|사건투성이
97116|오심하다
97117|쉐타
97118|덧들이다
97119|평박
97120|펴이다
97121|탕짬면
97122|리학
97123|그예
97124|검교정
97125|누메아
97126|뮤직바
97127|모입하다
97128|뉘엿이
97129|괴란쩍다
97130|교려
97131|토평하다
97132|휘트스톤
97133|특명하다
97134|과민히
97135|뿌께다
97136|투조
97137|불핀
97138|아흐마토바
97139|역턴
97140|퇴식
97141|쟁명하다
97142|무상화하다
97143|골루
97144|수경하다
97145|풀럭
97146|엔치
97147|브나로드
97148|어름더듬
97149|과념하다
97150|팽기다
97151|케레니
97152|보서
97153|다듬개
97154|조선력사
97155|정벽
97156|설망어검
97157|파환귀결
97158|합다리나무
97159|봉선화과
97160|설언
97161|철버덕거리다
97162|슬겁다
97163|저회하다
97164|절손되다
97165|걸그치다
97166|남독
97167|통속극
97168|흥폐
97169|근덩거리다
97170|엄위
97171|남행하다
97172|연싸움하다
97173|흰대
97174|차꾸
97175|결문
97176|신루
97177|천신하다
97178|임위
97179|시유지
97180|레이니어산
97181|축모
97182|우릿간
97183|시럽다
97184|파불
97185|자증
97186|벹
97187|엡타메롱
97188|질력나다
97189|온훅
97190|상집
97191|기현하다
97192|입안소리
97193|법범자
97194|폐스럽다
97195|난산하다
97196|층적
97197|복솨
97198|죽련
97199|에스에스디
97200|혜인
97201|잉사
97202|지총
97203|단무릎
97204|인초
97205|피어하다
97206|치상하다
97207|빛있다
97208|메롭다
97209|집거
97210|이타리
97211|두룩
97212|방환하다
97213|유필
97214|마영
97215|결원되다
97216|은편리
97217|속적
97218|두암
97219|미끄덩대다
97220|도웅
97221|풀썩이다
97222|승위
97223|귀천하다
97224|우체
97225|어레인저
97226|치레하다
97227|강격하다
97228|짼디
97229|섞임도
97230|극통
97231|지족불욕
97232|철목어
97233|매엽과
97234|알티플라노
97235|간띠이
97236|몬테라
97237|지신하다
97238|가지관
97239|종짓불
97240|깅이
97241|머무적머무적
97242|권숙
97243|분려하다
97244|껄다
97245|이욕
97246|모각
97247|여흘
97248|먼셀
97249|수학경
97250|편형
97251|킬로전자볼트
97252|부춘
97253|러핑
97254|연삽하다
97255|가중치
97256|갯것
97257|그래주에이션
97258|야꼬
97259|도개
97260|거꿀로
97261|독순
97262|카사스
97263|고곰
97264|독점화하다
97265|곽향
97266|공하
97267|무거이
97268|궂히다
97269|오동포동
97270|외병
97271|견도
97272|트로푸스
97273|별초
97274|취장
97275|가렴
97276|파보리
97277|임직하다
97278|천풍
97279|검은건반
97280|유징
97281|터부룩하다
97282|타피르
97283|린아
97284|양착
97285|고관하다
97286|글투다
97287|리금
97288|밀랑
97289|에스디에이치
97290|진례초
97291|티레이
97292|연위
97293|비아이에프
97294|혼융되다
97295|에스에이티
97296|미터링
97297|코르토
97298|또배
97299|사분하다
97300|강제화되다
97301|량원
97302|꼽슬꼽슬
97303|방매하다
97304|파키타
97305|무누
97306|호풍
97307|단민
97308|옥로
97309|그물다치기
97310|백배사죄하다
97311|밀려닥치다
97312|주충
97313|저연
97314|과평가되다
97315|신빼이
97316|지생란
97317|쓰륵
97318|습승
97319|떨뜨리다
97320|직냉식
97321|꿀부다
97322|디글디글
97323|결태
97324|상차하다
97325|극가
97326|소금쟁잇과
97327|지짐
97328|손가짐
97329|발처
97330|특매
97331|소로다
97332|번곡하다
97333|형금
97334|힝둥새
97335|선약되다
97336|오돼
97337|내착
97338|흰털발제비
97339|노래이야기
97340|베이근녀
97341|갑만
97342|발착하다
97343|사릿문
97344|잎줄
97345|버그러지다
97346|현곤
97347|훈도되다
97348|잔석더리
97349|색장
97350|빵글
97351|살레지오
97352|행형
97353|나내이
97354|비콤
97355|앉은걸음
97356|미지원되다
97357|청분홍메뚜기
97358|슬래핑
97359|피새
97360|연육하다
97361|극층
97362|두립다
97363|월롱
97364|이이하다
97365|벡보
97366|다이지
97367|조락하다
97368|측천
97369|양촌
97370|뜻풀이하다
97371|씨커멓다
97372|푸샨
97373|한견
97374|술가
97375|도옹
97376|고봉산성
97377|측색하다
97378|갇헤다
97379|절삭되다
97380|참개
97381|브리이다
97382|신방하다
97383|벨보텀스
97384|권진
97385|횰로
97386|인스텝
97387|노루잠
97388|움쩍하다
97389|궁그르다
97390|저열
97391|체표
97392|계석
97393|혈검
97394|복독
97395|통봉
97396|원반던지기하다
97397|피에스에이
97398|중국요리점
97399|징비하다
97400|오론
97401|우화등선하다
97402|가뜩히
97403|잡식하다
97404|바버리
97405|재항
97406|고소거리
97407|골백살
97408|농탕하다
97409|산우
97410|와문
97411|괴양
97412|가촉
97413|깽이
97414|밤청대
97415|난형
97416|아웃퍼폼
97417|한화하다
97418|스토캐스틱
97419|헤스페로르니스
97420|웅돈
97421|악티나이드
97422|폭원
97423|현전
97424|노초
97425|검자
97426|실제화하다
97427|꺼머다
97428|설의
97429|매조지
97430|눗
97431|깔끔거리다
97432|들펀들펀
97433|장렬
97434|시큼씁쓸하다
97435|람푸르
97436|아리오소
97437|사딜이다
97438|산놀다
97439|처연히
97440|예내
97441|섞갈리다
97442|뵐
97443|낄쭉낄쭉
97444|무성화되다
97445|셍게
97446|침구하다
97447|뽀시락하다
97448|목록화되다
97449|첨버덩
97450|이어이다
97451|회장군
97452|갱정
97453|출물
97454|강도하다
97455|교우지간
97456|들레다
97457|달팽이걸음
97458|치귀
97459|푸너리
97460|접중
97461|간참하다
97462|엘이
97463|피한하다
97464|짤강
97465|여법
97466|규중칠우
97467|곽주에
97468|다부지
97469|악념
97470|보리새웃과
97471|떨림소리
97472|고별하다
97473|소리야
97474|두웨성
97475|고싸다
97476|박신거리다
97477|조탁하다
97478|감자튀기
97479|돌과
97480|컨시더레이션
97481|음살
97482|학하리
97483|재전시되다
97484|숭녕
97485|배슷이
97486|애이불상
97487|나람신
97488|코시누스
97489|밀적
97490|충회
97491|적집
97492|재확립되다
97493|재구되다
97494|주작러
97495|엄제
97496|뇌천
97497|뭐심
97498|계척
97499|문절
97500|미결제되다
97501|메타리
97502|민립
97503|끼깅대다
97504|부처하다
97505|식체
97506|영밀하다
97507|팡쿠
97508|엠엠엠
97509|음월
97510|큰개
97511|병당
97512|동국신속삼강행실도
97513|구메지마
97514|절중하다
97515|라콩브
97516|존데
97517|와실
97518|경암
97519|시지
97520|의료화하다
97521|정록청
97522|수무족도하다
97523|준엄히
97524|안규홍
97525|로봇화되다
97526|저두
97527|킹스턴어폰템스
97528|파의되다
97529|금입택
97530|토족
97531|추반
97532|횡보다
97533|말막음
97534|이론화되다
97535|아우린
97536|의당히
97537|단금지교
97538|중악하다
97539|꼬부라뜨리다
97540|코셀
97541|개배
97542|넓죽하다
97543|엄령
97544|방끗방끗
97545|반자동화되다
97546|고개끄덕이
97547|효순하다
97548|쌀찌
97549|좀먹음
97550|모감
97551|가래
97552|번족하다
97553|외람스럽다
97554|금야
97555|정배걸
97556|랭킨
97557|거총하다
97558|짱알대다
97559|유서하다
97560|급전환하다
97561|가월
97562|띠룩띠룩하다
97563|근권
97564|개연
97565|는지럭대다
97566|피란델로
97567|애각
97568|꾸죽
97569|전원도시
97570|믿보돌
97571|호흐
97572|쭈무리다
97573|빨긋하다
97574|배고
97575|개좌
97576|첨찰산
97577|리바이벌되다
97578|노결
97579|망탕
97580|봉옥
97581|강압되다
97582|인후하다
97583|전흔
97584|침윤지참
97585|재배합하다
97586|범작
97587|황용
97588|가꾸로
97589|초급학교
97590|방동사니
97591|티로시나아제
97592|들나들다
97593|몸빼기
97594|발자
97595|학발
97596|레끼
97597|어히다
97598|오프스크린
97599|헌칠민틋하다
97600|낙식
97601|깝신대다
97602|녹전
97603|노박덩굴과
97604|구모
97605|캐넌볼
97606|홍북읍
97607|뒤지구
97608|하폭
97609|영념
97610|뎅글뎅글
97611|강탄하다
97612|부절하다
97613|서료
97614|바릿대
97615|머릿장
97616|나문하다
97617|베타메타손
97618|애소하다
97619|판인
97620|방가지
97621|선박하다
97622|광가
97623|립장
97624|코밀이
97625|무사분주하다
97626|모관
97627|추납
97628|시크무레하다
97629|소이하다
97630|가루지기타령
97631|중간지
97632|흉신
97633|도양
97634|감별력
97635|용정촌
97636|싱둥겅둥
97637|에룹다
97638|탄상
97639|비장히
97640|사동
97641|핑메
97642|감트다
97643|아희원람
97644|비닉
97645|속속들이
97646|간찰
97647|논매다
97648|평창고
97649|천남리
97650|느낌식
97651|피끗
97652|란디
97653|사웅
97654|도홍
97655|자무량심
97656|공벌
97657|후드득하다
97658|개미잡다
97659|인간머리
97660|한갓되이
97661|지적거리다
97662|유아기
97663|근근간간하다
97664|과열하다
97665|목질화하다
97666|징크화이트
97667|괴귀
97668|진둥한둥
97669|분암
97670|찌꺼리
97671|충매
97672|납신
97673|티가든
97674|날찌
97675|청변
97676|벌그스름하다
97677|턴버클
97678|세예
97679|목발하다
97680|식공
97681|짝자꿍
97682|야개
97683|면광
97684|주맥
97685|큰원추리
97686|최만
97687|맞당하다
97688|중멸
97689|등제하다
97690|변전하다
97691|오행설
97692|어중되다
97693|배문
97694|패륜하다
97695|하얀딸기
97696|브로멜린
97697|쟁키
97698|장지하다
97699|아부용
97700|때꼰하다
97701|성전환하다
97702|법헌
97703|승압기
97704|된시
97705|가쥐
97706|먼차
97707|교악하다
97708|패러프레이즈
97709|참세
97710|황서
97711|절종
97712|싸글싸글하다
97713|봉공하다
97714|정지간
97715|망둑엇과
97716|향대
97717|레만
97718|포닥거리다
97719|조암
97720|다채하다
97721|선후
97722|무단가출하다
97723|쥐주다
97724|등광
97725|자그로스산맥
97726|따니
97727|디위
97728|우지끈뚝딱
97729|와작와작하다
97730|완정되다
97731|때글때글하다
97732|얼개다
97733|사대사
97734|독직하다
97735|잇달리다
97736|쩔껑
97737|안코나
97738|카를루크
97739|결결
97740|식보
97741|동지나해
97742|옆으로치기
97743|류동성
97744|클로니딘
97745|동메
97746|천휴
97747|박리다매하다
97748|호한
97749|벅적벅적하다
97750|궁곤하다
97751|덜렁이다
97752|딥히다
97753|예술화하다
97754|옥시글옥시글하다
97755|질개
97756|대관군
97757|소시락
97758|잔장
97759|그긋
97760|합벽
97761|흐늘다
97762|두루치
97763|흉맹하다
97764|밀페하다
97765|도깨비놀음
97766|어설피다
97767|소라니
97768|막내자식
97769|법경
97770|클론다이크
97771|모노코드
97772|작야
97773|청광
97774|인정선
97775|충족히
97776|파허
97777|완초
97778|가새이
97779|대형가
97780|도화심목
97781|포조
97782|송면
97783|미녁
97784|문지다
97785|동류하다
97786|공락
97787|설량
97788|빈허다
97789|솔찬이
97790|소용돌다
97791|충어
97792|먼점
97793|구장군
97794|마른국수
97795|수수롭다
97796|되나캐나
97797|내촉
97798|편단하다
97799|수측
97800|괄하다
97801|갑좌
97802|전칭
97803|총끈
97804|댕님
97805|낑구다
97806|뇌주
97807|안진하다
97808|양수기
97809|바이오메트릭
97810|계유
97811|침치
97812|지엔에프
97813|금감
97814|당약
97815|커터웨이
97816|보시리다
97817|머릿줄
97818|하루날
97819|표독스레
97820|포스트모더니스트
97821|배냇짓하다
97822|독낭
97823|세리신
97824|한건하다
97825|레주언
97826|소둔하다
97827|보아하이
97828|티에스
97829|쓰래
97830|추생하다
97831|빠릇빠릇하다
97832|정족지세
97833|융거
97834|관혼상례
97835|물털이
97836|시아리다
97837|등어선
97838|삼년
97839|트라일레마
97840|달강어
97841|잡시다
97842|공명정대히
97843|푸득거리다
97844|짜춘권
97845|꼬느다
97846|와글이다
97847|송문
97848|된코
97849|여덟무날
97850|왁자
97851|치평
97852|장같
97853|민봉
97854|스탠다드형
97855|내야주다
97856|여름모
97857|갈말
97858|의살
97859|한순
97860|운각
97861|봉축하다
97862|탤컴
97863|까꼬막
97864|젖가루
97865|침혈
97866|흡취하다
97867|귀업
97868|노가재연행록
97869|제대휴가
97870|반가
97871|악상엇과
97872|요신
97873|머라카다
97874|마코사
97875|유묘
97876|약안
97877|치륵치륵
97878|선문선답
97879|실뚱머룩하다
97880|샹강
97881|햇미역
97882|낙과하다
97883|십각
97884|싸배기
97885|더투다
97886|웨오
97887|까꾸러지다
97888|달의
97889|뜀질
97890|무장봉기하다
97891|케이피
97892|예숙
97893|한정없다
97894|황무
97895|깨지락거리다
97896|팔락팔락하다
97897|랭동기
97898|쥐데
97899|오프라벨
97900|바추다
97901|시병
97902|계내리
97903|하낙
97904|징건하다
97905|이둔
97906|요질
97907|튀링겐주
97908|과일퓨레
97909|우요
97910|양음
97911|혜학
97912|도연
97913|플레나
97914|그리서
97915|기앙
97916|통꼴
97917|무데하르
97918|유민하다
97919|빙관
97920|평방인치
97921|아스트로비전
97922|도랑창
97923|입포리
97924|법서
97925|헤스페리데스
97926|판걸이
97927|베남
97928|아글아글하다
97929|꼴깍대다
97930|식자하다
97931|브루크
97932|과공하다
97933|삼첩반상
97934|고리고리하다
97935|약존약망
97936|대벌렛과
97937|흰백
97938|난획
97939|꽈릉
97940|펜치
97941|청이불문
97942|금압하다
97943|암태
97944|탄발
97945|낟
97946|숨살
97947|을프다
97948|해짐작
97949|때국
97950|뽀스락거리다
97951|동흥리
97952|전선대
97953|선요
97954|승묘하다
97955|법문화되다
97956|버슬
97957|새금새금
97958|함토
97959|얽매
97960|철퍽대다
97961|스로인하다
97962|누의
97963|티소다
97964|들브다
97965|발한법
97966|파플레이
97967|각강
97968|자오리다
97969|브레이크어웨이
97970|직속하다
97971|인송중
97972|욱심
97973|어정버정
97974|바스레기
97975|오리피스
97976|잔용
97977|긍긍
97978|인종화되다
97979|실쭉실쭉
97980|몬테벨로
97981|피디에프
97982|따개다
97983|큐시
97984|소러
97985|칠판
97986|성화같다
97987|짜부라트리다
97988|살년
97989|탈매
97990|대박에
97991|뒤지개
97992|꽃풍선
97993|쌜쭉
97994|서당아
97995|복염
97996|안촌
97997|납일
97998|점오하다
97999|치옥
98000|불탈가스
98001|설색
98002|장달
98003|꽃판
98004|구검
98005|승씨
98006|곡진히
98007|취련
98008|미시다
98009|곰틀곰틀하다
98010|사냥질하다
98011|텔루르
98012|바르르하다
98013|하대
98014|캐플린
98015|거스레
98016|세리즈
98017|환측
98018|은린
98019|척출되다
98020|사촌
98021|재증류하다
98022|심홍
98023|통일화되다
98024|죄루
98025|톨텍족
98026|오글대다
98027|어염선세
98028|천라
98029|지험하다
98030|간지롭다
98031|리용하다
98032|특호
98033|박종홍
98034|구텁텁하다
98035|재거래하다
98036|축치족
98037|민도
98038|원새
98039|료사
98040|걷어지르다
98041|무산지몽
98042|조건화하다
98043|재공사하다
98044|꼬나잡다
98045|타림강
98046|수금되다
98047|정착화되다
98048|펄렁펄렁하다
98049|모가치
98050|체영
98051|탁덕
98052|득다
98053|벌링턴시
98054|치도하다
98055|혼식하다
98056|잠꾸다
98057|느럭느럭
98058|귀루
98059|지와
98060|다리매
98061|이궁하다
98062|잠내
98063|어둔하다
98064|돼지굴
98065|난혼
98066|입피
98067|개륵
98068|차량대
98069|전교되다
98070|걸탐스레
98071|재합의하다
98072|바예호
98073|절절대다
98074|찍어매다
98075|장못
98076|어리숭하다
98077|진축
98078|굉굉히
98079|회정하다
98080|소례
98081|익년
98082|주물리다
98083|리포솜
98084|주산하다
98085|곡돌사신
98086|불퉁대다
98087|큰뱀고둥
98088|기휘
98089|곡룡류
98090|내려디디다
98091|강의되다
98092|죽력
98093|또록또록하다
98094|피마주
98095|스터럽
98096|로우터
98097|응성
98098|옥물다
98099|만횡
98100|상령
98101|타구나다
98102|자녜
98103|빠지지
98104|슬림화하다
98105|노바라
98106|오색하다
98107|삼공
98108|영양
98109|똥풍이
98110|목전지계
98111|충합
98112|보섭
98113|탄주하다
98114|민틋하다
98115|대역전하다
98116|외가리
98117|찌뿌듯이
98118|발작되다
98119|간에이
98120|쭝얼대다
98121|체어마트
98122|무딘각
98123|족친
98124|겜용
98125|에프에스디
98126|복달임하다
98127|욕기
98128|깡충깡충하다
98129|설반
98130|네거필름
98131|다박다박
98132|참대곰
98133|급호
98134|시뜩하다
98135|도모지
98136|기채하다
98137|게이뤼삭
98138|약혼되다
98139|브로민
98140|범왕
98141|친공
98142|자저
98143|아이에프
98144|냐일
98145|분책
98146|스터츠
98147|단작
98148|태함
98149|폭스바이러스
98150|후경골근
98151|전연히
98152|기미티
98153|승봉
98154|시클롭스키
98155|검마산
98156|민덕
98157|보도화되다
98158|취착
98159|화농되다
98160|내씨다
98161|시혐하다
98162|내풍기다
98163|질제
98164|쎅이다
98165|각자하다
98166|서구화하다
98167|말걸리
98168|고개턱
98169|핸드스탠드
98170|박살되다
98171|현절하다
98172|욕천
98173|윤익
98174|큰갓버섯
98175|재인되다
98176|황공망
98177|위글렛
98178|탁마
98179|두렁이
98180|총망하다
98181|소라게
98182|대동맥판
98183|재깔대다
98184|지르마
98185|다비하다
98186|신입하다
98187|절거덕
98188|쪼깐허다
98189|묵거
98190|관반
98191|심선
98192|기러구
98193|외솔
98194|우물지다
98195|쓰륵쓰륵
98196|오불꼬불
98197|머식
98198|그만썩
98199|흐리하다
98200|장구애빗과
98201|야사다
98202|돌라치다
98203|애복
98204|사무국장직
98205|엔테로박터
98206|녹양
98207|오색무주
98208|외파
98209|세련
98210|결훈
98211|천춘
98212|탁어
98213|뭉턱뭉턱
98214|북명
98215|페나키스토스코프
98216|찌끄랭이
98217|피멍투성이
98218|걸포
98219|키나무
98220|아노님
98221|갱유
98222|호뒤
98223|구구히
98224|맹회
98225|사키
98226|고개이
98227|안주구
98228|흘낏대다
98229|편배
98230|풀투성이
98231|판열
98232|스크리머스
98233|관렴
98234|번찍
98235|세인테
98236|목렴
98237|알락달락
98238|멀끔허다
98239|뒤산
98240|헛챔질
98241|극조
98242|지푸리기
98243|오이하다
98244|실해
98245|토취장
98246|엑스타인
98247|장승같다
98248|화젯감
98249|기렴하다
98250|블루멘바흐
98251|두릿대다
98252|애보
98253|액기
98254|각고하다
98255|다압
98256|멍울멍울
98257|세민
98258|홍새
98259|흉잡다
98260|거씨
98261|끄물대다
98262|승통
98263|실열
98264|조끄마하다
98265|야발
98266|결로하다
98267|내밀성
98268|신비로이
98269|여드렛날
98270|빙그레하다
98271|진제
98272|괴장
98273|끝내기
98274|하얌
98275|클렌치
98276|올려바치다
98277|전면하다
98278|남파하다
98279|플랙스먼
98280|따라치
98281|일격하다
98282|파속
98283|애자지정
98284|매삭
98285|공산청년동맹
98286|한닥한닥
98287|엘지비티
98288|뿌드득하다
98289|뜨사다
98290|낮은반
98291|융프라우산
98292|호충
98293|용염
98294|피탈하다
98295|부러지
98296|정류하다
98297|으네이
98298|부모처자
98299|겐무
98300|발본
98301|에르미따쥬
98302|정밀화되다
98303|돌돌거리다
98304|선화하다
98305|해산구완하다
98306|뻥끗대다
98307|지준
98308|불놀이하다
98309|넘우
98310|계사하다
98311|스프링복
98312|내질다
98313|움쩍대다
98314|바스티안
98315|죽식
98316|시명지보
98317|샐룩샐룩
98318|과학화하다
98319|즐겁하다
98320|온존
98321|쭝하다
98322|범무
98323|똥실똥실하다
98324|여식하다
98325|얄랑궂다
98326|서실
98327|속해
98328|샤마쉬
98329|와서
98330|할이
98331|다르랑다르랑
98332|여를
98333|쬐그마하다
98334|사념하다
98335|케찰코아툴루스
98336|발긋하다
98337|어쩌먼
98338|곰상스럽다
98339|빈창
98340|솓아지다
98341|극혐오하다
98342|함식
98343|아갈
98344|선소리꾼
98345|무담
98346|천원숍
98347|번치다
98348|박박대다
98349|먹중탈
98350|해피리
98351|공전절후하다
98352|버스러지다
98353|제야
98354|년발
98355|높을고
98356|넥프팅
98357|계통하다
98358|착정하다
98359|탈방
98360|블랑키
98361|망산
98362|당조짐
98363|로대
98364|앰블란스
98365|화포식언해
98366|죄벌
98367|살키다
98368|매운바람
98369|꺼피
98370|엉금거리다
98371|게비다
98372|함형
98373|어깻죽
98374|전좌
98375|똥그래미
98376|휘뚝휘뚝
98377|공능
98378|독단론자
98379|산페르난도
98380|지프니
98381|범형
98382|폐허화하다
98383|큰어마
98384|티받다
98385|칭기다
98386|꺄웃하다
98387|히드리아
98388|켸켸묵다
98389|경착륙되다
98390|종간하다
98391|미트레
98392|초팔일
98393|오시에츠키
98394|거왜
98395|도비도항
98396|처덕처덕하다
98397|알칼리화되다
98398|택택하다
98399|쩔걱거리다
98400|재접속하다
98401|참모하다
98402|까바지다
98403|시케다
98404|으레히
98405|저망하다
98406|번조
98407|신쾌동
98408|지지빠이
98409|필업
98410|경임
98411|헥토
98412|어세겸
98413|은양
98414|트랜시버
98415|연화대무
98416|잎말이나방과
98417|와칭하다
98418|뷔다
98419|선귀
98420|따다닥거리다
98421|슬렁거리다
98422|본토배기
98423|탈루되다
98424|어정버정하다
98425|돟다
98426|생필
98427|강명하다
98428|점괴
98429|릴럭턴스
98430|팽만하다
98431|범란
98432|아일러
98433|참방대다
98434|완대
98435|단기다
98436|가리그
98437|느티떡
98438|네크워머
98439|다무
98440|티플러
98441|코이닝
98442|조염
98443|너글너글하다
98444|갑리
98445|목앓이
98446|레베랑쓰
98447|양점
98448|구명되다
98449|급분
98450|어부슴
98451|핵농축
98452|아득바득거리다
98453|굴산성
98454|녹훈
98455|냉난
98456|절퍽절퍽
98457|외간
98458|쭐렁쭐렁
98459|참악하다
98460|림파이어
98461|밯
98462|괄목상대
98463|철금
98464|여법하다
98465|물화되다
98466|평석하다
98467|생산업계
98468|어슬하다
98469|감차다
98470|재창당하다
98471|디스트레스
98472|탐화
98473|갑찰
98474|숙한
98475|공직하다
98476|섬너
98477|표본화하다
98478|선성
98479|감잡히다
98480|재건설되다
98481|발노
98482|뱅글뱅글하다
98483|금융학부
98484|완상
98485|드레지다
98486|굶게다
98487|후례
98488|감어하다
98489|에프피에스
98490|간테
98491|띤띤하다
98492|허미다
98493|망담
98494|노예팅
98495|라에
98496|주릉
98497|성력
98498|버섯두부전골
98499|감북
98500|학등
98501|보피스
98502|잘못보냄
98503|점귀부
98504|공미
98505|징합다
98506|능리
98507|네안더
98508|아무려니
98509|생환되다
98510|하트필드
98511|춘포
98512|따라붙이다
98513|난득호도
98514|스로우
98515|미참석하다
98516|켈렐레
98517|엄휘
98518|시세로
98519|한라개승마
98520|고스락
98521|숏크리트
98522|이푸리
98523|순각
98524|운물
98525|측연
98526|방플
98527|유제하다
98528|절퍽거리다
98529|배타주의
98530|훗훗거리다
98531|막처
98532|총집결되다
98533|주단포목
98534|잠방잠방하다
98535|스타이로폼
98536|송공
98537|촉하다
98538|뮤레인
98539|지구하다
98540|귀객
98541|증시되다
98542|뒤파르크
98543|찔기다
98544|즈크
98545|입대되다
98546|웃사람
98547|징기다
98548|웅호하다
98549|무댕이
98550|뻘갱이
98551|그레이버
98552|헛수작하다
98553|추소
98554|나군
98555|빗말
98556|걸해하다
98557|이봉하다
98558|완견
98559|스라파
98560|호리다
98561|나백다록
98562|중동이
98563|음강
98564|동착하다
98565|재현
98566|임선하다
98567|샆
98568|려각
98569|강마르다
98570|덴겁하다
98571|소분류하다
98572|명빈묘
98573|공결
98574|덜그렁덜그렁
98575|칙지
98576|기해하다
98577|에듀푸어
98578|울꺽
98579|폭부
98580|극고
98581|함묵하다
98582|수욜
98583|앤잭
98584|카지
98585|채홍철
98586|바다수달
98587|백절불굴하다
98588|상랑하다
98589|드레나다
98590|종경하다
98591|얼근덜근
98592|압자
98593|새럼
98594|타크린
98595|작량하다
98596|게불
98597|프로테오믹스
98598|돈맹
98599|짝짝거리다
98600|글루테닌
98601|뚱딴이
98602|위록
98603|뜀줄
98604|킴메르족
98605|백말
98606|액문
98607|후폐
98608|현응
98609|번들플레이션
98610|고임
98611|주부군현
98612|진당
98613|란신
98614|페경
98615|노훕다
98616|순숙하다
98617|지예
98618|나흐티갈
98619|태항
98620|마여름
98621|안빈낙도하다
98622|황유하다
98623|정온
98624|찡등그리다
98625|크바
98626|양북
98627|연심하다
98628|함부래
98629|당직수
98630|피언
98631|업도
98632|라뤼
98633|꼬드리
98634|찬술되다
98635|데이터베이스화되다
98636|음룟값
98637|로맨시스트
98638|루지
98639|당승
98640|화이난
98641|고회
98642|아무러나
98643|권품천사
98644|능신
98645|감그
98646|케이아이
98647|충직스럽다
98648|리칭
98649|독왕
98650|무느다
98651|욕설투성이
98652|맹전하다
98653|군재
98654|읍지
98655|십학
98656|희석화되다
98657|흰해삼
98658|경설
98659|귀살스레
98660|씀벅씀벅하다
98661|이지
98662|취후
98663|끼리다
98664|바다잉어
98665|가녕
98666|개잘량
98667|강산무진도
98668|경천
98669|툴툴하다
98670|감피
98671|차이니스칼라
98672|궤형
98673|둥근이질풀
98674|따우
98675|찬기파랑가
98676|금독
98677|디센딩
98678|앙데팡당
98679|지접하다
98680|슈포어
98681|무략
98682|페닐프로판올아민
98683|표지하다
98684|확호하다
98685|파펜
98686|죄일
98687|마이브리지
98688|색스럽다
98689|나이세리아
98690|루셀
98691|접철
98692|문범
98693|젖뜨리다
98694|니농
98695|목시다
98696|통폐
98697|다살
98698|월림
98699|지격
98700|득명하다
98701|속종
98702|보합하다
98703|내쏟다
98704|주진하다
98705|베렌스
98706|부림말
98707|리알
98708|푸른풀
98709|검속되다
98710|한댕
98711|녹지근하다
98712|금진하다
98713|안피지
98714|맨손운동
98715|무토면세
98716|디스패처
98717|오발
98718|큰까치수염
98719|군동
98720|사카테카스
98721|베처먼
98722|치판
98723|독정
98724|견위치명
98725|급상
98726|철뭉치
98727|자액하다
98728|약금
98729|달선
98730|젖사탕
98731|디시스
98732|버슷하다
98733|원골
98734|선번
98735|맹활동하다
98736|득분
98737|개꿉다
98738|방쿠
98739|카렌다
98740|함정투성이
98741|철걱
98742|출인하다
98743|류상
98744|나의
98745|운어
98746|배각
98747|헛눈
98748|토향
98749|콩스탕틴
98750|엘테아닌
98751|예술헤염
98752|결맥
98753|아께
98754|숙인
98755|엘긴
98756|흰노
98757|극원
98758|자자히
98759|핏뎅이
98760|갈체
98761|영웅화하다
98762|채사
98763|총하다
98764|치개다
98765|심관
98766|외잡하다
98767|팔딱이다
98768|각점
98769|귀숙하다
98770|최렴
98771|생알
98772|프로프리아층
98773|짠뜩
98774|착하하다
98775|투각하다
98776|말증
98777|우믈
98778|날날이
98779|렌토
98780|모래가마
98781|깎낫
98782|진항하다
98783|강지리
98784|명예로이
98785|애기시
98786|흉용하다
98787|플로어링
98788|군자불기
98789|와하브파
98790|에린놈
98791|심블
98792|작조
98793|쪼작쪼작
98794|해탈되다
98795|녹채
98796|익티오사우루스
98797|명력
98798|거리수
98799|우라니아
98800|무상히
98801|학조
98802|덥수룩이
98803|가닥지다
98804|동게다
98805|네일링
98806|이륵이륵하다
98807|끝검은메뚜기
98808|화혼
98809|필새
98810|머굽다
98811|시천
98812|무려
98813|뒤이야기
98814|살지이
98815|외돛배
98816|내린머리
98817|탈모하다
98818|넋건지기굿
98819|돌돈
98820|닛키
98821|잡살뱅이
98822|쪼뼛거리다
98823|발귀
98824|골학
98825|흐름새
98826|분지다
98827|나중판
98828|검은오름
98829|썰대
98830|울리야놉스크
98831|장죄
98832|애젊다
98833|가무놀이
98834|스애끼
98835|뚝집
98836|진드물
98837|신선어
98838|덕하리
98839|후손되다
98840|오페이크
98841|해괘
98842|방작
98843|정요
98844|거첨
98845|총파
98846|탐선
98847|히득대다
98848|조끼다
98849|보태
98850|반량
98851|저익기
98852|파급하다
98853|와쿠바리
98854|참괴하다
98855|뒤렌마트
98856|껍죽대다
98857|공협
98858|효촌
98859|변무
98860|합위
98861|탈유
98862|파벽
98863|의중지인
98864|잠배
98865|덧신기다
98866|임검
98867|쏨
98868|예초하다
98869|난언
98870|잔행
98871|오슬러
98872|팔난봉
98873|펜타클로로페놀
98874|청사하다
98875|노달
98876|바스대다
98877|열탕
98878|비문허다
98879|단표
98880|권권
98881|거풍
98882|개구장
98883|서돌다
98884|마쿠시타
98885|스포티드
98886|인필트레이션
98887|몽달이
98888|엉글다
98889|겐지겐지
98890|먹음직스레
98891|강음
98892|마평동
98893|용구하다
98894|월회
98895|소쇄하다
98896|입구석
98897|식속
98898|사쿠리
98899|레니움
98900|이훼
98901|모랙
98902|긍정론자
98903|압량
98904|쭈빗쭈빗하다
98905|너매
98906|꺼칠다
98907|처니
98908|흡수기
98909|급서
98910|요굴
98911|중암리
98912|도득
98913|신들신들
98914|지넹이
98915|처운
98916|소예
98917|박족
98918|신량역천
98919|전술체계
98920|상복하다
98921|랑게르한스섬
98922|흐드미
98923|칙칙대다
98924|하여칸
98925|독비
98926|계임
98927|해단하다
98928|심질
98929|재입력하다
98930|조행
98931|제립
98932|뱃집
98933|나아가서
98934|질언
98935|다무다
98936|허우도
98937|산노쓰즈미
98938|간요하다
98939|토칸칭스강
98940|최운
98941|십락
98942|재음미하다
98943|찌긋거리다
98944|티레니아해
98945|벨트화하다
98946|약노
98947|뻗장대다
98948|그린백
98949|포토키나
98950|서격렬비도
98951|라완
98952|쉬이여기다
98953|숙녀복
98954|흉판
98955|개지
98956|스케네
98957|무겸
98958|딩동거리다
98959|모지러지다
98960|귀작
98961|마상하다
98962|윗등심살
98963|우장바구
98964|직배하다
98965|초아
98966|알라스공드
98967|효과실
98968|인지위덕
98969|흐리우다
98970|대폭하다
98971|직교되다
98972|열규
98973|데침
98974|흑흑대다
98975|가데나
98976|고소롬하다
98977|북숭이
98978|날맹이
98979|기우르다
98980|쪼매이
98981|규찬
98982|선진하다
98983|떼룩떼룩
98984|라인란트팔츠주
98985|불인정하다
98986|너덜나다
98987|단일문
98988|발세
98989|조처
98990|낭그
98991|윤덕희
98992|기운껏
98993|마텐자이트
98994|절부
98995|날트렉손
98996|현당
98997|천산대렵도
98998|야살스럽다
98999|매자나뭇과
99000|분리체
99001|주붕
99002|간세
99003|로노
99004|한황
99005|소지인
99006|선비콩
99007|경명행수
99008|향락주의자
99009|아미아
99010|이륵이륵
99011|롱담
99012|풍가
99013|염광중
99014|포내
99015|축방
99016|야철지
99017|촐촐하다
99018|장탁
99019|빙장
99020|호남아
99021|네끼다
99022|귀겅
99023|가항
99024|편증
99025|두럭
99026|가그리
99027|흐놀다
99028|쥐글라
99029|요요히
99030|범해
99031|차개
99032|탁지
99033|아열대화되다
99034|탐천
99035|신비화되다
99036|고입하다
99037|법좌
99038|헥시트
99039|위습다
99040|경기관
99041|분구되다
99042|므스게
99043|극승
99044|탄층
99045|뽀작거리다
99046|퍼더덕
99047|쇳밥
99048|쳐부시다
99049|무흠하다
99050|거무스레
99051|각저
99052|셉테드
99053|희망대초
99054|서응
99055|난공사
99056|츱츱하다
99057|피박하다
99058|엄기
99059|백자
99060|수종하다
99061|절략
99062|베실
99063|혈허
99064|흰무늬
99065|평설
99066|생끗
99067|소꼽
99068|뻘때추니
99069|년만하다
99070|음습
99071|얼른거리다
99072|둑지
99073|충의지심
99074|찬안
99075|불사이군
99076|충연하다
99077|채대
99078|내알
99079|드롭인
99080|계죽
99081|모지라다
99082|왜계
99083|탈향
99084|두락
99085|교양원
99086|보종
99087|웨어링
99088|금현
99089|버거씨병
99090|탈칵거리다
99091|편월
99092|내비리다
99093|가기하다
99094|대약진하다
99095|침태
99096|전다
99097|이시유
99098|방직하다
99099|작파
99100|타백
99101|외새
99102|태고
99103|발출되다
99104|운조
99105|승역
99106|맛조이다
99107|괭이질하다
99108|화대
99109|관규
99110|칠규
99111|감격스레
99112|허니서클
99113|취옹
99114|함매
99115|수량하다
99116|알티지
99117|주객전도하다
99118|척아
99119|낙성되다
99120|급감되다
99121|보리걷이
99122|교아
99123|통청
99124|악렬하다
99125|다원론
99126|의혈
99127|휴항하다
99128|스위트칠리소스
99129|추오
99130|마을오래
99131|쌍받침
99132|망해
99133|하늑대다
99134|애관
99135|왕신
99136|앉은좁쌀풀
99137|호들호들
99138|비엠시
99139|호림
99140|아마득하다
99141|단어만들기
99142|인합
99143|뿔질하다
99144|꼼지락하다
99145|필봉
99146|행도하다
99147|배리하다
99148|쑤석쑤석하다
99149|곰상
99150|분경하다
99151|풋다
99152|축분
99153|만공산하다
99154|조몰락조몰락하다
99155|기념화하다
99156|발육되다
99157|처때다
99158|징세하다
99159|잉걸
99160|비비에
99161|후르륵거리다
99162|봉적
99163|물영아리오름
99164|정신주의자
99165|주굴주굴
99166|아카뎀고로도크
99167|성천밤
99168|유력시하다
99169|무나이
99170|윤락하다
99171|둔병
99172|비팅
99173|빠지우다
99174|애드버타이징
99175|기친
99176|폴리솜
99177|각쟁이
99178|찍사다
99179|이로미
99180|왕쥐똥나무
99181|맞대하다
99182|파독하다
99183|홍경하다
99184|용장하다
99185|제랄
99186|세투발
99187|소중기
99188|나인협
99189|된목
99190|찬양되다
99191|구증구포
99192|말뱅이
99193|표준사양
99194|바이오클러스터
99195|동릉
99196|페데
99197|탈영역화
99198|권용
99199|일찌감히
99200|빙실
99201|반혼하다
99202|재끼
99203|시종무관부
99204|어둑히
99205|흑칠
99206|항새
99207|금제하다
99208|담장하다
99209|개표기
99210|구급표
99211|맞다들다
99212|비쭉하다
99213|외습
99214|뷰세권
99215|주브
99216|깕
99217|완접
99218|적일
99219|석기이다
99220|풍량계
99221|머박
99222|괘롭다
99223|남실거리다
99224|구롬
99225|몸고생하다
99226|인항하다
99227|마륵동
99228|발놀림하다
99229|대수압도
99230|임항
99231|흑주
99232|온찜질하다
99233|맛내다
99234|코돈
99235|지오
99236|온군해
99237|티지
99238|가우리
99239|요해
99240|망경동
99241|알맞춤
99242|테우리
99243|두혈종
99244|스카른
99245|일벗다
99246|덕대
99247|불뚝불뚝하다
99248|미투기
99249|전교하다
99250|기공되다
99251|플라우
99252|빼짓이
99253|약서
99254|빤빤히
99255|뎝다
99256|경이원지
99257|악연하다
99258|뜰어지다
99259|답치기
99260|난계하다
99261|능청능청
99262|뭉글
99263|가로대
99264|순뢰
99265|자양하다
99266|후분
99267|황단
99268|톨치프
99269|책과
99270|억시다
99271|라위
99272|초산하다
99273|옹서
99274|질로
99275|스탠자
99276|차분차분히
99277|찰싹대다
99278|찔벅거리다
99279|유함
99280|염연하다
99281|노렐
99282|베리칩
99283|공후장상
99284|도삼리
99285|호궁
99286|잘이다
99287|조인
99288|수군절제사
99289|찬배
99290|의금
99291|둡게
99292|뇌명
99293|하해불택세류
99294|항송하다
99295|벨랗다
99296|양항
99297|절적하다
99298|큰아들
99299|둥굴둥굴하다
99300|급장하다
99301|쏘싹거리다
99302|아연등
99303|형상되다
99304|체녀
99305|찰상
99306|나부죽
99307|부두럽다
99308|전착
99309|중부리도요
99310|어버시
99311|향역
99312|피상
99313|상식하다
99314|리살
99315|감봉하다
99316|바근바근하다
99317|가주리
99318|홍려
99319|껄쭉하다
99320|소리가락
99321|압력조절기
99322|수곤
99323|인민과학자
99324|멘하다
99325|감호되다
99326|묵진하다
99327|왕심리
99328|편간
99329|두우
99330|다현
99331|폐금
99332|취정
99333|애형
99334|일등품
99335|맛받다
99336|불불
99337|공손스럽다
99338|골미
99339|위순
99340|논책
99341|팽대부
99342|클로로피크린
99343|주합
99344|돌이다
99345|임균
99346|나무쇠싸움
99347|찰카당
99348|을스산하다
99349|상키다
99350|핵티비스트
99351|뒤쳐나오다
99352|등할
99353|험잡다
99354|오르니
99355|말개지다
99356|혜릉
99357|경국지재
99358|감선하다
99359|뜨르릉
99360|척구하다
99361|헌헌대장부
99362|헛뿌리
99363|제와하다
99364|저절루
99365|소머셋
99366|고교회파
99367|시로무쿠
99368|변향
99369|달라부트다
99370|송송히
99371|복방
99372|고팔이
99373|세멸
99374|우록
99375|데젤
99376|짓먹다
99377|심량
99378|빠글거리다
99379|나무구조
99380|재간행되다
99381|그림감
99382|찌르륵거리다
99383|수렁이
99384|양차이
99385|분답스럽다
99386|주체농법
99387|잠양
99388|디엑스
99389|두품
99390|이중자음
99391|곰작거리다
99392|지저거리다
99393|내관하다
99394|실색
99395|부르하버
99396|맥그리프
99397|자수다
99398|모시천
99399|월운
99400|용만하다
99401|욕불
99402|선노
99403|꾸륵꾸륵하다
99404|나조
99405|솧
99406|내장품
99407|그라나
99408|어배
99409|넘가주다
99410|버풀
99411|절차탁마하다
99412|항리
99413|야프섬
99414|호림대
99415|수송자
99416|굉렬하다
99417|금운
99418|그라야노톡신
99419|쪼골쪼골하다
99420|모자리
99421|새새대다
99422|철탄
99423|근제하다
99424|멀티큐브
99425|성화되다
99426|모당
99427|덮씌우다
99428|선골
99429|난공
99430|외업
99431|탱개
99432|묵음하다
99433|계상되다
99434|금언하다
99435|까매다
99436|가설교
99437|떠듬대다
99438|깔딱하다
99439|근위부대
99440|잦바듬하다
99441|부설되다
99442|테러호트
99443|게검스럽다
99444|장탄하다
99445|꿍꽝꿍꽝
99446|신혼하다
99447|샛년
99448|피석
99449|편년
99450|본태
99451|피비게르
99452|치마말기
99453|소말리족
99454|보삭
99455|키크로스
99456|탈랑거리다
99457|보수도
99458|태형
99459|전첨
99460|거풍하다
99461|전분화능
99462|파국하다
99463|어령이
99464|늑다리
99465|타디
99466|아에기르
99467|미련히
99468|라오까이
99469|하이퍼리얼
99470|파에타노
99471|난가
99472|쌜룩거리다
99473|망론
99474|토광
99475|이그러지다
99476|얼른얼른하다
99477|후굴
99478|기집질하다
99479|퇴영하다
99480|궁극히
99481|아양스럽다
99482|앙당그러지다
99483|바끼
99484|유찰하다
99485|보그래
99486|알로록달로록하다
99487|차가하다
99488|얼러리
99489|투적
99490|탈습
99491|서류꽂이
99492|서데
99493|황구하다
99494|동홍동
99495|붉은왜가리
99496|옴쏙하다
99497|할맥
99498|간병원
99499|에스피에스
99500|조습
99501|증배
99502|탁탁대다
99503|융복합하다
99504|품팔이하다
99505|후서
99506|이소아밀알코올
99507|이끄미
99508|무상출입하다
99509|구리가라
99510|제항
99511|남가새
99512|특생
99513|특청
99514|쓰메키리
99515|의기충천하다
99516|깜추다
99517|간다개
99518|노라리
99519|생결
99520|초들다
99521|니취
99522|년령
99523|치세우다
99524|생산실습
99525|뻐떡하면
99526|종자새끼
99527|푸르르거리다
99528|싱갱이하다
99529|대찬하다
99530|재위촉하다
99531|화망
99532|지체부자유아
99533|가싸
99534|소법
99535|혼초
99536|음선
99537|므니
99538|대전의
99539|최고주권기관
99540|나뭇길
99541|총판하다
99542|참담히
99543|궁이
99544|홍인한
99545|숙생
99546|감력
99547|용왕맞이
99548|고이젠
99549|재행
99550|주진자
99551|드부
99552|가서명되다
99553|상가하다
99554|엉성궂다
99555|나무속살
99556|비뚤거리다
99557|달가이
99558|꼬무락거리다
99559|꼬방
99560|최급
99561|찌뿌드드
99562|황세
99563|꿈실대다
99564|안녹산
99565|불그
99566|딱정벌렛과
99567|흰눈썹긴발톱할미새
99568|이앙
99569|홈미
99570|에이에이에이
99571|반양
99572|각덕
99573|불지
99574|민숭이
99575|코레조
99576|쓰담다
99577|이오논
99578|에꺄르떼
99579|붐히
99580|옥비
99581|게바라오르다
99582|나침
99583|금백
99584|달각이다
99585|하완
99586|툭탁하다
99587|윤누리
99588|번적번적하다
99589|부낭
99590|강퇴되다
99591|우화등선
99592|너를다
99593|해토하다
99594|법단
99595|적령
99596|흑흑하다
99597|다미에타
99598|울목
99599|연폭
99600|로저리
99601|푸른잎채소
99602|훈습하다
99603|약석
99604|녀성
99605|벌름하다
99606|이홍직
99607|울구락불구락
99608|궁글리다
99609|와자자
99610|꽃참새
99611|연액
99612|다심하다
99613|볼가내다
99614|징역살이하다
99615|권과
99616|주름막
99617|재취득하다
99618|꾸렁
99619|청절
99620|바람깎기
99621|부사절
99622|일념통암
99623|엉강
99624|고함하다
99625|패권화하다
99626|세리그래피
99627|재쇄
99628|세면하다
99629|따듬다
99630|미예
99631|쇠로하다
99632|승함하다
99633|피물
99634|연연불망
99635|씽긋하다
99636|고무뜨기
99637|제본사
99638|봉사망
99639|다짐서
99640|탈관
99641|성담
99642|종바리
99643|피닝
99644|심그다
99645|박대기
99646|조롬
99647|법살
99648|극귀하다
99649|차도구
99650|올승
99651|옥시헤모글로빈
99652|하이고메
99653|조서하다
99654|버디백
99655|중도위
99656|봉채
99657|실무시
99658|헤로
99659|수각
99660|부푸
99661|좁은잎덩굴용담
99662|농안
99663|부네
99664|복곡
99665|사리차
99666|전형하다
99667|뜬것
99668|모오리
99669|계포
99670|죽로차
99671|복다
99672|이환
99673|젇
99674|반투과성
99675|심주
99676|국규
99677|비래
99678|분기충천하다
99679|고운점박이푸른부전나비
99680|출회
99681|괘씸히
99682|캡슐화하다
99683|항경
99684|비격
99685|훌릉하다
99686|뽕나다
99687|답험
99688|완전넘어지기
99689|히스톤
99690|안팎식구
99691|얅다
99692|범문
99693|진보다
99694|가스집
99695|벋정다리
99696|다깨
99697|비휴
99698|외화벌이하다
99699|퇴선
99700|공편하다
99701|의사스럽다
99702|울절
99703|기륜
99704|택길
99705|롬바르드족
99706|차자하다
99707|은가
99708|평유
99709|위슬러
99710|순노
99711|에루화
99712|세랍
99713|플로링
99714|아릿아릿하다
99715|쏘미다
99716|부드득부드득
99717|문데다
99718|미염
99719|비쭉이다
99720|봉심하다
99721|서부진언
99722|백여리
99723|자갈자갈하다
99724|콧구냥
99725|껌중
99726|밀반
99727|과류
99728|속객
99729|번질나다
99730|흐름흐름
99731|보인하다
99732|뒤뚝거리다
99733|광설
99734|해뜨리다
99735|남북머리
99736|껍진껍진하다
99737|의육
99738|대잡
99739|밤재다
99740|넢
99741|물비소시
99742|따쿵
99743|우리말큰사전
99744|버터릭
99745|밀의
99746|머리봉
99747|옥책
99748|일예
99749|고층살림집
99750|우카얄리강
99751|쑷다
99752|리전하다
99753|방싯거리다
99754|인업
99755|호담하다
99756|데까닥
99757|청담하다
99758|여는
99759|뉴클레오시드
99760|청맹
99761|삼불제
99762|연피
99763|엉터리없다
99764|설맞다
99765|자유던지기
99766|비단길앞잡이
99767|달가닥달가닥하다
99768|미눌
99769|반팅이
99770|애믹이다
99771|브루벡
99772|거십
99773|취반
99774|벌도
99775|재착륙하다
99776|던적스럽다
99777|오문하다
99778|행이
99779|따나
99780|기기하다
99781|삼복백규
99782|방물장사하다
99783|농처
99784|점미
99785|음중하다
99786|쉬척지근하다
99787|궐역
99788|방가하다
99789|멀게지다
99790|에이엠피
99791|평규
99792|진출입하다
99793|엠브이
99794|귀심
99795|장침
99796|온난
99797|골래다
99798|칙허
99799|오렝이
99800|인타르시아
99801|고평
99802|좌의
99803|달아들다
99804|한가위
99805|구심성
99806|율정
99807|평생지원
99808|웃짤
99809|시마노프스키
99810|괴나리보따리
99811|천열
99812|무위지치
99813|간경
99814|물렛가락
99815|감능
99816|힘지다
99817|업스트럭션
99818|늘쩡늘쩡
99819|극창
99820|축살
99821|과갑
99822|디스크립터
99823|중대히
99824|심보르스카
99825|코민포름
99826|벌석
99827|풀쩍거리다
99828|기지리
99829|까꾸루
99830|니코폴
99831|맷독
99832|유룸
99833|근우
99834|데시카
99835|갱실
99836|둥근머리
99837|차탈휘위크
99838|논갈이하다
99839|자저하다
99840|광작
99841|쇼나곤
99842|돌려읽기
99843|연염하다
99844|밍월
99845|성저십리
99846|간만하다
99847|효산리
99848|호수하다
99849|멕시칸샐러드
99850|덧나가다
99851|아슈하바트
99852|벽방산
99853|로망하다
99854|빠삭히
99855|자홀
99856|둔세
99857|탐묵
99858|쌩글거리다
99859|싸근싸근
99860|상직
99861|귀착하다
99862|쌍그리
99863|녹파
99864|갯바닥
99865|거공
99866|맏상제
99867|병분
99868|두메아편꽃
99869|빤듯이
99870|작물화하다
99871|장콜
99872|벙싯하다
99873|변지
99874|널하다
99875|구행
99876|콩젖
99877|년배
99878|얼특
99879|선그림
99880|출생되다
99881|침자
99882|지끼
99883|로이힐린
99884|차형
99885|월복하다
99886|붉은가슴흰죽지
99887|지카다비
99888|상평
99889|건송
99890|흠흠거리다
99891|부엌일하다
99892|난짝
99893|상극하다
99894|의제하다
99895|유여하다
99896|쇄파
99897|불쾌히
99898|시비디
99899|광암
99900|화앙
99901|쿠르드어
99902|줄게이
99903|떼묵다
99904|화불
99905|방속
99906|참당
99907|에이치이
99908|지금껀
99909|뉘시깔
99910|회동그랗다
99911|봉무
99912|압인
99913|꼴락
99914|용호상박하다
99915|움퍽눈
99916|탄질
99917|그린노믹스
99918|퀜치
99919|실은
99920|선나치
99921|염업
99922|방인
99923|털두꺼비하늘소
99924|흔연스럽다
99925|심민
99926|전급하다
99927|격률
99928|촉상
99929|욱여들다
99930|과우리
99931|우레티다
99932|염위
99933|꿈실거리다
99934|민조
99935|영웅화되다
99936|어끄다
99937|중행
99938|반권하다
99939|재권
99940|지주하다
99941|인각되다
99942|구신같다
99943|나팔통
99944|수저질하다
99945|향소
99946|큰고랭이
99947|수의하다
99948|질행
99949|길닦음
99950|부승
99951|비드미
99952|티비아
99953|내씹다
99954|번표
99955|잠혈
99956|일욕
99957|자국길
99958|오일렌슈피겔
99959|격층
99960|업사
99961|효고
99962|묵비하다
99963|쌔이
99964|나릿나릿
99965|배벌과
99966|성안하다
99967|메가로돈
99968|오면체
99969|선묘하다
99970|상방하다
99971|린징
99972|티하
99973|개잡다
99974|제작도
99975|행령하다
99976|징권
99977|전악
99978|참월하다
99979|신망애
99980|으끄러지다
99981|녹명하다
99982|아이리시스튜
99983|구물구물
99984|산풍
99985|되샛과
99986|어둑컴컴하다
99987|왕왕대다
99988|오지하다
99989|명소하다
99990|급감속하다
99991|야처
99992|호함지다
99993|육두마차
99994|자그매지다
99995|가함
99996|문뎅이
99997|다층화하다
99998|캐비테이션
99999|지겁다
100000|제감하다
