1|34|그러나|부||A|but/however|*그러나* 사실은|but the truth is|*그러나* 이미 늦었다|but it's already late|어렵다. *그러나* 해보자|it's hard. but let's try||||||
2|83|이런01|관||A|this kind of|*이런* 일|this kind of matter|*이런* 사람|this kind of person|*이런* 기회|this kind of opportunity||||||
3|95|함께|부||A|together|가족과 *함께*|together with family|*함께* 가다|to go together|우리 *함께*|we together||||||
4|104|나다01|동||A|to occur/arise|생각이 *나다*|to remember|불이 *나다*|a fire breaks out|냄새가 *나다*|to smell||||||
5|117|여러|관||A|several/various|*여러* 나라|several countries|*여러* 번|several times|*여러* 가지|various kinds||||||
6|121|버리다01|보||A|to end up (doing)|잊어 *버리다*|to completely forget|먹어 *버렸다*|ended up eating it|잃어 *버리다*|to lose (something)||||||
7|127|가장01|부||A|most|*가장* 빠르다|to be the fastest|*가장* 좋아하다|to like the most|*가장* 큰 문제|the biggest problem||||||
8|167|내다02|동|길을 ~|A|to make/produce|소리를 *내다*|to make a sound|시간을 *내다*|to make time|길을 *내다*|to clear a path||||||
9|178|사이01|명||A|between/relationship|친구 *사이*|between friends|건물 *사이*|between buildings|둘 *사이*가 좋다|they have a good relationship||||||
10|182|내다02|보|참아 ~|A|to manage to do|끝내 *내다*|to finish off|이겨 *내다*|to overcome|참아 *냈다*|managed to endure||||||
11|208|역사04|명|歷史|A|history|한국의 *역사*|history of Korea|오랜 *역사*|long history|*역사*를 배우다|to learn history||||||
12|210|이제01|부||A|now|*이제* 그만|stop now|*이제* 다 됐다|it's all done now|*이제* 어디 가?|where are you going now?||||||
13|243|내리다01|동|눈이 ~|A|to fall/get off|비가 *내리다*|it's raining|버스에서 *내리다*|to get off the bus|값이 *내렸다*|the price fell||||||
14|289|묻다03|동|길을 ~|A|to ask|길을 *묻다*|to ask for directions|선생님께 *물어보자*|let's ask the teacher|이름을 *물었다*|asked the name||||||
15|311|서로01|부||A|each other|*서로* 돕다|to help each other|*서로* 사랑하다|to love each other|*서로* 다른 생각|different thoughts from each other||||||
16|327|떠나다|동||A|to leave|여행을 *떠나다*|to go on a trip (leave for travel)|고향을 *떠나다*|to leave one's hometown|멀리 *떠났다*|left for a far place||||||
17|370|이제01|명||A|now/the present|*이제*부터 시작|starting from now|*이제*야 알았다|just found out now|*이제* 그만해|stop it now||||||
18|371|교수06|명|敎授|A|professor|대학 *교수*|university professor|*교수*님 말씀|professor's words|*교수*직|professorship||||||
19|377|돌아오다|동||A|to return/come back|집에 *돌아오다*|to come home|제자리로 *돌아오다*|to return to one's place|곧 *돌아올게*|I'll come back soon||||||
20|393|매우01|부||A|very/greatly|*매우* 중요하다|very important|*매우* 덥다|very hot|*매우* 기쁘다|very happy||||||
21|439|그리다02|동|그림을 ~|A|to draw/paint|그림을 *그리다*|to draw a picture|얼굴을 *그렸다*|drew a face|지도에 *그리다*|to draw on a map||||||
22|512|학년|명|學年|A|school grade/year|일 *학년*|first grade|저*학년*|lower grades|*학년*이 올라가다|to move up a grade||||||
23|513|신문10|명|新聞|A|newspaper|*신문*을 읽다|to read the newspaper|오늘 *신문*|today's paper|*신문* 기자|newspaper reporter||||||
24|514|가지다|보||A|to keep (progressive)|살아 *가지고*|to be living|돈을 *가져* 가다|to take money|그걸 *가지고*|with that||||||
25|564|발01|명|신체의 일부|A|foot|*발*이 크다|to have big feet|*발*을 씻다|to wash one's feet|*발*을 다치다|to hurt one's foot||||||
26|576|말다03|동|그만두다|A|to stop/quit|하기로 하다가 *말다*|to start then stop|그만 *두고* 말았다|ended up quitting|하다 *말* 거면 하지 마|if you're going to quit halfway| don't do it|||||
27|590|적다02|형|경험이 ~|A|to be few/little|사람이 *적다*|to be few people|돈이 *적다*|to be little money|양이 *적어요*|the amount is small||||||
28|622|참01|부|참으로|A|really/truly|*참* 예쁘다|really pretty|*참* 좋은 사람|truly good person|*참* 잘했어요|very well done||||||
29|653|어른01|명||A|adult|*어른*이 되다|to become an adult|*어른* 말씀을 듣다|to listen to adults|공경해야 할 *어른*|elders to respect||||||
30|689|환자03|명|患者|A|patient|병원의 *환자*|hospital patient|*환자*를 치료하다|to treat a patient|중환자실의 *환자*|patient in the ICU||||||
31|699|대화06|명|對話|A|conversation|*대화*를 나누다|to have a conversation|*대화*가 안 통하다|cannot communicate|진지한 *대화*|serious conversation||||||
32|701|올해|명||A|this year|*올해* 목표|this year's goal|*올해* 들어|since the start of this year|*올해* 스무 살|twenty years old this year||||||
33|716|걸다02|동|옷을 ~|A|to hang|옷을 *걸다*|to hang clothes|전화를 *걸다*|to make a phone call|그림을 *걸었다*|hung a painting||||||
34|718|멀다02|형|갈 길이 ~|A|to be far|거리가 *멀다*|the distance is far|집에서 *멀어요*|it's far from home|*먼* 훗날|the distant future||||||
35|722|잠시|부|暫時|A|for a moment|*잠시*만 기다리세요|please wait a moment|*잠시* 쉬다|to rest for a while|*잠시* 뒤에|after a short while||||||
36|756|잃다|동||A|to lose|길을 *잃다*|to get lost|돈을 *잃었다*|lost money|희망을 *잃다*|to lose hope||||||
37|794|언제나|부||A|always/anytime|*언제나* 환영이다|always welcome|*언제나* 변함없다|always the same/unchanging|*언제나* 그 자리에|always in that spot||||||
38|802|어린이01|명||A|child|*어린이* 공원|children's park|*어린이*날|Children's Day|*어린이* 도서관|children's library||||||
39|834|드리다01|보|도와 ~|A|to do (honorific aux)|도와 *드리다*|to help (honorific)|말씀 *드리다*|to tell (honorific)|선물해 *드렸다*|gave a gift (honorific)||||||
40|845|어떠하다|형||A|to be how/what|상태가 *어떠하니*?|how is the condition?|마음이 *어떠해*?|how do you feel?|*어떠한* 경우에도|in any case||||||
41|925|장22|의|張. 종이 한 ~|A|sheet (counter)|종이 한 *장*|a sheet of paper|수건 두 *장*|two towels|표 한 *장*|one ticket||||||
42|928|식사03|명|食事|A|meal|*식사* 하셨어요?|have you had your meal?|맛있는 *식사*|delicious meal|*식사* 시간|mealtime||||||
43|957|팔01|명|신체의 일부|A|arm|*팔*이 길다|to have long arms|*팔*을 다치다|to hurt one's arm|*팔*짱을 끼다|to cross one's arms||||||
44|974|낮다|형||A|to be low|온도가 *낮다*|temperature is low|*낮은* 산|low mountain|점수가 *낮아요*|the score is low||||||
45|978|오래02|부||A|long/for a long time|*오래* 기다렸어요|I waited a long time|*오래* 살다|to live long|*오래*된 책|old book||||||
46|1002|즐겁다|형||A|to be pleasant/joyful|*즐거운* 시간|pleasant time|노래가 *즐겁다*|the song is joyful|*즐겁게* 놀다|to have fun playing||||||
47|1007|싸우다|동||A|to fight/quarrel|친구와 *싸우다*|to fight with a friend|말다툼하며 *싸웠다*|fought with words|그만 *싸워*|stop fighting||||||
48|1040|작년|명|昨年|A|last year|*작년* 여름|last summer|*작년*부터 시작했다|started from last year|*작년* 이맘때|this time last year||||||
49|1068|남녀|명|男女|A|men and women|*남녀* 노소|men and women of all ages|*남녀* 평등|gender equality|*남녀* 관계|relationship between man and woman||||||
50|1077|맑다01|형||A|to be clear/pure|날씨가 *맑다*|the weather is clear|*맑은* 공기|fresh air|*맑은* 물|clear water||||||
51|1116|사장15|명|社長|A|boss/president|우리 회사의 *사장*|our company's president|*사장*님을 뵙다|to see the boss|*사장*실|CEO's office||||||
52|1120|그렇지만|부||A|but/however|*그렇지만* 사실은|but the truth is|*그렇지만* 이미 늦었어|but it's already late|덥다. *그렇지만* 즐거워|It's hot. But I'm happy.||||||
53|1163|계시다|동||A|to be/stay (honorific)|선생님이 *계시다*|the teacher is there|집에 *계세요*|stay at home (honorific)|건강히 *계십시오*|stay healthy (formal)||||||
54|1189|가볍다|형||A|to be light|가방이 *가볍다*|the bag is light|*가벼운* 마음|a light heart|발걸음이 *가볍다*|steps are light||||||
55|1224|자전거|명|自轉車|A|bicycle|*자전거*를 타다|to ride a bicycle|*자전거* 여행|bicycle trip|두 발 *자전거*|two-wheeled bicycle||||||
56|1230|목01|명||A|neck / throat|*목*이 아프다|throat hurts|*목*이 마르다|to be thirsty|*목*을 돌리다|to turn one's neck||||||
57|1239|피우다01|동||A|to light / to smoke|담배를 *피우다*|to smoke a cigarette|불을 *피우다*|to light a fire|모닥불을 *피우다*|to light a campfire||||||
58|1249|교통01|명|交通|A|transportation / traffic|대중*교통*|public transportation|*교통* 사고|traffic accident|*교통*이 편리하다|transportation is convenient||||||
59|1263|불다01|동|바람이 ~|A|to blow|바람이 *불다*|the wind blows|피리를 *불다*|to play the flute|풍선을 *불다*|to blow up a balloon||||||
60|1325|장소05|명|場所|A|place / location|약속 *장소*|meeting place|*장소*를 정하다|to decide a place|안전한 *장소*|safe place||||||
61|1334|적다01|동|답을 ~|A|to write down|이름을 *적다*|to write down a name|메모를 *적다*|to write a memo|수첩에 *적어두다*|to jot down in a notebook||||||
62|1488|인사01|명|人士|A|public figure / personage|유명 *인사*|celebrity / famous person|주요 *인사*|key figure|사회 *인사*|public figure||||||
63|1517|박물관|명|博物館|A|museum|*박물관*에 가다|to go to a museum|역사 *박물관*|history museum|국립 *박물관*|national museum||||||
64|1522|어서01|부||A|quickly / please|*어서* 오세요|welcome / come in quickly|*어서* 먹어라|eat quickly|*어서* 들어오세요|please come in||||||
65|1598|남쪽|명|南-|A|south|*남쪽* 지방|southern region|*남쪽*으로 가다|to go south|따뜻한 *남쪽*|warm south||||||
66|1619|부인01|명|夫人|A|wife / Mrs.|선생님의 *부인*|teacher's wife|사장님 *부인*|boss's wife|그의 *부인*|his wife||||||
67|1663|바람01|의|눈이 오는 ~에|A|because of (result)|늦잠을 자는 *바람에*|because I overslept|비가 오는 *바람에*|because it rained|서두르는 *바람에*|because I rushed||||||
68|1708|교회02|명|敎會|A|church|*교회*에 다니다|to go to church|*교회* 종소리|church bell ringing|일요일엔 *교회*에|to church on Sunday||||||
69|1714|화06|명|~를 내다|A|anger|*화*가 나다|to be angry|*화*를 내다|to express anger|*화*가 풀리다|anger is relieved||||||
70|1732|도서관|명|圖書館|A|library|학교 *도서관*|school library|*도서관*에서 빌리다|to borrow from a library|*도서관* 열람실|library reading room||||||
71|1745|지하|명|地下|A|basement|*지하* 주차장|underground parking lot|*지하* 일 층|basement level 1|*지하* 상가|underground shopping mall||||||
72|1781|사무실|명|事務室|A|office|*사무실* 가구|office furniture|개인 *사무실*|private office|*사무실*에 출근하다|to go to the office||||||
73|1862|잡지|명|雜誌|A|magazine|패션 *잡지*|fashion magazine|*잡지*를 읽다|to read a magazine|월간 *잡지*|monthly magazine||||||
74|1867|댁01|명|宅|A|house (honorific)|선생님 *댁*|teacher's house|할머니 *댁*|grandmother's house|*댁*이 어디세요?|where is your home?||||||
75|1868|반갑다|형||A|to be glad|만나서 *반갑다*|glad to meet you|*반가운* 소식|welcome news|*반갑게* 맞이하다|to welcome gladly||||||
76|2179|북쪽|명|北-|A|north|*북쪽* 하늘|northern sky|*북쪽*으로 향하다|to head north|추운 *북쪽*|cold north||||||
77|2181|쇠고기|명||A|beef|*쇠고기*를 굽다|to grill beef|*쇠고기* 국|beef soup|*쇠고기* 스테이크|beef steak||||||
78|2329|경찰관|명|警察官|A|police officer|*경찰관*이 되다|to become a police officer|*경찰관* 아저씨|policeman|*경찰관*에게 신고하다|to report to a police officer||||||
79|2434|군인|명|軍人|A|soldier|*군인*이 되다|to become a soldier|늠름한 *군인*|gallant soldier|*군인* 아저씨|soldier mister||||||
80|2457|치마01|명||A|skirt|*치마*를 입다|to wear a skirt|짧은 *치마*|short skirt|긴 *치마*|long skirt||||||
81|2465|깎다|동||A|to cut / to peel / to discount|사과를 *깎다*|to peel an apple|머리를 *깎다*|to cut hair|값을 *깎다*|to cut the price||||||
82|2466|다리02|명|교량|A|bridge|*다리*를 건너다|to cross a bridge|큰 *다리*|big bridge|한강 *다리*|Han River bridge||||||
83|2534|운동장|명|運動場|A|playground|*운동장*에서 놀다|to play on the playground|넓은 *운동장*|wide playground|학교 *운동장*|school playground||||||
84|2569|동쪽|명|東-|A|east|*동쪽* 하늘|eastern sky|*동쪽*으로 가다|to go east|해 뜨는 *동쪽*|east where the sun rises||||||
85|2603|요즈음|명||A|these days|*요즈음* 날씨|the weather these days|*요즈음* 어때?|how are you these days?|*요즈음* 바빠요|I am busy lately||||||
86|2659|안경03|명|眼鏡|A|glasses|*안경*을 쓰다|to wear glasses|*안경*을 맞추다|to get glasses made|*안경*을 벗다|to take off glasses||||||
87|2705|구경01|명||A|sightseeing|꽃 *구경*|flower viewing|*구경*을 가다|to go sightseeing|사람 *구경*|people watching||||||
88|2803|생선|명|生鮮|A|fish|*생선*을 굽다|to grill fish|*생선* 찌개|fish stew|신선한 *생선*|fresh fish||||||
89|2812|지우다01|동|낙서를 ~|A|to erase|글씨를 *지우다*|to erase writing|화장을 *지우다*|to remove makeup|칠판을 *지웠다*|erased the blackboard||||||
90|2887|교과서|명|敎科書|A|textbook|수학 *교과서*|math textbook|*교과서*를 읽다|to read a textbook|*교과서* 위주로|based on textbooks||||||
91|2932|식탁|명|食卓|A|dining table|*식탁*을 차리다|to set the table|*식탁*에 앉다|to sit at the table|나무 *식탁*|wooden dining table||||||
92|2970|안되다01|동|공부가 ~|A|to not work out|일이 *안되다*|work is not going well|공부가 잘 *안된다*|studies aren't going well|얼굴이 *안됐네*|you look unwell||||||
93|3152|서쪽|명|西-|A|west|*서쪽* 바다|western sea|*서쪽*으로 지다|to set in the west|*서쪽* 하늘|western sky||||||
94|3287|여학생|명|女學生|A|female student|고등학교 *여학생*|high school girl|친절한 *여학생*|kind female student|*여학생* 교복|female student uniform||||||
95|3703|연필|명|鉛筆|A|pencil|*연필*로 쓰다|to write with a pencil|*연필*을 깎다|to sharpen a pencil|진한 *연필*|dark pencil||||||
96|3707|운전02|명|運轉|A|driving|음주 *운전*|drunk driving|*운전* 면허증|driver's license|*운전*을 배우다|to learn driving||||||
97|3808|목욕|명|沐浴|A|bath|*목욕*을 하다|to take a bath|*목욕* 가방|bath bag|매일 *목욕*해요|taking a bath every day||||||
98|3894|친절하다|형|親切-|A|to be kind|사람들이 *친절하다*|people are kind|*친절한* 안내|kind guidance|*친절하게* 대하다|to treat kindly||||||
99|3924|먹다02|보|잊어 ~|A|to do (auxiliary)|잊어 *먹다*|to completely forget|빌려 *먹다*|to borrow (and consume)|욕을 얻어 *먹다*|to be cursed at||||||
100|4142|여권02|명|旅券|A|passport|*여권*을 만들다|to make a passport|*여권* 사진|passport photo|*여권* 만료|passport expiration||||||
101|4143|열쇠|명||A|key|방 *열쇠*|room key|*열쇠*로 열다|to open with a key|차 *열쇠*|car key||||||
102|4776|기숙사|명|寄宿舍|A|dormitory|학교 *기숙사*|school dorm|*기숙사* 생활|dorm life|*기숙사*에 살다|to live in a dorm||||||
103|4836|주소01|명|住所|A|address|집 *주소*|home address|*주소*를 쓰다|to write an address|*주소*가 바뀌다|the address has changed||||||
104|5088|달력|명|-曆|A|calendar|*달력*을 보다|to look at a calendar|탁상 *달력*|desk calendar|새해 *달력*|new year calendar||||||
105|5121|소풍02|명|逍風|A|picnic|가을 *소풍*|autumn picnic|*소풍*을 가다|to go on a picnic|*소풍* 도시락|picnic lunch box||||||
106|5201|똑바로|부||A|straight|*똑바로* 앉다|to sit up straight|*똑바로* 가다|to go straight|*똑바로* 서다|to stand straight||||||
107|5229|서점03|명|書店|A|bookstore|중고 *서점*|used bookstore|*서점*에서 살다|to live at the bookstore|대형 *서점*|large bookstore||||||
108|5452|경치02|명|景致|A|scenery|*경치*가 좋다|the scenery is good|아름다운 *경치*|beautiful scenery|*경치*를 구경하다|to see the sights||||||
109|5791|우체국|명|郵遞局|A|post office|*우체국*에 가다|to go to the post office|근처 *우체국*|nearby post office|*우체국* 택배|post office parcel service||||||
110|5883|대사관|명|大使館|A|embassy|한국 *대사관*|Korean Embassy|*대사관*에 가다|to go to the embassy|미국 *대사관*|US Embassy||||||
111|5966|정류장|명|停留場|A|bus stop|버스 *정류장*|bus stop|*정류장*에서 기다리다|to wait at the stop|다음 *정류장*|next stop||||||
112|6108|오래간만|명||A|long time|*오래간만*에 만나다|to meet after a long time|*오래간만*의 인사|greeting after a long time|*오래간만*이라 반갑다|glad because it's been a long time||||||
113|6878|잡수시다|동||A|to eat (honorific)|맛있게 *잡수시다*|to eat deliciously|많이 *잡수세요*|please eat a lot|저녁을 *잡수셨어요*?|have you eaten dinner?||||||
114|7129|초대06|명|招待|A|invitation|*초대*를 받다|to receive an invitation|생일 *초대*|birthday invitation|*초대*에 감사하다|to thank for the invitation||||||
115|7270|사전22|명|辭典|A|dictionary|전자 *사전*|electronic dictionary|*사전*을 찾다|to look up in a dictionary|국어 *사전*|Korean dictionary||||||
116|7649|치약|명|齒藥|A|toothpaste|*치약*을 짜다|to squeeze toothpaste|매운 *치약*|spicy toothpaste|*치약*과 칫솔|toothpaste and toothbrush||||||
117|8329|노란색|명|-色|A|yellow|*노란색* 옷|yellow clothes|*노란색* 꽃|yellow flower|*노란색*으로 칠하다|to paint in yellow||||||
118|8589|칫솔|명|齒-|A|toothbrush|*칫솔*을 바꾸다|to change a toothbrush|부드러운 *칫솔*|soft toothbrush|*칫솔*에 치약을 짜다|to squeeze toothpaste onto a toothbrush||||||
119|8672|공중전화|명|公衆電話|A|public phone|*공중전화* 박스|public phone booth|*공중전화*를 걸다|to make a call from a public phone|추억의 *공중전화*|nostalgic public phone||||||
120|8809|세탁기|명|洗濯機|A|washing machine|*세탁기*를 돌리다|to run the washing machine|드럼 *세탁기*|drum-style washing machine|*세탁기*가 고장 나다|the washing machine is broken||||||
121|9466|공휴일|명|公休日|A|public holiday|법정 *공휴일*|statutory holiday|*공휴일*은 쉽니다|closed on public holidays|내일은 *공휴일*이다|tomorrow is a public holiday||||||
122|9548|마흔|수||A|forty|나이 *마흔*|forty years old|*마흔* 명의 학생|forty students|*마흔* 살|forty years old||||||
123|10274|청바지|명|靑-|A|jeans|*청바지*를 입다|to wear jeans|낡은 *청바지*|worn-out jeans|편한 *청바지*|comfortable jeans||||||
124|10833|칠판|명|漆板|A|blackboard|*칠판*을 닦다|to erase the blackboard|*칠판*에 쓰다|to write on the blackboard|*칠판*을 보다|to look at the blackboard||||||
125|11421|지우개|명||A|eraser|*지우개*로 지우다|to erase with an eraser|부드러운 *지우개*|soft eraser|*지우개* 똥|eraser crumbs||||||
126|12580|서른|수||A|thirty|*서른* 살|thirty years old|나이 *서른*|the age of thirty|*서른* 명|thirty people||||||
127|12818|장미05|명|薔薇|A|rose|빨간 *장미*|red rose|*장미* 한 송이|a single rose|*장미* 꽃다발|bouquet of roses||||||
128|12965|파란색|명|-색|A|blue color|*파란색* 바다|blue sea|*파란색* 셔츠|blue shirt|*파란색*으로 그리다|to draw in blue||||||
129|13584|여든|수||A|eighty|나이 *여든*|eighty years old|*여든* 살|eighty years old|*여든* 명|eighty people||||||
130|13695|일흔|수||A|seventy|나이 *일흔*|seventy years old|*일흔* 살|seventy years old|*일흔* 명|seventy people||||||
131|20886|사탕02|명|沙糖|A|candy|달콤한 *사탕*|sweet candy|*사탕*을 먹다|to eat candy|*사탕* 한 봉지|a bag of candy||||||
132|21340|예순|수||A|sixty|나이 *예순*|sixty years old|*예순* 살|sixty years old|*예순* 명|sixty people||||||
133|27846|쉰|수||A|fifty|나이 *쉰*|fifty years old|*쉰* 살|fifty years old|*쉰* 명|fifty people||||||
134|49265|아흔|수||A|ninety|*아흔* 살|ninety years old|*아흔* 명|ninety people|나이 *아흔*|ninety years of age||||||
135||경복궁|고|景福宮|A|Gyeongbokgung Palace|*경복궁* 나들이|outing to Gyeongbokgung|*경복궁*에 가다|to go to Gyeongbokgung|*경복궁* 근정전|Geunjeongjeon of Gyeongbokgung||||||
136||설악산|고|雪嶽山|A|Seoraksan Mountain|*설악산* 등산|climbing Seoraksan|가을 *설악산*|Seoraksan in autumn|*설악산* 국립공원|Seoraksan National Park||||||
137|24|대하다02|동|對-|B|to treat / to face|사람을 *대하다*|to treat a person|문제를 *대하는* 태도|attitude toward a problem|나를 따뜻하게 *대하다*|to treat me warmly||||||
138|42|사회07|명|社會|B|society|한국 *사회*|Korean society|*사회* 문제|social issues|*사회*에 나가다|to go out into society||||||
139|65|경우03|명|境遇|B|case / situation|비가 올 *경우*|in case of rain|그런 *경우*가 많다|there are many such cases|이런 *경우*에는|in this case||||||
140|72|자신01|명|自身|B|oneself|*자신*이 없다|to lack confidence|*자신*을 믿다|to believe in oneself|*자신*의 일|one's own work||||||
141|73|문화01|명|文化|B|culture|전통 *문화*|traditional culture|*문화* 차이|cultural difference|*문화* 생활|cultural life||||||
142|78|통하다|동|通-|B|to communicate / to pass|말이 *통하다*|to understand each other|공기가 *통하다*|to be well-ventilated|영어로 *통했다*|communicated in English||||||
143|86|정도11|명|程度|B|degree / about|어느 *정도*|to some degree|한 달 *정도*|about a month|심할 *정도*로|to an extreme degree||||||
144|110|의하다01|동|依-|B|to be due to / based on|법에 *의하다*|to be according to the law|소문에 *의하면*|according to rumors|조사에 *의한* 결과|results based on the survey||||||
145|111|시대02|명|時代|B|era / age|조선 *시대*|Joseon dynasty era|평화로운 *시대*|a peaceful era|*시대*가 변하다|the times are changing||||||
146|113|이러하다|형||B|to be like this|사정이 *이러하다*|the situation is like this|*이러한* 이유로|for this reason|세상은 *이러해요*|the world is like this||||||
147|126|자기04|대|自己|B|oneself|*자기* 소개|self-introduction|*자기* 주도|self-directed|*자기*밖에 모르다|to care only for oneself||||||
148|128|대통령|명|大統領|B|president|*대통령* 선거|presidential election|한국 *대통령*|South Korean president|*대통령*이 되다|to become president||||||
149|129|가지04|의|한 ~|B|kind / sort / type|여러 *가지*|various kinds|한 *가지* 일|one type of work|세 *가지* 색|three kinds of colors||||||
150|141|국가01|명|國家|B|nation / state|*국가* 안보|national security|선진 *국가*|developed nation|*국가* 대표|national representative||||||
151|146|여성01|명|女性|B|woman / female|*여성*복 매장|women's clothing store|현대 *여성*|modern woman|*여성*의 권리|women's rights||||||
152|152|관계05|명|關係|B|relationship / connection|인간 *관계*|human relations|상관 *관계*|correlation|*관계*가 깊다|to be deeply related||||||
153|160|나타나다|동||B|to appear / to emerge|효과가 *나타나다*|for effects to show|앞에 *나타나다*|to appear in front|증상이 *나타났다*|symptoms appeared||||||
154|162|지역03|명|地域|B|region / area|서울 *지역*|Seoul area|낙후된 *지역*|underdeveloped region|특수 *지역*|special area||||||
155|164|모습01|명||B|appearance / figure|옛 *모습*|old appearance|웃는 *모습*|the way (one) looks when laughing|*모습*을 드러내다|to reveal oneself||||||
156|177|뿐01|의||B|only / just|너*뿐*이야|it's only you|그*뿐*만 아니라|not only that|소문일 *뿐*이다|it's just a rumor||||||
157|198|교육|명|敎育|B|education|의무 *교육*|compulsory education|*교육* 제도|education system|아이를 *교육하다*|to educate a child||||||
158|200|경제04|명|經濟|B|economy|*경제* 성장|economic growth|가정 *경제*|household economy|*경제*가 어렵다|the economy is struggling||||||
159|211|결과02|명|結果|B|result / outcome|시험 *결과*|exam results|노력의 *결과*|result of effort|*결과*를 기다리다|to wait for the result||||||
160|230|밝히다|동||B|to reveal / to light up|사실을 *밝히다*|to reveal the truth|방을 환하게 *밝히다*|to light up a room|입장을 *밝혔다*|revealed one's position||||||
161|234|정치03|명|政治|B|politics|*정치* 경제|politics and economy|*정치*에 참여하다|to participate in politics|*정치*가 혼란스럽다|politics are chaotic||||||
162|235|국민|명|國民|B|citizen / the people|대한민국 *국민*|Korean citizen|*국민*의 의무|duty of the citizens|전 *국민*의 관심|interest of the whole nation||||||
163|239|연구03|명|硏究|B|research / study|학술 *연구*|academic research|*연구*를 진행하다|to conduct research|*연구* 결과|research results||||||
164|247|짓다01|동||B|to build / to make|집을 *짓다*|to build a house|미소를 *짓다*|to make a smile|밥을 *지었다*|made rice||||||
165|248|또한|부||B|also / furthermore|*또한* 기쁜 소식|also good news|가난하고 *또한* 아프다|to be poor and also sick|편리하며 *또한* 빠르다|convenient and also fast||||||
166|250|또는|부||B|or|연필 *또는* 볼펜|pencil or ballpoint pen|월요일 *또는* 화요일|Monday or Tuesday|사랑 *또는* 우정|love or friendship||||||
167|258|세상01|명|世上|B|world / society|*세상* 밖으로|out into the world|*세상*에 이런 일이|how can this happen in the world|힘든 *세상*|a difficult world||||||
168|267|즉01|부|卽|B|in other words / namely|일주일| *즉* 칠일|one week| namely seven days|*즉* 말하자면|in other words|*즉* 다시 말해|that is to say||||
169|272|문학01|명|文學|B|literature|한국 *문학*|Korean literature|*문학* 소녀|literary girl|현대 *문학*|modern literature||||||
170|275|지방05|명|地方|B|region / countryside|*지방* 자치|local autonomy|*지방*으로 내려가다|to go down to the provinces|강원도 *지방*|Gangwon-do region||||||
171|281|환경02|명|環境|B|environment|자연 *환경*|natural environment|*환경* 보호|environmental protection|주거 *환경*|living environment||||||
172|286|자체02|명|自體|B|itself|문제 *자체*|the problem itself|*자체* 제작|produced in-house|그 *자체*로 아름답다|beautiful in itself||||||
173|294|변화|명|變化|B|change|심경의 *변화*|change of heart|*변화*를 시도하다|to try a change|날씨의 *변화*|change in weather||||||
174|301|관하다02|동|關-|B|to concern / related to|정치에 *관한* 책|book about politics|사건에 *관하여*|regarding the case|이에 *관해* 말하다|to speak about this||||||
175|304|나누다|동||B|to divide / to share|음식을 *나누다*|to share food|대화를 *나누었다*|exchanged conversation|반으로 *나누다*|to divide in half||||||
176|308|중심01|명|中心|B|center / core|마을 *중심*|village center|*중심* 인물|central figure|*중심*을 잡다|to find one's balance||||||
177|309|활동02|명|活動|B|activity|봉사 *활동*|volunteer activity|*활동*이 왕성하다|to be very active|경제 *활동*|economic activity||||||
178|312|관심01|명|關心|B|interest|*관심*을 끌다|to attract interest|*관심*이 없다|to have no interest|많은 *관심* 부탁드려요|please give us much interest||||||
179|313|역시01|부|亦是|B|as expected / also|*역시* 최고다|as expected| (it's) the best|너 *역시* 마찬가지야|you too are the same|*역시* 어렵네|it's difficult as expected|||||
180|315|애02|명|아이|B|kid / child|*애*가 울다|a kid is crying|우리 *애*|my kid|*애*를 키우다|to raise a child||||||
181|316|광고02|명|廣告|B|advertisement|TV *광고*|TV commercial|*광고*를 내다|to place an ad|과장 *광고*|exaggerated advertising||||||
182|317|나다01|보||B|to end up (aux)|죽고 *나다*|to have died|끝나고 *나서*|after it's over|다 먹고 *나면*|once I finish eating||||||
183|319|정신12|명|精神|B|spirit / mind|*정신* 건강|mental health|*정신*을 차리다|to collect one's senses|시대 *정신*|spirit of the times||||||
184|320|이르다01|동|도착하다|B|to reach / to arrive|정상에 *이르다*|to reach the summit|결론에 *이르렀다*|reached a conclusion|목적지에 *이르다*|to arrive at a destination||||||
185|322|이루다01|동||B|to achieve / to form|꿈을 *이루다*|to achieve a dream|가족을 *이루다*|to start a family|성공을 *이루었다*|achieved success||||||
186|326|두다01|보||B|to do (aux)|먹어 *두다*|to eat beforehand|알아 *두세요*|please keep in mind|적어 *두다*|to write down for later||||||
187|328|기술01|명|技術|B|technology / skill|과학 *기술*|science and technology|운전 *기술*|driving skill|*기술*을 배우다|to learn a technique||||||
188|329|전체01|명|全體|B|whole / entire|학급 *전체*|the whole class|*전체* 회의|full meeting|*전체*적인 분위기|overall atmosphere||||||
189|331|얻다01|동||B|to get / to gain|정보를 *얻다*|to get information|용기를 *얻었다*|gained courage|허락을 *얻다*|to get permission||||||
190|334|민족|명|民族|B|ethnic group / nation|한*민족*|the Korean people|*민족* 예술|folk art|*민족* 대이동|mass migration of the nation||||||
191|335|간10|의|間. 서울과 부산 ~|B|between / during|부부 *간*|between husband and wife|장기간 *간*|for a long period|서울과 부산 *간*|between Seoul and Busan||||||
192|336|조사30|명|調査|B|investigation / survey|실태 *조사*|investigation of the actual state|*조사*를 받다|to be under investigation|만족도 *조사*|satisfaction survey||||||
193|340|그대로|부||B|as it is|있는 *그대로*|just as it is|말한 *그대로*|exactly as said|*그대로* 멈춰라|stop right there||||||
194|343|줄04|의|방법|B|how to / way|할 *줄* 알다|to know how to do|갈 *줄* 몰랐어|didn't know (I) would go|수영할 *줄* 안다|knows how to swim||||||
195|345|년대|의|年代|B|era / the 's (years)|1990*년대*|the 1990s|80*년대* 패션|80s fashion|각 *년대*별|by each decade||||||
196|346|과학|명|과학|B|science|*과학* 기술|science and technology|*과학*적인 방법|scientific method|*과학* 잡지|science magazine||||||
197|359|이루어지다|동||B|to consist of / to be achieved|꿈이 *이루어지다*|dreams come true|삼위로 *이루어지다*|to consist of three parts|합의가 *이루어졌다*|an agreement was reached||||||
198|363|적03|의||B|time / occasion|어릴 *적*|when (I) was young|그럴 *적*마다|every time that happens|갈 *적*에|when going||||||
199|364|터02|의||B|plan / expectation|가려던 *터*에|was just about to go|먹을 *터*이지|must be going to eat|그럴 *터*이다|it is expected to be so||||||
200|387|바라보다|동||B|to look at / to watch|바다를 *바라보다*|to look out at the sea|물끄러미 *바라봤다*|stared blankly|희망을 *바라보다*|to look toward hope||||||
201|391|대부분|명|大部分|B|most / majority|학생 *대부분*|most of the students|*대부분*의 사람|most people|*대부분*이 찬성하다|the majority agrees||||||
202|396|표정03|명|表情|B|expression / look|밝은 *표정*|bright expression|*표정*이 어둡다|to have a dark look|무표정한 *표정*|blank expression||||||
203|398|일부02|명|一部|B|part / portion|주민의 *일부*|some of the residents|*일부* 지역|certain areas|금액의 *일부*|part of the amount||||||
204|403|고개01|명|~를 돌리다|B|head / neck|*고개*를 숙이다|to bow one's head|*고개*를 끄덕이다|to nod|*고개*를 돌리다|to turn one's head||||||
205|404|성격02|명|性格|B|personality / character|*성격*이 급하다|to be short-tempered|밝은 *성격*|bright personality|*성격* 차이|personality difference||||||
206|406|세기03|명|世紀|B|century|21*세기*|21st century|수*세기* 동안|for several centuries|*세기*의 대결|match of the century||||||
207|407|세우다01|동||B|to set up / to stop|계획을 *세우다*|to make a plan|차를 *세우다*|to stop the car|기록을 *세웠다*|set a record||||||
208|411|현재02|부|現在|B|currently|*현재* 진행 중|currently in progress|*현재*까지의 상황|situation until now|*현재* 살고 있는|currently living||||||
209|416|발전01|명|發展|B|development|경제 *발전*|economic development|기술의 *발전*|development of technology|*발전*을 거듭하다|to keep developing||||||
210|419|향하다|동|向-|B|to head toward|서울로 *향하다*|to head toward Seoul|남쪽을 *향해*|toward the south|성공을 *향한* 길|the road toward success||||||
211|420|관련|명|關聯|B|relation / connection|업무 *관련*|work-related|*관련*이 있다|to have a connection|*관련* 내용을 확인하다|to check related details||||||
212|422|각01|관|各|B|each / every|*각* 부서|each department|*각* 나라의 문화|culture of each country|*각* 가정에|to every household||||||
213|425|분위기|명|雰圍氣|B|atmosphere / mood|좋은 *분위기*|good atmosphere|*분위기*가 밝다|the mood is bright|카페 *분위기*|cafe atmosphere||||||
214|426|그러하다|형||B|to be so|사정이 *그러하다*|the situation is so|*그러한* 사실|such a fact|항상 *그러하지* 않다|it is not always so||||||
215|427|자기04|명|自己|B|oneself|*자기* 주관|one's own opinion|*자기* 발전을 위해|for self-development|*자기* 일을 하다|to do one's own work||||||
216|430|우선02|부|于先|B|first of all|*우선* 먹자|let's eat first|*우선* 급한 불|first| the urgent matter|무엇보다 *우선*|first of all|||||
217|433|낳다01|동||B|to give birth|아기를 *낳다*|to give birth to a baby|알을 *낳다*|to lay an egg|결과를 *낳다*|to produce a result||||||
218|435|정보06|명|情報|B|information|유익한 *정보*|useful information|*정보*를 얻다|to get information|개인 *정보*|personal information||||||
219|436|열리다02|동|문이 ~|B|to be opened|문이 *열리다*|the door opens|창문이 *열려* 있다|the window is open|행사가 *열리다*|the event is held||||||
220|443|역할|명|役割|B|role|중요한 *역할*|important role|*역할*을 맡다|to take on a role|주인공 *역할*|role of the protagonist||||||
221|447|국내02|명|國內|B|domestic / within the country|*국내* 시장|domestic market|*국내* 여행|domestic travel|*국내*외 정세|domestic and international situation||||||
222|452|예08|명|例|B|example|*예*를 들다|to give an example|*예*외적인 경우|exceptional case|좋은 *예*|a good example||||||
223|458|나서다|동||B|to step forward / to set out|앞에 *나서다*|to step forward|길을 *나서다*|to set out on a journey|문제를 해결하러 *나섰다*|stepped forward to solve the problem||||||
224|459|흐르다01|동||B|to flow / to pass|강물이 *흐르다*|river water flows|시간이 *흐르다*|time passes|눈물이 *흐르다*|tears flow||||||
225|468|조건02|명|條件|B|condition|계약 *조건*|contract conditions|필수 *조건*|essential condition|*조건*을 제시하다|to propose conditions||||||
226|476|넘다01|동||B|to cross over / to exceed|산을 *넘다*|to cross a mountain|백 명을 *넘다*|to exceed a hundred people|담을 *넘다*|to climb over a wall||||||
227|483|가능성|명|可能性|B|possibility|*가능성*이 있다|there is a possibility|희박한 *가능성*|slim possibility|성공 *가능성*|possibility of success||||||
228|484|방향01|명|方向|B|direction|*방향*을 돌리다|to turn direction|반대 *방향*|opposite direction|진행 *방향*|direction of progress||||||
229|485|대회02|명|大會|B|competition / meeting|운동 *대회*|sports competition|*대회*에 참가하다|to participate in a competition|전국 *대회*|national competition||||||
230|491|움직이다|동||B|to move|몸을 *움직이다*|to move one's body|천천히 *움직여요*|moving slowly|마음을 *움직이다*|to touch one's heart||||||
231|494|노력01|명|努力|B|effort|*노력*을 하다|to make an effort|끊임없는 *노력*|ceaseless effort|*노력*이 결실을 맺다|effort bears fruit||||||
232|496|전혀01|부|全-|B|not at all|*전혀* 모르다|to not know at all|*전혀* 다르다|to be completely different|*전혀* 상관없다|to not matter at all||||||
233|498|단체02|명|團體|B|group / organization|시민 *단체*|civic group|*단체* 행동|group action|*단체* 손님|group of guests||||||
234|500|알려지다|동||B|to become known|세상에 *알려지다*|to be known to the world|이름이 *알려지다*|the name became famous|잘 *알려진* 사실|well-known fact||||||
235|501|가능하다|형|可能-|B|to be possible|이용이 *가능하다*|use is possible|*가능한* 빨리|as soon as possible|실현 *가능한*|feasible||||||
236|502|능력02|명|能力|B|ability / capability|업무 *능력*|work ability|*능력*이 뛰어나다|to have great ability|*능력*을 발휘하다|to show one's capability||||||
237|503|주장하다01|동|主張-|B|to insist / to claim|권리를 *주장하다*|to claim rights|강력히 *주장했다*|strongly insisted|자기 의견을 *주장하다*|to assert one's opinion||||||
238|504|자식01|명|子息|B|children / offspring|*자식* 농사|raising children|*자식*을 기르다|to raise children|금쪽같은 *자식*|precious child||||||
239|505|돌리다04|동|팽이를 ~|B|to turn / to spin|고개를 *돌리다*|to turn one's head|팽이를 *돌리다*|to spin a top|시선을 *돌리다*|to turn one's gaze||||||
240|508|모으다|동||B|to gather / to collect|돈을 *모으다*|to save money|사람을 *모으다*|to gather people|우표를 *모으다*|to collect stamps||||||
241|509|자료03|명|資料|B|data / material|참고 *자료*|reference material|*자료*를 찾다|to look for data|조사 *자료*|survey data||||||
242|516|제품02|명|製品|B|product|신*제품* 출시|launch of new product|전자 *제품*|electronic products|*제품*을 홍보하다|to promote a product||||||
243|520|사업04|명|事業|B|business / enterprise|*사업*을 시작하다|to start a business|개인 *사업*|private business|*사업* 계획|business plan||||||
244|523|지난해|명||B|last year|*지난해* 여름|last year's summer|*지난해* 말|end of last year|*지난해*와 비교하다|to compare with last year||||||
245|524|표현|명|表現|B|expression|감정 *표현*|expression of emotion|*표현*을 잘하다|to be good at expressing|말이나 *표현*|words or expressions||||||
246|528|젊다|형||B|to be young|나이가 *젊다*|to be young|*젊은* 시절|youthful days|생각이 *젊다*|to have a young mindset||||||
247|529|동시02|명|同時|B|the same time|*동시* 상영|simultaneous screening|*동시*에 일어나다|to happen at the same time|*동시* 통역|simultaneous interpretation||||||
248|532|순간03|명|瞬間|B|moment / instant|결정적인 *순간*|decisive moment|그 *순간*에|at that moment|찰나의 *순간*|a split second||||||
249|533|전쟁|명|戰爭|B|war|*전쟁*이 나다|a war breaks out|말 *전쟁*|war of words|*전쟁*을 막다|to prevent war||||||
250|545|마찬가지|명||B|the same|나도 *마찬가지*야|I am the same|어디나 *마찬가지*다|it's the same everywhere|어제와 *마찬가지*로|same as yesterday||||||
251|549|과거03|명|過去|B|past|*과거*의 일|thing of the past|*과거*를 잊다|to forget the past|화려한 *과거*|glamorous past||||||
252|553|현대01|명|現代|B|modern times|*현대* 사회|modern society|*현대* 미술|modern art|*현대*적인 디자인|modern design||||||
253|555|살펴보다|동||B|to examine / to look around|꼼꼼히 *살펴보다*|to examine thoroughly|주위를 *살펴봤다*|looked around the surroundings|서류를 *살펴보다*|to look through documents||||||
254|557|차이|명|差異|B|difference|온도 *차이*|temperature difference|*차이*가 크다|the difference is big|생각의 *차이*|difference in thought||||||
255|559|시절01|명|時節|B|days / time / season|학생 *시절*|student days|어린 *시절*|childhood days|좋았던 *시절*|the good old days||||||
256|565|작가01|명|作家|B|writer / author|소설 *작가*|novel writer|인기 *작가*|popular author|*작가*가 되다|to become a writer||||||
257|566|효과01|명|效果|B|effect|광고 *효과*|advertising effect|*효과*가 좋다|to be effective|부작용 *효과*|side effect||||||
258|567|불교|명|佛敎|B|Buddhism|*불교* 사원|Buddhist temple|한국의 *불교*|Korean Buddhism|*불교* 신자|Buddhist believer||||||
259|568|끌다|동||B|to pull / to attract|가트를 *끌다*|to pull a cart|관심을 *끌다*|to attract interest|시간을 *끌다*|to stall for time||||||
260|580|마치03|부||B|as if|*마치* 꿈같다|as if it were a dream|*마치* 영화처럼|just like a movie|*마치* 아는 것처럼|as if knowing||||||
261|583|바라다01|동||B|to hope / to wish|합격을 *바라다*|to hope to pass|행복하길 *바래요*|I hope you are happy|간절히 *바라다*|to wish earnestly||||||
262|584|강하다02|형|强-|B|to be strong|바람이 *강하다*|the wind is strong|*강한* 의지|strong will|정신력이 *강하다*|to be mentally strong||||||
263|587|최고02|명|最高|B|the best / peak|*최고* 기록|best record|기분이 *최고*다|to feel great|*최고*의 품질|the best quality||||||
264|588|나타내다|동||B|to express / to show|뜻을 *나타내다*|to express a meaning|수치로 *나타내다*|to show in numbers|슬픔을 *나타내다*|to show sadness||||||
265|603|법01|명|法|B|law|*법*을 지키다|to obey the law|*법*대로 해라|do it by the law|*법*에 어긋나다|to go against the law||||||
266|604|소설03|명|小說|B|novel|단편 *소설*|short story|*소설*을 쓰다|to write a novel|연애 *소설*|romance novel||||||
267|607|질서03|명|秩序|B|order / discipline|*질서*를 지키다|to keep order|사회 *질서*|social order|공공 *질서*|public order||||||
268|609|담다01|동|넣다|B|to put in / to contain|그릇에 *담다*|to put in a bowl|진심을 *담다*|to put one's heart into|카메라에 *담다*|to capture on camera||||||
269|611|시민|명|市民|B|citizen|서울 *시민*|Seoul citizen|*시민*의 의식|civic consciousness|보통 *시민*|ordinary citizen||||||
270|612|회장07|명|會長|B|chairman / president|학생회 *회장*|student council president|그룹 *회장*님|group chairman|*회장*으로 선출되다|to be elected as president||||||
271|619|제대로|부||B|properly|*제대로* 하다|to do properly|*제대로* 먹다|to eat properly|말이 *제대로* 안 나와|cannot speak properly||||||
272|621|던지다|동||B|to throw|공을 *던지다*|to throw a ball|질문을 *던지다*|to pose a question|시선을 *던지다*|to cast a look||||||
273|623|공간05|명|空間|B|space|개인 *공간*|personal space|*공간*을 차지하다|to occupy space|생활 *공간*|living space||||||
274|627|벌이다|동||B|to start / to open|잔치를 *벌이다*|to hold a feast|사업을 *벌이다*|to start a business|싸움을 *벌이다*|to start a fight||||||
275|631|강조하다|동|强調-|B|to emphasize|중요성을 *강조하다*|to emphasize importance|반복해서 *강조했다*|emphasized repeatedly|실천을 *강조하다*|to emphasize practice||||||
276|633|맡다01|동|담임을 ~|B|to take charge of|일을 *맡다*|to take charge of work|책임을 *맡다*|to take responsibility|역할을 *맡았다*|took on a role||||||
277|635|한편|부|-便|B|on the other hand / meanwhile|*한편*으로는 걱정이다|on one hand| I'm worried|*한편* 그 시각에|meanwhile at that time|*한편* 다른 의견은|on the other hand| another opinion is||||
278|637|기자05|명|記者|B|reporter|신문 *기자*|newspaper reporter|방송 *기자*|broadcast reporter|*기자* 회견|press conference||||||
279|641|주로01|부|主-|B|mostly / mainly|*주로* 집에서|mostly at home|*주로* 이용하는|mainly used|*주로* 먹는 음식|food mainly eaten||||||
280|642|훨씬|부||B|much more|*훨씬* 좋다|to be much better|*훨씬* 빠르다|to be much faster|*훨씬* 더 크게|much bigger||||||
281|645|통일02|명|統一|B|unification|조국 *통일*|unification of the fatherland|*통일*을 이루다|to achieve unification|의견 *통일*|unification of opinions||||||
282|646|들어서다|동||B|to enter / to step in|방에 *들어서다*|to step into the room|건물이 *들어서다*|a building is built|입구에 *들어서다*|to enter the entrance||||||
283|658|차례01|명|次例|B|turn / order / time|내 *차례*|my turn|여러 *차례*|several times|*차례*를 기다리다|to wait for one's turn||||||
284|659|군05|명|軍|B|military / army|*군* 복무|military service|*군*에 가다|to go into the military|공*군* 소속|belonging to the Air Force||||||
285|662|재산|명|財産|B|property / wealth|개인 *재산*|personal property|*재산*을 모으다|to accumulate wealth|막대한 *재산*|huge fortune||||||
286|666|약간|부|若干|B|slightly|*약간* 늦다|to be slightly late|*약간*의 차이|a slight difference|소금을 *약간* 넣다|to add a bit of salt||||||
287|668|요구하다|동|要求-|B|to demand|사과를 *요구하다*|to demand an apology|권리를 *요구하다*|to demand rights|대책을 *요구하고* 있다|are demanding measures||||||
288|678|기간07|명|期間|B|period|시험 *기간*|exam period|일정한 *기간*|a fixed period|*기간*이 만료되다|the period has expired||||||
289|680|일으키다|동||B|to cause / to raise|문제를 *일으키다*|to cause a problem|사고를 *일으키다*|to cause an accident|아이를 *일으키다*|to help a child up||||||
290|685|공장02|명|工場|B|factory|자동차 *공장*|car factory|*공장*을 가동하다|to operate a factory|*공장* 근로자|factory worker||||||
291|687|즐기다01|동||B|to enjoy|음악을 *즐기다*|to enjoy music|여가를 *즐기다*|to enjoy one's leisure|게임은 *즐거워요*|games are fun to enjoy||||||
292|688|지02|의|만난 ~ 오래되다|B|since|떠난 *지* 일 년|a year since leaving|이사 온 *지* 얼마 안 됐다|not long since moving in|먹은 *지* 오래되다|it's been a long time since eating||||||
293|690|변하다|동|變-|B|to change|색이 *변하다*|color changes|마음이 *변했다*|one's mind has changed|세상이 *변하고* 있다|the world is changing||||||
294|693|아무리|부||B|no matter how|*아무리* 바빠도|no matter how busy|*아무리* 생각해도|no matter how much I think|*아무리* 멀어도|no matter how far||||||
295|695|맞추다01|동||B|to adjust / to match|시계를 *맞추다*|to set/adjust a clock|답을 *맞추다*|to check answers|입을 *맞추다*|to kiss / to align stories||||||
296|700|막다01|동||B|to block / to prevent|길을 *막다*|to block the road|바람을 *막다*|to block the wind|유행을 *막을* 수 없다|cannot prevent the trend||||||
297|707|늘|부||B|always|*늘* 고마워|always thankful|*늘* 그 자리에|always in that spot|*늘* 하던 대로|always as usual||||||
298|709|전국03|명|全國|B|nationwide|*전국* 각지|all over the country|*전국* 대회|nationwide competition|*전국*적으로 비|rain nationwide||||||
299|711|마치다02|동||B|to finish|일을 *마치다*|to finish work|수업을 *마쳤다*|finished class|모든 과정을 *마치다*|to complete the entire course||||||
300|715|가정06|명|家庭|B|home / family|화목한 *가정*|harmonious family|*가정* 방문|home visit|*가정*을 꾸리다|to start a family||||||
301|717|빠지다02|동|물에 ~|B|to fall into|물에 *빠지다*|to fall into water|함정에 *빠졌다*|fell into a trap|사랑에 *빠지다*|to fall in love||||||
302|721|오늘날|명||B|today / nowadays|*오늘날*의 사회|today's society|*오늘날*에 이르러|reaching the present day|*오늘날*의 과학 기술|science and technology of today||||||
303|723|농업|명|農業|B|agriculture|*농업* 종사자|agricultural worker|*농업* 생산량|agricultural production|전통적인 *농업*|traditional agriculture||||||
304|725|식04|의|式|B|style / way|한국 *식*|Korean style|옛날 *식*|old-fashioned way|이런 *식*으로|in this way||||||
305|726|의견01|명|意見|B|opinion|*의견*을 나누다|to share opinions|개인적인 *의견*|personal opinion|*의견*이 다르다|to have different opinions||||||
306|730|표현하다|동|表現-|B|to express|말로 *표현하다*|to express in words|감정을 *표현했다*|expressed emotions|그림으로 *표현하다*|to express through a drawing||||||
307|739|경기11|명|競技|B|match / game|축구 *경기*|soccer match|*경기*에서 이기다|to win a game|*경기*를 관람하다|to watch a match||||||
308|740|목적03|명|目的|B|purpose|방문 *목적*|purpose of visit|*목적*이 분명하다|the purpose is clear|공부할 *목적*으로|with the purpose of studying||||||
309|741|태도03|명|態度|B|attitude|긍정적인 *태도*|positive attitude|*태도*가 나쁘다|to have a bad attitude|삶에 대한 *태도*|attitude toward life||||||
310|743|주위02|명|周圍|B|surroundings / around|집 *주위*|around the house|*주위*가 시끄럽다|the surroundings are noisy|*주위* 사람들의 시선|the eyes of people around||||||
311|746|발생하다|동|發生-|B|to occur|사건이 *발생하다*|an incident occurs|화재가 *발생했다*|a fire broke out|문제가 *발생할* 수 있다|problems may occur||||||
312|749|어쩌다01|동||B|to happen to / by chance|*어쩌다가* 만났다|met by chance|*어쩌면* 좋을까|what should I do|*어쩌다* 보니 그렇게 됐다|it just happened that way||||||
313|751|각각01|부|各各|B|each / respectively|*각각* 다르다|to be each different|*각각* 한 개씩|one of each|*각각*의 장단점|pros and cons of each||||||
314|758|책임|명|責任|B|responsibility|*책임*을 지다|to take responsibility|무거운 *책임*|heavy responsibility|*책임*이 막중하다|responsibility is great||||||
315|761|심하다|형|甚-|B|to be severe|정도가 *심하다*|the degree is severe|*심한* 장난|severe prank|기침이 *심해요*|the cough is severe||||||
316|767|자라다01|동|커지다|B|to grow|무럭무럭 *자라다*|to grow quickly|꿈을 먹고 *자란다*|growing up with dreams|키가 많이 *자랐네*|you've grown tall||||||
317|769|구체적|명|具體的|B|concrete / specific|*구체적*인 계획|specific plan|*구체적*으로 설명하다|to explain specifically|내용이 *구체적*이다|the content is concrete||||||
318|770|기회03|명|機會|B|opportunity|좋은 *기회*|good opportunity|*기회*를 놓치다|to miss an opportunity|마지막 *기회*|last chance||||||
319|773|지구04|명|地球|B|Earth|*지구* 온난화|global warming|*지구*를 지키다|to protect the Earth|*지구* 한 바퀴|around the Earth||||||
320|775|소비자|명|消費者|B|consumer|*소비자* 고발|consumer report|*소비자* 보호|consumer protection|현명한 *소비자*|wise consumer||||||
321|779|기준03|명|基準|B|standard / criteria|선발 *기준*|selection criteria|*기준*에 맞다|to meet the standard|*기준*을 세우다|to set a standard||||||
322|780|말11|의|末|B|end|학기 *말*|end of the semester|이번 달 *말*|end of this month|세기 *말*|end of the century||||||
323|781|반드시|부||B|surely / certainly|*반드시* 성공하다|to surely succeed|*반드시* 오세요|be sure to come|*반드시* 필요한 것|absolutely necessary thing||||||
324|787|받아들이다|동||B|to accept|사실을 *받아들이다*|to accept the fact|제안을 *받아들였다*|accepted the proposal|문화를 *받아들이다*|to embrace a culture||||||
325|791|꺼내다|동||B|to take out|돈을 *꺼내다*|to take out money|말을 *꺼내다*|to bring up a topic|주머니에서 *꺼냈다*|took out from the pocket||||||
326|792|노동자|명|勞動者|B|worker / laborer|외국인 *노동자*|foreign worker|*노동자*의 권리|rights of workers|육체 *노동자*|manual laborer||||||
327|793|동네|명|洞-|B|neighborhood|우리 *동네*|my neighborhood|*동네* 한 바퀴|around the neighborhood|*동네* 사람들|neighbors||||||
328|795|완전히|부|完全-|B|completely|*완전히* 잊다|to completely forget|*완전히* 달라지다|to become completely different|*완전히* 망했다|to be completely ruined||||||
329|797|전하다|동|傳-|B|to deliver / to tell|소식을 *전하다*|to deliver news|안부를 *전해* 줘|say hello (deliver regards)|뜻을 *전하다*|to convey a meaning||||||
330|800|맞다02|동|손님을 ~|B|to greet / to welcome|손님을 *맞다*|to greet a guest|새해를 *맞다*|to welcome the new year|공항에서 *맞이하다*|to meet at the airport||||||
331|803|정하다03|동|定-|B|to decide / to set|날짜를 *정하다*|to set a date|규칙을 *정했다*|set the rules|마음을 *정하다*|to make up one's mind||||||
332|808|대중02|명|大衆|B|the public|*대중* 교통|public transportation|*대중* 문화|popular culture|*대중*의 인기|popularity among the public||||||
333|809|늘어나다|동||B|to increase / to stretch|인구가 *늘어나다*|population increases|체중이 *늘어났다*|weight increased|시간이 *늘어나다*|time is extended||||||
334|815|각종|명|各種|B|various kinds|*각종* 사고|various accidents|*각종* 행사|various events|*각종* 비타민|various vitamins||||||
335|816|빛|명||B|light|햇*빛*|sunlight|달*빛*|moonlight|희망의 *빛*|light of hope||||||
336|823|현재02|명|現在|B|the present|*현재*와 과거|the present and the past|*현재*에 충실하다|to be faithful to the present|*현재* 시각|current time||||||
337|826|발견하다01|동|發見-|B|to discover|신대륙을 *발견하다*|to discover a new continent|재능을 *발견했다*|discovered talent|오류를 *발견하다*|to find an error||||||
338|829|특징|명|特徵|B|characteristic|지리적 *특징*|geographical features|*특징*이 뚜렷하다|characteristics are distinct|개인적 *특징*|personal characteristic||||||
339|831|선수05|명|選手|B|athlete / player|축구 *선수*|soccer player|국가대표 *선수*|national team player|*선수* 보호 차원|for the sake of protecting players||||||
340|833|마련하다|동||B|to prepare / to arrange|돈을 *마련하다*|to raise money|자리를 *마련했다*|arranged a seat/spot|대책을 *마련하다*|to prepare measures||||||
341|836|주제04|명|主題|B|topic / theme|토론 *주제*|discussion topic|연구 *주제*|research theme|*주제* 파악|understanding the core theme||||||
342|842|기본|명|基本|B|basis / basic|*기본* 예절|basic etiquette|*기본*에 충실하다|to stick to the basics|*기본* 원칙|basic principle||||||
343|846|감정06|명|感情|B|emotion / feeling|*감정* 조절|emotional control|*감정*이 풍부하다|to be very emotional|부정적인 *감정*|negative emotion||||||
344|849|인기01|명|人氣|B|popularity|*인기* 가수|popular singer|*인기*가 많다|to be very popular|*인기*를 끌다|to gain popularity||||||
345|867|달리다04|동|말을 ~|B|to run|빨리 *달리다*|to run fast|운동장을 *달렸다*|ran on the playground|앞만 보고 *달리다*|to run looking only forward||||||
346|869|이전03|명|以前|B|before / previous|사고 *이전*|before the accident|일주일 *이전*|more than a week ago|그 *이전*의 삶|life before that||||||
347|876|시키다01|동||B|to make (someone do) / to order|일을 *시키다*|to make (someone) work|심부름을 *시켰다*|ordered an errand|커피를 *시키다*|to order coffee||||||
348|878|국제02|명|國際|B|international|*국제* 공항|international airport|*국제* 관계|international relations|*국제* 전화|international call||||||
349|881|전통06|명|傳統|B|tradition|*전통* 문화|traditional culture|*전통*을 잇다|to carry on a tradition|*전통* 의상|traditional clothing||||||
350|882|기르다|동||B|to raise / to grow|꽃을 *기르다*|to grow flowers|강아지를 *기르다*|to raise a puppy|능력을 *길렀다*|developed/grew an ability||||||
351|885|조사하다12|동|調査-|B|to investigate|원인을 *조사하다*|to investigate the cause|철저히 *조사했다*|investigated thoroughly|실태를 *조사하다*|to survey the actual condition||||||
352|886|커다랗다|형||B|to be huge|*커다란* 나무|huge tree|구멍이 *커다랗다*|the hole is huge|*커다랗게* 웃다|to laugh loudly||||||
353|890|시인10|명|詩人|B|poet|유명한 *시인*|famous poet|*시인*이 되다|to become a poet|서정 *시인*|lyric poet||||||
354|892|외04|의|外|B|except / other than|그 *외*의 것|things other than that|예상 *외*|unexpected|전공 *외* 과목|subjects outside the major||||||
355|896|줄이다|동||B|to reduce / to shorten|비용을 *줄이다*|to reduce costs|거리를 *줄였다*|shortened the distance|말수를 *줄이다*|to talk less||||||
356|898|가격03|명|價格|B|price|*가격*이 오르다|price rises|*가격*을 깎다|to cut the price|저렴한 *가격*|low price||||||
357|899|달라지다|동||B|to change / to vary|세상이 *달라지다*|the world changes|태도가 *달라졌다*|attitude has changed|어제와 *달라진* 모습|appearance different from yesterday||||||
358|904|통신01|명|通信|B|communication|정보 *통신*|information communication|*통신* 수단|means of communication|*통신*이 끊기다|communication is cut off||||||
359|910|기계07|명|機械|B|machine|세탁 *기계*|washing machine|*기계*를 고치다|to fix a machine|*기계*처럼 일하다|to work like a machine||||||
360|911|모양02|의|模樣|B|appearance / likely to|비가 올 *모양*이다|it looks like it will rain|아픈 *모양*이야|it seems (he) is sick|모르는 *모양*이네|it seems you don't know||||||
361|913|아나운서|명|announcer|B|announcer / news anchor|뉴스 *아나운서*|news anchor|*아나운서*가 꿈이다|dream of being an announcer|유명한 *아나운서*|famous announcer||||||
362|916|펴다|동||B|to unfold / to spread|책을 *펴다*|to open a book|허리를 *펴다*|to straighten one's back|날개를 *펴다*|to spread wings||||||
363|921|종교|명|宗敎|B|religion|*종교*가 있나요?|do you have a religion?|*종교*적인 이유|religious reasons|*종교*의 자유|freedom of religion||||||
364|924|자연스럽다|형|自然-|B|to be natural|*자연스러운* 연기|natural acting|말투가 *자연스럽다*|way of speaking is natural|*자연스럽게* 행동하다|to act naturally||||||
365|927|돌다|동||B|to turn / to spin|바퀴가 *돌다*|wheels turn|동네를 한 바퀴 *돌다*|to go around the neighborhood|머리가 *돌다*|to feel dizzy||||||
366|936|혹은|부|或-|B|or / or else|사과 *혹은* 배|apples or pears|오늘 *혹은* 내일|today or tomorrow|전화 *혹은* 문자|phone call or text||||||
367|942|편09|의|篇|B|volume (counter for books/films)|영화 한 *편*|one movie|논문 여러 *편*|several papers|시 한 *편*|one poem||||||
368|944|노력하다01|동|努力-|B|to strive / to try hard|열심히 *노력하다*|to try hard|성공하려고 *노력했다*|strove to succeed|*노력하는* 사람|person who makes an effort||||||
369|945|보호01|명|保護|B|protection|환경 *보호*|environmental protection|아동 *보호*|child protection|*보호*를 받다|to be protected||||||
370|948|한편|명|-便|B|one side / one way|*한편*의 이야기|one story|마음 *한편*이 아프다|one side of my heart hurts|영화 한 *편*|one film||||||
371|951|이웃|명||B|neighbor|*이웃* 사촌|close neighbor (like family)|*이웃*집 사람|the person next door|*이웃*을 돕다|to help neighbors||||||
372|953|공동02|명|共同|B|joint / community|*공동* 주택|community housing|*공동*으로 관리하다|to manage jointly|*공동* 목표|joint goal||||||
373|954|까닭|명||B|reason / cause|그럴 *까닭*이 없다|no reason for that|무슨 *까닭*인지|for some reason|모르는 *까닭*에|because (I) don't know||||||
374|960|소녀02|명|少女|B|girl|어린 *소녀*|young girl|*소녀* 같은 감성|girl-like sensitivity|열일곱 살 *소녀*|seventeen-year-old girl||||||
375|961|지나가다|동||B|to pass by|차들이 *지나가다*|cars pass by|시간이 *지나갔다*|time has passed|그냥 *지나가지* 마세요|please don't just pass by||||||
376|963|상품03|명|商品|B|product / prize|인기 *상품*|popular product|*상품*을 타다|to win a prize|*상품*권|gift certificate||||||
377|966|훌륭하다|형||B|to be excellent / great|*훌륭한* 사람|great person|경치가 *훌륭하다*|the view is magnificent|성적이 *훌륭하네요*|the grades are excellent||||||
378|973|종류02|명|種類|B|kind / type|여러 *종류*|various types|꽃의 *종류*|types of flowers|*종류*별로 분류하다|to classify by type||||||
379|980|키우다|동||B|to raise / to grow|아이를 *키우다*|to raise a child|꿈을 *키우다*|to nurture a dream|덩치를 *키웠다*|built up one's physique||||||
380|981|눕다01|동||B|to lie down|침대에 *눕다*|to lie on the bed|잠시 *누워* 쉬다|to lie down and rest for a bit|바닥에 *누웠다*|lied on the floor||||||
381|982|발달하다|동|發達-|B|to develop / to advance|근육이 *발달하다*|muscles develop|정신이 *발달했다*|mind has developed|교통이 *발달한* 도시|city with developed transport||||||
382|983|발전하다01|동|發展-|B|to progress / to develop|경제가 *발전하다*|economy develops|관계가 *발전했다*|relationship progressed|크게 *발전하는* 중|developing significantly||||||
383|985|죽음01|명||B|death|갑작스러운 *죽음*|sudden death|*죽음*을 두려워하다|to fear death|삶과 *죽음*|life and death||||||
384|986|고통|명|苦痛|B|pain / suffering|*고통*을 느끼다|to feel pain|심한 *고통*|severe suffering|*고통*에서 벗어나다|to escape from pain||||||
385|989|듯이01|의||B|as if|비가 오*듯이*|as if it's raining|보*듯이* 알다|to know just by looking|미친 *듯이* 달리다|to run like crazy||||||
386|990|어울리다|동||B|to match / to hang out|옷이 잘 *어울리다*|clothes match well|친구들과 *어울리다*|to hang out with friends|분위기에 *어울리게*|matching the atmosphere||||||
387|999|예정02|명|豫定|B|schedule / plan|출발 *예정*|scheduled departure|*예정*대로 진행하다|to proceed as planned|*예정*보다 늦다|later than scheduled||||||
388|1004|흔히|부||B|commonly / often|*흔히* 있는 일|common occurrence|*흔히* 말하기를|as is often said|*흔히* 볼 수 있다|can be commonly seen||||||
389|1011|느껴지다|동||B|to be felt|추위가 *느껴지다*|to feel the cold|사랑이 *느껴졌다*|love was felt|슬프게 *느껴지다*|to feel sad||||||
390|1015|전문08|명|專門|B|specialty / professional|*전문* 분야|field of expertise|*전문* 지식|professional knowledge|*전문*으로 다루다|to handle professionally||||||
391|1016|정확하다01|형|正確-|B|to be accurate|*정확한* 시간|accurate time|발음이 *정확하다*|pronunciation is accurate|*정확하게* 계산하다|to calculate accurately||||||
392|1019|등01|명|신체의 일부|B|back (body part)|*등*이 가렵다|back is itchy|*등*을 돌리다|to turn one's back|*등*에 업다|to carry on one's back||||||
393|1023|찾아오다|동||B|to visit / to come over|집으로 *찾아오다*|to visit the house|손님이 *찾아왔다*|a guest came over|봄이 *찾아오다*|spring arrives||||||
394|1033|결정하다01|동|決定-|B|to decide|진로를 *결정하다*|to decide on a career|혼자 *결정했다*|decided alone|빨리 *결정하세요*|please decide quickly||||||
395|1034|경영02|명|經營|B|management / operation|기업 *경영*|business management|*경영*학과|department of business|*경영*을 맡다|to take over management||||||
396|1038|숲01|명||B|forest / woods|깊은 *숲*|deep forest|*숲*길을 걷다|to walk in the forest|*숲*이 우거지다|the forest is thick||||||
397|1039|없어지다|동||B|to disappear / to be gone|물건이 *없어지다*|the item is gone|통증이 *없어졌다*|the pain disappeared|기회가 *없어지다*|to lose an opportunity||||||
398|1042|떠오르다|동||B|to rise / to come to mind|해공에 *떠오르다*|to rise in the sky|좋은 생각이 *떠오르다*|a good idea comes to mind|얼굴이 *떠올랐다*|a face came to mind||||||
399|1044|미치다02|동|닿다|B|to reach / to influence|영향을 *미치다*|to influence|손이 *미치지* 않는 곳|place out of reach|기대에 *미치다*|to meet expectations||||||
400|1045|새벽01|명||B|dawn / early morning|*새벽* 공기|dawn air|*새벽*까지 일하다|to work until dawn|*새벽*에 일어나다|to wake up at dawn||||||
401|1047|얼른02|부||B|quickly / right away|*얼른* 와라|come quickly|*얼른* 먹어|eat up right away|*얼른* 대답해|answer quickly||||||
402|1048|임금03|명|賃金|B|wage / pay|최저 *임금*|minimum wage|*임금* 협상|wage negotiation|*임금*을 올리다|to raise wages||||||
403|1051|무섭다|형||B|to be scary|귀신이 *무섭다*|scared of ghosts|*무서운* 영화|scary movie|밤길이 *무서워요*|night roads are scary||||||
404|1052|직장05|명|職場|B|workplace|*직장* 상사|workplace boss|*직장*을 구하다|to look for a job|*직장* 생활|working life||||||
405|1053|참다|동||B|to endure / to hold back|웃음을 *참다*|to hold back laughter|화가 나도 *참다*|to endure despite anger|꾹 *참았다*|held it back firmly||||||
406|1057|서양|명|西洋|B|the West / Western|*서양* 역사|Western history|*서양* 음식|Western food|*서양* 사람들|Westerners||||||
407|1058|주요01|명|主要|B|major / main|*주요* 원인|main cause|*주요* 인물|major figure|*주요* 도시|major cities||||||
408|1059|지나치다|형||B|to be excessive|농담이 *지나치다*|the joke is too much|*지나친* 운동|excessive exercise|욕심이 *지나쳐요*|greed is excessive||||||
409|1067|공연02|명|公演|B|performance / show|연극 *공연*|theater performance|*공연*을 보다|to see a show|무료 *공연*|free performance||||||
410|1069|내놓다|동||B|to put out / to release|물건을 밖에 *내놓다*|to put items outside|신제품을 *내놓았다*|released a new product|의견을 *내놓다*|to put forward an opinion||||||
411|1070|떼다01|동||B|to detach / to take off|스티커를 *떼다*|to peel off a sticker|눈을 *떼지* 마|don't take your eyes off|영수증을 *떼었다*|detached a receipt||||||
412|1072|속도01|명|速度|B|speed|*속도*를 줄이다|to slow down|빠른 *속도*|fast speed|*속도* 제한|speed limit||||||
413|1073|심각하다02|형|深刻-|B|to be serious|문제가 *심각하다*|the problem is serious|*심각한* 표정|serious look|상황이 *심각해요*|the situation is serious||||||
414|1075|계속되다02|동|繼續-|B|to continue|비가 *계속되다*|the rain continues|전쟁이 *계속되었다*|the war continued|토론이 *계속되는* 중|the discussion is continuing||||||
415|1078|소년01|명|少年|B|boy|어린 *소년*|young boy|시골 *소년*|country boy|*소년*의 꿈|a boy's dream||||||
416|1079|소식04|명|消息|B|news / word|기쁜 *소식*|good news|*소식*을 듣다|to hear news|*소식*이 없다|no word (from someone)||||||
417|1086|노인01|명|老人|B|elderly person|동네 *노인*|village elder|*노인* 문제|elderly issues|*노인*을 공경하다|to respect the elderly||||||
418|1087|벌다02|동|돈을 ~|B|to earn / to make (money)|돈을 *벌다*|to earn money|생활비를 *벌었다*|earned living expenses|많이 *벌고* 싶다|want to earn a lot||||||
419|1092|결정01|명|決定|B|decision|*결정*을 내리다|to make a decision|중요한 *결정*|important decision|*결정*을 미루다|to postpone a decision||||||
420|1098|썰다01|동||B|to slice / to chop|고기를 *썰다*|to slice meat|채소를 *썰었다*|chopped vegetables|칼로 *썰다*|to slice with a knife||||||
421|1105|업무02|명|業務|B|business / work|*업무*를 보다|to do work|공식 *업무*|official business|*업무* 시간|work hours||||||
422|1108|청소년|명|靑少年|B|youth / teenager|*청소년*기|adolescence|*청소년* 할인|teenager discount|*청소년*을 위한 캠프|camp for youth||||||
423|1111|이기다01|동|적에게 ~|B|to win / to beat|경기에서 *이기다*|to win the game|적을 *이겼다*|beat the enemy|자신을 *이기다*|to overcome oneself||||||
424|1113|취하다01|동|取-|B|to take / to adopt|조치를 *취하다*|to take measures|태도를 *취했다*|adopted an attitude|휴식을 *취하다*|to take a rest||||||
425|1127|그러므로|부||B|therefore|비가 온다. *그러므로*...|It's raining. Therefore...|*그러므로* 취소했다|therefore| (I) canceled it|*그러므로* 주의가 필요하다|therefore| caution is needed||||
426|1128|포함하다02|동|包含-|B|to include|세금을 *포함하다*|to include tax|전부를 *포함했다*|included everything|나를 *포함하여* 다섯 명|five people including me||||||
427|1134|만약|명|萬若|B|if / in case|*만약*의 사태|emergency situation|*만약* 비가 오면|if it happens to rain|*만약*에 대비하다|"to prepare for the ""if"""||||||
428|1135|바르다03|형|굽은 데가 없다|B|to be straight / upright|자세가 *바르다*|posture is straight|*바른* 생활|upright living|마음씨가 *바르다*|to be right-minded||||||
429|1137|숨01|명||B|breath|*숨*을 쉬다|to breathe|*숨*이 차다|to be out of breath|*숨*을 죽이다|to hold one's breath||||||
430|1138|행사01|명|行事|B|event / function|축제 *행사*|festival event|*행사*를 열다|to hold an event|학교 *행사*|school function||||||
431|1146|판단|명|判斷|B|judgment|올바른 *판단*|correct judgment|*판단*을 내리다|to make a judgment|*판단*이 서다|to come to a judgment||||||
432|1147|해결하다|동|解決-|B|to solve|문제를 *해결하다*|to solve a problem|갈등을 *해결했다*|resolved the conflict|스스로 *해결해라*|solve it yourself||||||
433|1149|계속하다03|동|繼續-|B|to continue|공부를 *계속하다*|to continue studying|행진을 *계속했다*|continued the march|말을 *계속해* 보세요|please keep speaking||||||
434|1150|그치다|동||B|to stop|비가 *그치다*|the rain stops|울음을 *그치다*|to stop crying|웃음이 *그치지* 않다|laughter doesn't stop||||||
435|1152|너무나|부||B|so / too|*너무나* 감사하다|to be so grateful|*너무나* 아름다운 풍경|such a beautiful scenery|*너무나* 보고 싶다|to miss someone so much||||||
436|1153|높이다|동||B|to raise / to heighten|목소리를 *높이다*|to raise one's voice|효율을 *높였다*|increased efficiency|가치를 *높이다*|to heighten the value||||||
437|1159|막02|부|마구|B|carelessly / at random|*막* 사용하다|to use carelessly|*막* 던지다|to throw at random|*막* 말하지 마라|don't speak without thinking||||||
438|1161|수출03|명|輸出|B|export|*수출* 품목|export items|*수출*을 늘리다|to increase exports|자동차 *수출*|car exports||||||
439|1166|자르다01|동||B|to cut|머리를 *자르다*|to cut hair|종이를 *자르다*|to cut paper|관계를 *잘랐다*|cut off a relationship||||||
440|1167|데리다|동||B|to take / to bring (person)|아이를 *데려오다*|to bring a child|강아지를 *데리고* 가다|to go with a dog|나를 *데려가* 줘|please take me with you||||||
441|1169|무척01|부||B|very / extremely|*무척* 기쁘다|to be very happy|*무척* 힘들었다|it was extremely hard|*무척* 아끼는 옷|clothes (I) cherish very much||||||
442|1172|옳다01|형||B|to be right / correct|*옳은* 일|the right thing|판단이 *옳다*|the judgment is correct|그 말이 *옳아요*|those words are right||||||
443|1173|원래01|명|元來|B|originally / by nature|*원래* 모습|original appearance|*원래* 성격|original personality|*원래*부터 알고 있었다|knew it from the beginning||||||
444|1175|최초|명|最初|B|the first|*최초* 발견자|the first discoverer|세계 *최초*|the world's first|*최초*의 기록|the first record||||||
445|1179|뿌리|명||B|root|깊은 *뿌리*|deep roots|*뿌리*를 내리다|to take root|나무 *뿌리*|tree roots||||||
446|1180|수입02|명|輸入|B|import|*수입* 자동차|imported car|원자재 *수입*|import of raw materials|*수입*을 금지하다|to ban imports||||||
447|1181|초03|의|初|B|beginning / early|학기 *초*|beginning of the semester|이십 세기 *초*|early 20th century|오월 *초*|early May||||||
448|1187|직원03|명|職員|B|employee / staff|회사 *직원*|company employee|신입 *직원*|new staff member|*직원*을 채용하다|to hire employees||||||
449|1192|상대04|명|相對|B|opponent / partner|결혼 *상대*|marriage partner|*상대* 팀|opponent team|*상대*를 존중하다|to respect the other person||||||
450|1196|가득01|부|~ 차다|B|full / to the brim|*가득* 담다|to fill up|희망이 *가득*하다|to be full of hope|교실에 *가득* 찬 학생들|students filling the classroom||||||
451|1200|장군04|명|將軍|B|general / admiral|이순신 *장군*|General Yi Sun-sin|용감한 *장군*|brave general|*장군*이 지휘하다|the general commands||||||
452|1201|무역02|명|貿易|B|trade|자유 *무역*|free trade|*무역*을 하다|to trade|*무역* 회사|trading company||||||
453|1206|쳐다보다|동||B|to look at / to gaze|거울을 *쳐다보다*|to look in the mirror|나를 *쳐다봤다*|gazed at me|하늘을 *쳐다보다*|to look up at the sky||||||
454|1207|충분히|부|充分-|B|sufficiently / enough|*충분히* 설명하다|to explain sufficiently|*충분히* 자다|to sleep enough|*충분히* 이해해요|I understand perfectly||||||
455|1208|대15|의|臺|B|unit (counter for machines)|차 세 *대*|three cars|에어컨 한 *대*|one air conditioner|기계 몇 *대*|several machines||||||
456|1209|신체02|명|身體|B|body|*신체* 검사|physical examination|*신체*의 일부|part of the body|건강한 *신체*|healthy body||||||
457|1213|집안01|명||B|household / family|*집안* 일|housework|우리 *집안*|our family|*집안*이 화목하다|the family is harmonious||||||
458|1214|배경01|명|背景|B|background|역사적 *배경*|historical background|사진 *배경*|photo background|성장 *배경*|upbringing background||||||
459|1217|단순하다|형|單純-|B|to be simple|*단순한* 구조|simple structure|생각이 *단순하다*|to be simple-minded|*단순하게* 생각하다|to think simply||||||
460|1220|빠지다01|동|머리가 ~|B|to fall out / to be missing|머리가 *빠지다*|hair falls out|못이 *빠졌다*|the nail came out|단추가 *빠지다*|a button is missing||||||
461|1227|푸르다|형||B|to be blue / green|*푸른* 하늘|blue sky|*푸른* 들판|green field|눈이 *푸르다*|eyes are blue||||||
462|1228|걔|불|그 아이|B|that kid / he / she|*걔*는 누구야?|Who is that kid?|*걔*랑 친해|I'm close with him/her|*걔*가 그랬어|He/she did that||||||
463|1234|흔들다|동||B|to shake / to wave|손을 *흔들다*|to wave one's hand|꼬리를 *흔들다*|to wag a tail|몸을 *흔들었다*|shook one's body||||||
464|1235|기초06|명|基礎|B|foundation / basic|*기초* 지식|basic knowledge|*기초*가 튼튼하다|the foundation is strong|*기초*를 닦다|to lay the foundation||||||
465|1243|부족하다|형|不足-|B|to be insufficient|잠이 *부족하다*|to lack sleep|실력이 *부족하다*|to lack skill|경험이 *부족해요*|experience is insufficient||||||
466|1246|진행되다|동|進行-|B|to proceed / to progress|회의가 *진행되다*|the meeting is proceeding|순조롭게 *진행되었다*|progressed smoothly|공사가 *진행되는* 중|the construction is underway||||||
467|1252|법01|의|法|B|way / bound to|그럴 *법*하다|to be likely/plausible|이기기 마련인 *법*|bound to win|잊기 마련인 *법*|bound to forget||||||
468|1254|오랜|관||B|long-time / for a long time|*오랜* 친구|long-time friend|*오랜* 시간|long time|*오랜* 기다림|long wait||||||
469|1255|젊은이|명||B|youth / young person|건강한 *젊은이*|healthy youth|*젊은이*들의 유행|trends among young people|*젊은이*답게 살다|to live like a young person||||||
470|1259|과제04|명|課題|B|task / assignment|어려운 *과제*|difficult task|*과제*를 제출하다|to submit an assignment|당면한 *과제*|immediate task||||||
471|1261|기록하다|동|記錄-|B|to record|점수를 *기록하다*|to record the score|매일 *기록했다*|recorded every day|일기에 *기록하다*|to record in a diary||||||
472|1262|다가오다|동||B|to approach / to come closer|추석이 *다가오다*|Chuseok is approaching|가까이 *다가왔다*|came closer|기회가 *다가오다*|an opportunity approaches||||||
473|1266|종합|명|綜合|B|synthesis / general|*종합* 병원|general hospital|*종합* 점수|overall score|*종합*해서 판단하다|to synthesize and judge||||||
474|1269|개발하다|동|開發-|B|to develop|기술을 *개발하다*|to develop technology|신제품을 *개발했다*|developed a new product|재능을 *개발하다*|to develop talent||||||
475|1271|떨다01|동||B|to tremble / to shake|추위에 *떨다*|to tremble with cold|목소리를 *떨다*|voice trembles|겁에 *떨었다*|shook with fear||||||
476|1278|자유롭다|형|自由-|B|to be free|사고가 *자유롭다*|thought is free|*자유로운* 영혼|free spirit|*자유롭게* 이용하다|to use freely||||||
477|1279|적극적|명|積極적|B|active / proactive|*적극적*인 참여|active participation|*적극적*으로 돕다|to help proactively|성격이 *적극적*이다|personality is proactive||||||
478|1280|판매|명|販賣|B|sale / selling|*판매* 가격|selling price|*판매*를 중단하다|to stop sales|인기리에 *판매* 중|on sale with great popularity||||||
479|1283|길이01|명||B|length|치마 *길이*|skirt length|*길이*를 재다|to measure the length|*길이*가 길다|the length is long||||||
480|1285|점차02|부|漸次|B|gradually|*점차* 나아지다|to get gradually better|*점차* 늘어나다|to increase gradually|*점차* 잊혀 가다|to be gradually forgotten||||||
481|1286|톤01|의|ton|B|ton (unit)|오 *톤* 트럭|five-ton truck|수천 *톤*의 쓰레기|thousands of tons of trash|무게가 일 *톤*이다|weight is one ton||||||
482|1288|관련되다|동|關聯-|B|to be related|범죄와 *관련되다*|to be related to a crime|*관련된* 서류|related documents|직접 *관련되어* 있다|to be directly related||||||
483|1290|나머지|명||B|the rest / remainder|*나머지* 공부|extra study (remainder)|*나머지* 돈|the rest of the money|*나머지*는 나중에|the rest later||||||
484|1298|미래02|명|未來|B|future|*미래*의 꿈|future dream|밝은 *미래*|bright future|*미래*를 준비하다|to prepare for the future||||||
485|1302|인구01|명|人口|B|population|세계 *인구*|world population|*인구*가 감소하다|population decreases|도시 *인구*|city population||||||
486|1303|기대하다|동|期待-|B|to expect / to look forward to|성공을 *기대하다*|to expect success|내일을 *기대했다*|looked forward to tomorrow|너무 *기대하지* 마|don't expect too much||||||
487|1308|흘리다|동||B|to spill / to shed|눈물을 *흘리다*|to shed tears|땀을 *흘렸다*|sweated|침을 *흘리다*|to drool||||||
488|1310|주인공|명|主人公|B|protagonist / hero|소설의 *주인공*|protagonist of the novel|오늘의 *주인공*|hero of today|영화 *주인공*|movie lead||||||
489|1311|당연하다01|형|當然-|B|to be natural / obvious|*당연한* 결과|obvious result|성공은 *당연하다*|success is natural|질문은 *당연해요*|it's natural to ask questions||||||
490|1313|따로|부||B|separately|*따로* 계산하다|to pay separately|*따로* 챙기다|to pack separately|*따로* 보관하다|to store separately||||||
491|1320|당장02|명|當場|B|right now / immediately|*당장* 나가라|get out right now|*당장* 필요한 것|thing needed immediately|*당장*은 어렵다|it's difficult for now||||||
492|1321|무렵|의||B|around the time|해 질 *무렵*|around sunset|퇴근할 *무렵*|around the time of leaving work|어릴 *무렵*|around the time (I) was young||||||
493|1323|사물10|명|事物|B|object / thing|주변의 *사물*|surrounding objects|*사물*을 관찰하다|to observe objects|무생물 *사물*|inanimate object||||||
494|1324|일반적|명|一般的|B|general|*일반적*인 특징|general characteristic|*일반적*으로 쓰이다|to be used generally|생각이 *일반적*이다|the thought is common/general||||||
495|1326|곱다02|형|아름답다|B|to be beautiful / soft|마음씨가 *곱다*|to have a kind heart|색깔이 *곱다*|the color is beautiful|*고운* 목소리|soft/pretty voice||||||
496|1327|바닥01|명||B|floor / bottom|방 *바닥*|room floor|*바닥*에 앉다|to sit on the floor|신발 *바닥*|sole of a shoe||||||
497|1330|생각되다|동||B|to be considered / to be thought|중요하다고 *생각되다*|to be considered important|사실로 *생각되었다*|was thought to be a fact|위험하다고 *생각되는* 곳|place considered dangerous||||||
498|1333|심다01|동||B|to plant|나무를 *심다*|to plant a tree|꽃을 *심었다*|planted flowers|희망을 *심어주다*|to plant hope||||||
499|1341|견디다|동||B|to endure / to bear|추위를 *견디다*|to endure the cold|고통을 *견뎠다*|bore the pain|끝까지 *견디다*|to endure until the end||||||
500|1342|기사10|명|記事|B|article / report|신문 *기사*|newspaper article|*기사*를 읽다|to read a report|특종 *기사*|scoop/exclusive article||||||
501|1348|뿌리다|동||B|to sprinkle / to spray|향수를 *뿌리다*|to spray perfume|씨를 *뿌렸다*|sowed seeds|소금을 *뿌리다*|to sprinkle salt||||||
502|1354|어쩌면|부||B|maybe / perhaps|*어쩌면* 사실일지 몰라|maybe it's true|*어쩌면* 그렇게 예뻐?|how can you be so pretty?|*어쩌면* 좋을까|what should I do?||||||
503|1363|아까|부||B|a while ago|*아까* 만났다|met a while ago|*아까* 한 말|what (I) said earlier|*아까*보다 낫다|better than before||||||
504|1364|알맞다|형||B|to be suitable / fit|용도에 *알맞다*|to be fit for the use|*알맞은* 크기|suitable size|격식에 *알맞게*|fittingly for the formality||||||
505|1366|희다|형||B|to be white|*흰* 구름|white clouds|머리가 *희다*|hair is white|*하얗고* *희다*|to be pure white||||||
506|1367|가리키다01|동||B|to point at|손가락으로 *가리키다*|to point with a finger|시계가 12시를 *가리키다*|the clock points to 12|방향을 *가리키다*|to point in a direction||||||
507|1368|모시다|동||B|to attend to|부모님을 *모시다*|to take care of parents|손님을 *모시다*|to escort a guest|선생님을 *모시고* 가다|to go with a teacher||||||
508|1369|발달|명|發達|B|development|경제 *발달*|economic development|기술의 *발달*|development of technology|문명이 *발달하다*|civilization develops||||||
509|1370|수많다|형|數-|B|to be numerous|*수많은* 사람들|numerous people|*수많은* 별|countless stars|*수많이* 널려 있다|to be scattered numerously||||||
510|1371|잘못|명||B|mistake|*잘못*을 저지르다|to commit a mistake|*잘못*을 빌다|to apologize for a mistake|내 *잘못*이다|it is my fault||||||
511|1373|평화02|명|平和|B|peace|*평화*를 유지하다|to maintain peace|세계 *평화*|world peace|*평화*로운 나라|peaceful country||||||
512|1374|공사02|명|工事|B|construction|도로 *공사*|road construction|*공사* 중|under construction|*공사*를 시작하다|to start construction||||||
513|1375|돌02|명|~멩이|B|stone|*돌*을 던지다|to throw a stone|*돌*에 걸리다|to trip over a stone|*돌*담길|stone wall path||||||
514|1377|박사01|명|博士|B|doctor (PhD)|*박사* 학위|doctoral degree|경제학 *박사*|PhD in economics|*박사*가 되다|to become a doctor||||||
515|1379|전문|명|專門家|B|expert|분야의 *전문가*|an expert in the field|*전문가*의 조언|expert advice|*전문가*를 부르다|to call an expert||||||
516|1380|단지04|부|但只|B|merely|*단지* 농담이다|it's merely a joke|*단지* 상상일 뿐|it's only an imagination|*단지* 알고 싶다|just want to know||||||
517|1382|무용03|명|舞踊|B|dance|현대 *무용*|modern dance|*무용* 공연|dance performance|*무용*을 배우다|to learn dancing||||||
518|1383|불리다04|동|'부르다'의 피동사|B|to be called|천재라 *불리다*|to be called a genius|노래가 *불리다*|a song is sung|이름이 *불리다*|name is called||||||
519|1384|싸움|명||B|fight|말*싸움*|verbal argument|*싸움*을 멈추다|to stop fighting|큰 *싸움*이 나다|a big fight breaks out||||||
520|1385|자꾸01|부||B|repeatedly|*자꾸* 잊어버려요|I keep forgetting|*자꾸* 웃음이 나다|keep laughing|*자꾸* 전화를 하다|to call repeatedly||||||
521|1386|차리다|동||B|to prepare|정신을 *차리다*|to pull oneself together|상을 *차리다*|to set the table|가게를 *차리다*|to set up a shop||||||
522|1387|해외|명|海外|B|overseas|*해외* 여행|overseas travel|*해외* 시장|overseas market|*해외*로 나가다|to go abroad||||||
523|1388|그리02|부|그러한 모양|B|so (that)|*그리* 멀지 않다|not that far|*그리* 쉽지 않다|not so easy|*그리* 반갑지 않다|not so welcome||||||
524|1389|뜨다01|동|솟아오르다|B|to rise|해가 *뜨다*|the sun rises|물에 *뜨다*|to float on water|풍선이 *뜨다*|a balloon floats up||||||
525|1391|미소05|명|微笑|B|smile|밝은 *미소*|bright smile|*미소*를 짓다|to put on a smile|*미소*로 답하다|to answer with a smile||||||
526|1394|의미하다02|동|意味-|B|to mean|무엇을 *의미합니까*|what does it mean|사랑을 *의미하다*|to mean love|중요한 것을 *의미하다*|to signify something important||||||
527|1396|체육|명|體育|B|physical education|*체육* 시간|PE class|*체육* 대회|athletic meet|*체육*관에서 운동하다|to exercise in the gym||||||
528|1399|땀01|명||B|sweat|*땀*을 흘리다|to sweat|*땀*이 나다|to be sweating|*땀*을 닦다|to wipe off sweat||||||
529|1402|잘되다|동||B|to go well|일이 *잘되다*|work goes well|공부가 *잘되다*|studying goes well|다 *잘될* 거야|everything will be fine||||||
530|1411|쌓이다|동||B|to be piled up|눈이 *쌓이다*|snow piles up|먼지가 *쌓이다*|dust gathers|스트레스가 *쌓이다*|stress builds up||||||
531|1412|이익02|명|利益|B|profit|*이익*을 얻다|to gain profit|*이익*이 남다|profit remains|공동의 *이익*|common interest||||||
532|1413|쥐다01|동|주먹을 ~|B|to hold|손에 *쥐다*|to hold in hand|주먹을 *쥐다*|to clench one's fist|기회를 *쥐다*|to seize an opportunity||||||
533|1415|게다가|부||B|besides|춥고 *게다가* 배고프다|it's cold and besides| hungry|*게다가* 비까지 왔다|moreover| it even rained|친절하고 *게다가* 예쁘다|kind and furthermore| pretty|||
534|1416|끓이다01|동||B|to boil|물을 *끓이다*|to boil water|라면을 *끓이다*|to cook ramen|찌개를 *끓이다*|to boil stew||||||
535|1417|논문|명|論文|B|thesis|졸업 *논문*|graduation thesis|*논문*을 쓰다|to write a paper|학술 *논문*|academic paper||||||
536|1418|멈추다|동||B|to stop|차를 *멈추다*|to stop the car|울음을 *멈추다*|to stop crying|비가 *멈추다*|the rain stops||||||
537|1419|사용되다|동|使用-|B|to be used|재료로 *사용되다*|to be used as material|다양하게 *사용되다*|to be used in various ways|약으로 *사용되다*|to be used as medicine||||||
538|1420|오랫동안|명||B|for a long time|*오랫동안* 기다리다|to wait for a long time|*오랫동안* 사귀다|to date for a long time|*오랫동안* 꿈꿔온 일|a long-held dream||||||
539|1424|찾아가다|동||B|to visit|친구를 *찾아가다*|to go visit a friend|집을 *찾아가다*|to find one's way home|물건을 *찾아가다*|to pick up an item||||||
540|1427|늘다01|동||B|to increase|실력이 *늘다*|skills improve|인구가 *늘다*|population increases|몸무게가 *늘다*|weight increases||||||
541|1428|양20|명|量|B|amount|*양*을 줄이다|to reduce the amount|적은 *양*|small quantity|충분한 *양*|sufficient amount||||||
542|1434|닿다01|동||B|to touch|손이 *닿다*|hands touch|발이 땅에 *닿다*|feet touch the ground|연락이 *닿다*|to get in touch||||||
543|1435|물론01|명|勿論|B|of course|*물론*이지요|of course|*물론*이고 말고|certainly|*물론* 힘들겠지만|of course it's hard but||||||
544|1436|속하다02|동|屬-|B|to belong to|그룹에 *속하다*|to belong to a group|어디에 *속해요*|where do you belong|범주에 *속하다*|to fall under a category||||||
545|1438|이외01|명|以外|B|besides|이것 *이외*에도|besides this|가족 *이외*의 사람|people other than family|그 *이외*에는 없다|there's nothing besides that||||||
546|1440|제공하다02|동|提供-|B|to provide|정보를 *제공하다*|to provide information|서비스를 *제공하다*|to provide service|기회를 *제공하다*|to provide an opportunity||||||
547|1442|기대03|명|期待|B|expectation|*기대*를 하다|to have expectations|*기대*에 어긋나다|to fail expectations|큰 *기대*|high expectations||||||
548|1444|식물02|명|植物|B|plant|*식물*을 키우다|to grow plants|희귀 *식물*|rare plant|*식물*원|botanical garden||||||
549|1447|적어도|부||B|at least|*적어도* 세 번|at least three times|*적어도* 한 시간|at least one hour|*적어도* 밥은 먹자|let's at least eat||||||
550|1455|어려움|명||B|difficulty|*어려움*을 겪다|to experience difficulty|*어려움*을 이겨내다|to overcome difficulty|생활의 *어려움*|hardship in life||||||
551|1462|분명히|부|分明-|B|clearly|*분명히* 말하다|to say clearly|*분명히* 보이다|to be clearly visible|*분명히* 그럴 것이다|it will certainly be so||||||
552|1465|온01|관||B|all|*온* 세상|the whole world|*온* 몸|entire body|*온* 힘을 다하다|to do with all one's might||||||
553|1466|젖다01|동||B|to get wet|비에 *젖다*|to get wet in the rain|땀에 *젖다*|to be soaked in sweat|눈시울이 *젖다*|eyes get misty||||||
554|1468|최대|명|最大|B|maximum|*최대* 규모|maximum scale|*최대* 수량|maximum quantity|*최대*로 줄이다|to reduce to the maximum||||||
555|1469|평소|명|平素|B|usual times|*평소*와 다르다|different from usual|*평소*처럼|as usual|*평소* 실력|one's usual ability||||||
556|1472|농사01|명|農事|B|farming|*농사*를 짓다|to farm|풍년 *농사*|a good harvest|*농사*일|farm work||||||
557|1473|더구나01|부||B|moreover|*더구나* 비까지 오네|moreover| it's even raining|*더구나* 시간이 없다|furthermore| there's no time|친절하고 *더구나* 똑똑하다|kind and moreover| smart|||
558|1475|어둠|명||B|darkness|*어둠* 속에서|in the darkness|*어둠*이 깔리다|darkness falls|*어둠*을 뚫고|through the darkness||||||
559|1480|고장01|명|지역|B|hometown/region|내 고향 *고장*|my home region|낯선 *고장*|unfamiliar place|이 *고장* 특산물|local specialty of this region||||||
560|1481|관련하다|동|關聯-|B|to be related|사건과 *관련하다*|to be related to the case|서로 *관련된* 일|mutually related matters|*관련해서* 묻다|to ask in relation to||||||
561|1485|밀다01|동||B|to push|문을 *밀다*|to push the door|뒤에서 *밀다*|to push from behind|수염을 *밀다*|to shave one's beard||||||
562|1490|고려하다01|동|考慮-|B|to consider|상황을 *고려하다*|to consider the situation|의견을 *고려하다*|to consider the opinion|충분히 *고려하다*|to give enough consideration||||||
563|1493|농촌|명|農村|B|rural village|*농촌* 생활|rural life|*농촌* 지역|farming area|*농촌*으로 떠나다|to leave for the countryside||||||
564|1494|올라오다|동||B|to come up|위로 *올라오다*|to come up to the top|서울로 *올라오다*|to come up to Seoul|소식이 *올라오다*|news comes up||||||
565|1495|챙기다|동||B|to take care of|짐을 *챙기다*|to pack one's bags|건강을 *챙기다*|to take care of health|동생을 *챙기다*|to look after a sibling||||||
566|1496|고르다01|동|뽑다|B|to choose|물건을 *고르다*|to pick an item|답을 *고르다*|to choose an answer|옷을 *고르다*|to pick out clothes||||||
567|1497|바르다01|동|벽지를 ~|B|to apply|약을 *바르다*|to apply medicine|벽지를 *바르다*|to put up wallpaper|화장품을 *바르다*|to apply cosmetics||||||
568|1498|벌어지다02|동|싸움이 ~|B|to happen/open|싸움이 *벌어지다*|a fight breaks out|간격이 *벌어지다*|the gap widens|사건이 *벌어지다*|an incident occurs||||||
569|1503|고치다01|동||B|to fix|시계를 *고치다*|to fix a watch|버릇을 *고치다*|to fix a habit|병을 *고치다*|to cure a disease||||||
570|1504|그림자|명||B|shadow|*그림자*가 생기다|a shadow forms|*그림자*를 밟다|to step on a shadow|자신의 *그림자*|one's own shadow||||||
571|1506|다하다|동||B|to do one's best/end|정성을 *다하다*|to do with sincerity|수명이 *다하다*|to come to the end of life|최선을 *다하다*|to do one's best||||||
572|1507|마침내|부||B|finally|*마침내* 해냈다|finally did it|*마침내* 도착했다|finally arrived|*마침내* 밝혀지다|finally be revealed||||||
573|1510|커지다|동||B|to grow larger|목소리가 *커지다*|voice gets louder|몸집이 *커지다*|body grows larger|문제가 *커지다*|the problem grows||||||
574|1511|한쪽|명||B|one side|*한쪽* 눈|one eye|*한쪽* 방향|one direction|*한쪽*으로 치우치다|to lean to one side||||||
575|1512|검사03|명|檢査|B|examination|신체 *검사*|physical exam|혈액 *검사*|blood test|*검사*를 받다|to get an examination||||||
576|1516|맡기다|동||B|to entrust|일을 *맡기다*|to entrust a task|아이를 *맡기다*|to leave a child (with someone)|운명에 *맡기다*|to leave to fate||||||
577|1519|소문02|명|所聞|B|rumor|*소문*이 나다|a rumor spreads|이상한 *소문*|strange rumor|*소문*을 듣다|to hear a rumor||||||
578|1520|싣다01|동||B|to load|짐을 *싣다*|to load luggage|차에 *싣다*|to load in a car|기사를 *싣다*|to carry an article||||||
579|1521|쌓다|동||B|to pile up/build|담을 *쌓다*|to build a wall|경력을 *쌓다*|to build experience|실력을 *쌓다*|to build skills||||||
580|1525|짓01|명||B|act/behavior|나쁜 *짓*|bad behavior|무슨 *짓*이야|what are you doing|바보 같은 *짓*|foolish act||||||
581|1528|하얗다|형||B|to be white|눈이 *하얗다*|the snow is white|얼굴이 *하얗다*|face is pale|*하얀* 종이|white paper||||||
582|1529|희망|명|希望|B|hope|*희망*을 가지다|to have hope|*희망*이 보이다|to see hope|새로운 *희망*|new hope||||||
583|1531|군대03|명|軍隊|B|military|*군대*에 가다|to go to the military|*군대* 생활|military life|*군대*를 제대하다|to be discharged from the army||||||
584|1536|상대방02|명|相對方|B|the other party|*상대방*의 의견|the other's opinion|*상대방*을 배려하다|to consider the other party|*상대방* 전화번호|the other person's number||||||
585|1539|시골|명||B|countryside|*시골* 풍경|countryside scenery|*시골*에서 살다|to live in the country|고향 *시골*|hometown countryside||||||
586|1541|잘못되다|동||B|to go wrong|일이 *잘못되다*|things go wrong|계산이 *잘못되다*|calculation is wrong|태도가 *잘못되다*|attitude is wrong||||||
587|1542|치료|명|治療|B|treatment|병을 *치료*하다|to treat a disease|치과 *치료*|dental treatment|*치료*를 받다|to receive treatment||||||
588|1543|폭06|명|幅|B|width|*폭*이 넓다|to be wide in width|길의 *폭*|width of a road|*폭*이 좁다|to be narrow in width||||||
589|1545|내밀다|동||B|to stick out|손을 *내밀다*|to reach out a hand|혀를 *내밀다*|to stick out one's tongue|고개를 *내밀다*|to poke one's head out||||||
590|1546|맞다03|동|매를 ~|B|to be hit|매를 *맞다*|to be beaten|비를 *맞다*|to get rained on|주사를 *맞다*|to get an injection||||||
591|1549|임신02|명|妊娠|B|pregnancy|*임신* 6개월|six months pregnant|*임신* 사실을 알다|to know about the pregnancy|*임신*을 축하하다|to congratulate on the pregnancy||||||
592|1550|잡히다02|동|'잡다'의 피동사|B|to be caught|도둑이 *잡혔다*|the thief was caught|기회가 *잡히다*|an opportunity is seized|냄새가 *잡히다*|the smell is removed||||||
593|1553|그램|의|gram|B|gram|백 *그램*|one hundred grams|*그램* 단위로 재다|to measure in grams|무게가 몇 *그램*인가요|how many grams is the weight||||||
594|1554|밭01|명||B|field|고구마 *밭*|sweet potato field|*밭*에서 일하다|to work in the field|*밭*을 갈다|to plow a field||||||
595|1555|분석하다02|동|分析-|B|to analyze|데이터를 *분석하다*|to analyze data|원인을 *분석하다*|to analyze the cause|꼼꼼히 *분석하다*|to analyze thoroughly||||||
596|1556|식구01|명|食口|B|family member|우리 집 *식구*|my family members|*식구*가 많다|to have a large family|한 *식구*처럼 지내다|to live like one family||||||
597|1559|울리다01|동|종이 ~|B|to ring|벨이 *울리다*|the bell rings|천둥이 *울리다*|thunder rumbles|전화가 *울리다*|the phone rings||||||
598|1561|확실하다|형|確實-|B|to be certain|*확실한* 증거|certain evidence|승리가 *확실하다*|victory is certain|*확실하게* 결정하다|to decide definitely||||||
599|1564|글자|명|-字|B|letter|*글자*를 쓰다|to write letters|큰 *글자*|large font|한 *글자*씩 읽다|to read letter by letter||||||
600|1566|연구하다02|동|硏究-|B|to research|암을 *연구하다*|to research cancer|새로운 기술을 *연구하다*|to research new technology|깊이 *연구하다*|to study deeply||||||
601|1578|직업|명|職業|B|job|*직업*을 갖다|to have a job|전문적인 *직업*|professional occupation|*직업*을 바꾸다|to change careers||||||
602|1583|조상07|명|祖上|B|ancestor|*조상* 대대로|for generations of ancestors|*조상*을 모시다|to honor ancestors|*조상*의 지혜|wisdom of ancestors||||||
603|1585|검다02|형|색깔이 ~|B|to be black|머리가 *검다*|hair is black|*검은* 정장|black suit|눈동자가 *검다*|eyes are dark||||||
604|1586|곁01|명||B|side|내 *곁*에 있어|stay by my side|*곁*을 지키다|to stay by someone's side|*곁*으로 다가가다|to approach someone||||||
605|1590|따다01|동|떼다|B|to pick|사과를 *따다*|to pick an apple|자격증을 *따다*|to get a certificate|점수를 *따다*|to score points||||||
606|1591|문제점|명|問題點|B|problematic point|*문제점*을 지적하다|to point out a problem|심각한 *문제점*|serious problem|*문제점*을 해결하다|to solve a problem||||||
607|1593|불가능하다|형|不可能-|B|to be impossible|거의 *불가능하다*|to be almost impossible|실현 *불가능한* 꿈|an impossible dream|*불가능해* 보이다|to look impossible||||||
608|1594|인제01|부||B|now|*인제* 가야지|I should go now|*인제* 다 됐다|it's all done now|*인제* 와서 뭐해|what's the use now||||||
609|1595|충격02|명|衝擊|B|shock|*충격*을 받다|to be shocked|정신적 *충격*|mental shock|*충격*적인 소식|shocking news||||||
610|1597|금방01|부|今方|B|soon|*금방* 올게요|I'll be right back|*금방* 끝나요|it will finish soon|*금방* 잊어버리다|to forget quickly||||||
611|1599|누르다01|동|힘을 가하다|B|to press|버튼을 *누르다*|to press a button|벨을 *누르다*|to ring the doorbell|꾹 *누르다*|to press hard||||||
612|1610|서로01|명||B|each other|*서로* 돕다|to help each other|*서로* 다른 의견|different opinions from each other|*서로* 사랑하다|to love each other||||||
613|1612|한참|명||B|a long while|*한참* 동안|for a good while|*한참*을 기다리다|to wait for a long time|*한참* 바쁠 때|when one is very busy||||||
614|1614|끊다|동||B|to cut/quit|담배를 *끊다*|to quit smoking|전화를 *끊다*|to hang up the phone|관계를 *끊다*|to break off a relationship||||||
615|1615|넘어가다01|동||B|to cross over|고개를 *넘어가다*|to cross a hill|페이지를 *넘어가다*|to turn a page|위기를 *넘어가다*|to get past a crisis||||||
616|1616|담기다01|동|담다|B|to be contained|병에 *담기다*|to be contained in a bottle|진심이 *담긴* 편지|a letter filled with sincerity|접시에 *담기다*|to be put on a plate||||||
617|1620|서두르다|동||B|to hurry|출근을 *서두르다*|to hurry to work|너무 *서두르지* 마세요|don't rush too much|*서둘러* 나가다|to go out in a hurry||||||
618|1624|충분하다01|형|充分-|B|to be enough|시간이 *충분하다*|there is enough time|*충분한* 휴식|sufficient rest|*충분히* 설명하다|to explain sufficiently||||||
619|1633|기쁨|명||B|joy|*기쁨*을 나누다|to share joy|승리의 *기쁨*|the joy of victory|*기쁨*에 넘치다|to be overflowing with joy||||||
620|1634|깊이02|부||B|deeply|*깊이* 생각하다|to think deeply|*깊이* 잠들다|to fall into a deep sleep|*깊이* 반성하다|to reflect deeply||||||
621|1635|꾸미다|동||B|to decorate|방을 *꾸미다*|to decorate a room|예쁘게 *꾸미다*|to dress up prettily|이야기를 *꾸미다*|to make up a story||||||
622|1636|늘리다|동||B|to increase|체중을 *늘리다*|to increase weight|시간을 *늘리다*|to extend time|실력을 *늘리다*|to improve one's skill||||||
623|1637|무릎|명||B|knee|*무릎*을 꿇다|to kneel down|*무릎*이 아프다|knees hurt|*무릎* 위에 놓다|to put on one's lap||||||
624|1638|발견되다|동|發見-|B|to be discovered|시신이 *발견되다*|a body is found|새로운 사실이 *발견되다*|a new fact is discovered|유물이 *발견되다*|artifacts are discovered||||||
625|1642|이용01|명|利用|B|use|대중교통 *이용*|use of public transport|시설 *이용*|use of facilities|*이용*을 권장하다|to encourage use||||||
626|1644|지르다03|동|소리를 ~|B|to shout|소리를 *지르다*|to scream|고함을 *지르다*|to yell|비명을 *지르다*|to shriek||||||
627|1647|걸음|명||B|step|첫 *걸음*|the first step|*걸음*을 멈추다|to stop walking|*걸음*이 빠르다|to be a fast walker||||||
628|1648|겨우|부||B|barely|*겨우* 도착했다|barely arrived|*겨우* 세 명|only three people|*겨우* 살아나다|barely survived||||||
629|1649|마르다01|동||B|to dry|빨래가 *마르다*|laundry dries|입술이 *마르다*|lips are dry|몸이 *마르다*|to be thin||||||
630|1650|비교적|부|比較的|B|relatively|*비교적* 쉽다|relatively easy|*비교적* 최근의 일|relatively recent event|*비교적* 잘하다|to do relatively well||||||
631|1657|높아지다|동||B|to get higher|파도가 *높아지다*|waves get higher|목소리가 *높아지다*|voice gets louder|관심이 *높아지다*|interest increases||||||
632|1658|늙다|동||B|to age|나이가 *늙다*|to get old|*늙은* 호박|aged pumpkin|*늙어* 보이다|to look old||||||
633|1664|상상07|명|想像|B|imagination|*상상*을 초월하다|to go beyond imagination|즐거운 *상상*|pleasant imagination|*상상*도 못 하다|cannot even imagine||||||
634|1673|뜨다05|동|눈을 ~|B|to open (eyes)|눈을 *뜨다*|to open one's eyes|번쩍 눈을 *뜨다*|to snap one's eyes open|잠에서 *뜨다*|to wake up||||||
635|1676|스타|명|star|B|star|인기 *스타*|popular star|*스타*가 되다|to become a star|스포츠 *스타*|sports star||||||
636|1679|입술|명||B|lips|*입술*을 깨물다|to bite one's lips|붉은 *입술*|red lips|*입술*이 부르트다|lips are chapped||||||
637|1681|중간01|명|中間|B|middle|*중간* 지점|middle point|*중간* 고사|midterm exam|*중간*에 그만두다|to quit halfway||||||
638|1687|몹시|부||B|extremely|날씨가 *몹시* 춥다|the weather is extremely cold|*몹시* 괴로워하다|to suffer greatly|*몹시* 서두르다|to be in a huge hurry||||||
639|1693|특별하다|형|特別-|B|to be special|*특별한* 이유|special reason|날이 *특별하다*|the day is special|*특별하게* 대우하다|to treat specially||||||
640|1695|가까이|부||B|nearby|*가까이* 오세요|come closer|우리 집 *가까이*|near my house|*가까이* 지내다|to stay close to someone||||||
641|1696|낫다02|형|더 좋다|B|to be better|어제보다 *낫다*|better than yesterday|형보다 *나은* 아우|a younger brother better than the older|이게 훨씬 *낫다*|this is much better||||||
642|1697|넘어서다|동||B|to go beyond|한계를 *넘어서다*|to exceed the limit|백 명을 *넘어서다*|to exceed one hundred people|고개를 *넘어서다*|to cross over a hill||||||
643|1700|언젠가|부||B|someday|*언젠가* 만날 거야|we will meet someday|*언젠가* 가본 곳|a place visited once|*언젠가는* 성공한다|will succeed eventually||||||
644|1701|예술가|명|藝術家|B|artist|위대한 *예술가*|great artist|*예술가*의 혼|artist's soul|가난한 *예술가*|poor artist||||||
645|1706|가만히|부||B|still|*가만히* 앉아 있다|to sit still|*가만히* 지켜보다|to watch quietly|*가만히* 있어라|stay still||||||
646|1712|한두|관||B|one or two|*한두* 번이 아니다|not just once or twice|*한두* 개만 주세요|please give me just one or two|*한두* 명씩 모이다|gathering one by one or two by two||||||
647|1715|흙01|명||B|soil/dirt|*흙*을 파다|to dig the soil|*흙* 묻은 신발|shoes covered in dirt|*흙*으로 돌아가다|to return to the earth||||||
648|1716|가난하다|형||B|to be poor|*가난한* 시절|poor days|살림이 *가난하다*|to be poor in living|*가난하게* 살다|to live poorly||||||
649|1717|고객04|명|顧客|B|customer|*고객* 만족|customer satisfaction|단골 *고객*|regular customer|*고객* 서비스|customer service||||||
650|1718|과학자|명|科學者|B|scientist|천재 *과학자*|genius scientist|*과학자*가 꿈이다|dreaming of being a scientist|미래의 *과학자*|future scientist||||||
651|1719|관광02|명|觀光|B|tourism|*관광* 명소|tourist attraction|*관광*객|tourist|제주도 *관광*|Jeju Island tour||||||
652|1722|수술05|명|手術|B|surgery|*수술*을 받다|to undergo surgery|성형 *수술*|plastic surgery|*수술*이 성공하다|surgery is successful||||||
653|1723|식품01|명|食品|B|food|건강 *식품*|health food|가공 *식품*|processed food|*식품* 가게|grocery store||||||
654|1724|연기10|명|演技|B|acting|훌륭한 *연기*|excellent acting|*연기*를 잘하다|to be good at acting|*연기*력|acting ability||||||
655|1730|회원|명|會員|B|member|*회원* 가입|joining as a member|*회원* 번호|member number|정*회원*|full member||||||
656|1733|들려오다|동||B|to be heard|소문이 *들려오다*|rumors are heard|음악 소리가 *들려오다*|sound of music is heard|멀리서 *들려오다*|to be heard from afar||||||
657|1737|풀리다|동||B|to be untied/solved|문제가 *풀리다*|the problem is solved|오해가 *풀리다*|misunderstanding is cleared|날씨가 *풀리다*|weather gets milder||||||
658|1739|들여다보다|동||B|to look into|안을 *들여다보다*|to look inside|거울을 *들여다보다*|to look in a mirror|자세히 *들여다보다*|to look closely||||||
659|1740|마늘|명||B|garlic|*마늘* 한 쪽|a clove of garlic|*마늘*을 까다|to peel garlic|*마늘* 냄새|smell of garlic||||||
660|1742|습관|명|習慣|B|habit|나쁜 *습관*|bad habit|*습관*을 고치다|to fix a habit|*습관*이 되다|to become a habit||||||
661|1746|활용하다|동|活用-|B|to utilize|시간을 *활용하다*|to utilize time|공간을 *활용하다*|to use space|적극적으로 *활용하다*|to utilize actively||||||
662|1747|가꾸다|동||B|to cultivate|정원을 *가꾸다*|to tend a garden|외모를 *가꾸다*|to groom oneself|텃밭을 *가꾸다*|to cultivate a small patch||||||
663|1749|떠올리다|동||B|to recall|옛 추억을 *떠올리다*|to recall old memories|이름을 *떠올리다*|to think of a name|생각을 *떠올리다*|to come up with an idea||||||
664|1750|맨01|관||B|the very/front|*맨* 앞줄|the very front row|*맨* 처음|the very first|*맨* 끝|the very end||||||
665|1752|상처02|명|傷處|B|wound/hurt|*상처*를 입다|to get hurt|마음의 *상처*|emotional wound|*상처*가 나다|to get a scar||||||
666|1754|좁다01|형||B|to be narrow|길이 *좁다*|the road is narrow|폭이 *좁다*|the width is narrow|속이 *좁다*|to be narrow-minded||||||
667|1756|집다01|동||B|to pick up|물건을 *집다*|to pick up an object|젓가락으로 *집다*|to pick up with chopsticks|손으로 *집다*|to pick up with hands||||||
668|1759|군04|의|君|B|Mr. (young man)|김 *군*|Mr. Kim|이 *군*|Mr. Lee|사랑하는 *군*|dear young man||||||
669|1760|대표적|명|대표적|B|representative|*대표적*인 사례|representative case|*대표적*으로 꼽히다|to be cited as a representative|한국의 *대표적*인 음식|representative Korean food||||||
670|1761|만일01|명|萬一|B|if/by any chance|*만일*의 사태|in case of emergency|*만일* 비가 오면|if it rains by any chance|*만일*을 대비하다|to prepare for the unexpected||||||
671|1762|사회적|명|社會적|B|social|*사회적* 동물|social animal|*사회적* 이슈|social issue|*사회적* 지위|social status||||||
672|1763|생겨나다|동||B|to emerge|새로운 게 *생겨나다*|something new emerges|문제가 *생겨나다*|a problem arises|생각이 *생겨나다*|an idea comes up||||||
673|1765|주부03|명|主婦|B|housewife|전업 *주부*|full-time housewife|베테랑 *주부*|veteran housewife|*주부*의 일상|housewife's daily life||||||
674|1767|태양02|명|太陽|B|sun|뜨거운 *태양*|hot sun|*태양* 에너지|solar energy|*태양*이 뜨다|the sun rises||||||
675|1768|틀림없다|형||B|to be certain|범인이 *틀림없다*|must be the culprit|사실임이 *틀림없다*|is certainly true|그럴 리 *틀림없다*|undoubtedly so||||||
676|1769|프로03|명|professional|B|professional|*프로* 선수|professional athlete|*프로* 정신|professionalism|*프로* 무대|professional stage||||||
677|1770|피다01|동|꽃이 ~|B|to bloom|꽃이 *피다*|flowers bloom|웃음꽃이 *피다*|to be full of smiles|담배를 *피우다*|to smoke (causative)||||||
678|1773|도로07|명|道路|B|road|*도로* 확장|road expansion|*도로*가 막히다|the road is blocked|왕복 4차선 *도로*|four-lane road||||||
679|1776|지다05|동|등에 ~|B|to carry on back|짐을 *지다*|to carry a load|책임을 *지다*|to take responsibility|가방을 어깨에 *지다*|to carry a bag on shoulders||||||
680|1777|채우다03|동|자리를 ~|B|to fill|잔을 *채우다*|to fill a glass|부족함을 *채우다*|to fill a deficiency|정원을 *채우다*|to fill the quota||||||
681|1780|부족05|명|部族|B|tribe|원시 *부족*|primitive tribe|*부족* 간의 전쟁|war between tribes|유목 *부족*|nomadic tribe||||||
682|1790|달리다01|동|문에 종이 ~|B|to hang|종이 *달려* 있다|a bell is hanging|조건이 *달리다*|to have conditions attached|꼬리가 *달리다*|to have a tail||||||
683|1791|더하다|동||B|to add|힘을 *더하다*|to add strength|숫자를 *더하다*|to add numbers|기쁨이 *더해지다*|joy increases (is added)||||||
684|1801|총장01|명|總長|B|president/chancellor|대학교 *총장*|university president|*총장* 임명|appointment of the chancellor|*총장* 발령|assignment of the president||||||
685|1804|단순히|부|單純-|B|simply|*단순히* 생각하다|to think simply|*단순히* 말해서|simply put|*단순히* 우연이다|it is simply a coincidence||||||
686|1805|달려가다|동||B|to run|학교로 *달려가다*|to run to school|품으로 *달려가다*|to run into someone's arms|급히 *달려가다*|to run in a hurry||||||
687|1806|방문03|명|訪問|B|visit|*방문* 일정|visit schedule|공식 *방문*|official visit|첫 *방문*|first visit||||||
688|1807|불만|명|不滿|B|dissatisfaction|*불만*을 품다|to harbor dissatisfaction|*불만*이 생기다|to become dissatisfied|*불만* 섞인 목소리|a voice full of discontent||||||
689|1808|불편하다01|형|不便-|B|to be uncomfortable|교통이 *불편하다*|transportation is inconvenient|마음이 *불편하다*|to feel uneasy|자세가 *불편하다*|the posture is uncomfortable||||||
690|1809|실제02|명|實際|B|reality|*실제* 상황|real situation|*실제*와 다르다|to be different from reality|*실제* 나이|actual age||||||
691|1810|종09|명|種|B|kind/species|여러 *종*의 식물|various species of plants|이런 *종*의 사람|this kind of person|멸종 위기 *종*|endangered species||||||
692|1814|관객|명|觀客|B|audience|*관객* 수|number of audience members|*관객*이 꽉 차다|to be packed with audience|영화 *관객*|moviegoers||||||
693|1817|막01|부|바로 지금|B|just|*막* 도착했다|just arrived|*막* 시작하려던 참이다|was just about to start|*막* 떠나다|to leave just now||||||
694|1820|숫자|명|數字|B|number|*숫자*를 세다|to count numbers|네 자리 *숫자*|four-digit number|*숫자*에 밝다|to be good with numbers||||||
695|1821|열07|명|熱|B|fever/heat|*열*이 나다|to have a fever|*열*을 식히다|to cool down the heat|*열*을 재다|to take one's temperature||||||
696|1827|계산01|명|計算|B|calculation|*계산*이 틀리다|the calculation is wrong|*계산*을 하다|to pay the bill/calculate|정확한 *계산*|accurate calculation||||||
697|1829|놀랍다|형||B|to be surprising|*놀라운* 소식|surprising news|발전이 *놀랍다*|development is amazing|*놀랍도록* 빠르다|to be surprisingly fast||||||
698|1832|예전01|명||B|the past|*예전* 친구|friend from the past|*예전*만 못하다|not as good as before|*예전*에 살던 곳|place where I used to live||||||
699|1833|저05|감||B|uh/well|*저*| 실례합니다|Uh| excuse me|*저*| 기운 내세요|Well| cheer up|*저*| 혹시|Uh| by any chance
700|1834|전기15|명|電氣|B|electricity|*전기*가 끊기다|the electricity is cut off|*전기* 요금|electricity bill|*전기* 절약|saving electricity||||||
701|1837|틀리다01|동|답이 ~|B|to be wrong|답이 *틀리다*|the answer is wrong|계산이 *틀렸다*|the calculation was wrong|글자가 *틀리다*|the letter is incorrect||||||
702|1841|붓다02|동|물을 ~|B|to pour|컵에 물을 *붓다*|to pour water into a cup|기름을 *붓다*|to pour oil|적금을 *붓다*|to pay into an installment savings account||||||
703|1848|고모01|명|姑母|B|paternal aunt|우리 *고모*|my aunt|*고모* 댁|aunt's house|*고모*부|husband of paternal aunt||||||
704|1860|약하다01|형|弱-|B|to be weak|몸이 *약하다*|to be physically weak|마음이 *약하다*|to be soft-hearted|불이 *약하다*|the fire is weak||||||
705|1865|공무원|명|公務員|B|civil servant|국가 *공무원*|national civil servant|*공무원* 시험|civil service exam|*공무원*이 되다|to become a civil servant||||||
706|1869|부족01|명|不足|B|shortage/lack|수면 *부족*|lack of sleep|일손 *부족*|labor shortage|경험이 *부족하다*|to lack experience||||||
707|1877|달다03|동|단추를 ~|B|to attach|단추를 *달다*|to sew on a button|간판을 *달다*|to hang a sign|이름표를 *달다*|to attach a name tag||||||
708|1891|행복하다|형|幸福-|B|to be happy|정말 *행복하다*|to be truly happy|*행복하게* 살다|to live happily|*행복한* 가정|happy family||||||
709|1892|굽다01|동|익히다|B|to roast/bake|고기를 *굽다*|to grill meat|빵을 *굽다*|to bake bread|생선을 *굽다*|to grill fish||||||
710|1893|기름01|명||B|oil|*기름*을 넣다|to put in oil (gas)|식용 *기름*|cooking oil|*기름*진 음식|oily food||||||
711|1895|쏟아지다|동||B|to pour out|비가 *쏟아지다*|the rain pours down|눈물이 *쏟아지다*|tears pour out|박수가 *쏟아지다*|applause pours out||||||
712|1905|기억하다02|동|記憶-|B|to remember|이름을 *기억하다*|to remember a name|나를 *기억하니*|do you remember me|똑똑히 *기억하다*|to remember clearly||||||
713|1912|토론01|명|討論|B|discussion/debate|열띤 *토론*|heated debate|*토론*에 참여하다|to participate in a discussion|*토론* 주제|debate topic||||||
714|1915|고급02|명|高級|B|high grade/luxury|*고급* 호텔|luxury hotel|*고급* 인력|high-level manpower|*고급* 승용차|high-end car||||||
715|1916|고생|명|苦生|B|hardship|*고생*을 하다|to suffer hardship|*고생*이 많다|to go through much trouble|그동안 *고생*했다|you've worked hard||||||
716|1918|미치다01|동|정신에 이상이 생기다|B|to go crazy|미치지 않고서야|unless one is crazy|*미친* 사람|crazy person|보고 싶어 *미치겠다*|I'm crazy to see you||||||
717|1919|밟다|동||B|to step on|발을 *밟다*|to step on a foot|낙엽을 *밟다*|to step on fallen leaves|엑셀을 *밟다*|to step on the gas||||||
718|1921|섞다|동||B|to mix|술과 물을 *섞다*|to mix alcohol and water|농담을 *섞다*|to mix in jokes|카드를 *섞다*|to shuffle cards||||||
719|1925|없애다|동||B|to remove|냄새를 *없애다*|to get rid of a smell|스트레스를 *없애다*|to relieve stress|증거를 *없애다*|to destroy evidence||||||
720|1928|이뤄지다|동||B|to be achieved|꿈이 *이뤄지다*|a dream comes true|합의가 *이뤄지다*|an agreement is reached|조직이 *이뤄지다*|to be composed of||||||
721|1931|정상11|명|頂上|B|summit/peak|산 *정상*|mountain peak|*정상* 회담|summit talk|*정상*에 오르다|to reach the top||||||
722|1936|화장품|명|化粧品|B|cosmetics|기초 *화장품*|basic cosmetics|*화장품*을 바르다|to apply cosmetics|여성용 *화장품*|cosmetics for women||||||
723|1937|굵다|형||B|to be thick|팔뚝이 *굵다*|forearms are thick|빗줄기가 *굵다*|raindrops are thick|글씨가 *굵다*|the handwriting is bold/thick||||||
724|1939|깨끗이|부||B|cleanly|*깨끗이* 씻다|to wash cleanly|*깨끗이* 잊다|to forget completely|방을 *깨끗이* 치우다|to clean the room thoroughly||||||
725|1940|낡다01|형||B|to be worn out|*낡은* 옷|worn-out clothes|생각이 *낡다*|to have outdated ideas|*낡은* 건물|old building||||||
726|1943|눈앞|명||B|before one's eyes|*눈앞*에 나타나다|to appear before one's eyes|시험이 *눈앞*이다|the exam is just around the corner|*눈앞*의 이익|immediate profit||||||
727|1945|방문하다|동|訪問-|B|to visit|친구 집을 *방문하다*|to visit a friend's house|한국을 *방문하다*|to visit Korea|현장을 *방문하다*|to visit the site||||||
728|1946|붉다01|형||B|to be red|얼굴이 *붉다*|face is red|*붉은* 노을|red sunset|단풍이 *붉다*|maple leaves are red||||||
729|1948|순서|명|順序|B|order/sequence|*순서*를 기다리다|to wait for one's turn|번호 *순서*대로|in numerical order|*순서*가 바뀌다|the order is changed||||||
730|1949|아무래도|부||B|anyway/likely|*아무래도* 이상하다|it's strange no matter what|*아무래도* 안 되겠다|it's probably not going to work|*아무래도* 상관없다|it doesn't matter anyway||||||
731|1950|연구소|명|硏究所|B|research institute|과학 *연구소*|science research center|기업 부설 *연구소*|corporate research lab|*연구소*에서 근무하다|to work at a research institute||||||
732|1953|이사14|명|移徙|B|moving (house)|*이사*를 가다|to move out|*이사* 비용|moving costs|*이사* 짐|moving boxes/luggage||||||
733|1961|들르다|동||B|to stop by|서점에 *들르다*|to drop by a bookstore|잠시 *들르다*|to stop by for a moment|집에 *들렀다* 가다|to stop by home before going||||||
734|1964|섬03|명||B|island|무인도 *섬*|uninhabited island|*섬*에 살다|to live on an island|아름다운 *섬*|beautiful island||||||
735|1765|이하02|명|以下|B|below|19세 *이하*|19 years old and under|기대 *이하*|below expectations|0도 *이하*|below zero||||||
736|1966|참석하다|동|參席-|B|to attend|회의에 *참석하다*|to attend a meeting|결혼식에 *참석하다*|to attend a wedding|전원 *참석하다*|everyone attends||||||
737|1968|해결02|명|解決|B|solution/settlement|문제 *해결*|problem solving|사건 *해결*|settlement of a case|*해결* 방안|solution plan||||||
738|1971|근로자|명|勤勞者|B|worker|외국인 *근로자*|foreign worker|*근로자*의 날|Labor Day|생산직 *근로자*|production worker||||||
739|1972|글쎄01|감||B|well/I'm not sure|*글쎄*| 잘 모르겠어|Well| I don't really know|*글쎄* 말이야|I'm telling you/Exactly|*글쎄*| 그게 말이지|Well| you see...||
740|1975|변화하다|동|變化-|B|to change|세상이 *변화하다*|the world changes|날씨가 *변화하다*|the weather changes|급격히 *변화하다*|to change rapidly||||||
741|1986|결정되다01|동|決定-|B|to be decided|우승이 *결정되다*|the winner is decided|날짜가 *결정되다*|the date is decided|아직 안 *결정됐다*|it hasn't been decided yet||||||
742|1992|불안01|명|不安|B|anxiety/uneasiness|*불안*을 느끼다|to feel anxious|마음의 *불안*|mental uneasiness|*불안*에 떨다|to tremble with anxiety||||||
743|1994|여유|명|餘裕|B|affordance/room|시간적 *여유*|spare time|*여유*를 가지다|to take it easy|금전적 *여유*|financial leeway||||||
744|1997|킬로미터|의|kilometer|B|kilometer|10 *킬로미터*|ten kilometers|*킬로미터*당 요금|rate per kilometer|먼 *킬로미터*|far kilometers||||||
745|1998|파도|명|波濤|B|wave|*파도*가 치다|waves are crashing|높은 *파도*|high waves|*파도*를 타다|to surf (ride the waves)||||||
746|2001|단09|관|單|B|only/single|*단* 한 명|only one person|*단* 5분|just five minutes|*단* 한 번의 기회|only one chance||||||
747|2004|방송국|명|放送局|B|broadcasting station|*방송국* 피디|station producer|*방송국* 견학|station tour|지역 *방송국*|local broadcasting station||||||
748|2006|숨다01|동||B|to hide|커튼 뒤에 *숨다*|to hide behind curtains|꼭꼭 *숨다*|to hide well|산속에 *숨다*|to hide in the mountains||||||
749|2009|예금01|명|預金|B|deposit|은행 *예금*|bank deposit|*예금*을 찾다|to withdraw a deposit|*예금* 이자|deposit interest||||||
750|2012|입학|명|入學|B|admission|*입학* 시험|entrance exam|학교 *입학*|school admission|*입학*을 축하하다|to congratulate on admission||||||
751|2024|물다02|동|담배를 ~|B|to hold in mouth|담배를 *물다*|to hold a cigarette in mouth|사탕을 *물다*|to have a candy in mouth|입에 *물다*|to hold in one's mouth||||||
752|2028|어느새|부||B|already/unawares|*어느새* 겨울이다|it's already winter|*어느새* 다 컸네|you've grown up so fast|*어느새* 해가 졌다|the sun has set already||||||
753|2035|치즈|명|cheese|B|cheese|*치즈*를 얹다|to put cheese on top|녹은 *치즈*|melted cheese|*치즈* 케이크|cheesecake||||||
754|2039|반대하다01|동|反對-|B|to oppose|계획에 *반대하다*|to oppose a plan|강력히 *반대하다*|to strongly oppose|의견에 *반대하다*|to disagree with an opinion||||||
755|2043|아이고|감||B|oh my/oops|*아이고*| 깜짝이야|Oh my| you scared me|*아이고*| 허리야|Oh| my back|*아이고*| 죄송합니다|Oops| I'm sorry
756|2047|조용히|부||B|quietly|*조용히* 해 주세요|please be quiet|*조용히* 나가다|to go out quietly|*조용히* 살다|to live a quiet life||||||
757|2055|구멍|명||B|hole|바지에 *구멍*|hole in pants|*구멍*이 나다|a hole is formed|작은 *구멍*|small hole||||||
758|2059|만화10|명|漫畵|B|comic/cartoon|*만화* 잡지|comic magazine|*만화* 영화|animated movie|*만화*를 그리다|to draw comics||||||
759|2060|먹이다|동||B|to feed|아이를 *먹이다*|to feed a child|사료를 *먹이다*|to feed fodder|우유를 *먹이다*|to feed milk||||||
760|2061|무시하다|동|無視-|B|to ignore|나를 *무시하다*|to ignore me|의견을 *무시하다*|to disregard an opinion|빨간불을 *무시하다*|to ignore a red light||||||
761|2063|살짝01|부||B|slightly/stealthily|*살짝* 웃다|to smile slightly|*살짝* 열다|to open a little bit|*살짝* 데치다|to blanch slightly||||||
762|2064|생각나다|동||B|to remember|갑자기 *생각나다*|to suddenly remember|이름이 *생각나다*|to recall a name|고향이 *생각나다*|to be reminded of home||||||
763|2067|차갑다|형||B|to be cold|손이 *차갑다*|hands are cold|*차가운* 물|cold water|태도가 *차갑다*|attitude is cold||||||
764|2070|관찰하다|동|觀察-|B|to observe|식물을 *관찰하다*|to observe plants|자세히 *관찰하다*|to observe closely|행동을 *관찰하다*|to observe behavior||||||
765|2071|괜히|부||B|in vain/for no reason|*괜히* 왔다|came for nothing|*괜히* 걱정했다|worried for no reason|*괜히* 심술부리다|to be cranky for no reason||||||
766|2072|끼다03|동|끼우다|B|to put in/insert|장갑을 *끼다*|to put on gloves|안경을 *낀* 사람|a person wearing glasses|반지를 *끼다*|to put on a ring||||||
767|2073|날개01|명||B|wing|새의 *날개*|bird's wing|비행기 *날개*|airplane wing|*날개*를 펴다|to spread wings||||||
768|2074|녀석|의||B|fellow/guy|못된 *녀석*|bad fellow|귀여운 *녀석*|cute little guy|이 *녀석*아|hey you (buddy/kid)||||||
769|2075|눈빛01|명|~이 매섭다|B|look/glance|따뜻한 *눈빛*|warm look|매서운 *눈빛*|fierce look|*눈빛*을 주고받다|to exchange glances||||||
770|2076|단지08|명|團地|B|complex/estate|아파트 *단지*|apartment complex|주택 *단지*|housing estate|산업 *단지*|industrial complex||||||
771|2079|물속|명||B|underwater|*물속*으로 들어가다|to go into the water|*물속*에서 숨참기|holding breath underwater|*물속*이 훤히 보이다|to see clearly underwater||||||
772|2082|성공하다|동|成功-|B|to succeed|시험에 *성공하다*|to succeed in an exam|사업에 *성공하다*|to succeed in business|마침내 *성공했다*|finally succeeded||||||
773|2083|소나무|명||B|pine tree|푸른 *소나무*|green pine tree|*소나무* 숲|pine forest|*소나무*를 심다|to plant a pine tree||||||
774|2084|여기저기|명||B|here and there|*여기저기* 다니다|to go here and there|*여기저기* 아프다|to ache all over|*여기저기* 흩어져 있다|to be scattered everywhere||||||
775|2094|머무르다|동||B|to stay|호텔에 *머무르다*|to stay at a hotel|잠시 *머무르다*|to stay for a while|기억에 *머무르다*|to stay in one's memory||||||
776|2100|싸다01|동|보자기에 ~|B|to wrap/pack|도시락을 *싸다*|to pack a lunch|선물을 *싸다*|to wrap a gift|짐을 *싸다*|to pack bags||||||
777|2107|형제01|명|兄弟|B|brothers/siblings|*형제*가 어떻게 되세요|how many siblings do you have|사이좋은 *형제*|brothers who get along|*형제* 사이|relationship between brothers||||||
778|2108|화려하다|형|華麗-|B|to be splendid/fancy|*화려한* 드레스|fancy dress|조명이 *화려하다*|lights are splendid|*화려하게* 장식하다|to decorate splendidly||||||
779|2111|딴03|관|~ 일|B|other/different|*딴* 생각|other thoughts|*딴* 사람|different person|*딴* 데로 가다|to go somewhere else||||||
780|2112|몇몇|관||B|some/several|*몇몇* 사람들|some people|*몇몇* 학생들|several students|*몇몇* 곳|some places||||||
781|2114|세계적|명|世界的|B|world-class/global|*세계적*인 가수|world-class singer|*세계적*으로 유명하다|to be globally famous|*세계적*인 추세|global trend||||||
782|2115|안전03|명|安全|B|safety|*안전*을 확인하다|to check safety|*안전*한 장소|safe place|교통 *안전*|traffic safety||||||
783|2116|양파|명|洋-|B|onion|*양파*를 까다|to peel an onion|*양파*를 볶다|to stir-fry onions|*양파* 냄새|onion smell||||||
784|2117|이상12|명|異常|B|abnormality|기계에 *이상*이 있다|something is wrong with the machine|*이상* 증세|abnormal symptoms|몸에 *이상*을 느끼다|to feel something's wrong with the body||||||
785|2120|촬영|명|撮影|B|filming/shooting|영화 *촬영*|movie filming|*촬영* 중|now filming|*촬영*을 금지하다|to ban filming||||||
786|2122|틀다|동||B|to turn/twist|라디오를 *틀다*|to turn on the radio|방향을 *틀다*|to change direction|수도꼭지를 *틀다*|to turn on the faucet||||||
787|2124|가지01|명|~를 치다|B|branch|나무 *가지*|tree branch|*가지*를 꺾다|to break a branch|*가지*가 뻗다|branches are spreading||||||
788|2125|감다01|동|눈을 ~|B|to close (eyes)|눈을 *감다*|to close one's eyes|눈을 *감고* 생각하다|to think with eyes closed|눈을 꼭 *감다*|to close eyes tightly||||||
789|2127|규칙02|명|規則|B|rule|*규칙*을 지키다|to follow rules|*규칙*적인 생활|regular life|교통 *규칙*|traffic rules||||||
790|2136|안방02|명|-房|B|main bedroom|*안방* 마님|lady of the house|*안방*에서 자다|to sleep in the master bedroom|*안방* 가구|master bedroom furniture||||||
791|2137|앓다|동||B|to suffer from|병을 *앓다*|to suffer from a disease|앓느니 죽지|better to die than suffer|가슴을 *앓다*|to be heartsick||||||
792|2140|오직01|부||B|only/solely|*오직* 당신뿐|only you|*오직* 한 길|the only path|*오직* 진실만을|only the truth||||||
793|2143|자신02|명|自信|B|confidence|*자신*을 얻다|to gain confidence|*자신*이 없다|to have no confidence|*자신*감이 넘치다|to overflow with confidence||||||
794|2144|잠시|명|暫時|B|a moment|*잠시* 기다려 주세요|please wait a moment|*잠시* 동안|for a short while|*잠시* 쉬어 가다|to take a short break||||||
795|2148|포함되다01|동|包含-|B|to be included|목록에 *포함되다*|to be included in the list|가격에 *포함되다*|to be included in the price|세금도 *포함된다*|tax is also included||||||
796|2150|호랑이|명|虎狼-|B|tiger|무서운 *호랑이*|scary tiger|*호랑이* 굴|tiger's den|*호랑이*도 제 말 하면 온다|speak of the devil (tiger)||||||
797|2154|덜01|부||B|less|*덜* 맵게 해주세요|please make it less spicy|어제보다 *덜* 춥다|it's less cold than yesterday|밥을 *덜* 먹다|to eat less rice||||||
798|2155|둥글다01|형||B|to be round|*둥근* 달|round moon|지구는 *둥글다*|the earth is round|성격이 *둥글다*|to have a well-rounded personality||||||
799|2158|본래|명|본래|B|originally|*본래*의 모습|original appearance|*본래*부터 그랬다|it was like that from the start|*본래* 취지|original intent||||||
800|2160|세금01|명|稅金|B|tax|*세금*을 내다|to pay taxes|*세금*이 비싸다|taxes are high|소득 *세금*|income tax||||||
801|2165|입구02|명|入口|B|entrance|건물 *입구*|building entrance|*입구*를 찾다|to look for the entrance|*입구*에서 만나다|to meet at the entrance||||||
802|2166|잔뜩|부||B|full/extremely|하늘에 구름이 *잔뜩* 끼다|the sky is full of clouds|*잔뜩* 기대하다|to be full of expectations|*잔뜩* 긴장하다|to be very nervous||||||
803|2167|적극|명|積極|B|active/enthusiasm|*적극* 추천하다|to strongly recommend|*적극*적인 자세|active attitude|*적극* 참여하다|to participate actively||||||
804|2168|최소한|명|最小限|B|at least|*최소한*의 노력|minimum effort|*최소한* 일주일|at least one week|*최소한*의 예의|minimum courtesy||||||
805|2169|펼쳐지다|동||B|to spread out|눈앞에 *펼쳐진* 풍경|scenery spread out before eyes|책이 *펼쳐져* 있다|the book is open|미래가 *펼쳐지다*|the future unfolds||||||
806|2170|경험하다|동|經驗-|B|to experience|외국 문화를 *경험하다*|to experience foreign culture|직접 *경험한* 일|something experienced firsthand|실패를 *경험하다*|to experience failure||||||
807|2172|넘치다|동||B|to overflow|물이 *넘치다*|water overflows|자신감이 *넘치다*|to overflow with confidence|정이 *넘치는* 마을|a village overflowing with kindness||||||
808|2173|놓치다|동||B|to miss|버스를 *놓치다*|to miss the bus|기회를 *놓치다*|to miss an opportunity|범인을 *놓치다*|to lose the culprit||||||
809|2176|돌아보다|동||B|to look back|뒤를 *돌아보다*|to look behind|지난날을 *돌아보다*|to look back on the past|주위를 *돌아보다*|to look around||||||
810|2177|또다시|부||B|once again|*또다시* 시작하다|to start once again|*또다시* 실패했다|failed yet again|*또다시* 만납시다|let's meet again||||||
811|2178|머릿속|명||B|inside one's head|*머릿속*이 복잡하다|one's head is complicated/full|*머릿속*에 떠오르다|to come to mind|*머릿속*이 하얘지다|one's mind goes blank||||||
812|2180|불안하다|형|不安-|B|to be anxious|마음이 *불안하다*|to feel anxious|미래가 *불안하다*|the future is uncertain|*불안해서* 잠을 못 자다|cannot sleep due to anxiety||||||
813|2182|위반03|명|違反|B|violation|규칙 *위반*|rule violation|주차 *위반*|parking violation|법을 *위반하다*|to violate the law||||||
814|2185|평생|명|平生|B|lifetime|*평생* 동안|during one's whole life|*평생* 잊지 못할 선물|a gift I won't forget my whole life|*평생* 직장|lifetime workplace||||||
815|2190|굉장히|부|宏壯-|B|very/greatly|*굉장히* 덥다|it's very hot|*굉장히* 넓은 집|an extremely spacious house|*굉장히* 유명한 사람|a very famous person||||||
816|2193|덮다|동||B|to cover|이불을 *덮다*|to cover with a blanket|뚜껑을 *덮다*|to put on a lid|책을 *덮다*|to close a book||||||
817|2196|몰다01|동||B|to drive/steer|차를 *몰다*|to drive a car|양을 *몰다*|to herd sheep|구석으로 *몰다*|to corner someone||||||
818|2197|배우01|명|俳優|B|actor/actress|영화 *배우*|movie actor|*배우*가 꿈이다|dream of becoming an actor|주연 *배우*|lead actor||||||
819|2200|알01|명||B|egg/grain|새의 *알*|bird's egg|안경 *알*|eyeglass lens|달걀 *알*|chicken egg||||||
820|2201|앞서다|동||B|to precede/lead|남보다 *앞서다*|to lead others|생각이 *앞서다*|thoughts get ahead of one|시대를 *앞선* 생각|ideas ahead of the time||||||
821|2203|오래전|명|-前|B|long ago|*오래전* 이야기|a story from long ago|이미 *오래전*에|already a long time ago|*오래전*부터 알던 사람|someone I've known since long ago||||||
822|2204|자격04|명|資格|B|qualification|*자격*이 충분하다|to be well-qualified|*자격*을 얻다|to get a qualification|부모 될 *자격*|qualification to be a parent||||||
823|2206|계단04|명|階段|B|stairs|*계단*을 오르다|to go up stairs|*계단*에서 넘어지다|to fall on the stairs|비상 *계단*|emergency stairs||||||
824|2208|끄덕이다|동||B|to nod|고개를 *끄덕이다*|to nod one's head|알았다고 *끄덕이다*|to nod in understanding|천천히 *끄덕이다*|to nod slowly||||||
825|2209|낯설다|형||B|to be unfamiliar|*낯선* 동네|unfamiliar neighborhood|*낯선* 사람|stranger|환경이 *낯설다*|the environment is unfamiliar||||||
826|2210|높이01|명||B|height|*높이*를 재다|to measure the height|건물의 *높이*|height of a building|하늘 *높이* 날다|to fly high in the sky||||||
827|2211|닮다|동||B|to resemble|엄마를 *닮다*|to resemble one's mother|서로 *닮았다*|to look like each other|목소리가 *닮다*|to have a similar voice||||||
828|2212|마음속|명||B|inside one's heart|*마음속*으로 빌다|to pray in one's heart|*마음속* 깊이|deep in one's heart|*마음속* 이야기를 하다|to talk about what's in one's heart||||||
829|2219|연결되다|동|連結-|B|to be connected|인터넷이 *연결되다*|to be connected to the internet|선이 *연결되다*|the lines are connected|하나로 *연결된* 마음|hearts connected as one||||||
830|2220|장사01|명||B|business|*장사*를 시작하다|to start a business|*장사*가 잘되다|business is going well|물건 *장사*|selling goods||||||
831|2222|제한01|명|制限|B|restriction|인원 *제한*|limit on number of people|속도 *제한*|speed limit|*제한*을 두다|to place a restriction||||||
832|2223|차다02|동|공을 ~|B|to kick|공을 *차다*|to kick a ball|발로 *차다*|to kick with a foot|문차고 나가다|to kick the door open and leave||||||
833|2225|취하다03|동|醉-|B|to get drunk|술에 *취하다*|to get drunk on alcohol|분위기에 *취하다*|to be intoxicated by the atmosphere|잠에 *취하다*|to be overcome by sleep||||||
834|2226|콩01|명||B|bean|*콩*을 심다|to plant beans|*콩* 한 쪽도 나눠 먹다|to share even a single bean|*콩*나물 국|bean sprout soup||||||
835|2227|한숨02|명|~을 쉬다|B|sigh|깊은 *한숨*|deep sigh|*한숨*을 쉬다|to let out a sigh|*한숨*이 나오다|to find oneself sighing||||||
836|2228|헤어지다|동||B|to part/break up|친구와 *헤어지다*|to part with a friend|여자친구와 *헤어지다*|to break up with a girlfriend|여기서 *헤어집시다*|let's part here||||||
837|2231|너머|명||B|beyond/over|담장 *너머*|beyond the wall|산 *너머* 마을|village over the mountain|창문 *너머*로 보다|to look through the window||||||
838|2232|동기07|명|動機|B|motivation|범행 *동기*|motive for a crime|학습 *동기*|motivation for learning|*동기*가 확실하다|motive is clear||||||
839|2234|살01|명|~을 빼다|B|flesh/weight|*살*이 찌다|to gain weight|*살*을 빼다|to lose weight|*살*이 부드럽다|flesh is soft||||||
840|2237|순수하다02|형|純粹-|B|to be pure|*순수한* 아이|pure child|마음이 *순수하다*|to be pure-hearted|*순수한* 의도|pure intention||||||
841|2238|스타일|명|style|B|style|옷 *스타일*|clothing style|내 *스타일*이다|it's my style|머리 *스타일*|hair style||||||
842|2243|집중02|명|集中|B|concentration|*집중*이 안 되다|cannot concentrate|공부에 *집중*하다|to focus on studies|관심이 *집중*되다|attention is focused||||||
843|2245|큰일01|명|중대한 일|B|big deal/trouble|*큰일*이 나다|to be in big trouble|*큰일*을 치르다|to go through a major event|*큰일*을 해내다|to achieve a great thing||||||
844|2246|거짓말|명||B|lie|*거짓말*을 하다|to tell a lie|새빨간 *거짓말*|a blatant lie|*거짓말*처럼 들리다|to sound like a lie||||||
845|2248|대단하다|형||B|to be great/huge|*대단한* 실력|great skill|용기가 *대단하다*|courage is great|인기가 *대단하다*|popularity is huge||||||
846|2249|대단히|부||B|very much|*대단히* 감사합니다|thank you very much|*대단히* 중요하다|it's very important|*대단히* 죄송합니다|I'm very sorry||||||
847|2250|마주01|부||B|face to face|*마주* 앉다|to sit face to face|*마주* 보고 웃다|to look at each other and laugh|*마주* 서다|to stand facing each other||||||
848|2253|온통|부||B|entirely/wholly|*온통* 하얀 눈|wholly white snow|머릿속이 *온통* 그 생각뿐|head is entirely full of that thought|옷이 *온통* 젖었다|clothes are completely wet||||||
849|2255|자세히|부|仔細-|B|in detail|*자세히* 설명하다|to explain in detail|*자세히* 보다|to look closely|*자세히* 적다|to write down in detail||||||
850|2257|정확히01|부|正確-|B|exactly/correctly|*정확히* 맞다|to be exactly right|*정확히* 12시|exactly 12 o'clock|시간을 *정확히* 지키다|to keep time accurately||||||
851|2258|지치다01|동|일에 ~|B|to get tired|일이 힘들어 *지치다*|to be worn out from hard work|몸과 마음이 *지치다*|body and soul are tired|기다리다 *지쳤다*|tired of waiting||||||
852|2259|청년|명|靑年|B|young man|열정적인 *청년*|passionate young man|*청년* 실업|youth unemployment|*청년* 시절|days of youth||||||
853|2260|혀01|명||B|tongue|*혀*를 깨물다|to bite one's tongue|*혀*를 내밀다|to stick out one's tongue|*혀*가 짧다|to be tongue-tied||||||
854|2261|확대하다02|동|擴大-|B|to expand/enlarge|사진을 *확대하다*|to enlarge a photo|사업을 *확대하다*|to expand business|범위를 *확대하다*|to expand the scope||||||
855|2262|후춧가루|명||B|black pepper powder|*후춧가루*를 뿌리다|to sprinkle pepper|*후춧가루* 냄새|smell of pepper|매콤한 *후춧가루*|spicy pepper powder||||||
856|2265|마침02|부||B|just/luckily|*마침* 잘 왔다|you came at just the right time|*마침* 집에 없었다|happened to be not at home|*마침* 필요했던 물건|the very item I needed||||||
857|2266|신용01|명|信用|B|credit/trust|*신용*을 잃다|to lose trust|*신용* 카드|credit card|*신용*이 좋다|to have good credit||||||
858|2268|온몸|명||B|whole body|*온몸*이 아프다|my whole body aches|*온몸*이 땀에 젖다|whole body is soaked in sweat|*온몸*으로 막다|to block with one's whole body||||||
859|2269|정20|명|情|B|affection/bond|*정*이 들다|to grow fond of|*정*이 많다|to be warm-hearted|*정*을 나누다|to share affection||||||
860|2270|정신적|명|精神的|B|mental|*정신적* 충격|mental shock|*정신적* 지주|spiritual pillar|*정신적* 고통|mental suffering||||||
861|2271|증상01|명|症狀|B|symptom|감기 *증상*|cold symptoms|*증상*이 심하다|symptoms are severe|*증상*을 확인하다|to check the symptoms||||||
862|2272|출연하다02|동|出演-|B|to appear (in film/TV)|영화에 *출연하다*|to star in a movie|방송에 *출연하다*|to appear on a broadcast|조연으로 *출연하다*|to appear as a supporting actor||||||
863|2274|한꺼번에|부||B|all at once|짐을 *한꺼번에* 옮기다|to move luggage all at once|*한꺼번에* 쏟아지다|to pour out all at once|*한꺼번에* 일을 처리하다|to handle tasks all at once||||||
864|2275|강제01|명|强制|B|compulsion|*강제*로 시키다|to make someone do something by force|*강제* 퇴거|forced eviction|*강제*적인 동원|compulsory mobilization||||||
865|2276|건너다|동||B|to cross|길을 *건너다*|to cross the street|강을 *건너다*|to cross a river|횡단보도를 *건너다*|to cross at a crosswalk||||||
866|2277|깨다01|동|술이 ~|B|to wake up/sober up|잠에서 *깨다*|to wake up from sleep|술이 *깨다*|to sober up|꿈에서 *깨다*|to wake up from a dream||||||
867|2279|다가가다|동||B|to approach|가까이 *다가가다*|to approach closely|그녀에게 *다가가다*|to approach her|먼저 *다가가다*|to approach first||||||
868|2280|뛰어들다|동||B|to jump in|물속으로 *뛰어들다*|to jump into the water|불길에 *뛰어들다*|to jump into flames|사건에 *뛰어들다*|to jump into an incident||||||
869|2282|묻다01|동|옷에 흙이 ~|B|to be stained|옷에 흙이 *묻다*|dirt gets on clothes|손에 피가 *묻다*|blood gets on hands|입술에 초콜릿이 *묻다*|chocolate gets on lips||||||
870|2285|신부10|명|新婦|B|bride|아름다운 *신부*|beautiful bride|*신부* 입장|entrance of the bride|*신부* 들러리|bridesmaid||||||
871|2287|오징어|명||B|squid|*오징어* 볶음|stir-fried squid|마른 *오징어*|dried squid|*오징어*를 굽다|to grill squid||||||
872|2288|요금01|명|料金|B|fee/fare|버스 *요금*|bus fare|전기 *요금*|electricity bill|*요금*을 내다|to pay a fee||||||
873|2289|용돈|명|用-|B|allowance|*용돈*을 받다|to receive an allowance|*용돈*을 아껴 쓰다|to save one's pocket money|*용돈*이 부족하다|to be short on allowance||||||
874|2293|전자06|명|電子|B|electronics|*전자* 제품|electronic products|삼성 *전자*|Samsung Electronics|*전자* 상거래|e-commerce||||||
875|2294|전해지다|동|傳-|B|to be delivered/transmitted|소식이 *전해지다*|news is delivered|전설이 *전해지다*|a legend is passed down|마음이 *전해지다*|one's feelings are conveyed||||||
876|2300|편리하다|형|便利-|B|to be convenient|교통이 *편리하다*|transportation is convenient|사용하기 *편리하다*|to be convenient to use|*편리한* 생활|convenient life||||||
877|2304|활발하다|형|活潑-|B|to be active/lively|활동이 *활발하다*|activity is vigorous|성격이 *활발하다*|to have a lively personality|교류가 *활발하다*|exchange is active||||||
878|2305|가리다03|동|시비를 ~|B|to distinguish/choose|시비를 *가리다*|to distinguish right from wrong|낯을 *가리다*|to be shy with strangers|음식을 *가리다*|to be a picky eater||||||
879|2309|껍질|명||B|skin/shell|사과 *껍질*|apple peel|조개 *껍질*|seashell|*껍질*을 벗기다|to peel the skin||||||
880|2311|명령01|명|命令|B|order/command|*명령*을 내리다|to give an order|*명령*을 따르다|to follow a command|군대 *명령*|military order||||||
881|2312|몰래01|부||B|secretly|*몰래* 나가다|to go out secretly|*몰래* 카메라|hidden camera|아무도 모르게 *몰래*|secretly without anyone knowing||||||
882|2313|무조건|부|無條件|B|unconditionally|*무조건* 믿다|to believe unconditionally|*무조건* 항복|unconditional surrender|*무조건* 가야 한다|must go no matter what||||||
883|2314|반장08|명|班長|B|class president|학급 *반장*|class president|*반장*으로 뽑히다|to be elected as class president|*반장* 선거|class president election||||||
884|2315|부근03|명|附近|B|vicinity|학교 *부근*|near the school|역 *부근*|vicinity of the station|집 *부근*을 산책하다|to walk around the neighborhood||||||
885|2319|역사가|명|歷史家|B|historian|유명한 *역사가*|famous historian|*역사가*의 관점|historian's perspective|*역사가*가 기록하다|a historian records||||||
886|2320|연구자|명|硏究者|B|researcher|과학 *연구자*|scientific researcher|*연구자*의 자세|researcher's attitude|책임 *연구자*|lead researcher||||||
887|2323|정리09|명|整理|B|arrangement/cleanup|방 *정리*|room cleanup|생각 *정리*|organizing thoughts|*정리*를 잘하다|to be good at organizing||||||
888|2324|조그맣다|형||B|to be tiny|*조그만* 선물|a small gift|몸집이 *조그맣다*|to be small-built|*조그맣게* 보이다|to look tiny||||||
889|2325|줄기01|명||B|stem/stream|식물 *줄기*|plant stem|한 *줄기* 빛|a ray of light|물*줄기*|stream of water||||||
890|2326|찾아내다|동||B|to find out|원인을 *찾아내다*|to find out the cause|잘못을 *찾아내다*|to find a mistake|숨은 그림을 *찾아내다*|to find a hidden picture||||||
891|2330|권하다|동|勸-|B|to recommend/advise|참여를 *권하다*|to recommend participating|차를 *권하다*|to offer tea|정중히 *권하다*|to suggest politely||||||
892|2332|끝내|부||B|finally/to the end|*끝내* 거절하다|to refuse to the end|*끝내* 이뤄내다|to finally achieve|*끝내* 나타나지 않았다|didn't show up in the end||||||
893|2333|대문03|명|大門|B|main gate|집 *대문*|house gate|*대문*을 열다|to open the main gate|*대문* 앞에 서다|to stand in front of the gate||||||
894|2340|시내03|명|市內|B|downtown|*시내* 구경|downtown sightseeing|*시내* 버스|city bus|*시내*에 나가다|to go downtown||||||
895|2341|신02|명|~이 나다|B|excitement|*신*이 나다|to be excited|*신*나게 놀다|to play with excitement|*신*을 내다|to cheer up/get excited||||||
896|2343|실내|명|室內|B|indoors|*실내* 디자인|interior design|*실내* 낚시터|indoor fishing spot|*실내*에서 금연|no smoking indoors||||||
897|2344|쏟다|동||B|to pour/devote|물을 *쏟다*|to spill water|정성을 *쏟다*|to devote sincerity|눈물을 *쏟다*|to shed tears||||||
898|2345|연결하다01|동|連結-|B|to connect|선을 *연결하다*|to connect a line|인터넷을 *연결하다*|to connect to the internet|전화를 *연결하다*|to connect a call||||||
899|2346|외교01|명|外交|B|diplomacy|*외교* 관계|diplomatic relations|*외교* 정책|foreign policy|*외교*관|diplomat||||||
900|2348|주머니|명||B|pocket|바지 *주머니*|pants pocket|*주머니*에 넣다|to put in a pocket|*주머니* 사정|financial situation (pocket status)||||||
901|2350|계약|명|契約|B|contract|*계약*을 맺다|to sign a contract|*계약* 기간|contract period|전세 *계약*|lease contract||||||
902|2351|과장07|명|課長|B|manager/section chief|김 *과장*님|Manager Kim|*과장* 승진|promotion to manager|영업 *과장*|sales manager||||||
903|2356|부끄럽다|형||B|to be ashamed/shy|낯을 가려 *부끄럽다*|to be shy with strangers|행동이 *부끄럽다*|to be ashamed of behavior|*부끄러운* 과거|shameful past||||||
904|2357|성공01|명|成功|B|success|*성공* 비결|secret to success|*성공*을 거두다|to achieve success|사회적 *성공*|social success||||||
905|2359|신청01|명|申請|B|application|가입 *신청*|membership application|*신청* 기간|application period|서비스를 *신청하다*|to apply for service||||||
906|2361|아픔|명||B|pain|이별의 *아픔*|pain of parting|*아픔*을 겪다|to experience pain|몸의 *아픔*|physical pain||||||
907|2362|알아듣다|동||B|to understand|말을 *알아듣다*|to understand what is said|쉽게 *알아듣다*|to understand easily|잘 못 *알아들었어요*|I didn't understand well||||||
908|2363|약간|명|若干|B|a little bit|*약간*의 차이|a slight difference|*약간* 늦다|to be a little late|*약간* 맵다|to be slightly spicy||||||
909|2364|연기09|명|煙氣|B|smoke|담배 *연기*|cigarette smoke|*연기*가 나다|smoke is rising|*연기*를 마시다|to inhale smoke||||||
910|2366|이동03|명|移動|B|movement/transfer|위치 *이동*|change of position|*이동* 수단|means of transportation|다른 곳으로 *이동하다*|to move to another place||||||
911|2379|기온|명|氣溫|B|temperature|평균 *기온*|average temperature|*기온*이 오르다|temperature rises|최저 *기온*|minimum temperature||||||
912|2380|날아가다|동||B|to fly away|새가 *날아가다*|a bird flies away|모자가 *날아가다*|a hat flies off|기회가 *날아가다*|an opportunity vanishes||||||
913|2381|많아지다|동||B|to increase|인구가 *많아지다*|population increases|일이 *많아지다*|workload increases|걱정이 *많아지다*|worries increase||||||
914|2382|바위01|명||B|rock/boulder|큰 *바위*|large rock|*바위* 위에 앉다|to sit on a rock|*바위*산|rocky mountain||||||
915|2383|버릇01|명||B|habit|나쁜 *버릇*|bad habit|*버릇*을 고치다|to fix a habit|*버릇* 없는 행동|rude behavior||||||
916|2384|비판하다|동|批判-|B|to criticize|정부를 *비판하다*|to criticize the government|냉정하게 *비판하다*|to criticize coldly|행동을 *비판하다*|to criticize behavior||||||
917|2385|빨갛다|형||B|to be red|얼굴이 *빨갛다*|face is red|*빨간* 사과|red apple|입술이 *빨갛다*|lips are red||||||
918|2386|세워지다|동||B|to be established/set up|계획이 *세워지다*|a plan is made|건물이 *세워지다*|a building is erected|나라가 *세워지다*|a country is founded||||||
919|2387|술집|명||B|bar/pub|단골 *술집*|regular bar|*술집*에 가다|to go to a pub|동네 *술집*|neighborhood bar||||||
920|2388|쉬다04|동|숨을 ~|B|to breathe|숨을 *쉬다*|to breathe|깊게 숨을 *쉬다*|to take a deep breath|숨을 *쉴* 수 없다|cannot breathe||||||
921|2393|전체적|명|全體的|B|overall|*전체적*인 분위기|overall atmosphere|*전체적*으로 검토하다|to review overall|*전체적*인 흐름|overall flow||||||
922|2394|절반|명|折半|B|half|*절반*으로 나누다|to divide in half|*절반* 가격|half price|*절반* 이상|more than half||||||
923|2397|편안하다01|형|便安-|B|to be comfortable|마음이 *편안하다*|to be at peace|*편안한* 자세|comfortable posture|*편안하게* 쉬다|to rest comfortably||||||
924|2398|풍경01|명|風景|B|scenery|아름다운 *풍경*|beautiful scenery|겨울 *풍경*|winter landscape|*풍경* 사진|scenery photo||||||
925|2399|확실히|부|確實-|B|certainly/clearly|*확실히* 말하다|to say clearly|*확실히* 다르다|to be certainly different|*확실히* 끝내다|to finish definitely||||||
926|2401|갈다02|동|문지르다|B|to grind/sharpen|칼을 *갈다*|to sharpen a knife|이를 *갈다*|to grind one's teeth|커피를 *갈다*|to grind coffee||||||
927|2402|교류01|명|交流|B|exchange|문화 *교류*|cultural exchange|정보 *교류*|information exchange|*교류*를 확대하다|to expand exchange||||||
928|2403|글쓰기|명||B|writing|*글쓰기* 연습|writing practice|창의적 *글쓰기*|creative writing|*글쓰기* 숙제|writing assignment||||||
929|2405|내내01|부||B|throughout|방학 *내내*|throughout the vacation|하루 *내내*|all day long|일 년 *내내*|all year round||||||
930|2406|대기업|명|大企業|B|large corporation|*대기업* 취업|employment at a large firm|*대기업* 위주|conglomerate-oriented|국내 *대기업*|domestic large corporation||||||
931|2408|도구10|명|道具|B|tool|필기 *도구*|writing tools|요리 *도구*|cooking utensils|*도구*를 사용하다|to use a tool||||||
932|2409|매력|명|魅力|B|charm|*매력*이 넘치다|to be full of charm|*매력*적인 목소리|charming voice|그녀의 *매력*|her attraction||||||
933|2411|보험|명|保險|B|insurance|건강 *보험*|health insurance|*보험*에 가입하다|to take out insurance|자동차 *보험*|car insurance||||||
934|2412|부럽다|형||B|to be envious|네가 정말 *부럽다*|I'm so envious of you|*부러운* 눈빛|envious look|남이 *부럽지* 않다|not envious of others||||||
935|2413|부장07|명|部長|B|department head|영업 *부장*|sales department head|*부장* 승진|promotion to department head|박 *부장*님|Department Head Park||||||
936|2414|섞이다|동||B|to be mixed|물이 *섞이다*|to be mixed with water|인파에 *섞이다*|to be mixed in a crowd|웃음이 *섞인* 목소리|a voice mixed with laughter||||||
937|2416|심리01|명|心理|B|psychology|군중 *심리*|mob psychology|*심리* 치료|psychotherapy|소비자 *심리*|consumer psychology||||||
938|2418|쏘다01|동||B|to shoot|총을 *쏘다*|to shoot a gun|화살을 *쏘다*|to shoot an arrow|눈총을 *쏘다*|to give a sharp look||||||
939|2420|위치하다|동|位置-|B|to be located|중심에 *위치하다*|to be located in the center|산기슭에 *위치한* 집|a house located at the foot of a mountain|어디에 *위치합니까*|where is it located||||||
940|2422|이틀01|명|시간|B|two days|*이틀* 동안|for two days|*이틀* 뒤에|after two days|*이틀*을 쉬다|to rest for two days||||||
941|2424|전달하다02|동|傳達-|B|to deliver/convey|메시지를 *전달하다*|to deliver a message|물건을 *전달하다*|to deliver an item|의미를 *전달하다*|to convey meaning||||||
942|2425|정말로|부|正-|B|really|*정말로* 미안해|I'm really sorry|*정말로* 맛있다|it's really delicious|*정말로* 믿기지 않는다|truly unbelievable||||||
943|2428|코너|명|corner|B|corner|화장품 *코너*|cosmetics corner|*코너*를 돌다|to turn a corner|코너에 *몰리다*|to be cornered||||||
944|2429|행동하다|동|行動-|B|to act/behave|바르게 *행동하다*|to behave correctly|말보다 먼저 *행동하다*|to act before speaking|신중하게 *행동하다*|to act cautiously||||||
945|2432|감동02|명|感動|B|emotion/impression|깊은 *감동*|deep impression|*감동*을 주다|to touch someone's heart|*감동*적인 영화|moving movie||||||
946|2435|굳이|부||B|obstinately/purposely|*굳이* 갈 필요 없다|no need to go purposely|*굳이* 말하자면|if I have to say it|*굳이* 사양하다|to decline obstinately||||||
947|2436|그늘|명||B|shade|나무 *그늘*|tree shade|*그늘*에 앉다|to sit in the shade|*그늘*진 곳|shaded place||||||
948|2437|급하다|형|急-|B|to be urgent/hurried|성격이 *급하다*|to be impatient|일이 *급하다*|the matter is urgent|마음이 *급하다*|to be in a hurry (mentally)||||||
949|2438|달걀|명||B|egg|*달걀* 프라이|fried egg|*달걀*을 삶다|to boil an egg|*달걀* 한 판|a carton of eggs||||||
950|2439|대중문화|명|大衆文化|B|pop culture|한국 *대중문화*|Korean pop culture|*대중문화*의 영향|influence of pop culture|*대중문화*를 즐기다|to enjoy popular culture||||||
951|2440|마련되다|동||B|to be prepared|자리가 *마련되다*|a seat/place is prepared|예산이 *마련되다*|budget is arranged|대책이 *마련되다*|measures are prepared||||||
952|2441|마루03|명|~를 닦다|B|wooden floor|*마루*를 닦다|to wipe the floor|대청*마루*|main hall floor|*마루*에 앉다|to sit on the wooden floor||||||
953|2442|무게|명||B|weight|*무게*를 재다|to measure weight|몸*무게*|body weight|*무게*가 나가다|to be heavy||||||
954|2444|성적04|명|成績|B|grade/result|*성적*이 오르다|grades improve|학기 *성적*|semester grades|*성적*표|report card||||||
955|2445|솔직히|부|率直-|B|honestly|*솔직히* 말해서|to be honest|*솔직히* 인정하다|to admit honestly|*솔직히* 고백하다|to confess truthfully||||||
956|2446|시도하다03|동|試圖-|B|to try/attempt|새로운 것을 *시도하다*|to try something new|탈출을 *시도하다*|to attempt an escape|끊임없이 *시도하다*|to try constantly||||||
957|2449|예절|명|禮節|B|etiquette|예의 *예절*|manners and etiquette|식사 *예절*|table manners|*예절*을 지키다|to follow etiquette||||||
