그러나	but/however	*그러나* 사실은|*그러나* 이미 늦었다|어렵다. *그러나* 해보자	but the truth is|but it's already late|it's hard. but let's try	[sound:row1_chunk1.wav]|[sound:row1_chunk2.wav]|[sound:row1_chunk3.wav]
이런	this kind of	*이런* 일|*이런* 사람|*이런* 기회	this kind of matter|this kind of person|this kind of opportunity	[sound:row2_chunk1.wav]|[sound:row2_chunk2.wav]|[sound:row2_chunk3.wav]
함께	together	가족과 *함께*|*함께* 가다|우리 *함께*	together with family|to go together|we together	[sound:row3_chunk1.wav]|[sound:row3_chunk2.wav]|[sound:row3_chunk3.wav]
나다	to occur/arise	생각이 *나다*|불이 *나다*|냄새가 *나다*	to remember|a fire breaks out|to smell	[sound:row4_chunk1.wav]|[sound:row4_chunk2.wav]|[sound:row4_chunk3.wav]
여러	several/various	*여러* 나라|*여러* 번|*여러* 가지	several countries|several times|various kinds	[sound:row5_chunk1.wav]|[sound:row5_chunk2.wav]|[sound:row5_chunk3.wav]
버리다	to end up (doing)	잊어 *버리다*|먹어 *버렸다*|잃어 *버리다*	to completely forget|ended up eating it|to lose (something)	[sound:row6_chunk1.wav]|[sound:row6_chunk2.wav]|[sound:row6_chunk3.wav]
가장	most	*가장* 빠르다|*가장* 좋아하다|*가장* 큰 문제	to be the fastest|to like the most|the biggest problem	[sound:row7_chunk1.wav]|[sound:row7_chunk2.wav]|[sound:row7_chunk3.wav]
내다	to make/produce	소리를 *내다*|시간을 *내다*|길을 *내다*	to make a sound|to make time|to clear a path	[sound:row8_chunk1.wav]|[sound:row8_chunk2.wav]|[sound:row8_chunk3.wav]
사이	between/relationship	친구 *사이*|건물 *사이*|둘 *사이*가 좋다	between friends|between buildings|they have a good relationship	[sound:row9_chunk1.wav]|[sound:row9_chunk2.wav]|[sound:row9_chunk3.wav]
내다	to manage to do	끝내 *내다*|이겨 *내다*|참아 *냈다*	to finish off|to overcome|managed to endure	[sound:row10_chunk1.wav]|[sound:row10_chunk2.wav]|[sound:row10_chunk3.wav]
역사	history	한국의 *역사*|오랜 *역사*|*역사*를 배우다	history of Korea|long history|to learn history	[sound:row11_chunk1.wav]|[sound:row11_chunk2.wav]|[sound:row11_chunk3.wav]
이제	now	*이제* 그만|*이제* 다 됐다|*이제* 어디 가?	stop now|it's all done now|where are you going now?	[sound:row12_chunk1.wav]|[sound:row12_chunk2.wav]|[sound:row12_chunk3.wav]
내리다	to fall/get off	비가 *내리다*|버스에서 *내리다*|값이 *내렸다*	it's raining|to get off the bus|the price fell	[sound:row13_chunk1.wav]|[sound:row13_chunk2.wav]|[sound:row13_chunk3.wav]
묻다	to ask	길을 *묻다*|선생님께 *물어보자*|이름을 *물었다*	to ask for directions|let's ask the teacher|asked the name	[sound:row14_chunk1.wav]|[sound:row14_chunk2.wav]|[sound:row14_chunk3.wav]
서로	each other	*서로* 돕다|*서로* 사랑하다|*서로* 다른 생각	to help each other|to love each other|different thoughts from each other	[sound:row15_chunk1.wav]|[sound:row15_chunk2.wav]|[sound:row15_chunk3.wav]
떠나다	to leave	여행을 *떠나다*|고향을 *떠나다*|멀리 *떠났다*	to go on a trip (leave for travel)|to leave one's hometown|left for a far place	[sound:row16_chunk1.wav]|[sound:row16_chunk2.wav]|[sound:row16_chunk3.wav]
이제	now/the present	*이제*부터 시작|*이제*야 알았다|*이제* 그만해	starting from now|just found out now|stop it now	[sound:row17_chunk1.wav]|[sound:row17_chunk2.wav]|[sound:row17_chunk3.wav]
교수	professor	대학 *교수*|*교수*님 말씀|*교수*직	university professor|professor's words|professorship	[sound:row18_chunk1.wav]|[sound:row18_chunk2.wav]|[sound:row18_chunk3.wav]
돌아오다	to return/come back	집에 *돌아오다*|제자리로 *돌아오다*|곧 *돌아올게*	to come home|to return to one's place|I'll come back soon	[sound:row19_chunk1.wav]|[sound:row19_chunk2.wav]|[sound:row19_chunk3.wav]
매우	very/greatly	*매우* 중요하다|*매우* 덥다|*매우* 기쁘다	very important|very hot|very happy	[sound:row20_chunk1.wav]|[sound:row20_chunk2.wav]|[sound:row20_chunk3.wav]
그리다	to draw/paint	그림을 *그리다*|얼굴을 *그렸다*|지도에 *그리다*	to draw a picture|drew a face|to draw on a map	[sound:row21_chunk1.wav]|[sound:row21_chunk2.wav]|[sound:row21_chunk3.wav]
학년	school grade/year	일 *학년*|저*학년*|*학년*이 올라가다	first grade|lower grades|to move up a grade	[sound:row22_chunk1.wav]|[sound:row22_chunk2.wav]|[sound:row22_chunk3.wav]
신문	newspaper	*신문*을 읽다|오늘 *신문*|*신문* 기자	to read the newspaper|today's paper|newspaper reporter	[sound:row23_chunk1.wav]|[sound:row23_chunk2.wav]|[sound:row23_chunk3.wav]
가지다	to keep (progressive)	살아 *가지고*|돈을 *가져* 가다|그걸 *가지고*	to be living|to take money|with that	[sound:row24_chunk1.wav]|[sound:row24_chunk2.wav]|[sound:row24_chunk3.wav]
발	foot	*발*이 크다|*발*을 씻다|*발*을 다치다	to have big feet|to wash one's feet|to hurt one's foot	[sound:row25_chunk1.wav]|[sound:row25_chunk2.wav]|[sound:row25_chunk3.wav]
말다	to stop/quit	하기로 하다가 *말다*|그만 *두고* 말았다|하다 *말* 거면 하지 마	to start then stop|ended up quitting|if you're going to quit halfway, don't do it	[sound:row26_chunk1.wav]|[sound:row26_chunk2.wav]|[sound:row26_chunk3.wav]
적다	to be few/little	사람이 *적다*|돈이 *적다*|양이 *적어요*	to be few people|to be little money|the amount is small	[sound:row27_chunk1.wav]|[sound:row27_chunk2.wav]|[sound:row27_chunk3.wav]
참	really/truly	*참* 예쁘다|*참* 좋은 사람|*참* 잘했어요	really pretty|truly good person|very well done	[sound:row28_chunk1.wav]|[sound:row28_chunk2.wav]|[sound:row28_chunk3.wav]
어른	adult	*어른*이 되다|*어른* 말씀을 듣다|공경해야 할 *어른*	to become an adult|to listen to adults|elders to respect	[sound:row29_chunk1.wav]|[sound:row29_chunk2.wav]|[sound:row29_chunk3.wav]
환자	patient	병원의 *환자*|*환자*를 치료하다|중환자실의 *환자*	hospital patient|to treat a patient|patient in the ICU	[sound:row30_chunk1.wav]|[sound:row30_chunk2.wav]|[sound:row30_chunk3.wav]
대화	conversation	*대화*를 나누다|*대화*가 안 통하다|진지한 *대화*	to have a conversation|cannot communicate|serious conversation	[sound:row31_chunk1.wav]|[sound:row31_chunk2.wav]|[sound:row31_chunk3.wav]
올해	this year	*올해* 목표|*올해* 들어|*올해* 스무 살	this year's goal|since the start of this year|twenty years old this year	[sound:row32_chunk1.wav]|[sound:row32_chunk2.wav]|[sound:row32_chunk3.wav]
걸다	to hang	옷을 *걸다*|전화를 *걸다*|그림을 *걸었다*	to hang clothes|to make a phone call|hung a painting	[sound:row33_chunk1.wav]|[sound:row33_chunk2.wav]|[sound:row33_chunk3.wav]
멀다	to be far	거리가 *멀다*|집에서 *멀어요*|*먼* 훗날	the distance is far|it's far from home|the distant future	[sound:row34_chunk1.wav]|[sound:row34_chunk2.wav]|[sound:row34_chunk3.wav]
잠시	for a moment	*잠시*만 기다리세요|*잠시* 쉬다|*잠시* 뒤에	please wait a moment|to rest for a while|after a short while	[sound:row35_chunk1.wav]|[sound:row35_chunk2.wav]|[sound:row35_chunk3.wav]
잃다	to lose	길을 *잃다*|돈을 *잃었다*|희망을 *잃다*	to get lost|lost money|to lose hope	[sound:row36_chunk1.wav]|[sound:row36_chunk2.wav]|[sound:row36_chunk3.wav]
언제나	always/anytime	*언제나* 환영이다|*언제나* 변함없다|*언제나* 그 자리에	always welcome|always the same/unchanging|always in that spot	[sound:row37_chunk1.wav]|[sound:row37_chunk2.wav]|[sound:row37_chunk3.wav]
어린이	child	*어린이* 공원|*어린이*날|*어린이* 도서관	children's park|Children's Day|children's library	[sound:row38_chunk1.wav]|[sound:row38_chunk2.wav]|[sound:row38_chunk3.wav]
드리다	to do (honorific aux)	도와 *드리다*|말씀 *드리다*|선물해 *드렸다*	to help (honorific)|to tell (honorific)|gave a gift (honorific)	[sound:row39_chunk1.wav]|[sound:row39_chunk2.wav]|[sound:row39_chunk3.wav]
어떠하다	to be how/what	상태가 *어떠하니*?|마음이 *어떠해*?|*어떠한* 경우에도	how is the condition?|how do you feel?|in any case	[sound:row40_chunk1.wav]|[sound:row40_chunk2.wav]|[sound:row40_chunk3.wav]
장	sheet (counter)	종이 한 *장*|수건 두 *장*|표 한 *장*	a sheet of paper|two towels|one ticket	[sound:row41_chunk1.wav]|[sound:row41_chunk2.wav]|[sound:row41_chunk3.wav]
식사	meal	*식사* 하셨어요?|맛있는 *식사*|*식사* 시간	have you had your meal?|delicious meal|mealtime	[sound:row42_chunk1.wav]|[sound:row42_chunk2.wav]|[sound:row42_chunk3.wav]
팔	arm	*팔*이 길다|*팔*을 다치다|*팔*짱을 끼다	to have long arms|to hurt one's arm|to cross one's arms	[sound:row43_chunk1.wav]|[sound:row43_chunk2.wav]|[sound:row43_chunk3.wav]
낮다	to be low	온도가 *낮다*|*낮은* 산|점수가 *낮아요*	temperature is low|low mountain|the score is low	[sound:row44_chunk1.wav]|[sound:row44_chunk2.wav]|[sound:row44_chunk3.wav]
오래	long/for a long time	*오래* 기다렸어요|*오래* 살다|*오래*된 책	I waited a long time|to live long|old book	[sound:row45_chunk1.wav]|[sound:row45_chunk2.wav]|[sound:row45_chunk3.wav]
즐겁다	to be pleasant/joyful	*즐거운* 시간|노래가 *즐겁다*|*즐겁게* 놀다	pleasant time|the song is joyful|to have fun playing	[sound:row46_chunk1.wav]|[sound:row46_chunk2.wav]|[sound:row46_chunk3.wav]
싸우다	to fight/quarrel	친구와 *싸우다*|말다툼하며 *싸웠다*|그만 *싸워*	to fight with a friend|fought with words|stop fighting	[sound:row47_chunk1.wav]|[sound:row47_chunk2.wav]|[sound:row47_chunk3.wav]
작년	last year	*작년* 여름|*작년*부터 시작했다|*작년* 이맘때	last summer|started from last year|this time last year	[sound:row48_chunk1.wav]|[sound:row48_chunk2.wav]|[sound:row48_chunk3.wav]
남녀	men and women	*남녀* 노소|*남녀* 평등|*남녀* 관계	men and women of all ages|gender equality|relationship between man and woman	[sound:row49_chunk1.wav]|[sound:row49_chunk2.wav]|[sound:row49_chunk3.wav]
맑다	to be clear/pure	날씨가 *맑다*|*맑은* 공기|*맑은* 물	the weather is clear|fresh air|clear water	[sound:row50_chunk1.wav]|[sound:row50_chunk2.wav]|[sound:row50_chunk3.wav]
사장	boss/president	우리 회사의 *사장*|*사장*님을 뵙다|*사장*실	our company's president|to see the boss|CEO's office	[sound:row51_chunk1.wav]|[sound:row51_chunk2.wav]|[sound:row51_chunk3.wav]
그렇지만	but/however	*그렇지만* 사실은|*그렇지만* 이미 늦었어|덥다. *그렇지만* 즐거워	but the truth is|but it's already late|It's hot. But I'm happy.	[sound:row52_chunk1.wav]|[sound:row52_chunk2.wav]|[sound:row52_chunk3.wav]
계시다	to be/stay (honorific)	선생님이 *계시다*|집에 *계세요*|건강히 *계십시오*	the teacher is there|stay at home (honorific)|stay healthy (formal)	[sound:row53_chunk1.wav]|[sound:row53_chunk2.wav]|[sound:row53_chunk3.wav]
가볍다	to be light	가방이 *가볍다*|*가벼운* 마음|발걸음이 *가볍다*	the bag is light|a light heart|steps are light	[sound:row54_chunk1.wav]|[sound:row54_chunk2.wav]|[sound:row54_chunk3.wav]
자전거	bicycle	*자전거*를 타다|*자전거* 여행|두 발 *자전거*	to ride a bicycle|bicycle trip|two-wheeled bicycle	[sound:row55_chunk1.wav]|[sound:row55_chunk2.wav]|[sound:row55_chunk3.wav]
목	neck / throat	*목*이 아프다|*목*이 마르다|*목*을 돌리다	throat hurts|to be thirsty|to turn one's neck	[sound:row56_chunk1.wav]|[sound:row56_chunk2.wav]|[sound:row56_chunk3.wav]
피우다	to light / to smoke	담배를 *피우다*|불을 *피우다*|모닥불을 *피우다*	to smoke a cigarette|to light a fire|to light a campfire	[sound:row57_chunk1.wav]|[sound:row57_chunk2.wav]|[sound:row57_chunk3.wav]
교통	transportation / traffic	대중*교통*|*교통* 사고|*교통*이 편리하다	public transportation|traffic accident|transportation is convenient	[sound:row58_chunk1.wav]|[sound:row58_chunk2.wav]|[sound:row58_chunk3.wav]
불다	to blow	바람이 *불다*|피리를 *불다*|풍선을 *불다*	the wind blows|to play the flute|to blow up a balloon	[sound:row59_chunk1.wav]|[sound:row59_chunk2.wav]|[sound:row59_chunk3.wav]
장소	place / location	약속 *장소*|*장소*를 정하다|안전한 *장소*	meeting place|to decide a place|safe place	[sound:row60_chunk1.wav]|[sound:row60_chunk2.wav]|[sound:row60_chunk3.wav]
적다	to write down	이름을 *적다*|메모를 *적다*|수첩에 *적어두다*	to write down a name|to write a memo|to jot down in a notebook	[sound:row61_chunk1.wav]|[sound:row61_chunk2.wav]|[sound:row61_chunk3.wav]
인사	public figure / personage	유명 *인사*|주요 *인사*|사회 *인사*	celebrity / famous person|key figure|public figure	[sound:row62_chunk1.wav]|[sound:row62_chunk2.wav]|[sound:row62_chunk3.wav]
박물관	museum	*박물관*에 가다|역사 *박물관*|국립 *박물관*	to go to a museum|history museum|national museum	[sound:row63_chunk1.wav]|[sound:row63_chunk2.wav]|[sound:row63_chunk3.wav]
어서	quickly / please	*어서* 오세요|*어서* 먹어라|*어서* 들어오세요	welcome / come in quickly|eat quickly|please come in	[sound:row64_chunk1.wav]|[sound:row64_chunk2.wav]|[sound:row64_chunk3.wav]
남쪽	south	*남쪽* 지방|*남쪽*으로 가다|따뜻한 *남쪽*	southern region|to go south|warm south	[sound:row65_chunk1.wav]|[sound:row65_chunk2.wav]|[sound:row65_chunk3.wav]
부인	wife / Mrs.	선생님의 *부인*|사장님 *부인*|그의 *부인*	teacher's wife|boss's wife|his wife	[sound:row66_chunk1.wav]|[sound:row66_chunk2.wav]|[sound:row66_chunk3.wav]
바람	because of (result)	늦잠을 자는 *바람에*|비가 오는 *바람에*|서두르는 *바람에*	because I overslept|because it rained|because I rushed	[sound:row67_chunk1.wav]|[sound:row67_chunk2.wav]|[sound:row67_chunk3.wav]
교회	church	*교회*에 다니다|*교회* 종소리|일요일엔 *교회*에	to go to church|church bell ringing|to church on Sunday	[sound:row68_chunk1.wav]|[sound:row68_chunk2.wav]|[sound:row68_chunk3.wav]
화	anger	*화*가 나다|*화*를 내다|*화*가 풀리다	to be angry|to express anger|anger is relieved	[sound:row69_chunk1.wav]|[sound:row69_chunk2.wav]|[sound:row69_chunk3.wav]
도서관	library	학교 *도서관*|*도서관*에서 빌리다|*도서관* 열람실	school library|to borrow from a library|library reading room	[sound:row70_chunk1.wav]|[sound:row70_chunk2.wav]|[sound:row70_chunk3.wav]
지하	basement	*지하* 주차장|*지하* 일 층|*지하* 상가	underground parking lot|basement level 1|underground shopping mall	[sound:row71_chunk1.wav]|[sound:row71_chunk2.wav]|[sound:row71_chunk3.wav]
사무실	office	*사무실* 가구|개인 *사무실*|*사무실*에 출근하다	office furniture|private office|to go to the office	[sound:row72_chunk1.wav]|[sound:row72_chunk2.wav]|[sound:row72_chunk3.wav]
잡지	magazine	패션 *잡지*|*잡지*를 읽다|월간 *잡지*	fashion magazine|to read a magazine|monthly magazine	[sound:row73_chunk1.wav]|[sound:row73_chunk2.wav]|[sound:row73_chunk3.wav]
댁	house (honorific)	선생님 *댁*|할머니 *댁*|*댁*이 어디세요?	teacher's house|grandmother's house|where is your home?	[sound:row74_chunk1.wav]|[sound:row74_chunk2.wav]|[sound:row74_chunk3.wav]
반갑다	to be glad	만나서 *반갑다*|*반가운* 소식|*반갑게* 맞이하다	glad to meet you|welcome news|to welcome gladly	[sound:row75_chunk1.wav]|[sound:row75_chunk2.wav]|[sound:row75_chunk3.wav]
북쪽	north	*북쪽* 하늘|*북쪽*으로 향하다|추운 *북쪽*	northern sky|to head north|cold north	[sound:row76_chunk1.wav]|[sound:row76_chunk2.wav]|[sound:row76_chunk3.wav]
쇠고기	beef	*쇠고기*를 굽다|*쇠고기* 국|*쇠고기* 스테이크	to grill beef|beef soup|beef steak	[sound:row77_chunk1.wav]|[sound:row77_chunk2.wav]|[sound:row77_chunk3.wav]
경찰관	police officer	*경찰관*이 되다|*경찰관* 아저씨|*경찰관*에게 신고하다	to become a police officer|policeman|to report to a police officer	[sound:row78_chunk1.wav]|[sound:row78_chunk2.wav]|[sound:row78_chunk3.wav]
군인	soldier	*군인*이 되다|늠름한 *군인*|*군인* 아저씨	to become a soldier|gallant soldier|soldier mister	[sound:row79_chunk1.wav]|[sound:row79_chunk2.wav]|[sound:row79_chunk3.wav]
치마	skirt	*치마*를 입다|짧은 *치마*|긴 *치마*	to wear a skirt|short skirt|long skirt	[sound:row80_chunk1.wav]|[sound:row80_chunk2.wav]|[sound:row80_chunk3.wav]
깎다	to cut / to peel / to discount	사과를 *깎다*|머리를 *깎다*|값을 *깎다*	to peel an apple|to cut hair|to cut the price	[sound:row81_chunk1.wav]|[sound:row81_chunk2.wav]|[sound:row81_chunk3.wav]
다리	bridge	*다리*를 건너다|큰 *다리*|한강 *다리*	to cross a bridge|big bridge|Han River bridge	[sound:row82_chunk1.wav]|[sound:row82_chunk2.wav]|[sound:row82_chunk3.wav]
운동장	playground	*운동장*에서 놀다|넓은 *운동장*|학교 *운동장*	to play on the playground|wide playground|school playground	[sound:row83_chunk1.wav]|[sound:row83_chunk2.wav]|[sound:row83_chunk3.wav]
동쪽	east	*동쪽* 하늘|*동쪽*으로 가다|해 뜨는 *동쪽*	eastern sky|to go east|east where the sun rises	[sound:row84_chunk1.wav]|[sound:row84_chunk2.wav]|[sound:row84_chunk3.wav]
요즈음	these days	*요즈음* 날씨|*요즈음* 어때?|*요즈음* 바빠요	the weather these days|how are you these days?|I am busy lately	[sound:row85_chunk1.wav]|[sound:row85_chunk2.wav]|[sound:row85_chunk3.wav]
안경	glasses	*안경*을 쓰다|*안경*을 맞추다|*안경*을 벗다	to wear glasses|to get glasses made|to take off glasses	[sound:row86_chunk1.wav]|[sound:row86_chunk2.wav]|[sound:row86_chunk3.wav]
구경	sightseeing	꽃 *구경*|*구경*을 가다|사람 *구경*	flower viewing|to go sightseeing|people watching	[sound:row87_chunk1.wav]|[sound:row87_chunk2.wav]|[sound:row87_chunk3.wav]
생선	fish	*생선*을 굽다|*생선* 찌개|신선한 *생선*	to grill fish|fish stew|fresh fish	[sound:row88_chunk1.wav]|[sound:row88_chunk2.wav]|[sound:row88_chunk3.wav]
지우다	to erase	글씨를 *지우다*|화장을 *지우다*|칠판을 *지웠다*	to erase writing|to remove makeup|erased the blackboard	[sound:row89_chunk1.wav]|[sound:row89_chunk2.wav]|[sound:row89_chunk3.wav]
교과서	textbook	수학 *교과서*|*교과서*를 읽다|*교과서* 위주로	math textbook|to read a textbook|based on textbooks	[sound:row90_chunk1.wav]|[sound:row90_chunk2.wav]|[sound:row90_chunk3.wav]
식탁	dining table	*식탁*을 차리다|*식탁*에 앉다|나무 *식탁*	to set the table|to sit at the table|wooden dining table	[sound:row91_chunk1.wav]|[sound:row91_chunk2.wav]|[sound:row91_chunk3.wav]
안되다	to not work out	일이 *안되다*|공부가 잘 *안된다*|얼굴이 *안됐네*	work is not going well|studies aren't going well|you look unwell	[sound:row92_chunk1.wav]|[sound:row92_chunk2.wav]|[sound:row92_chunk3.wav]
서쪽	west	*서쪽* 바다|*서쪽*으로 지다|*서쪽* 하늘	western sea|to set in the west|western sky	[sound:row93_chunk1.wav]|[sound:row93_chunk2.wav]|[sound:row93_chunk3.wav]
여학생	female student	고등학교 *여학생*|친절한 *여학생*|*여학생* 교복	high school girl|kind female student|female student uniform	[sound:row94_chunk1.wav]|[sound:row94_chunk2.wav]|[sound:row94_chunk3.wav]
연필	pencil	*연필*로 쓰다|*연필*을 깎다|진한 *연필*	to write with a pencil|to sharpen a pencil|dark pencil	[sound:row95_chunk1.wav]|[sound:row95_chunk2.wav]|[sound:row95_chunk3.wav]
운전	driving	음주 *운전*|*운전* 면허증|*운전*을 배우다	drunk driving|driver's license|to learn driving	[sound:row96_chunk1.wav]|[sound:row96_chunk2.wav]|[sound:row96_chunk3.wav]
목욕	bath	*목욕*을 하다|*목욕* 가방|매일 *목욕*해요	to take a bath|bath bag|taking a bath every day	[sound:row97_chunk1.wav]|[sound:row97_chunk2.wav]|[sound:row97_chunk3.wav]
친절하다	to be kind	사람들이 *친절하다*|*친절한* 안내|*친절하게* 대하다	people are kind|kind guidance|to treat kindly	[sound:row98_chunk1.wav]|[sound:row98_chunk2.wav]|[sound:row98_chunk3.wav]
먹다	to do (auxiliary)	잊어 *먹다*|빌려 *먹다*|욕을 얻어 *먹다*	to completely forget|to borrow (and consume)|to be cursed at	[sound:row99_chunk1.wav]|[sound:row99_chunk2.wav]|[sound:row99_chunk3.wav]
여권	passport	*여권*을 만들다|*여권* 사진|*여권* 만료	to make a passport|passport photo|passport expiration	[sound:row100_chunk1.wav]|[sound:row100_chunk2.wav]|[sound:row100_chunk3.wav]
열쇠	key	방 *열쇠*|*열쇠*로 열다|차 *열쇠*	room key|to open with a key|car key	[sound:row101_chunk1.wav]|[sound:row101_chunk2.wav]|[sound:row101_chunk3.wav]
기숙사	dormitory	학교 *기숙사*|*기숙사* 생활|*기숙사*에 살다	school dorm|dorm life|to live in a dorm	[sound:row102_chunk1.wav]|[sound:row102_chunk2.wav]|[sound:row102_chunk3.wav]
주소	address	집 *주소*|*주소*를 쓰다|*주소*가 바뀌다	home address|to write an address|the address has changed	[sound:row103_chunk1.wav]|[sound:row103_chunk2.wav]|[sound:row103_chunk3.wav]
달력	calendar	*달력*을 보다|탁상 *달력*|새해 *달력*	to look at a calendar|desk calendar|new year calendar	[sound:row104_chunk1.wav]|[sound:row104_chunk2.wav]|[sound:row104_chunk3.wav]
소풍	picnic	가을 *소풍*|*소풍*을 가다|*소풍* 도시락	autumn picnic|to go on a picnic|picnic lunch box	[sound:row105_chunk1.wav]|[sound:row105_chunk2.wav]|[sound:row105_chunk3.wav]
똑바로	straight	*똑바로* 앉다|*똑바로* 가다|*똑바로* 서다	to sit up straight|to go straight|to stand straight	[sound:row106_chunk1.wav]|[sound:row106_chunk2.wav]|[sound:row106_chunk3.wav]
서점	bookstore	중고 *서점*|*서점*에서 살다|대형 *서점*	used bookstore|to live at the bookstore|large bookstore	[sound:row107_chunk1.wav]|[sound:row107_chunk2.wav]|[sound:row107_chunk3.wav]
경치	scenery	*경치*가 좋다|아름다운 *경치*|*경치*를 구경하다	the scenery is good|beautiful scenery|to see the sights	[sound:row108_chunk1.wav]|[sound:row108_chunk2.wav]|[sound:row108_chunk3.wav]
우체국	post office	*우체국*에 가다|근처 *우체국*|*우체국* 택배	to go to the post office|nearby post office|post office parcel service	[sound:row109_chunk1.wav]|[sound:row109_chunk2.wav]|[sound:row109_chunk3.wav]
대사관	embassy	한국 *대사관*|*대사관*에 가다|미국 *대사관*	Korean Embassy|to go to the embassy|US Embassy	[sound:row110_chunk1.wav]|[sound:row110_chunk2.wav]|[sound:row110_chunk3.wav]
정류장	bus stop	버스 *정류장*|*정류장*에서 기다리다|다음 *정류장*	bus stop|to wait at the stop|next stop	[sound:row111_chunk1.wav]|[sound:row111_chunk2.wav]|[sound:row111_chunk3.wav]
오래간만	long time	*오래간만*에 만나다|*오래간만*의 인사|*오래간만*이라 반갑다	to meet after a long time|greeting after a long time|glad because it's been a long time	[sound:row112_chunk1.wav]|[sound:row112_chunk2.wav]|[sound:row112_chunk3.wav]
잡수시다	to eat (honorific)	맛있게 *잡수시다*|많이 *잡수세요*|저녁을 *잡수셨어요*?	to eat deliciously|please eat a lot|have you eaten dinner?	[sound:row113_chunk1.wav]|[sound:row113_chunk2.wav]|[sound:row113_chunk3.wav]
초대	invitation	*초대*를 받다|생일 *초대*|*초대*에 감사하다	to receive an invitation|birthday invitation|to thank for the invitation	[sound:row114_chunk1.wav]|[sound:row114_chunk2.wav]|[sound:row114_chunk3.wav]
사전	dictionary	전자 *사전*|*사전*을 찾다|국어 *사전*	electronic dictionary|to look up in a dictionary|Korean dictionary	[sound:row115_chunk1.wav]|[sound:row115_chunk2.wav]|[sound:row115_chunk3.wav]
치약	toothpaste	*치약*을 짜다|매운 *치약*|*치약*과 칫솔	to squeeze toothpaste|spicy toothpaste|toothpaste and toothbrush	[sound:row116_chunk1.wav]|[sound:row116_chunk2.wav]|[sound:row116_chunk3.wav]
노란색	yellow	*노란색* 옷|*노란색* 꽃|*노란색*으로 칠하다	yellow clothes|yellow flower|to paint in yellow	[sound:row117_chunk1.wav]|[sound:row117_chunk2.wav]|[sound:row117_chunk3.wav]
칫솔	toothbrush	*칫솔*을 바꾸다|부드러운 *칫솔*|*칫솔*에 치약을 짜다	to change a toothbrush|soft toothbrush|to squeeze toothpaste onto a toothbrush	[sound:row118_chunk1.wav]|[sound:row118_chunk2.wav]|[sound:row118_chunk3.wav]
공중전화	public phone	*공중전화* 박스|*공중전화*를 걸다|추억의 *공중전화*	public phone booth|to make a call from a public phone|nostalgic public phone	[sound:row119_chunk1.wav]|[sound:row119_chunk2.wav]|[sound:row119_chunk3.wav]
세탁기	washing machine	*세탁기*를 돌리다|드럼 *세탁기*|*세탁기*가 고장 나다	to run the washing machine|drum-style washing machine|the washing machine is broken	[sound:row120_chunk1.wav]|[sound:row120_chunk2.wav]|[sound:row120_chunk3.wav]
공휴일	public holiday	법정 *공휴일*|*공휴일*은 쉽니다|내일은 *공휴일*이다	statutory holiday|closed on public holidays|tomorrow is a public holiday	[sound:row121_chunk1.wav]|[sound:row121_chunk2.wav]|[sound:row121_chunk3.wav]
마흔	forty	나이 *마흔*|*마흔* 명의 학생|*마흔* 살	forty years old|forty students|forty years old	[sound:row122_chunk1.wav]|[sound:row122_chunk2.wav]|[sound:row122_chunk3.wav]
청바지	jeans	*청바지*를 입다|낡은 *청바지*|편한 *청바지*	to wear jeans|worn-out jeans|comfortable jeans	[sound:row123_chunk1.wav]|[sound:row123_chunk2.wav]|[sound:row123_chunk3.wav]
칠판	blackboard	*칠판*을 닦다|*칠판*에 쓰다|*칠판*을 보다	to erase the blackboard|to write on the blackboard|to look at the blackboard	[sound:row124_chunk1.wav]|[sound:row124_chunk2.wav]|[sound:row124_chunk3.wav]
지우개	eraser	*지우개*로 지우다|부드러운 *지우개*|*지우개* 똥	to erase with an eraser|soft eraser|eraser crumbs	[sound:row125_chunk1.wav]|[sound:row125_chunk2.wav]|[sound:row125_chunk3.wav]
서른	thirty	*서른* 살|나이 *서른*|*서른* 명	thirty years old|the age of thirty|thirty people	[sound:row126_chunk1.wav]|[sound:row126_chunk2.wav]|[sound:row126_chunk3.wav]
장미	rose	빨간 *장미*|*장미* 한 송이|*장미* 꽃다발	red rose|a single rose|bouquet of roses	[sound:row127_chunk1.wav]|[sound:row127_chunk2.wav]|[sound:row127_chunk3.wav]
파란색	blue color	*파란색* 바다|*파란색* 셔츠|*파란색*으로 그리다	blue sea|blue shirt|to draw in blue	[sound:row128_chunk1.wav]|[sound:row128_chunk2.wav]|[sound:row128_chunk3.wav]
여든	eighty	나이 *여든*|*여든* 살|*여든* 명	eighty years old|eighty years old|eighty people	[sound:row129_chunk1.wav]|[sound:row129_chunk2.wav]|[sound:row129_chunk3.wav]
일흔	seventy	나이 *일흔*|*일흔* 살|*일흔* 명	seventy years old|seventy years old|seventy people	[sound:row130_chunk1.wav]|[sound:row130_chunk2.wav]|[sound:row130_chunk3.wav]
사탕	candy	달콤한 *사탕*|*사탕*을 먹다|*사탕* 한 봉지	sweet candy|to eat candy|a bag of candy	[sound:row131_chunk1.wav]|[sound:row131_chunk2.wav]|[sound:row131_chunk3.wav]
예순	sixty	나이 *예순*|*예순* 살|*예순* 명	sixty years old|sixty years old|sixty people	[sound:row132_chunk1.wav]|[sound:row132_chunk2.wav]|[sound:row132_chunk3.wav]
쉰	fifty	나이 *쉰*|*쉰* 살|*쉰* 명	fifty years old|fifty years old|fifty people	[sound:row133_chunk1.wav]|[sound:row133_chunk2.wav]|[sound:row133_chunk3.wav]
아흔	ninety	*아흔* 살|*아흔* 명|나이 *아흔*	ninety years old|ninety people|ninety years of age	[sound:row134_chunk1.wav]|[sound:row134_chunk2.wav]|[sound:row134_chunk3.wav]
경복궁	Gyeongbokgung Palace	*경복궁* 나들이|*경복궁*에 가다|*경복궁* 근정전	outing to Gyeongbokgung|to go to Gyeongbokgung|Geunjeongjeon of Gyeongbokgung	[sound:row135_chunk1.wav]|[sound:row135_chunk2.wav]|[sound:row135_chunk3.wav]
설악산	Seoraksan Mountain	*설악산* 등산|가을 *설악산*|*설악산* 국립공원	climbing Seoraksan|Seoraksan in autumn|Seoraksan National Park	[sound:row136_chunk1.wav]|[sound:row136_chunk2.wav]|[sound:row136_chunk3.wav]
대하다	to treat / to face	사람을 *대하다*|문제를 *대하는* 태도|나를 따뜻하게 *대하다*	to treat a person|attitude toward a problem|to treat me warmly	[sound:row137_chunk1.wav]|[sound:row137_chunk2.wav]|[sound:row137_chunk3.wav]
사회	society	한국 *사회*|*사회* 문제|*사회*에 나가다	Korean society|social issues|to go out into society	[sound:row138_chunk1.wav]|[sound:row138_chunk2.wav]|[sound:row138_chunk3.wav]
경우	case / situation	비가 올 *경우*|그런 *경우*가 많다|이런 *경우*에는	in case of rain|there are many such cases|in this case	[sound:row139_chunk1.wav]|[sound:row139_chunk2.wav]|[sound:row139_chunk3.wav]
자신	oneself	*자신*이 없다|*자신*을 믿다|*자신*의 일	to lack confidence|to believe in oneself|one's own work	[sound:row140_chunk1.wav]|[sound:row140_chunk2.wav]|[sound:row140_chunk3.wav]
문화	culture	전통 *문화*|*문화* 차이|*문화* 생활	traditional culture|cultural difference|cultural life	[sound:row141_chunk1.wav]|[sound:row141_chunk2.wav]|[sound:row141_chunk3.wav]
통하다	to communicate / to pass	말이 *통하다*|공기가 *통하다*|영어로 *통했다*	to understand each other|to be well-ventilated|communicated in English	[sound:row142_chunk1.wav]|[sound:row142_chunk2.wav]|[sound:row142_chunk3.wav]
정도	degree / about	어느 *정도*|한 달 *정도*|심할 *정도*로	to some degree|about a month|to an extreme degree	[sound:row143_chunk1.wav]|[sound:row143_chunk2.wav]|[sound:row143_chunk3.wav]
의하다	to be due to / based on	법에 *의하다*|소문에 *의하면*|조사에 *의한* 결과	to be according to the law|according to rumors|results based on the survey	[sound:row144_chunk1.wav]|[sound:row144_chunk2.wav]|[sound:row144_chunk3.wav]
시대	era / age	조선 *시대*|평화로운 *시대*|*시대*가 변하다	Joseon dynasty era|a peaceful era|the times are changing	[sound:row145_chunk1.wav]|[sound:row145_chunk2.wav]|[sound:row145_chunk3.wav]
이러하다	to be like this	사정이 *이러하다*|*이러한* 이유로|세상은 *이러해요*	the situation is like this|for this reason|the world is like this	[sound:row146_chunk1.wav]|[sound:row146_chunk2.wav]|[sound:row146_chunk3.wav]
자기	oneself	*자기* 소개|*자기* 주도|*자기*밖에 모르다	self-introduction|self-directed|to care only for oneself	[sound:row147_chunk1.wav]|[sound:row147_chunk2.wav]|[sound:row147_chunk3.wav]
대통령	president	*대통령* 선거|한국 *대통령*|*대통령*이 되다	presidential election|South Korean president|to become president	[sound:row148_chunk1.wav]|[sound:row148_chunk2.wav]|[sound:row148_chunk3.wav]
가지	kind / sort / type	여러 *가지*|한 *가지* 일|세 *가지* 색	various kinds|one type of work|three kinds of colors	[sound:row149_chunk1.wav]|[sound:row149_chunk2.wav]|[sound:row149_chunk3.wav]
국가	nation / state	*국가* 안보|선진 *국가*|*국가* 대표	national security|developed nation|national representative	[sound:row150_chunk1.wav]|[sound:row150_chunk2.wav]|[sound:row150_chunk3.wav]
여성	woman / female	*여성*복 매장|현대 *여성*|*여성*의 권리	women's clothing store|modern woman|women's rights	[sound:row151_chunk1.wav]|[sound:row151_chunk2.wav]|[sound:row151_chunk3.wav]
관계	relationship / connection	인간 *관계*|상관 *관계*|*관계*가 깊다	human relations|correlation|to be deeply related	[sound:row152_chunk1.wav]|[sound:row152_chunk2.wav]|[sound:row152_chunk3.wav]
나타나다	to appear / to emerge	효과가 *나타나다*|앞에 *나타나다*|증상이 *나타났다*	for effects to show|to appear in front|symptoms appeared	[sound:row153_chunk1.wav]|[sound:row153_chunk2.wav]|[sound:row153_chunk3.wav]
지역	region / area	서울 *지역*|낙후된 *지역*|특수 *지역*	Seoul area|underdeveloped region|special area	[sound:row154_chunk1.wav]|[sound:row154_chunk2.wav]|[sound:row154_chunk3.wav]
모습	appearance / figure	옛 *모습*|웃는 *모습*|*모습*을 드러내다	old appearance|the way (one) looks when laughing|to reveal oneself	[sound:row155_chunk1.wav]|[sound:row155_chunk2.wav]|[sound:row155_chunk3.wav]
뿐	only / just	너*뿐*이야|그*뿐*만 아니라|소문일 *뿐*이다	it's only you|not only that|it's just a rumor	[sound:row156_chunk1.wav]|[sound:row156_chunk2.wav]|[sound:row156_chunk3.wav]
교육	education	의무 *교육*|*교육* 제도|아이를 *교육하다*	compulsory education|education system|to educate a child	[sound:row157_chunk1.wav]|[sound:row157_chunk2.wav]|[sound:row157_chunk3.wav]
경제	economy	*경제* 성장|가정 *경제*|*경제*가 어렵다	economic growth|household economy|the economy is struggling	[sound:row158_chunk1.wav]|[sound:row158_chunk2.wav]|[sound:row158_chunk3.wav]
결과	result / outcome	시험 *결과*|노력의 *결과*|*결과*를 기다리다	exam results|result of effort|to wait for the result	[sound:row159_chunk1.wav]|[sound:row159_chunk2.wav]|[sound:row159_chunk3.wav]
밝히다	to reveal / to light up	사실을 *밝히다*|방을 환하게 *밝히다*|입장을 *밝혔다*	to reveal the truth|to light up a room|revealed one's position	[sound:row160_chunk1.wav]|[sound:row160_chunk2.wav]|[sound:row160_chunk3.wav]
정치	politics	*정치* 경제|*정치*에 참여하다|*정치*가 혼란스럽다	politics and economy|to participate in politics|politics are chaotic	[sound:row161_chunk1.wav]|[sound:row161_chunk2.wav]|[sound:row161_chunk3.wav]
국민	citizen / the people	대한민국 *국민*|*국민*의 의무|전 *국민*의 관심	Korean citizen|duty of the citizens|interest of the whole nation	[sound:row162_chunk1.wav]|[sound:row162_chunk2.wav]|[sound:row162_chunk3.wav]
연구	research / study	학술 *연구*|*연구*를 진행하다|*연구* 결과	academic research|to conduct research|research results	[sound:row163_chunk1.wav]|[sound:row163_chunk2.wav]|[sound:row163_chunk3.wav]
짓다	to build / to make	집을 *짓다*|미소를 *짓다*|밥을 *지었다*	to build a house|to make a smile|made rice	[sound:row164_chunk1.wav]|[sound:row164_chunk2.wav]|[sound:row164_chunk3.wav]
또한	also / furthermore	*또한* 기쁜 소식|가난하고 *또한* 아프다|편리하며 *또한* 빠르다	also good news|to be poor and also sick|convenient and also fast	[sound:row165_chunk1.wav]|[sound:row165_chunk2.wav]|[sound:row165_chunk3.wav]
또는	or	연필 *또는* 볼펜|월요일 *또는* 화요일|사랑 *또는* 우정	pencil or ballpoint pen|Monday or Tuesday|love or friendship	[sound:row166_chunk1.wav]|[sound:row166_chunk2.wav]|[sound:row166_chunk3.wav]
세상	world / society	*세상* 밖으로|*세상*에 이런 일이|힘든 *세상*	out into the world|how can this happen in the world|a difficult world	[sound:row167_chunk1.wav]|[sound:row167_chunk2.wav]|[sound:row167_chunk3.wav]
즉	in other words / namely	일주일, *즉* 칠일|*즉* 말하자면|*즉* 다시 말해	one week, namely seven days|in other words|that is to say	[sound:row168_chunk1.wav]|[sound:row168_chunk2.wav]|[sound:row168_chunk3.wav]
문학	literature	한국 *문학*|*문학* 소녀|현대 *문학*	Korean literature|literary girl|modern literature	[sound:row169_chunk1.wav]|[sound:row169_chunk2.wav]|[sound:row169_chunk3.wav]
지방	region / countryside	*지방* 자치|*지방*으로 내려가다|강원도 *지방*	local autonomy|to go down to the provinces|Gangwon-do region	[sound:row170_chunk1.wav]|[sound:row170_chunk2.wav]|[sound:row170_chunk3.wav]
환경	environment	자연 *환경*|*환경* 보호|주거 *환경*	natural environment|environmental protection|living environment	[sound:row171_chunk1.wav]|[sound:row171_chunk2.wav]|[sound:row171_chunk3.wav]
자체	itself	문제 *자체*|*자체* 제작|그 *자체*로 아름답다	the problem itself|produced in-house|beautiful in itself	[sound:row172_chunk1.wav]|[sound:row172_chunk2.wav]|[sound:row172_chunk3.wav]
변화	change	심경의 *변화*|*변화*를 시도하다|날씨의 *변화*	change of heart|to try a change|change in weather	[sound:row173_chunk1.wav]|[sound:row173_chunk2.wav]|[sound:row173_chunk3.wav]
관하다	to concern / related to	정치에 *관한* 책|사건에 *관하여*|이에 *관해* 말하다	book about politics|regarding the case|to speak about this	[sound:row174_chunk1.wav]|[sound:row174_chunk2.wav]|[sound:row174_chunk3.wav]
나누다	to divide / to share	음식을 *나누다*|대화를 *나누었다*|반으로 *나누다*	to share food|exchanged conversation|to divide in half	[sound:row175_chunk1.wav]|[sound:row175_chunk2.wav]|[sound:row175_chunk3.wav]
중심	center / core	마을 *중심*|*중심* 인물|*중심*을 잡다	village center|central figure|to find one's balance	[sound:row176_chunk1.wav]|[sound:row176_chunk2.wav]|[sound:row176_chunk3.wav]
활동	activity	봉사 *활동*|*활동*이 왕성하다|경제 *활동*	volunteer activity|to be very active|economic activity	[sound:row177_chunk1.wav]|[sound:row177_chunk2.wav]|[sound:row177_chunk3.wav]
관심	interest	*관심*을 끌다|*관심*이 없다|많은 *관심* 부탁드려요	to attract interest|to have no interest|please give us much interest	[sound:row178_chunk1.wav]|[sound:row178_chunk2.wav]|[sound:row178_chunk3.wav]
역시	as expected / also	*역시* 최고다|너 *역시* 마찬가지야|*역시* 어렵네	as expected, (it's) the best|you too are the same|it's difficult as expected	[sound:row179_chunk1.wav]|[sound:row179_chunk2.wav]|[sound:row179_chunk3.wav]
애	kid / child	*애*가 울다|우리 *애*|*애*를 키우다	a kid is crying|my kid|to raise a child	[sound:row180_chunk1.wav]|[sound:row180_chunk2.wav]|[sound:row180_chunk3.wav]
광고	advertisement	TV *광고*|*광고*를 내다|과장 *광고*	TV commercial|to place an ad|exaggerated advertising	[sound:row181_chunk1.wav]|[sound:row181_chunk2.wav]|[sound:row181_chunk3.wav]
나다	to end up (aux)	죽고 *나다*|끝나고 *나서*|다 먹고 *나면*	to have died|after it's over|once I finish eating	[sound:row182_chunk1.wav]|[sound:row182_chunk2.wav]|[sound:row182_chunk3.wav]
정신	spirit / mind	*정신* 건강|*정신*을 차리다|시대 *정신*	mental health|to collect one's senses|spirit of the times	[sound:row183_chunk1.wav]|[sound:row183_chunk2.wav]|[sound:row183_chunk3.wav]
이르다	to reach / to arrive	정상에 *이르다*|결론에 *이르렀다*|목적지에 *이르다*	to reach the summit|reached a conclusion|to arrive at a destination	[sound:row184_chunk1.wav]|[sound:row184_chunk2.wav]|[sound:row184_chunk3.wav]
이루다	to achieve / to form	꿈을 *이루다*|가족을 *이루다*|성공을 *이루었다*	to achieve a dream|to start a family|achieved success	[sound:row185_chunk1.wav]|[sound:row185_chunk2.wav]|[sound:row185_chunk3.wav]
두다	to do (aux)	먹어 *두다*|알아 *두세요*|적어 *두다*	to eat beforehand|please keep in mind|to write down for later	[sound:row186_chunk1.wav]|[sound:row186_chunk2.wav]|[sound:row186_chunk3.wav]
기술	technology / skill	과학 *기술*|운전 *기술*|*기술*을 배우다	science and technology|driving skill|to learn a technique	[sound:row187_chunk1.wav]|[sound:row187_chunk2.wav]|[sound:row187_chunk3.wav]
전체	whole / entire	학급 *전체*|*전체* 회의|*전체*적인 분위기	the whole class|full meeting|overall atmosphere	[sound:row188_chunk1.wav]|[sound:row188_chunk2.wav]|[sound:row188_chunk3.wav]
얻다	to get / to gain	정보를 *얻다*|용기를 *얻었다*|허락을 *얻다*	to get information|gained courage|to get permission	[sound:row189_chunk1.wav]|[sound:row189_chunk2.wav]|[sound:row189_chunk3.wav]
민족	ethnic group / nation	한*민족*|*민족* 예술|*민족* 대이동	the Korean people|folk art|mass migration of the nation	[sound:row190_chunk1.wav]|[sound:row190_chunk2.wav]|[sound:row190_chunk3.wav]
간	between / during	부부 *간*|장기간 *간*|서울과 부산 *간*	between husband and wife|for a long period|between Seoul and Busan	[sound:row191_chunk1.wav]|[sound:row191_chunk2.wav]|[sound:row191_chunk3.wav]
조사	investigation / survey	실태 *조사*|*조사*를 받다|만족도 *조사*	investigation of the actual state|to be under investigation|satisfaction survey	[sound:row192_chunk1.wav]|[sound:row192_chunk2.wav]|[sound:row192_chunk3.wav]
그대로	as it is	있는 *그대로*|말한 *그대로*|*그대로* 멈춰라	just as it is|exactly as said|stop right there	[sound:row193_chunk1.wav]|[sound:row193_chunk2.wav]|[sound:row193_chunk3.wav]
줄	how to / way	할 *줄* 알다|갈 *줄* 몰랐어|수영할 *줄* 안다	to know how to do|didn't know (I) would go|knows how to swim	[sound:row194_chunk1.wav]|[sound:row194_chunk2.wav]|[sound:row194_chunk3.wav]
년대	era / the 's (years)	1990*년대*|80*년대* 패션|각 *년대*별	the 1990s|80s fashion|by each decade	[sound:row195_chunk1.wav]|[sound:row195_chunk2.wav]|[sound:row195_chunk3.wav]
과학	science	*과학* 기술|*과학*적인 방법|*과학* 잡지	science and technology|scientific method|science magazine	[sound:row196_chunk1.wav]|[sound:row196_chunk2.wav]|[sound:row196_chunk3.wav]
이루어지다	to consist of / to be achieved	꿈이 *이루어지다*|삼위로 *이루어지다*|합의가 *이루어졌다*	dreams come true|to consist of three parts|an agreement was reached	[sound:row197_chunk1.wav]|[sound:row197_chunk2.wav]|[sound:row197_chunk3.wav]
적	time / occasion	어릴 *적*|그럴 *적*마다|갈 *적*에	when (I) was young|every time that happens|when going	[sound:row198_chunk1.wav]|[sound:row198_chunk2.wav]|[sound:row198_chunk3.wav]
터	plan / expectation	가려던 *터*에|먹을 *터*이지|그럴 *터*이다	was just about to go|must be going to eat|it is expected to be so	[sound:row199_chunk1.wav]|[sound:row199_chunk2.wav]|[sound:row199_chunk3.wav]
바라보다	to look at / to watch	바다를 *바라보다*|물끄러미 *바라봤다*|희망을 *바라보다*	to look out at the sea|stared blankly|to look toward hope	[sound:row200_chunk1.wav]|[sound:row200_chunk2.wav]|[sound:row200_chunk3.wav]
대부분	most / majority	학생 *대부분*|*대부분*의 사람|*대부분*이 찬성하다	most of the students|most people|the majority agrees	[sound:row201_chunk1.wav]|[sound:row201_chunk2.wav]|[sound:row201_chunk3.wav]
표정	expression / look	밝은 *표정*|*표정*이 어둡다|무표정한 *표정*	bright expression|to have a dark look|blank expression	[sound:row202_chunk1.wav]|[sound:row202_chunk2.wav]|[sound:row202_chunk3.wav]
일부	part / portion	주민의 *일부*|*일부* 지역|금액의 *일부*	some of the residents|certain areas|part of the amount	[sound:row203_chunk1.wav]|[sound:row203_chunk2.wav]|[sound:row203_chunk3.wav]
고개	head / neck	*고개*를 숙이다|*고개*를 끄덕이다|*고개*를 돌리다	to bow one's head|to nod|to turn one's head	[sound:row204_chunk1.wav]|[sound:row204_chunk2.wav]|[sound:row204_chunk3.wav]
성격	personality / character	*성격*이 급하다|밝은 *성격*|*성격* 차이	to be short-tempered|bright personality|personality difference	[sound:row205_chunk1.wav]|[sound:row205_chunk2.wav]|[sound:row205_chunk3.wav]
세기	century	21*세기*|수*세기* 동안|*세기*의 대결	21st century|for several centuries|match of the century	[sound:row206_chunk1.wav]|[sound:row206_chunk2.wav]|[sound:row206_chunk3.wav]
세우다	to set up / to stop	계획을 *세우다*|차를 *세우다*|기록을 *세웠다*	to make a plan|to stop the car|set a record	[sound:row207_chunk1.wav]|[sound:row207_chunk2.wav]|[sound:row207_chunk3.wav]
현재	currently	*현재* 진행 중|*현재*까지의 상황|*현재* 살고 있는	currently in progress|situation until now|currently living	[sound:row208_chunk1.wav]|[sound:row208_chunk2.wav]|[sound:row208_chunk3.wav]
발전	development	경제 *발전*|기술의 *발전*|*발전*을 거듭하다	economic development|development of technology|to keep developing	[sound:row209_chunk1.wav]|[sound:row209_chunk2.wav]|[sound:row209_chunk3.wav]
향하다	to head toward	서울로 *향하다*|남쪽을 *향해*|성공을 *향한* 길	to head toward Seoul|toward the south|the road toward success	[sound:row210_chunk1.wav]|[sound:row210_chunk2.wav]|[sound:row210_chunk3.wav]
관련	relation / connection	업무 *관련*|*관련*이 있다|*관련* 내용을 확인하다	work-related|to have a connection|to check related details	[sound:row211_chunk1.wav]|[sound:row211_chunk2.wav]|[sound:row211_chunk3.wav]
각	each / every	*각* 부서|*각* 나라의 문화|*각* 가정에	each department|culture of each country|to every household	[sound:row212_chunk1.wav]|[sound:row212_chunk2.wav]|[sound:row212_chunk3.wav]
분위기	atmosphere / mood	좋은 *분위기*|*분위기*가 밝다|카페 *분위기*	good atmosphere|the mood is bright|cafe atmosphere	[sound:row213_chunk1.wav]|[sound:row213_chunk2.wav]|[sound:row213_chunk3.wav]
그러하다	to be so	사정이 *그러하다*|*그러한* 사실|항상 *그러하지* 않다	the situation is so|such a fact|it is not always so	[sound:row214_chunk1.wav]|[sound:row214_chunk2.wav]|[sound:row214_chunk3.wav]
자기	oneself	*자기* 주관|*자기* 발전을 위해|*자기* 일을 하다	one's own opinion|for self-development|to do one's own work	[sound:row215_chunk1.wav]|[sound:row215_chunk2.wav]|[sound:row215_chunk3.wav]
우선	first of all	*우선* 먹자|*우선* 급한 불|무엇보다 *우선*	let's eat first|first, the urgent matter|first of all	[sound:row216_chunk1.wav]|[sound:row216_chunk2.wav]|[sound:row216_chunk3.wav]
낳다	to give birth	아기를 *낳다*|알을 *낳다*|결과를 *낳다*	to give birth to a baby|to lay an egg|to produce a result	[sound:row217_chunk1.wav]|[sound:row217_chunk2.wav]|[sound:row217_chunk3.wav]
정보	information	유익한 *정보*|*정보*를 얻다|개인 *정보*	useful information|to get information|personal information	[sound:row218_chunk1.wav]|[sound:row218_chunk2.wav]|[sound:row218_chunk3.wav]
열리다	to be opened	문이 *열리다*|창문이 *열려* 있다|행사가 *열리다*	the door opens|the window is open|the event is held	[sound:row219_chunk1.wav]|[sound:row219_chunk2.wav]|[sound:row219_chunk3.wav]
역할	role	중요한 *역할*|*역할*을 맡다|주인공 *역할*	important role|to take on a role|role of the protagonist	[sound:row220_chunk1.wav]|[sound:row220_chunk2.wav]|[sound:row220_chunk3.wav]
국내	domestic / within the country	*국내* 시장|*국내* 여행|*국내*외 정세	domestic market|domestic travel|domestic and international situation	[sound:row221_chunk1.wav]|[sound:row221_chunk2.wav]|[sound:row221_chunk3.wav]
예	example	*예*를 들다|*예*외적인 경우|좋은 *예*	to give an example|exceptional case|a good example	[sound:row222_chunk1.wav]|[sound:row222_chunk2.wav]|[sound:row222_chunk3.wav]
나서다	to step forward / to set out	앞에 *나서다*|길을 *나서다*|문제를 해결하러 *나섰다*	to step forward|to set out on a journey|stepped forward to solve the problem	[sound:row223_chunk1.wav]|[sound:row223_chunk2.wav]|[sound:row223_chunk3.wav]
흐르다	to flow / to pass	강물이 *흐르다*|시간이 *흐르다*|눈물이 *흐르다*	river water flows|time passes|tears flow	[sound:row224_chunk1.wav]|[sound:row224_chunk2.wav]|[sound:row224_chunk3.wav]
조건	condition	계약 *조건*|필수 *조건*|*조건*을 제시하다	contract conditions|essential condition|to propose conditions	[sound:row225_chunk1.wav]|[sound:row225_chunk2.wav]|[sound:row225_chunk3.wav]
넘다	to cross over / to exceed	산을 *넘다*|백 명을 *넘다*|담을 *넘다*	to cross a mountain|to exceed a hundred people|to climb over a wall	[sound:row226_chunk1.wav]|[sound:row226_chunk2.wav]|[sound:row226_chunk3.wav]
가능성	possibility	*가능성*이 있다|희박한 *가능성*|성공 *가능성*	there is a possibility|slim possibility|possibility of success	[sound:row227_chunk1.wav]|[sound:row227_chunk2.wav]|[sound:row227_chunk3.wav]
방향	direction	*방향*을 돌리다|반대 *방향*|진행 *방향*	to turn direction|opposite direction|direction of progress	[sound:row228_chunk1.wav]|[sound:row228_chunk2.wav]|[sound:row228_chunk3.wav]
대회	competition / meeting	운동 *대회*|*대회*에 참가하다|전국 *대회*	sports competition|to participate in a competition|national competition	[sound:row229_chunk1.wav]|[sound:row229_chunk2.wav]|[sound:row229_chunk3.wav]
움직이다	to move	몸을 *움직이다*|천천히 *움직여요*|마음을 *움직이다*	to move one's body|moving slowly|to touch one's heart	[sound:row230_chunk1.wav]|[sound:row230_chunk2.wav]|[sound:row230_chunk3.wav]
노력	effort	*노력*을 하다|끊임없는 *노력*|*노력*이 결실을 맺다	to make an effort|ceaseless effort|effort bears fruit	[sound:row231_chunk1.wav]|[sound:row231_chunk2.wav]|[sound:row231_chunk3.wav]
전혀	not at all	*전혀* 모르다|*전혀* 다르다|*전혀* 상관없다	to not know at all|to be completely different|to not matter at all	[sound:row232_chunk1.wav]|[sound:row232_chunk2.wav]|[sound:row232_chunk3.wav]
단체	group / organization	시민 *단체*|*단체* 행동|*단체* 손님	civic group|group action|group of guests	[sound:row233_chunk1.wav]|[sound:row233_chunk2.wav]|[sound:row233_chunk3.wav]
알려지다	to become known	세상에 *알려지다*|이름이 *알려지다*|잘 *알려진* 사실	to be known to the world|the name became famous|well-known fact	[sound:row234_chunk1.wav]|[sound:row234_chunk2.wav]|[sound:row234_chunk3.wav]
가능하다	to be possible	이용이 *가능하다*|*가능한* 빨리|실현 *가능한*	use is possible|as soon as possible|feasible	[sound:row235_chunk1.wav]|[sound:row235_chunk2.wav]|[sound:row235_chunk3.wav]
능력	ability / capability	업무 *능력*|*능력*이 뛰어나다|*능력*을 발휘하다	work ability|to have great ability|to show one's capability	[sound:row236_chunk1.wav]|[sound:row236_chunk2.wav]|[sound:row236_chunk3.wav]
주장하다	to insist / to claim	권리를 *주장하다*|강력히 *주장했다*|자기 의견을 *주장하다*	to claim rights|strongly insisted|to assert one's opinion	[sound:row237_chunk1.wav]|[sound:row237_chunk2.wav]|[sound:row237_chunk3.wav]
자식	children / offspring	*자식* 농사|*자식*을 기르다|금쪽같은 *자식*	raising children|to raise children|precious child	[sound:row238_chunk1.wav]|[sound:row238_chunk2.wav]|[sound:row238_chunk3.wav]
돌리다	to turn / to spin	고개를 *돌리다*|팽이를 *돌리다*|시선을 *돌리다*	to turn one's head|to spin a top|to turn one's gaze	[sound:row239_chunk1.wav]|[sound:row239_chunk2.wav]|[sound:row239_chunk3.wav]
모으다	to gather / to collect	돈을 *모으다*|사람을 *모으다*|우표를 *모으다*	to save money|to gather people|to collect stamps	[sound:row240_chunk1.wav]|[sound:row240_chunk2.wav]|[sound:row240_chunk3.wav]
자료	data / material	참고 *자료*|*자료*를 찾다|조사 *자료*	reference material|to look for data|survey data	[sound:row241_chunk1.wav]|[sound:row241_chunk2.wav]|[sound:row241_chunk3.wav]
제품	product	신*제품* 출시|전자 *제품*|*제품*을 홍보하다	launch of new product|electronic products|to promote a product	[sound:row242_chunk1.wav]|[sound:row242_chunk2.wav]|[sound:row242_chunk3.wav]
사업	business / enterprise	*사업*을 시작하다|개인 *사업*|*사업* 계획	to start a business|private business|business plan	[sound:row243_chunk1.wav]|[sound:row243_chunk2.wav]|[sound:row243_chunk3.wav]
지난해	last year	*지난해* 여름|*지난해* 말|*지난해*와 비교하다	last year's summer|end of last year|to compare with last year	[sound:row244_chunk1.wav]|[sound:row244_chunk2.wav]|[sound:row244_chunk3.wav]
표현	expression	감정 *표현*|*표현*을 잘하다|말이나 *표현*	expression of emotion|to be good at expressing|words or expressions	[sound:row245_chunk1.wav]|[sound:row245_chunk2.wav]|[sound:row245_chunk3.wav]
젊다	to be young	나이가 *젊다*|*젊은* 시절|생각이 *젊다*	to be young|youthful days|to have a young mindset	[sound:row246_chunk1.wav]|[sound:row246_chunk2.wav]|[sound:row246_chunk3.wav]
동시	the same time	*동시* 상영|*동시*에 일어나다|*동시* 통역	simultaneous screening|to happen at the same time|simultaneous interpretation	[sound:row247_chunk1.wav]|[sound:row247_chunk2.wav]|[sound:row247_chunk3.wav]
순간	moment / instant	결정적인 *순간*|그 *순간*에|찰나의 *순간*	decisive moment|at that moment|a split second	[sound:row248_chunk1.wav]|[sound:row248_chunk2.wav]|[sound:row248_chunk3.wav]
전쟁	war	*전쟁*이 나다|말 *전쟁*|*전쟁*을 막다	a war breaks out|war of words|to prevent war	[sound:row249_chunk1.wav]|[sound:row249_chunk2.wav]|[sound:row249_chunk3.wav]
마찬가지	the same	나도 *마찬가지*야|어디나 *마찬가지*다|어제와 *마찬가지*로	I am the same|it's the same everywhere|same as yesterday	[sound:row250_chunk1.wav]|[sound:row250_chunk2.wav]|[sound:row250_chunk3.wav]
과거	past	*과거*의 일|*과거*를 잊다|화려한 *과거*	thing of the past|to forget the past|glamorous past	[sound:row251_chunk1.wav]|[sound:row251_chunk2.wav]|[sound:row251_chunk3.wav]
현대	modern times	*현대* 사회|*현대* 미술|*현대*적인 디자인	modern society|modern art|modern design	[sound:row252_chunk1.wav]|[sound:row252_chunk2.wav]|[sound:row252_chunk3.wav]
살펴보다	to examine / to look around	꼼꼼히 *살펴보다*|주위를 *살펴봤다*|서류를 *살펴보다*	to examine thoroughly|looked around the surroundings|to look through documents	[sound:row253_chunk1.wav]|[sound:row253_chunk2.wav]|[sound:row253_chunk3.wav]
차이	difference	온도 *차이*|*차이*가 크다|생각의 *차이*	temperature difference|the difference is big|difference in thought	[sound:row254_chunk1.wav]|[sound:row254_chunk2.wav]|[sound:row254_chunk3.wav]
시절	days / time / season	학생 *시절*|어린 *시절*|좋았던 *시절*	student days|childhood days|the good old days	[sound:row255_chunk1.wav]|[sound:row255_chunk2.wav]|[sound:row255_chunk3.wav]
작가	writer / author	소설 *작가*|인기 *작가*|*작가*가 되다	novel writer|popular author|to become a writer	[sound:row256_chunk1.wav]|[sound:row256_chunk2.wav]|[sound:row256_chunk3.wav]
효과	effect	광고 *효과*|*효과*가 좋다|부작용 *효과*	advertising effect|to be effective|side effect	[sound:row257_chunk1.wav]|[sound:row257_chunk2.wav]|[sound:row257_chunk3.wav]
불교	Buddhism	*불교* 사원|한국의 *불교*|*불교* 신자	Buddhist temple|Korean Buddhism|Buddhist believer	[sound:row258_chunk1.wav]|[sound:row258_chunk2.wav]|[sound:row258_chunk3.wav]
끌다	to pull / to attract	가트를 *끌다*|관심을 *끌다*|시간을 *끌다*	to pull a cart|to attract interest|to stall for time	[sound:row259_chunk1.wav]|[sound:row259_chunk2.wav]|[sound:row259_chunk3.wav]
마치	as if	*마치* 꿈같다|*마치* 영화처럼|*마치* 아는 것처럼	as if it were a dream|just like a movie|as if knowing	[sound:row260_chunk1.wav]|[sound:row260_chunk2.wav]|[sound:row260_chunk3.wav]
바라다	to hope / to wish	합격을 *바라다*|행복하길 *바래요*|간절히 *바라다*	to hope to pass|I hope you are happy|to wish earnestly	[sound:row261_chunk1.wav]|[sound:row261_chunk2.wav]|[sound:row261_chunk3.wav]
강하다	to be strong	바람이 *강하다*|*강한* 의지|정신력이 *강하다*	the wind is strong|strong will|to be mentally strong	[sound:row262_chunk1.wav]|[sound:row262_chunk2.wav]|[sound:row262_chunk3.wav]
최고	the best / peak	*최고* 기록|기분이 *최고*다|*최고*의 품질	best record|to feel great|the best quality	[sound:row263_chunk1.wav]|[sound:row263_chunk2.wav]|[sound:row263_chunk3.wav]
나타내다	to express / to show	뜻을 *나타내다*|수치로 *나타내다*|슬픔을 *나타내다*	to express a meaning|to show in numbers|to show sadness	[sound:row264_chunk1.wav]|[sound:row264_chunk2.wav]|[sound:row264_chunk3.wav]
법	law	*법*을 지키다|*법*대로 해라|*법*에 어긋나다	to obey the law|do it by the law|to go against the law	[sound:row265_chunk1.wav]|[sound:row265_chunk2.wav]|[sound:row265_chunk3.wav]
소설	novel	단편 *소설*|*소설*을 쓰다|연애 *소설*	short story|to write a novel|romance novel	[sound:row266_chunk1.wav]|[sound:row266_chunk2.wav]|[sound:row266_chunk3.wav]
질서	order / discipline	*질서*를 지키다|사회 *질서*|공공 *질서*	to keep order|social order|public order	[sound:row267_chunk1.wav]|[sound:row267_chunk2.wav]|[sound:row267_chunk3.wav]
담다	to put in / to contain	그릇에 *담다*|진심을 *담다*|카메라에 *담다*	to put in a bowl|to put one's heart into|to capture on camera	[sound:row268_chunk1.wav]|[sound:row268_chunk2.wav]|[sound:row268_chunk3.wav]
시민	citizen	서울 *시민*|*시민*의 의식|보통 *시민*	Seoul citizen|civic consciousness|ordinary citizen	[sound:row269_chunk1.wav]|[sound:row269_chunk2.wav]|[sound:row269_chunk3.wav]
회장	chairman / president	학생회 *회장*|그룹 *회장*님|*회장*으로 선출되다	student council president|group chairman|to be elected as president	[sound:row270_chunk1.wav]|[sound:row270_chunk2.wav]|[sound:row270_chunk3.wav]
제대로	properly	*제대로* 하다|*제대로* 먹다|말이 *제대로* 안 나와	to do properly|to eat properly|cannot speak properly	[sound:row271_chunk1.wav]|[sound:row271_chunk2.wav]|[sound:row271_chunk3.wav]
던지다	to throw	공을 *던지다*|질문을 *던지다*|시선을 *던지다*	to throw a ball|to pose a question|to cast a look	[sound:row272_chunk1.wav]|[sound:row272_chunk2.wav]|[sound:row272_chunk3.wav]
공간	space	개인 *공간*|*공간*을 차지하다|생활 *공간*	personal space|to occupy space|living space	[sound:row273_chunk1.wav]|[sound:row273_chunk2.wav]|[sound:row273_chunk3.wav]
벌이다	to start / to open	잔치를 *벌이다*|사업을 *벌이다*|싸움을 *벌이다*	to hold a feast|to start a business|to start a fight	[sound:row274_chunk1.wav]|[sound:row274_chunk2.wav]|[sound:row274_chunk3.wav]
강조하다	to emphasize	중요성을 *강조하다*|반복해서 *강조했다*|실천을 *강조하다*	to emphasize importance|emphasized repeatedly|to emphasize practice	[sound:row275_chunk1.wav]|[sound:row275_chunk2.wav]|[sound:row275_chunk3.wav]
맡다	to take charge of	일을 *맡다*|책임을 *맡다*|역할을 *맡았다*	to take charge of work|to take responsibility|took on a role	[sound:row276_chunk1.wav]|[sound:row276_chunk2.wav]|[sound:row276_chunk3.wav]
한편	on the other hand / meanwhile	*한편*으로는 걱정이다|*한편* 그 시각에|*한편* 다른 의견은	on one hand, I'm worried|meanwhile at that time|on the other hand, another opinion is	[sound:row277_chunk1.wav]|[sound:row277_chunk2.wav]|[sound:row277_chunk3.wav]
기자	reporter	신문 *기자*|방송 *기자*|*기자* 회견	newspaper reporter|broadcast reporter|press conference	[sound:row278_chunk1.wav]|[sound:row278_chunk2.wav]|[sound:row278_chunk3.wav]
주로	mostly / mainly	*주로* 집에서|*주로* 이용하는|*주로* 먹는 음식	mostly at home|mainly used|food mainly eaten	[sound:row279_chunk1.wav]|[sound:row279_chunk2.wav]|[sound:row279_chunk3.wav]
훨씬	much more	*훨씬* 좋다|*훨씬* 빠르다|*훨씬* 더 크게	to be much better|to be much faster|much bigger	[sound:row280_chunk1.wav]|[sound:row280_chunk2.wav]|[sound:row280_chunk3.wav]
통일	unification	조국 *통일*|*통일*을 이루다|의견 *통일*	unification of the fatherland|to achieve unification|unification of opinions	[sound:row281_chunk1.wav]|[sound:row281_chunk2.wav]|[sound:row281_chunk3.wav]
들어서다	to enter / to step in	방에 *들어서다*|건물이 *들어서다*|입구에 *들어서다*	to step into the room|a building is built|to enter the entrance	[sound:row282_chunk1.wav]|[sound:row282_chunk2.wav]|[sound:row282_chunk3.wav]
차례	turn / order / time	내 *차례*|여러 *차례*|*차례*를 기다리다	my turn|several times|to wait for one's turn	[sound:row283_chunk1.wav]|[sound:row283_chunk2.wav]|[sound:row283_chunk3.wav]
군	military / army	*군* 복무|*군*에 가다|공*군* 소속	military service|to go into the military|belonging to the Air Force	[sound:row284_chunk1.wav]|[sound:row284_chunk2.wav]|[sound:row284_chunk3.wav]
재산	property / wealth	개인 *재산*|*재산*을 모으다|막대한 *재산*	personal property|to accumulate wealth|huge fortune	[sound:row285_chunk1.wav]|[sound:row285_chunk2.wav]|[sound:row285_chunk3.wav]
약간	slightly	*약간* 늦다|*약간*의 차이|소금을 *약간* 넣다	to be slightly late|a slight difference|to add a bit of salt	[sound:row286_chunk1.wav]|[sound:row286_chunk2.wav]|[sound:row286_chunk3.wav]
요구하다	to demand	사과를 *요구하다*|권리를 *요구하다*|대책을 *요구하고* 있다	to demand an apology|to demand rights|are demanding measures	[sound:row287_chunk1.wav]|[sound:row287_chunk2.wav]|[sound:row287_chunk3.wav]
기간	period	시험 *기간*|일정한 *기간*|*기간*이 만료되다	exam period|a fixed period|the period has expired	[sound:row288_chunk1.wav]|[sound:row288_chunk2.wav]|[sound:row288_chunk3.wav]
일으키다	to cause / to raise	문제를 *일으키다*|사고를 *일으키다*|아이를 *일으키다*	to cause a problem|to cause an accident|to help a child up	[sound:row289_chunk1.wav]|[sound:row289_chunk2.wav]|[sound:row289_chunk3.wav]
공장	factory	자동차 *공장*|*공장*을 가동하다|*공장* 근로자	car factory|to operate a factory|factory worker	[sound:row290_chunk1.wav]|[sound:row290_chunk2.wav]|[sound:row290_chunk3.wav]
즐기다	to enjoy	음악을 *즐기다*|여가를 *즐기다*|게임은 *즐거워요*	to enjoy music|to enjoy one's leisure|games are fun to enjoy	[sound:row291_chunk1.wav]|[sound:row291_chunk2.wav]|[sound:row291_chunk3.wav]
지	since	떠난 *지* 일 년|이사 온 *지* 얼마 안 됐다|먹은 *지* 오래되다	a year since leaving|not long since moving in|it's been a long time since eating	[sound:row292_chunk1.wav]|[sound:row292_chunk2.wav]|[sound:row292_chunk3.wav]
변하다	to change	색이 *변하다*|마음이 *변했다*|세상이 *변하고* 있다	color changes|one's mind has changed|the world is changing	[sound:row293_chunk1.wav]|[sound:row293_chunk2.wav]|[sound:row293_chunk3.wav]
아무리	no matter how	*아무리* 바빠도|*아무리* 생각해도|*아무리* 멀어도	no matter how busy|no matter how much I think|no matter how far	[sound:row294_chunk1.wav]|[sound:row294_chunk2.wav]|[sound:row294_chunk3.wav]
맞추다	to adjust / to match	시계를 *맞추다*|답을 *맞추다*|입을 *맞추다*	to set/adjust a clock|to check answers|to kiss / to align stories	[sound:row295_chunk1.wav]|[sound:row295_chunk2.wav]|[sound:row295_chunk3.wav]
막다	to block / to prevent	길을 *막다*|바람을 *막다*|유행을 *막을* 수 없다	to block the road|to block the wind|cannot prevent the trend	[sound:row296_chunk1.wav]|[sound:row296_chunk2.wav]|[sound:row296_chunk3.wav]
늘	always	*늘* 고마워|*늘* 그 자리에|*늘* 하던 대로	always thankful|always in that spot|always as usual	[sound:row297_chunk1.wav]|[sound:row297_chunk2.wav]|[sound:row297_chunk3.wav]
전국	nationwide	*전국* 각지|*전국* 대회|*전국*적으로 비	all over the country|nationwide competition|rain nationwide	[sound:row298_chunk1.wav]|[sound:row298_chunk2.wav]|[sound:row298_chunk3.wav]
마치다	to finish	일을 *마치다*|수업을 *마쳤다*|모든 과정을 *마치다*	to finish work|finished class|to complete the entire course	[sound:row299_chunk1.wav]|[sound:row299_chunk2.wav]|[sound:row299_chunk3.wav]
가정	home / family	화목한 *가정*|*가정* 방문|*가정*을 꾸리다	harmonious family|home visit|to start a family	[sound:row300_chunk1.wav]|[sound:row300_chunk2.wav]|[sound:row300_chunk3.wav]
빠지다	to fall into	물에 *빠지다*|함정에 *빠졌다*|사랑에 *빠지다*	to fall into water|fell into a trap|to fall in love	[sound:row301_chunk1.wav]|[sound:row301_chunk2.wav]|[sound:row301_chunk3.wav]
오늘날	today / nowadays	*오늘날*의 사회|*오늘날*에 이르러|*오늘날*의 과학 기술	today's society|reaching the present day|science and technology of today	[sound:row302_chunk1.wav]|[sound:row302_chunk2.wav]|[sound:row302_chunk3.wav]
농업	agriculture	*농업* 종사자|*농업* 생산량|전통적인 *농업*	agricultural worker|agricultural production|traditional agriculture	[sound:row303_chunk1.wav]|[sound:row303_chunk2.wav]|[sound:row303_chunk3.wav]
식	style / way	한국 *식*|옛날 *식*|이런 *식*으로	Korean style|old-fashioned way|in this way	[sound:row304_chunk1.wav]|[sound:row304_chunk2.wav]|[sound:row304_chunk3.wav]
의견	opinion	*의견*을 나누다|개인적인 *의견*|*의견*이 다르다	to share opinions|personal opinion|to have different opinions	[sound:row305_chunk1.wav]|[sound:row305_chunk2.wav]|[sound:row305_chunk3.wav]
표현하다	to express	말로 *표현하다*|감정을 *표현했다*|그림으로 *표현하다*	to express in words|expressed emotions|to express through a drawing	[sound:row306_chunk1.wav]|[sound:row306_chunk2.wav]|[sound:row306_chunk3.wav]
경기	match / game	축구 *경기*|*경기*에서 이기다|*경기*를 관람하다	soccer match|to win a game|to watch a match	[sound:row307_chunk1.wav]|[sound:row307_chunk2.wav]|[sound:row307_chunk3.wav]
목적	purpose	방문 *목적*|*목적*이 분명하다|공부할 *목적*으로	purpose of visit|the purpose is clear|with the purpose of studying	[sound:row308_chunk1.wav]|[sound:row308_chunk2.wav]|[sound:row308_chunk3.wav]
태도	attitude	긍정적인 *태도*|*태도*가 나쁘다|삶에 대한 *태도*	positive attitude|to have a bad attitude|attitude toward life	[sound:row309_chunk1.wav]|[sound:row309_chunk2.wav]|[sound:row309_chunk3.wav]
주위	surroundings / around	집 *주위*|*주위*가 시끄럽다|*주위* 사람들의 시선	around the house|the surroundings are noisy|the eyes of people around	[sound:row310_chunk1.wav]|[sound:row310_chunk2.wav]|[sound:row310_chunk3.wav]
발생하다	to occur	사건이 *발생하다*|화재가 *발생했다*|문제가 *발생할* 수 있다	an incident occurs|a fire broke out|problems may occur	[sound:row311_chunk1.wav]|[sound:row311_chunk2.wav]|[sound:row311_chunk3.wav]
어쩌다	to happen to / by chance	*어쩌다가* 만났다|*어쩌면* 좋을까|*어쩌다* 보니 그렇게 됐다	met by chance|what should I do|it just happened that way	[sound:row312_chunk1.wav]|[sound:row312_chunk2.wav]|[sound:row312_chunk3.wav]
각각	each / respectively	*각각* 다르다|*각각* 한 개씩|*각각*의 장단점	to be each different|one of each|pros and cons of each	[sound:row313_chunk1.wav]|[sound:row313_chunk2.wav]|[sound:row313_chunk3.wav]
책임	responsibility	*책임*을 지다|무거운 *책임*|*책임*이 막중하다	to take responsibility|heavy responsibility|responsibility is great	[sound:row314_chunk1.wav]|[sound:row314_chunk2.wav]|[sound:row314_chunk3.wav]
심하다	to be severe	정도가 *심하다*|*심한* 장난|기침이 *심해요*	the degree is severe|severe prank|the cough is severe	[sound:row315_chunk1.wav]|[sound:row315_chunk2.wav]|[sound:row315_chunk3.wav]
자라다	to grow	무럭무럭 *자라다*|꿈을 먹고 *자란다*|키가 많이 *자랐네*	to grow quickly|growing up with dreams|you've grown tall	[sound:row316_chunk1.wav]|[sound:row316_chunk2.wav]|[sound:row316_chunk3.wav]
구체적	concrete / specific	*구체적*인 계획|*구체적*으로 설명하다|내용이 *구체적*이다	specific plan|to explain specifically|the content is concrete	[sound:row317_chunk1.wav]|[sound:row317_chunk2.wav]|[sound:row317_chunk3.wav]
기회	opportunity	좋은 *기회*|*기회*를 놓치다|마지막 *기회*	good opportunity|to miss an opportunity|last chance	[sound:row318_chunk1.wav]|[sound:row318_chunk2.wav]|[sound:row318_chunk3.wav]
지구	Earth	*지구* 온난화|*지구*를 지키다|*지구* 한 바퀴	global warming|to protect the Earth|around the Earth	[sound:row319_chunk1.wav]|[sound:row319_chunk2.wav]|[sound:row319_chunk3.wav]
소비자	consumer	*소비자* 고발|*소비자* 보호|현명한 *소비자*	consumer report|consumer protection|wise consumer	[sound:row320_chunk1.wav]|[sound:row320_chunk2.wav]|[sound:row320_chunk3.wav]
기준	standard / criteria	선발 *기준*|*기준*에 맞다|*기준*을 세우다	selection criteria|to meet the standard|to set a standard	[sound:row321_chunk1.wav]|[sound:row321_chunk2.wav]|[sound:row321_chunk3.wav]
말	end	학기 *말*|이번 달 *말*|세기 *말*	end of the semester|end of this month|end of the century	[sound:row322_chunk1.wav]|[sound:row322_chunk2.wav]|[sound:row322_chunk3.wav]
반드시	surely / certainly	*반드시* 성공하다|*반드시* 오세요|*반드시* 필요한 것	to surely succeed|be sure to come|absolutely necessary thing	[sound:row323_chunk1.wav]|[sound:row323_chunk2.wav]|[sound:row323_chunk3.wav]
받아들이다	to accept	사실을 *받아들이다*|제안을 *받아들였다*|문화를 *받아들이다*	to accept the fact|accepted the proposal|to embrace a culture	[sound:row324_chunk1.wav]|[sound:row324_chunk2.wav]|[sound:row324_chunk3.wav]
꺼내다	to take out	돈을 *꺼내다*|말을 *꺼내다*|주머니에서 *꺼냈다*	to take out money|to bring up a topic|took out from the pocket	[sound:row325_chunk1.wav]|[sound:row325_chunk2.wav]|[sound:row325_chunk3.wav]
노동자	worker / laborer	외국인 *노동자*|*노동자*의 권리|육체 *노동자*	foreign worker|rights of workers|manual laborer	[sound:row326_chunk1.wav]|[sound:row326_chunk2.wav]|[sound:row326_chunk3.wav]
동네	neighborhood	우리 *동네*|*동네* 한 바퀴|*동네* 사람들	my neighborhood|around the neighborhood|neighbors	[sound:row327_chunk1.wav]|[sound:row327_chunk2.wav]|[sound:row327_chunk3.wav]
완전히	completely	*완전히* 잊다|*완전히* 달라지다|*완전히* 망했다	to completely forget|to become completely different|to be completely ruined	[sound:row328_chunk1.wav]|[sound:row328_chunk2.wav]|[sound:row328_chunk3.wav]
전하다	to deliver / to tell	소식을 *전하다*|안부를 *전해* 줘|뜻을 *전하다*	to deliver news|say hello (deliver regards)|to convey a meaning	[sound:row329_chunk1.wav]|[sound:row329_chunk2.wav]|[sound:row329_chunk3.wav]
맞다	to greet / to welcome	손님을 *맞다*|새해를 *맞다*|공항에서 *맞이하다*	to greet a guest|to welcome the new year|to meet at the airport	[sound:row330_chunk1.wav]|[sound:row330_chunk2.wav]|[sound:row330_chunk3.wav]
정하다	to decide / to set	날짜를 *정하다*|규칙을 *정했다*|마음을 *정하다*	to set a date|set the rules|to make up one's mind	[sound:row331_chunk1.wav]|[sound:row331_chunk2.wav]|[sound:row331_chunk3.wav]
대중	the public	*대중* 교통|*대중* 문화|*대중*의 인기	public transportation|popular culture|popularity among the public	[sound:row332_chunk1.wav]|[sound:row332_chunk2.wav]|[sound:row332_chunk3.wav]
늘어나다	to increase / to stretch	인구가 *늘어나다*|체중이 *늘어났다*|시간이 *늘어나다*	population increases|weight increased|time is extended	[sound:row333_chunk1.wav]|[sound:row333_chunk2.wav]|[sound:row333_chunk3.wav]
각종	various kinds	*각종* 사고|*각종* 행사|*각종* 비타민	various accidents|various events|various vitamins	[sound:row334_chunk1.wav]|[sound:row334_chunk2.wav]|[sound:row334_chunk3.wav]
빛	light	햇*빛*|달*빛*|희망의 *빛*	sunlight|moonlight|light of hope	[sound:row335_chunk1.wav]|[sound:row335_chunk2.wav]|[sound:row335_chunk3.wav]
현재	the present	*현재*와 과거|*현재*에 충실하다|*현재* 시각	the present and the past|to be faithful to the present|current time	[sound:row336_chunk1.wav]|[sound:row336_chunk2.wav]|[sound:row336_chunk3.wav]
발견하다	to discover	신대륙을 *발견하다*|재능을 *발견했다*|오류를 *발견하다*	to discover a new continent|discovered talent|to find an error	[sound:row337_chunk1.wav]|[sound:row337_chunk2.wav]|[sound:row337_chunk3.wav]
특징	characteristic	지리적 *특징*|*특징*이 뚜렷하다|개인적 *특징*	geographical features|characteristics are distinct|personal characteristic	[sound:row338_chunk1.wav]|[sound:row338_chunk2.wav]|[sound:row338_chunk3.wav]
선수	athlete / player	축구 *선수*|국가대표 *선수*|*선수* 보호 차원	soccer player|national team player|for the sake of protecting players	[sound:row339_chunk1.wav]|[sound:row339_chunk2.wav]|[sound:row339_chunk3.wav]
마련하다	to prepare / to arrange	돈을 *마련하다*|자리를 *마련했다*|대책을 *마련하다*	to raise money|arranged a seat/spot|to prepare measures	[sound:row340_chunk1.wav]|[sound:row340_chunk2.wav]|[sound:row340_chunk3.wav]
주제	topic / theme	토론 *주제*|연구 *주제*|*주제* 파악	discussion topic|research theme|understanding the core theme	[sound:row341_chunk1.wav]|[sound:row341_chunk2.wav]|[sound:row341_chunk3.wav]
기본	basis / basic	*기본* 예절|*기본*에 충실하다|*기본* 원칙	basic etiquette|to stick to the basics|basic principle	[sound:row342_chunk1.wav]|[sound:row342_chunk2.wav]|[sound:row342_chunk3.wav]
감정	emotion / feeling	*감정* 조절|*감정*이 풍부하다|부정적인 *감정*	emotional control|to be very emotional|negative emotion	[sound:row343_chunk1.wav]|[sound:row343_chunk2.wav]|[sound:row343_chunk3.wav]
인기	popularity	*인기* 가수|*인기*가 많다|*인기*를 끌다	popular singer|to be very popular|to gain popularity	[sound:row344_chunk1.wav]|[sound:row344_chunk2.wav]|[sound:row344_chunk3.wav]
달리다	to run	빨리 *달리다*|운동장을 *달렸다*|앞만 보고 *달리다*	to run fast|ran on the playground|to run looking only forward	[sound:row345_chunk1.wav]|[sound:row345_chunk2.wav]|[sound:row345_chunk3.wav]
이전	before / previous	사고 *이전*|일주일 *이전*|그 *이전*의 삶	before the accident|more than a week ago|life before that	[sound:row346_chunk1.wav]|[sound:row346_chunk2.wav]|[sound:row346_chunk3.wav]
시키다	to make (someone do) / to order	일을 *시키다*|심부름을 *시켰다*|커피를 *시키다*	to make (someone) work|ordered an errand|to order coffee	[sound:row347_chunk1.wav]|[sound:row347_chunk2.wav]|[sound:row347_chunk3.wav]
국제	international	*국제* 공항|*국제* 관계|*국제* 전화	international airport|international relations|international call	[sound:row348_chunk1.wav]|[sound:row348_chunk2.wav]|[sound:row348_chunk3.wav]
전통	tradition	*전통* 문화|*전통*을 잇다|*전통* 의상	traditional culture|to carry on a tradition|traditional clothing	[sound:row349_chunk1.wav]|[sound:row349_chunk2.wav]|[sound:row349_chunk3.wav]
기르다	to raise / to grow	꽃을 *기르다*|강아지를 *기르다*|능력을 *길렀다*	to grow flowers|to raise a puppy|developed/grew an ability	[sound:row350_chunk1.wav]|[sound:row350_chunk2.wav]|[sound:row350_chunk3.wav]
조사하다	to investigate	원인을 *조사하다*|철저히 *조사했다*|실태를 *조사하다*	to investigate the cause|investigated thoroughly|to survey the actual condition	[sound:row351_chunk1.wav]|[sound:row351_chunk2.wav]|[sound:row351_chunk3.wav]
커다랗다	to be huge	*커다란* 나무|구멍이 *커다랗다*|*커다랗게* 웃다	huge tree|the hole is huge|to laugh loudly	[sound:row352_chunk1.wav]|[sound:row352_chunk2.wav]|[sound:row352_chunk3.wav]
시인	poet	유명한 *시인*|*시인*이 되다|서정 *시인*	famous poet|to become a poet|lyric poet	[sound:row353_chunk1.wav]|[sound:row353_chunk2.wav]|[sound:row353_chunk3.wav]
외	except / other than	그 *외*의 것|예상 *외*|전공 *외* 과목	things other than that|unexpected|subjects outside the major	[sound:row354_chunk1.wav]|[sound:row354_chunk2.wav]|[sound:row354_chunk3.wav]
줄이다	to reduce / to shorten	비용을 *줄이다*|거리를 *줄였다*|말수를 *줄이다*	to reduce costs|shortened the distance|to talk less	[sound:row355_chunk1.wav]|[sound:row355_chunk2.wav]|[sound:row355_chunk3.wav]
가격	price	*가격*이 오르다|*가격*을 깎다|저렴한 *가격*	price rises|to cut the price|low price	[sound:row356_chunk1.wav]|[sound:row356_chunk2.wav]|[sound:row356_chunk3.wav]
달라지다	to change / to vary	세상이 *달라지다*|태도가 *달라졌다*|어제와 *달라진* 모습	the world changes|attitude has changed|appearance different from yesterday	[sound:row357_chunk1.wav]|[sound:row357_chunk2.wav]|[sound:row357_chunk3.wav]
통신	communication	정보 *통신*|*통신* 수단|*통신*이 끊기다	information communication|means of communication|communication is cut off	[sound:row358_chunk1.wav]|[sound:row358_chunk2.wav]|[sound:row358_chunk3.wav]
기계	machine	세탁 *기계*|*기계*를 고치다|*기계*처럼 일하다	washing machine|to fix a machine|to work like a machine	[sound:row359_chunk1.wav]|[sound:row359_chunk2.wav]|[sound:row359_chunk3.wav]
모양	appearance / likely to	비가 올 *모양*이다|아픈 *모양*이야|모르는 *모양*이네	it looks like it will rain|it seems (he) is sick|it seems you don't know	[sound:row360_chunk1.wav]|[sound:row360_chunk2.wav]|[sound:row360_chunk3.wav]
아나운서	announcer / news anchor	뉴스 *아나운서*|*아나운서*가 꿈이다|유명한 *아나운서*	news anchor|dream of being an announcer|famous announcer	[sound:row361_chunk1.wav]|[sound:row361_chunk2.wav]|[sound:row361_chunk3.wav]
펴다	to unfold / to spread	책을 *펴다*|허리를 *펴다*|날개를 *펴다*	to open a book|to straighten one's back|to spread wings	[sound:row362_chunk1.wav]|[sound:row362_chunk2.wav]|[sound:row362_chunk3.wav]
종교	religion	*종교*가 있나요?|*종교*적인 이유|*종교*의 자유	do you have a religion?|religious reasons|freedom of religion	[sound:row363_chunk1.wav]|[sound:row363_chunk2.wav]|[sound:row363_chunk3.wav]
자연스럽다	to be natural	*자연스러운* 연기|말투가 *자연스럽다*|*자연스럽게* 행동하다	natural acting|way of speaking is natural|to act naturally	[sound:row364_chunk1.wav]|[sound:row364_chunk2.wav]|[sound:row364_chunk3.wav]
돌다	to turn / to spin	바퀴가 *돌다*|동네를 한 바퀴 *돌다*|머리가 *돌다*	wheels turn|to go around the neighborhood|to feel dizzy	[sound:row365_chunk1.wav]|[sound:row365_chunk2.wav]|[sound:row365_chunk3.wav]
혹은	or / or else	사과 *혹은* 배|오늘 *혹은* 내일|전화 *혹은* 문자	apples or pears|today or tomorrow|phone call or text	[sound:row366_chunk1.wav]|[sound:row366_chunk2.wav]|[sound:row366_chunk3.wav]
편	volume (counter for books/films)	영화 한 *편*|논문 여러 *편*|시 한 *편*	one movie|several papers|one poem	[sound:row367_chunk1.wav]|[sound:row367_chunk2.wav]|[sound:row367_chunk3.wav]
노력하다	to strive / to try hard	열심히 *노력하다*|성공하려고 *노력했다*|*노력하는* 사람	to try hard|strove to succeed|person who makes an effort	[sound:row368_chunk1.wav]|[sound:row368_chunk2.wav]|[sound:row368_chunk3.wav]
보호	protection	환경 *보호*|아동 *보호*|*보호*를 받다	environmental protection|child protection|to be protected	[sound:row369_chunk1.wav]|[sound:row369_chunk2.wav]|[sound:row369_chunk3.wav]
한편	one side / one way	*한편*의 이야기|마음 *한편*이 아프다|영화 한 *편*	one story|one side of my heart hurts|one film	[sound:row370_chunk1.wav]|[sound:row370_chunk2.wav]|[sound:row370_chunk3.wav]
이웃	neighbor	*이웃* 사촌|*이웃*집 사람|*이웃*을 돕다	close neighbor (like family)|the person next door|to help neighbors	[sound:row371_chunk1.wav]|[sound:row371_chunk2.wav]|[sound:row371_chunk3.wav]
공동	joint / community	*공동* 주택|*공동*으로 관리하다|*공동* 목표	community housing|to manage jointly|joint goal	[sound:row372_chunk1.wav]|[sound:row372_chunk2.wav]|[sound:row372_chunk3.wav]
까닭	reason / cause	그럴 *까닭*이 없다|무슨 *까닭*인지|모르는 *까닭*에	no reason for that|for some reason|because (I) don't know	[sound:row373_chunk1.wav]|[sound:row373_chunk2.wav]|[sound:row373_chunk3.wav]
소녀	girl	어린 *소녀*|*소녀* 같은 감성|열일곱 살 *소녀*	young girl|girl-like sensitivity|seventeen-year-old girl	[sound:row374_chunk1.wav]|[sound:row374_chunk2.wav]|[sound:row374_chunk3.wav]
지나가다	to pass by	차들이 *지나가다*|시간이 *지나갔다*|그냥 *지나가지* 마세요	cars pass by|time has passed|please don't just pass by	[sound:row375_chunk1.wav]|[sound:row375_chunk2.wav]|[sound:row375_chunk3.wav]
상품	product / prize	인기 *상품*|*상품*을 타다|*상품*권	popular product|to win a prize|gift certificate	[sound:row376_chunk1.wav]|[sound:row376_chunk2.wav]|[sound:row376_chunk3.wav]
훌륭하다	to be excellent / great	*훌륭한* 사람|경치가 *훌륭하다*|성적이 *훌륭하네요*	great person|the view is magnificent|the grades are excellent	[sound:row377_chunk1.wav]|[sound:row377_chunk2.wav]|[sound:row377_chunk3.wav]
종류	kind / type	여러 *종류*|꽃의 *종류*|*종류*별로 분류하다	various types|types of flowers|to classify by type	[sound:row378_chunk1.wav]|[sound:row378_chunk2.wav]|[sound:row378_chunk3.wav]
키우다	to raise / to grow	아이를 *키우다*|꿈을 *키우다*|덩치를 *키웠다*	to raise a child|to nurture a dream|built up one's physique	[sound:row379_chunk1.wav]|[sound:row379_chunk2.wav]|[sound:row379_chunk3.wav]
눕다	to lie down	침대에 *눕다*|잠시 *누워* 쉬다|바닥에 *누웠다*	to lie on the bed|to lie down and rest for a bit|lied on the floor	[sound:row380_chunk1.wav]|[sound:row380_chunk2.wav]|[sound:row380_chunk3.wav]
발달하다	to develop / to advance	근육이 *발달하다*|정신이 *발달했다*|교통이 *발달한* 도시	muscles develop|mind has developed|city with developed transport	[sound:row381_chunk1.wav]|[sound:row381_chunk2.wav]|[sound:row381_chunk3.wav]
발전하다	to progress / to develop	경제가 *발전하다*|관계가 *발전했다*|크게 *발전하는* 중	economy develops|relationship progressed|developing significantly	[sound:row382_chunk1.wav]|[sound:row382_chunk2.wav]|[sound:row382_chunk3.wav]
죽음	death	갑작스러운 *죽음*|*죽음*을 두려워하다|삶과 *죽음*	sudden death|to fear death|life and death	[sound:row383_chunk1.wav]|[sound:row383_chunk2.wav]|[sound:row383_chunk3.wav]
고통	pain / suffering	*고통*을 느끼다|심한 *고통*|*고통*에서 벗어나다	to feel pain|severe suffering|to escape from pain	[sound:row384_chunk1.wav]|[sound:row384_chunk2.wav]|[sound:row384_chunk3.wav]
듯이	as if	비가 오*듯이*|보*듯이* 알다|미친 *듯이* 달리다	as if it's raining|to know just by looking|to run like crazy	[sound:row385_chunk1.wav]|[sound:row385_chunk2.wav]|[sound:row385_chunk3.wav]
어울리다	to match / to hang out	옷이 잘 *어울리다*|친구들과 *어울리다*|분위기에 *어울리게*	clothes match well|to hang out with friends|matching the atmosphere	[sound:row386_chunk1.wav]|[sound:row386_chunk2.wav]|[sound:row386_chunk3.wav]
예정	schedule / plan	출발 *예정*|*예정*대로 진행하다|*예정*보다 늦다	scheduled departure|to proceed as planned|later than scheduled	[sound:row387_chunk1.wav]|[sound:row387_chunk2.wav]|[sound:row387_chunk3.wav]
흔히	commonly / often	*흔히* 있는 일|*흔히* 말하기를|*흔히* 볼 수 있다	common occurrence|as is often said|can be commonly seen	[sound:row388_chunk1.wav]|[sound:row388_chunk2.wav]|[sound:row388_chunk3.wav]
느껴지다	to be felt	추위가 *느껴지다*|사랑이 *느껴졌다*|슬프게 *느껴지다*	to feel the cold|love was felt|to feel sad	[sound:row389_chunk1.wav]|[sound:row389_chunk2.wav]|[sound:row389_chunk3.wav]
전문	specialty / professional	*전문* 분야|*전문* 지식|*전문*으로 다루다	field of expertise|professional knowledge|to handle professionally	[sound:row390_chunk1.wav]|[sound:row390_chunk2.wav]|[sound:row390_chunk3.wav]
정확하다	to be accurate	*정확한* 시간|발음이 *정확하다*|*정확하게* 계산하다	accurate time|pronunciation is accurate|to calculate accurately	[sound:row391_chunk1.wav]|[sound:row391_chunk2.wav]|[sound:row391_chunk3.wav]
등	back (body part)	*등*이 가렵다|*등*을 돌리다|*등*에 업다	back is itchy|to turn one's back|to carry on one's back	[sound:row392_chunk1.wav]|[sound:row392_chunk2.wav]|[sound:row392_chunk3.wav]
찾아오다	to visit / to come over	집으로 *찾아오다*|손님이 *찾아왔다*|봄이 *찾아오다*	to visit the house|a guest came over|spring arrives	[sound:row393_chunk1.wav]|[sound:row393_chunk2.wav]|[sound:row393_chunk3.wav]
결정하다	to decide	진로를 *결정하다*|혼자 *결정했다*|빨리 *결정하세요*	to decide on a career|decided alone|please decide quickly	[sound:row394_chunk1.wav]|[sound:row394_chunk2.wav]|[sound:row394_chunk3.wav]
경영	management / operation	기업 *경영*|*경영*학과|*경영*을 맡다	business management|department of business|to take over management	[sound:row395_chunk1.wav]|[sound:row395_chunk2.wav]|[sound:row395_chunk3.wav]
숲	forest / woods	깊은 *숲*|*숲*길을 걷다|*숲*이 우거지다	deep forest|to walk in the forest|the forest is thick	[sound:row396_chunk1.wav]|[sound:row396_chunk2.wav]|[sound:row396_chunk3.wav]
없어지다	to disappear / to be gone	물건이 *없어지다*|통증이 *없어졌다*|기회가 *없어지다*	the item is gone|the pain disappeared|to lose an opportunity	[sound:row397_chunk1.wav]|[sound:row397_chunk2.wav]|[sound:row397_chunk3.wav]
떠오르다	to rise / to come to mind	해공에 *떠오르다*|좋은 생각이 *떠오르다*|얼굴이 *떠올랐다*	to rise in the sky|a good idea comes to mind|a face came to mind	[sound:row398_chunk1.wav]|[sound:row398_chunk2.wav]|[sound:row398_chunk3.wav]
미치다	to reach / to influence	영향을 *미치다*|손이 *미치지* 않는 곳|기대에 *미치다*	to influence|place out of reach|to meet expectations	[sound:row399_chunk1.wav]|[sound:row399_chunk2.wav]|[sound:row399_chunk3.wav]
새벽	dawn / early morning	*새벽* 공기|*새벽*까지 일하다|*새벽*에 일어나다	dawn air|to work until dawn|to wake up at dawn	[sound:row400_chunk1.wav]|[sound:row400_chunk2.wav]|[sound:row400_chunk3.wav]
얼른	quickly / right away	*얼른* 와라|*얼른* 먹어|*얼른* 대답해	come quickly|eat up right away|answer quickly	[sound:row401_chunk1.wav]|[sound:row401_chunk2.wav]|[sound:row401_chunk3.wav]
임금	wage / pay	최저 *임금*|*임금* 협상|*임금*을 올리다	minimum wage|wage negotiation|to raise wages	[sound:row402_chunk1.wav]|[sound:row402_chunk2.wav]|[sound:row402_chunk3.wav]
무섭다	to be scary	귀신이 *무섭다*|*무서운* 영화|밤길이 *무서워요*	scared of ghosts|scary movie|night roads are scary	[sound:row403_chunk1.wav]|[sound:row403_chunk2.wav]|[sound:row403_chunk3.wav]
직장	workplace	*직장* 상사|*직장*을 구하다|*직장* 생활	workplace boss|to look for a job|working life	[sound:row404_chunk1.wav]|[sound:row404_chunk2.wav]|[sound:row404_chunk3.wav]
참다	to endure / to hold back	웃음을 *참다*|화가 나도 *참다*|꾹 *참았다*	to hold back laughter|to endure despite anger|held it back firmly	[sound:row405_chunk1.wav]|[sound:row405_chunk2.wav]|[sound:row405_chunk3.wav]
서양	the West / Western	*서양* 역사|*서양* 음식|*서양* 사람들	Western history|Western food|Westerners	[sound:row406_chunk1.wav]|[sound:row406_chunk2.wav]|[sound:row406_chunk3.wav]
주요	major / main	*주요* 원인|*주요* 인물|*주요* 도시	main cause|major figure|major cities	[sound:row407_chunk1.wav]|[sound:row407_chunk2.wav]|[sound:row407_chunk3.wav]
지나치다	to be excessive	농담이 *지나치다*|*지나친* 운동|욕심이 *지나쳐요*	the joke is too much|excessive exercise|greed is excessive	[sound:row408_chunk1.wav]|[sound:row408_chunk2.wav]|[sound:row408_chunk3.wav]
공연	performance / show	연극 *공연*|*공연*을 보다|무료 *공연*	theater performance|to see a show|free performance	[sound:row409_chunk1.wav]|[sound:row409_chunk2.wav]|[sound:row409_chunk3.wav]
내놓다	to put out / to release	물건을 밖에 *내놓다*|신제품을 *내놓았다*|의견을 *내놓다*	to put items outside|released a new product|to put forward an opinion	[sound:row410_chunk1.wav]|[sound:row410_chunk2.wav]|[sound:row410_chunk3.wav]
떼다	to detach / to take off	스티커를 *떼다*|눈을 *떼지* 마|영수증을 *떼었다*	to peel off a sticker|don't take your eyes off|detached a receipt	[sound:row411_chunk1.wav]|[sound:row411_chunk2.wav]|[sound:row411_chunk3.wav]
속도	speed	*속도*를 줄이다|빠른 *속도*|*속도* 제한	to slow down|fast speed|speed limit	[sound:row412_chunk1.wav]|[sound:row412_chunk2.wav]|[sound:row412_chunk3.wav]
심각하다	to be serious	문제가 *심각하다*|*심각한* 표정|상황이 *심각해요*	the problem is serious|serious look|the situation is serious	[sound:row413_chunk1.wav]|[sound:row413_chunk2.wav]|[sound:row413_chunk3.wav]
계속되다	to continue	비가 *계속되다*|전쟁이 *계속되었다*|토론이 *계속되는* 중	the rain continues|the war continued|the discussion is continuing	[sound:row414_chunk1.wav]|[sound:row414_chunk2.wav]|[sound:row414_chunk3.wav]
소년	boy	어린 *소년*|시골 *소년*|*소년*의 꿈	young boy|country boy|a boy's dream	[sound:row415_chunk1.wav]|[sound:row415_chunk2.wav]|[sound:row415_chunk3.wav]
소식	news / word	기쁜 *소식*|*소식*을 듣다|*소식*이 없다	good news|to hear news|no word (from someone)	[sound:row416_chunk1.wav]|[sound:row416_chunk2.wav]|[sound:row416_chunk3.wav]
노인	elderly person	동네 *노인*|*노인* 문제|*노인*을 공경하다	village elder|elderly issues|to respect the elderly	[sound:row417_chunk1.wav]|[sound:row417_chunk2.wav]|[sound:row417_chunk3.wav]
벌다	to earn / to make (money)	돈을 *벌다*|생활비를 *벌었다*|많이 *벌고* 싶다	to earn money|earned living expenses|want to earn a lot	[sound:row418_chunk1.wav]|[sound:row418_chunk2.wav]|[sound:row418_chunk3.wav]
결정	decision	*결정*을 내리다|중요한 *결정*|*결정*을 미루다	to make a decision|important decision|to postpone a decision	[sound:row419_chunk1.wav]|[sound:row419_chunk2.wav]|[sound:row419_chunk3.wav]
썰다	to slice / to chop	고기를 *썰다*|채소를 *썰었다*|칼로 *썰다*	to slice meat|chopped vegetables|to slice with a knife	[sound:row420_chunk1.wav]|[sound:row420_chunk2.wav]|[sound:row420_chunk3.wav]
업무	business / work	*업무*를 보다|공식 *업무*|*업무* 시간	to do work|official business|work hours	[sound:row421_chunk1.wav]|[sound:row421_chunk2.wav]|[sound:row421_chunk3.wav]
청소년	youth / teenager	*청소년*기|*청소년* 할인|*청소년*을 위한 캠프	adolescence|teenager discount|camp for youth	[sound:row422_chunk1.wav]|[sound:row422_chunk2.wav]|[sound:row422_chunk3.wav]
이기다	to win / to beat	경기에서 *이기다*|적을 *이겼다*|자신을 *이기다*	to win the game|beat the enemy|to overcome oneself	[sound:row423_chunk1.wav]|[sound:row423_chunk2.wav]|[sound:row423_chunk3.wav]
취하다	to take / to adopt	조치를 *취하다*|태도를 *취했다*|휴식을 *취하다*	to take measures|adopted an attitude|to take a rest	[sound:row424_chunk1.wav]|[sound:row424_chunk2.wav]|[sound:row424_chunk3.wav]
그러므로	therefore	비가 온다. *그러므로*...|*그러므로* 취소했다|*그러므로* 주의가 필요하다	It's raining. Therefore...|therefore, (I) canceled it|therefore, caution is needed	[sound:row425_chunk1.wav]|[sound:row425_chunk2.wav]|[sound:row425_chunk3.wav]
포함하다	to include	세금을 *포함하다*|전부를 *포함했다*|나를 *포함하여* 다섯 명	to include tax|included everything|five people including me	[sound:row426_chunk1.wav]|[sound:row426_chunk2.wav]|[sound:row426_chunk3.wav]
만약	if / in case	*만약*의 사태|*만약* 비가 오면|*만약*에 대비하다	"emergency situation|if it happens to rain|to prepare for the ""if"""	[sound:row427_chunk1.wav]|[sound:row427_chunk2.wav]|[sound:row427_chunk3.wav]
바르다	to be straight / upright	자세가 *바르다*|*바른* 생활|마음씨가 *바르다*	posture is straight|upright living|to be right-minded	[sound:row428_chunk1.wav]|[sound:row428_chunk2.wav]|[sound:row428_chunk3.wav]
숨	breath	*숨*을 쉬다|*숨*이 차다|*숨*을 죽이다	to breathe|to be out of breath|to hold one's breath	[sound:row429_chunk1.wav]|[sound:row429_chunk2.wav]|[sound:row429_chunk3.wav]
행사	event / function	축제 *행사*|*행사*를 열다|학교 *행사*	festival event|to hold an event|school function	[sound:row430_chunk1.wav]|[sound:row430_chunk2.wav]|[sound:row430_chunk3.wav]
판단	judgment	올바른 *판단*|*판단*을 내리다|*판단*이 서다	correct judgment|to make a judgment|to come to a judgment	[sound:row431_chunk1.wav]|[sound:row431_chunk2.wav]|[sound:row431_chunk3.wav]
해결하다	to solve	문제를 *해결하다*|갈등을 *해결했다*|스스로 *해결해라*	to solve a problem|resolved the conflict|solve it yourself	[sound:row432_chunk1.wav]|[sound:row432_chunk2.wav]|[sound:row432_chunk3.wav]
계속하다	to continue	공부를 *계속하다*|행진을 *계속했다*|말을 *계속해* 보세요	to continue studying|continued the march|please keep speaking	[sound:row433_chunk1.wav]|[sound:row433_chunk2.wav]|[sound:row433_chunk3.wav]
그치다	to stop	비가 *그치다*|울음을 *그치다*|웃음이 *그치지* 않다	the rain stops|to stop crying|laughter doesn't stop	[sound:row434_chunk1.wav]|[sound:row434_chunk2.wav]|[sound:row434_chunk3.wav]
너무나	so / too	*너무나* 감사하다|*너무나* 아름다운 풍경|*너무나* 보고 싶다	to be so grateful|such a beautiful scenery|to miss someone so much	[sound:row435_chunk1.wav]|[sound:row435_chunk2.wav]|[sound:row435_chunk3.wav]
높이다	to raise / to heighten	목소리를 *높이다*|효율을 *높였다*|가치를 *높이다*	to raise one's voice|increased efficiency|to heighten the value	[sound:row436_chunk1.wav]|[sound:row436_chunk2.wav]|[sound:row436_chunk3.wav]
막	carelessly / at random	*막* 사용하다|*막* 던지다|*막* 말하지 마라	to use carelessly|to throw at random|don't speak without thinking	[sound:row437_chunk1.wav]|[sound:row437_chunk2.wav]|[sound:row437_chunk3.wav]
수출	export	*수출* 품목|*수출*을 늘리다|자동차 *수출*	export items|to increase exports|car exports	[sound:row438_chunk1.wav]|[sound:row438_chunk2.wav]|[sound:row438_chunk3.wav]
자르다	to cut	머리를 *자르다*|종이를 *자르다*|관계를 *잘랐다*	to cut hair|to cut paper|cut off a relationship	[sound:row439_chunk1.wav]|[sound:row439_chunk2.wav]|[sound:row439_chunk3.wav]
데리다	to take / to bring (person)	아이를 *데려오다*|강아지를 *데리고* 가다|나를 *데려가* 줘	to bring a child|to go with a dog|please take me with you	[sound:row440_chunk1.wav]|[sound:row440_chunk2.wav]|[sound:row440_chunk3.wav]
무척	very / extremely	*무척* 기쁘다|*무척* 힘들었다|*무척* 아끼는 옷	to be very happy|it was extremely hard|clothes (I) cherish very much	[sound:row441_chunk1.wav]|[sound:row441_chunk2.wav]|[sound:row441_chunk3.wav]
옳다	to be right / correct	*옳은* 일|판단이 *옳다*|그 말이 *옳아요*	the right thing|the judgment is correct|those words are right	[sound:row442_chunk1.wav]|[sound:row442_chunk2.wav]|[sound:row442_chunk3.wav]
원래	originally / by nature	*원래* 모습|*원래* 성격|*원래*부터 알고 있었다	original appearance|original personality|knew it from the beginning	[sound:row443_chunk1.wav]|[sound:row443_chunk2.wav]|[sound:row443_chunk3.wav]
최초	the first	*최초* 발견자|세계 *최초*|*최초*의 기록	the first discoverer|the world's first|the first record	[sound:row444_chunk1.wav]|[sound:row444_chunk2.wav]|[sound:row444_chunk3.wav]
뿌리	root	깊은 *뿌리*|*뿌리*를 내리다|나무 *뿌리*	deep roots|to take root|tree roots	[sound:row445_chunk1.wav]|[sound:row445_chunk2.wav]|[sound:row445_chunk3.wav]
수입	import	*수입* 자동차|원자재 *수입*|*수입*을 금지하다	imported car|import of raw materials|to ban imports	[sound:row446_chunk1.wav]|[sound:row446_chunk2.wav]|[sound:row446_chunk3.wav]
초	beginning / early	학기 *초*|이십 세기 *초*|오월 *초*	beginning of the semester|early 20th century|early May	[sound:row447_chunk1.wav]|[sound:row447_chunk2.wav]|[sound:row447_chunk3.wav]
직원	employee / staff	회사 *직원*|신입 *직원*|*직원*을 채용하다	company employee|new staff member|to hire employees	[sound:row448_chunk1.wav]|[sound:row448_chunk2.wav]|[sound:row448_chunk3.wav]
상대	opponent / partner	결혼 *상대*|*상대* 팀|*상대*를 존중하다	marriage partner|opponent team|to respect the other person	[sound:row449_chunk1.wav]|[sound:row449_chunk2.wav]|[sound:row449_chunk3.wav]
가득	full / to the brim	*가득* 담다|희망이 *가득*하다|교실에 *가득* 찬 학생들	to fill up|to be full of hope|students filling the classroom	[sound:row450_chunk1.wav]|[sound:row450_chunk2.wav]|[sound:row450_chunk3.wav]
장군	general / admiral	이순신 *장군*|용감한 *장군*|*장군*이 지휘하다	General Yi Sun-sin|brave general|the general commands	[sound:row451_chunk1.wav]|[sound:row451_chunk2.wav]|[sound:row451_chunk3.wav]
무역	trade	자유 *무역*|*무역*을 하다|*무역* 회사	free trade|to trade|trading company	[sound:row452_chunk1.wav]|[sound:row452_chunk2.wav]|[sound:row452_chunk3.wav]
쳐다보다	to look at / to gaze	거울을 *쳐다보다*|나를 *쳐다봤다*|하늘을 *쳐다보다*	to look in the mirror|gazed at me|to look up at the sky	[sound:row453_chunk1.wav]|[sound:row453_chunk2.wav]|[sound:row453_chunk3.wav]
충분히	sufficiently / enough	*충분히* 설명하다|*충분히* 자다|*충분히* 이해해요	to explain sufficiently|to sleep enough|I understand perfectly	[sound:row454_chunk1.wav]|[sound:row454_chunk2.wav]|[sound:row454_chunk3.wav]
대	unit (counter for machines)	차 세 *대*|에어컨 한 *대*|기계 몇 *대*	three cars|one air conditioner|several machines	[sound:row455_chunk1.wav]|[sound:row455_chunk2.wav]|[sound:row455_chunk3.wav]
신체	body	*신체* 검사|*신체*의 일부|건강한 *신체*	physical examination|part of the body|healthy body	[sound:row456_chunk1.wav]|[sound:row456_chunk2.wav]|[sound:row456_chunk3.wav]
집안	household / family	*집안* 일|우리 *집안*|*집안*이 화목하다	housework|our family|the family is harmonious	[sound:row457_chunk1.wav]|[sound:row457_chunk2.wav]|[sound:row457_chunk3.wav]
배경	background	역사적 *배경*|사진 *배경*|성장 *배경*	historical background|photo background|upbringing background	[sound:row458_chunk1.wav]|[sound:row458_chunk2.wav]|[sound:row458_chunk3.wav]
단순하다	to be simple	*단순한* 구조|생각이 *단순하다*|*단순하게* 생각하다	simple structure|to be simple-minded|to think simply	[sound:row459_chunk1.wav]|[sound:row459_chunk2.wav]|[sound:row459_chunk3.wav]
빠지다	to fall out / to be missing	머리가 *빠지다*|못이 *빠졌다*|단추가 *빠지다*	hair falls out|the nail came out|a button is missing	[sound:row460_chunk1.wav]|[sound:row460_chunk2.wav]|[sound:row460_chunk3.wav]
푸르다	to be blue / green	*푸른* 하늘|*푸른* 들판|눈이 *푸르다*	blue sky|green field|eyes are blue	[sound:row461_chunk1.wav]|[sound:row461_chunk2.wav]|[sound:row461_chunk3.wav]
걔	that kid / he / she	*걔*는 누구야?|*걔*랑 친해|*걔*가 그랬어	Who is that kid?|I'm close with him/her|He/she did that	[sound:row462_chunk1.wav]|[sound:row462_chunk2.wav]|[sound:row462_chunk3.wav]
흔들다	to shake / to wave	손을 *흔들다*|꼬리를 *흔들다*|몸을 *흔들었다*	to wave one's hand|to wag a tail|shook one's body	[sound:row463_chunk1.wav]|[sound:row463_chunk2.wav]|[sound:row463_chunk3.wav]
기초	foundation / basic	*기초* 지식|*기초*가 튼튼하다|*기초*를 닦다	basic knowledge|the foundation is strong|to lay the foundation	[sound:row464_chunk1.wav]|[sound:row464_chunk2.wav]|[sound:row464_chunk3.wav]
부족하다	to be insufficient	잠이 *부족하다*|실력이 *부족하다*|경험이 *부족해요*	to lack sleep|to lack skill|experience is insufficient	[sound:row465_chunk1.wav]|[sound:row465_chunk2.wav]|[sound:row465_chunk3.wav]
진행되다	to proceed / to progress	회의가 *진행되다*|순조롭게 *진행되었다*|공사가 *진행되는* 중	the meeting is proceeding|progressed smoothly|the construction is underway	[sound:row466_chunk1.wav]|[sound:row466_chunk2.wav]|[sound:row466_chunk3.wav]
법	way / bound to	그럴 *법*하다|이기기 마련인 *법*|잊기 마련인 *법*	to be likely/plausible|bound to win|bound to forget	[sound:row467_chunk1.wav]|[sound:row467_chunk2.wav]|[sound:row467_chunk3.wav]
오랜	long-time / for a long time	*오랜* 친구|*오랜* 시간|*오랜* 기다림	long-time friend|long time|long wait	[sound:row468_chunk1.wav]|[sound:row468_chunk2.wav]|[sound:row468_chunk3.wav]
젊은이	youth / young person	건강한 *젊은이*|*젊은이*들의 유행|*젊은이*답게 살다	healthy youth|trends among young people|to live like a young person	[sound:row469_chunk1.wav]|[sound:row469_chunk2.wav]|[sound:row469_chunk3.wav]
과제	task / assignment	어려운 *과제*|*과제*를 제출하다|당면한 *과제*	difficult task|to submit an assignment|immediate task	[sound:row470_chunk1.wav]|[sound:row470_chunk2.wav]|[sound:row470_chunk3.wav]
기록하다	to record	점수를 *기록하다*|매일 *기록했다*|일기에 *기록하다*	to record the score|recorded every day|to record in a diary	[sound:row471_chunk1.wav]|[sound:row471_chunk2.wav]|[sound:row471_chunk3.wav]
다가오다	to approach / to come closer	추석이 *다가오다*|가까이 *다가왔다*|기회가 *다가오다*	Chuseok is approaching|came closer|an opportunity approaches	[sound:row472_chunk1.wav]|[sound:row472_chunk2.wav]|[sound:row472_chunk3.wav]
종합	synthesis / general	*종합* 병원|*종합* 점수|*종합*해서 판단하다	general hospital|overall score|to synthesize and judge	[sound:row473_chunk1.wav]|[sound:row473_chunk2.wav]|[sound:row473_chunk3.wav]
개발하다	to develop	기술을 *개발하다*|신제품을 *개발했다*|재능을 *개발하다*	to develop technology|developed a new product|to develop talent	[sound:row474_chunk1.wav]|[sound:row474_chunk2.wav]|[sound:row474_chunk3.wav]
떨다	to tremble / to shake	추위에 *떨다*|목소리를 *떨다*|겁에 *떨었다*	to tremble with cold|voice trembles|shook with fear	[sound:row475_chunk1.wav]|[sound:row475_chunk2.wav]|[sound:row475_chunk3.wav]
자유롭다	to be free	사고가 *자유롭다*|*자유로운* 영혼|*자유롭게* 이용하다	thought is free|free spirit|to use freely	[sound:row476_chunk1.wav]|[sound:row476_chunk2.wav]|[sound:row476_chunk3.wav]
적극적	active / proactive	*적극적*인 참여|*적극적*으로 돕다|성격이 *적극적*이다	active participation|to help proactively|personality is proactive	[sound:row477_chunk1.wav]|[sound:row477_chunk2.wav]|[sound:row477_chunk3.wav]
판매	sale / selling	*판매* 가격|*판매*를 중단하다|인기리에 *판매* 중	selling price|to stop sales|on sale with great popularity	[sound:row478_chunk1.wav]|[sound:row478_chunk2.wav]|[sound:row478_chunk3.wav]
길이	length	치마 *길이*|*길이*를 재다|*길이*가 길다	skirt length|to measure the length|the length is long	[sound:row479_chunk1.wav]|[sound:row479_chunk2.wav]|[sound:row479_chunk3.wav]
점차	gradually	*점차* 나아지다|*점차* 늘어나다|*점차* 잊혀 가다	to get gradually better|to increase gradually|to be gradually forgotten	[sound:row480_chunk1.wav]|[sound:row480_chunk2.wav]|[sound:row480_chunk3.wav]
톤	ton (unit)	오 *톤* 트럭|수천 *톤*의 쓰레기|무게가 일 *톤*이다	five-ton truck|thousands of tons of trash|weight is one ton	[sound:row481_chunk1.wav]|[sound:row481_chunk2.wav]|[sound:row481_chunk3.wav]
관련되다	to be related	범죄와 *관련되다*|*관련된* 서류|직접 *관련되어* 있다	to be related to a crime|related documents|to be directly related	[sound:row482_chunk1.wav]|[sound:row482_chunk2.wav]|[sound:row482_chunk3.wav]
나머지	the rest / remainder	*나머지* 공부|*나머지* 돈|*나머지*는 나중에	extra study (remainder)|the rest of the money|the rest later	[sound:row483_chunk1.wav]|[sound:row483_chunk2.wav]|[sound:row483_chunk3.wav]
미래	future	*미래*의 꿈|밝은 *미래*|*미래*를 준비하다	future dream|bright future|to prepare for the future	[sound:row484_chunk1.wav]|[sound:row484_chunk2.wav]|[sound:row484_chunk3.wav]
인구	population	세계 *인구*|*인구*가 감소하다|도시 *인구*	world population|population decreases|city population	[sound:row485_chunk1.wav]|[sound:row485_chunk2.wav]|[sound:row485_chunk3.wav]
기대하다	to expect / to look forward to	성공을 *기대하다*|내일을 *기대했다*|너무 *기대하지* 마	to expect success|looked forward to tomorrow|don't expect too much	[sound:row486_chunk1.wav]|[sound:row486_chunk2.wav]|[sound:row486_chunk3.wav]
흘리다	to spill / to shed	눈물을 *흘리다*|땀을 *흘렸다*|침을 *흘리다*	to shed tears|sweated|to drool	[sound:row487_chunk1.wav]|[sound:row487_chunk2.wav]|[sound:row487_chunk3.wav]
주인공	protagonist / hero	소설의 *주인공*|오늘의 *주인공*|영화 *주인공*	protagonist of the novel|hero of today|movie lead	[sound:row488_chunk1.wav]|[sound:row488_chunk2.wav]|[sound:row488_chunk3.wav]
당연하다	to be natural / obvious	*당연한* 결과|성공은 *당연하다*|질문은 *당연해요*	obvious result|success is natural|it's natural to ask questions	[sound:row489_chunk1.wav]|[sound:row489_chunk2.wav]|[sound:row489_chunk3.wav]
따로	separately	*따로* 계산하다|*따로* 챙기다|*따로* 보관하다	to pay separately|to pack separately|to store separately	[sound:row490_chunk1.wav]|[sound:row490_chunk2.wav]|[sound:row490_chunk3.wav]
당장	right now / immediately	*당장* 나가라|*당장* 필요한 것|*당장*은 어렵다	get out right now|thing needed immediately|it's difficult for now	[sound:row491_chunk1.wav]|[sound:row491_chunk2.wav]|[sound:row491_chunk3.wav]
무렵	around the time	해 질 *무렵*|퇴근할 *무렵*|어릴 *무렵*	around sunset|around the time of leaving work|around the time (I) was young	[sound:row492_chunk1.wav]|[sound:row492_chunk2.wav]|[sound:row492_chunk3.wav]
사물	object / thing	주변의 *사물*|*사물*을 관찰하다|무생물 *사물*	surrounding objects|to observe objects|inanimate object	[sound:row493_chunk1.wav]|[sound:row493_chunk2.wav]|[sound:row493_chunk3.wav]
일반적	general	*일반적*인 특징|*일반적*으로 쓰이다|생각이 *일반적*이다	general characteristic|to be used generally|the thought is common/general	[sound:row494_chunk1.wav]|[sound:row494_chunk2.wav]|[sound:row494_chunk3.wav]
곱다	to be beautiful / soft	마음씨가 *곱다*|색깔이 *곱다*|*고운* 목소리	to have a kind heart|the color is beautiful|soft/pretty voice	[sound:row495_chunk1.wav]|[sound:row495_chunk2.wav]|[sound:row495_chunk3.wav]
바닥	floor / bottom	방 *바닥*|*바닥*에 앉다|신발 *바닥*	room floor|to sit on the floor|sole of a shoe	[sound:row496_chunk1.wav]|[sound:row496_chunk2.wav]|[sound:row496_chunk3.wav]
생각되다	to be considered / to be thought	중요하다고 *생각되다*|사실로 *생각되었다*|위험하다고 *생각되는* 곳	to be considered important|was thought to be a fact|place considered dangerous	[sound:row497_chunk1.wav]|[sound:row497_chunk2.wav]|[sound:row497_chunk3.wav]
심다	to plant	나무를 *심다*|꽃을 *심었다*|희망을 *심어주다*	to plant a tree|planted flowers|to plant hope	[sound:row498_chunk1.wav]|[sound:row498_chunk2.wav]|[sound:row498_chunk3.wav]
견디다	to endure / to bear	추위를 *견디다*|고통을 *견뎠다*|끝까지 *견디다*	to endure the cold|bore the pain|to endure until the end	[sound:row499_chunk1.wav]|[sound:row499_chunk2.wav]|[sound:row499_chunk3.wav]
기사	article / report	신문 *기사*|*기사*를 읽다|특종 *기사*	newspaper article|to read a report|scoop/exclusive article	[sound:row500_chunk1.wav]|[sound:row500_chunk2.wav]|[sound:row500_chunk3.wav]
뿌리다	to sprinkle / to spray	향수를 *뿌리다*|씨를 *뿌렸다*|소금을 *뿌리다*	to spray perfume|sowed seeds|to sprinkle salt	[sound:row501_chunk1.wav]|[sound:row501_chunk2.wav]|[sound:row501_chunk3.wav]
어쩌면	maybe / perhaps	*어쩌면* 사실일지 몰라|*어쩌면* 그렇게 예뻐?|*어쩌면* 좋을까	maybe it's true|how can you be so pretty?|what should I do?	[sound:row502_chunk1.wav]|[sound:row502_chunk2.wav]|[sound:row502_chunk3.wav]
아까	a while ago	*아까* 만났다|*아까* 한 말|*아까*보다 낫다	met a while ago|what (I) said earlier|better than before	[sound:row503_chunk1.wav]|[sound:row503_chunk2.wav]|[sound:row503_chunk3.wav]
알맞다	to be suitable / fit	용도에 *알맞다*|*알맞은* 크기|격식에 *알맞게*	to be fit for the use|suitable size|fittingly for the formality	[sound:row504_chunk1.wav]|[sound:row504_chunk2.wav]|[sound:row504_chunk3.wav]
희다	to be white	*흰* 구름|머리가 *희다*|*하얗고* *희다*	white clouds|hair is white|to be pure white	[sound:row505_chunk1.wav]|[sound:row505_chunk2.wav]|[sound:row505_chunk3.wav]
가리키다	to point at	손가락으로 *가리키다*|시계가 12시를 *가리키다*|방향을 *가리키다*	to point with a finger|the clock points to 12|to point in a direction	[sound:row506_chunk1.wav]|[sound:row506_chunk2.wav]|[sound:row506_chunk3.wav]
모시다	to attend to	부모님을 *모시다*|손님을 *모시다*|선생님을 *모시고* 가다	to take care of parents|to escort a guest|to go with a teacher	[sound:row507_chunk1.wav]|[sound:row507_chunk2.wav]|[sound:row507_chunk3.wav]
발달	development	경제 *발달*|기술의 *발달*|문명이 *발달하다*	economic development|development of technology|civilization develops	[sound:row508_chunk1.wav]|[sound:row508_chunk2.wav]|[sound:row508_chunk3.wav]
수많다	to be numerous	*수많은* 사람들|*수많은* 별|*수많이* 널려 있다	numerous people|countless stars|to be scattered numerously	[sound:row509_chunk1.wav]|[sound:row509_chunk2.wav]|[sound:row509_chunk3.wav]
잘못	mistake	*잘못*을 저지르다|*잘못*을 빌다|내 *잘못*이다	to commit a mistake|to apologize for a mistake|it is my fault	[sound:row510_chunk1.wav]|[sound:row510_chunk2.wav]|[sound:row510_chunk3.wav]
평화	peace	*평화*를 유지하다|세계 *평화*|*평화*로운 나라	to maintain peace|world peace|peaceful country	[sound:row511_chunk1.wav]|[sound:row511_chunk2.wav]|[sound:row511_chunk3.wav]
공사	construction	도로 *공사*|*공사* 중|*공사*를 시작하다	road construction|under construction|to start construction	[sound:row512_chunk1.wav]|[sound:row512_chunk2.wav]|[sound:row512_chunk3.wav]
돌	stone	*돌*을 던지다|*돌*에 걸리다|*돌*담길	to throw a stone|to trip over a stone|stone wall path	[sound:row513_chunk1.wav]|[sound:row513_chunk2.wav]|[sound:row513_chunk3.wav]
박사	doctor (PhD)	*박사* 학위|경제학 *박사*|*박사*가 되다	doctoral degree|PhD in economics|to become a doctor	[sound:row514_chunk1.wav]|[sound:row514_chunk2.wav]|[sound:row514_chunk3.wav]
전문	expert	분야의 *전문가*|*전문가*의 조언|*전문가*를 부르다	an expert in the field|expert advice|to call an expert	[sound:row515_chunk1.wav]|[sound:row515_chunk2.wav]|[sound:row515_chunk3.wav]
단지	merely	*단지* 농담이다|*단지* 상상일 뿐|*단지* 알고 싶다	it's merely a joke|it's only an imagination|just want to know	[sound:row516_chunk1.wav]|[sound:row516_chunk2.wav]|[sound:row516_chunk3.wav]
무용	dance	현대 *무용*|*무용* 공연|*무용*을 배우다	modern dance|dance performance|to learn dancing	[sound:row517_chunk1.wav]|[sound:row517_chunk2.wav]|[sound:row517_chunk3.wav]
불리다	to be called	천재라 *불리다*|노래가 *불리다*|이름이 *불리다*	to be called a genius|a song is sung|name is called	[sound:row518_chunk1.wav]|[sound:row518_chunk2.wav]|[sound:row518_chunk3.wav]
싸움	fight	말*싸움*|*싸움*을 멈추다|큰 *싸움*이 나다	verbal argument|to stop fighting|a big fight breaks out	[sound:row519_chunk1.wav]|[sound:row519_chunk2.wav]|[sound:row519_chunk3.wav]
자꾸	repeatedly	*자꾸* 잊어버려요|*자꾸* 웃음이 나다|*자꾸* 전화를 하다	I keep forgetting|keep laughing|to call repeatedly	[sound:row520_chunk1.wav]|[sound:row520_chunk2.wav]|[sound:row520_chunk3.wav]
차리다	to prepare	정신을 *차리다*|상을 *차리다*|가게를 *차리다*	to pull oneself together|to set the table|to set up a shop	[sound:row521_chunk1.wav]|[sound:row521_chunk2.wav]|[sound:row521_chunk3.wav]
해외	overseas	*해외* 여행|*해외* 시장|*해외*로 나가다	overseas travel|overseas market|to go abroad	[sound:row522_chunk1.wav]|[sound:row522_chunk2.wav]|[sound:row522_chunk3.wav]
그리	so (that)	*그리* 멀지 않다|*그리* 쉽지 않다|*그리* 반갑지 않다	not that far|not so easy|not so welcome	[sound:row523_chunk1.wav]|[sound:row523_chunk2.wav]|[sound:row523_chunk3.wav]
뜨다	to rise	해가 *뜨다*|물에 *뜨다*|풍선이 *뜨다*	the sun rises|to float on water|a balloon floats up	[sound:row524_chunk1.wav]|[sound:row524_chunk2.wav]|[sound:row524_chunk3.wav]
미소	smile	밝은 *미소*|*미소*를 짓다|*미소*로 답하다	bright smile|to put on a smile|to answer with a smile	[sound:row525_chunk1.wav]|[sound:row525_chunk2.wav]|[sound:row525_chunk3.wav]
의미하다	to mean	무엇을 *의미합니까*|사랑을 *의미하다*|중요한 것을 *의미하다*	what does it mean|to mean love|to signify something important	[sound:row526_chunk1.wav]|[sound:row526_chunk2.wav]|[sound:row526_chunk3.wav]
체육	physical education	*체육* 시간|*체육* 대회|*체육*관에서 운동하다	PE class|athletic meet|to exercise in the gym	[sound:row527_chunk1.wav]|[sound:row527_chunk2.wav]|[sound:row527_chunk3.wav]
땀	sweat	*땀*을 흘리다|*땀*이 나다|*땀*을 닦다	to sweat|to be sweating|to wipe off sweat	[sound:row528_chunk1.wav]|[sound:row528_chunk2.wav]|[sound:row528_chunk3.wav]
잘되다	to go well	일이 *잘되다*|공부가 *잘되다*|다 *잘될* 거야	work goes well|studying goes well|everything will be fine	[sound:row529_chunk1.wav]|[sound:row529_chunk2.wav]|[sound:row529_chunk3.wav]
쌓이다	to be piled up	눈이 *쌓이다*|먼지가 *쌓이다*|스트레스가 *쌓이다*	snow piles up|dust gathers|stress builds up	[sound:row530_chunk1.wav]|[sound:row530_chunk2.wav]|[sound:row530_chunk3.wav]
이익	profit	*이익*을 얻다|*이익*이 남다|공동의 *이익*	to gain profit|profit remains|common interest	[sound:row531_chunk1.wav]|[sound:row531_chunk2.wav]|[sound:row531_chunk3.wav]
쥐다	to hold	손에 *쥐다*|주먹을 *쥐다*|기회를 *쥐다*	to hold in hand|to clench one's fist|to seize an opportunity	[sound:row532_chunk1.wav]|[sound:row532_chunk2.wav]|[sound:row532_chunk3.wav]
게다가	besides	춥고 *게다가* 배고프다|*게다가* 비까지 왔다|친절하고 *게다가* 예쁘다	it's cold and besides, hungry|moreover, it even rained|kind and furthermore, pretty	[sound:row533_chunk1.wav]|[sound:row533_chunk2.wav]|[sound:row533_chunk3.wav]
끓이다	to boil	물을 *끓이다*|라면을 *끓이다*|찌개를 *끓이다*	to boil water|to cook ramen|to boil stew	[sound:row534_chunk1.wav]|[sound:row534_chunk2.wav]|[sound:row534_chunk3.wav]
논문	thesis	졸업 *논문*|*논문*을 쓰다|학술 *논문*	graduation thesis|to write a paper|academic paper	[sound:row535_chunk1.wav]|[sound:row535_chunk2.wav]|[sound:row535_chunk3.wav]
멈추다	to stop	차를 *멈추다*|울음을 *멈추다*|비가 *멈추다*	to stop the car|to stop crying|the rain stops	[sound:row536_chunk1.wav]|[sound:row536_chunk2.wav]|[sound:row536_chunk3.wav]
사용되다	to be used	재료로 *사용되다*|다양하게 *사용되다*|약으로 *사용되다*	to be used as material|to be used in various ways|to be used as medicine	[sound:row537_chunk1.wav]|[sound:row537_chunk2.wav]|[sound:row537_chunk3.wav]
오랫동안	for a long time	*오랫동안* 기다리다|*오랫동안* 사귀다|*오랫동안* 꿈꿔온 일	to wait for a long time|to date for a long time|a long-held dream	[sound:row538_chunk1.wav]|[sound:row538_chunk2.wav]|[sound:row538_chunk3.wav]
찾아가다	to visit	친구를 *찾아가다*|집을 *찾아가다*|물건을 *찾아가다*	to go visit a friend|to find one's way home|to pick up an item	[sound:row539_chunk1.wav]|[sound:row539_chunk2.wav]|[sound:row539_chunk3.wav]
늘다	to increase	실력이 *늘다*|인구가 *늘다*|몸무게가 *늘다*	skills improve|population increases|weight increases	[sound:row540_chunk1.wav]|[sound:row540_chunk2.wav]|[sound:row540_chunk3.wav]
양	amount	*양*을 줄이다|적은 *양*|충분한 *양*	to reduce the amount|small quantity|sufficient amount	[sound:row541_chunk1.wav]|[sound:row541_chunk2.wav]|[sound:row541_chunk3.wav]
닿다	to touch	손이 *닿다*|발이 땅에 *닿다*|연락이 *닿다*	hands touch|feet touch the ground|to get in touch	[sound:row542_chunk1.wav]|[sound:row542_chunk2.wav]|[sound:row542_chunk3.wav]
물론	of course	*물론*이지요|*물론*이고 말고|*물론* 힘들겠지만	of course|certainly|of course it's hard but	[sound:row543_chunk1.wav]|[sound:row543_chunk2.wav]|[sound:row543_chunk3.wav]
속하다	to belong to	그룹에 *속하다*|어디에 *속해요*|범주에 *속하다*	to belong to a group|where do you belong|to fall under a category	[sound:row544_chunk1.wav]|[sound:row544_chunk2.wav]|[sound:row544_chunk3.wav]
이외	besides	이것 *이외*에도|가족 *이외*의 사람|그 *이외*에는 없다	besides this|people other than family|there's nothing besides that	[sound:row545_chunk1.wav]|[sound:row545_chunk2.wav]|[sound:row545_chunk3.wav]
제공하다	to provide	정보를 *제공하다*|서비스를 *제공하다*|기회를 *제공하다*	to provide information|to provide service|to provide an opportunity	[sound:row546_chunk1.wav]|[sound:row546_chunk2.wav]|[sound:row546_chunk3.wav]
기대	expectation	*기대*를 하다|*기대*에 어긋나다|큰 *기대*	to have expectations|to fail expectations|high expectations	[sound:row547_chunk1.wav]|[sound:row547_chunk2.wav]|[sound:row547_chunk3.wav]
식물	plant	*식물*을 키우다|희귀 *식물*|*식물*원	to grow plants|rare plant|botanical garden	[sound:row548_chunk1.wav]|[sound:row548_chunk2.wav]|[sound:row548_chunk3.wav]
적어도	at least	*적어도* 세 번|*적어도* 한 시간|*적어도* 밥은 먹자	at least three times|at least one hour|let's at least eat	[sound:row549_chunk1.wav]|[sound:row549_chunk2.wav]|[sound:row549_chunk3.wav]
어려움	difficulty	*어려움*을 겪다|*어려움*을 이겨내다|생활의 *어려움*	to experience difficulty|to overcome difficulty|hardship in life	[sound:row550_chunk1.wav]|[sound:row550_chunk2.wav]|[sound:row550_chunk3.wav]
분명히	clearly	*분명히* 말하다|*분명히* 보이다|*분명히* 그럴 것이다	to say clearly|to be clearly visible|it will certainly be so	[sound:row551_chunk1.wav]|[sound:row551_chunk2.wav]|[sound:row551_chunk3.wav]
온	all	*온* 세상|*온* 몸|*온* 힘을 다하다	the whole world|entire body|to do with all one's might	[sound:row552_chunk1.wav]|[sound:row552_chunk2.wav]|[sound:row552_chunk3.wav]
젖다	to get wet	비에 *젖다*|땀에 *젖다*|눈시울이 *젖다*	to get wet in the rain|to be soaked in sweat|eyes get misty	[sound:row553_chunk1.wav]|[sound:row553_chunk2.wav]|[sound:row553_chunk3.wav]
최대	maximum	*최대* 규모|*최대* 수량|*최대*로 줄이다	maximum scale|maximum quantity|to reduce to the maximum	[sound:row554_chunk1.wav]|[sound:row554_chunk2.wav]|[sound:row554_chunk3.wav]
평소	usual times	*평소*와 다르다|*평소*처럼|*평소* 실력	different from usual|as usual|one's usual ability	[sound:row555_chunk1.wav]|[sound:row555_chunk2.wav]|[sound:row555_chunk3.wav]
농사	farming	*농사*를 짓다|풍년 *농사*|*농사*일	to farm|a good harvest|farm work	[sound:row556_chunk1.wav]|[sound:row556_chunk2.wav]|[sound:row556_chunk3.wav]
더구나	moreover	*더구나* 비까지 오네|*더구나* 시간이 없다|친절하고 *더구나* 똑똑하다	moreover, it's even raining|furthermore, there's no time|kind and moreover, smart	[sound:row557_chunk1.wav]|[sound:row557_chunk2.wav]|[sound:row557_chunk3.wav]
어둠	darkness	*어둠* 속에서|*어둠*이 깔리다|*어둠*을 뚫고	in the darkness|darkness falls|through the darkness	[sound:row558_chunk1.wav]|[sound:row558_chunk2.wav]|[sound:row558_chunk3.wav]
고장	hometown/region	내 고향 *고장*|낯선 *고장*|이 *고장* 특산물	my home region|unfamiliar place|local specialty of this region	[sound:row559_chunk1.wav]|[sound:row559_chunk2.wav]|[sound:row559_chunk3.wav]
관련하다	to be related	사건과 *관련하다*|서로 *관련된* 일|*관련해서* 묻다	to be related to the case|mutually related matters|to ask in relation to	[sound:row560_chunk1.wav]|[sound:row560_chunk2.wav]|[sound:row560_chunk3.wav]
밀다	to push	문을 *밀다*|뒤에서 *밀다*|수염을 *밀다*	to push the door|to push from behind|to shave one's beard	[sound:row561_chunk1.wav]|[sound:row561_chunk2.wav]|[sound:row561_chunk3.wav]
고려하다	to consider	상황을 *고려하다*|의견을 *고려하다*|충분히 *고려하다*	to consider the situation|to consider the opinion|to give enough consideration	[sound:row562_chunk1.wav]|[sound:row562_chunk2.wav]|[sound:row562_chunk3.wav]
농촌	rural village	*농촌* 생활|*농촌* 지역|*농촌*으로 떠나다	rural life|farming area|to leave for the countryside	[sound:row563_chunk1.wav]|[sound:row563_chunk2.wav]|[sound:row563_chunk3.wav]
올라오다	to come up	위로 *올라오다*|서울로 *올라오다*|소식이 *올라오다*	to come up to the top|to come up to Seoul|news comes up	[sound:row564_chunk1.wav]|[sound:row564_chunk2.wav]|[sound:row564_chunk3.wav]
챙기다	to take care of	짐을 *챙기다*|건강을 *챙기다*|동생을 *챙기다*	to pack one's bags|to take care of health|to look after a sibling	[sound:row565_chunk1.wav]|[sound:row565_chunk2.wav]|[sound:row565_chunk3.wav]
고르다	to choose	물건을 *고르다*|답을 *고르다*|옷을 *고르다*	to pick an item|to choose an answer|to pick out clothes	[sound:row566_chunk1.wav]|[sound:row566_chunk2.wav]|[sound:row566_chunk3.wav]
바르다	to apply	약을 *바르다*|벽지를 *바르다*|화장품을 *바르다*	to apply medicine|to put up wallpaper|to apply cosmetics	[sound:row567_chunk1.wav]|[sound:row567_chunk2.wav]|[sound:row567_chunk3.wav]
벌어지다	to happen/open	싸움이 *벌어지다*|간격이 *벌어지다*|사건이 *벌어지다*	a fight breaks out|the gap widens|an incident occurs	[sound:row568_chunk1.wav]|[sound:row568_chunk2.wav]|[sound:row568_chunk3.wav]
고치다	to fix	시계를 *고치다*|버릇을 *고치다*|병을 *고치다*	to fix a watch|to fix a habit|to cure a disease	[sound:row569_chunk1.wav]|[sound:row569_chunk2.wav]|[sound:row569_chunk3.wav]
그림자	shadow	*그림자*가 생기다|*그림자*를 밟다|자신의 *그림자*	a shadow forms|to step on a shadow|one's own shadow	[sound:row570_chunk1.wav]|[sound:row570_chunk2.wav]|[sound:row570_chunk3.wav]
다하다	to do one's best/end	정성을 *다하다*|수명이 *다하다*|최선을 *다하다*	to do with sincerity|to come to the end of life|to do one's best	[sound:row571_chunk1.wav]|[sound:row571_chunk2.wav]|[sound:row571_chunk3.wav]
마침내	finally	*마침내* 해냈다|*마침내* 도착했다|*마침내* 밝혀지다	finally did it|finally arrived|finally be revealed	[sound:row572_chunk1.wav]|[sound:row572_chunk2.wav]|[sound:row572_chunk3.wav]
커지다	to grow larger	목소리가 *커지다*|몸집이 *커지다*|문제가 *커지다*	voice gets louder|body grows larger|the problem grows	[sound:row573_chunk1.wav]|[sound:row573_chunk2.wav]|[sound:row573_chunk3.wav]
한쪽	one side	*한쪽* 눈|*한쪽* 방향|*한쪽*으로 치우치다	one eye|one direction|to lean to one side	[sound:row574_chunk1.wav]|[sound:row574_chunk2.wav]|[sound:row574_chunk3.wav]
검사	examination	신체 *검사*|혈액 *검사*|*검사*를 받다	physical exam|blood test|to get an examination	[sound:row575_chunk1.wav]|[sound:row575_chunk2.wav]|[sound:row575_chunk3.wav]
맡기다	to entrust	일을 *맡기다*|아이를 *맡기다*|운명에 *맡기다*	to entrust a task|to leave a child (with someone)|to leave to fate	[sound:row576_chunk1.wav]|[sound:row576_chunk2.wav]|[sound:row576_chunk3.wav]
소문	rumor	*소문*이 나다|이상한 *소문*|*소문*을 듣다	a rumor spreads|strange rumor|to hear a rumor	[sound:row577_chunk1.wav]|[sound:row577_chunk2.wav]|[sound:row577_chunk3.wav]
싣다	to load	짐을 *싣다*|차에 *싣다*|기사를 *싣다*	to load luggage|to load in a car|to carry an article	[sound:row578_chunk1.wav]|[sound:row578_chunk2.wav]|[sound:row578_chunk3.wav]
쌓다	to pile up/build	담을 *쌓다*|경력을 *쌓다*|실력을 *쌓다*	to build a wall|to build experience|to build skills	[sound:row579_chunk1.wav]|[sound:row579_chunk2.wav]|[sound:row579_chunk3.wav]
짓	act/behavior	나쁜 *짓*|무슨 *짓*이야|바보 같은 *짓*	bad behavior|what are you doing|foolish act	[sound:row580_chunk1.wav]|[sound:row580_chunk2.wav]|[sound:row580_chunk3.wav]
하얗다	to be white	눈이 *하얗다*|얼굴이 *하얗다*|*하얀* 종이	the snow is white|face is pale|white paper	[sound:row581_chunk1.wav]|[sound:row581_chunk2.wav]|[sound:row581_chunk3.wav]
희망	hope	*희망*을 가지다|*희망*이 보이다|새로운 *희망*	to have hope|to see hope|new hope	[sound:row582_chunk1.wav]|[sound:row582_chunk2.wav]|[sound:row582_chunk3.wav]
군대	military	*군대*에 가다|*군대* 생활|*군대*를 제대하다	to go to the military|military life|to be discharged from the army	[sound:row583_chunk1.wav]|[sound:row583_chunk2.wav]|[sound:row583_chunk3.wav]
상대방	the other party	*상대방*의 의견|*상대방*을 배려하다|*상대방* 전화번호	the other's opinion|to consider the other party|the other person's number	[sound:row584_chunk1.wav]|[sound:row584_chunk2.wav]|[sound:row584_chunk3.wav]
시골	countryside	*시골* 풍경|*시골*에서 살다|고향 *시골*	countryside scenery|to live in the country|hometown countryside	[sound:row585_chunk1.wav]|[sound:row585_chunk2.wav]|[sound:row585_chunk3.wav]
잘못되다	to go wrong	일이 *잘못되다*|계산이 *잘못되다*|태도가 *잘못되다*	things go wrong|calculation is wrong|attitude is wrong	[sound:row586_chunk1.wav]|[sound:row586_chunk2.wav]|[sound:row586_chunk3.wav]
치료	treatment	병을 *치료*하다|치과 *치료*|*치료*를 받다	to treat a disease|dental treatment|to receive treatment	[sound:row587_chunk1.wav]|[sound:row587_chunk2.wav]|[sound:row587_chunk3.wav]
폭	width	*폭*이 넓다|길의 *폭*|*폭*이 좁다	to be wide in width|width of a road|to be narrow in width	[sound:row588_chunk1.wav]|[sound:row588_chunk2.wav]|[sound:row588_chunk3.wav]
내밀다	to stick out	손을 *내밀다*|혀를 *내밀다*|고개를 *내밀다*	to reach out a hand|to stick out one's tongue|to poke one's head out	[sound:row589_chunk1.wav]|[sound:row589_chunk2.wav]|[sound:row589_chunk3.wav]
맞다	to be hit	매를 *맞다*|비를 *맞다*|주사를 *맞다*	to be beaten|to get rained on|to get an injection	[sound:row590_chunk1.wav]|[sound:row590_chunk2.wav]|[sound:row590_chunk3.wav]
임신	pregnancy	*임신* 6개월|*임신* 사실을 알다|*임신*을 축하하다	six months pregnant|to know about the pregnancy|to congratulate on the pregnancy	[sound:row591_chunk1.wav]|[sound:row591_chunk2.wav]|[sound:row591_chunk3.wav]
잡히다	to be caught	도둑이 *잡혔다*|기회가 *잡히다*|냄새가 *잡히다*	the thief was caught|an opportunity is seized|the smell is removed	[sound:row592_chunk1.wav]|[sound:row592_chunk2.wav]|[sound:row592_chunk3.wav]
그램	gram	백 *그램*|*그램* 단위로 재다|무게가 몇 *그램*인가요	one hundred grams|to measure in grams|how many grams is the weight	[sound:row593_chunk1.wav]|[sound:row593_chunk2.wav]|[sound:row593_chunk3.wav]
밭	field	고구마 *밭*|*밭*에서 일하다|*밭*을 갈다	sweet potato field|to work in the field|to plow a field	[sound:row594_chunk1.wav]|[sound:row594_chunk2.wav]|[sound:row594_chunk3.wav]
분석하다	to analyze	데이터를 *분석하다*|원인을 *분석하다*|꼼꼼히 *분석하다*	to analyze data|to analyze the cause|to analyze thoroughly	[sound:row595_chunk1.wav]|[sound:row595_chunk2.wav]|[sound:row595_chunk3.wav]
식구	family member	우리 집 *식구*|*식구*가 많다|한 *식구*처럼 지내다	my family members|to have a large family|to live like one family	[sound:row596_chunk1.wav]|[sound:row596_chunk2.wav]|[sound:row596_chunk3.wav]
울리다	to ring	벨이 *울리다*|천둥이 *울리다*|전화가 *울리다*	the bell rings|thunder rumbles|the phone rings	[sound:row597_chunk1.wav]|[sound:row597_chunk2.wav]|[sound:row597_chunk3.wav]
확실하다	to be certain	*확실한* 증거|승리가 *확실하다*|*확실하게* 결정하다	certain evidence|victory is certain|to decide definitely	[sound:row598_chunk1.wav]|[sound:row598_chunk2.wav]|[sound:row598_chunk3.wav]
글자	letter	*글자*를 쓰다|큰 *글자*|한 *글자*씩 읽다	to write letters|large font|to read letter by letter	[sound:row599_chunk1.wav]|[sound:row599_chunk2.wav]|[sound:row599_chunk3.wav]
연구하다	to research	암을 *연구하다*|새로운 기술을 *연구하다*|깊이 *연구하다*	to research cancer|to research new technology|to study deeply	[sound:row600_chunk1.wav]|[sound:row600_chunk2.wav]|[sound:row600_chunk3.wav]
직업	job	*직업*을 갖다|전문적인 *직업*|*직업*을 바꾸다	to have a job|professional occupation|to change careers	[sound:row601_chunk1.wav]|[sound:row601_chunk2.wav]|[sound:row601_chunk3.wav]
조상	ancestor	*조상* 대대로|*조상*을 모시다|*조상*의 지혜	for generations of ancestors|to honor ancestors|wisdom of ancestors	[sound:row602_chunk1.wav]|[sound:row602_chunk2.wav]|[sound:row602_chunk3.wav]
검다	to be black	머리가 *검다*|*검은* 정장|눈동자가 *검다*	hair is black|black suit|eyes are dark	[sound:row603_chunk1.wav]|[sound:row603_chunk2.wav]|[sound:row603_chunk3.wav]
곁	side	내 *곁*에 있어|*곁*을 지키다|*곁*으로 다가가다	stay by my side|to stay by someone's side|to approach someone	[sound:row604_chunk1.wav]|[sound:row604_chunk2.wav]|[sound:row604_chunk3.wav]
따다	to pick	사과를 *따다*|자격증을 *따다*|점수를 *따다*	to pick an apple|to get a certificate|to score points	[sound:row605_chunk1.wav]|[sound:row605_chunk2.wav]|[sound:row605_chunk3.wav]
문제점	problematic point	*문제점*을 지적하다|심각한 *문제점*|*문제점*을 해결하다	to point out a problem|serious problem|to solve a problem	[sound:row606_chunk1.wav]|[sound:row606_chunk2.wav]|[sound:row606_chunk3.wav]
불가능하다	to be impossible	거의 *불가능하다*|실현 *불가능한* 꿈|*불가능해* 보이다	to be almost impossible|an impossible dream|to look impossible	[sound:row607_chunk1.wav]|[sound:row607_chunk2.wav]|[sound:row607_chunk3.wav]
인제	now	*인제* 가야지|*인제* 다 됐다|*인제* 와서 뭐해	I should go now|it's all done now|what's the use now	[sound:row608_chunk1.wav]|[sound:row608_chunk2.wav]|[sound:row608_chunk3.wav]
충격	shock	*충격*을 받다|정신적 *충격*|*충격*적인 소식	to be shocked|mental shock|shocking news	[sound:row609_chunk1.wav]|[sound:row609_chunk2.wav]|[sound:row609_chunk3.wav]
금방	soon	*금방* 올게요|*금방* 끝나요|*금방* 잊어버리다	I'll be right back|it will finish soon|to forget quickly	[sound:row610_chunk1.wav]|[sound:row610_chunk2.wav]|[sound:row610_chunk3.wav]
누르다	to press	버튼을 *누르다*|벨을 *누르다*|꾹 *누르다*	to press a button|to ring the doorbell|to press hard	[sound:row611_chunk1.wav]|[sound:row611_chunk2.wav]|[sound:row611_chunk3.wav]
서로	each other	*서로* 돕다|*서로* 다른 의견|*서로* 사랑하다	to help each other|different opinions from each other|to love each other	[sound:row612_chunk1.wav]|[sound:row612_chunk2.wav]|[sound:row612_chunk3.wav]
한참	a long while	*한참* 동안|*한참*을 기다리다|*한참* 바쁠 때	for a good while|to wait for a long time|when one is very busy	[sound:row613_chunk1.wav]|[sound:row613_chunk2.wav]|[sound:row613_chunk3.wav]
끊다	to cut/quit	담배를 *끊다*|전화를 *끊다*|관계를 *끊다*	to quit smoking|to hang up the phone|to break off a relationship	[sound:row614_chunk1.wav]|[sound:row614_chunk2.wav]|[sound:row614_chunk3.wav]
넘어가다	to cross over	고개를 *넘어가다*|페이지를 *넘어가다*|위기를 *넘어가다*	to cross a hill|to turn a page|to get past a crisis	[sound:row615_chunk1.wav]|[sound:row615_chunk2.wav]|[sound:row615_chunk3.wav]
담기다	to be contained	병에 *담기다*|진심이 *담긴* 편지|접시에 *담기다*	to be contained in a bottle|a letter filled with sincerity|to be put on a plate	[sound:row616_chunk1.wav]|[sound:row616_chunk2.wav]|[sound:row616_chunk3.wav]
서두르다	to hurry	출근을 *서두르다*|너무 *서두르지* 마세요|*서둘러* 나가다	to hurry to work|don't rush too much|to go out in a hurry	[sound:row617_chunk1.wav]|[sound:row617_chunk2.wav]|[sound:row617_chunk3.wav]
충분하다	to be enough	시간이 *충분하다*|*충분한* 휴식|*충분히* 설명하다	there is enough time|sufficient rest|to explain sufficiently	[sound:row618_chunk1.wav]|[sound:row618_chunk2.wav]|[sound:row618_chunk3.wav]
기쁨	joy	*기쁨*을 나누다|승리의 *기쁨*|*기쁨*에 넘치다	to share joy|the joy of victory|to be overflowing with joy	[sound:row619_chunk1.wav]|[sound:row619_chunk2.wav]|[sound:row619_chunk3.wav]
깊이	deeply	*깊이* 생각하다|*깊이* 잠들다|*깊이* 반성하다	to think deeply|to fall into a deep sleep|to reflect deeply	[sound:row620_chunk1.wav]|[sound:row620_chunk2.wav]|[sound:row620_chunk3.wav]
꾸미다	to decorate	방을 *꾸미다*|예쁘게 *꾸미다*|이야기를 *꾸미다*	to decorate a room|to dress up prettily|to make up a story	[sound:row621_chunk1.wav]|[sound:row621_chunk2.wav]|[sound:row621_chunk3.wav]
늘리다	to increase	체중을 *늘리다*|시간을 *늘리다*|실력을 *늘리다*	to increase weight|to extend time|to improve one's skill	[sound:row622_chunk1.wav]|[sound:row622_chunk2.wav]|[sound:row622_chunk3.wav]
무릎	knee	*무릎*을 꿇다|*무릎*이 아프다|*무릎* 위에 놓다	to kneel down|knees hurt|to put on one's lap	[sound:row623_chunk1.wav]|[sound:row623_chunk2.wav]|[sound:row623_chunk3.wav]
발견되다	to be discovered	시신이 *발견되다*|새로운 사실이 *발견되다*|유물이 *발견되다*	a body is found|a new fact is discovered|artifacts are discovered	[sound:row624_chunk1.wav]|[sound:row624_chunk2.wav]|[sound:row624_chunk3.wav]
이용	use	대중교통 *이용*|시설 *이용*|*이용*을 권장하다	use of public transport|use of facilities|to encourage use	[sound:row625_chunk1.wav]|[sound:row625_chunk2.wav]|[sound:row625_chunk3.wav]
지르다	to shout	소리를 *지르다*|고함을 *지르다*|비명을 *지르다*	to scream|to yell|to shriek	[sound:row626_chunk1.wav]|[sound:row626_chunk2.wav]|[sound:row626_chunk3.wav]
걸음	step	첫 *걸음*|*걸음*을 멈추다|*걸음*이 빠르다	the first step|to stop walking|to be a fast walker	[sound:row627_chunk1.wav]|[sound:row627_chunk2.wav]|[sound:row627_chunk3.wav]
겨우	barely	*겨우* 도착했다|*겨우* 세 명|*겨우* 살아나다	barely arrived|only three people|barely survived	[sound:row628_chunk1.wav]|[sound:row628_chunk2.wav]|[sound:row628_chunk3.wav]
마르다	to dry	빨래가 *마르다*|입술이 *마르다*|몸이 *마르다*	laundry dries|lips are dry|to be thin	[sound:row629_chunk1.wav]|[sound:row629_chunk2.wav]|[sound:row629_chunk3.wav]
비교적	relatively	*비교적* 쉽다|*비교적* 최근의 일|*비교적* 잘하다	relatively easy|relatively recent event|to do relatively well	[sound:row630_chunk1.wav]|[sound:row630_chunk2.wav]|[sound:row630_chunk3.wav]
높아지다	to get higher	파도가 *높아지다*|목소리가 *높아지다*|관심이 *높아지다*	waves get higher|voice gets louder|interest increases	[sound:row631_chunk1.wav]|[sound:row631_chunk2.wav]|[sound:row631_chunk3.wav]
늙다	to age	나이가 *늙다*|*늙은* 호박|*늙어* 보이다	to get old|aged pumpkin|to look old	[sound:row632_chunk1.wav]|[sound:row632_chunk2.wav]|[sound:row632_chunk3.wav]
상상	imagination	*상상*을 초월하다|즐거운 *상상*|*상상*도 못 하다	to go beyond imagination|pleasant imagination|cannot even imagine	[sound:row633_chunk1.wav]|[sound:row633_chunk2.wav]|[sound:row633_chunk3.wav]
뜨다	to open (eyes)	눈을 *뜨다*|번쩍 눈을 *뜨다*|잠에서 *뜨다*	to open one's eyes|to snap one's eyes open|to wake up	[sound:row634_chunk1.wav]|[sound:row634_chunk2.wav]|[sound:row634_chunk3.wav]
스타	star	인기 *스타*|*스타*가 되다|스포츠 *스타*	popular star|to become a star|sports star	[sound:row635_chunk1.wav]|[sound:row635_chunk2.wav]|[sound:row635_chunk3.wav]
입술	lips	*입술*을 깨물다|붉은 *입술*|*입술*이 부르트다	to bite one's lips|red lips|lips are chapped	[sound:row636_chunk1.wav]|[sound:row636_chunk2.wav]|[sound:row636_chunk3.wav]
중간	middle	*중간* 지점|*중간* 고사|*중간*에 그만두다	middle point|midterm exam|to quit halfway	[sound:row637_chunk1.wav]|[sound:row637_chunk2.wav]|[sound:row637_chunk3.wav]
몹시	extremely	날씨가 *몹시* 춥다|*몹시* 괴로워하다|*몹시* 서두르다	the weather is extremely cold|to suffer greatly|to be in a huge hurry	[sound:row638_chunk1.wav]|[sound:row638_chunk2.wav]|[sound:row638_chunk3.wav]
특별하다	to be special	*특별한* 이유|날이 *특별하다*|*특별하게* 대우하다	special reason|the day is special|to treat specially	[sound:row639_chunk1.wav]|[sound:row639_chunk2.wav]|[sound:row639_chunk3.wav]
가까이	nearby	*가까이* 오세요|우리 집 *가까이*|*가까이* 지내다	come closer|near my house|to stay close to someone	[sound:row640_chunk1.wav]|[sound:row640_chunk2.wav]|[sound:row640_chunk3.wav]
낫다	to be better	어제보다 *낫다*|형보다 *나은* 아우|이게 훨씬 *낫다*	better than yesterday|a younger brother better than the older|this is much better	[sound:row641_chunk1.wav]|[sound:row641_chunk2.wav]|[sound:row641_chunk3.wav]
넘어서다	to go beyond	한계를 *넘어서다*|백 명을 *넘어서다*|고개를 *넘어서다*	to exceed the limit|to exceed one hundred people|to cross over a hill	[sound:row642_chunk1.wav]|[sound:row642_chunk2.wav]|[sound:row642_chunk3.wav]
언젠가	someday	*언젠가* 만날 거야|*언젠가* 가본 곳|*언젠가는* 성공한다	we will meet someday|a place visited once|will succeed eventually	[sound:row643_chunk1.wav]|[sound:row643_chunk2.wav]|[sound:row643_chunk3.wav]
예술가	artist	위대한 *예술가*|*예술가*의 혼|가난한 *예술가*	great artist|artist's soul|poor artist	[sound:row644_chunk1.wav]|[sound:row644_chunk2.wav]|[sound:row644_chunk3.wav]
가만히	still	*가만히* 앉아 있다|*가만히* 지켜보다|*가만히* 있어라	to sit still|to watch quietly|stay still	[sound:row645_chunk1.wav]|[sound:row645_chunk2.wav]|[sound:row645_chunk3.wav]
한두	one or two	*한두* 번이 아니다|*한두* 개만 주세요|*한두* 명씩 모이다	not just once or twice|please give me just one or two|gathering one by one or two by two	[sound:row646_chunk1.wav]|[sound:row646_chunk2.wav]|[sound:row646_chunk3.wav]
흙	soil/dirt	*흙*을 파다|*흙* 묻은 신발|*흙*으로 돌아가다	to dig the soil|shoes covered in dirt|to return to the earth	[sound:row647_chunk1.wav]|[sound:row647_chunk2.wav]|[sound:row647_chunk3.wav]
가난하다	to be poor	*가난한* 시절|살림이 *가난하다*|*가난하게* 살다	poor days|to be poor in living|to live poorly	[sound:row648_chunk1.wav]|[sound:row648_chunk2.wav]|[sound:row648_chunk3.wav]
고객	customer	*고객* 만족|단골 *고객*|*고객* 서비스	customer satisfaction|regular customer|customer service	[sound:row649_chunk1.wav]|[sound:row649_chunk2.wav]|[sound:row649_chunk3.wav]
과학자	scientist	천재 *과학자*|*과학자*가 꿈이다|미래의 *과학자*	genius scientist|dreaming of being a scientist|future scientist	[sound:row650_chunk1.wav]|[sound:row650_chunk2.wav]|[sound:row650_chunk3.wav]
관광	tourism	*관광* 명소|*관광*객|제주도 *관광*	tourist attraction|tourist|Jeju Island tour	[sound:row651_chunk1.wav]|[sound:row651_chunk2.wav]|[sound:row651_chunk3.wav]
수술	surgery	*수술*을 받다|성형 *수술*|*수술*이 성공하다	to undergo surgery|plastic surgery|surgery is successful	[sound:row652_chunk1.wav]|[sound:row652_chunk2.wav]|[sound:row652_chunk3.wav]
식품	food	건강 *식품*|가공 *식품*|*식품* 가게	health food|processed food|grocery store	[sound:row653_chunk1.wav]|[sound:row653_chunk2.wav]|[sound:row653_chunk3.wav]
연기	acting	훌륭한 *연기*|*연기*를 잘하다|*연기*력	excellent acting|to be good at acting|acting ability	[sound:row654_chunk1.wav]|[sound:row654_chunk2.wav]|[sound:row654_chunk3.wav]
회원	member	*회원* 가입|*회원* 번호|정*회원*	joining as a member|member number|full member	[sound:row655_chunk1.wav]|[sound:row655_chunk2.wav]|[sound:row655_chunk3.wav]
들려오다	to be heard	소문이 *들려오다*|음악 소리가 *들려오다*|멀리서 *들려오다*	rumors are heard|sound of music is heard|to be heard from afar	[sound:row656_chunk1.wav]|[sound:row656_chunk2.wav]|[sound:row656_chunk3.wav]
풀리다	to be untied/solved	문제가 *풀리다*|오해가 *풀리다*|날씨가 *풀리다*	the problem is solved|misunderstanding is cleared|weather gets milder	[sound:row657_chunk1.wav]|[sound:row657_chunk2.wav]|[sound:row657_chunk3.wav]
들여다보다	to look into	안을 *들여다보다*|거울을 *들여다보다*|자세히 *들여다보다*	to look inside|to look in a mirror|to look closely	[sound:row658_chunk1.wav]|[sound:row658_chunk2.wav]|[sound:row658_chunk3.wav]
마늘	garlic	*마늘* 한 쪽|*마늘*을 까다|*마늘* 냄새	a clove of garlic|to peel garlic|smell of garlic	[sound:row659_chunk1.wav]|[sound:row659_chunk2.wav]|[sound:row659_chunk3.wav]
습관	habit	나쁜 *습관*|*습관*을 고치다|*습관*이 되다	bad habit|to fix a habit|to become a habit	[sound:row660_chunk1.wav]|[sound:row660_chunk2.wav]|[sound:row660_chunk3.wav]
활용하다	to utilize	시간을 *활용하다*|공간을 *활용하다*|적극적으로 *활용하다*	to utilize time|to use space|to utilize actively	[sound:row661_chunk1.wav]|[sound:row661_chunk2.wav]|[sound:row661_chunk3.wav]
가꾸다	to cultivate	정원을 *가꾸다*|외모를 *가꾸다*|텃밭을 *가꾸다*	to tend a garden|to groom oneself|to cultivate a small patch	[sound:row662_chunk1.wav]|[sound:row662_chunk2.wav]|[sound:row662_chunk3.wav]
떠올리다	to recall	옛 추억을 *떠올리다*|이름을 *떠올리다*|생각을 *떠올리다*	to recall old memories|to think of a name|to come up with an idea	[sound:row663_chunk1.wav]|[sound:row663_chunk2.wav]|[sound:row663_chunk3.wav]
맨	the very/front	*맨* 앞줄|*맨* 처음|*맨* 끝	the very front row|the very first|the very end	[sound:row664_chunk1.wav]|[sound:row664_chunk2.wav]|[sound:row664_chunk3.wav]
상처	wound/hurt	*상처*를 입다|마음의 *상처*|*상처*가 나다	to get hurt|emotional wound|to get a scar	[sound:row665_chunk1.wav]|[sound:row665_chunk2.wav]|[sound:row665_chunk3.wav]
좁다	to be narrow	길이 *좁다*|폭이 *좁다*|속이 *좁다*	the road is narrow|the width is narrow|to be narrow-minded	[sound:row666_chunk1.wav]|[sound:row666_chunk2.wav]|[sound:row666_chunk3.wav]
집다	to pick up	물건을 *집다*|젓가락으로 *집다*|손으로 *집다*	to pick up an object|to pick up with chopsticks|to pick up with hands	[sound:row667_chunk1.wav]|[sound:row667_chunk2.wav]|[sound:row667_chunk3.wav]
군	Mr. (young man)	김 *군*|이 *군*|사랑하는 *군*	Mr. Kim|Mr. Lee|dear young man	[sound:row668_chunk1.wav]|[sound:row668_chunk2.wav]|[sound:row668_chunk3.wav]
대표적	representative	*대표적*인 사례|*대표적*으로 꼽히다|한국의 *대표적*인 음식	representative case|to be cited as a representative|representative Korean food	[sound:row669_chunk1.wav]|[sound:row669_chunk2.wav]|[sound:row669_chunk3.wav]
만일	if/by any chance	*만일*의 사태|*만일* 비가 오면|*만일*을 대비하다	in case of emergency|if it rains by any chance|to prepare for the unexpected	[sound:row670_chunk1.wav]|[sound:row670_chunk2.wav]|[sound:row670_chunk3.wav]
사회적	social	*사회적* 동물|*사회적* 이슈|*사회적* 지위	social animal|social issue|social status	[sound:row671_chunk1.wav]|[sound:row671_chunk2.wav]|[sound:row671_chunk3.wav]
생겨나다	to emerge	새로운 게 *생겨나다*|문제가 *생겨나다*|생각이 *생겨나다*	something new emerges|a problem arises|an idea comes up	[sound:row672_chunk1.wav]|[sound:row672_chunk2.wav]|[sound:row672_chunk3.wav]
주부	housewife	전업 *주부*|베테랑 *주부*|*주부*의 일상	full-time housewife|veteran housewife|housewife's daily life	[sound:row673_chunk1.wav]|[sound:row673_chunk2.wav]|[sound:row673_chunk3.wav]
태양	sun	뜨거운 *태양*|*태양* 에너지|*태양*이 뜨다	hot sun|solar energy|the sun rises	[sound:row674_chunk1.wav]|[sound:row674_chunk2.wav]|[sound:row674_chunk3.wav]
틀림없다	to be certain	범인이 *틀림없다*|사실임이 *틀림없다*|그럴 리 *틀림없다*	must be the culprit|is certainly true|undoubtedly so	[sound:row675_chunk1.wav]|[sound:row675_chunk2.wav]|[sound:row675_chunk3.wav]
프로	professional	*프로* 선수|*프로* 정신|*프로* 무대	professional athlete|professionalism|professional stage	[sound:row676_chunk1.wav]|[sound:row676_chunk2.wav]|[sound:row676_chunk3.wav]
피다	to bloom	꽃이 *피다*|웃음꽃이 *피다*|담배를 *피우다*	flowers bloom|to be full of smiles|to smoke (causative)	[sound:row677_chunk1.wav]|[sound:row677_chunk2.wav]|[sound:row677_chunk3.wav]
도로	road	*도로* 확장|*도로*가 막히다|왕복 4차선 *도로*	road expansion|the road is blocked|four-lane road	[sound:row678_chunk1.wav]|[sound:row678_chunk2.wav]|[sound:row678_chunk3.wav]
지다	to carry on back	짐을 *지다*|책임을 *지다*|가방을 어깨에 *지다*	to carry a load|to take responsibility|to carry a bag on shoulders	[sound:row679_chunk1.wav]|[sound:row679_chunk2.wav]|[sound:row679_chunk3.wav]
채우다	to fill	잔을 *채우다*|부족함을 *채우다*|정원을 *채우다*	to fill a glass|to fill a deficiency|to fill the quota	[sound:row680_chunk1.wav]|[sound:row680_chunk2.wav]|[sound:row680_chunk3.wav]
부족	tribe	원시 *부족*|*부족* 간의 전쟁|유목 *부족*	primitive tribe|war between tribes|nomadic tribe	[sound:row681_chunk1.wav]|[sound:row681_chunk2.wav]|[sound:row681_chunk3.wav]
달리다	to hang	종이 *달려* 있다|조건이 *달리다*|꼬리가 *달리다*	a bell is hanging|to have conditions attached|to have a tail	[sound:row682_chunk1.wav]|[sound:row682_chunk2.wav]|[sound:row682_chunk3.wav]
더하다	to add	힘을 *더하다*|숫자를 *더하다*|기쁨이 *더해지다*	to add strength|to add numbers|joy increases (is added)	[sound:row683_chunk1.wav]|[sound:row683_chunk2.wav]|[sound:row683_chunk3.wav]
총장	president/chancellor	대학교 *총장*|*총장* 임명|*총장* 발령	university president|appointment of the chancellor|assignment of the president	[sound:row684_chunk1.wav]|[sound:row684_chunk2.wav]|[sound:row684_chunk3.wav]
단순히	simply	*단순히* 생각하다|*단순히* 말해서|*단순히* 우연이다	to think simply|simply put|it is simply a coincidence	[sound:row685_chunk1.wav]|[sound:row685_chunk2.wav]|[sound:row685_chunk3.wav]
달려가다	to run	학교로 *달려가다*|품으로 *달려가다*|급히 *달려가다*	to run to school|to run into someone's arms|to run in a hurry	[sound:row686_chunk1.wav]|[sound:row686_chunk2.wav]|[sound:row686_chunk3.wav]
방문	visit	*방문* 일정|공식 *방문*|첫 *방문*	visit schedule|official visit|first visit	[sound:row687_chunk1.wav]|[sound:row687_chunk2.wav]|[sound:row687_chunk3.wav]
불만	dissatisfaction	*불만*을 품다|*불만*이 생기다|*불만* 섞인 목소리	to harbor dissatisfaction|to become dissatisfied|a voice full of discontent	[sound:row688_chunk1.wav]|[sound:row688_chunk2.wav]|[sound:row688_chunk3.wav]
불편하다	to be uncomfortable	교통이 *불편하다*|마음이 *불편하다*|자세가 *불편하다*	transportation is inconvenient|to feel uneasy|the posture is uncomfortable	[sound:row689_chunk1.wav]|[sound:row689_chunk2.wav]|[sound:row689_chunk3.wav]
실제	reality	*실제* 상황|*실제*와 다르다|*실제* 나이	real situation|to be different from reality|actual age	[sound:row690_chunk1.wav]|[sound:row690_chunk2.wav]|[sound:row690_chunk3.wav]
종	kind/species	여러 *종*의 식물|이런 *종*의 사람|멸종 위기 *종*	various species of plants|this kind of person|endangered species	[sound:row691_chunk1.wav]|[sound:row691_chunk2.wav]|[sound:row691_chunk3.wav]
관객	audience	*관객* 수|*관객*이 꽉 차다|영화 *관객*	number of audience members|to be packed with audience|moviegoers	[sound:row692_chunk1.wav]|[sound:row692_chunk2.wav]|[sound:row692_chunk3.wav]
막	just	*막* 도착했다|*막* 시작하려던 참이다|*막* 떠나다	just arrived|was just about to start|to leave just now	[sound:row693_chunk1.wav]|[sound:row693_chunk2.wav]|[sound:row693_chunk3.wav]
숫자	number	*숫자*를 세다|네 자리 *숫자*|*숫자*에 밝다	to count numbers|four-digit number|to be good with numbers	[sound:row694_chunk1.wav]|[sound:row694_chunk2.wav]|[sound:row694_chunk3.wav]
열	fever/heat	*열*이 나다|*열*을 식히다|*열*을 재다	to have a fever|to cool down the heat|to take one's temperature	[sound:row695_chunk1.wav]|[sound:row695_chunk2.wav]|[sound:row695_chunk3.wav]
계산	calculation	*계산*이 틀리다|*계산*을 하다|정확한 *계산*	the calculation is wrong|to pay the bill/calculate|accurate calculation	[sound:row696_chunk1.wav]|[sound:row696_chunk2.wav]|[sound:row696_chunk3.wav]
놀랍다	to be surprising	*놀라운* 소식|발전이 *놀랍다*|*놀랍도록* 빠르다	surprising news|development is amazing|to be surprisingly fast	[sound:row697_chunk1.wav]|[sound:row697_chunk2.wav]|[sound:row697_chunk3.wav]
예전	the past	*예전* 친구|*예전*만 못하다|*예전*에 살던 곳	friend from the past|not as good as before|place where I used to live	[sound:row698_chunk1.wav]|[sound:row698_chunk2.wav]|[sound:row698_chunk3.wav]
저	uh/well	*저*, 실례합니다|*저*, 기운 내세요|*저*, 혹시	Uh, excuse me|Well, cheer up|Uh, by any chance	[sound:row699_chunk1.wav]|[sound:row699_chunk2.wav]|[sound:row699_chunk3.wav]
전기	electricity	*전기*가 끊기다|*전기* 요금|*전기* 절약	the electricity is cut off|electricity bill|saving electricity	[sound:row700_chunk1.wav]|[sound:row700_chunk2.wav]|[sound:row700_chunk3.wav]
틀리다	to be wrong	답이 *틀리다*|계산이 *틀렸다*|글자가 *틀리다*	the answer is wrong|the calculation was wrong|the letter is incorrect	[sound:row701_chunk1.wav]|[sound:row701_chunk2.wav]|[sound:row701_chunk3.wav]
붓다	to pour	컵에 물을 *붓다*|기름을 *붓다*|적금을 *붓다*	to pour water into a cup|to pour oil|to pay into an installment savings account	[sound:row702_chunk1.wav]|[sound:row702_chunk2.wav]|[sound:row702_chunk3.wav]
고모	paternal aunt	우리 *고모*|*고모* 댁|*고모*부	my aunt|aunt's house|husband of paternal aunt	[sound:row703_chunk1.wav]|[sound:row703_chunk2.wav]|[sound:row703_chunk3.wav]
약하다	to be weak	몸이 *약하다*|마음이 *약하다*|불이 *약하다*	to be physically weak|to be soft-hearted|the fire is weak	[sound:row704_chunk1.wav]|[sound:row704_chunk2.wav]|[sound:row704_chunk3.wav]
공무원	civil servant	국가 *공무원*|*공무원* 시험|*공무원*이 되다	national civil servant|civil service exam|to become a civil servant	[sound:row705_chunk1.wav]|[sound:row705_chunk2.wav]|[sound:row705_chunk3.wav]
부족	shortage/lack	수면 *부족*|일손 *부족*|경험이 *부족하다*	lack of sleep|labor shortage|to lack experience	[sound:row706_chunk1.wav]|[sound:row706_chunk2.wav]|[sound:row706_chunk3.wav]
달다	to attach	단추를 *달다*|간판을 *달다*|이름표를 *달다*	to sew on a button|to hang a sign|to attach a name tag	[sound:row707_chunk1.wav]|[sound:row707_chunk2.wav]|[sound:row707_chunk3.wav]
행복하다	to be happy	정말 *행복하다*|*행복하게* 살다|*행복한* 가정	to be truly happy|to live happily|happy family	[sound:row708_chunk1.wav]|[sound:row708_chunk2.wav]|[sound:row708_chunk3.wav]
굽다	to roast/bake	고기를 *굽다*|빵을 *굽다*|생선을 *굽다*	to grill meat|to bake bread|to grill fish	[sound:row709_chunk1.wav]|[sound:row709_chunk2.wav]|[sound:row709_chunk3.wav]
기름	oil	*기름*을 넣다|식용 *기름*|*기름*진 음식	to put in oil (gas)|cooking oil|oily food	[sound:row710_chunk1.wav]|[sound:row710_chunk2.wav]|[sound:row710_chunk3.wav]
쏟아지다	to pour out	비가 *쏟아지다*|눈물이 *쏟아지다*|박수가 *쏟아지다*	the rain pours down|tears pour out|applause pours out	[sound:row711_chunk1.wav]|[sound:row711_chunk2.wav]|[sound:row711_chunk3.wav]
기억하다	to remember	이름을 *기억하다*|나를 *기억하니*|똑똑히 *기억하다*	to remember a name|do you remember me|to remember clearly	[sound:row712_chunk1.wav]|[sound:row712_chunk2.wav]|[sound:row712_chunk3.wav]
토론	discussion/debate	열띤 *토론*|*토론*에 참여하다|*토론* 주제	heated debate|to participate in a discussion|debate topic	[sound:row713_chunk1.wav]|[sound:row713_chunk2.wav]|[sound:row713_chunk3.wav]
고급	high grade/luxury	*고급* 호텔|*고급* 인력|*고급* 승용차	luxury hotel|high-level manpower|high-end car	[sound:row714_chunk1.wav]|[sound:row714_chunk2.wav]|[sound:row714_chunk3.wav]
고생	hardship	*고생*을 하다|*고생*이 많다|그동안 *고생*했다	to suffer hardship|to go through much trouble|you've worked hard	[sound:row715_chunk1.wav]|[sound:row715_chunk2.wav]|[sound:row715_chunk3.wav]
미치다	to go crazy	미치지 않고서야|*미친* 사람|보고 싶어 *미치겠다*	unless one is crazy|crazy person|I'm crazy to see you	[sound:row716_chunk1.wav]|[sound:row716_chunk2.wav]|[sound:row716_chunk3.wav]
밟다	to step on	발을 *밟다*|낙엽을 *밟다*|엑셀을 *밟다*	to step on a foot|to step on fallen leaves|to step on the gas	[sound:row717_chunk1.wav]|[sound:row717_chunk2.wav]|[sound:row717_chunk3.wav]
섞다	to mix	술과 물을 *섞다*|농담을 *섞다*|카드를 *섞다*	to mix alcohol and water|to mix in jokes|to shuffle cards	[sound:row718_chunk1.wav]|[sound:row718_chunk2.wav]|[sound:row718_chunk3.wav]
없애다	to remove	냄새를 *없애다*|스트레스를 *없애다*|증거를 *없애다*	to get rid of a smell|to relieve stress|to destroy evidence	[sound:row719_chunk1.wav]|[sound:row719_chunk2.wav]|[sound:row719_chunk3.wav]
이뤄지다	to be achieved	꿈이 *이뤄지다*|합의가 *이뤄지다*|조직이 *이뤄지다*	a dream comes true|an agreement is reached|to be composed of	[sound:row720_chunk1.wav]|[sound:row720_chunk2.wav]|[sound:row720_chunk3.wav]
정상	summit/peak	산 *정상*|*정상* 회담|*정상*에 오르다	mountain peak|summit talk|to reach the top	[sound:row721_chunk1.wav]|[sound:row721_chunk2.wav]|[sound:row721_chunk3.wav]
화장품	cosmetics	기초 *화장품*|*화장품*을 바르다|여성용 *화장품*	basic cosmetics|to apply cosmetics|cosmetics for women	[sound:row722_chunk1.wav]|[sound:row722_chunk2.wav]|[sound:row722_chunk3.wav]
굵다	to be thick	팔뚝이 *굵다*|빗줄기가 *굵다*|글씨가 *굵다*	forearms are thick|raindrops are thick|the handwriting is bold/thick	[sound:row723_chunk1.wav]|[sound:row723_chunk2.wav]|[sound:row723_chunk3.wav]
깨끗이	cleanly	*깨끗이* 씻다|*깨끗이* 잊다|방을 *깨끗이* 치우다	to wash cleanly|to forget completely|to clean the room thoroughly	[sound:row724_chunk1.wav]|[sound:row724_chunk2.wav]|[sound:row724_chunk3.wav]
낡다	to be worn out	*낡은* 옷|생각이 *낡다*|*낡은* 건물	worn-out clothes|to have outdated ideas|old building	[sound:row725_chunk1.wav]|[sound:row725_chunk2.wav]|[sound:row725_chunk3.wav]
눈앞	before one's eyes	*눈앞*에 나타나다|시험이 *눈앞*이다|*눈앞*의 이익	to appear before one's eyes|the exam is just around the corner|immediate profit	[sound:row726_chunk1.wav]|[sound:row726_chunk2.wav]|[sound:row726_chunk3.wav]
방문하다	to visit	친구 집을 *방문하다*|한국을 *방문하다*|현장을 *방문하다*	to visit a friend's house|to visit Korea|to visit the site	[sound:row727_chunk1.wav]|[sound:row727_chunk2.wav]|[sound:row727_chunk3.wav]
붉다	to be red	얼굴이 *붉다*|*붉은* 노을|단풍이 *붉다*	face is red|red sunset|maple leaves are red	[sound:row728_chunk1.wav]|[sound:row728_chunk2.wav]|[sound:row728_chunk3.wav]
순서	order/sequence	*순서*를 기다리다|번호 *순서*대로|*순서*가 바뀌다	to wait for one's turn|in numerical order|the order is changed	[sound:row729_chunk1.wav]|[sound:row729_chunk2.wav]|[sound:row729_chunk3.wav]
아무래도	anyway/likely	*아무래도* 이상하다|*아무래도* 안 되겠다|*아무래도* 상관없다	it's strange no matter what|it's probably not going to work|it doesn't matter anyway	[sound:row730_chunk1.wav]|[sound:row730_chunk2.wav]|[sound:row730_chunk3.wav]
연구소	research institute	과학 *연구소*|기업 부설 *연구소*|*연구소*에서 근무하다	science research center|corporate research lab|to work at a research institute	[sound:row731_chunk1.wav]|[sound:row731_chunk2.wav]|[sound:row731_chunk3.wav]
이사	moving (house)	*이사*를 가다|*이사* 비용|*이사* 짐	to move out|moving costs|moving boxes/luggage	[sound:row732_chunk1.wav]|[sound:row732_chunk2.wav]|[sound:row732_chunk3.wav]
들르다	to stop by	서점에 *들르다*|잠시 *들르다*|집에 *들렀다* 가다	to drop by a bookstore|to stop by for a moment|to stop by home before going	[sound:row733_chunk1.wav]|[sound:row733_chunk2.wav]|[sound:row733_chunk3.wav]
섬	island	무인도 *섬*|*섬*에 살다|아름다운 *섬*	uninhabited island|to live on an island|beautiful island	[sound:row734_chunk1.wav]|[sound:row734_chunk2.wav]|[sound:row734_chunk3.wav]
이하	below	19세 *이하*|기대 *이하*|0도 *이하*	19 years old and under|below expectations|below zero	[sound:row735_chunk1.wav]|[sound:row735_chunk2.wav]|[sound:row735_chunk3.wav]
참석하다	to attend	회의에 *참석하다*|결혼식에 *참석하다*|전원 *참석하다*	to attend a meeting|to attend a wedding|everyone attends	[sound:row736_chunk1.wav]|[sound:row736_chunk2.wav]|[sound:row736_chunk3.wav]
해결	solution/settlement	문제 *해결*|사건 *해결*|*해결* 방안	problem solving|settlement of a case|solution plan	[sound:row737_chunk1.wav]|[sound:row737_chunk2.wav]|[sound:row737_chunk3.wav]
근로자	worker	외국인 *근로자*|*근로자*의 날|생산직 *근로자*	foreign worker|Labor Day|production worker	[sound:row738_chunk1.wav]|[sound:row738_chunk2.wav]|[sound:row738_chunk3.wav]
글쎄	well/I'm not sure	*글쎄*, 잘 모르겠어|*글쎄* 말이야|*글쎄*, 그게 말이지	Well, I don't really know|I'm telling you/Exactly|Well, you see...	[sound:row739_chunk1.wav]|[sound:row739_chunk2.wav]|[sound:row739_chunk3.wav]
변화하다	to change	세상이 *변화하다*|날씨가 *변화하다*|급격히 *변화하다*	the world changes|the weather changes|to change rapidly	[sound:row740_chunk1.wav]|[sound:row740_chunk2.wav]|[sound:row740_chunk3.wav]
결정되다	to be decided	우승이 *결정되다*|날짜가 *결정되다*|아직 안 *결정됐다*	the winner is decided|the date is decided|it hasn't been decided yet	[sound:row741_chunk1.wav]|[sound:row741_chunk2.wav]|[sound:row741_chunk3.wav]
불안	anxiety/uneasiness	*불안*을 느끼다|마음의 *불안*|*불안*에 떨다	to feel anxious|mental uneasiness|to tremble with anxiety	[sound:row742_chunk1.wav]|[sound:row742_chunk2.wav]|[sound:row742_chunk3.wav]
여유	affordance/room	시간적 *여유*|*여유*를 가지다|금전적 *여유*	spare time|to take it easy|financial leeway	[sound:row743_chunk1.wav]|[sound:row743_chunk2.wav]|[sound:row743_chunk3.wav]
킬로미터	kilometer	10 *킬로미터*|*킬로미터*당 요금|먼 *킬로미터*	ten kilometers|rate per kilometer|far kilometers	[sound:row744_chunk1.wav]|[sound:row744_chunk2.wav]|[sound:row744_chunk3.wav]
파도	wave	*파도*가 치다|높은 *파도*|*파도*를 타다	waves are crashing|high waves|to surf (ride the waves)	[sound:row745_chunk1.wav]|[sound:row745_chunk2.wav]|[sound:row745_chunk3.wav]
단	only/single	*단* 한 명|*단* 5분|*단* 한 번의 기회	only one person|just five minutes|only one chance	[sound:row746_chunk1.wav]|[sound:row746_chunk2.wav]|[sound:row746_chunk3.wav]
방송국	broadcasting station	*방송국* 피디|*방송국* 견학|지역 *방송국*	station producer|station tour|local broadcasting station	[sound:row747_chunk1.wav]|[sound:row747_chunk2.wav]|[sound:row747_chunk3.wav]
숨다	to hide	커튼 뒤에 *숨다*|꼭꼭 *숨다*|산속에 *숨다*	to hide behind curtains|to hide well|to hide in the mountains	[sound:row748_chunk1.wav]|[sound:row748_chunk2.wav]|[sound:row748_chunk3.wav]
예금	deposit	은행 *예금*|*예금*을 찾다|*예금* 이자	bank deposit|to withdraw a deposit|deposit interest	[sound:row749_chunk1.wav]|[sound:row749_chunk2.wav]|[sound:row749_chunk3.wav]
입학	admission	*입학* 시험|학교 *입학*|*입학*을 축하하다	entrance exam|school admission|to congratulate on admission	[sound:row750_chunk1.wav]|[sound:row750_chunk2.wav]|[sound:row750_chunk3.wav]
물다	to hold in mouth	담배를 *물다*|사탕을 *물다*|입에 *물다*	to hold a cigarette in mouth|to have a candy in mouth|to hold in one's mouth	[sound:row751_chunk1.wav]|[sound:row751_chunk2.wav]|[sound:row751_chunk3.wav]
어느새	already/unawares	*어느새* 겨울이다|*어느새* 다 컸네|*어느새* 해가 졌다	it's already winter|you've grown up so fast|the sun has set already	[sound:row752_chunk1.wav]|[sound:row752_chunk2.wav]|[sound:row752_chunk3.wav]
치즈	cheese	*치즈*를 얹다|녹은 *치즈*|*치즈* 케이크	to put cheese on top|melted cheese|cheesecake	[sound:row753_chunk1.wav]|[sound:row753_chunk2.wav]|[sound:row753_chunk3.wav]
반대하다	to oppose	계획에 *반대하다*|강력히 *반대하다*|의견에 *반대하다*	to oppose a plan|to strongly oppose|to disagree with an opinion	[sound:row754_chunk1.wav]|[sound:row754_chunk2.wav]|[sound:row754_chunk3.wav]
아이고	oh my/oops	*아이고*, 깜짝이야|*아이고*, 허리야|*아이고*, 죄송합니다	Oh my, you scared me|Oh, my back|Oops, I'm sorry	[sound:row755_chunk1.wav]|[sound:row755_chunk2.wav]|[sound:row755_chunk3.wav]
조용히	quietly	*조용히* 해 주세요|*조용히* 나가다|*조용히* 살다	please be quiet|to go out quietly|to live a quiet life	[sound:row756_chunk1.wav]|[sound:row756_chunk2.wav]|[sound:row756_chunk3.wav]
구멍	hole	바지에 *구멍*|*구멍*이 나다|작은 *구멍*	hole in pants|a hole is formed|small hole	[sound:row757_chunk1.wav]|[sound:row757_chunk2.wav]|[sound:row757_chunk3.wav]
만화	comic/cartoon	*만화* 잡지|*만화* 영화|*만화*를 그리다	comic magazine|animated movie|to draw comics	[sound:row758_chunk1.wav]|[sound:row758_chunk2.wav]|[sound:row758_chunk3.wav]
먹이다	to feed	아이를 *먹이다*|사료를 *먹이다*|우유를 *먹이다*	to feed a child|to feed fodder|to feed milk	[sound:row759_chunk1.wav]|[sound:row759_chunk2.wav]|[sound:row759_chunk3.wav]
무시하다	to ignore	나를 *무시하다*|의견을 *무시하다*|빨간불을 *무시하다*	to ignore me|to disregard an opinion|to ignore a red light	[sound:row760_chunk1.wav]|[sound:row760_chunk2.wav]|[sound:row760_chunk3.wav]
살짝	slightly/stealthily	*살짝* 웃다|*살짝* 열다|*살짝* 데치다	to smile slightly|to open a little bit|to blanch slightly	[sound:row761_chunk1.wav]|[sound:row761_chunk2.wav]|[sound:row761_chunk3.wav]
생각나다	to remember	갑자기 *생각나다*|이름이 *생각나다*|고향이 *생각나다*	to suddenly remember|to recall a name|to be reminded of home	[sound:row762_chunk1.wav]|[sound:row762_chunk2.wav]|[sound:row762_chunk3.wav]
차갑다	to be cold	손이 *차갑다*|*차가운* 물|태도가 *차갑다*	hands are cold|cold water|attitude is cold	[sound:row763_chunk1.wav]|[sound:row763_chunk2.wav]|[sound:row763_chunk3.wav]
관찰하다	to observe	식물을 *관찰하다*|자세히 *관찰하다*|행동을 *관찰하다*	to observe plants|to observe closely|to observe behavior	[sound:row764_chunk1.wav]|[sound:row764_chunk2.wav]|[sound:row764_chunk3.wav]
괜히	in vain/for no reason	*괜히* 왔다|*괜히* 걱정했다|*괜히* 심술부리다	came for nothing|worried for no reason|to be cranky for no reason	[sound:row765_chunk1.wav]|[sound:row765_chunk2.wav]|[sound:row765_chunk3.wav]
끼다	to put in/insert	장갑을 *끼다*|안경을 *낀* 사람|반지를 *끼다*	to put on gloves|a person wearing glasses|to put on a ring	[sound:row766_chunk1.wav]|[sound:row766_chunk2.wav]|[sound:row766_chunk3.wav]
날개	wing	새의 *날개*|비행기 *날개*|*날개*를 펴다	bird's wing|airplane wing|to spread wings	[sound:row767_chunk1.wav]|[sound:row767_chunk2.wav]|[sound:row767_chunk3.wav]
녀석	fellow/guy	못된 *녀석*|귀여운 *녀석*|이 *녀석*아	bad fellow|cute little guy|hey you (buddy/kid)	[sound:row768_chunk1.wav]|[sound:row768_chunk2.wav]|[sound:row768_chunk3.wav]
눈빛	look/glance	따뜻한 *눈빛*|매서운 *눈빛*|*눈빛*을 주고받다	warm look|fierce look|to exchange glances	[sound:row769_chunk1.wav]|[sound:row769_chunk2.wav]|[sound:row769_chunk3.wav]
단지	complex/estate	아파트 *단지*|주택 *단지*|산업 *단지*	apartment complex|housing estate|industrial complex	[sound:row770_chunk1.wav]|[sound:row770_chunk2.wav]|[sound:row770_chunk3.wav]
물속	underwater	*물속*으로 들어가다|*물속*에서 숨참기|*물속*이 훤히 보이다	to go into the water|holding breath underwater|to see clearly underwater	[sound:row771_chunk1.wav]|[sound:row771_chunk2.wav]|[sound:row771_chunk3.wav]
성공하다	to succeed	시험에 *성공하다*|사업에 *성공하다*|마침내 *성공했다*	to succeed in an exam|to succeed in business|finally succeeded	[sound:row772_chunk1.wav]|[sound:row772_chunk2.wav]|[sound:row772_chunk3.wav]
소나무	pine tree	푸른 *소나무*|*소나무* 숲|*소나무*를 심다	green pine tree|pine forest|to plant a pine tree	[sound:row773_chunk1.wav]|[sound:row773_chunk2.wav]|[sound:row773_chunk3.wav]
여기저기	here and there	*여기저기* 다니다|*여기저기* 아프다|*여기저기* 흩어져 있다	to go here and there|to ache all over|to be scattered everywhere	[sound:row774_chunk1.wav]|[sound:row774_chunk2.wav]|[sound:row774_chunk3.wav]
머무르다	to stay	호텔에 *머무르다*|잠시 *머무르다*|기억에 *머무르다*	to stay at a hotel|to stay for a while|to stay in one's memory	[sound:row775_chunk1.wav]|[sound:row775_chunk2.wav]|[sound:row775_chunk3.wav]
싸다	to wrap/pack	도시락을 *싸다*|선물을 *싸다*|짐을 *싸다*	to pack a lunch|to wrap a gift|to pack bags	[sound:row776_chunk1.wav]|[sound:row776_chunk2.wav]|[sound:row776_chunk3.wav]
형제	brothers/siblings	*형제*가 어떻게 되세요|사이좋은 *형제*|*형제* 사이	how many siblings do you have|brothers who get along|relationship between brothers	[sound:row777_chunk1.wav]|[sound:row777_chunk2.wav]|[sound:row777_chunk3.wav]
화려하다	to be splendid/fancy	*화려한* 드레스|조명이 *화려하다*|*화려하게* 장식하다	fancy dress|lights are splendid|to decorate splendidly	[sound:row778_chunk1.wav]|[sound:row778_chunk2.wav]|[sound:row778_chunk3.wav]
딴	other/different	*딴* 생각|*딴* 사람|*딴* 데로 가다	other thoughts|different person|to go somewhere else	[sound:row779_chunk1.wav]|[sound:row779_chunk2.wav]|[sound:row779_chunk3.wav]
몇몇	some/several	*몇몇* 사람들|*몇몇* 학생들|*몇몇* 곳	some people|several students|some places	[sound:row780_chunk1.wav]|[sound:row780_chunk2.wav]|[sound:row780_chunk3.wav]
세계적	world-class/global	*세계적*인 가수|*세계적*으로 유명하다|*세계적*인 추세	world-class singer|to be globally famous|global trend	[sound:row781_chunk1.wav]|[sound:row781_chunk2.wav]|[sound:row781_chunk3.wav]
안전	safety	*안전*을 확인하다|*안전*한 장소|교통 *안전*	to check safety|safe place|traffic safety	[sound:row782_chunk1.wav]|[sound:row782_chunk2.wav]|[sound:row782_chunk3.wav]
양파	onion	*양파*를 까다|*양파*를 볶다|*양파* 냄새	to peel an onion|to stir-fry onions|onion smell	[sound:row783_chunk1.wav]|[sound:row783_chunk2.wav]|[sound:row783_chunk3.wav]
이상	abnormality	기계에 *이상*이 있다|*이상* 증세|몸에 *이상*을 느끼다	something is wrong with the machine|abnormal symptoms|to feel something's wrong with the body	[sound:row784_chunk1.wav]|[sound:row784_chunk2.wav]|[sound:row784_chunk3.wav]
촬영	filming/shooting	영화 *촬영*|*촬영* 중|*촬영*을 금지하다	movie filming|now filming|to ban filming	[sound:row785_chunk1.wav]|[sound:row785_chunk2.wav]|[sound:row785_chunk3.wav]
틀다	to turn/twist	라디오를 *틀다*|방향을 *틀다*|수도꼭지를 *틀다*	to turn on the radio|to change direction|to turn on the faucet	[sound:row786_chunk1.wav]|[sound:row786_chunk2.wav]|[sound:row786_chunk3.wav]
가지	branch	나무 *가지*|*가지*를 꺾다|*가지*가 뻗다	tree branch|to break a branch|branches are spreading	[sound:row787_chunk1.wav]|[sound:row787_chunk2.wav]|[sound:row787_chunk3.wav]
감다	to close (eyes)	눈을 *감다*|눈을 *감고* 생각하다|눈을 꼭 *감다*	to close one's eyes|to think with eyes closed|to close eyes tightly	[sound:row788_chunk1.wav]|[sound:row788_chunk2.wav]|[sound:row788_chunk3.wav]
규칙	rule	*규칙*을 지키다|*규칙*적인 생활|교통 *규칙*	to follow rules|regular life|traffic rules	[sound:row789_chunk1.wav]|[sound:row789_chunk2.wav]|[sound:row789_chunk3.wav]
안방	main bedroom	*안방* 마님|*안방*에서 자다|*안방* 가구	lady of the house|to sleep in the master bedroom|master bedroom furniture	[sound:row790_chunk1.wav]|[sound:row790_chunk2.wav]|[sound:row790_chunk3.wav]
앓다	to suffer from	병을 *앓다*|앓느니 죽지|가슴을 *앓다*	to suffer from a disease|better to die than suffer|to be heartsick	[sound:row791_chunk1.wav]|[sound:row791_chunk2.wav]|[sound:row791_chunk3.wav]
오직	only/solely	*오직* 당신뿐|*오직* 한 길|*오직* 진실만을	only you|the only path|only the truth	[sound:row792_chunk1.wav]|[sound:row792_chunk2.wav]|[sound:row792_chunk3.wav]
자신	confidence	*자신*을 얻다|*자신*이 없다|*자신*감이 넘치다	to gain confidence|to have no confidence|to overflow with confidence	[sound:row793_chunk1.wav]|[sound:row793_chunk2.wav]|[sound:row793_chunk3.wav]
잠시	a moment	*잠시* 기다려 주세요|*잠시* 동안|*잠시* 쉬어 가다	please wait a moment|for a short while|to take a short break	[sound:row794_chunk1.wav]|[sound:row794_chunk2.wav]|[sound:row794_chunk3.wav]
포함되다	to be included	목록에 *포함되다*|가격에 *포함되다*|세금도 *포함된다*	to be included in the list|to be included in the price|tax is also included	[sound:row795_chunk1.wav]|[sound:row795_chunk2.wav]|[sound:row795_chunk3.wav]
호랑이	tiger	무서운 *호랑이*|*호랑이* 굴|*호랑이*도 제 말 하면 온다	scary tiger|tiger's den|speak of the devil (tiger)	[sound:row796_chunk1.wav]|[sound:row796_chunk2.wav]|[sound:row796_chunk3.wav]
덜	less	*덜* 맵게 해주세요|어제보다 *덜* 춥다|밥을 *덜* 먹다	please make it less spicy|it's less cold than yesterday|to eat less rice	[sound:row797_chunk1.wav]|[sound:row797_chunk2.wav]|[sound:row797_chunk3.wav]
둥글다	to be round	*둥근* 달|지구는 *둥글다*|성격이 *둥글다*	round moon|the earth is round|to have a well-rounded personality	[sound:row798_chunk1.wav]|[sound:row798_chunk2.wav]|[sound:row798_chunk3.wav]
본래	originally	*본래*의 모습|*본래*부터 그랬다|*본래* 취지	original appearance|it was like that from the start|original intent	[sound:row799_chunk1.wav]|[sound:row799_chunk2.wav]|[sound:row799_chunk3.wav]
세금	tax	*세금*을 내다|*세금*이 비싸다|소득 *세금*	to pay taxes|taxes are high|income tax	[sound:row800_chunk1.wav]|[sound:row800_chunk2.wav]|[sound:row800_chunk3.wav]
입구	entrance	건물 *입구*|*입구*를 찾다|*입구*에서 만나다	building entrance|to look for the entrance|to meet at the entrance	[sound:row801_chunk1.wav]|[sound:row801_chunk2.wav]|[sound:row801_chunk3.wav]
잔뜩	full/extremely	하늘에 구름이 *잔뜩* 끼다|*잔뜩* 기대하다|*잔뜩* 긴장하다	the sky is full of clouds|to be full of expectations|to be very nervous	[sound:row802_chunk1.wav]|[sound:row802_chunk2.wav]|[sound:row802_chunk3.wav]
적극	active/enthusiasm	*적극* 추천하다|*적극*적인 자세|*적극* 참여하다	to strongly recommend|active attitude|to participate actively	[sound:row803_chunk1.wav]|[sound:row803_chunk2.wav]|[sound:row803_chunk3.wav]
최소한	at least	*최소한*의 노력|*최소한* 일주일|*최소한*의 예의	minimum effort|at least one week|minimum courtesy	[sound:row804_chunk1.wav]|[sound:row804_chunk2.wav]|[sound:row804_chunk3.wav]
펼쳐지다	to spread out	눈앞에 *펼쳐진* 풍경|책이 *펼쳐져* 있다|미래가 *펼쳐지다*	scenery spread out before eyes|the book is open|the future unfolds	[sound:row805_chunk1.wav]|[sound:row805_chunk2.wav]|[sound:row805_chunk3.wav]
경험하다	to experience	외국 문화를 *경험하다*|직접 *경험한* 일|실패를 *경험하다*	to experience foreign culture|something experienced firsthand|to experience failure	[sound:row806_chunk1.wav]|[sound:row806_chunk2.wav]|[sound:row806_chunk3.wav]
넘치다	to overflow	물이 *넘치다*|자신감이 *넘치다*|정이 *넘치는* 마을	water overflows|to overflow with confidence|a village overflowing with kindness	[sound:row807_chunk1.wav]|[sound:row807_chunk2.wav]|[sound:row807_chunk3.wav]
놓치다	to miss	버스를 *놓치다*|기회를 *놓치다*|범인을 *놓치다*	to miss the bus|to miss an opportunity|to lose the culprit	[sound:row808_chunk1.wav]|[sound:row808_chunk2.wav]|[sound:row808_chunk3.wav]
돌아보다	to look back	뒤를 *돌아보다*|지난날을 *돌아보다*|주위를 *돌아보다*	to look behind|to look back on the past|to look around	[sound:row809_chunk1.wav]|[sound:row809_chunk2.wav]|[sound:row809_chunk3.wav]
또다시	once again	*또다시* 시작하다|*또다시* 실패했다|*또다시* 만납시다	to start once again|failed yet again|let's meet again	[sound:row810_chunk1.wav]|[sound:row810_chunk2.wav]|[sound:row810_chunk3.wav]
머릿속	inside one's head	*머릿속*이 복잡하다|*머릿속*에 떠오르다|*머릿속*이 하얘지다	one's head is complicated/full|to come to mind|one's mind goes blank	[sound:row811_chunk1.wav]|[sound:row811_chunk2.wav]|[sound:row811_chunk3.wav]
불안하다	to be anxious	마음이 *불안하다*|미래가 *불안하다*|*불안해서* 잠을 못 자다	to feel anxious|the future is uncertain|cannot sleep due to anxiety	[sound:row812_chunk1.wav]|[sound:row812_chunk2.wav]|[sound:row812_chunk3.wav]
위반	violation	규칙 *위반*|주차 *위반*|법을 *위반하다*	rule violation|parking violation|to violate the law	[sound:row813_chunk1.wav]|[sound:row813_chunk2.wav]|[sound:row813_chunk3.wav]
평생	lifetime	*평생* 동안|*평생* 잊지 못할 선물|*평생* 직장	during one's whole life|a gift I won't forget my whole life|lifetime workplace	[sound:row814_chunk1.wav]|[sound:row814_chunk2.wav]|[sound:row814_chunk3.wav]
굉장히	very/greatly	*굉장히* 덥다|*굉장히* 넓은 집|*굉장히* 유명한 사람	it's very hot|an extremely spacious house|a very famous person	[sound:row815_chunk1.wav]|[sound:row815_chunk2.wav]|[sound:row815_chunk3.wav]
덮다	to cover	이불을 *덮다*|뚜껑을 *덮다*|책을 *덮다*	to cover with a blanket|to put on a lid|to close a book	[sound:row816_chunk1.wav]|[sound:row816_chunk2.wav]|[sound:row816_chunk3.wav]
몰다	to drive/steer	차를 *몰다*|양을 *몰다*|구석으로 *몰다*	to drive a car|to herd sheep|to corner someone	[sound:row817_chunk1.wav]|[sound:row817_chunk2.wav]|[sound:row817_chunk3.wav]
배우	actor/actress	영화 *배우*|*배우*가 꿈이다|주연 *배우*	movie actor|dream of becoming an actor|lead actor	[sound:row818_chunk1.wav]|[sound:row818_chunk2.wav]|[sound:row818_chunk3.wav]
알	egg/grain	새의 *알*|안경 *알*|달걀 *알*	bird's egg|eyeglass lens|chicken egg	[sound:row819_chunk1.wav]|[sound:row819_chunk2.wav]|[sound:row819_chunk3.wav]
앞서다	to precede/lead	남보다 *앞서다*|생각이 *앞서다*|시대를 *앞선* 생각	to lead others|thoughts get ahead of one|ideas ahead of the time	[sound:row820_chunk1.wav]|[sound:row820_chunk2.wav]|[sound:row820_chunk3.wav]
오래전	long ago	*오래전* 이야기|이미 *오래전*에|*오래전*부터 알던 사람	a story from long ago|already a long time ago|someone I've known since long ago	[sound:row821_chunk1.wav]|[sound:row821_chunk2.wav]|[sound:row821_chunk3.wav]
자격	qualification	*자격*이 충분하다|*자격*을 얻다|부모 될 *자격*	to be well-qualified|to get a qualification|qualification to be a parent	[sound:row822_chunk1.wav]|[sound:row822_chunk2.wav]|[sound:row822_chunk3.wav]
계단	stairs	*계단*을 오르다|*계단*에서 넘어지다|비상 *계단*	to go up stairs|to fall on the stairs|emergency stairs	[sound:row823_chunk1.wav]|[sound:row823_chunk2.wav]|[sound:row823_chunk3.wav]
끄덕이다	to nod	고개를 *끄덕이다*|알았다고 *끄덕이다*|천천히 *끄덕이다*	to nod one's head|to nod in understanding|to nod slowly	[sound:row824_chunk1.wav]|[sound:row824_chunk2.wav]|[sound:row824_chunk3.wav]
낯설다	to be unfamiliar	*낯선* 동네|*낯선* 사람|환경이 *낯설다*	unfamiliar neighborhood|stranger|the environment is unfamiliar	[sound:row825_chunk1.wav]|[sound:row825_chunk2.wav]|[sound:row825_chunk3.wav]
높이	height	*높이*를 재다|건물의 *높이*|하늘 *높이* 날다	to measure the height|height of a building|to fly high in the sky	[sound:row826_chunk1.wav]|[sound:row826_chunk2.wav]|[sound:row826_chunk3.wav]
닮다	to resemble	엄마를 *닮다*|서로 *닮았다*|목소리가 *닮다*	to resemble one's mother|to look like each other|to have a similar voice	[sound:row827_chunk1.wav]|[sound:row827_chunk2.wav]|[sound:row827_chunk3.wav]
마음속	inside one's heart	*마음속*으로 빌다|*마음속* 깊이|*마음속* 이야기를 하다	to pray in one's heart|deep in one's heart|to talk about what's in one's heart	[sound:row828_chunk1.wav]|[sound:row828_chunk2.wav]|[sound:row828_chunk3.wav]
연결되다	to be connected	인터넷이 *연결되다*|선이 *연결되다*|하나로 *연결된* 마음	to be connected to the internet|the lines are connected|hearts connected as one	[sound:row829_chunk1.wav]|[sound:row829_chunk2.wav]|[sound:row829_chunk3.wav]
장사	business	*장사*를 시작하다|*장사*가 잘되다|물건 *장사*	to start a business|business is going well|selling goods	[sound:row830_chunk1.wav]|[sound:row830_chunk2.wav]|[sound:row830_chunk3.wav]
제한	restriction	인원 *제한*|속도 *제한*|*제한*을 두다	limit on number of people|speed limit|to place a restriction	[sound:row831_chunk1.wav]|[sound:row831_chunk2.wav]|[sound:row831_chunk3.wav]
차다	to kick	공을 *차다*|발로 *차다*|문차고 나가다	to kick a ball|to kick with a foot|to kick the door open and leave	[sound:row832_chunk1.wav]|[sound:row832_chunk2.wav]|[sound:row832_chunk3.wav]
취하다	to get drunk	술에 *취하다*|분위기에 *취하다*|잠에 *취하다*	to get drunk on alcohol|to be intoxicated by the atmosphere|to be overcome by sleep	[sound:row833_chunk1.wav]|[sound:row833_chunk2.wav]|[sound:row833_chunk3.wav]
콩	bean	*콩*을 심다|*콩* 한 쪽도 나눠 먹다|*콩*나물 국	to plant beans|to share even a single bean|bean sprout soup	[sound:row834_chunk1.wav]|[sound:row834_chunk2.wav]|[sound:row834_chunk3.wav]
한숨	sigh	깊은 *한숨*|*한숨*을 쉬다|*한숨*이 나오다	deep sigh|to let out a sigh|to find oneself sighing	[sound:row835_chunk1.wav]|[sound:row835_chunk2.wav]|[sound:row835_chunk3.wav]
헤어지다	to part/break up	친구와 *헤어지다*|여자친구와 *헤어지다*|여기서 *헤어집시다*	to part with a friend|to break up with a girlfriend|let's part here	[sound:row836_chunk1.wav]|[sound:row836_chunk2.wav]|[sound:row836_chunk3.wav]
너머	beyond/over	담장 *너머*|산 *너머* 마을|창문 *너머*로 보다	beyond the wall|village over the mountain|to look through the window	[sound:row837_chunk1.wav]|[sound:row837_chunk2.wav]|[sound:row837_chunk3.wav]
동기	motivation	범행 *동기*|학습 *동기*|*동기*가 확실하다	motive for a crime|motivation for learning|motive is clear	[sound:row838_chunk1.wav]|[sound:row838_chunk2.wav]|[sound:row838_chunk3.wav]
살	flesh/weight	*살*이 찌다|*살*을 빼다|*살*이 부드럽다	to gain weight|to lose weight|flesh is soft	[sound:row839_chunk1.wav]|[sound:row839_chunk2.wav]|[sound:row839_chunk3.wav]
순수하다	to be pure	*순수한* 아이|마음이 *순수하다*|*순수한* 의도	pure child|to be pure-hearted|pure intention	[sound:row840_chunk1.wav]|[sound:row840_chunk2.wav]|[sound:row840_chunk3.wav]
스타일	style	옷 *스타일*|내 *스타일*이다|머리 *스타일*	clothing style|it's my style|hair style	[sound:row841_chunk1.wav]|[sound:row841_chunk2.wav]|[sound:row841_chunk3.wav]
집중	concentration	*집중*이 안 되다|공부에 *집중*하다|관심이 *집중*되다	cannot concentrate|to focus on studies|attention is focused	[sound:row842_chunk1.wav]|[sound:row842_chunk2.wav]|[sound:row842_chunk3.wav]
큰일	big deal/trouble	*큰일*이 나다|*큰일*을 치르다|*큰일*을 해내다	to be in big trouble|to go through a major event|to achieve a great thing	[sound:row843_chunk1.wav]|[sound:row843_chunk2.wav]|[sound:row843_chunk3.wav]
거짓말	lie	*거짓말*을 하다|새빨간 *거짓말*|*거짓말*처럼 들리다	to tell a lie|a blatant lie|to sound like a lie	[sound:row844_chunk1.wav]|[sound:row844_chunk2.wav]|[sound:row844_chunk3.wav]
대단하다	to be great/huge	*대단한* 실력|용기가 *대단하다*|인기가 *대단하다*	great skill|courage is great|popularity is huge	[sound:row845_chunk1.wav]|[sound:row845_chunk2.wav]|[sound:row845_chunk3.wav]
대단히	very much	*대단히* 감사합니다|*대단히* 중요하다|*대단히* 죄송합니다	thank you very much|it's very important|I'm very sorry	[sound:row846_chunk1.wav]|[sound:row846_chunk2.wav]|[sound:row846_chunk3.wav]
마주	face to face	*마주* 앉다|*마주* 보고 웃다|*마주* 서다	to sit face to face|to look at each other and laugh|to stand facing each other	[sound:row847_chunk1.wav]|[sound:row847_chunk2.wav]|[sound:row847_chunk3.wav]
온통	entirely/wholly	*온통* 하얀 눈|머릿속이 *온통* 그 생각뿐|옷이 *온통* 젖었다	wholly white snow|head is entirely full of that thought|clothes are completely wet	[sound:row848_chunk1.wav]|[sound:row848_chunk2.wav]|[sound:row848_chunk3.wav]
자세히	in detail	*자세히* 설명하다|*자세히* 보다|*자세히* 적다	to explain in detail|to look closely|to write down in detail	[sound:row849_chunk1.wav]|[sound:row849_chunk2.wav]|[sound:row849_chunk3.wav]
정확히	exactly/correctly	*정확히* 맞다|*정확히* 12시|시간을 *정확히* 지키다	to be exactly right|exactly 12 o'clock|to keep time accurately	[sound:row850_chunk1.wav]|[sound:row850_chunk2.wav]|[sound:row850_chunk3.wav]
지치다	to get tired	일이 힘들어 *지치다*|몸과 마음이 *지치다*|기다리다 *지쳤다*	to be worn out from hard work|body and soul are tired|tired of waiting	[sound:row851_chunk1.wav]|[sound:row851_chunk2.wav]|[sound:row851_chunk3.wav]
청년	young man	열정적인 *청년*|*청년* 실업|*청년* 시절	passionate young man|youth unemployment|days of youth	[sound:row852_chunk1.wav]|[sound:row852_chunk2.wav]|[sound:row852_chunk3.wav]
혀	tongue	*혀*를 깨물다|*혀*를 내밀다|*혀*가 짧다	to bite one's tongue|to stick out one's tongue|to be tongue-tied	[sound:row853_chunk1.wav]|[sound:row853_chunk2.wav]|[sound:row853_chunk3.wav]
확대하다	to expand/enlarge	사진을 *확대하다*|사업을 *확대하다*|범위를 *확대하다*	to enlarge a photo|to expand business|to expand the scope	[sound:row854_chunk1.wav]|[sound:row854_chunk2.wav]|[sound:row854_chunk3.wav]
후춧가루	black pepper powder	*후춧가루*를 뿌리다|*후춧가루* 냄새|매콤한 *후춧가루*	to sprinkle pepper|smell of pepper|spicy pepper powder	[sound:row855_chunk1.wav]|[sound:row855_chunk2.wav]|[sound:row855_chunk3.wav]
마침	just/luckily	*마침* 잘 왔다|*마침* 집에 없었다|*마침* 필요했던 물건	you came at just the right time|happened to be not at home|the very item I needed	[sound:row856_chunk1.wav]|[sound:row856_chunk2.wav]|[sound:row856_chunk3.wav]
신용	credit/trust	*신용*을 잃다|*신용* 카드|*신용*이 좋다	to lose trust|credit card|to have good credit	[sound:row857_chunk1.wav]|[sound:row857_chunk2.wav]|[sound:row857_chunk3.wav]
온몸	whole body	*온몸*이 아프다|*온몸*이 땀에 젖다|*온몸*으로 막다	my whole body aches|whole body is soaked in sweat|to block with one's whole body	[sound:row858_chunk1.wav]|[sound:row858_chunk2.wav]|[sound:row858_chunk3.wav]
정	affection/bond	*정*이 들다|*정*이 많다|*정*을 나누다	to grow fond of|to be warm-hearted|to share affection	[sound:row859_chunk1.wav]|[sound:row859_chunk2.wav]|[sound:row859_chunk3.wav]
정신적	mental	*정신적* 충격|*정신적* 지주|*정신적* 고통	mental shock|spiritual pillar|mental suffering	[sound:row860_chunk1.wav]|[sound:row860_chunk2.wav]|[sound:row860_chunk3.wav]
증상	symptom	감기 *증상*|*증상*이 심하다|*증상*을 확인하다	cold symptoms|symptoms are severe|to check the symptoms	[sound:row861_chunk1.wav]|[sound:row861_chunk2.wav]|[sound:row861_chunk3.wav]
출연하다	to appear (in film/TV)	영화에 *출연하다*|방송에 *출연하다*|조연으로 *출연하다*	to star in a movie|to appear on a broadcast|to appear as a supporting actor	[sound:row862_chunk1.wav]|[sound:row862_chunk2.wav]|[sound:row862_chunk3.wav]
한꺼번에	all at once	짐을 *한꺼번에* 옮기다|*한꺼번에* 쏟아지다|*한꺼번에* 일을 처리하다	to move luggage all at once|to pour out all at once|to handle tasks all at once	[sound:row863_chunk1.wav]|[sound:row863_chunk2.wav]|[sound:row863_chunk3.wav]
강제	compulsion	*강제*로 시키다|*강제* 퇴거|*강제*적인 동원	to make someone do something by force|forced eviction|compulsory mobilization	[sound:row864_chunk1.wav]|[sound:row864_chunk2.wav]|[sound:row864_chunk3.wav]
건너다	to cross	길을 *건너다*|강을 *건너다*|횡단보도를 *건너다*	to cross the street|to cross a river|to cross at a crosswalk	[sound:row865_chunk1.wav]|[sound:row865_chunk2.wav]|[sound:row865_chunk3.wav]
깨다	to wake up/sober up	잠에서 *깨다*|술이 *깨다*|꿈에서 *깨다*	to wake up from sleep|to sober up|to wake up from a dream	[sound:row866_chunk1.wav]|[sound:row866_chunk2.wav]|[sound:row866_chunk3.wav]
다가가다	to approach	가까이 *다가가다*|그녀에게 *다가가다*|먼저 *다가가다*	to approach closely|to approach her|to approach first	[sound:row867_chunk1.wav]|[sound:row867_chunk2.wav]|[sound:row867_chunk3.wav]
뛰어들다	to jump in	물속으로 *뛰어들다*|불길에 *뛰어들다*|사건에 *뛰어들다*	to jump into the water|to jump into flames|to jump into an incident	[sound:row868_chunk1.wav]|[sound:row868_chunk2.wav]|[sound:row868_chunk3.wav]
묻다	to be stained	옷에 흙이 *묻다*|손에 피가 *묻다*|입술에 초콜릿이 *묻다*	dirt gets on clothes|blood gets on hands|chocolate gets on lips	[sound:row869_chunk1.wav]|[sound:row869_chunk2.wav]|[sound:row869_chunk3.wav]
신부	bride	아름다운 *신부*|*신부* 입장|*신부* 들러리	beautiful bride|entrance of the bride|bridesmaid	[sound:row870_chunk1.wav]|[sound:row870_chunk2.wav]|[sound:row870_chunk3.wav]
오징어	squid	*오징어* 볶음|마른 *오징어*|*오징어*를 굽다	stir-fried squid|dried squid|to grill squid	[sound:row871_chunk1.wav]|[sound:row871_chunk2.wav]|[sound:row871_chunk3.wav]
요금	fee/fare	버스 *요금*|전기 *요금*|*요금*을 내다	bus fare|electricity bill|to pay a fee	[sound:row872_chunk1.wav]|[sound:row872_chunk2.wav]|[sound:row872_chunk3.wav]
용돈	allowance	*용돈*을 받다|*용돈*을 아껴 쓰다|*용돈*이 부족하다	to receive an allowance|to save one's pocket money|to be short on allowance	[sound:row873_chunk1.wav]|[sound:row873_chunk2.wav]|[sound:row873_chunk3.wav]
전자	electronics	*전자* 제품|삼성 *전자*|*전자* 상거래	electronic products|Samsung Electronics|e-commerce	[sound:row874_chunk1.wav]|[sound:row874_chunk2.wav]|[sound:row874_chunk3.wav]
전해지다	to be delivered/transmitted	소식이 *전해지다*|전설이 *전해지다*|마음이 *전해지다*	news is delivered|a legend is passed down|one's feelings are conveyed	[sound:row875_chunk1.wav]|[sound:row875_chunk2.wav]|[sound:row875_chunk3.wav]
편리하다	to be convenient	교통이 *편리하다*|사용하기 *편리하다*|*편리한* 생활	transportation is convenient|to be convenient to use|convenient life	[sound:row876_chunk1.wav]|[sound:row876_chunk2.wav]|[sound:row876_chunk3.wav]
활발하다	to be active/lively	활동이 *활발하다*|성격이 *활발하다*|교류가 *활발하다*	activity is vigorous|to have a lively personality|exchange is active	[sound:row877_chunk1.wav]|[sound:row877_chunk2.wav]|[sound:row877_chunk3.wav]
가리다	to distinguish/choose	시비를 *가리다*|낯을 *가리다*|음식을 *가리다*	to distinguish right from wrong|to be shy with strangers|to be a picky eater	[sound:row878_chunk1.wav]|[sound:row878_chunk2.wav]|[sound:row878_chunk3.wav]
껍질	skin/shell	사과 *껍질*|조개 *껍질*|*껍질*을 벗기다	apple peel|seashell|to peel the skin	[sound:row879_chunk1.wav]|[sound:row879_chunk2.wav]|[sound:row879_chunk3.wav]
명령	order/command	*명령*을 내리다|*명령*을 따르다|군대 *명령*	to give an order|to follow a command|military order	[sound:row880_chunk1.wav]|[sound:row880_chunk2.wav]|[sound:row880_chunk3.wav]
몰래	secretly	*몰래* 나가다|*몰래* 카메라|아무도 모르게 *몰래*	to go out secretly|hidden camera|secretly without anyone knowing	[sound:row881_chunk1.wav]|[sound:row881_chunk2.wav]|[sound:row881_chunk3.wav]
무조건	unconditionally	*무조건* 믿다|*무조건* 항복|*무조건* 가야 한다	to believe unconditionally|unconditional surrender|must go no matter what	[sound:row882_chunk1.wav]|[sound:row882_chunk2.wav]|[sound:row882_chunk3.wav]
반장	class president	학급 *반장*|*반장*으로 뽑히다|*반장* 선거	class president|to be elected as class president|class president election	[sound:row883_chunk1.wav]|[sound:row883_chunk2.wav]|[sound:row883_chunk3.wav]
부근	vicinity	학교 *부근*|역 *부근*|집 *부근*을 산책하다	near the school|vicinity of the station|to walk around the neighborhood	[sound:row884_chunk1.wav]|[sound:row884_chunk2.wav]|[sound:row884_chunk3.wav]
역사가	historian	유명한 *역사가*|*역사가*의 관점|*역사가*가 기록하다	famous historian|historian's perspective|a historian records	[sound:row885_chunk1.wav]|[sound:row885_chunk2.wav]|[sound:row885_chunk3.wav]
연구자	researcher	과학 *연구자*|*연구자*의 자세|책임 *연구자*	scientific researcher|researcher's attitude|lead researcher	[sound:row886_chunk1.wav]|[sound:row886_chunk2.wav]|[sound:row886_chunk3.wav]
정리	arrangement/cleanup	방 *정리*|생각 *정리*|*정리*를 잘하다	room cleanup|organizing thoughts|to be good at organizing	[sound:row887_chunk1.wav]|[sound:row887_chunk2.wav]|[sound:row887_chunk3.wav]
조그맣다	to be tiny	*조그만* 선물|몸집이 *조그맣다*|*조그맣게* 보이다	a small gift|to be small-built|to look tiny	[sound:row888_chunk1.wav]|[sound:row888_chunk2.wav]|[sound:row888_chunk3.wav]
줄기	stem/stream	식물 *줄기*|한 *줄기* 빛|물*줄기*	plant stem|a ray of light|stream of water	[sound:row889_chunk1.wav]|[sound:row889_chunk2.wav]|[sound:row889_chunk3.wav]
찾아내다	to find out	원인을 *찾아내다*|잘못을 *찾아내다*|숨은 그림을 *찾아내다*	to find out the cause|to find a mistake|to find a hidden picture	[sound:row890_chunk1.wav]|[sound:row890_chunk2.wav]|[sound:row890_chunk3.wav]
권하다	to recommend/advise	참여를 *권하다*|차를 *권하다*|정중히 *권하다*	to recommend participating|to offer tea|to suggest politely	[sound:row891_chunk1.wav]|[sound:row891_chunk2.wav]|[sound:row891_chunk3.wav]
끝내	finally/to the end	*끝내* 거절하다|*끝내* 이뤄내다|*끝내* 나타나지 않았다	to refuse to the end|to finally achieve|didn't show up in the end	[sound:row892_chunk1.wav]|[sound:row892_chunk2.wav]|[sound:row892_chunk3.wav]
대문	main gate	집 *대문*|*대문*을 열다|*대문* 앞에 서다	house gate|to open the main gate|to stand in front of the gate	[sound:row893_chunk1.wav]|[sound:row893_chunk2.wav]|[sound:row893_chunk3.wav]
시내	downtown	*시내* 구경|*시내* 버스|*시내*에 나가다	downtown sightseeing|city bus|to go downtown	[sound:row894_chunk1.wav]|[sound:row894_chunk2.wav]|[sound:row894_chunk3.wav]
신	excitement	*신*이 나다|*신*나게 놀다|*신*을 내다	to be excited|to play with excitement|to cheer up/get excited	[sound:row895_chunk1.wav]|[sound:row895_chunk2.wav]|[sound:row895_chunk3.wav]
실내	indoors	*실내* 디자인|*실내* 낚시터|*실내*에서 금연	interior design|indoor fishing spot|no smoking indoors	[sound:row896_chunk1.wav]|[sound:row896_chunk2.wav]|[sound:row896_chunk3.wav]
쏟다	to pour/devote	물을 *쏟다*|정성을 *쏟다*|눈물을 *쏟다*	to spill water|to devote sincerity|to shed tears	[sound:row897_chunk1.wav]|[sound:row897_chunk2.wav]|[sound:row897_chunk3.wav]
연결하다	to connect	선을 *연결하다*|인터넷을 *연결하다*|전화를 *연결하다*	to connect a line|to connect to the internet|to connect a call	[sound:row898_chunk1.wav]|[sound:row898_chunk2.wav]|[sound:row898_chunk3.wav]
외교	diplomacy	*외교* 관계|*외교* 정책|*외교*관	diplomatic relations|foreign policy|diplomat	[sound:row899_chunk1.wav]|[sound:row899_chunk2.wav]|[sound:row899_chunk3.wav]
주머니	pocket	바지 *주머니*|*주머니*에 넣다|*주머니* 사정	pants pocket|to put in a pocket|financial situation (pocket status)	[sound:row900_chunk1.wav]|[sound:row900_chunk2.wav]|[sound:row900_chunk3.wav]
계약	contract	*계약*을 맺다|*계약* 기간|전세 *계약*	to sign a contract|contract period|lease contract	[sound:row901_chunk1.wav]|[sound:row901_chunk2.wav]|[sound:row901_chunk3.wav]
과장	manager/section chief	김 *과장*님|*과장* 승진|영업 *과장*	Manager Kim|promotion to manager|sales manager	[sound:row902_chunk1.wav]|[sound:row902_chunk2.wav]|[sound:row902_chunk3.wav]
부끄럽다	to be ashamed/shy	낯을 가려 *부끄럽다*|행동이 *부끄럽다*|*부끄러운* 과거	to be shy with strangers|to be ashamed of behavior|shameful past	[sound:row903_chunk1.wav]|[sound:row903_chunk2.wav]|[sound:row903_chunk3.wav]
성공	success	*성공* 비결|*성공*을 거두다|사회적 *성공*	secret to success|to achieve success|social success	[sound:row904_chunk1.wav]|[sound:row904_chunk2.wav]|[sound:row904_chunk3.wav]
신청	application	가입 *신청*|*신청* 기간|서비스를 *신청하다*	membership application|application period|to apply for service	[sound:row905_chunk1.wav]|[sound:row905_chunk2.wav]|[sound:row905_chunk3.wav]
아픔	pain	이별의 *아픔*|*아픔*을 겪다|몸의 *아픔*	pain of parting|to experience pain|physical pain	[sound:row906_chunk1.wav]|[sound:row906_chunk2.wav]|[sound:row906_chunk3.wav]
알아듣다	to understand	말을 *알아듣다*|쉽게 *알아듣다*|잘 못 *알아들었어요*	to understand what is said|to understand easily|I didn't understand well	[sound:row907_chunk1.wav]|[sound:row907_chunk2.wav]|[sound:row907_chunk3.wav]
약간	a little bit	*약간*의 차이|*약간* 늦다|*약간* 맵다	a slight difference|to be a little late|to be slightly spicy	[sound:row908_chunk1.wav]|[sound:row908_chunk2.wav]|[sound:row908_chunk3.wav]
연기	smoke	담배 *연기*|*연기*가 나다|*연기*를 마시다	cigarette smoke|smoke is rising|to inhale smoke	[sound:row909_chunk1.wav]|[sound:row909_chunk2.wav]|[sound:row909_chunk3.wav]
이동	movement/transfer	위치 *이동*|*이동* 수단|다른 곳으로 *이동하다*	change of position|means of transportation|to move to another place	[sound:row910_chunk1.wav]|[sound:row910_chunk2.wav]|[sound:row910_chunk3.wav]
기온	temperature	평균 *기온*|*기온*이 오르다|최저 *기온*	average temperature|temperature rises|minimum temperature	[sound:row911_chunk1.wav]|[sound:row911_chunk2.wav]|[sound:row911_chunk3.wav]
날아가다	to fly away	새가 *날아가다*|모자가 *날아가다*|기회가 *날아가다*	a bird flies away|a hat flies off|an opportunity vanishes	[sound:row912_chunk1.wav]|[sound:row912_chunk2.wav]|[sound:row912_chunk3.wav]
많아지다	to increase	인구가 *많아지다*|일이 *많아지다*|걱정이 *많아지다*	population increases|workload increases|worries increase	[sound:row913_chunk1.wav]|[sound:row913_chunk2.wav]|[sound:row913_chunk3.wav]
바위	rock/boulder	큰 *바위*|*바위* 위에 앉다|*바위*산	large rock|to sit on a rock|rocky mountain	[sound:row914_chunk1.wav]|[sound:row914_chunk2.wav]|[sound:row914_chunk3.wav]
버릇	habit	나쁜 *버릇*|*버릇*을 고치다|*버릇* 없는 행동	bad habit|to fix a habit|rude behavior	[sound:row915_chunk1.wav]|[sound:row915_chunk2.wav]|[sound:row915_chunk3.wav]
비판하다	to criticize	정부를 *비판하다*|냉정하게 *비판하다*|행동을 *비판하다*	to criticize the government|to criticize coldly|to criticize behavior	[sound:row916_chunk1.wav]|[sound:row916_chunk2.wav]|[sound:row916_chunk3.wav]
빨갛다	to be red	얼굴이 *빨갛다*|*빨간* 사과|입술이 *빨갛다*	face is red|red apple|lips are red	[sound:row917_chunk1.wav]|[sound:row917_chunk2.wav]|[sound:row917_chunk3.wav]
세워지다	to be established/set up	계획이 *세워지다*|건물이 *세워지다*|나라가 *세워지다*	a plan is made|a building is erected|a country is founded	[sound:row918_chunk1.wav]|[sound:row918_chunk2.wav]|[sound:row918_chunk3.wav]
술집	bar/pub	단골 *술집*|*술집*에 가다|동네 *술집*	regular bar|to go to a pub|neighborhood bar	[sound:row919_chunk1.wav]|[sound:row919_chunk2.wav]|[sound:row919_chunk3.wav]
쉬다	to breathe	숨을 *쉬다*|깊게 숨을 *쉬다*|숨을 *쉴* 수 없다	to breathe|to take a deep breath|cannot breathe	[sound:row920_chunk1.wav]|[sound:row920_chunk2.wav]|[sound:row920_chunk3.wav]
전체적	overall	*전체적*인 분위기|*전체적*으로 검토하다|*전체적*인 흐름	overall atmosphere|to review overall|overall flow	[sound:row921_chunk1.wav]|[sound:row921_chunk2.wav]|[sound:row921_chunk3.wav]
절반	half	*절반*으로 나누다|*절반* 가격|*절반* 이상	to divide in half|half price|more than half	[sound:row922_chunk1.wav]|[sound:row922_chunk2.wav]|[sound:row922_chunk3.wav]
편안하다	to be comfortable	마음이 *편안하다*|*편안한* 자세|*편안하게* 쉬다	to be at peace|comfortable posture|to rest comfortably	[sound:row923_chunk1.wav]|[sound:row923_chunk2.wav]|[sound:row923_chunk3.wav]
풍경	scenery	아름다운 *풍경*|겨울 *풍경*|*풍경* 사진	beautiful scenery|winter landscape|scenery photo	[sound:row924_chunk1.wav]|[sound:row924_chunk2.wav]|[sound:row924_chunk3.wav]
확실히	certainly/clearly	*확실히* 말하다|*확실히* 다르다|*확실히* 끝내다	to say clearly|to be certainly different|to finish definitely	[sound:row925_chunk1.wav]|[sound:row925_chunk2.wav]|[sound:row925_chunk3.wav]
갈다	to grind/sharpen	칼을 *갈다*|이를 *갈다*|커피를 *갈다*	to sharpen a knife|to grind one's teeth|to grind coffee	[sound:row926_chunk1.wav]|[sound:row926_chunk2.wav]|[sound:row926_chunk3.wav]
교류	exchange	문화 *교류*|정보 *교류*|*교류*를 확대하다	cultural exchange|information exchange|to expand exchange	[sound:row927_chunk1.wav]|[sound:row927_chunk2.wav]|[sound:row927_chunk3.wav]
글쓰기	writing	*글쓰기* 연습|창의적 *글쓰기*|*글쓰기* 숙제	writing practice|creative writing|writing assignment	[sound:row928_chunk1.wav]|[sound:row928_chunk2.wav]|[sound:row928_chunk3.wav]
내내	throughout	방학 *내내*|하루 *내내*|일 년 *내내*	throughout the vacation|all day long|all year round	[sound:row929_chunk1.wav]|[sound:row929_chunk2.wav]|[sound:row929_chunk3.wav]
대기업	large corporation	*대기업* 취업|*대기업* 위주|국내 *대기업*	employment at a large firm|conglomerate-oriented|domestic large corporation	[sound:row930_chunk1.wav]|[sound:row930_chunk2.wav]|[sound:row930_chunk3.wav]
도구	tool	필기 *도구*|요리 *도구*|*도구*를 사용하다	writing tools|cooking utensils|to use a tool	[sound:row931_chunk1.wav]|[sound:row931_chunk2.wav]|[sound:row931_chunk3.wav]
매력	charm	*매력*이 넘치다|*매력*적인 목소리|그녀의 *매력*	to be full of charm|charming voice|her attraction	[sound:row932_chunk1.wav]|[sound:row932_chunk2.wav]|[sound:row932_chunk3.wav]
보험	insurance	건강 *보험*|*보험*에 가입하다|자동차 *보험*	health insurance|to take out insurance|car insurance	[sound:row933_chunk1.wav]|[sound:row933_chunk2.wav]|[sound:row933_chunk3.wav]
부럽다	to be envious	네가 정말 *부럽다*|*부러운* 눈빛|남이 *부럽지* 않다	I'm so envious of you|envious look|not envious of others	[sound:row934_chunk1.wav]|[sound:row934_chunk2.wav]|[sound:row934_chunk3.wav]
부장	department head	영업 *부장*|*부장* 승진|박 *부장*님	sales department head|promotion to department head|Department Head Park	[sound:row935_chunk1.wav]|[sound:row935_chunk2.wav]|[sound:row935_chunk3.wav]
섞이다	to be mixed	물이 *섞이다*|인파에 *섞이다*|웃음이 *섞인* 목소리	to be mixed with water|to be mixed in a crowd|a voice mixed with laughter	[sound:row936_chunk1.wav]|[sound:row936_chunk2.wav]|[sound:row936_chunk3.wav]
심리	psychology	군중 *심리*|*심리* 치료|소비자 *심리*	mob psychology|psychotherapy|consumer psychology	[sound:row937_chunk1.wav]|[sound:row937_chunk2.wav]|[sound:row937_chunk3.wav]
쏘다	to shoot	총을 *쏘다*|화살을 *쏘다*|눈총을 *쏘다*	to shoot a gun|to shoot an arrow|to give a sharp look	[sound:row938_chunk1.wav]|[sound:row938_chunk2.wav]|[sound:row938_chunk3.wav]
위치하다	to be located	중심에 *위치하다*|산기슭에 *위치한* 집|어디에 *위치합니까*	to be located in the center|a house located at the foot of a mountain|where is it located	[sound:row939_chunk1.wav]|[sound:row939_chunk2.wav]|[sound:row939_chunk3.wav]
이틀	two days	*이틀* 동안|*이틀* 뒤에|*이틀*을 쉬다	for two days|after two days|to rest for two days	[sound:row940_chunk1.wav]|[sound:row940_chunk2.wav]|[sound:row940_chunk3.wav]
전달하다	to deliver/convey	메시지를 *전달하다*|물건을 *전달하다*|의미를 *전달하다*	to deliver a message|to deliver an item|to convey meaning	[sound:row941_chunk1.wav]|[sound:row941_chunk2.wav]|[sound:row941_chunk3.wav]
정말로	really	*정말로* 미안해|*정말로* 맛있다|*정말로* 믿기지 않는다	I'm really sorry|it's really delicious|truly unbelievable	[sound:row942_chunk1.wav]|[sound:row942_chunk2.wav]|[sound:row942_chunk3.wav]
코너	corner	화장품 *코너*|*코너*를 돌다|코너에 *몰리다*	cosmetics corner|to turn a corner|to be cornered	[sound:row943_chunk1.wav]|[sound:row943_chunk2.wav]|[sound:row943_chunk3.wav]
행동하다	to act/behave	바르게 *행동하다*|말보다 먼저 *행동하다*|신중하게 *행동하다*	to behave correctly|to act before speaking|to act cautiously	[sound:row944_chunk1.wav]|[sound:row944_chunk2.wav]|[sound:row944_chunk3.wav]
감동	emotion/impression	깊은 *감동*|*감동*을 주다|*감동*적인 영화	deep impression|to touch someone's heart|moving movie	[sound:row945_chunk1.wav]|[sound:row945_chunk2.wav]|[sound:row945_chunk3.wav]
굳이	obstinately/purposely	*굳이* 갈 필요 없다|*굳이* 말하자면|*굳이* 사양하다	no need to go purposely|if I have to say it|to decline obstinately	[sound:row946_chunk1.wav]|[sound:row946_chunk2.wav]|[sound:row946_chunk3.wav]
그늘	shade	나무 *그늘*|*그늘*에 앉다|*그늘*진 곳	tree shade|to sit in the shade|shaded place	[sound:row947_chunk1.wav]|[sound:row947_chunk2.wav]|[sound:row947_chunk3.wav]
급하다	to be urgent/hurried	성격이 *급하다*|일이 *급하다*|마음이 *급하다*	to be impatient|the matter is urgent|to be in a hurry (mentally)	[sound:row948_chunk1.wav]|[sound:row948_chunk2.wav]|[sound:row948_chunk3.wav]
달걀	egg	*달걀* 프라이|*달걀*을 삶다|*달걀* 한 판	fried egg|to boil an egg|a carton of eggs	[sound:row949_chunk1.wav]|[sound:row949_chunk2.wav]|[sound:row949_chunk3.wav]
대중문화	pop culture	한국 *대중문화*|*대중문화*의 영향|*대중문화*를 즐기다	Korean pop culture|influence of pop culture|to enjoy popular culture	[sound:row950_chunk1.wav]|[sound:row950_chunk2.wav]|[sound:row950_chunk3.wav]
마련되다	to be prepared	자리가 *마련되다*|예산이 *마련되다*|대책이 *마련되다*	a seat/place is prepared|budget is arranged|measures are prepared	[sound:row951_chunk1.wav]|[sound:row951_chunk2.wav]|[sound:row951_chunk3.wav]
마루	wooden floor	*마루*를 닦다|대청*마루*|*마루*에 앉다	to wipe the floor|main hall floor|to sit on the wooden floor	[sound:row952_chunk1.wav]|[sound:row952_chunk2.wav]|[sound:row952_chunk3.wav]
무게	weight	*무게*를 재다|몸*무게*|*무게*가 나가다	to measure weight|body weight|to be heavy	[sound:row953_chunk1.wav]|[sound:row953_chunk2.wav]|[sound:row953_chunk3.wav]
성적	grade/result	*성적*이 오르다|학기 *성적*|*성적*표	grades improve|semester grades|report card	[sound:row954_chunk1.wav]|[sound:row954_chunk2.wav]|[sound:row954_chunk3.wav]
솔직히	honestly	*솔직히* 말해서|*솔직히* 인정하다|*솔직히* 고백하다	to be honest|to admit honestly|to confess truthfully	[sound:row955_chunk1.wav]|[sound:row955_chunk2.wav]|[sound:row955_chunk3.wav]
시도하다	to try/attempt	새로운 것을 *시도하다*|탈출을 *시도하다*|끊임없이 *시도하다*	to try something new|to attempt an escape|to try constantly	[sound:row956_chunk1.wav]|[sound:row956_chunk2.wav]|[sound:row956_chunk3.wav]
예절	etiquette	예의 *예절*|식사 *예절*|*예절*을 지키다	manners and etiquette|table manners|to follow etiquette	[sound:row957_chunk1.wav]|[sound:row957_chunk2.wav]|[sound:row957_chunk3.wav]
인상	impression	첫 *인상*|강한 *인상을* 주다|*인상이* 좋다	first impression|to give a strong impression|to have a good impression	[sound:row958_chunk1.wav]|[sound:row958_chunk2.wav]|[sound:row958_chunk3.wav]
인터넷	internet	*인터넷* 검색|*인터넷*을 연결하다|*인터넷* 뱅킹	internet search|to connect to the internet|internet banking	[sound:row959_chunk1.wav]|[sound:row959_chunk2.wav]|[sound:row959_chunk3.wav]
적용하다	to apply	법을 *적용하다*|기술을 *적용하다*|새 규정을 *적용하다*	to apply the law|to apply technology|to apply new regulations	[sound:row960_chunk1.wav]|[sound:row960_chunk2.wav]|[sound:row960_chunk3.wav]
전통적	traditional	*전통적* 방식|*전통적* 가치|매우 *전통적이다*	traditional method|traditional values|to be very traditional	[sound:row961_chunk1.wav]|[sound:row961_chunk2.wav]|[sound:row961_chunk3.wav]
참가하다	to participate	대회에 *참가하다*|모임에 *참가하다*|축제에 *참가하다*	to participate in a contest|to join a meeting|to participate in a festival	[sound:row962_chunk1.wav]|[sound:row962_chunk2.wav]|[sound:row962_chunk3.wav]
친척	relative	가까운 *친척*|*친척* 집|*친척*들을 만나다	close relative|relative's house|to meet relatives	[sound:row963_chunk1.wav]|[sound:row963_chunk2.wav]|[sound:row963_chunk3.wav]
그다지	not particularly	*그다지* 크지 않다|*그다지* 좋지 않다|*그다지* 멀지 않다	not that big|not particularly good|not so far	[sound:row964_chunk1.wav]|[sound:row964_chunk2.wav]|[sound:row964_chunk3.wav]
긴장	tension	*긴장을* 풀다|*긴장* 속에 살다|몹시 *긴장되다*	to relax|to live in tension|to be very nervous	[sound:row965_chunk1.wav]|[sound:row965_chunk2.wav]|[sound:row965_chunk3.wav]
따라가다	to follow	앞차를 *따라가다*|유행을 *따라가다*|엄마를 *따라가다*	to follow the car in front|to follow a trend|to follow one's mother	[sound:row966_chunk1.wav]|[sound:row966_chunk2.wav]|[sound:row966_chunk3.wav]
부처	government department	정부 *부처*|해당 *부처*|여러 *부처*	government department|the relevant department|various departments	[sound:row967_chunk1.wav]|[sound:row967_chunk2.wav]|[sound:row967_chunk3.wav]
숙이다	to lower	고개를 *숙이다*|허리를 *숙이다*|몸을 *숙이다*	to lower one's head|to bend at the waist|to lean down	[sound:row968_chunk1.wav]|[sound:row968_chunk2.wav]|[sound:row968_chunk3.wav]
아가씨	young lady	동네 *아가씨*|예쁜 *아가씨*|모르는 *아가씨*	neighborhood young lady|pretty young lady|unknown young lady	[sound:row969_chunk1.wav]|[sound:row969_chunk2.wav]|[sound:row969_chunk3.wav]
온도	temperature	바깥 *온도*|*온도가* 높다|*온도를* 조절하다	outside temperature|temperature is high|to adjust the temperature	[sound:row970_chunk1.wav]|[sound:row970_chunk2.wav]|[sound:row970_chunk3.wav]
이마	forehead	*이마가* 넓다|*이마를* 짚다|*이마에* 땀	to have a wide forehead|to feel someone's forehead|sweat on the forehead	[sound:row971_chunk1.wav]|[sound:row971_chunk2.wav]|[sound:row971_chunk3.wav]
절대로	never	*절대로* 안 된다|*절대로* 잊지 마|*절대로* 비밀이다	absolutely not|never forget|it is an absolute secret	[sound:row972_chunk1.wav]|[sound:row972_chunk2.wav]|[sound:row972_chunk3.wav]
지붕	roof	빨간 *지붕*|*지붕* 위에|*지붕을* 고치다	red roof|on the roof|to fix a roof	[sound:row973_chunk1.wav]|[sound:row973_chunk2.wav]|[sound:row973_chunk3.wav]
진짜	really	*진짜* 보석|*진짜* 맛있다|*진짜* 사실이다	real jewel|really delicious|it is truly the truth	[sound:row974_chunk1.wav]|[sound:row974_chunk2.wav]|[sound:row974_chunk3.wav]
짙다	to be thick	안개가 *짙다*|색이 *짙다*|화장이 *짙다*	fog is thick|color is deep|makeup is heavy	[sound:row975_chunk1.wav]|[sound:row975_chunk2.wav]|[sound:row975_chunk3.wav]
창밖	outside the window	*창밖을* 내다보다|*창밖* 풍경|*창밖으로* 던지다	to look out the window|scenery outside the window|to throw out the window	[sound:row976_chunk1.wav]|[sound:row976_chunk2.wav]|[sound:row976_chunk3.wav]
햇살	sunlight	눈부신 *햇살*|따스한 *햇살*|*햇살이* 비치다	dazzling sunlight|warm sunshine|sunlight shines	[sound:row977_chunk1.wav]|[sound:row977_chunk2.wav]|[sound:row977_chunk3.wav]
경제적	economical	*경제적* 어려움|*경제적* 이익|매우 *경제적이다*	economic difficulty|economic benefit|to be very economical	[sound:row978_chunk1.wav]|[sound:row978_chunk2.wav]|[sound:row978_chunk3.wav]
담당하다	to be in charge	업무를 *담당하다*|사건을 *담당하다*|안내를 *담당하다*	to handle tasks|to be in charge of a case|to be responsible for guidance	[sound:row979_chunk1.wav]|[sound:row979_chunk2.wav]|[sound:row979_chunk3.wav]
벗기다	to take off	껍질을 *벗기다*|옷을 *벗기다*|신발을 *벗기다*	to peel the skin|to undress someone|to take off someone's shoes	[sound:row980_chunk1.wav]|[sound:row980_chunk2.wav]|[sound:row980_chunk3.wav]
불빛	light	밝은 *불빛*|가로등 *불빛*|멀리 보이는 *불빛*	bright light|street light|light seen in the distance	[sound:row981_chunk1.wav]|[sound:row981_chunk2.wav]|[sound:row981_chunk3.wav]
시청자	viewer	*시청자* 게시판|많은 *시청자*|*시청자* 의견	viewer bulletin board|many viewers|viewer opinion	[sound:row982_chunk1.wav]|[sound:row982_chunk2.wav]|[sound:row982_chunk3.wav]
완벽하다	to be perfect	*완벽한* 계획|준비가 *완벽하다*|영어가 *완벽하다*	perfect plan|preparation is perfect|English is perfect	[sound:row983_chunk1.wav]|[sound:row983_chunk2.wav]|[sound:row983_chunk3.wav]
절	Buddhist temple	*절에* 다니다|조용한 *절*|유명한 *절*	to go to a temple|quiet temple|famous temple	[sound:row984_chunk1.wav]|[sound:row984_chunk2.wav]|[sound:row984_chunk3.wav]
종업원	employee	식당 *종업원*|친절한 *종업원*|*종업원을* 부르다	restaurant server|kind employee|to call a staff member	[sound:row985_chunk1.wav]|[sound:row985_chunk2.wav]|[sound:row985_chunk3.wav]
학기	semester	이번 *학기*|새 *학기* 시작|지난 *학기* 성적	this semester|start of a new semester|grades from last semester	[sound:row986_chunk1.wav]|[sound:row986_chunk2.wav]|[sound:row986_chunk3.wav]
한동안	for a while	*한동안* 못 봤다|*한동안* 조용하다|*한동안* 쉬다	haven't seen for a while|to be quiet for a while|to rest for a while	[sound:row987_chunk1.wav]|[sound:row987_chunk2.wav]|[sound:row987_chunk3.wav]
만지다	to touch	손으로 *만지다*|기계를 *만지다*|돈을 *만지다*	to touch with hands|to handle a machine|to touch money	[sound:row988_chunk1.wav]|[sound:row988_chunk2.wav]|[sound:row988_chunk3.wav]
목사	pastor	교회 *목사*|*목사*님의 설교|*목사가* 되다	church pastor|pastor's sermon|to become a pastor	[sound:row989_chunk1.wav]|[sound:row989_chunk2.wav]|[sound:row989_chunk3.wav]
바늘	needle	*바늘*과 실|*바늘에* 찔리다|*바늘* 구멍	needle and thread|to be pricked by a needle|eye of a needle	[sound:row990_chunk1.wav]|[sound:row990_chunk2.wav]|[sound:row990_chunk3.wav]
부	unit	한 *부* 주다|신문 세 *부*|서류 열 *부*	to give one copy|three copies of newspaper|ten copies of documents	[sound:row991_chunk1.wav]|[sound:row991_chunk2.wav]|[sound:row991_chunk3.wav]
수입	income	월 *수입*|*수입이* 적다|*수입이* 늘다	monthly income|income is low|income increases	[sound:row992_chunk1.wav]|[sound:row992_chunk2.wav]|[sound:row992_chunk3.wav]
양쪽	both sides	*양쪽* 다리|*양쪽* 길|*양쪽* 모두	both legs|both paths|both sides	[sound:row993_chunk1.wav]|[sound:row993_chunk2.wav]|[sound:row993_chunk3.wav]
짐	luggage	*짐을* 싸다|무거운 *짐*|*짐을* 옮기다	to pack luggage|heavy load|to move luggage	[sound:row994_chunk1.wav]|[sound:row994_chunk2.wav]|[sound:row994_chunk3.wav]
풀	grass	*풀을* 베다|*풀이* 자라다|푸른 *풀*	to cut grass|grass grows|green grass	[sound:row995_chunk1.wav]|[sound:row995_chunk2.wav]|[sound:row995_chunk3.wav]
해마다	every year	*해마다* 열리다|*해마다* 다르다|*해마다* 증가하다	to be held every year|to be different every year|to increase every year	[sound:row996_chunk1.wav]|[sound:row996_chunk2.wav]|[sound:row996_chunk3.wav]
후배	junior	학교 *후배*|아끼는 *후배*|*후배를* 챙기다	school junior|dear junior|to look after a junior	[sound:row997_chunk1.wav]|[sound:row997_chunk2.wav]|[sound:row997_chunk3.wav]
휴가	vacation	여름 *휴가*|*휴가를* 가다|*휴가* 기간	summer vacation|to go on vacation|vacation period	[sound:row998_chunk1.wav]|[sound:row998_chunk2.wav]|[sound:row998_chunk3.wav]
국회의원	assembly member	*국회의원* 선거|젊은 *국회의원*|*국회의원이* 되다	assembly member election|young assembly member|to become an assembly member	[sound:row999_chunk1.wav]|[sound:row999_chunk2.wav]|[sound:row999_chunk3.wav]
뻗다	to stretch out	손을 *뻗다*|다리를 *뻗다*|길이 *뻗다*	to reach out one's hand|to stretch one's legs|the road extends	[sound:row1000_chunk1.wav]|[sound:row1000_chunk2.wav]|[sound:row1000_chunk3.wav]
생활하다	to live	성실히 *생활하다*|외국에서 *생활하다*|함께 *생활하다*	to live diligently|to live abroad|to live together	[sound:row1001_chunk1.wav]|[sound:row1001_chunk2.wav]|[sound:row1001_chunk3.wav]
솔직하다	to be honest	*솔직한* 대답|*솔직하게* 말하다|기분이 *솔직하다*	honest answer|to speak honestly|to be honest about feelings	[sound:row1002_chunk1.wav]|[sound:row1002_chunk2.wav]|[sound:row1002_chunk3.wav]
안타깝다	to be pitiful	정말 *안타깝다*|*안타까운* 소식|마음이 *안타깝다*	it's really a pity|sad news|to feel sorry for	[sound:row1003_chunk1.wav]|[sound:row1003_chunk2.wav]|[sound:row1003_chunk3.wav]
이르다	to be early	시간이 *이르다*|*이른* 아침|포기하기에는 *이르다*	it is early|early morning|it is too early to give up	[sound:row1004_chunk1.wav]|[sound:row1004_chunk2.wav]|[sound:row1004_chunk3.wav]
젓다	to stir	커피를 *젓다*|손을 *젓다*|노를 *젓다*	to stir coffee|to wave one's hand|to row a boat	[sound:row1005_chunk1.wav]|[sound:row1005_chunk2.wav]|[sound:row1005_chunk3.wav]
축제	festival	지역 *축제*|*축제를* 즐기다|학교 *축제*	local festival|to enjoy a festival|school festival	[sound:row1006_chunk1.wav]|[sound:row1006_chunk2.wav]|[sound:row1006_chunk3.wav]
터뜨리다	to burst	풍선을 *터뜨리다*|울음을 *터뜨리다*|웃음을 *터뜨리다*	to pop a balloon|to burst into tears|to burst out laughing	[sound:row1007_chunk1.wav]|[sound:row1007_chunk2.wav]|[sound:row1007_chunk3.wav]
학습	learning	자기 *학습*|*학습* 내용|언어 *학습*	self-learning|learning content|language learning	[sound:row1008_chunk1.wav]|[sound:row1008_chunk2.wav]|[sound:row1008_chunk3.wav]
높이	high	*높이* 날다|*높이* 쌓다|*높이* 뛰다	to fly high|to pile up high|to jump high	[sound:row1009_chunk1.wav]|[sound:row1009_chunk2.wav]|[sound:row1009_chunk3.wav]
당연히	naturally	*당연히* 해야지|*당연히* 알다|*당연히* 그렇다	naturally should do it|to know of course|it is naturally so	[sound:row1010_chunk1.wav]|[sound:row1010_chunk2.wav]|[sound:row1010_chunk3.wav]
떨리다	to tremble	목소리가 *떨리다*|손이 *떨리다*|가슴이 *떨리다*	voice trembles|hands are shaking|heart flutters	[sound:row1011_chunk1.wav]|[sound:row1011_chunk2.wav]|[sound:row1011_chunk3.wav]
마구	recklessly	*마구* 쓰다|*마구* 달리다|돈을 *마구* 쓰다	to use recklessly|to run wildly|to spend money blindly	[sound:row1012_chunk1.wav]|[sound:row1012_chunk2.wav]|[sound:row1012_chunk3.wav]
만남	meeting	첫 *만남*|우연한 *만남*|*만남의* 광장	first meeting|chance encounter|meeting plaza	[sound:row1013_chunk1.wav]|[sound:row1013_chunk2.wav]|[sound:row1013_chunk3.wav]
미디어	media	소셜 *미디어*|*미디어* 교육|대중 *미디어*	social media|media education|mass media	[sound:row1014_chunk1.wav]|[sound:row1014_chunk2.wav]|[sound:row1014_chunk3.wav]
복도	hallway	*복도를* 지나다|긴 *복도*|*복도* 끝	to pass through the hallway|long corridor|end of the hallway	[sound:row1015_chunk1.wav]|[sound:row1015_chunk2.wav]|[sound:row1015_chunk3.wav]
수상	prime minister	일본 *수상*|*수상* 회담|영국 *수상*	Prime Minister of Japan|summit of prime ministers|British Prime Minister	[sound:row1016_chunk1.wav]|[sound:row1016_chunk2.wav]|[sound:row1016_chunk3.wav]
자랑스럽다	to be proud	부모님이 *자랑스럽다*|*자랑스러운* 아들|내가 *자랑스럽다*	to be proud of parents|proud son|to be proud of myself	[sound:row1017_chunk1.wav]|[sound:row1017_chunk2.wav]|[sound:row1017_chunk3.wav]
적당하다	to be suitable	온도가 *적당하다*|*적당한* 크기|*적당하게* 먹다	temperature is suitable|appropriate size|to eat moderately	[sound:row1018_chunk1.wav]|[sound:row1018_chunk2.wav]|[sound:row1018_chunk3.wav]
진행하다	to proceed	공사를 *진행하다*|회의를 *진행하다*|순조롭게 *진행하다*	to carry out construction|to conduct a meeting|to proceed smoothly	[sound:row1019_chunk1.wav]|[sound:row1019_chunk2.wav]|[sound:row1019_chunk3.wav]
곳곳	here and there	전국 *곳곳*|*곳곳에* 피다|길 *곳곳이*	all over the country|to bloom here and there|every part of the road	[sound:row1020_chunk1.wav]|[sound:row1020_chunk2.wav]|[sound:row1020_chunk3.wav]
금지	prohibition	출입 *금지*|사용 *금지*|주차 *금지*	no entry|prohibited use|no parking	[sound:row1021_chunk1.wav]|[sound:row1021_chunk2.wav]|[sound:row1021_chunk3.wav]
내지	or	두 명 *내지* 세 명|천 원 *내지* 이천 원|국내 *내지* 국외	two or three people|1,000 to 2,000 won|domestic or overseas	[sound:row1022_chunk1.wav]|[sound:row1022_chunk2.wav]|[sound:row1022_chunk3.wav]
달려오다	to come running	멀리서 *달려오다*|집으로 *달려오다*|내게 *달려오다*	to come running from afar|to rush home|to run towards me	[sound:row1023_chunk1.wav]|[sound:row1023_chunk2.wav]|[sound:row1023_chunk3.wav]
둘러보다	to look around	가게를 *둘러보다*|주위를 *둘러보다*|한번 *둘러보다*	to look around a shop|to look around the surroundings|to take a look around	[sound:row1024_chunk1.wav]|[sound:row1024_chunk2.wav]|[sound:row1024_chunk3.wav]
비교	comparison	가격 *비교*|*비교가* 안 되다|상대와 *비교*	price comparison|beyond comparison|comparison with opponent	[sound:row1025_chunk1.wav]|[sound:row1025_chunk2.wav]|[sound:row1025_chunk3.wav]
역사적	historical	*역사적* 사건|*역사적* 배경|매우 *역사적이다*	historical event|historical background|to be very historical	[sound:row1026_chunk1.wav]|[sound:row1026_chunk2.wav]|[sound:row1026_chunk3.wav]
열차	train	급행 *열차*|*열차* 시간|*열차에* 타다	express train|train time|to board a train	[sound:row1027_chunk1.wav]|[sound:row1027_chunk2.wav]|[sound:row1027_chunk3.wav]
유난히	unusually	*유난히* 덥다|*유난히* 밝다|*유난히* 예쁘다	to be unusually hot|to be exceptionally bright|to be exceptionally pretty	[sound:row1028_chunk1.wav]|[sound:row1028_chunk2.wav]|[sound:row1028_chunk3.wav]
잠들다	to fall asleep	깊이 *잠들다*|금방 *잠들다*|아기가 *잠들다*	to fall into a deep sleep|to fall asleep quickly|the baby falls asleep	[sound:row1029_chunk1.wav]|[sound:row1029_chunk2.wav]|[sound:row1029_chunk3.wav]
정식	formal	*정식* 절차|*정식* 직원|*정식으로* 사과하다	formal procedure|regular employee|to apologize formally	[sound:row1030_chunk1.wav]|[sound:row1030_chunk2.wav]|[sound:row1030_chunk3.wav]
즉시	immediately	*즉시* 보고하다|*즉시* 실행하다|*즉시* 대답하다	to report immediately|to execute immediately|to answer at once	[sound:row1031_chunk1.wav]|[sound:row1031_chunk2.wav]|[sound:row1031_chunk3.wav]
최선	the best	*최선을* 다하다|*최선의* 방법|*최선이* 아니다	to do one's best|the best way|it is not the best	[sound:row1032_chunk1.wav]|[sound:row1032_chunk2.wav]|[sound:row1032_chunk3.wav]
탑	tower	높은 *탑*|*탑을* 쌓다|석 *탑*	high tower|to build a tower|stone pagoda	[sound:row1033_chunk1.wav]|[sound:row1033_chunk2.wav]|[sound:row1033_chunk3.wav]
활동하다	to be active	활발히 *활동하다*|가수로 *활동하다*|사회에서 *활동하다*	to be actively active|to be active as a singer|to be active in society	[sound:row1034_chunk1.wav]|[sound:row1034_chunk2.wav]|[sound:row1034_chunk3.wav]
건축	architecture	현대 *건축*|*건축* 설계|*건축* 공사	modern architecture|architectural design|construction work	[sound:row1035_chunk1.wav]|[sound:row1035_chunk2.wav]|[sound:row1035_chunk3.wav]
귀엽다	to be cute	아이가 *귀엽다*|*귀여운* 강아지|행동이 *귀엽다*	the child is cute|cute puppy|to act cute	[sound:row1036_chunk1.wav]|[sound:row1036_chunk2.wav]|[sound:row1036_chunk3.wav]
답답하다	to be frustrated	가슴이 *답답하다*|*답답한* 공기|속이 *답답하다*	to feel heavy in the chest|stuffy air|to feel frustrated inside	[sound:row1037_chunk1.wav]|[sound:row1037_chunk2.wav]|[sound:row1037_chunk3.wav]
당황하다	to be flustered	몹시 *당황하다*|*당황한* 표정|갑자기 *당황하다*	to be very flustered|flustered look|to be suddenly flustered	[sound:row1038_chunk1.wav]|[sound:row1038_chunk2.wav]|[sound:row1038_chunk3.wav]
떨어뜨리다	to drop	지갑을 *떨어뜨리다*|성적을 *떨어뜨리다*|컵을 *떨어뜨리다*	to drop a wallet|to lower grades|to drop a cup	[sound:row1039_chunk1.wav]|[sound:row1039_chunk2.wav]|[sound:row1039_chunk3.wav]
똑같이	equally	*똑같이* 나누다|둘이 *똑같이*|*똑같이* 생기다	to divide equally|both exactly the same|to look exactly the same	[sound:row1040_chunk1.wav]|[sound:row1040_chunk2.wav]|[sound:row1040_chunk3.wav]
말	horse	*말을* 타다|*말* 농장|빠른 *말*	to ride a horse|horse farm|fast horse	[sound:row1041_chunk1.wav]|[sound:row1041_chunk2.wav]|[sound:row1041_chunk3.wav]
밀가루	flour	*밀가루* 반죽|*밀가루* 음식|*밀가루를* 묻히다	flour dough|flour-based food|to coat with flour	[sound:row1042_chunk1.wav]|[sound:row1042_chunk2.wav]|[sound:row1042_chunk3.wav]
바깥	outside	*바깥* 날씨|*바깥으로* 나가다|*바깥* 구경	outside weather|to go outside|looking outside	[sound:row1043_chunk1.wav]|[sound:row1043_chunk2.wav]|[sound:row1043_chunk3.wav]
벌리다	to open	입을 *벌리다*|간격을 *벌리다*|팔을 *벌리다*	to open one's mouth|to widen a gap|to spread one's arms	[sound:row1044_chunk1.wav]|[sound:row1044_chunk2.wav]|[sound:row1044_chunk3.wav]
보고서	report	결과 *보고서*|*보고서를* 쓰다|*보고서를* 제출하다	result report|to write a report|to submit a report	[sound:row1045_chunk1.wav]|[sound:row1045_chunk2.wav]|[sound:row1045_chunk3.wav]
보관하다	to store	짐을 *보관하다*|서류를 *보관하다*|냉장고에 *보관하다*	to store luggage|to keep documents|to store in a refrigerator	[sound:row1046_chunk1.wav]|[sound:row1046_chunk2.wav]|[sound:row1046_chunk3.wav]
부딪치다	to bump into	차에 *부딪치다*|벽에 *부딪치다*|난관에 *부딪치다*	to crash into a car|to bump into a wall|to face a difficulty	[sound:row1047_chunk1.wav]|[sound:row1047_chunk2.wav]|[sound:row1047_chunk3.wav]
빨래	laundry	*빨래를* 하다|*빨래를* 널다|*빨래* 바구니	to do the laundry|to hang the laundry|laundry basket	[sound:row1048_chunk1.wav]|[sound:row1048_chunk2.wav]|[sound:row1048_chunk3.wav]
상하다	to go bad	음식이 *상하다*|기분이 *상하다*|피부가 *상하다*	food goes bad|to feel hurt|skin is damaged	[sound:row1049_chunk1.wav]|[sound:row1049_chunk2.wav]|[sound:row1049_chunk3.wav]
식용유	cooking oil	*식용유를* 두르다|콩 *식용유*|*식용유* 한 통	to grease with oil|soybean oil|a bottle of cooking oil	[sound:row1050_chunk1.wav]|[sound:row1050_chunk2.wav]|[sound:row1050_chunk3.wav]
겁	fear	*겁이* 나다|*겁을* 주다|*겁이* 많다	to be scared|to frighten someone|to be very fearful	[sound:row1051_chunk1.wav]|[sound:row1051_chunk2.wav]|[sound:row1051_chunk3.wav]
산소	oxygen	*산소* 부족|*산소를* 공급하다|신선한 *산소*	lack of oxygen|to supply oxygen|fresh oxygen	[sound:row1052_chunk1.wav]|[sound:row1052_chunk2.wav]|[sound:row1052_chunk3.wav]
석유	oil	*석유* 가격|*석유*가 나오다|*석유* 난로	oil price|to produce oil|oil heater	[sound:row1053_chunk1.wav]|[sound:row1053_chunk2.wav]|[sound:row1053_chunk3.wav]
소리치다	to shout	큰 소리로 *소리치다*|도와달라고 *소리치다*|이름을 *소리치다*	to shout loudly|to scream for help|to call out a name	[sound:row1054_chunk1.wav]|[sound:row1054_chunk2.wav]|[sound:row1054_chunk3.wav]
신선하다	to be fresh	*신선한* 채소|공기가 *신선하다*|생선이 *신선하다*	fresh vegetables|air is fresh|fish is fresh	[sound:row1055_chunk1.wav]|[sound:row1055_chunk2.wav]|[sound:row1055_chunk3.wav]
장	chapter	제 일 *장*|마지막 *장*|다음 *장을* 읽다	Chapter 1|final chapter|to read the next chapter	[sound:row1056_chunk1.wav]|[sound:row1056_chunk2.wav]|[sound:row1056_chunk3.wav]
적	enemy	*적을* 물리치다|*적이* 되다|공공의 *적*	to defeat the enemy|to become enemies|public enemy	[sound:row1057_chunk1.wav]|[sound:row1057_chunk2.wav]|[sound:row1057_chunk3.wav]
조심하다	to be careful	차를 *조심하다*|감기 *조심하세요*|말을 *조심하다*	to be careful of cars|please be careful not to catch a cold|to be careful with one's words	[sound:row1058_chunk1.wav]|[sound:row1058_chunk2.wav]|[sound:row1058_chunk3.wav]
질	quality	*질이* 좋다|제품의 *질*|*질을* 높이다	quality is good|quality of a product|to improve the quality	[sound:row1059_chunk1.wav]|[sound:row1059_chunk2.wav]|[sound:row1059_chunk3.wav]
찌르다	to pierce	바늘로 *찌르다*|가슴을 *찌르다*|옆구리를 *찌르다*	to prick with a needle|to pierce the heart|to poke in the side	[sound:row1060_chunk1.wav]|[sound:row1060_chunk2.wav]|[sound:row1060_chunk3.wav]
책임자	person in charge	현장 *책임자*|*책임자를* 부르다|최고 *책임자*	site manager|to call the person in charge|chief executive	[sound:row1061_chunk1.wav]|[sound:row1061_chunk2.wav]|[sound:row1061_chunk3.wav]
확대되다	to be expanded	범위가 *확대되다*|수입이 *확대되다*|조직이 *확대되다*	the scope is expanded|imports are expanded|the organization is expanded	[sound:row1062_chunk1.wav]|[sound:row1062_chunk2.wav]|[sound:row1062_chunk3.wav]
거실	living room	*거실* 소파|*거실에서* 쉬다|넓은 *거실*	living room sofa|to rest in the living room|spacious living room	[sound:row1063_chunk1.wav]|[sound:row1063_chunk2.wav]|[sound:row1063_chunk3.wav]
바보	fool	*바보* 같은 짓|나를 *바보로* 알다|웃음 많은 *바보*	foolish act|to take me for a fool|a smiling fool	[sound:row1064_chunk1.wav]|[sound:row1064_chunk2.wav]|[sound:row1064_chunk3.wav]
별	particular	*별* 일 없지요?|*별* 대화 없이|*별* 맛이 없다	nothing particular going on?|without much conversation|no particular taste	[sound:row1065_chunk1.wav]|[sound:row1065_chunk2.wav]|[sound:row1065_chunk3.wav]
보람	worth	*보람을* 느끼다|일한 *보람*|찾는 *보람이* 있다	to feel a sense of worth|worth of working|it is worth looking for	[sound:row1066_chunk1.wav]|[sound:row1066_chunk2.wav]|[sound:row1066_chunk3.wav]
부작용	side effect	약의 *부작용*|*부작용이* 심하다|*부작용을* 줄이다	side effect of medicine|side effects are severe|to reduce side effects	[sound:row1067_chunk1.wav]|[sound:row1067_chunk2.wav]|[sound:row1067_chunk3.wav]
신고	report	경찰에 *신고*|혼인 *신고*|사망 *신고*	report to the police|marriage registration|death report	[sound:row1068_chunk1.wav]|[sound:row1068_chunk2.wav]|[sound:row1068_chunk3.wav]
어떡하다	what to do	이제 *어떡하지*?|*어떡할* 거예요?|나보고 *어떡하라고*	what do I do now?|what are you going to do?|what do you want me to do	[sound:row1069_chunk1.wav]|[sound:row1069_chunk2.wav]|[sound:row1069_chunk3.wav]
예상	expectation	*예상* 밖의 결과|성공을 *예상하다*|*예상* 시나리오	unexpected result|to expect success|expected scenario	[sound:row1070_chunk1.wav]|[sound:row1070_chunk2.wav]|[sound:row1070_chunk3.wav]
이상	ideal	*이상과* 현실|*이상적인* 남편|높은 *이상*	ideal and reality|ideal husband|high ideal	[sound:row1071_chunk1.wav]|[sound:row1071_chunk2.wav]|[sound:row1071_chunk3.wav]
주먹	fist	*주먹을* 쥐다|*주먹으로* 치다|작은 *주먹*	to clench one's fist|to hit with a fist|small fist	[sound:row1072_chunk1.wav]|[sound:row1072_chunk2.wav]|[sound:row1072_chunk3.wav]
털다	to dust off	먼지를 *털다*|옷을 *털다*|가게를 *털다*	to shake off dust|to brush off clothes|to rob a store	[sound:row1073_chunk1.wav]|[sound:row1073_chunk2.wav]|[sound:row1073_chunk3.wav]
과목	subject	전공 *과목*|선택 *과목*|좋아하는 *과목*	major subject|elective subject|favorite subject	[sound:row1074_chunk1.wav]|[sound:row1074_chunk2.wav]|[sound:row1074_chunk3.wav]
근무	work	*근무* 시간|야간 *근무*|*근무* 환경	working hours|night shift|work environment	[sound:row1075_chunk1.wav]|[sound:row1075_chunk2.wav]|[sound:row1075_chunk3.wav]
달아나다	to run away	멀리 *달아나다*|범인이 *달아나다*|기회가 *달아나다*	to flee far away|the criminal escapes|opportunity slips away	[sound:row1076_chunk1.wav]|[sound:row1076_chunk2.wav]|[sound:row1076_chunk3.wav]
묶다	to tie	끈을 *묶다*|머리를 *묶다*|신발 끈을 *묶다*	to tie a string|to tie one's hair|to tie shoelaces	[sound:row1077_chunk1.wav]|[sound:row1077_chunk2.wav]|[sound:row1077_chunk3.wav]
소스	sauce	스테이크 *소스*|*소스를* 뿌리다|매콤한 *소스*	steak sauce|to pour sauce|spicy sauce	[sound:row1078_chunk1.wav]|[sound:row1078_chunk2.wav]|[sound:row1078_chunk3.wav]
우리말	our language	*우리말* 교육|아름다운 *우리말*|*우리말을* 쓰다	Korean language education|beautiful Korean language|to use our native tongue	[sound:row1079_chunk1.wav]|[sound:row1079_chunk2.wav]|[sound:row1079_chunk3.wav]
유교	Confucianism	*유교* 문화|*유교* 사상|*유교* 국가	Confucian culture|Confucian ideas|Confucian state	[sound:row1080_chunk1.wav]|[sound:row1080_chunk2.wav]|[sound:row1080_chunk3.wav]
이불	blanket	*이불을* 덮다|두꺼운 *이불*|*이불을* 펴다	to cover with a blanket|thick duvet|to spread out a blanket	[sound:row1081_chunk1.wav]|[sound:row1081_chunk2.wav]|[sound:row1081_chunk3.wav]
이성	reason	*이성이* 마비되다|*이성적으로* 판단하다|감정보다 *이성*	reason is paralyzed|to judge rationally|reason over emotion	[sound:row1082_chunk1.wav]|[sound:row1082_chunk2.wav]|[sound:row1082_chunk3.wav]
일상	daily life	*일상* 생활|*일상의* 소소함|평범한 *일상*	daily life|small things in daily life|ordinary daily life	[sound:row1083_chunk1.wav]|[sound:row1083_chunk2.wav]|[sound:row1083_chunk3.wav]
자동	automatic	*자동* 문|*자동* 응답|*자동으로* 꺼지다	automatic door|automatic response|to turn off automatically	[sound:row1084_chunk1.wav]|[sound:row1084_chunk2.wav]|[sound:row1084_chunk3.wav]
장래	future	*장래* 희망|*장래* 계획|촉망받는 *장래*	future hope|future plans|promising future	[sound:row1085_chunk1.wav]|[sound:row1085_chunk2.wav]|[sound:row1085_chunk3.wav]
중요성	importance	*중요성을* 깨닫다|교육의 *중요성*|*중요성이* 커지다	to realize the importance|importance of education|importance grows	[sound:row1086_chunk1.wav]|[sound:row1086_chunk2.wav]|[sound:row1086_chunk3.wav]
탤런트	TV actor	유명 *탤런트*|*탤런트* 공채|*탤런트로* 데뷔하다	famous TV actor|open recruitment for actors|to debut as an actor	[sound:row1087_chunk1.wav]|[sound:row1087_chunk2.wav]|[sound:row1087_chunk3.wav]
특별히	specially	*특별히* 주문하다|*특별히* 잘해주다|오늘은 *특별히*	to order specially|to treat extra well|specially for today	[sound:row1088_chunk1.wav]|[sound:row1088_chunk2.wav]|[sound:row1088_chunk3.wav]
과학적	scientific	*과학적* 근거|*과학적* 연구|매우 *과학적이다*	scientific evidence|scientific research|to be very scientific	[sound:row1089_chunk1.wav]|[sound:row1089_chunk2.wav]|[sound:row1089_chunk3.wav]
봉투	envelope	편지 *봉투*|쓰레기 *봉투*|*봉투에* 넣다	letter envelope|trash bag|to put in an envelope	[sound:row1090_chunk1.wav]|[sound:row1090_chunk2.wav]|[sound:row1090_chunk3.wav]
분명	clearly	*분명* 들었다|*분명* 알다|*분명* 잘못했다	I clearly heard it|to know for certain|definitely did wrong	[sound:row1091_chunk1.wav]|[sound:row1091_chunk2.wav]|[sound:row1091_chunk3.wav]
지다	to set	해가 *지다*|달이 *지다*|꽃이 *지다*	the sun sets|the moon sets|flowers wither	[sound:row1092_chunk1.wav]|[sound:row1092_chunk2.wav]|[sound:row1092_chunk3.wav]
추억	memory	어린 시절 *추억*|*추억에* 남다|좋은 *추억*	childhood memory|to remain in memory|good memory	[sound:row1093_chunk1.wav]|[sound:row1093_chunk2.wav]|[sound:row1093_chunk3.wav]
하여튼	anyway	*하여튼* 알겠어|*하여튼* 고마워|*하여튼* 가보자	anyway, I get it|anyway, thanks|let's go anyway	[sound:row1094_chunk1.wav]|[sound:row1094_chunk2.wav]|[sound:row1094_chunk3.wav]
함부로	thoughtlessly	*함부로* 말하다|*함부로* 버리다|*함부로* 대하다	to speak thoughtlessly|to throw away carelessly|to treat disrespectfully	[sound:row1095_chunk1.wav]|[sound:row1095_chunk2.wav]|[sound:row1095_chunk3.wav]
향기	scent	꽃 *향기*|좋은 *향기*|*향기가* 나다	flower scent|good fragrance|to have a scent	[sound:row1096_chunk1.wav]|[sound:row1096_chunk2.wav]|[sound:row1096_chunk3.wav]
현지	local	*현지* 음식|*현지* 가이드|*현지에서* 구입하다	local food|local guide|to buy locally	[sound:row1097_chunk1.wav]|[sound:row1097_chunk2.wav]|[sound:row1097_chunk3.wav]
가늘다	to be thin	실처럼 *가늘다*|다리가 *가늘다*|목소리가 *가늘다*	to be thin as a thread|legs are thin|voice is faint	[sound:row1098_chunk1.wav]|[sound:row1098_chunk2.wav]|[sound:row1098_chunk3.wav]
개인적	personal	*개인적* 소견|*개인적* 문제|매우 *개인적이다*	personal opinion|personal matter|to be very personal	[sound:row1099_chunk1.wav]|[sound:row1099_chunk2.wav]|[sound:row1099_chunk3.wav]
겉	surface	*겉과* 속|*겉모습만* 보고|*겉에* 바르다	outside and inside|looking only at the appearance|to apply on the surface	[sound:row1100_chunk1.wav]|[sound:row1100_chunk2.wav]|[sound:row1100_chunk3.wav]
근무하다	to work	회사에서 *근무하다*|성실히 *근무하다*|오랫동안 *근무하다*	to work at a company|to work diligently|to work for a long time	[sound:row1101_chunk1.wav]|[sound:row1101_chunk2.wav]|[sound:row1101_chunk3.wav]
깜짝	startled	*깜짝* 놀라다|*깜짝* 파티|*깜짝* 등장	to be startled|surprise party|surprise appearance	[sound:row1102_chunk1.wav]|[sound:row1102_chunk2.wav]|[sound:row1102_chunk3.wav]
넓히다	to widen	도로를 *넓히다*|시야를 *넓히다*|지식을 *넓히다*	to widen the road|to broaden one's perspective|to expand knowledge	[sound:row1103_chunk1.wav]|[sound:row1103_chunk2.wav]|[sound:row1103_chunk3.wav]
대	versus	일 *대* 일|한국 *대* 일본|백 *대* 영	one on one|Korea vs Japan|one hundred to zero	[sound:row1104_chunk1.wav]|[sound:row1104_chunk2.wav]|[sound:row1104_chunk3.wav]
떠들다	to chatter	시끄럽게 *떠들다*|교실에서 *떠들다*|친구와 *떠들다*	to chatter noisily|to make noise in class|to chat with a friend	[sound:row1105_chunk1.wav]|[sound:row1105_chunk2.wav]|[sound:row1105_chunk3.wav]
매년	every year	*매년* 열리다|*매년* 반복되다|*매년* 성장하다	to be held annually|to repeat every year|to grow every year	[sound:row1106_chunk1.wav]|[sound:row1106_chunk2.wav]|[sound:row1106_chunk3.wav]
발생	occurrence	사고 *발생*|화재 *발생*|문제 *발생*	occurrence of an accident|outbreak of fire|occurrence of a problem	[sound:row1107_chunk1.wav]|[sound:row1107_chunk2.wav]|[sound:row1107_chunk3.wav]
소주	Soju	*소주* 한 병|*소주를* 마시다|*소주* 안주	a bottle of soju|to drink soju|soju snacks	[sound:row1108_chunk1.wav]|[sound:row1108_chunk2.wav]|[sound:row1108_chunk3.wav]
손바닥	palm	*손바닥* 위에|*손바닥을* 치다|작은 *손바닥*	on the palm|to clap palms|small palm	[sound:row1109_chunk1.wav]|[sound:row1109_chunk2.wav]|[sound:row1109_chunk3.wav]
승용차	passenger car	검은색 *승용차*|*승용차를* 타다|소형 *승용차*	black passenger car|to ride in a car|small passenger car	[sound:row1110_chunk1.wav]|[sound:row1110_chunk2.wav]|[sound:row1110_chunk3.wav]
어색하다	to be awkward	분위기가 *어색하다*|*어색한* 미소|말투가 *어색하다*	atmosphere is awkward|awkward smile|the way of speaking is awkward	[sound:row1111_chunk1.wav]|[sound:row1111_chunk2.wav]|[sound:row1111_chunk3.wav]
얹다	to place	위에 *얹다*|책상에 *얹다*|손을 *얹다*	to place on top|to put on the desk|to place a hand	[sound:row1112_chunk1.wav]|[sound:row1112_chunk2.wav]|[sound:row1112_chunk3.wav]
장점	strength	*장점을* 살리다|나의 *장점*|*장점이* 많다	to utilize strengths|my merit|to have many advantages	[sound:row1113_chunk1.wav]|[sound:row1113_chunk2.wav]|[sound:row1113_chunk3.wav]
적당히	moderately	*적당히* 먹다|*적당히* 섞다|*적당히* 하다	to eat moderately|to mix appropriately|to do it just right	[sound:row1114_chunk1.wav]|[sound:row1114_chunk2.wav]|[sound:row1114_chunk3.wav]
줍다	to pick up	쓰레기를 *줍다*|돈을 *줍다*|떨어진 것을 *줍다*	to pick up trash|to pick up money|to pick up something fallen	[sound:row1115_chunk1.wav]|[sound:row1115_chunk2.wav]|[sound:row1115_chunk3.wav]
진출	advancement	해외 *진출*|결승 *진출*|사회 *진출*	overseas expansion|advancing to the finals|entry into society	[sound:row1116_chunk1.wav]|[sound:row1116_chunk2.wav]|[sound:row1116_chunk3.wav]
킬로그램	kilogram	오 *킬로그램*|몸무게 *킬로그램*|수십 *킬로그램*	five kilograms|weight in kilograms|dozens of kilograms	[sound:row1117_chunk1.wav]|[sound:row1117_chunk2.wav]|[sound:row1117_chunk3.wav]
평범하다	to be ordinary	*평범한* 사람|외모가 *평범하다*|*평범하게* 살다	ordinary person|appearance is average|to live an ordinary life	[sound:row1118_chunk1.wav]|[sound:row1118_chunk2.wav]|[sound:row1118_chunk3.wav]
프로	program	인기 *프로*|뉴스 *프로*|어린이 *프로*	popular program|news program|children's program	[sound:row1119_chunk1.wav]|[sound:row1119_chunk2.wav]|[sound:row1119_chunk3.wav]
확인	confirmation	예약 *확인*|사실 *확인*|*확인을* 거치다	booking confirmation|fact check|to go through confirmation	[sound:row1120_chunk1.wav]|[sound:row1120_chunk2.wav]|[sound:row1120_chunk3.wav]
가루	powder	고춧 *가루*|*가루로* 만들다|분필 *가루*	chili powder|to turn into powder|chalk dust	[sound:row1121_chunk1.wav]|[sound:row1121_chunk2.wav]|[sound:row1121_chunk3.wav]
건지다	to pull out	물에서 *건지다*|목숨을 *건지다*|건더기를 *건지다*	to pull out of water|to save a life|to scoop out solids	[sound:row1122_chunk1.wav]|[sound:row1122_chunk2.wav]|[sound:row1122_chunk3.wav]
깨지다	to be broken	컵이 *깨지다*|기록이 *깨지다*|약속이 *깨지다*	the cup breaks|the record is broken|the promise is broken	[sound:row1123_chunk1.wav]|[sound:row1123_chunk2.wav]|[sound:row1123_chunk3.wav]
들	field	넓은 *들*|*들에* 나가다|푸른 *들*	vast field|to go out to the field|green field	[sound:row1124_chunk1.wav]|[sound:row1124_chunk2.wav]|[sound:row1124_chunk3.wav]
방금	just now	*방금* 도착했다|*방금* 한 말|*방금* 나갔다	just arrived|what was just said|just went out	[sound:row1125_chunk1.wav]|[sound:row1125_chunk2.wav]|[sound:row1125_chunk3.wav]
슬픔	sadness	*슬픔에* 잠기다|큰 *슬픔*|*슬픔을* 나누다	to be lost in sadness|deep sorrow|to share sadness	[sound:row1126_chunk1.wav]|[sound:row1126_chunk2.wav]|[sound:row1126_chunk3.wav]
아무렇다	to be any	*아무렇지도* 않다|*아무렇게나* 하다|*아무런* 말도 없이	to be perfectly fine|to do it any which way|without any word	[sound:row1127_chunk1.wav]|[sound:row1127_chunk2.wav]|[sound:row1127_chunk3.wav]
이용되다	to be used	수단으로 *이용되다*|널리 *이용되다*|공원에 *이용되다*	to be used as a means|to be widely used|to be used for the park	[sound:row1128_chunk1.wav]|[sound:row1128_chunk2.wav]|[sound:row1128_chunk3.wav]
이튿날	the next day	*이튿날* 아침|그 *이튿날*|기다리던 *이튿날*	the next morning|the day after that|the awaited next day	[sound:row1129_chunk1.wav]|[sound:row1129_chunk2.wav]|[sound:row1129_chunk3.wav]
임시	temporary	*임시* 휴일|*임시* 정부|*임시로* 빌리다	temporary holiday|provisional government|to borrow temporarily	[sound:row1130_chunk1.wav]|[sound:row1130_chunk2.wav]|[sound:row1130_chunk3.wav]
줄다	to decrease	체중이 *줄다*|인구가 *줄다*|수입이 *줄다*	weight decreases|population decreases|income decreases	[sound:row1131_chunk1.wav]|[sound:row1131_chunk2.wav]|[sound:row1131_chunk3.wav]
지구	district	주택 *지구*|상업 *지구*|특수 *지구*	residential district|commercial district|special zone	[sound:row1132_chunk1.wav]|[sound:row1132_chunk2.wav]|[sound:row1132_chunk3.wav]
참기름	sesame oil	*참기름* 냄새|*참기름을* 넣다|고소한 *참기름*	smell of sesame oil|to add sesame oil|fragrant sesame oil	[sound:row1133_chunk1.wav]|[sound:row1133_chunk2.wav]|[sound:row1133_chunk3.wav]
통	container	쓰레기 *통*|물 *통*|나무 *통*	trash can|water bucket|wooden barrel	[sound:row1134_chunk1.wav]|[sound:row1134_chunk2.wav]|[sound:row1134_chunk3.wav]
팬	pan	프라이 *팬*|*팬에* 굽다|뜨거운 *팬*	frying pan|to grill in a pan|hot pan	[sound:row1135_chunk1.wav]|[sound:row1135_chunk2.wav]|[sound:row1135_chunk3.wav]
합치다	to combine	힘을 *합치다*|하나로 *합치다*|의견을 *합치다*	to join forces|to combine into one|to unite opinions	[sound:row1136_chunk1.wav]|[sound:row1136_chunk2.wav]|[sound:row1136_chunk3.wav]
골목	alley	좁은 *골목*|*골목* 어귀|*골목을* 지나다	narrow alley|entrance of an alley|to pass through an alley	[sound:row1137_chunk1.wav]|[sound:row1137_chunk2.wav]|[sound:row1137_chunk3.wav]
기운	energy	*기운이* 없다|새로운 *기운*|*기운을* 내다	to have no energy|new energy|to cheer up	[sound:row1138_chunk1.wav]|[sound:row1138_chunk2.wav]|[sound:row1138_chunk3.wav]
돌아서다	to turn around	뒤로 *돌아서다*|등을 *돌아서다*|마음이 *돌아서다*	to turn back|to turn one's back|mind changes	[sound:row1139_chunk1.wav]|[sound:row1139_chunk2.wav]|[sound:row1139_chunk3.wav]
동화	fairy tale	*동화* 책|*동화* 속 주인공|*동화가* 구연되다	fairy tale book|character in a fairy tale|fairy tale is told	[sound:row1140_chunk1.wav]|[sound:row1140_chunk2.wav]|[sound:row1140_chunk3.wav]
두껍다	to be thick	책이 *두껍다*|입술이 *두껍다*|얼음이 *두껍다*	book is thick|lips are thick|ice is thick	[sound:row1141_chunk1.wav]|[sound:row1141_chunk2.wav]|[sound:row1141_chunk3.wav]
맞서다	to oppose	적과 *맞서다*|의견에 *맞서다*|당당히 *맞서다*	to face the enemy|to oppose an opinion|to stand up boldly	[sound:row1142_chunk1.wav]|[sound:row1142_chunk2.wav]|[sound:row1142_chunk3.wav]
모자라다	to be insufficient	시간이 *모자라다*|돈이 *모자라다*|일손이 *모자라다*	time is short|money is lacking|short-handed	[sound:row1143_chunk1.wav]|[sound:row1143_chunk2.wav]|[sound:row1143_chunk3.wav]
상상하다	to imagine	미래를 *상상하다*|*상상하기* 힘들다|마음껏 *상상하다*	to imagine the future|hard to imagine|to imagine to heart's content	[sound:row1144_chunk1.wav]|[sound:row1144_chunk2.wav]|[sound:row1144_chunk3.wav]
안전하다	to be safe	장소가 *안전하다*|*안전한* 길|비교적 *안전하다*	the place is safe|safe road|to be relatively safe	[sound:row1145_chunk1.wav]|[sound:row1145_chunk2.wav]|[sound:row1145_chunk3.wav]
유학	study abroad	*유학* 생활|*유학을* 가다|해외 *유학*	life studying abroad|to go study abroad|studying overseas	[sound:row1146_chunk1.wav]|[sound:row1146_chunk2.wav]|[sound:row1146_chunk3.wav]
정치적	political	*정치적* 입장|*정치적* 혼란|매우 *정치적이다*	political stance|political chaos|to be very political	[sound:row1147_chunk1.wav]|[sound:row1147_chunk2.wav]|[sound:row1147_chunk3.wav]
카페	cafe	분위기 좋은 *카페*|*카페에서* 만나다|디저트 *카페*	cafe with a good vibe|to meet at a cafe|dessert cafe	[sound:row1148_chunk1.wav]|[sound:row1148_chunk2.wav]|[sound:row1148_chunk3.wav]
콤플렉스	complex	외모 *콤플렉스*|*콤플렉스를* 극복하다|열등 *콤플렉스*	appearance complex|to overcome a complex|inferiority complex	[sound:row1149_chunk1.wav]|[sound:row1149_chunk2.wav]|[sound:row1149_chunk3.wav]
그다음	after that	*그다음* 순서|*그다음* 날|*그다음은* 뭐야?	the next step|the day after that|what's next?	[sound:row1150_chunk1.wav]|[sound:row1150_chunk2.wav]|[sound:row1150_chunk3.wav]
끓다	to boil	물이 *끓다*|찌개가 *끓다*|열이 *끓다*	water boils|stew boils|to have a high fever	[sound:row1151_chunk1.wav]|[sound:row1151_chunk2.wav]|[sound:row1151_chunk3.wav]
날아오다	to fly in	공이 *날아오다*|새가 *날아오다*|편지가 *날아오다*	a ball flies in|a bird flies in|a letter arrives (flies in)	[sound:row1152_chunk1.wav]|[sound:row1152_chunk2.wav]|[sound:row1152_chunk3.wav]
농담	joke	*농담을* 하다|*농담* 섞인 말|가벼운 *농담*	to tell a joke|words mixed with jokes|light joke	[sound:row1153_chunk1.wav]|[sound:row1153_chunk2.wav]|[sound:row1153_chunk3.wav]
담임	homeroom teacher	*담임* 선생님|*담임을* 맡다|우리 반 *담임*	homeroom teacher|to take charge of a class|my class's homeroom teacher	[sound:row1154_chunk1.wav]|[sound:row1154_chunk2.wav]|[sound:row1154_chunk3.wav]
도중	on the way	가는 *도중*|회의 *도중에*|*도중* 하차	on the way there|during the meeting|getting off midway	[sound:row1155_chunk1.wav]|[sound:row1155_chunk2.wav]|[sound:row1155_chunk3.wav]
모래	sand	*모래* 사장|*모래* 놀이|*모래* 시계	sandy beach|playing with sand|hourglass	[sound:row1156_chunk1.wav]|[sound:row1156_chunk2.wav]|[sound:row1156_chunk3.wav]
신호	signal	교통 *신호*|*신호를* 보내다|*신호를* 지키다	traffic signal|to send a signal|to obey the signal	[sound:row1157_chunk1.wav]|[sound:row1157_chunk2.wav]|[sound:row1157_chunk3.wav]
아버님	father	친구 *아버님*|*아버님*께 인사드리다|우리 *아버님*	friend's father|to greet one's father-in-law|our father	[sound:row1158_chunk1.wav]|[sound:row1158_chunk2.wav]|[sound:row1158_chunk3.wav]
의심하다	to doubt	능력을 *의심하다*|거짓말인지 *의심하다*|사람을 *의심하다*	to doubt one's ability|to suspect it's a lie|to be suspicious of a person	[sound:row1159_chunk1.wav]|[sound:row1159_chunk2.wav]|[sound:row1159_chunk3.wav]
자랑하다	to boast	자식을 *자랑하다*|실력을 *자랑하다*|차를 *자랑하다*	to boast about one's children|to show off one's skills|to brag about a car	[sound:row1160_chunk1.wav]|[sound:row1160_chunk2.wav]|[sound:row1160_chunk3.wav]
출발	departure	*출발* 시간|서울역 *출발*|*출발이* 늦다	departure time|departure from Seoul Station|departure is late	[sound:row1161_chunk1.wav]|[sound:row1161_chunk2.wav]|[sound:row1161_chunk3.wav]
허용하다	to allow	출입을 *허용하다*|오차를 *허용하다*|사용을 *허용하다*	to allow entry|to allow for error|to permit use	[sound:row1162_chunk1.wav]|[sound:row1162_chunk2.wav]|[sound:row1162_chunk3.wav]
각국	each country	세계 *각국*|*각국의* 정상들|*각국* 대표	countries around the world|leaders of each country|representatives of each country	[sound:row1163_chunk1.wav]|[sound:row1163_chunk2.wav]|[sound:row1163_chunk3.wav]
그려지다	to be drawn	벽에 *그려진* 그림|만화로 *그려지다*|생생하게 *그려지다*	picture drawn on the wall|to be drawn as a cartoon|to be vividly depicted	[sound:row1164_chunk1.wav]|[sound:row1164_chunk2.wav]|[sound:row1164_chunk3.wav]
꾸준히	steadily	*꾸준히* 노력하다|*꾸준히* 운동하다|성적이 *꾸준히* 오르다	to make steady efforts|to exercise consistently|grades rise steadily	[sound:row1165_chunk1.wav]|[sound:row1165_chunk2.wav]|[sound:row1165_chunk3.wav]
년도	year	졸업 *년도*|제작 *년도*|이천이십 *년도*	year of graduation|year of production|the year 2020	[sound:row1166_chunk1.wav]|[sound:row1166_chunk2.wav]|[sound:row1166_chunk3.wav]
다수	majority	*다수의* 의견|*다수가* 찬성하다|*다수* 인원	majority opinion|the majority agrees|large number of people	[sound:row1167_chunk1.wav]|[sound:row1167_chunk2.wav]|[sound:row1167_chunk3.wav]
덕분	thanks to	선생님 *덕분*입니다|도움 *덕분에*|*덕분을* 보다	it's thanks to the teacher|thanks to the help|to benefit from	[sound:row1168_chunk1.wav]|[sound:row1168_chunk2.wav]|[sound:row1168_chunk3.wav]
두드리다	to knock	문을 *두드리다*|어깨를 *두드리다*|북을 *두드리다*	to knock on the door|to tap someone's shoulder|to beat a drum	[sound:row1169_chunk1.wav]|[sound:row1169_chunk2.wav]|[sound:row1169_chunk3.wav]
물음	question	선생님의 *물음*|*물음에* 답하다|어려운 *물음*	teacher's question|to answer a question|difficult question	[sound:row1170_chunk1.wav]|[sound:row1170_chunk2.wav]|[sound:row1170_chunk3.wav]
빌다	to wish	소원을 *빌다*|복을 *빌다*|성공을 *빌다*	to make a wish|to wish for good luck|to pray for success	[sound:row1171_chunk1.wav]|[sound:row1171_chunk2.wav]|[sound:row1171_chunk3.wav]
스님	Buddhist monk	큰 *스님*|*스님이* 되다|*스님*의 말씀	venerable monk|to become a monk|monk's words	[sound:row1172_chunk1.wav]|[sound:row1172_chunk2.wav]|[sound:row1172_chunk3.wav]
썩다	to rot	과일이 *썩다*|이빨이 *썩다*|정신이 *썩다*	fruit rots|tooth decays|one's spirit is corrupt	[sound:row1173_chunk1.wav]|[sound:row1173_chunk2.wav]|[sound:row1173_chunk3.wav]
어머님	mother	친구 *어머님*|*어머님* 전상서|우리 *어머님*	friend's mother|letter to mother|our mother	[sound:row1174_chunk1.wav]|[sound:row1174_chunk2.wav]|[sound:row1174_chunk3.wav]
엉뚱하다	to be eccentric	*엉뚱한* 대답|생각이 *엉뚱하다*|*엉뚱한* 사람	off-the-wall answer|to have eccentric thoughts|whimsical person	[sound:row1175_chunk1.wav]|[sound:row1175_chunk2.wav]|[sound:row1175_chunk3.wav]
여보	honey	*여보*, 나 왔어요|*여보*라고 부르다|*여보*세요?	"honey, I'm home|to call someone ""honey""|hello? (phone)"	[sound:row1176_chunk1.wav]|[sound:row1176_chunk2.wav]|[sound:row1176_chunk3.wav]
조각	sculpture	*조각* 작품|*조각을* 전공하다|나무 *조각*	sculpture work|to major in sculpture|wood carving	[sound:row1177_chunk1.wav]|[sound:row1177_chunk2.wav]|[sound:row1177_chunk3.wav]
태우다	to burn	쓰레기를 *태우다*|종이를 *태우다*|마음을 *태우다*	to burn trash|to burn paper|to be very worried	[sound:row1178_chunk1.wav]|[sound:row1178_chunk2.wav]|[sound:row1178_chunk3.wav]
해석	interpretation	꿈의 *해석*|잘못된 *해석*|문장 *해석*	interpretation of a dream|wrong interpretation|sentence translation	[sound:row1179_chunk1.wav]|[sound:row1179_chunk2.wav]|[sound:row1179_chunk3.wav]
가리다	to block	눈을 *가리다*|시야를 *가리다*|구름이 해를 *가리다*	to cover one's eyes|to block the view|clouds hide the sun	[sound:row1180_chunk1.wav]|[sound:row1180_chunk2.wav]|[sound:row1180_chunk3.wav]
계산하다	to calculate	가격을 *계산하다*|음식값을 *계산하다*|잘못 *계산하다*	to calculate the price|to pay for the food|to miscalculate	[sound:row1181_chunk1.wav]|[sound:row1181_chunk2.wav]|[sound:row1181_chunk3.wav]
담그다	to soak	김치를 *담그다*|술을 *담그다*|발을 물에 *담그다*	to make (soak) kimchi|to brew liquor|to soak feet in water	[sound:row1182_chunk1.wav]|[sound:row1182_chunk2.wav]|[sound:row1182_chunk3.wav]
마음대로	as one pleases	*마음대로* 하세요|*마음대로* 쓰다|*마음대로* 되다	do as you please|to use freely|to go as intended	[sound:row1183_chunk1.wav]|[sound:row1183_chunk2.wav]|[sound:row1183_chunk3.wav]
며느리	daughter-in-law	큰 *며느리*|착한 *며느리*|*며느리를* 삼다	eldest daughter-in-law|kind daughter-in-law|to take as a daughter-in-law	[sound:row1184_chunk1.wav]|[sound:row1184_chunk2.wav]|[sound:row1184_chunk3.wav]
믿음	belief	강한 *믿음*|*믿음이* 가다|*믿음을* 저버리다	strong faith|to feel trust|to betray trust	[sound:row1185_chunk1.wav]|[sound:row1185_chunk2.wav]|[sound:row1185_chunk3.wav]
발견	discovery	신대륙 *발견*|새로운 사실 *발견*|시체 *발견*	discovery of a new continent|discovery of a new fact|discovery of a body	[sound:row1186_chunk1.wav]|[sound:row1186_chunk2.wav]|[sound:row1186_chunk3.wav]
보고	report	진행 상황 *보고*|*보고를* 받다|결과 *보고*	progress report|to receive a report|reporting results	[sound:row1187_chunk1.wav]|[sound:row1187_chunk2.wav]|[sound:row1187_chunk3.wav]
부탁하다	to ask a favor	도움을 *부탁하다*|친구에게 *부탁하다*|간절히 *부탁하다*	to ask for help|to ask a friend for a favor|to plead for a favor	[sound:row1188_chunk1.wav]|[sound:row1188_chunk2.wav]|[sound:row1188_chunk3.wav]
사용자	user	컴퓨터 *사용자*|*사용자* 설명서|초보 *사용자*	computer user|user manual|novice user	[sound:row1189_chunk1.wav]|[sound:row1189_chunk2.wav]|[sound:row1189_chunk3.wav]
실패하다	to fail	시험에 *실패하다*|사업에 *실패하다*|완전히 *실패하다*	to fail an exam|to fail in business|to fail completely	[sound:row1190_chunk1.wav]|[sound:row1190_chunk2.wav]|[sound:row1190_chunk3.wav]
영원하다	to be eternal	*영원한* 사랑|기억이 *영원하다*|우정은 *영원하다*	eternal love|memory lasts forever|friendship is forever	[sound:row1191_chunk1.wav]|[sound:row1191_chunk2.wav]|[sound:row1191_chunk3.wav]
우연히	by chance	*우연히* 만나다|*우연히* 듣다|*우연히* 발견하다	to meet by chance|to hear by accident|to find by chance	[sound:row1192_chunk1.wav]|[sound:row1192_chunk2.wav]|[sound:row1192_chunk3.wav]
정해지다	to be decided	날짜가 *정해지다*|순서가 *정해지다*|장소가 *정해지다*	the date is set|the order is decided|the place is fixed	[sound:row1193_chunk1.wav]|[sound:row1193_chunk2.wav]|[sound:row1193_chunk3.wav]
직접	directly	*직접* 만들다|*직접* 물어보다|*직접* 가 보다	to make it oneself|to ask directly|to go in person	[sound:row1194_chunk1.wav]|[sound:row1194_chunk2.wav]|[sound:row1194_chunk3.wav]
칭찬	praise	*칭찬을* 듣다|선생님의 *칭찬*|*칭찬을* 아끼지 않다	to receive praise|teacher's praise|to not spare praise	[sound:row1195_chunk1.wav]|[sound:row1195_chunk2.wav]|[sound:row1195_chunk3.wav]
튼튼하다	to be sturdy	몸이 *튼튼하다*|가구가 *튼튼하다*|건물이 *튼튼하다*	to have a strong body|furniture is sturdy|building is solid	[sound:row1196_chunk1.wav]|[sound:row1196_chunk2.wav]|[sound:row1196_chunk3.wav]
햇빛	sunlight	*햇빛이* 강하다|*햇빛을* 쬐다|따뜻한 *햇빛*	sunlight is strong|to bask in the sun|warm sunshine	[sound:row1197_chunk1.wav]|[sound:row1197_chunk2.wav]|[sound:row1197_chunk3.wav]
긍정적	positive	*긍정적* 태도|*긍정적* 영향|매우 *긍정적이다*	positive attitude|positive influence|to be very positive	[sound:row1198_chunk1.wav]|[sound:row1198_chunk2.wav]|[sound:row1198_chunk3.wav]
논의하다	to discuss	문제를 *논의하다*|심각하게 *논의하다*|대책을 *논의하다*	to discuss a problem|to discuss seriously|to discuss measures	[sound:row1199_chunk1.wav]|[sound:row1199_chunk2.wav]|[sound:row1199_chunk3.wav]
돌보다	to take care of	아이를 *돌보다*|환자를 *돌보다*|집을 *돌보다*	to look after a child|to care for a patient|to tend to the house	[sound:row1200_chunk1.wav]|[sound:row1200_chunk2.wav]|[sound:row1200_chunk3.wav]
뒤집다	to turn over	옷을 *뒤집다*|결과를 *뒤집다*|부침개를 *뒤집다*	to turn clothes inside out|to reverse the result|to flip a pancake	[sound:row1201_chunk1.wav]|[sound:row1201_chunk2.wav]|[sound:row1201_chunk3.wav]
먼지	dust	*먼지가* 쌓이다|*먼지를* 털다|미세 *먼지*	dust piles up|to dust off|fine dust	[sound:row1202_chunk1.wav]|[sound:row1202_chunk2.wav]|[sound:row1202_chunk3.wav]
바닷가	seashore	*바닷가* 산책|*바닷가에* 살다|시원한 *바닷가*	walk by the seaside|to live by the sea|cool seashore	[sound:row1203_chunk1.wav]|[sound:row1203_chunk2.wav]|[sound:row1203_chunk3.wav]
반하다	to be contrary to	기대에 *반하다*|사실에 *반하다*|원칙에 *반하다*	to go against expectations|to be contrary to the facts|to violate principles	[sound:row1204_chunk1.wav]|[sound:row1204_chunk2.wav]|[sound:row1204_chunk3.wav]
사원	employee	신입 *사원*|일반 *사원*|회사 *사원*	new employee|regular staff|company employee	[sound:row1205_chunk1.wav]|[sound:row1205_chunk2.wav]|[sound:row1205_chunk3.wav]
씹다	to chew	껌을 *씹다*|잘게 *씹다*|고기를 *씹다*	to chew gum|to chew finely|to chew meat	[sound:row1206_chunk1.wav]|[sound:row1206_chunk2.wav]|[sound:row1206_chunk3.wav]
아무튼	anyway	*아무튼* 고마워|*아무튼* 가보자|*아무튼* 사실이다	thanks anyway|let's go anyway|it is true anyway	[sound:row1207_chunk1.wav]|[sound:row1207_chunk2.wav]|[sound:row1207_chunk3.wav]
왠지	somewhat	*왠지* 슬프다|*왠지* 모르게|*왠지* 불안하다	somehow feel sad|for some reason|somewhat uneasy	[sound:row1208_chunk1.wav]|[sound:row1208_chunk2.wav]|[sound:row1208_chunk3.wav]
욕심	greed	*욕심이* 많다|*욕심을* 부리다|끝없는 *욕심*	to be greedy|to act out of greed|endless greed	[sound:row1209_chunk1.wav]|[sound:row1209_chunk2.wav]|[sound:row1209_chunk3.wav]
우승	victory	*우승* 후보|*우승을* 차지하다|월드컵 *우승*	candidate for victory|to take the victory|World Cup win	[sound:row1210_chunk1.wav]|[sound:row1210_chunk2.wav]|[sound:row1210_chunk3.wav]
익다	to ripen	과일이 *익다*|벼가 *익다*|김치가 *익다*	fruit ripens|rice ripens|kimchi ferments (ripens)	[sound:row1211_chunk1.wav]|[sound:row1211_chunk2.wav]|[sound:row1211_chunk3.wav]
제출하다	to submit	서류를 *제출하다*|숙제를 *제출하다*|보고서를 *제출하다*	to submit documents|to hand in homework|to submit a report	[sound:row1212_chunk1.wav]|[sound:row1212_chunk2.wav]|[sound:row1212_chunk3.wav]
조심스럽다	to be cautious	*조심스러운* 태도|*조심스럽게* 묻다|행동이 *조심스럽다*	cautious attitude|to ask cautiously|to be careful in action	[sound:row1213_chunk1.wav]|[sound:row1213_chunk2.wav]|[sound:row1213_chunk3.wav]
피시	PC	개인용 *피시*|*피시* 게임|*피시*를 고치다	personal computer|PC game|to fix a PC	[sound:row1214_chunk1.wav]|[sound:row1214_chunk2.wav]|[sound:row1214_chunk3.wav]
흘러나오다	to flow out	음악이 *흘러나오다*|물이 *흘러나오다*|소문이 *흘러나오다*	music flows out|water flows out|rumors leak out	[sound:row1215_chunk1.wav]|[sound:row1215_chunk2.wav]|[sound:row1215_chunk3.wav]
간단히	simply	*간단히* 말하다|*간단히* 먹다|*간단히* 해결하다	to speak briefly|to eat a simple meal|to solve easily	[sound:row1216_chunk1.wav]|[sound:row1216_chunk2.wav]|[sound:row1216_chunk3.wav]
강물	river water	*강물이* 흐르다|*강물에* 비치다|맑은 *강물*	river water flows|to be reflected in the river|clear river water	[sound:row1217_chunk1.wav]|[sound:row1217_chunk2.wav]|[sound:row1217_chunk3.wav]
되게	very	*되게* 비싸다|*되게* 춥다|*되게* 빠르다	to be very expensive|to be very cold|to be very fast	[sound:row1218_chunk1.wav]|[sound:row1218_chunk2.wav]|[sound:row1218_chunk3.wav]
리듬	rhythm	*리듬을* 타다|빠른 *리듬*|생활 *리듬*	to follow the rhythm|fast rhythm|rhythm of life	[sound:row1219_chunk1.wav]|[sound:row1219_chunk2.wav]|[sound:row1219_chunk3.wav]
모니터	monitor	컴퓨터 *모니터*|*모니터를* 보다|밝은 *모니터*	computer monitor|to look at the monitor|bright monitor	[sound:row1220_chunk1.wav]|[sound:row1220_chunk2.wav]|[sound:row1220_chunk3.wav]
삶다	to boil	계란을 *삶다*|고기를 *삶다*|국수를 *삶다*	to boil an egg|to boil meat|to boil noodles	[sound:row1221_chunk1.wav]|[sound:row1221_chunk2.wav]|[sound:row1221_chunk3.wav]
서류	document	중요한 *서류*|*서류를* 정리하다|필요한 *서류*	important document|to organize documents|required documents	[sound:row1222_chunk1.wav]|[sound:row1222_chunk2.wav]|[sound:row1222_chunk3.wav]
요청	request	도움 *요청*|*요청을* 받다|자료 *요청*	request for help|to receive a request|request for data	[sound:row1223_chunk1.wav]|[sound:row1223_chunk2.wav]|[sound:row1223_chunk3.wav]
운	luck	*운이* 좋다|*운이* 없다|*운에* 맡기다	to be lucky|to be unlucky|to leave to luck	[sound:row1224_chunk1.wav]|[sound:row1224_chunk2.wav]|[sound:row1224_chunk3.wav]
일상생활	daily life	*일상생활* 속에서|*일상생활이* 힘들다|*일상생활* 용품	in daily life|daily life is hard|daily necessities	[sound:row1225_chunk1.wav]|[sound:row1225_chunk2.wav]|[sound:row1225_chunk3.wav]
진하다	to be thick	커피가 *진하다*|화장이 *진하다*|색이 *진하다*	coffee is strong|makeup is heavy|color is deep	[sound:row1226_chunk1.wav]|[sound:row1226_chunk2.wav]|[sound:row1226_chunk3.wav]
회복하다	to recover	건강을 *회복하다*|관계를 *회복하다*|경기가 *회복하다*	to recover health|to restore a relationship|economy recovers	[sound:row1227_chunk1.wav]|[sound:row1227_chunk2.wav]|[sound:row1227_chunk3.wav]
흘러가다	to flow away	세월이 *흘러가다*|강물이 *흘러가다*|구름이 *흘러가다*	time flows by|river flows away|clouds drift by	[sound:row1228_chunk1.wav]|[sound:row1228_chunk2.wav]|[sound:row1228_chunk3.wav]
흥미	interest	*흥미를* 느끼다|*흥미가* 없다|*흥미로운* 이야기	to feel interest|to have no interest|interesting story	[sound:row1229_chunk1.wav]|[sound:row1229_chunk2.wav]|[sound:row1229_chunk3.wav]
꾸다	to dream	꿈을 *꾸다*|무서운 꿈을 *꿨다*|길몽을 *꾸다*	to dream|had a scary dream|to have a lucky dream	[sound:row1230_chunk1.wav]|[sound:row1230_chunk2.wav]|[sound:row1230_chunk3.wav]
내려다보다	to look down	아래를 *내려다보다*|창밖을 *내려다보다*|산을 *내려다보다*	to look down below|to look down out of the window|to look down from the mountain	[sound:row1231_chunk1.wav]|[sound:row1231_chunk2.wav]|[sound:row1231_chunk3.wav]
눈썹	eyebrow	짙은 *눈썹*|*눈썹을* 그리다|긴 *눈썹*	thick eyebrows|to draw eyebrows|long eyelashes (or eyebrows)	[sound:row1232_chunk1.wav]|[sound:row1232_chunk2.wav]|[sound:row1232_chunk3.wav]
디자인	design	옷 *디자인*|*디자인이* 예쁘다|웹 *디자인*	clothing design|the design is pretty|web design	[sound:row1233_chunk1.wav]|[sound:row1233_chunk2.wav]|[sound:row1233_chunk3.wav]
비닐	vinyl	*비닐* 봉지|*비닐* 하우스|*비닐* 장갑	plastic (vinyl) bag|greenhouse (vinyl house)|vinyl gloves	[sound:row1234_chunk1.wav]|[sound:row1234_chunk2.wav]|[sound:row1234_chunk3.wav]
오래되다	to be old	*오래된* 건물|친구가 된 지 *오래되었다*|*오래된* 습관	old building|it's been a long time since we became friends|old habit	[sound:row1235_chunk1.wav]|[sound:row1235_chunk2.wav]|[sound:row1235_chunk3.wav]
채소	vegetable	싱싱한 *채소*|*채소를* 씻다|*채소* 시장	fresh vegetables|to wash vegetables|vegetable market	[sound:row1236_chunk1.wav]|[sound:row1236_chunk2.wav]|[sound:row1236_chunk3.wav]
털	hair	강아지 *털*|*털이* 많다|부드러운 *털*	dog fur|to be hairy|soft fur	[sound:row1237_chunk1.wav]|[sound:row1237_chunk2.wav]|[sound:row1237_chunk3.wav]
판매하다	to sell	물건을 *판매하다*|할인 *판매하다*|온라인으로 *판매하다*	to sell goods|to sell at a discount|to sell online	[sound:row1238_chunk1.wav]|[sound:row1238_chunk2.wav]|[sound:row1238_chunk3.wav]
고생하다	to suffer	마음 *고생하다*|돈 때문에 *고생하다*|정말 *고생했다*	to suffer mentally|to suffer because of money|did a lot of hard work	[sound:row1239_chunk1.wav]|[sound:row1239_chunk2.wav]|[sound:row1239_chunk3.wav]
꿈꾸다	to dream	미래를 *꿈꾸다*|가수를 *꿈꾸다*|행복을 *꿈꾸다*	to dream of the future|to dream of being a singer|to dream of happiness	[sound:row1240_chunk1.wav]|[sound:row1240_chunk2.wav]|[sound:row1240_chunk3.wav]
수표	check	백만 원권 *수표*|*수표를* 발행하다|가짜 *수표*	one million won check|to issue a check|fake check	[sound:row1241_chunk1.wav]|[sound:row1241_chunk2.wav]|[sound:row1241_chunk3.wav]
얘	this kid	*얘*야, 이리 와|*얘*가 그랬어요|착한 *얘*	hey (child), come here|this kid did it|good kid	[sound:row1242_chunk1.wav]|[sound:row1242_chunk2.wav]|[sound:row1242_chunk3.wav]
어머	oh my	*어머*, 세상에|*어머*, 깜짝이야|*어머*, 예뻐라	oh my god|oh, you startled me|oh, how pretty	[sound:row1243_chunk1.wav]|[sound:row1243_chunk2.wav]|[sound:row1243_chunk3.wav]
일정	schedule	여행 *일정*|*일정을* 잡다|빡빡한 *일정*	travel itinerary|to set a schedule|tight schedule	[sound:row1244_chunk1.wav]|[sound:row1244_chunk2.wav]|[sound:row1244_chunk3.wav]
저렇다	to be like that	모습이 *저렇다*|*저런* 사람|왜 *저러지*?	the look is like that|that kind of person|why is he like that?	[sound:row1245_chunk1.wav]|[sound:row1245_chunk2.wav]|[sound:row1245_chunk3.wav]
테이프	tape	박스 *테이프*|*테이프를* 붙이다|카세트 *테이프*	box tape|to stick tape|cassette tape	[sound:row1246_chunk1.wav]|[sound:row1246_chunk2.wav]|[sound:row1246_chunk3.wav]
간장	soy sauce	*간장을* 찍다|짠 *간장*|*간장* 게장	to dip in soy sauce|salty soy sauce|soy sauce marinated crab	[sound:row1247_chunk1.wav]|[sound:row1247_chunk2.wav]|[sound:row1247_chunk3.wav]
고민하다	to worry	진로를 *고민하다*|혼자 *고민하다*|심각하게 *고민하다*	to worry about a career path|to worry alone|to worry seriously	[sound:row1248_chunk1.wav]|[sound:row1248_chunk2.wav]|[sound:row1248_chunk3.wav]
교환	exchange	의견 *교환*|물건 *교환*|*교환* 학생	exchange of opinions|exchange of goods|exchange student	[sound:row1249_chunk1.wav]|[sound:row1249_chunk2.wav]|[sound:row1249_chunk3.wav]
국어	national language	*국어* 시간|*국어* 선생님|*국어를* 공부하다	Korean language class|Korean teacher|to study the national language	[sound:row1250_chunk1.wav]|[sound:row1250_chunk2.wav]|[sound:row1250_chunk3.wav]
노랗다	to be yellow	개나리가 *노랗다*|*노란* 우산|얼굴이 *노랗다*	forsythia is yellow|yellow umbrella|face is pale (yellowish)	[sound:row1251_chunk1.wav]|[sound:row1251_chunk2.wav]|[sound:row1251_chunk3.wav]
다치다	to get hurt	다리를 *다치다*|심하게 *다치다*|마음을 *다치다*	to hurt one's leg|to be seriously injured|to get one's feelings hurt	[sound:row1252_chunk1.wav]|[sound:row1252_chunk2.wav]|[sound:row1252_chunk3.wav]
동양	the East	*동양* 문화|*동양* 사람|*동양* 철학	Oriental culture|Asian person|Eastern philosophy	[sound:row1253_chunk1.wav]|[sound:row1253_chunk2.wav]|[sound:row1253_chunk3.wav]
악기	musical instrument	*악기를* 연주하다|다양한 *악기*|좋아하는 *악기*	to play an instrument|various instruments|favorite instrument	[sound:row1254_chunk1.wav]|[sound:row1254_chunk2.wav]|[sound:row1254_chunk3.wav]
연말	year-end	*연말* 연시|*연말* 파티|바쁜 *연말*	year-end and New Year|year-end party|busy year-end	[sound:row1255_chunk1.wav]|[sound:row1255_chunk2.wav]|[sound:row1255_chunk3.wav]
올려놓다	to put up	책상 위에 *올려놓다*|선반에 *올려놓다*|자료를 *올려놓다*	to put on the desk|to place on a shelf|to upload (post) data	[sound:row1256_chunk1.wav]|[sound:row1256_chunk2.wav]|[sound:row1256_chunk3.wav]
정말	truth	*정말로* 믿다|*정말* 같은 거짓말|이게 *정말*이야?	to really believe|a lie that sounds like truth|is this the truth?	[sound:row1257_chunk1.wav]|[sound:row1257_chunk2.wav]|[sound:row1257_chunk3.wav]
치우다	to clean up	방을 *치우다*|그릇을 *치우다*|자리를 *치우다*	to clean up a room|to clear the dishes|to clear a space	[sound:row1258_chunk1.wav]|[sound:row1258_chunk2.wav]|[sound:row1258_chunk3.wav]
피로	fatigue	*피로가* 쌓이다|*피로를* 풀다|만성 *피로*	fatigue builds up|to relieve fatigue|chronic fatigue	[sound:row1259_chunk1.wav]|[sound:row1259_chunk2.wav]|[sound:row1259_chunk3.wav]
당기다	to pull	문을 *당기다*|줄을 *당기다*|입맛을 *당기다*	to pull the door|to pull a rope|to whet the appetite	[sound:row1260_chunk1.wav]|[sound:row1260_chunk2.wav]|[sound:row1260_chunk3.wav]
들다	to start	따지고 *들다*|덤벼 *들다*|파고 *들다*	to start nitpicking|to pounce on|to dig into	[sound:row1261_chunk1.wav]|[sound:row1261_chunk2.wav]|[sound:row1261_chunk3.wav]
따르다	to pour	물을 *따르다*|술을 *따르다*|잔에 *따르다*	to pour water|to pour alcohol|to pour into a glass	[sound:row1262_chunk1.wav]|[sound:row1262_chunk2.wav]|[sound:row1262_chunk3.wav]
박수	applause	*박수를* 치다|큰 *박수*|*박수* 갈채	to clap|loud applause|cheers and applause	[sound:row1263_chunk1.wav]|[sound:row1263_chunk2.wav]|[sound:row1263_chunk3.wav]
부자	rich person	*부자가* 되다|동네 *부자*|마음의 *부자*	to become rich|the richest person in town|rich in spirit	[sound:row1264_chunk1.wav]|[sound:row1264_chunk2.wav]|[sound:row1264_chunk3.wav]
사흘	three days	*사흘* 동안|*사흘* 뒤에|*사흘* 연속	for three days|three days later|three days in a row	[sound:row1265_chunk1.wav]|[sound:row1265_chunk2.wav]|[sound:row1265_chunk3.wav]
손자	grandson	귀여운 *손자*|*손자를* 보다|*손자* 녀석	cute grandson|to get a grandson|that grandson of mine	[sound:row1266_chunk1.wav]|[sound:row1266_chunk2.wav]|[sound:row1266_chunk3.wav]
신랑	groom	새 *신랑*|멋진 *신랑*|*신랑* 친구	new groom|handsome groom|friend of the groom	[sound:row1267_chunk1.wav]|[sound:row1267_chunk2.wav]|[sound:row1267_chunk3.wav]
제법	quite	*제법* 잘하다|*제법* 춥다|*제법* 맛있다	to do quite well|to be quite cold|to be quite tasty	[sound:row1268_chunk1.wav]|[sound:row1268_chunk2.wav]|[sound:row1268_chunk3.wav]
화가	painter	유명한 *화가*|*화가가* 되다|천재 *화가*	famous painter|to become an artist|genius painter	[sound:row1269_chunk1.wav]|[sound:row1269_chunk2.wav]|[sound:row1269_chunk3.wav]
구경하다	to sightsee	시내를 *구경하다*|꽃 *구경하다*|싸움을 *구경하다*	to sightsee downtown|to look at flowers|to watch a fight	[sound:row1270_chunk1.wav]|[sound:row1270_chunk2.wav]|[sound:row1270_chunk3.wav]
국물	soup	*국물이* 시원하다|*국물을* 마시다|고기 *국물*	the broth is refreshing|to drink the soup|meat broth	[sound:row1271_chunk1.wav]|[sound:row1271_chunk2.wav]|[sound:row1271_chunk3.wav]
말씀드리다	to tell (honorific)	선생님께 *말씀드리다*|솔직히 *말씀드리다*|부모님께 *말씀드려라*	to tell the teacher|to tell honestly|tell your parents	[sound:row1272_chunk1.wav]|[sound:row1272_chunk2.wav]|[sound:row1272_chunk3.wav]
멀어지다	to grow distant	사이가 *멀어지다*|점점 *멀어지다*|기회가 *멀어지다*	to grow apart|to get further away|opportunity drifts away	[sound:row1273_chunk1.wav]|[sound:row1273_chunk2.wav]|[sound:row1273_chunk3.wav]
불쌍하다	to be pitiful	정말 *불쌍하다*|*불쌍한* 사람|아이를 *불쌍히* 여기다	to be truly pitiful|pitiful person|to feel sorry for a child	[sound:row1274_chunk1.wav]|[sound:row1274_chunk2.wav]|[sound:row1274_chunk3.wav]
실력	skill	한국어 *실력*|*실력이* 늘다|*실력을* 발휘하다	Korean language skill|skills improve|to show one's ability	[sound:row1275_chunk1.wav]|[sound:row1275_chunk2.wav]|[sound:row1275_chunk3.wav]
야채	vegetable	신선한 *야채*|*야채* 샐러드|*야채를* 볶다	fresh vegetables|vegetable salad|to stir-fry vegetables	[sound:row1276_chunk1.wav]|[sound:row1276_chunk2.wav]|[sound:row1276_chunk3.wav]
울음	crying	*울음이* 터지다|아이의 *울음*|*울음을* 그치다	to burst into tears|child's crying|to stop crying	[sound:row1277_chunk1.wav]|[sound:row1277_chunk2.wav]|[sound:row1277_chunk3.wav]
전부	all	그게 *전부*예요|돈을 *전부* 쓰다|*전부가* 아니다	that's all|to spend all the money|it's not everything	[sound:row1278_chunk1.wav]|[sound:row1278_chunk2.wav]|[sound:row1278_chunk3.wav]
즐거움	joy	사는 *즐거움*|큰 *즐거움*|*즐거움을* 주다	joy of living|great pleasure|to give joy	[sound:row1279_chunk1.wav]|[sound:row1279_chunk2.wav]|[sound:row1279_chunk3.wav]
지다	to lose	경기에 *지다*|싸움에서 *지다*|가위바위보에 *지다*	to lose a game|to lose a fight|to lose at rock-paper-scissors	[sound:row1280_chunk1.wav]|[sound:row1280_chunk2.wav]|[sound:row1280_chunk3.wav]
친하다	to be close	*친한* 친구|둘이 아주 *친하다*|*친하게* 지내다	close friend|the two are very close|to be on close terms	[sound:row1281_chunk1.wav]|[sound:row1281_chunk2.wav]|[sound:row1281_chunk3.wav]
곧바로	straightaway	집으로 *곧바로* 가다|*곧바로* 시작하다|*곧바로* 대답하다	to go straight home|to start immediately|to answer right away	[sound:row1282_chunk1.wav]|[sound:row1282_chunk2.wav]|[sound:row1282_chunk3.wav]
깊이	depth	물의 *깊이*|*깊이를* 재다|생각의 *깊이*	depth of water|to measure depth|depth of thought	[sound:row1283_chunk1.wav]|[sound:row1283_chunk2.wav]|[sound:row1283_chunk3.wav]
나뭇가지	tree branch	*나뭇가지에* 앉다|부러진 *나뭇가지*|*나뭇가지를* 꺾다	to sit on a branch|broken tree branch|to break a branch	[sound:row1284_chunk1.wav]|[sound:row1284_chunk2.wav]|[sound:row1284_chunk3.wav]
낫다	to recover	병이 다 *낫다*|빨리 *나으세요*|감기가 *나았다*	to be fully recovered|get well soon|cold got better	[sound:row1285_chunk1.wav]|[sound:row1285_chunk2.wav]|[sound:row1285_chunk3.wav]
답하다	to answer	질문에 *답하다*|메일에 *답하다*|짧게 *답하다*	to answer a question|to reply to an email|to answer briefly	[sound:row1286_chunk1.wav]|[sound:row1286_chunk2.wav]|[sound:row1286_chunk3.wav]
더위	the heat	*더위를* 먹다|여름 *더위*|*더위를* 식히다	to suffer from heatstroke|summer heat|to cool off from the heat	[sound:row1287_chunk1.wav]|[sound:row1287_chunk2.wav]|[sound:row1287_chunk3.wav]
서너	three or four	사과 *서너* 개|*서너* 명|*서너* 번	three or four apples|three or four people|three or four times	[sound:row1288_chunk1.wav]|[sound:row1288_chunk2.wav]|[sound:row1288_chunk3.wav]
실패	failure	계획의 *실패*|*실패를* 두려워하다|*실패로* 끝나다	failure of a plan|to fear failure|to end in failure	[sound:row1289_chunk1.wav]|[sound:row1289_chunk2.wav]|[sound:row1289_chunk3.wav]
웃기다	to be funny	정말 *웃기다*|사람을 *웃기다*|*웃기는* 이야기	to be really funny|to make people laugh|funny story	[sound:row1290_chunk1.wav]|[sound:row1290_chunk2.wav]|[sound:row1290_chunk3.wav]
유리	glass	*유리* 창문|*유리가* 깨지다|*유리* 컵	glass window|glass breaks|glass cup	[sound:row1291_chunk1.wav]|[sound:row1291_chunk2.wav]|[sound:row1291_chunk3.wav]
쥐	mouse	*쥐를* 잡다|생*쥐*|*쥐* 구멍	to catch a mouse|field mouse|mouse hole	[sound:row1292_chunk1.wav]|[sound:row1292_chunk2.wav]|[sound:row1292_chunk3.wav]
턱	jaw	*턱을* 괴다|*턱이* 아프다|뾰족한 *턱*	to rest one's chin on hands|jaw hurts|pointed chin	[sound:row1293_chunk1.wav]|[sound:row1293_chunk2.wav]|[sound:row1293_chunk3.wav]
팔리다	to be sold	잘 *팔리다*|전부 *팔렸다*|비싸게 *팔리다*	to sell well|everything is sold out|to be sold at a high price	[sound:row1294_chunk1.wav]|[sound:row1294_chunk2.wav]|[sound:row1294_chunk3.wav]
하하	haha	*하하* 웃다|*하하* 즐겁다|큰 소리로 *하하*	to laugh haha|haha happy|haha loudly	[sound:row1295_chunk1.wav]|[sound:row1295_chunk2.wav]|[sound:row1295_chunk3.wav]
형부	brother-in-law	우리 *형부*|*형부와* 언니|새 *형부*	my brother-in-law|brother-in-law and older sister|new brother-in-law	[sound:row1296_chunk1.wav]|[sound:row1296_chunk2.wav]|[sound:row1296_chunk3.wav]
금년	this year	*금년* 운세|*금년* 여름|*금년에* 졸업하다	this year's fortune|this summer|to graduate this year	[sound:row1297_chunk1.wav]|[sound:row1297_chunk2.wav]|[sound:row1297_chunk3.wav]
까맣다	to be black	머리가 *까맣다*|*까만* 봉지|속이 *까맣게* 타다	hair is black|black plastic bag|to be very worried	[sound:row1298_chunk1.wav]|[sound:row1298_chunk2.wav]|[sound:row1298_chunk3.wav]
대학원	graduate school	*대학원에* 진학하다|*대학원* 학생|*대학원* 졸업	to go to graduate school|graduate student|graduate school graduation	[sound:row1299_chunk1.wav]|[sound:row1299_chunk2.wav]|[sound:row1299_chunk3.wav]
더럽다	to be dirty	손이 *더럽다*|방이 *더럽다*|기분이 *더럽다*	hands are dirty|room is messy|to feel terrible	[sound:row1300_chunk1.wav]|[sound:row1300_chunk2.wav]|[sound:row1300_chunk3.wav]
등록	registration	수강 *등록*|*등록을* 마치다|회원 *등록*	course registration|to finish registration|membership registration	[sound:row1301_chunk1.wav]|[sound:row1301_chunk2.wav]|[sound:row1301_chunk3.wav]
무늬	pattern	꽃 *무늬*|*무늬가* 화려하다|줄무늬 *무늬*	flower pattern|the pattern is fancy|striped pattern	[sound:row1302_chunk1.wav]|[sound:row1302_chunk2.wav]|[sound:row1302_chunk3.wav]
문장	sentence	쉬운 *문장*|*문장을* 만들다|긴 *문장*	easy sentence|to make a sentence|long sentence	[sound:row1303_chunk1.wav]|[sound:row1303_chunk2.wav]|[sound:row1303_chunk3.wav]
변호사	lawyer	*변호사를* 선임하다|유능한 *변호사*|*변호사가* 되다	to hire a lawyer|capable lawyer|to become a lawyer	[sound:row1304_chunk1.wav]|[sound:row1304_chunk2.wav]|[sound:row1304_chunk3.wav]
지점	point	출발 *지점*|사고 *지점*|도착 *지점*	starting point|location of the accident|arrival point	[sound:row1305_chunk1.wav]|[sound:row1305_chunk2.wav]|[sound:row1305_chunk3.wav]
귀국하다	to return to one's country	한국으로 *귀국하다*|조만간 *귀국하다*|어제 *귀국했다*	to return to Korea|to return home soon|returned to the country yesterday	[sound:row1306_chunk1.wav]|[sound:row1306_chunk2.wav]|[sound:row1306_chunk3.wav]
기뻐하다	to be happy	진심으로 *기뻐하다*|합격을 *기뻐하다*|아이처럼 *기뻐하다*	to be sincerely happy|to rejoice at passing|to be happy like a child	[sound:row1307_chunk1.wav]|[sound:row1307_chunk2.wav]|[sound:row1307_chunk3.wav]
내려놓다	to put down	짐을 *내려놓다*|컵을 *내려놓다*|부담을 *내려놓다*	to put down luggage|to set down a cup|to let go of a burden	[sound:row1308_chunk1.wav]|[sound:row1308_chunk2.wav]|[sound:row1308_chunk3.wav]
당근	carrot	*당근을* 썰다|말린 *당근*|볶은 *당근*	to chop carrots|dried carrot|stir-fried carrot	[sound:row1309_chunk1.wav]|[sound:row1309_chunk2.wav]|[sound:row1309_chunk3.wav]
불행하다	to be unhappy	*불행한* 사고|정말 *불행하다*|*불행하게* 살다	unfortunate accident|to be truly unhappy|to live unhappily	[sound:row1310_chunk1.wav]|[sound:row1310_chunk2.wav]|[sound:row1310_chunk3.wav]
외롭다	to be lonely	혼자라 *외롭다*|*외로운* 사람|밤마다 *외롭다*	to be lonely alone|lonely person|to be lonely every night	[sound:row1311_chunk1.wav]|[sound:row1311_chunk2.wav]|[sound:row1311_chunk3.wav]
절	bow	큰 *절을* 올리다|세배 *절*|*절을* 하다	to make a big bow|New Year's bow|to bow	[sound:row1312_chunk1.wav]|[sound:row1312_chunk2.wav]|[sound:row1312_chunk3.wav]
지난번	last time	*지난번* 약속|*지난번에* 만났다|*지난번* 일	last appointment|met last time|what happened last time	[sound:row1313_chunk1.wav]|[sound:row1313_chunk2.wav]|[sound:row1313_chunk3.wav]
파일	file	*파일을* 열다|*파일을* 삭제하다|압축 *파일*	to open a file|to delete a file|compressed file	[sound:row1314_chunk1.wav]|[sound:row1314_chunk2.wav]|[sound:row1314_chunk3.wav]
화분	flower pot	*화분을* 키우다|예쁜 *화분*|*화분에* 물주기	to grow a flower pot|pretty flower pot|watering the pot	[sound:row1315_chunk1.wav]|[sound:row1315_chunk2.wav]|[sound:row1315_chunk3.wav]
갈색	brown	*갈색* 머리|*갈색* 구두|짙은 *갈색*	brown hair|brown shoes|dark brown	[sound:row1316_chunk1.wav]|[sound:row1316_chunk2.wav]|[sound:row1316_chunk3.wav]
반찬	side dish	맛있는 *반찬*|*반찬을* 만들다|밑*반찬*	delicious side dish|to make side dishes|basic side dishes	[sound:row1317_chunk1.wav]|[sound:row1317_chunk2.wav]|[sound:row1317_chunk3.wav]
소개되다	to be introduced	책에 *소개되다*|뉴스로 *소개되다*|널리 *소개되다*	to be introduced in a book|to be featured on the news|to be widely introduced	[sound:row1318_chunk1.wav]|[sound:row1318_chunk2.wav]|[sound:row1318_chunk3.wav]
씨	seed	*씨를* 심다|수박 *씨*|*씨가* 없다	to plant a seed|watermelon seed|to be seedless	[sound:row1319_chunk1.wav]|[sound:row1319_chunk2.wav]|[sound:row1319_chunk3.wav]
안쪽	inner side	집 *안쪽*|*안쪽에* 앉다|*안쪽* 주머니	inside the house|to sit on the inside|inner pocket	[sound:row1320_chunk1.wav]|[sound:row1320_chunk2.wav]|[sound:row1320_chunk3.wav]
오가다	to come and go	사람들이 *오가다*|자주 *오가다*|소식이 *오가다*	people come and go|to come and go often|news goes back and forth	[sound:row1321_chunk1.wav]|[sound:row1321_chunk2.wav]|[sound:row1321_chunk3.wav]
전날	the day before	사고 *전날*|*전날* 밤|떠나기 *전날*	the day before the accident|the previous night|the day before leaving	[sound:row1322_chunk1.wav]|[sound:row1322_chunk2.wav]|[sound:row1322_chunk3.wav]
계산기	calculator	전자 *계산기*|*계산기로* 두드리다|*계산기가* 필요하다	electronic calculator|to use a calculator|to need a calculator	[sound:row1323_chunk1.wav]|[sound:row1323_chunk2.wav]|[sound:row1323_chunk3.wav]
그렇지	right	*그렇지*, 맞아|*그렇지* 않아|*그렇지*?	right, that's it|it's not like that|right?	[sound:row1324_chunk1.wav]|[sound:row1324_chunk2.wav]|[sound:row1324_chunk3.wav]
깨다	to break	그릇을 *깨다*|기록을 *깨다*|침묵을 *깨다*	to break a dish|to break a record|to break the silence	[sound:row1325_chunk1.wav]|[sound:row1325_chunk2.wav]|[sound:row1325_chunk3.wav]
등	grade	일 *등*|수학 이 *등*|꼴 *등*	first place|second place in math|last place	[sound:row1326_chunk1.wav]|[sound:row1326_chunk2.wav]|[sound:row1326_chunk3.wav]
세다	to be strong	힘이 *세다*|바람이 *세다*|고집이 *세다*	to be strong|wind is strong|to be stubborn	[sound:row1327_chunk1.wav]|[sound:row1327_chunk2.wav]|[sound:row1327_chunk3.wav]
소개	introduction	자기 *소개*|친구 *소개*|*소개*팅	self-introduction|introduction of a friend|blind date	[sound:row1328_chunk1.wav]|[sound:row1328_chunk2.wav]|[sound:row1328_chunk3.wav]
수화기	telephone receiver	*수화기를* 들다|*수화기를* 놓다|*수화기* 너머	to pick up the receiver|to hang up|over the receiver	[sound:row1329_chunk1.wav]|[sound:row1329_chunk2.wav]|[sound:row1329_chunk3.wav]
애인	lover	*애인이* 있다|옛 *애인*|*애인과* 헤어지다	to have a lover|ex-lover|to break up with a lover	[sound:row1330_chunk1.wav]|[sound:row1330_chunk2.wav]|[sound:row1330_chunk3.wav]
얇다	to be thin	종이가 *얇다*|옷이 *얇다*|입술이 *얇다*	paper is thin|clothes are thin|lips are thin	[sound:row1331_chunk1.wav]|[sound:row1331_chunk2.wav]|[sound:row1331_chunk3.wav]
양념	seasoning	*양념을* 하다|고기 *양념*|*양념* 치킨	to season|meat seasoning|seasoned chicken	[sound:row1332_chunk1.wav]|[sound:row1332_chunk2.wav]|[sound:row1332_chunk3.wav]
웬일	what matter	이게 *웬일*이야?|*웬일로* 왔어?|*웬일인지* 모르다	what's going on?|what brings you here?|not know why	[sound:row1333_chunk1.wav]|[sound:row1333_chunk2.wav]|[sound:row1333_chunk3.wav]
일기	diary	*일기를* 쓰다|그림 *일기*|*일기*장	to write a diary|picture diary|diary book	[sound:row1334_chunk1.wav]|[sound:row1334_chunk2.wav]|[sound:row1334_chunk3.wav]
절대	never	*절대* 안 돼|*절대* 비밀|*절대* 잊지 마	absolutely not|top secret|never forget	[sound:row1335_chunk1.wav]|[sound:row1335_chunk2.wav]|[sound:row1335_chunk3.wav]
창고	warehouse	물건 *창고*|*창고에* 쌓다|오래된 *창고*	storage warehouse|to stack in the warehouse|old warehouse	[sound:row1336_chunk1.wav]|[sound:row1336_chunk2.wav]|[sound:row1336_chunk3.wav]
파	green onion	*파를* 썰다|*파* 한 단|대*파*	to chop green onions|a bundle of green onions|large green onion	[sound:row1337_chunk1.wav]|[sound:row1337_chunk2.wav]|[sound:row1337_chunk3.wav]
학원	private academy	영어 *학원*|*학원에* 다니다|태권도 *학원*	English academy|to go to an academy|Taekwondo academy	[sound:row1338_chunk1.wav]|[sound:row1338_chunk2.wav]|[sound:row1338_chunk3.wav]
버터	butter	*버터를* 바르다|*버터* 냄새|*버터로* 굽다	to spread butter|smell of butter|to grill with butter	[sound:row1339_chunk1.wav]|[sound:row1339_chunk2.wav]|[sound:row1339_chunk3.wav]
아이	oh	*아이*, 깜짝이야|*아이*, 몰라|*아이*, 참	oh, you startled me|oh, I don't know|oh, really	[sound:row1340_chunk1.wav]|[sound:row1340_chunk2.wav]|[sound:row1340_chunk3.wav]
유치원	kindergarten	*유치원* 교사|*유치원에* 가다|*유치원* 아이들	kindergarten teacher|to go to kindergarten|kindergarten kids	[sound:row1341_chunk1.wav]|[sound:row1341_chunk2.wav]|[sound:row1341_chunk3.wav]
전공	major	*전공* 서적|수학을 *전공하다*|*전공이* 뭐야?	major books|to major in math|what's your major?	[sound:row1342_chunk1.wav]|[sound:row1342_chunk2.wav]|[sound:row1342_chunk3.wav]
종일	all day	하루 *종일*|*종일* 비가 오다|*종일* 기다리다	all day long|it rains all day|to wait all day	[sound:row1343_chunk1.wav]|[sound:row1343_chunk2.wav]|[sound:row1343_chunk3.wav]
좋아지다	to get better	기분이 *좋아지다*|건강이 *좋아지다*|날씨가 *좋아지다*	to feel better|health improves|weather gets better	[sound:row1344_chunk1.wav]|[sound:row1344_chunk2.wav]|[sound:row1344_chunk3.wav]
추위	cold	겨울 *추위*|*추위를* 타다|매서운 *추위*	winter cold|to be sensitive to cold|biting cold	[sound:row1345_chunk1.wav]|[sound:row1345_chunk2.wav]|[sound:row1345_chunk3.wav]
토마토	tomato	*토마토* 주스|잘 익은 *토마토*|방울 *토마토*	tomato juice|ripe tomato|cherry tomato	[sound:row1346_chunk1.wav]|[sound:row1346_chunk2.wav]|[sound:row1346_chunk3.wav]
파랗다	to be blue	하늘이 *파랗다*|*파란* 신호등|얼굴이 *파랗게* 질리다	the sky is blue|blue (green) light|to turn pale	[sound:row1347_chunk1.wav]|[sound:row1347_chunk2.wav]|[sound:row1347_chunk3.wav]
가져가다	to take	우산을 *가져가다*|짐을 *가져가다*|집으로 *가져가다*	to take an umbrella|to take luggage|to take home	[sound:row1348_chunk1.wav]|[sound:row1348_chunk2.wav]|[sound:row1348_chunk3.wav]
감자	potato	찐 *감자*|*감자* 칩|*감자를* 깎다	steamed potato|potato chips|to peel a potato	[sound:row1349_chunk1.wav]|[sound:row1349_chunk2.wav]|[sound:row1349_chunk3.wav]
갖다	to have	관심을 *갖다*|용기를 *갖다*|희망을 *갖다*	to have interest|to have courage|to have hope	[sound:row1350_chunk1.wav]|[sound:row1350_chunk2.wav]|[sound:row1350_chunk3.wav]
괴롭다	to be painful	마음이 *괴롭다*|몸이 *괴롭다*|*괴로운* 일	to be distressed|body is in pain|painful thing	[sound:row1351_chunk1.wav]|[sound:row1351_chunk2.wav]|[sound:row1351_chunk3.wav]
교통사고	traffic accident	*교통사고가* 나다|심각한 *교통사고*|*교통사고* 예방	a car accident occurs|serious car accident|prevention of traffic accidents	[sound:row1352_chunk1.wav]|[sound:row1352_chunk2.wav]|[sound:row1352_chunk3.wav]
군데	place	여러 *군데*|두 *군데*|한 *군데*만	several places|two places|only one place	[sound:row1353_chunk1.wav]|[sound:row1353_chunk2.wav]|[sound:row1353_chunk3.wav]
메시지	message	문자 *메시지*|*메시지를* 남기다|*메시지를* 보내다	text message|to leave a message|to send a message	[sound:row1354_chunk1.wav]|[sound:row1354_chunk2.wav]|[sound:row1354_chunk3.wav]
뺨	cheek	*뺨을* 때리다|붉은 *뺨*|*뺨에* 뽀뽀하다	to slap a cheek|red cheeks|to kiss on the cheek	[sound:row1355_chunk1.wav]|[sound:row1355_chunk2.wav]|[sound:row1355_chunk3.wav]
영원히	forever	*영원히* 사랑해|*영원히* 기억하다|*영원히* 남다	love you forever|to remember forever|to remain forever	[sound:row1356_chunk1.wav]|[sound:row1356_chunk2.wav]|[sound:row1356_chunk3.wav]
월급	salary	*월급* 날|*월급을* 받다|*월급이* 오르다	payday|to get paid|salary increases	[sound:row1357_chunk1.wav]|[sound:row1357_chunk2.wav]|[sound:row1357_chunk3.wav]
유행	fashion	*유행을* 따르다|최근 *유행하는* 옷|*유행이* 지나다	to follow a trend|recently trendy clothes|to be out of fashion	[sound:row1358_chunk1.wav]|[sound:row1358_chunk2.wav]|[sound:row1358_chunk3.wav]
이리	this way	*이리로* 오세요|*이리* 줘 봐|*이리저리* 살피다	please come this way|give it to me here|to look here and there	[sound:row1359_chunk1.wav]|[sound:row1359_chunk2.wav]|[sound:row1359_chunk3.wav]
제발	please	*제발* 도와주세요|*제발* 그만해|*제발* 부탁이야	please, help me|please stop it|I'm begging you	[sound:row1360_chunk1.wav]|[sound:row1360_chunk2.wav]|[sound:row1360_chunk3.wav]
가까이	near	집 *가까이*|*가까이* 오지 마|*가까이서* 보다	near the house|don't come close|to look from nearby	[sound:row1361_chunk1.wav]|[sound:row1361_chunk2.wav]|[sound:row1361_chunk3.wav]
가득하다	to be full	자신감이 *가득하다*|물이 *가득한* 컵|기쁨이 *가득하다*	to be full of confidence|a cup full of water|to be filled with joy	[sound:row1362_chunk1.wav]|[sound:row1362_chunk2.wav]|[sound:row1362_chunk3.wav]
각자	each	*각자* 내다|*각자* 준비하다|*각자* 맡은 일	to pay individually|to prepare respectively|the task each person took	[sound:row1363_chunk1.wav]|[sound:row1363_chunk2.wav]|[sound:row1363_chunk3.wav]
물고기	fish	*물고기를* 잡다|키우는 *물고기*|바다 *물고기*	to catch a fish|pet fish|sea fish	[sound:row1364_chunk1.wav]|[sound:row1364_chunk2.wav]|[sound:row1364_chunk3.wav]
부탁	favor	*부탁을* 들어주다|어려운 *부탁*|*부탁* 하나 해도 될까?	to grant a favor|difficult request|can I ask a favor?	[sound:row1365_chunk1.wav]|[sound:row1365_chunk2.wav]|[sound:row1365_chunk3.wav]
상자	box	종이 *상자*|*상자에* 담다|커다란 *상자*	paper box|to put in a box|large box	[sound:row1366_chunk1.wav]|[sound:row1366_chunk2.wav]|[sound:row1366_chunk3.wav]
새해	New Year	*새해* 복 많이 받으세요|*새해* 계획|*새해* 아침	Happy New Year|New Year's plan|New Year's morning	[sound:row1367_chunk1.wav]|[sound:row1367_chunk2.wav]|[sound:row1367_chunk3.wav]
얼음	ice	*얼음이* 얼다|*얼음을* 넣다|차가운 *얼음*	ice freezes|to add ice|cold ice	[sound:row1368_chunk1.wav]|[sound:row1368_chunk2.wav]|[sound:row1368_chunk3.wav]
점수	score	시험 *점수*|*점수가* 높다|*점수를* 매기다	test score|score is high|to grade	[sound:row1369_chunk1.wav]|[sound:row1369_chunk2.wav]|[sound:row1369_chunk3.wav]
통장	bankbook	*통장을* 만들다|*통장* 잔고|은행 *통장*	to open an account|bankbook balance|bankbook	[sound:row1370_chunk1.wav]|[sound:row1370_chunk2.wav]|[sound:row1370_chunk3.wav]
결심하다	to decide	유학을 *결심하다*|새롭게 *결심하다*|가기로 *결심했다*	to decide to study abroad|to make a new resolution|decided to go	[sound:row1371_chunk1.wav]|[sound:row1371_chunk2.wav]|[sound:row1371_chunk3.wav]
경기장	stadium	축구 *경기장*|*경기장에* 모이다|넓은 *경기장*	soccer stadium|to gather at the stadium|vast stadium	[sound:row1372_chunk1.wav]|[sound:row1372_chunk2.wav]|[sound:row1372_chunk3.wav]
고장	breakdown	컴퓨터 *고장*|*고장이* 나다|*고장을* 고치다	computer breakdown|to break down|to fix a breakdown	[sound:row1373_chunk1.wav]|[sound:row1373_chunk2.wav]|[sound:row1373_chunk3.wav]
도시락	lunch box	*도시락을* 싸다|엄마표 *도시락*|*도시락* 통	to pack a lunch|mom's lunch box|lunch box container	[sound:row1374_chunk1.wav]|[sound:row1374_chunk2.wav]|[sound:row1374_chunk3.wav]
요새	these days	*요새* 바쁘니?|*요새* 유행|*요새* 들어 자주	are you busy lately?|current trend|often these days	[sound:row1375_chunk1.wav]|[sound:row1375_chunk2.wav]|[sound:row1375_chunk3.wav]
자꾸만	repeatedly	*자꾸만* 생각나다|*자꾸만* 늦다|눈물이 *자꾸만* 나다	to keep thinking of it|to keep being late|tears keep falling	[sound:row1376_chunk1.wav]|[sound:row1376_chunk2.wav]|[sound:row1376_chunk3.wav]
짜증	irritation	*짜증이* 나다|*짜증을* 내다|심한 *짜증*	to get annoyed|to show irritation|heavy irritation	[sound:row1377_chunk1.wav]|[sound:row1377_chunk2.wav]|[sound:row1377_chunk3.wav]
첫날	first day	출근 *첫날*|여행 *첫날*|수업 *첫날*	first day at work|first day of the trip|first day of class	[sound:row1378_chunk1.wav]|[sound:row1378_chunk2.wav]|[sound:row1378_chunk3.wav]
무	radish	*무를* 썰다|매운 *무*|*무* 김치	to slice a radish|spicy radish|radish kimchi	[sound:row1379_chunk1.wav]|[sound:row1379_chunk2.wav]|[sound:row1379_chunk3.wav]
밉다	to be hateful	그가 정말 *밉다*|*미운* 사람|말투가 *밉다*	I really hate him|hateful person|the way of speaking is unpleasant	[sound:row1380_chunk1.wav]|[sound:row1380_chunk2.wav]|[sound:row1380_chunk3.wav]
익숙하다	to be familiar	일이 *익숙하다*|*익숙한* 얼굴|분위기가 *익숙하다*	to be used to the work|familiar face|the atmosphere is familiar	[sound:row1381_chunk1.wav]|[sound:row1381_chunk2.wav]|[sound:row1381_chunk3.wav]
잔치	feast	생일 *잔치*|*잔치를* 벌이다|마을 *잔치*	birthday party|to hold a feast|village festival	[sound:row1382_chunk1.wav]|[sound:row1382_chunk2.wav]|[sound:row1382_chunk3.wav]
전부	all	*전부* 먹다|*전부* 버리다|*전부* 얼마예요?	to eat everything|to throw away all|how much is it in total?	[sound:row1383_chunk1.wav]|[sound:row1383_chunk2.wav]|[sound:row1383_chunk3.wav]
차다	to be cold	손이 *차다*|*찬* 바람|공기가 *차다*	hands are cold|cold wind|the air is chilly	[sound:row1384_chunk1.wav]|[sound:row1384_chunk2.wav]|[sound:row1384_chunk3.wav]
치료하다	to treat	환자를 *치료하다*|병을 *치료하다*|상처를 *치료하다*	to treat a patient|to cure a disease|to treat a wound	[sound:row1385_chunk1.wav]|[sound:row1385_chunk2.wav]|[sound:row1385_chunk3.wav]
관광객	tourist	외국인 *관광객*|많은 *관광객*|*관광객들로* 붐비다	foreign tourist|many tourists|to be crowded with tourists	[sound:row1386_chunk1.wav]|[sound:row1386_chunk2.wav]|[sound:row1386_chunk3.wav]
국	soup	미역*국*|*국을* 끓이다|따뜻한 *국*	seaweed soup|to make soup|warm soup	[sound:row1387_chunk1.wav]|[sound:row1387_chunk2.wav]|[sound:row1387_chunk3.wav]
미술관	art gallery	*미술관* 관람|현대 *미술관*|*미술관에* 가다	visiting an art gallery|modern art museum|to go to an art museum	[sound:row1388_chunk1.wav]|[sound:row1388_chunk2.wav]|[sound:row1388_chunk3.wav]
여름철	summertime	*여름철* 날씨|*여름철* 휴가|무더운 *여름철*	summer weather|summer vacation|sweltering summertime	[sound:row1389_chunk1.wav]|[sound:row1389_chunk2.wav]|[sound:row1389_chunk3.wav]
저런	that kind of	*저런* 사람|*저런* 옷|*저런* 일	that kind of person|clothes like those|that sort of thing	[sound:row1390_chunk1.wav]|[sound:row1390_chunk2.wav]|[sound:row1390_chunk3.wav]
각자	each person	*각자의* 생각|*각자가* 책임지다|*각자* 다르다	each person's thought|each takes responsibility|each is different	[sound:row1391_chunk1.wav]|[sound:row1391_chunk2.wav]|[sound:row1391_chunk3.wav]
그해	that year	*그해* 여름|*그해* 겨울|*그해* 졸업했다	the summer of that year|the winter of that year|graduated that year	[sound:row1392_chunk1.wav]|[sound:row1392_chunk2.wav]|[sound:row1392_chunk3.wav]
꼭대기	top	산 *꼭대기*|건물 *꼭대기*|*꼭대기에* 올라가다	mountain top|top of the building|to go to the very top	[sound:row1393_chunk1.wav]|[sound:row1393_chunk2.wav]|[sound:row1393_chunk3.wav]
꺼지다	to go out	불이 *꺼지다*|전등이 *꺼지다*|컴퓨터가 *꺼졌다*	the fire/light goes out|the lamp turns off|the computer turned off	[sound:row1394_chunk1.wav]|[sound:row1394_chunk2.wav]|[sound:row1394_chunk3.wav]
끊어지다	to be cut	줄이 *끊어지다*|연락이 *끊어지다*|전화가 *끊어졌다*	the string breaks|to lose contact|the call was cut off	[sound:row1395_chunk1.wav]|[sound:row1395_chunk2.wav]|[sound:row1395_chunk3.wav]
만족하다	to be satisfied	결과에 *만족하다*|생활에 *만족하다*|충분히 *만족한다*	to be satisfied with the result|to be content with life|to be fully satisfied	[sound:row1396_chunk1.wav]|[sound:row1396_chunk2.wav]|[sound:row1396_chunk3.wav]
쇼	show	패션 *쇼*|마술 *쇼*|*쇼를* 보다	fashion show|magic show|to watch a show	[sound:row1397_chunk1.wav]|[sound:row1397_chunk2.wav]|[sound:row1397_chunk3.wav]
수학	math	*수학* 문제|*수학* 시간|*수학을* 포기하다	math problem|math class|to give up on math	[sound:row1398_chunk1.wav]|[sound:row1398_chunk2.wav]|[sound:row1398_chunk3.wav]
시어머니	mother-in-law	우리 *시어머니*|*시어머니와* 며느리|무서운 *시어머니*	my mother-in-law|mother-in-law and daughter-in-law|scary mother-in-law	[sound:row1399_chunk1.wav]|[sound:row1399_chunk2.wav]|[sound:row1399_chunk3.wav]
시집	in-laws' house	*시집* 식구들|*시집을* 가다|*시집*살이	in-law family|to get married (for a woman)|living with in-laws	[sound:row1400_chunk1.wav]|[sound:row1400_chunk2.wav]|[sound:row1400_chunk3.wav]
그립다	to miss	고향이 *그립다*|*그리운* 얼굴|부모님이 *그립다*	to miss one's hometown|longed-for face|to miss one's parents	[sound:row1401_chunk1.wav]|[sound:row1401_chunk2.wav]|[sound:row1401_chunk3.wav]
긴장하다	to be nervous	면접이라 *긴장하다*|너무 *긴장해서*|몸이 *긴장하다*	to be nervous for an interview|because I'm so nervous|body tenses up	[sound:row1402_chunk1.wav]|[sound:row1402_chunk2.wav]|[sound:row1402_chunk3.wav]
느리다	to be slow	걸음이 *느리다*|말투가 *느리다*|진행이 *느리다*	to be slow-footed|the way of speaking is slow|progress is slow	[sound:row1403_chunk1.wav]|[sound:row1403_chunk2.wav]|[sound:row1403_chunk3.wav]
똑똑하다	to be smart	머리가 *똑똑하다*|*똑똑한* 아이|행동이 *똑똑하다*	to be smart|smart child|to act clever	[sound:row1404_chunk1.wav]|[sound:row1404_chunk2.wav]|[sound:row1404_chunk3.wav]
사촌	cousin	*사촌* 동생|*사촌* 형|가까운 *사촌*	younger cousin|older male cousin|close cousin	[sound:row1405_chunk1.wav]|[sound:row1405_chunk2.wav]|[sound:row1405_chunk3.wav]
상	prize	*상을* 받다|최우수 *상*|*상을* 타다	to win a prize|grand prize|to get an award	[sound:row1406_chunk1.wav]|[sound:row1406_chunk2.wav]|[sound:row1406_chunk3.wav]
수입하다	to import	과일을 *수입하다*|쌀을 *수입하다*|외국에서 *수입하다*	to import fruit|to import rice|to import from abroad	[sound:row1407_chunk1.wav]|[sound:row1407_chunk2.wav]|[sound:row1407_chunk3.wav]
식다	to cool down	국이 *식다*|차 마시기 전에 *식다*|사랑이 *식다*	the soup cools down|to cool down before drinking tea|love cools off	[sound:row1408_chunk1.wav]|[sound:row1408_chunk2.wav]|[sound:row1408_chunk3.wav]
카운터	counter	*카운터에서* 계산하다|*카운터* 직원|호텔 *카운터*	to pay at the counter|counter staff|hotel counter	[sound:row1409_chunk1.wav]|[sound:row1409_chunk2.wav]|[sound:row1409_chunk3.wav]
하숙집	boarding house	*하숙집* 아주머니|*하숙집에* 살다|근처 *하숙집*	boarding house lady|to live in a boarding house|nearby boarding house	[sound:row1410_chunk1.wav]|[sound:row1410_chunk2.wav]|[sound:row1410_chunk3.wav]
가슴속	inside the chest	*가슴속* 깊이|*가슴속에* 묻다|*가슴속이* 답답하다	deep in one's heart|to keep in one's heart|to feel heavy in the chest	[sound:row1411_chunk1.wav]|[sound:row1411_chunk2.wav]|[sound:row1411_chunk3.wav]
다행히	fortunately	*다행히* 비가 안 온다|*다행히* 살았다|*다행히* 늦지 않았다	fortunately it's not raining|fortunately survived|fortunately not late	[sound:row1412_chunk1.wav]|[sound:row1412_chunk2.wav]|[sound:row1412_chunk3.wav]
동아리	club	축구 *동아리*|*동아리에* 가입하다|*동아리* 활동	soccer club|to join a club|club activity	[sound:row1413_chunk1.wav]|[sound:row1413_chunk2.wav]|[sound:row1413_chunk3.wav]
따라오다	to follow along	뒤를 *따라오다*|강아지가 *따라오다*|나를 *따라오너라*	to follow behind|the puppy follows along|follow me	[sound:row1414_chunk1.wav]|[sound:row1414_chunk2.wav]|[sound:row1414_chunk3.wav]
명절	holiday	민족 *명절*|*명절* 선물|*명절을* 쇠다	traditional holiday|holiday gift|to celebrate a holiday	[sound:row1415_chunk1.wav]|[sound:row1415_chunk2.wav]|[sound:row1415_chunk3.wav]
바이올린	violin	*바이올린을* 켜다|*바이올린* 연주|*바이올린* 레슨	to play the violin|violin performance|violin lesson	[sound:row1416_chunk1.wav]|[sound:row1416_chunk2.wav]|[sound:row1416_chunk3.wav]
준비물	supplies	수업 *준비물*|*준비물을* 챙기다|시험 *준비물*	class supplies|to get supplies ready|test materials	[sound:row1417_chunk1.wav]|[sound:row1417_chunk2.wav]|[sound:row1417_chunk3.wav]
출입	entry	*출입* 금지|*출입이* 잦다|*출입* 구역	no entry|to frequent|entrance area	[sound:row1418_chunk1.wav]|[sound:row1418_chunk2.wav]|[sound:row1418_chunk3.wav]
회색	gray	*회색* 정장|*회색* 하늘|짙은 *회색*	gray suit|gray sky|dark gray	[sound:row1419_chunk1.wav]|[sound:row1419_chunk2.wav]|[sound:row1419_chunk3.wav]
고교	high school	*고교* 시절|*고교* 졸업생|*고교* 야구	high school days|high school graduate|high school baseball	[sound:row1420_chunk1.wav]|[sound:row1420_chunk2.wav]|[sound:row1420_chunk3.wav]
글씨	handwriting	*글씨를* 쓰다|예쁜 *글씨*|*글씨가* 엉망이다	to write letters|pretty handwriting|handwriting is a mess	[sound:row1421_chunk1.wav]|[sound:row1421_chunk2.wav]|[sound:row1421_chunk3.wav]
노래방	karaoke	*노래방에* 가다|친구와 *노래방*|신나는 *노래방*	to go to a karaoke room|karaoke with a friend|exciting karaoke	[sound:row1422_chunk1.wav]|[sound:row1422_chunk2.wav]|[sound:row1422_chunk3.wav]
달다	to give	돈 좀 *다오*|물 좀 *다오*|연필을 *달라고* 하다	please give me some money|give me some water|to ask to give a pencil	[sound:row1423_chunk1.wav]|[sound:row1423_chunk2.wav]|[sound:row1423_chunk3.wav]
매다	to tie	넥타이를 *매다*|신발 끈을 *매다*|안전벨트를 *매다*	to tie a tie|to tie shoelaces|to fasten a seatbelt	[sound:row1424_chunk1.wav]|[sound:row1424_chunk2.wav]|[sound:row1424_chunk3.wav]
머리카락	hair	*머리카락이* 빠지다|긴 *머리카락*|*머리카락을* 자르다	hair falls out|long hair|to cut hair	[sound:row1425_chunk1.wav]|[sound:row1425_chunk2.wav]|[sound:row1425_chunk3.wav]
벌레	insect	*벌레가* 나오다|*벌레를* 잡다|작은 *벌레*	an insect appears|to catch a bug|small insect	[sound:row1426_chunk1.wav]|[sound:row1426_chunk2.wav]|[sound:row1426_chunk3.wav]
성인	adult	*성인* 영화|*성인이* 되다|*성인* 요금	adult movie|to become an adult|adult fare	[sound:row1427_chunk1.wav]|[sound:row1427_chunk2.wav]|[sound:row1427_chunk3.wav]
익숙해지다	to get used to	일에 *익숙해지다*|환경에 *익숙해지다*|점점 *익숙해졌다*	to get used to the work|to get used to the environment|gradually became familiar	[sound:row1428_chunk1.wav]|[sound:row1428_chunk2.wav]|[sound:row1428_chunk3.wav]
저축	savings	*저축을* 하다|은행 *저축*|*저축* 금액	to save money|bank savings|savings amount	[sound:row1429_chunk1.wav]|[sound:row1429_chunk2.wav]|[sound:row1429_chunk3.wav]
증세	symptom	감기 *증세*|*증세가* 나타나다|심한 *증세*	cold symptoms|symptoms appear|severe symptoms	[sound:row1430_chunk1.wav]|[sound:row1430_chunk2.wav]|[sound:row1430_chunk3.wav]
콩나물	bean sprouts	*콩나물* 국|*콩나물을* 무치다|*콩나물* 비빔밥	bean sprout soup|to season bean sprouts|bean sprout bibimbap	[sound:row1431_chunk1.wav]|[sound:row1431_chunk2.wav]|[sound:row1431_chunk3.wav]
갈아입다	to change clothes	옷을 *갈아입다*|교복으로 *갈아입다*|깨끗하게 *갈아입다*	to change clothes|to change into a school uniform|to change into clean clothes	[sound:row1432_chunk1.wav]|[sound:row1432_chunk2.wav]|[sound:row1432_chunk3.wav]
거짓	lie	*거짓* 정보|*거짓말* 하지 마|*거짓이* 없다	false information|don't lie|to be truthful (no lies)	[sound:row1433_chunk1.wav]|[sound:row1433_chunk2.wav]|[sound:row1433_chunk3.wav]
나물	wild greens	*나물을* 무치다|산*나물*|맛있는 *나물*	to season greens|wild mountain greens|tasty greens	[sound:row1434_chunk1.wav]|[sound:row1434_chunk2.wav]|[sound:row1434_chunk3.wav]
대도시	large city	*대도시* 생활|복잡한 *대도시*|*대도시로* 이사하다	life in a big city|crowded large city|to move to a big city	[sound:row1435_chunk1.wav]|[sound:row1435_chunk2.wav]|[sound:row1435_chunk3.wav]
도둑	thief	*도둑을* 잡다|*도둑이* 들다|물건 *도둑*	to catch a thief|a thief breaks in|item thief	[sound:row1436_chunk1.wav]|[sound:row1436_chunk2.wav]|[sound:row1436_chunk3.wav]
신입생	freshman	대학교 *신입생*|*신입생* 환영회|새로운 *신입생*	college freshman|welcoming party for freshmen|new freshmen	[sound:row1437_chunk1.wav]|[sound:row1437_chunk2.wav]|[sound:row1437_chunk3.wav]
어린아이	child	*어린아이* 같은|*어린아이를* 키우다|귀여운 *어린아이*	childlike|to raise a child|cute child	[sound:row1438_chunk1.wav]|[sound:row1438_chunk2.wav]|[sound:row1438_chunk3.wav]
어쩐지	somehow	*어쩐지* 이상하다|*어쩐지* 춥더라|*어쩐지* 기분이 좋다	somehow it's strange|no wonder it was cold|somehow feel good	[sound:row1439_chunk1.wav]|[sound:row1439_chunk2.wav]|[sound:row1439_chunk3.wav]
연락하다	to contact	친구에게 *연락하다*|자주 *연락하다*|전화로 *연락하다*	to contact a friend|to contact often|to contact by phone	[sound:row1440_chunk1.wav]|[sound:row1440_chunk2.wav]|[sound:row1440_chunk3.wav]
규칙적	regular	*규칙적* 생활|*규칙적* 운동|매우 *규칙적이다*	regular life|regular exercise|to be very regular	[sound:row1441_chunk1.wav]|[sound:row1441_chunk2.wav]|[sound:row1441_chunk3.wav]
글쎄요	well	*글쎄요*, 잘 모르겠어요|*글쎄요*, 글쎄|*글쎄요*, 그럴까요?	well, I'm not sure|well, let me see|well, do you think so?	[sound:row1442_chunk1.wav]|[sound:row1442_chunk2.wav]|[sound:row1442_chunk3.wav]
배추	cabbage	*배추* 김치|*배추를* 절이다|싱싱한 *배추*	cabbage kimchi|to salt cabbage|fresh cabbage	[sound:row1443_chunk1.wav]|[sound:row1443_chunk2.wav]|[sound:row1443_chunk3.wav]
센터	center	고객 *센터*|문화 *센터*|*센터* 방문	customer center|cultural center|visit to the center	[sound:row1444_chunk1.wav]|[sound:row1444_chunk2.wav]|[sound:row1444_chunk3.wav]
수염	beard	*수염을* 깎다|긴 *수염*|*수염이* 나다	to shave one's beard|long beard|to grow a beard	[sound:row1445_chunk1.wav]|[sound:row1445_chunk2.wav]|[sound:row1445_chunk3.wav]
아아	ah	*아아*, 알겠다|*아아*, 그렇구나|*아아*, 슬프다	ah, I see|ah, I get it|ah, so sad	[sound:row1446_chunk1.wav]|[sound:row1446_chunk2.wav]|[sound:row1446_chunk3.wav]
어리다	to form	눈물이 *어리다*|이슬이 *어리다*|눈가에 *어린* 눈물	tears well up|dew forms|tears in the eyes	[sound:row1447_chunk1.wav]|[sound:row1447_chunk2.wav]|[sound:row1447_chunk3.wav]
장남	eldest son	집안의 *장남*|*장남으로* 태어나다|든든한 *장남*	eldest son of the family|to be born as the eldest son|reliable eldest son	[sound:row1448_chunk1.wav]|[sound:row1448_chunk2.wav]|[sound:row1448_chunk3.wav]
포도주	wine	레드 *포도주*|*포도주를* 마시다|달콤한 *포도주*	red wine|to drink wine|sweet wine	[sound:row1449_chunk1.wav]|[sound:row1449_chunk2.wav]|[sound:row1449_chunk3.wav]
각각	each	*각각의* 특징|*각각* 만 원|*각각* 다르다	each characteristic|10,000 won each|each is different	[sound:row1450_chunk1.wav]|[sound:row1450_chunk2.wav]|[sound:row1450_chunk3.wav]
독서	reading	*독서* 습관|*독서를* 즐기다|*독서* 감상문	reading habit|to enjoy reading|book report	[sound:row1451_chunk1.wav]|[sound:row1451_chunk2.wav]|[sound:row1451_chunk3.wav]
앞뒤	front and back	*앞뒤* 맥락|*앞뒤로* 흔들다|*앞뒤가* 안 맞다	context (front and back)|to shake back and forth|to be inconsistent	[sound:row1452_chunk1.wav]|[sound:row1452_chunk2.wav]|[sound:row1452_chunk3.wav]
접시	plate	예쁜 *접시*|*접시에* 담다|빈 *접시*	pretty plate|to put on a plate|empty plate	[sound:row1453_chunk1.wav]|[sound:row1453_chunk2.wav]|[sound:row1453_chunk3.wav]
체중	weight	*체중을* 재다|*체중이* 늘다|*체중* 조절	to weigh oneself|to gain weight|weight control	[sound:row1454_chunk1.wav]|[sound:row1454_chunk2.wav]|[sound:row1454_chunk3.wav]
포장	packaging	선물 *포장*|*포장* 마차|*포장해* 주세요	gift wrapping|street food stall|please wrap it up (take out)	[sound:row1455_chunk1.wav]|[sound:row1455_chunk2.wav]|[sound:row1455_chunk3.wav]
현관	entrance	*현관* 문|*현관에서* 신발을 벗다|아파트 *현관*	front door|to take off shoes at the entrance|apartment entrance	[sound:row1456_chunk1.wav]|[sound:row1456_chunk2.wav]|[sound:row1456_chunk3.wav]
호수	lake	깊은 *호수*|*호수*가 산책|맑은 *호수*	deep lake|walk by the lake|clear lake	[sound:row1457_chunk1.wav]|[sound:row1457_chunk2.wav]|[sound:row1457_chunk3.wav]
건너가다	to cross over	길을 *건너가다*|다리를 *건너가다*|강을 *건너가다*	to cross the road|to cross a bridge|to cross a river	[sound:row1458_chunk1.wav]|[sound:row1458_chunk2.wav]|[sound:row1458_chunk3.wav]
껌	chewing gum	*껌*을 씹다|*껌*을 뱉다|단맛이 나는 *껌*	to chew gum|to spit out gum|sweet tasting gum	[sound:row1459_chunk1.wav]|[sound:row1459_chunk2.wav]|[sound:row1459_chunk3.wav]
녹색	green	*녹색* 신호등|*녹색* 채소|*녹색* 옷을 입다	green traffic light|green vegetables|to wear green clothes	[sound:row1460_chunk1.wav]|[sound:row1460_chunk2.wav]|[sound:row1460_chunk3.wav]
막내	the youngest	집안의 *막내*|*막내* 아들|*막내* 동생	the youngest in the family|youngest son|youngest sibling	[sound:row1461_chunk1.wav]|[sound:row1461_chunk2.wav]|[sound:row1461_chunk3.wav]
악수	handshake	*악수*를 나누다|반갑게 *악수*하다|*악수*를 청하다	to shake hands|to shake hands gladly|to offer a handshake	[sound:row1462_chunk1.wav]|[sound:row1462_chunk2.wav]|[sound:row1462_chunk3.wav]
인원	number of people	*인원*을 점검하다|제한된 *인원*|참석 *인원*	to check the headcount|limited number of people|number of attendees	[sound:row1463_chunk1.wav]|[sound:row1463_chunk2.wav]|[sound:row1463_chunk3.wav]
인터뷰	interview	*인터뷰*를 하다|기자와 *인터뷰*|*인터뷰*에 응하다	to do an interview|interview with a reporter|to agree to an interview	[sound:row1464_chunk1.wav]|[sound:row1464_chunk2.wav]|[sound:row1464_chunk3.wav]
입학하다	to enter school	대학교에 *입학하다*|초등학교에 *입학하다*|장학금을 받고 *입학하다*	to enter university|to start elementary school|to enter with a scholarship	[sound:row1465_chunk1.wav]|[sound:row1465_chunk2.wav]|[sound:row1465_chunk3.wav]
정문	main gate	학교 *정문*|*정문*에서 만나다|*정문*을 통과하다	school main gate|to meet at the main gate|to pass through the main gate	[sound:row1466_chunk1.wav]|[sound:row1466_chunk2.wav]|[sound:row1466_chunk3.wav]
켜지다	to be turned on	불이 *켜지다*|TV가 *켜지다*|컴퓨터가 *켜지다*	light comes on|TV turns on|computer is turned on	[sound:row1467_chunk1.wav]|[sound:row1467_chunk2.wav]|[sound:row1467_chunk3.wav]
팩	face mask/pack	얼굴에 *팩*하다|우유 *팩*|마스크 *팩*	to do a face mask|milk carton|sheet mask	[sound:row1468_chunk1.wav]|[sound:row1468_chunk2.wav]|[sound:row1468_chunk3.wav]
표시하다	to mark or indicate	지도에 *표시하다*|의사를 *표시하다*|빨간색으로 *표시하다*	to mark on a map|to express one's intention|to mark in red	[sound:row1469_chunk1.wav]|[sound:row1469_chunk2.wav]|[sound:row1469_chunk3.wav]
감상하다	to appreciate	음악을 *감상하다*|영화를 *감상하다*|그림을 *감상하다*	to appreciate music|to enjoy a movie|to view a painting	[sound:row1470_chunk1.wav]|[sound:row1470_chunk2.wav]|[sound:row1470_chunk3.wav]
끼다	to be foggy/cloudy	안개가 *끼다*|구름이 *끼다*|먼지가 *끼다*	to be foggy|to be cloudy|to be dusty	[sound:row1471_chunk1.wav]|[sound:row1471_chunk2.wav]|[sound:row1471_chunk3.wav]
넘어지다	to fall down	길에서 *넘어지다*|뒤로 *넘어지다*|계단에서 *넘어지다*	to fall in the street|to fall backward|to fall on the stairs	[sound:row1472_chunk1.wav]|[sound:row1472_chunk2.wav]|[sound:row1472_chunk3.wav]
단점	weakness	장점과 *단점*|*단점*을 고치다|*단점*이 많다	strengths and weaknesses|to fix a weakness|to have many disadvantages	[sound:row1473_chunk1.wav]|[sound:row1473_chunk2.wav]|[sound:row1473_chunk3.wav]
들려주다	to tell or play	이야기를 *들려주다*|노래를 *들려주다*|비밀을 *들려주다*	to tell a story|to play a song|to tell a secret	[sound:row1474_chunk1.wav]|[sound:row1474_chunk2.wav]|[sound:row1474_chunk3.wav]
뚜껑	lid	병 *뚜껑*|*뚜껑*을 열다|*뚜껑*을 닫다	bottle cap|to open the lid|to close the lid	[sound:row1475_chunk1.wav]|[sound:row1475_chunk2.wav]|[sound:row1475_chunk3.wav]
반복하다	to repeat	같은 말을 *반복하다*|훈련을 *반복하다*|실수를 *반복하다*	to repeat the same words|to repeat training|to repeat a mistake	[sound:row1476_chunk1.wav]|[sound:row1476_chunk2.wav]|[sound:row1476_chunk3.wav]
아까	a little while ago	*아까* 본 사람|*아까* 먹은 밥|*아까*부터 기다리다	person I saw earlier|meal I ate a while ago|to wait since a while ago	[sound:row1477_chunk1.wav]|[sound:row1477_chunk2.wav]|[sound:row1477_chunk3.wav]
암	cancer	폐*암* 환자|*암*을 치료하다|*암*에 걸리다	lung cancer patient|to treat cancer|to get cancer	[sound:row1478_chunk1.wav]|[sound:row1478_chunk2.wav]|[sound:row1478_chunk3.wav]
엔	yen	백 *엔*|*엔*화 환율|*엔*으로 계산하다	one hundred yen|yen exchange rate|to pay in yen	[sound:row1479_chunk1.wav]|[sound:row1479_chunk2.wav]|[sound:row1479_chunk3.wav]
인분	servings	삼 *인분* 주세요|일 *인분* 양|몇 *인분*이에요?	three servings, please|amount for one person|how many servings is it?	[sound:row1480_chunk1.wav]|[sound:row1480_chunk2.wav]|[sound:row1480_chunk3.wav]
죽	porridge	호박*죽*을 먹다|*죽*을 끓이다|따뜻한 *죽*	to eat pumpkin porridge|to cook porridge|warm porridge	[sound:row1481_chunk1.wav]|[sound:row1481_chunk2.wav]|[sound:row1481_chunk3.wav]
태우다	to give a ride	차에 *태우다*|친구를 *태워다* 주다|뒷자리에 *태우다*	to give a ride in a car|to drop off a friend|to have someone sit in back	[sound:row1482_chunk1.wav]|[sound:row1482_chunk2.wav]|[sound:row1482_chunk3.wav]
향수	perfume	*향수*를 뿌리다|*향수* 냄새|비싼 *향수*	to spray perfume|scent of perfume|expensive perfume	[sound:row1483_chunk1.wav]|[sound:row1483_chunk2.wav]|[sound:row1483_chunk3.wav]
김	seaweed	*김*을 굽다|*김*에 싸 먹다|*김*밥용 김	to roast seaweed|to wrap and eat with seaweed|seaweed for kimbap	[sound:row1484_chunk1.wav]|[sound:row1484_chunk2.wav]|[sound:row1484_chunk3.wav]
닫히다	to be closed	문이 *닫히다*|창문이 *닫히다*|굳게 *닫히다*	door closes|window is closed|to be shut tightly	[sound:row1485_chunk1.wav]|[sound:row1485_chunk2.wav]|[sound:row1485_chunk3.wav]
도로	back	*도로* 가져가다|*도로* 아미타불|*도로* 제자리에 두다	to take it back|all in vain|to put back in its place	[sound:row1486_chunk1.wav]|[sound:row1486_chunk2.wav]|[sound:row1486_chunk3.wav]
밥그릇	rice bowl	*밥그릇*을 비우다|사기 *밥그릇*|*밥그릇*에 담다	to empty the rice bowl|ceramic rice bowl|to put in a rice bowl	[sound:row1487_chunk1.wav]|[sound:row1487_chunk2.wav]|[sound:row1487_chunk3.wav]
방문	room door	*방문*을 열다|*방문*을 잠그다|*방문* 앞	to open the room door|to lock the room door|in front of the room door	[sound:row1488_chunk1.wav]|[sound:row1488_chunk2.wav]|[sound:row1488_chunk3.wav]
병들다	to fall ill	몸이 *병들다*|*병든* 강아지|마음이 *병들다*	body falls ill|sick puppy|mind becomes weary/sick	[sound:row1489_chunk1.wav]|[sound:row1489_chunk2.wav]|[sound:row1489_chunk3.wav]
불꽃	flame	*불꽃*이 튀다|*불꽃*놀이 축제|뜨거운 *불꽃*	sparks fly|fireworks festival|hot flame	[sound:row1490_chunk1.wav]|[sound:row1490_chunk2.wav]|[sound:row1490_chunk3.wav]
소설가	novelist	유명한 *소설가*|*소설가*가 되다|현대 *소설가*	famous novelist|to become a novelist|modern novelist	[sound:row1491_chunk1.wav]|[sound:row1491_chunk2.wav]|[sound:row1491_chunk3.wav]
유학	Confucianism	*유학* 사상|*유학*을 공부하다|한국의 *유학*	Confucian thought|to study Confucianism|Korean Confucianism	[sound:row1492_chunk1.wav]|[sound:row1492_chunk2.wav]|[sound:row1492_chunk3.wav]
좌석	seat	빈 *좌석*|*좌석* 번호|*좌석*을 예약하다	empty seat|seat number|to reserve a seat	[sound:row1493_chunk1.wav]|[sound:row1493_chunk2.wav]|[sound:row1493_chunk3.wav]
출근	going to work	*출근* 시간|*출근*을 서두르다|매일 *출근*하다	commuting hour|to rush to work|to go to work every day	[sound:row1494_chunk1.wav]|[sound:row1494_chunk2.wav]|[sound:row1494_chunk3.wav]
푹	deeply/well	*푹* 자다|*푹* 쉬다|*푹* 고은 국물	to sleep deeply|to rest well|well-boiled broth	[sound:row1495_chunk1.wav]|[sound:row1495_chunk2.wav]|[sound:row1495_chunk3.wav]
개구리	frog	청*개구리*|*개구리*가 울다|*개구리* 소년	tree frog|a frog croaks|frog boy	[sound:row1496_chunk1.wav]|[sound:row1496_chunk2.wav]|[sound:row1496_chunk3.wav]
동전	coin	*동전*을 던지다|*동전*으로 바꾸다|오백 원짜리 *동전*	to toss a coin|to change into coins|five-hundred-won coin	[sound:row1497_chunk1.wav]|[sound:row1497_chunk2.wav]|[sound:row1497_chunk3.wav]
얼다	to freeze	강물이 *얼다*|손이 *꽁꽁* 얼다|날씨가 추워 *얼다*	river freezes|hands are frozen solid|to freeze due to cold weather	[sound:row1498_chunk1.wav]|[sound:row1498_chunk2.wav]|[sound:row1498_chunk3.wav]
여	female	남*여* 공용|*여*직원|*여*학생	unisex|female employee|female student	[sound:row1499_chunk1.wav]|[sound:row1499_chunk2.wav]|[sound:row1499_chunk3.wav]
토끼	rabbit	산*토끼*|*토끼*를 키우다|*토끼*처럼 뛰다	wild rabbit|to raise a rabbit|to jump like a rabbit	[sound:row1500_chunk1.wav]|[sound:row1500_chunk2.wav]|[sound:row1500_chunk3.wav]
길가	roadside	*길가*에 세우다|*길가*를 걷다|*길가*의 꽃	to pull over at the roadside|to walk along the road|flowers by the road	[sound:row1501_chunk1.wav]|[sound:row1501_chunk2.wav]|[sound:row1501_chunk3.wav]
남매	brother and sister	다정한 *남매*|일남일녀 *남매*|*남매* 사이	affectionate siblings|a brother and a sister|relationship between siblings	[sound:row1502_chunk1.wav]|[sound:row1502_chunk2.wav]|[sound:row1502_chunk3.wav]
발가락	toe	엄지*발가락*|*발가락*이 아프다|*발가락*을 다치다	big toe|toes hurt|to hurt a toe	[sound:row1503_chunk1.wav]|[sound:row1503_chunk2.wav]|[sound:row1503_chunk3.wav]
뵙다	to see/meet (honorific)	선생님을 *뵙다*|부모님을 *뵙다*|처음 *뵙겠습니다*	to see a teacher|to meet parents|nice to meet you (first time)	[sound:row1504_chunk1.wav]|[sound:row1504_chunk2.wav]|[sound:row1504_chunk3.wav]
부치다	to send	편지를 *부치다*|짐을 *부치다*|택배를 *부치다*	to mail a letter|to ship luggage|to send a parcel	[sound:row1505_chunk1.wav]|[sound:row1505_chunk2.wav]|[sound:row1505_chunk3.wav]
안주	side dish for drinks	술과 *안주*|*안주*를 먹다|맛있는 *안주*	alcohol and snacks|to eat side dishes with drinks|tasty bar snacks	[sound:row1506_chunk1.wav]|[sound:row1506_chunk2.wav]|[sound:row1506_chunk3.wav]
어린애	child/kid	*어린애* 같은 행동|*어린애*를 돌보다|아직 *어린애*다	childish behavior|to take care of a child|to still be a kid	[sound:row1507_chunk1.wav]|[sound:row1507_chunk2.wav]|[sound:row1507_chunk3.wav]
인형	doll/toy	*인형*을 사다|곰 *인형*|*인형*처럼 예쁘다	to buy a doll|teddy bear|to be pretty like a doll	[sound:row1508_chunk1.wav]|[sound:row1508_chunk2.wav]|[sound:row1508_chunk3.wav]
전철	subway/train	*전철*을 타다|*전철* 노선도|*전철*역	to take the subway|subway map|subway station	[sound:row1509_chunk1.wav]|[sound:row1509_chunk2.wav]|[sound:row1509_chunk3.wav]
가짜	fake	*가짜* 돈|*가짜* 뉴스|*가짜*로 꾸미다	fake money|fake news|to fake/fabricate	[sound:row1510_chunk1.wav]|[sound:row1510_chunk2.wav]|[sound:row1510_chunk3.wav]
곰	bear	북극*곰*|*곰* 인형|미련한 *곰*	polar bear|teddy bear|foolish bear (idiom)	[sound:row1511_chunk1.wav]|[sound:row1511_chunk2.wav]|[sound:row1511_chunk3.wav]
빗물	rainwater	*빗물*이 고이다|*빗물*을 닦다|*빗물* 소리	rainwater puddles|to wipe off rainwater|sound of rain	[sound:row1512_chunk1.wav]|[sound:row1512_chunk2.wav]|[sound:row1512_chunk3.wav]
사위	son-in-law	첫째 *사위*|사랑받는 *사위*|*사위*를 맞다	first son-in-law|beloved son-in-law|to welcome a son-in-law	[sound:row1513_chunk1.wav]|[sound:row1513_chunk2.wav]|[sound:row1513_chunk3.wav]
설날	Lunar New Year	*설날* 아침|*설날* 연휴|*설날*에 떡국	Lunar New Year morning|Lunar New Year holidays|rice cake soup on New Year	[sound:row1514_chunk1.wav]|[sound:row1514_chunk2.wav]|[sound:row1514_chunk3.wav]
손톱	fingernail	*손톱*을 깎다|긴 *손톱*|*손톱*이 부러지다	to clip fingernails|long fingernails|to break a nail	[sound:row1515_chunk1.wav]|[sound:row1515_chunk2.wav]|[sound:row1515_chunk3.wav]
식빵	plain bread/loaf	*식빵* 한 봉지|*식빵*을 굽다|*식빵*에 잼	a bag of bread|to toast bread|jam on bread	[sound:row1516_chunk1.wav]|[sound:row1516_chunk2.wav]|[sound:row1516_chunk3.wav]
외우다	to memorize	단어를 *외우다*|시를 *외우다*|전화번호를 *외우다*	to memorize words|to memorize a poem|to memorize a phone number	[sound:row1517_chunk1.wav]|[sound:row1517_chunk2.wav]|[sound:row1517_chunk3.wav]
운전자	driver	초보 *운전자*|*운전자* 부주의|*운전자* 보호	novice driver|driver's negligence|driver protection	[sound:row1518_chunk1.wav]|[sound:row1518_chunk2.wav]|[sound:row1518_chunk3.wav]
유리창	glass window	*유리창*을 닦다|*유리창*이 깨지다|*유리창* 너머	to clean the window|window is broken|beyond the glass window	[sound:row1519_chunk1.wav]|[sound:row1519_chunk2.wav]|[sound:row1519_chunk3.wav]
찬물	cold water	*찬물*을 마시다|*찬물*로 씻다|*찬물*을 끼얹다	to drink cold water|to wash with cold water|to pour cold water	[sound:row1520_chunk1.wav]|[sound:row1520_chunk2.wav]|[sound:row1520_chunk3.wav]
태풍	typhoon	*태풍*이 오다|*태풍* 피해|강력한 *태풍*	typhoon is coming|typhoon damage|powerful typhoon	[sound:row1521_chunk1.wav]|[sound:row1521_chunk2.wav]|[sound:row1521_chunk3.wav]
햇볕	sunshine	따스한 *햇볕*|*햇볕*을 쬐다|*햇볕*이 내리쬐다	warm sunshine|to bask in the sun|the sun shines down	[sound:row1522_chunk1.wav]|[sound:row1522_chunk2.wav]|[sound:row1522_chunk3.wav]
금지하다	to prohibit	출입을 *금지하다*|주차를 *금지하다*|흡연을 *금지하다*	to prohibit entry|to prohibit parking|to prohibit smoking	[sound:row1523_chunk1.wav]|[sound:row1523_chunk2.wav]|[sound:row1523_chunk3.wav]
기사	engineer/technician	수리 *기사*|전기 *기사*|*기사* 자격증	repair technician|electrical engineer|engineer certificate	[sound:row1524_chunk1.wav]|[sound:row1524_chunk2.wav]|[sound:row1524_chunk3.wav]
나뭇잎	leaf	초록색 *나뭇잎*|*나뭇잎*이 떨어지다|*나뭇잎*이 흔들리다	green leaf|leaves are falling|leaves are swaying	[sound:row1525_chunk1.wav]|[sound:row1525_chunk2.wav]|[sound:row1525_chunk3.wav]
넓어지다	to widen	길이 *넓어지다*|시야가 *넓어지다*|범위가 *넓어지다*	road widens|one's view broadens|scope expands	[sound:row1526_chunk1.wav]|[sound:row1526_chunk2.wav]|[sound:row1526_chunk3.wav]
미팅	meeting/blind date	업무 *미팅*|단체 *미팅*|*미팅*을 잡다	business meeting|group blind date|to schedule a meeting	[sound:row1527_chunk1.wav]|[sound:row1527_chunk2.wav]|[sound:row1527_chunk3.wav]
시끄럽다	to be noisy	교실이 *시끄럽다*|소리가 *시끄럽다*|*시끄러운* 음악	classroom is noisy|the sound is noisy|noisy music	[sound:row1528_chunk1.wav]|[sound:row1528_chunk2.wav]|[sound:row1528_chunk3.wav]
어때	how about	기분이 *어때*?|맛이 *어때*?|이건 *어때*?	how do you feel?|how does it taste?|how about this one?	[sound:row1529_chunk1.wav]|[sound:row1529_chunk2.wav]|[sound:row1529_chunk3.wav]
엘리베이터	elevator	*엘리베이터*를 타다|*엘리베이터*가 고장나다|*엘리베이터* 버튼	to take the elevator|elevator is broken|elevator button	[sound:row1530_chunk1.wav]|[sound:row1530_chunk2.wav]|[sound:row1530_chunk3.wav]
연휴	long holiday	황금 *연휴*|*연휴* 기간|설 *연휴*	golden holiday|holiday period|Lunar New Year holiday	[sound:row1531_chunk1.wav]|[sound:row1531_chunk2.wav]|[sound:row1531_chunk3.wav]
이모	maternal aunt	큰*이모*|*이모*네 집|우리 *이모*	eldest maternal aunt|aunt's house|my aunt	[sound:row1532_chunk1.wav]|[sound:row1532_chunk2.wav]|[sound:row1532_chunk3.wav]
조카	nephew/niece	귀여운 *조카*|*조카* 선물|*조카*를 돌보다	cute nephew/niece|gift for a nephew/niece|to look after one's nephew/niece	[sound:row1533_chunk1.wav]|[sound:row1533_chunk2.wav]|[sound:row1533_chunk3.wav]
취직	getting a job	회사에 *취직*하다|*취직* 준비|*취직*에 성공하다	to get a job at a company|preparing for a job|to succeed in finding a job	[sound:row1534_chunk1.wav]|[sound:row1534_chunk2.wav]|[sound:row1534_chunk3.wav]
계획하다	to plan	여행을 *계획하다*|미래를 *계획하다*|꼼꼼히 *계획하다*	to plan a trip|to plan the future|to plan meticulously	[sound:row1535_chunk1.wav]|[sound:row1535_chunk2.wav]|[sound:row1535_chunk3.wav]
냄비	pot	*냄비*에 끓이다|뜨거운 *냄비*|*냄비* 뚜껑	to boil in a pot|hot pot|pot lid	[sound:row1536_chunk1.wav]|[sound:row1536_chunk2.wav]|[sound:row1536_chunk3.wav]
뱀	snake	독*뱀*|*뱀*이 기어가다|*뱀*을 무서워하다	poisonous snake|a snake crawls|to be afraid of snakes	[sound:row1537_chunk1.wav]|[sound:row1537_chunk2.wav]|[sound:row1537_chunk3.wav]
뵈다	to be seen	산이 잘 *뵈다*|희미하게 *뵈다*|안 보여서 안 *뵈다*	the mountain is clearly seen|to be seen dimly|cannot be seen because it's invisible	[sound:row1538_chunk1.wav]|[sound:row1538_chunk2.wav]|[sound:row1538_chunk3.wav]
아니야	no	그건 *아니야*|절대 *아니야*|꿈이 *아니야*	that's not it|absolutely not|it's not a dream	[sound:row1539_chunk1.wav]|[sound:row1539_chunk2.wav]|[sound:row1539_chunk3.wav]
우수하다	to be excellent	성적이 *우수하다*|*우수한* 인재|품질이 *우수하다*	grades are excellent|excellent talent|quality is excellent	[sound:row1540_chunk1.wav]|[sound:row1540_chunk2.wav]|[sound:row1540_chunk3.wav]
유명	fame/famous	*유명* 인사|*유명* 브랜드|*유명*해지다	famous person|famous brand|to become famous	[sound:row1541_chunk1.wav]|[sound:row1541_chunk2.wav]|[sound:row1541_chunk3.wav]
철	season	단풍 드는 *철*|*철*이 바뀌다|딸기 *철*	autumn foliage season|seasons change|strawberry season	[sound:row1542_chunk1.wav]|[sound:row1542_chunk2.wav]|[sound:row1542_chunk3.wav]
헌	old/used	*헌* 옷|*헌* 책방|*헌* 신발	old clothes|used bookstore|old shoes	[sound:row1543_chunk1.wav]|[sound:row1543_chunk2.wav]|[sound:row1543_chunk3.wav]
가까워지다	to get closer	사이거 *가까워지다*|목표에 *가까워지다*|집에 *가까워지다*	to become closer (relationship)|to get closer to the goal|to get closer to home	[sound:row1544_chunk1.wav]|[sound:row1544_chunk2.wav]|[sound:row1544_chunk3.wav]
강도	robber	*강도*를 잡다|*강도* 사건|무장 *강도*	to catch a robber|robbery case|armed robber	[sound:row1545_chunk1.wav]|[sound:row1545_chunk2.wav]|[sound:row1545_chunk3.wav]
꿀	honey	달콤한 *꿀*|*꿀*을 따다|*꿀*차를 마시다	sweet honey|to gather honey|to drink honey tea	[sound:row1546_chunk1.wav]|[sound:row1546_chunk2.wav]|[sound:row1546_chunk3.wav]
된장	soybean paste	*된장*을 담그다|*된장*찌개|*된장* 냄새	to make soybean paste|soybean paste stew|smell of soybean paste	[sound:row1547_chunk1.wav]|[sound:row1547_chunk2.wav]|[sound:row1547_chunk3.wav]
손발	hands and feet	*손발*이 차다|*손발*을 맞추다|*손발*이 붓다	hands and feet are cold|to work in harmony|hands and feet are swollen	[sound:row1548_chunk1.wav]|[sound:row1548_chunk2.wav]|[sound:row1548_chunk3.wav]
안내하다	to guide	길을 *안내하다*|전시장을 *안내하다*|친절히 *안내하다*	to guide the way|to guide through the exhibition|to guide kindly	[sound:row1549_chunk1.wav]|[sound:row1549_chunk2.wav]|[sound:row1549_chunk3.wav]
영하	below zero	*영하* 십 도|*영하*로 떨어지다|추운 *영하* 날씨	ten degrees below zero|to drop below zero|cold sub-zero weather	[sound:row1550_chunk1.wav]|[sound:row1550_chunk2.wav]|[sound:row1550_chunk3.wav]
외교관	diplomat	*외교관*이 꿈이다|유능한 *외교관*|*외교관* 여권	to dream of being a diplomat|competent diplomat|diplomatic passport	[sound:row1551_chunk1.wav]|[sound:row1551_chunk2.wav]|[sound:row1551_chunk3.wav]
유행하다	to be in fashion	독감이 *유행하다*|패션이 *유행하다*|전 세계적으로 *유행하다*	flu is going around|fashion is in style|to be popular worldwide	[sound:row1552_chunk1.wav]|[sound:row1552_chunk2.wav]|[sound:row1552_chunk3.wav]
으응	yes/okay (informal)	*으응*, 알았어|*으응*, 그래|*으응*, 알겠어	yes, I got it|yeah, okay|uh-huh, I see	[sound:row1553_chunk1.wav]|[sound:row1553_chunk2.wav]|[sound:row1553_chunk3.wav]
한잔	a glass/a drink	커피 *한잔*|술 *한잔* 하다|시원하게 *한잔*	a cup of coffee|to have a drink|a refreshing drink	[sound:row1554_chunk1.wav]|[sound:row1554_chunk2.wav]|[sound:row1554_chunk3.wav]
가죽	leather	*가죽* 장갑|*가죽* 가방|진짜 *가죽*	leather gloves|leather bag|real leather	[sound:row1555_chunk1.wav]|[sound:row1555_chunk2.wav]|[sound:row1555_chunk3.wav]
데려가다	to take (someone)	집에 *데려가다*|아이를 *데려가다*|강아지를 *데려가다*	to take someone home|to take a child|to take a puppy	[sound:row1556_chunk1.wav]|[sound:row1556_chunk2.wav]|[sound:row1556_chunk3.wav]
도자기	pottery/ceramics	고려 *도자기*|*도자기*를 굽다|예쁜 *도자기*	Goryeo ceramics|to bake pottery|pretty pottery	[sound:row1557_chunk1.wav]|[sound:row1557_chunk2.wav]|[sound:row1557_chunk3.wav]
뒤쪽	the back	건물 *뒤쪽*|*뒤쪽*으로 가다|*뒤쪽* 좌석	the back of the building|to go toward the back|back seat	[sound:row1558_chunk1.wav]|[sound:row1558_chunk2.wav]|[sound:row1558_chunk3.wav]
삼촌	uncle	막내 *삼촌*|*삼촌* 댁|우리 *삼촌*	youngest uncle|uncle's house|my uncle	[sound:row1559_chunk1.wav]|[sound:row1559_chunk2.wav]|[sound:row1559_chunk3.wav]
속옷	underwear	*속옷*을 갈아입다|면 *속옷*|따뜻한 *속옷*	to change underwear|cotton underwear|warm underwear	[sound:row1560_chunk1.wav]|[sound:row1560_chunk2.wav]|[sound:row1560_chunk3.wav]
손목	wrist	*손목* 시계|*손목*을 다치다|가느다란 *손목*	wrist watch|to hurt one's wrist|thin wrist	[sound:row1561_chunk1.wav]|[sound:row1561_chunk2.wav]|[sound:row1561_chunk3.wav]
신문지	newspaper sheet	*신문지*를 깔다|*신문지*에 싸다|*신문지* 뭉치	to spread out newspaper|to wrap in newspaper|bundle of newspapers	[sound:row1562_chunk1.wav]|[sound:row1562_chunk2.wav]|[sound:row1562_chunk3.wav]
양보하다	to yield	자리를 *양보하다*|순서를 *양보하다*|서로 *양보하다*	to yield a seat|to give up one's turn|to yield to each other	[sound:row1563_chunk1.wav]|[sound:row1563_chunk2.wav]|[sound:row1563_chunk3.wav]
자라나다	to grow up	건강하게 *자라나다*|꿈이 *자라나다*|시골에서 *자라나다*	to grow up healthy|dreams grow|to grow up in the countryside	[sound:row1564_chunk1.wav]|[sound:row1564_chunk2.wav]|[sound:row1564_chunk3.wav]
주차장	parking lot	지하 *주차장*|*주차장*에 세우다|공영 *주차장*	underground parking lot|to park in the parking lot|public parking lot	[sound:row1565_chunk1.wav]|[sound:row1565_chunk2.wav]|[sound:row1565_chunk3.wav]
파리	fly	*파리*를 잡다|*파리*가 날아다니다|*파리*채	to catch a fly|a fly is flying around|flyswatter	[sound:row1566_chunk1.wav]|[sound:row1566_chunk2.wav]|[sound:row1566_chunk3.wav]
포스터	poster	*포스터*를 붙이다|영화 *포스터*|*포스터*를 디자인하다	to put up a poster|movie poster|to design a poster	[sound:row1567_chunk1.wav]|[sound:row1567_chunk2.wav]|[sound:row1567_chunk3.wav]
후회하다	to regret	결정을 *후회하다*|뒤늦게 *후회하다*|*후회하지* 않다	to regret a decision|to regret late|to not regret	[sound:row1568_chunk1.wav]|[sound:row1568_chunk2.wav]|[sound:row1568_chunk3.wav]
가이드	guide	여행 *가이드*|현지 *가이드*|*가이드*의 설명	travel guide|local guide|guide's explanation	[sound:row1569_chunk1.wav]|[sound:row1569_chunk2.wav]|[sound:row1569_chunk3.wav]
고르다	to be even	치아가 *고르다*|호흡이 *고르다*|간격이 *고르다*	to have even teeth|to breathe evenly|intervals are even	[sound:row1570_chunk1.wav]|[sound:row1570_chunk2.wav]|[sound:row1570_chunk3.wav]
고속도로	highway	*고속도로*를 달리다|*고속도로* 통행료|경부 *고속도로*	to drive on the highway|highway toll|Gyeongbu Expressway	[sound:row1571_chunk1.wav]|[sound:row1571_chunk2.wav]|[sound:row1571_chunk3.wav]
렌즈	lens	콘택트 *렌즈*|*렌즈*를 닦다|카메라 *렌즈*	contact lenses|to wipe a lens|camera lens	[sound:row1572_chunk1.wav]|[sound:row1572_chunk2.wav]|[sound:row1572_chunk3.wav]
멋있다	to be cool	정말 *멋있다*|*멋있는* 남자|목소리가 *멋있다*	to be really cool|cool man|voice is cool	[sound:row1573_chunk1.wav]|[sound:row1573_chunk2.wav]|[sound:row1573_chunk3.wav]
발목	ankle	*발목*을 삐다|*발목* 양말|*발목*까지 오다	to sprain an ankle|ankle socks|to reach the ankles	[sound:row1574_chunk1.wav]|[sound:row1574_chunk2.wav]|[sound:row1574_chunk3.wav]
밤늦다	to be late at night	*밤늦은* 시간|*밤늦게* 귀가하다|어제 *밤늦도록*	late hour at night|to return home late|until late last night	[sound:row1575_chunk1.wav]|[sound:row1575_chunk2.wav]|[sound:row1575_chunk3.wav]
여우	fox	사막 *여우*|*여우*처럼 영악하다|붉은 *여우*	desert fox|to be as cunning as a fox|red fox	[sound:row1576_chunk1.wav]|[sound:row1576_chunk2.wav]|[sound:row1576_chunk3.wav]
와	wow	*와*, 멋지다!|*와* 하고 소리치다|*와* 소리가 나다	"Wow, it's cool!|to shout ""Wow""|to hear a ""Wow"""	[sound:row1577_chunk1.wav]|[sound:row1577_chunk2.wav]|[sound:row1577_chunk3.wav]
외출	going out	잠시 *외출* 중|*외출* 준비|*외출*을 금지하다	out for a moment|getting ready to go out|to ban going out	[sound:row1578_chunk1.wav]|[sound:row1578_chunk2.wav]|[sound:row1578_chunk3.wav]
웨이터	waiter	*웨이터*를 부르다|친절한 *웨이터*|*웨이터*로 일하다	to call a waiter|kind waiter|to work as a waiter	[sound:row1579_chunk1.wav]|[sound:row1579_chunk2.wav]|[sound:row1579_chunk3.wav]
자가용	private car	*자가용* 운전|*자가용*을 이용하다|*자가용* 비행기	driving one's own car|to use a private car|private jet	[sound:row1580_chunk1.wav]|[sound:row1580_chunk2.wav]|[sound:row1580_chunk3.wav]
정말	really	*정말* 고마워요|*정말* 맛있네요|*정말* 사실이야?	Thank you so much|It's really delicious|Is that really true?	[sound:row1581_chunk1.wav]|[sound:row1581_chunk2.wav]|[sound:row1581_chunk3.wav]
정원	garden	아름다운 *정원*|*정원*을 가꾸다|집 앞 *정원*	beautiful garden|to tend to a garden|front yard garden	[sound:row1582_chunk1.wav]|[sound:row1582_chunk2.wav]|[sound:row1582_chunk3.wav]
패션	fashion	최신 *패션*|*패션* 감각|*패션* 쇼	latest fashion|fashion sense|fashion show	[sound:row1583_chunk1.wav]|[sound:row1583_chunk2.wav]|[sound:row1583_chunk3.wav]
금	gold	*금* 반지|순*금* 목걸이|*금*을 캐다	gold ring|pure gold necklace|to mine gold	[sound:row1584_chunk1.wav]|[sound:row1584_chunk2.wav]|[sound:row1584_chunk3.wav]
낙엽	fallen leaves	*낙엽*이 떨어지다|*낙엽*을 밟다|거리의 *낙엽*	leaves are falling|to step on fallen leaves|leaves on the street	[sound:row1585_chunk1.wav]|[sound:row1585_chunk2.wav]|[sound:row1585_chunk3.wav]
동창	alumni	고등학교 *동창*|*동창* 모임|*동창*을 만나다	high school alumni|alumni reunion|to meet a schoolmate	[sound:row1586_chunk1.wav]|[sound:row1586_chunk2.wav]|[sound:row1586_chunk3.wav]
맞은편	opposite side	길 *맞은편*|학교 *맞은편*|*맞은편*에 앉다	across the street|opposite the school|to sit across	[sound:row1587_chunk1.wav]|[sound:row1587_chunk2.wav]|[sound:row1587_chunk3.wav]
멋	style/charm	*멋*을 내다|*멋*이 있다|*멋*부리는 사람	to dress up|to have style|stylish person	[sound:row1588_chunk1.wav]|[sound:row1588_chunk2.wav]|[sound:row1588_chunk3.wav]
새우	shrimp	*새우* 튀김|*새우*를 까다|작은 *새우*	fried shrimp|to peel shrimp|small shrimp	[sound:row1589_chunk1.wav]|[sound:row1589_chunk2.wav]|[sound:row1589_chunk3.wav]
심해지다	to become severe	병이 *심해지다*|갈등이 *심해지다*|증상이 *심해지다*	the illness worsens|conflict deepens|symptoms become severe	[sound:row1590_chunk1.wav]|[sound:row1590_chunk2.wav]|[sound:row1590_chunk3.wav]
씨름	Ssireum (wrestling)	*씨름* 경기|*씨름*을 하다|*씨름* 선수	Ssireum match|to do Korean wrestling|Ssireum wrestler	[sound:row1591_chunk1.wav]|[sound:row1591_chunk2.wav]|[sound:row1591_chunk3.wav]
앞길	path ahead	*앞길*이 구만리|*앞길*을 막다|*앞길*을 축복하다	a long road ahead|to block the way|to bless one's future	[sound:row1592_chunk1.wav]|[sound:row1592_chunk2.wav]|[sound:row1592_chunk3.wav]
어젯밤	last night	*어젯밤* 꿈|*어젯밤* 늦게|*어젯밤* 일	last night's dream|late last night|what happened last night	[sound:row1593_chunk1.wav]|[sound:row1593_chunk2.wav]|[sound:row1593_chunk3.wav]
여관	inn/motel	낡은 *여관*|*여관*에 묵다|*여관* 주인	old inn|to stay at an inn|innkeeper	[sound:row1594_chunk1.wav]|[sound:row1594_chunk2.wav]|[sound:row1594_chunk3.wav]
여쭈다	to ask (honorific)	선생님께 *여쭈다*|어른께 *여쭈어* 보다|한 가지 *여쭐게요*	to ask a teacher|to try asking an elder|I will ask one thing	[sound:row1595_chunk1.wav]|[sound:row1595_chunk2.wav]|[sound:row1595_chunk3.wav]
오	oh	*오*, 그렇군요|*오*, 놀라워라|*오*, 반가워요	Oh, I see|Oh, how surprising|Oh, nice to see you	[sound:row1596_chunk1.wav]|[sound:row1596_chunk2.wav]|[sound:row1596_chunk3.wav]
주문하다	to order	음식을 *주문하다*|커피를 *주문하다*|온라인으로 *주문하다*	to order food|to order coffee|to order online	[sound:row1597_chunk1.wav]|[sound:row1597_chunk2.wav]|[sound:row1597_chunk3.wav]
주사	injection	*주사*를 맞다|예방 *주사*|*주사*를 놓다	to get a shot|vaccination|to give an injection	[sound:row1598_chunk1.wav]|[sound:row1598_chunk2.wav]|[sound:row1598_chunk3.wav]
채널	channel	*채널*을 돌리다|인기 *채널*|고정 *채널*	to change the channel|popular channel|fixed channel	[sound:row1599_chunk1.wav]|[sound:row1599_chunk2.wav]|[sound:row1599_chunk3.wav]
출근하다	to go to work	회사에 *출근하다*|정시에 *출근하다*|일찍 *출근하다*	to go to work|to arrive at work on time|to go to work early	[sound:row1600_chunk1.wav]|[sound:row1600_chunk2.wav]|[sound:row1600_chunk3.wav]
취소하다	to cancel	예약을 *취소하다*|주문을 *취소하다*|일정을 *취소하다*	to cancel a reservation|to cancel an order|to cancel a schedule	[sound:row1601_chunk1.wav]|[sound:row1601_chunk2.wav]|[sound:row1601_chunk3.wav]
건너편	opposite side	강 *건너편*|역 *건너편*|*건너편* 건물	the other side of the river|across from the station|building across the way	[sound:row1602_chunk1.wav]|[sound:row1602_chunk2.wav]|[sound:row1602_chunk3.wav]
두세	two or three	*두세* 마리|*두세* 번|*두세* 명	two or three (animals)|two or three times|two or three people	[sound:row1603_chunk1.wav]|[sound:row1603_chunk2.wav]|[sound:row1603_chunk3.wav]
봉지	bag/sack	과자 *봉지*|비닐 *봉지*|한 *봉지* 사다	snack bag|plastic bag|to buy a bag	[sound:row1604_chunk1.wav]|[sound:row1604_chunk2.wav]|[sound:row1604_chunk3.wav]
비서	secretary	사장님 *비서*|*비서*로 일하다|개인 *비서*	president's secretary|to work as a secretary|personal secretary	[sound:row1605_chunk1.wav]|[sound:row1605_chunk2.wav]|[sound:row1605_chunk3.wav]
술잔	wine glass	*술잔*을 비우다|*술잔*을 올리다|*술잔*을 채우다	to empty the glass|to offer a cup of alcohol|to fill the glass	[sound:row1606_chunk1.wav]|[sound:row1606_chunk2.wav]|[sound:row1606_chunk3.wav]
신문사	newspaper company	중앙 *신문사*|*신문사* 기자|*신문사*에 취직하다	central newspaper office|newspaper reporter|to work for a newspaper	[sound:row1607_chunk1.wav]|[sound:row1607_chunk2.wav]|[sound:row1607_chunk3.wav]
열흘	ten days	*열흘* 동안|*열흘* 전|*열흘*이 걸리다	for ten days|ten days ago|to take ten days	[sound:row1608_chunk1.wav]|[sound:row1608_chunk2.wav]|[sound:row1608_chunk3.wav]
옥수수	corn	찐 *옥수수*|*옥수수* 밭|*옥수수* 수염	steamed corn|cornfield|corn silk	[sound:row1609_chunk1.wav]|[sound:row1609_chunk2.wav]|[sound:row1609_chunk3.wav]
이웃집	neighbor's house	*이웃집* 사람|*이웃집*에 살다|*이웃집* 아이	neighbor|to live next door|neighbor's kid	[sound:row1610_chunk1.wav]|[sound:row1610_chunk2.wav]|[sound:row1610_chunk3.wav]
준비되다	to be prepared	식사가 *준비되다*|모든 게 *준비되다*|*준비된* 자세	meal is ready|everything is prepared|prepared attitude	[sound:row1611_chunk1.wav]|[sound:row1611_chunk2.wav]|[sound:row1611_chunk3.wav]
플라스틱	plastic	*플라스틱* 용기|*플라스틱* 빨대|*플라스틱* 재활용	plastic container|plastic straw|plastic recycling	[sound:row1612_chunk1.wav]|[sound:row1612_chunk2.wav]|[sound:row1612_chunk3.wav]
두부	tofu	*두부* 한 모|*두부* 조림|*두부*를 넣다	a block of tofu|braised tofu|to add tofu	[sound:row1613_chunk1.wav]|[sound:row1613_chunk2.wav]|[sound:row1613_chunk3.wav]
부러워하다	to envy	친구를 *부러워하다*|성공을 *부러워하다*|남을 *부러워하지* 마라	to envy a friend|to be envious of success|don't envy others	[sound:row1614_chunk1.wav]|[sound:row1614_chunk2.wav]|[sound:row1614_chunk3.wav]
시청	city hall	서울 *시청*|*시청* 광장|*시청*에서 일하다	Seoul City Hall|City Hall Plaza|to work at city hall	[sound:row1615_chunk1.wav]|[sound:row1615_chunk2.wav]|[sound:row1615_chunk3.wav]
오른손	right hand	*오른손* 잡이|*오른손*을 들다|*오른손*으로 쓰다	right-handed person|to raise the right hand|to write with the right hand	[sound:row1616_chunk1.wav]|[sound:row1616_chunk2.wav]|[sound:row1616_chunk3.wav]
이것저것	this and that	*이것저것* 사다|*이것저것* 물어보다|*이것저것* 다 해보다	to buy this and that|to ask about various things|to try everything	[sound:row1617_chunk1.wav]|[sound:row1617_chunk2.wav]|[sound:row1617_chunk3.wav]
저자	author	책의 *저자*|*저자* 직강|유명한 *저자*	author of a book|lecture by the author|famous author	[sound:row1618_chunk1.wav]|[sound:row1618_chunk2.wav]|[sound:row1618_chunk3.wav]
출장	business trip	해외 *출장*|*출장*을 가다|*출장* 보고서	overseas business trip|to go on a business trip|business trip report	[sound:row1619_chunk1.wav]|[sound:row1619_chunk2.wav]|[sound:row1619_chunk3.wav]
퇴근	leaving work	*퇴근* 시간|*퇴근*을 하다|칼*퇴근*	time to leave work|to leave the office|leaving work exactly on time	[sound:row1620_chunk1.wav]|[sound:row1620_chunk2.wav]|[sound:row1620_chunk3.wav]
회화	painting/drawing	동양 *회화*|*회화* 작품|*회화*를 전공하다	Oriental painting|painting work|to major in painting	[sound:row1621_chunk1.wav]|[sound:row1621_chunk2.wav]|[sound:row1621_chunk3.wav]
가져다주다	to bring/deliver	물을 *가져다주다*|선물을 *가져다주다*|집까지 *가져다주다*	to bring water|to bring a gift|to deliver to the house	[sound:row1622_chunk1.wav]|[sound:row1622_chunk2.wav]|[sound:row1622_chunk3.wav]
골프	golf	*골프*를 치다|*골프* 선수|*골프* 레슨	to play golf|golf player|golf lesson	[sound:row1623_chunk1.wav]|[sound:row1623_chunk2.wav]|[sound:row1623_chunk3.wav]
귀국	return to one's country	*귀국*을 환영하다|조기 *귀국*|*귀국* 날짜	to welcome back home|early return to home country|return date	[sound:row1624_chunk1.wav]|[sound:row1624_chunk2.wav]|[sound:row1624_chunk3.wav]
목욕탕	public bathhouse	동네 *목욕탕*|*목욕탕*에 가다|남녀 공용 *목욕탕*	neighborhood bathhouse|to go to the bathhouse|unisex bathhouse	[sound:row1625_chunk1.wav]|[sound:row1625_chunk2.wav]|[sound:row1625_chunk3.wav]
바닷물	seawater	*바닷물*이 차다|*바닷물*에 들어가다|짠 *바닷물*	seawater is cold|to go into the sea|salty seawater	[sound:row1626_chunk1.wav]|[sound:row1626_chunk2.wav]|[sound:row1626_chunk3.wav]
빨다	to wash (clothes)	빨래를 *빨다*|손으로 *빨다*|깨끗이 *빨다*	to wash laundry|to wash by hand|to wash cleanly	[sound:row1627_chunk1.wav]|[sound:row1627_chunk2.wav]|[sound:row1627_chunk3.wav]
사무	office work	*사무* 보조|*사무*실|*사무*를 보다	office assistant|office|to do office work	[sound:row1628_chunk1.wav]|[sound:row1628_chunk2.wav]|[sound:row1628_chunk3.wav]
성	last name	*성*이 무엇입니까?|*성*과 이름|*성*을 따르다	What is your last name?|surname and first name|to follow the surname	[sound:row1629_chunk1.wav]|[sound:row1629_chunk2.wav]|[sound:row1629_chunk3.wav]
우울하다	to be depressed	기분이 *우울하다*|*우울한* 날씨|마음이 *우울할* 때	to feel depressed|gloomy weather|when one feels down	[sound:row1630_chunk1.wav]|[sound:row1630_chunk2.wav]|[sound:row1630_chunk3.wav]
주무시다	to sleep (honorific)	안녕히 *주무세요*|할머니께서 *주무시다*|낮잠을 *주무시다*	Good night|grandmother is sleeping|to take a nap (honorific)	[sound:row1631_chunk1.wav]|[sound:row1631_chunk2.wav]|[sound:row1631_chunk3.wav]
흐리다	to be cloudy/dim	날씨가 *흐리다*|기억이 *흐리다*|눈앞이 *흐리다*	weather is cloudy|memory is dim|vision is blurry	[sound:row1632_chunk1.wav]|[sound:row1632_chunk2.wav]|[sound:row1632_chunk3.wav]
걱정스럽다	to be worried	*걱정스러운* 표정|미래가 *걱정스럽다*|*걱정스럽게* 쳐다보다	worried look|to be worried about the future|to look at with concern	[sound:row1633_chunk1.wav]|[sound:row1633_chunk2.wav]|[sound:row1633_chunk3.wav]
금연	no smoking	*금연* 구역|*금연*을 결심하다|건물 내 *금연*	no smoking zone|to decide to quit smoking|no smoking in the building	[sound:row1634_chunk1.wav]|[sound:row1634_chunk2.wav]|[sound:row1634_chunk3.wav]
꿈속	inside a dream	*꿈속*에 나타나다|*꿈속*의 연인|*꿈속*에서 헤매다	to appear in a dream|lover in a dream|to wander in a dream	[sound:row1635_chunk1.wav]|[sound:row1635_chunk2.wav]|[sound:row1635_chunk3.wav]
나비	butterfly	*나비*가 날다|호랑*나비*|*나비* 넥타이	a butterfly flies|tiger butterfly|bowtie	[sound:row1636_chunk1.wav]|[sound:row1636_chunk2.wav]|[sound:row1636_chunk3.wav]
레스토랑	restaurant	이탈리안 *레스토랑*|고급 *레스토랑*|*레스토랑* 예약	Italian restaurant|fancy restaurant|restaurant reservation	[sound:row1637_chunk1.wav]|[sound:row1637_chunk2.wav]|[sound:row1637_chunk3.wav]
버섯	mushroom	독*버섯*|*버섯*을 따다|*버섯* 전골	poisonous mushroom|to pick mushrooms|mushroom hot pot	[sound:row1638_chunk1.wav]|[sound:row1638_chunk2.wav]|[sound:row1638_chunk3.wav]
뵈다	to see/meet (honorific)	어른을 *뵈러* 가다|내일 *뵙겠습니다*|부모님을 *뵈다*	to go see an elder|See you tomorrow|to meet one's parents	[sound:row1639_chunk1.wav]|[sound:row1639_chunk2.wav]|[sound:row1639_chunk3.wav]
비키다	to move aside	옆으로 *비키다*|길을 *비켜* 주다|잠시 *비켜* 보세요	to move to the side|to make way|please move aside for a moment	[sound:row1640_chunk1.wav]|[sound:row1640_chunk2.wav]|[sound:row1640_chunk3.wav]
사모님	madam/teacher's wife	*사모님* 안녕하세요|우아한 *사모님*|목사님 *사모님*	Hello, madam|elegant lady|pastor's wife	[sound:row1641_chunk1.wav]|[sound:row1641_chunk2.wav]|[sound:row1641_chunk3.wav]
중요	importance	*중요* 인물|*중요*한 정보|*중요*성을 깨닫다	important person|important information|to realize the importance	[sound:row1642_chunk1.wav]|[sound:row1642_chunk2.wav]|[sound:row1642_chunk3.wav]
챔피언	champion	세계 *챔피언*|*챔피언* 벨트|*챔피언*이 되다	world champion|champion belt|to become a champion	[sound:row1643_chunk1.wav]|[sound:row1643_chunk2.wav]|[sound:row1643_chunk3.wav]
축하	congratulation	생일 *축하*|*축하* 인사를 전하다|합격 *축하* 파티	birthday congratulations|to convey congratulations|celebration party for passing	[sound:row1644_chunk1.wav]|[sound:row1644_chunk2.wav]|[sound:row1644_chunk3.wav]
취소	cancellation	예약 *취소*|*취소* 수수료|갑작스러운 *취소*	reservation cancellation|cancellation fee|sudden cancellation	[sound:row1645_chunk1.wav]|[sound:row1645_chunk2.wav]|[sound:row1645_chunk3.wav]
커튼	curtain	*커튼*을 치다|*커튼*을 걷다|암막 *커튼*	to draw the curtains|to open the curtains|blackout curtains	[sound:row1646_chunk1.wav]|[sound:row1646_chunk2.wav]|[sound:row1646_chunk3.wav]
팬	fan	열혈 *팬*|*팬* 미팅|*팬*들의 사랑	passionate fan|fan meeting|love from fans	[sound:row1647_chunk1.wav]|[sound:row1647_chunk2.wav]|[sound:row1647_chunk3.wav]
겨울철	winter season	추운 *겨울철*|*겨울철* 옷|*겨울철* 별미	cold winter season|winter clothes|winter delicacy	[sound:row1648_chunk1.wav]|[sound:row1648_chunk2.wav]|[sound:row1648_chunk3.wav]
고추장	red chili paste	*고추장* 양념|*고추장*을 넣다|매콤한 *고추장*	red chili paste seasoning|to add red chili paste|spicy chili paste	[sound:row1649_chunk1.wav]|[sound:row1649_chunk2.wav]|[sound:row1649_chunk3.wav]
골프장	golf course	*골프장* 예약|실내 *골프장*|*골프장*에 가다	golf course reservation|indoor golf range|to go to the golf course	[sound:row1650_chunk1.wav]|[sound:row1650_chunk2.wav]|[sound:row1650_chunk3.wav]
국수	noodles	잔치*국수*|*국수*를 삶다|시원한 *국수*	banquet noodles|to boil noodles|refreshing noodles	[sound:row1651_chunk1.wav]|[sound:row1651_chunk2.wav]|[sound:row1651_chunk3.wav]
달빛	moonlight	밝은 *달빛*|*달빛* 아래서|*달빛*이 비치다	bright moonlight|under the moonlight|moonlight is shining	[sound:row1652_chunk1.wav]|[sound:row1652_chunk2.wav]|[sound:row1652_chunk3.wav]
뒷산	mountain behind	동네 *뒷산*|*뒷산*에 오르다|*뒷산* 산책	mountain behind the neighborhood|to climb the back mountain|walk on the back mountain	[sound:row1653_chunk1.wav]|[sound:row1653_chunk2.wav]|[sound:row1653_chunk3.wav]
땜	because of	너 *땜*에|일 *땜*에 바쁘다|비 *땜*에 못 갔다	because of you (informal)|busy because of work|couldn't go because of rain	[sound:row1654_chunk1.wav]|[sound:row1654_chunk2.wav]|[sound:row1654_chunk3.wav]
만족하다	to be satisfied	결과에 *만족하다*|삶에 *만족하다*|매우 *만족하는* 손님	to be satisfied with the result|to be satisfied with life|very satisfied customer	[sound:row1655_chunk1.wav]|[sound:row1655_chunk2.wav]|[sound:row1655_chunk3.wav]
메다	to shoulder/carry	가방을 *메다*|배낭을 *메다*|카메라를 *메다*	to shoulder a bag|to wear a backpack|to carry a camera	[sound:row1656_chunk1.wav]|[sound:row1656_chunk2.wav]|[sound:row1656_chunk3.wav]
미인	beautiful woman	절세 *미인*|*미인* 대회|전형적인 *미인*	incomparable beauty|beauty pageant|typical beauty	[sound:row1657_chunk1.wav]|[sound:row1657_chunk2.wav]|[sound:row1657_chunk3.wav]
반지	ring	금 *반지*|*반지*를 끼다|커플 *반지*	gold ring|to wear a ring|couple rings	[sound:row1658_chunk1.wav]|[sound:row1658_chunk2.wav]|[sound:row1658_chunk3.wav]
밤	chestnut	*밤*을 까다|군*밤*|*밤*나무	to peel a chestnut|roasted chestnuts|chestnut tree	[sound:row1659_chunk1.wav]|[sound:row1659_chunk2.wav]|[sound:row1659_chunk3.wav]
부르다	to be full	배가 *부르다*|배*부르게* 먹다|너무 *불러서* 못 먹다	to be full|to eat until full|to be too full to eat	[sound:row1660_chunk1.wav]|[sound:row1660_chunk2.wav]|[sound:row1660_chunk3.wav]
비타민	vitamin	*비타민* 보충제|*비타민*이 풍부하다|종합 *비타민*	vitamin supplement|to be rich in vitamins|multivitamin	[sound:row1661_chunk1.wav]|[sound:row1661_chunk2.wav]|[sound:row1661_chunk3.wav]
빌딩	building	높은 *빌딩*|*빌딩* 숲|사무용 *빌딩*	tall building|forest of buildings|office building	[sound:row1662_chunk1.wav]|[sound:row1662_chunk2.wav]|[sound:row1662_chunk3.wav]
산속	in the mountains	깊은 *산속*|*산속*을 헤매다|*산속* 공기	deep in the mountains|to wander in the mountains|mountain air	[sound:row1663_chunk1.wav]|[sound:row1663_chunk2.wav]|[sound:row1663_chunk3.wav]
송이	bunch/counter for flowers	장미 한 *송이*|포도 한 *송이*|꽃*송이*	a single rose|a bunch of grapes|flower bud	[sound:row1664_chunk1.wav]|[sound:row1664_chunk2.wav]|[sound:row1664_chunk3.wav]
식초	vinegar	*식초*를 치다|사과 *식초*|*식초* 맛	to add vinegar|apple vinegar|vinegar taste	[sound:row1665_chunk1.wav]|[sound:row1665_chunk2.wav]|[sound:row1665_chunk3.wav]
심부름	errand	*심부름*을 시키다|엄마 *심부름*|*심부름*을 다녀오다	to send on an errand|mother's errand|to run an errand	[sound:row1666_chunk1.wav]|[sound:row1666_chunk2.wav]|[sound:row1666_chunk3.wav]
야외	outdoors	*야외* 공연장|*야외* 활동|*야외*에서 먹다	outdoor theater|outdoor activity|to eat outdoors	[sound:row1667_chunk1.wav]|[sound:row1667_chunk2.wav]|[sound:row1667_chunk3.wav]
옆집	house next door	*옆집* 이웃|*옆집*으로 이사 오다|*옆집* 강아지	next-door neighbor|to move in next door|the neighbor's dog	[sound:row1668_chunk1.wav]|[sound:row1668_chunk2.wav]|[sound:row1668_chunk3.wav]
오래도록	for a long time	*오래도록* 기억하다|*오래도록* 남다|*오래도록* 사랑하다	to remember for a long time|to remain for a long time|to love forever	[sound:row1669_chunk1.wav]|[sound:row1669_chunk2.wav]|[sound:row1669_chunk3.wav]
이빨	teeth	*이빨*을 닦다|*이빨*이 빠지다|*이빨* 자국	to brush teeth|a tooth falls out|teeth marks	[sound:row1670_chunk1.wav]|[sound:row1670_chunk2.wav]|[sound:row1670_chunk3.wav]
장학금	scholarship	*장학금*을 받다|*장학금* 신청|성적 *장학금*	to receive a scholarship|scholarship application|merit scholarship	[sound:row1671_chunk1.wav]|[sound:row1671_chunk2.wav]|[sound:row1671_chunk3.wav]
쟤	that kid	*쟤*는 누구니?|*쟤*가 그랬어|*쟤*랑 놀다	Who is that kid?|He/she did it|to play with that kid	[sound:row1672_chunk1.wav]|[sound:row1672_chunk2.wav]|[sound:row1672_chunk3.wav]
쪽	page	다음 *쪽*|백 *쪽*을 펴다|마지막 *쪽*	next page|to open to page 100|the last page	[sound:row1673_chunk1.wav]|[sound:row1673_chunk2.wav]|[sound:row1673_chunk3.wav]
초밥	sushi	모둠 *초밥*|*초밥*을 먹다|회 *초밥*	assorted sushi|to eat sushi|raw fish sushi	[sound:row1674_chunk1.wav]|[sound:row1674_chunk2.wav]|[sound:row1674_chunk3.wav]
출구	exit	비상 *출구*|*출구*로 나가다|지하철 *출구*	emergency exit|to go out through the exit|subway exit	[sound:row1675_chunk1.wav]|[sound:row1675_chunk2.wav]|[sound:row1675_chunk3.wav]
출입문	entrance door	*출입문*을 열다|*출입문* 근처|정문 *출입문*	to open the entrance door|near the entrance|main entrance door	[sound:row1676_chunk1.wav]|[sound:row1676_chunk2.wav]|[sound:row1676_chunk3.wav]
풀	glue	*풀*로 붙이다|딱*풀*|물*풀*	to stick with glue|glue stick|liquid glue	[sound:row1677_chunk1.wav]|[sound:row1677_chunk2.wav]|[sound:row1677_chunk3.wav]
필름	film	영화 *필름*|*필름* 카메라|*필름*이 끊기다	movie film|film camera|to black out (drinking)	[sound:row1678_chunk1.wav]|[sound:row1678_chunk2.wav]|[sound:row1678_chunk3.wav]
호선	subway line	지하철 일 *호선*|삼 *호선*을 타다|환승하는 *호선*	subway line 1|to take line 3|transfer line	[sound:row1679_chunk1.wav]|[sound:row1679_chunk2.wav]|[sound:row1679_chunk3.wav]
가위	scissors	*가위*로 자르다|주방용 *가위*|*가위*바위보	to cut with scissors|kitchen scissors|rock-paper-scissors	[sound:row1680_chunk1.wav]|[sound:row1680_chunk2.wav]|[sound:row1680_chunk3.wav]
고속	high speed	*고속* 주행|*고속* 엘리베이터|*고속*으로 회전하다	high-speed driving|high-speed elevator|to rotate at high speed	[sound:row1681_chunk1.wav]|[sound:row1681_chunk2.wav]|[sound:row1681_chunk3.wav]
구하다	to save	생명을 *구하다*|물에 빠진 사람을 *구하다*|나라를 *구하다*	to save a life|to save a drowning person|to save the country	[sound:row1682_chunk1.wav]|[sound:row1682_chunk2.wav]|[sound:row1682_chunk3.wav]
도망가다	to run away	멀리 *도망가다*|범인이 *도망가다*|몰래 *도망갔다*	to run far away|the criminal runs away|ran away secretly	[sound:row1683_chunk1.wav]|[sound:row1683_chunk2.wav]|[sound:row1683_chunk3.wav]
땅콩	peanut	볶은 *땅콩*|*땅콩* 버터|*땅콩* 알레르기	roasted peanuts|peanut butter|peanut allergy	[sound:row1684_chunk1.wav]|[sound:row1684_chunk2.wav]|[sound:row1684_chunk3.wav]
신호등	traffic light	*신호등*이 바뀌다|*신호등*을 기다리다|빨간 *신호등*	the light changes|to wait for the traffic light|red traffic light	[sound:row1685_chunk1.wav]|[sound:row1685_chunk2.wav]|[sound:row1685_chunk3.wav]
신혼여행	honeymoon	*신혼여행*을 떠나다|*신혼여행*지 추천|즐거운 *신혼여행*	to go on a honeymoon|honeymoon destination recommendation|pleasant honeymoon	[sound:row1686_chunk1.wav]|[sound:row1686_chunk2.wav]|[sound:row1686_chunk3.wav]
씩씩하다	to be brave	*씩씩한* 어린이|*씩씩하게* 걷다|목소리가 *씩씩하다*	brave child|to walk vigorously|voice is spirited	[sound:row1687_chunk1.wav]|[sound:row1687_chunk2.wav]|[sound:row1687_chunk3.wav]
월드컵	World Cup	*월드컵* 경기|*월드컵* 우승|*월드컵* 개최지	World Cup match|World Cup victory|World Cup host	[sound:row1688_chunk1.wav]|[sound:row1688_chunk2.wav]|[sound:row1688_chunk3.wav]
입원	hospitalization	*입원* 수속|*입원* 중이다|병원에 *입원*	hospitalization procedure|to be hospitalized|staying in the hospital	[sound:row1689_chunk1.wav]|[sound:row1689_chunk2.wav]|[sound:row1689_chunk3.wav]
잘살다	to live well	부자로 *잘살다*|행복하게 *잘살다*|평화롭게 *잘살다*	to live wealthily|to live happily|to live peacefully	[sound:row1690_chunk1.wav]|[sound:row1690_chunk2.wav]|[sound:row1690_chunk3.wav]
장가	taking a wife	*장가* 가다|*장가* 보낼 아들|일찍 *장가* 들다	to get married (for a man)|son to be married off|to marry early (for a man)	[sound:row1691_chunk1.wav]|[sound:row1691_chunk2.wav]|[sound:row1691_chunk3.wav]
졸업생	graduate	이번 *졸업생*|고등학교 *졸업생*|*졸업생* 대표	this year's graduates|high school graduates|valedictorian	[sound:row1692_chunk1.wav]|[sound:row1692_chunk2.wav]|[sound:row1692_chunk3.wav]
죽다	to death (to be very)	심심해 *죽다*|피곤해 *죽다*|보고 싶어 *죽겠어*	to be bored to death|to be tired to death|I'm dying to see you	[sound:row1693_chunk1.wav]|[sound:row1693_chunk2.wav]|[sound:row1693_chunk3.wav]
친절	kindness	*친절*을 베풀다|*친절*한 미소|과잉 *친절*	to show kindness|kind smile|excessive kindness	[sound:row1694_chunk1.wav]|[sound:row1694_chunk2.wav]|[sound:row1694_chunk3.wav]
침실	bedroom	*침실* 가구|안방 *침실*|*침실*을 꾸미다	bedroom furniture|main bedroom|to decorate a bedroom	[sound:row1695_chunk1.wav]|[sound:row1695_chunk2.wav]|[sound:row1695_chunk3.wav]
기타	guitar	*기타*를 치다|전자 *기타*|*기타* 줄	to play the guitar|electric guitar|guitar strings	[sound:row1696_chunk1.wav]|[sound:row1696_chunk2.wav]|[sound:row1696_chunk3.wav]
나빠지다	to worsen	건강이 *나빠지다*|기분이 *나빠지다*|시력이 *나빠지다*	health worsens|mood gets bad|eyesight gets worse	[sound:row1697_chunk1.wav]|[sound:row1697_chunk2.wav]|[sound:row1697_chunk3.wav]
남	male	*남*녀 공용|*남*학생|성인 *남*성	unisex|male student|adult male	[sound:row1698_chunk1.wav]|[sound:row1698_chunk2.wav]|[sound:row1698_chunk3.wav]
두통	headache	심한 *두통*|*두통*약|*두통*이 있다	severe headache|headache medicine|to have a headache	[sound:row1699_chunk1.wav]|[sound:row1699_chunk2.wav]|[sound:row1699_chunk3.wav]
설거지	washing dishes	*설거지*를 하다|*설거지* 거리|깨끗한 *설거지*	to wash dishes|dirty dishes|clean dishwashing	[sound:row1700_chunk1.wav]|[sound:row1700_chunk2.wav]|[sound:row1700_chunk3.wav]
수년	several years	*수년* 동안|*수년* 전|*수년*에 걸쳐	for several years|several years ago|over several years	[sound:row1701_chunk1.wav]|[sound:row1701_chunk2.wav]|[sound:row1701_chunk3.wav]
수출하다	to export	상품을 *수출하다*|외국으로 *수출하다*|반도체를 *수출하다*	to export products|to export abroad|to export semiconductors	[sound:row1702_chunk1.wav]|[sound:row1702_chunk2.wav]|[sound:row1702_chunk3.wav]
숙소	lodging	*숙소*를 정하다|깔끔한 *숙소*|*숙소*에 도착하다	to decide on lodging|clean accommodation|to arrive at the lodging	[sound:row1703_chunk1.wav]|[sound:row1703_chunk2.wav]|[sound:row1703_chunk3.wav]
한잔하다	to have a drink	가볍게 *한잔하다*|친구와 *한잔하다*|나중에 *한잔합시다*	to have a light drink|to have a drink with a friend|let's have a drink later	[sound:row1704_chunk1.wav]|[sound:row1704_chunk2.wav]|[sound:row1704_chunk3.wav]
가요	popular song	최신 *가요*|*가요* 프로그램|*가요*를 부르다	latest K-pop/popular song|music chart program|to sing a popular song	[sound:row1705_chunk1.wav]|[sound:row1705_chunk2.wav]|[sound:row1705_chunk3.wav]
감상	appreciation	영화 *감상*|음악 *감상*실|예술 *감상*	movie appreciation|music listening room|art appreciation	[sound:row1706_chunk1.wav]|[sound:row1706_chunk2.wav]|[sound:row1706_chunk3.wav]
공짜	free	*공짜* 선물|세상에 *공짜*는 없다|*공짜*로 주다	free gift|nothing is free in this world|to give for free	[sound:row1707_chunk1.wav]|[sound:row1707_chunk2.wav]|[sound:row1707_chunk3.wav]
그만하다	to be about that much	그 정도면 *그만하다*|실력이 *그만하다*|어려움이 *그만하다*	that's about enough|skill is about at that level|the difficulty is about that much	[sound:row1708_chunk1.wav]|[sound:row1708_chunk2.wav]|[sound:row1708_chunk3.wav]
모기	mosquito	*모기*에 물리다|*모기*를 잡다|*모기*향을 피우다	to get a mosquito bite|to catch a mosquito|to light a mosquito coil	[sound:row1709_chunk1.wav]|[sound:row1709_chunk2.wav]|[sound:row1709_chunk3.wav]
볼일	business/errand	*볼일*이 있다|급한 *볼일*|*볼일*을 보다	to have business to do|urgent business|to take care of business/to use restroom	[sound:row1710_chunk1.wav]|[sound:row1710_chunk2.wav]|[sound:row1710_chunk3.wav]
부끄러움	shyness/shame	*부끄러움*을 타다|*부끄러움*을 느끼다|*부끄러움* 없는 행동	to be shy|to feel ashamed|shameless behavior	[sound:row1711_chunk1.wav]|[sound:row1711_chunk2.wav]|[sound:row1711_chunk3.wav]
스웨터	sweater	털 *스웨터*|*스웨터*를 입다|빨간 *스웨터*	wool sweater|to wear a sweater|red sweater	[sound:row1712_chunk1.wav]|[sound:row1712_chunk2.wav]|[sound:row1712_chunk3.wav]
여행사	travel agency	*여행사* 직원|*여행사* 상품|*여행사*를 통하다	travel agency employee|travel agency package|to go through a travel agency	[sound:row1713_chunk1.wav]|[sound:row1713_chunk2.wav]|[sound:row1713_chunk3.wav]
왼손	left hand	*왼손* 잡이|*왼손*을 쓰다|*왼손*에 들다	left-handed person|to use the left hand|to hold in the left hand	[sound:row1714_chunk1.wav]|[sound:row1714_chunk2.wav]|[sound:row1714_chunk3.wav]
유학생	international student	교환 *유학생*|*유학생* 비자|외국인 *유학생*	exchange student|student visa|foreign student	[sound:row1715_chunk1.wav]|[sound:row1715_chunk2.wav]|[sound:row1715_chunk3.wav]
잘생기다	to be handsome	정말 *잘생겼다*|*잘생긴* 얼굴|키 크고 *잘생기다*	to be really handsome|handsome face|to be tall and handsome	[sound:row1716_chunk1.wav]|[sound:row1716_chunk2.wav]|[sound:row1716_chunk3.wav]
저리	that way	*저리* 가세요|*저리* 비켜|*저리* 옮기다	go that way/go away|get out of that way|to move it over there	[sound:row1717_chunk1.wav]|[sound:row1717_chunk2.wav]|[sound:row1717_chunk3.wav]
절약하다	to save/conserve	전기를 *절약하다*|시간을 *절약하다*|돈을 *절약하다*	to save electricity|to save time|to save money	[sound:row1718_chunk1.wav]|[sound:row1718_chunk2.wav]|[sound:row1718_chunk3.wav]
합격	passing	시험 *합격*|*합격* 통지서|*합격*을 축하해	passing the exam|acceptance letter|congrats on passing	[sound:row1719_chunk1.wav]|[sound:row1719_chunk2.wav]|[sound:row1719_chunk3.wav]
갈다	to change/replace	타이어를 *갈다*|전구를 *갈다*|옷을 *갈아* 입다	to change a tire|to replace a lightbulb|to change clothes	[sound:row1720_chunk1.wav]|[sound:row1720_chunk2.wav]|[sound:row1720_chunk3.wav]
기도	prayer	*기도*를 드리다|간절한 *기도*|*기도*하는 마음	to offer a prayer|earnest prayer|praying heart	[sound:row1721_chunk1.wav]|[sound:row1721_chunk2.wav]|[sound:row1721_chunk3.wav]
길거리	street	*길거리* 공연|*길거리* 음식|*길거리*를 헤매다	street performance|street food|to wander the streets	[sound:row1722_chunk1.wav]|[sound:row1722_chunk2.wav]|[sound:row1722_chunk3.wav]
꽃잎	petal	*꽃잎*이 떨어지다|분홍색 *꽃잎*|*꽃잎*을 말리다	petals are falling|pink petal|to dry petals	[sound:row1723_chunk1.wav]|[sound:row1723_chunk2.wav]|[sound:row1723_chunk3.wav]
돌려주다	to give back	책을 *돌려주다*|빌린 돈을 *돌려주다*|제자리에 *돌려주다*	to return a book|to give back borrowed money|to return to its place	[sound:row1724_chunk1.wav]|[sound:row1724_chunk2.wav]|[sound:row1724_chunk3.wav]
라이터	lighter	*라이터*로 불을 켜다|가스 *라이터*|*라이터*를 빌리다	to light with a lighter|gas lighter|to borrow a lighter	[sound:row1725_chunk1.wav]|[sound:row1725_chunk2.wav]|[sound:row1725_chunk3.wav]
생활환경	living environment	*생활환경*이 좋다|도시의 *생활환경*|*생활환경* 개선	living environment is good|urban living environment|improving the living environment	[sound:row1726_chunk1.wav]|[sound:row1726_chunk2.wav]|[sound:row1726_chunk3.wav]
오리	duck	*오리* 고기|*오리*가 헤엄치다|청둥*오리*	duck meat|a duck swims|mallard duck	[sound:row1727_chunk1.wav]|[sound:row1727_chunk2.wav]|[sound:row1727_chunk3.wav]
입원하다	to be hospitalized	병원에 *입원하다*|교통사고로 *입원하다*|잠시 *입원하다*	to be admitted to hospital|to be hospitalized due to accident|to be hospitalized briefly	[sound:row1728_chunk1.wav]|[sound:row1728_chunk2.wav]|[sound:row1728_chunk3.wav]
장난감	toy	*장난감* 자동차|어린이 *장난감*|*장난감*을 가지고 놀다	toy car|children's toy|to play with toys	[sound:row1729_chunk1.wav]|[sound:row1729_chunk2.wav]|[sound:row1729_chunk3.wav]
전기밥솥	electric rice cooker	*전기밥솥*에 쌀을 안치다|*전기밥솥* 버튼|압력 *전기밥솥*	to put rice in the cooker|rice cooker button|pressure rice cooker	[sound:row1730_chunk1.wav]|[sound:row1730_chunk2.wav]|[sound:row1730_chunk3.wav]
하품	yawn	*하품*이 나오다|입을 벌려 *하품*하다|자꾸 *하품*하다	to yawn|to yawn with mouth open|to yawn repeatedly	[sound:row1731_chunk1.wav]|[sound:row1731_chunk2.wav]|[sound:row1731_chunk3.wav]
교문	school gate	*교문* 앞에 서다|*교문*을 통과하다|학교 *교문*	to stand in front of the school gate|to pass through the gate|school gate	[sound:row1732_chunk1.wav]|[sound:row1732_chunk2.wav]|[sound:row1732_chunk3.wav]
권투	boxing	*권투* 경기|*권투*를 배우다|*권투* 선수	boxing match|to learn boxing|boxer	[sound:row1733_chunk1.wav]|[sound:row1733_chunk2.wav]|[sound:row1733_chunk3.wav]
받침	support/base	받침대 *받침*|컵 *받침*|한글 *받침*	support base|coaster|final consonant (in Hangeul)	[sound:row1734_chunk1.wav]|[sound:row1734_chunk2.wav]|[sound:row1734_chunk3.wav]
북	north	*북*쪽 방향|*북*한|*북*서풍	north direction|North Korea|northwesterly wind	[sound:row1735_chunk1.wav]|[sound:row1735_chunk2.wav]|[sound:row1735_chunk3.wav]
수고하다	to work hard	오늘도 *수고하셨습니다*|애쓰며 *수고하다*|모두 *수고하셨어요*	good job today|to work hard with effort|everyone worked hard	[sound:row1736_chunk1.wav]|[sound:row1736_chunk2.wav]|[sound:row1736_chunk3.wav]
수학	study	*수학* 능력 시험|*수학* 여행|학문을 *수학*하다	CSAT (ability test)|school field trip|to study academic disciplines	[sound:row1737_chunk1.wav]|[sound:row1737_chunk2.wav]|[sound:row1737_chunk3.wav]
아뇨	no	*아뇨*, 괜찮아요|*아뇨*, 처음입니다|*아뇨*, 아닙니다	No, I'm okay|No, it's my first time|No, it is not	[sound:row1738_chunk1.wav]|[sound:row1738_chunk2.wav]|[sound:row1738_chunk3.wav]
아래쪽	the bottom/lower side	*아래쪽*을 보다|건물 *아래쪽*|표의 *아래쪽*	to look down|the lower part of building|bottom of the table	[sound:row1739_chunk1.wav]|[sound:row1739_chunk2.wav]|[sound:row1739_chunk3.wav]
액세서리	accessory	예쁜 *액세서리*|*액세서리*를 착용하다|금속 *액세서리*	pretty accessory|to wear accessories|metal accessory	[sound:row1740_chunk1.wav]|[sound:row1740_chunk2.wav]|[sound:row1740_chunk3.wav]
염려하다	to worry	부모님이 *염려하시다*|건강을 *염려하다*|크게 *염려하지* 마세요	parents worry|to worry about health|don't worry too much	[sound:row1741_chunk1.wav]|[sound:row1741_chunk2.wav]|[sound:row1741_chunk3.wav]
오이	cucumber	*오이* 소박이|*오이*를 썰다|시원한 *오이*	stuffed cucumber kimchi|to slice cucumber|cool cucumber	[sound:row1742_chunk1.wav]|[sound:row1742_chunk2.wav]|[sound:row1742_chunk3.wav]
외삼촌	maternal uncle	*외삼촌* 댁|우리 *외삼촌*|*외삼촌*과 외숙모	maternal uncle's house|my maternal uncle|maternal uncle and aunt	[sound:row1743_chunk1.wav]|[sound:row1743_chunk2.wav]|[sound:row1743_chunk3.wav]
위쪽	the top/upper side	*위쪽*을 쳐다보다|화면 *위쪽*|*위쪽*으로 올라가다	to look up|top of the screen|to go toward the top	[sound:row1744_chunk1.wav]|[sound:row1744_chunk2.wav]|[sound:row1744_chunk3.wav]
음료수	drink/beverage	시원한 *음료수*|*음료수*를 주문하다|탄산 *음료수*	cold drink|to order a beverage|soda	[sound:row1745_chunk1.wav]|[sound:row1745_chunk2.wav]|[sound:row1745_chunk3.wav]
캠퍼스	campus	대학 *캠퍼스*|*캠퍼스* 커플|넓은 *캠퍼스*	university campus|campus couple (CC)|spacious campus	[sound:row1746_chunk1.wav]|[sound:row1746_chunk2.wav]|[sound:row1746_chunk3.wav]
터널	tunnel	*터널*을 지나다|어두운 *터널*|긴 *터널*	to pass through a tunnel|dark tunnel|long tunnel	[sound:row1747_chunk1.wav]|[sound:row1747_chunk2.wav]|[sound:row1747_chunk3.wav]
통	counter for letters/calls	편지 한 *통*|전화 세 *통*|서류 한 *통*	one letter|three phone calls|one document	[sound:row1748_chunk1.wav]|[sound:row1748_chunk2.wav]|[sound:row1748_chunk3.wav]
환갑	60th birthday	*환갑* 잔치|올해가 *환갑*이다|*환갑*을 맞다	60th birthday party|to be 60 this year|to turn 60	[sound:row1749_chunk1.wav]|[sound:row1749_chunk2.wav]|[sound:row1749_chunk3.wav]
건너오다	to come across	다리를 *건너오다*|이쪽으로 *건너오다*|강을 *건너오다*	to come across the bridge|to come across to this side|to come across the river	[sound:row1750_chunk1.wav]|[sound:row1750_chunk2.wav]|[sound:row1750_chunk3.wav]
관광지	tourist attraction	유명한 *관광지*|*관광지*를 둘러보다|인기 *관광지*	famous tourist spot|to look around attractions|popular tourist destination	[sound:row1751_chunk1.wav]|[sound:row1751_chunk2.wav]|[sound:row1751_chunk3.wav]
교포	overseas Korean	재미 *교포*|*교포* 학생|한국계 *교포*	Korean-American|Korean expatriate student|person of Korean descent	[sound:row1752_chunk1.wav]|[sound:row1752_chunk2.wav]|[sound:row1752_chunk3.wav]
등록금	tuition	대학교 *등록금*|*등록금*을 내다|비싼 *등록금*	college tuition|to pay tuition|expensive tuition	[sound:row1753_chunk1.wav]|[sound:row1753_chunk2.wav]|[sound:row1753_chunk3.wav]
뛰어다니다	to run around	운동장을 *뛰어다니다*|바쁘게 *뛰어다니다*|아이들이 *뛰어다니다*	to run around the playground|to run around busily|children run around	[sound:row1754_chunk1.wav]|[sound:row1754_chunk2.wav]|[sound:row1754_chunk3.wav]
만	full/international age	*만* 십팔 세|*만* 삼 개월|*만*으로 계산하다	full 18 years old|full three months|to calculate in international age	[sound:row1755_chunk1.wav]|[sound:row1755_chunk2.wav]|[sound:row1755_chunk3.wav]
메모	memo/note	*메모*를 남기다|작은 *메모*지|*메모*를 하다	to leave a note|small memo pad|to take a note	[sound:row1756_chunk1.wav]|[sound:row1756_chunk2.wav]|[sound:row1756_chunk3.wav]
몇십	dozens	*몇십* 년|*몇십* 명|*몇십* 번	dozens of years|dozens of people|dozens of times	[sound:row1757_chunk1.wav]|[sound:row1757_chunk2.wav]|[sound:row1757_chunk3.wav]
몸무게	weight	*몸무게*가 늘다|*몸무게*를 재다|줄어든 *몸무게*	to gain weight|to measure one's weight|decreased weight	[sound:row1758_chunk1.wav]|[sound:row1758_chunk2.wav]|[sound:row1758_chunk3.wav]
배달	delivery	음식 *배달*|*배달*을 시키다|*배달* 사고	food delivery|to order delivery|delivery accident	[sound:row1759_chunk1.wav]|[sound:row1759_chunk2.wav]|[sound:row1759_chunk3.wav]
번역	translation	영어 *번역*|*번역*을 맡기다|*번역*이 매끄럽다	English translation|to request a translation|translation is smooth	[sound:row1760_chunk1.wav]|[sound:row1760_chunk2.wav]|[sound:row1760_chunk3.wav]
비닐봉지	plastic bag	*비닐봉지*에 담다|검은 *비닐봉지*|*비닐봉지* 사용 제한	to put in a plastic bag|black plastic bag|plastic bag use restriction	[sound:row1761_chunk1.wav]|[sound:row1761_chunk2.wav]|[sound:row1761_chunk3.wav]
서랍	drawer	책상 *서랍*|*서랍*을 열다|*서랍* 속에 넣다	desk drawer|to open a drawer|to put inside a drawer	[sound:row1762_chunk1.wav]|[sound:row1762_chunk2.wav]|[sound:row1762_chunk3.wav]
소나기	rain shower	갑작스러운 *소나기*|*소나기*를 피하다|*소나기*가 그치다	sudden rain shower|to avoid a rain shower|the shower stops	[sound:row1763_chunk1.wav]|[sound:row1763_chunk2.wav]|[sound:row1763_chunk3.wav]
손잡이	handle/knob	문 *손잡이*|*손잡이*를 돌리다|버스의 *손잡이*	door handle|to turn the knob|bus handrail	[sound:row1764_chunk1.wav]|[sound:row1764_chunk2.wav]|[sound:row1764_chunk3.wav]
안되다	to be sorry/pitiable	참 *안됐다*|*안된* 마음|사정이 *안되다*	that's too bad|sorry feeling|circumstances are pitiful	[sound:row1765_chunk1.wav]|[sound:row1765_chunk2.wav]|[sound:row1765_chunk3.wav]
연하다	to be soft/light	고기가 *연하다*|*연한* 색깔|*연하게* 타다	meat is tender|light color|to make (coffee/tea) weak	[sound:row1766_chunk1.wav]|[sound:row1766_chunk2.wav]|[sound:row1766_chunk3.wav]
원숭이	monkey	*원숭이*가 나무에 오르다|*원숭이* 엉덩이|*원숭이*처럼 흉내 내다	a monkey climbs a tree|monkey's butt|to mimic like a monkey	[sound:row1767_chunk1.wav]|[sound:row1767_chunk2.wav]|[sound:row1767_chunk3.wav]
이혼	divorce	*이혼*을 하다|*이혼* 소송|합의 *이혼*	to get a divorce|divorce lawsuit|divorce by agreement	[sound:row1768_chunk1.wav]|[sound:row1768_chunk2.wav]|[sound:row1768_chunk3.wav]
일회용	disposable	*일회용* 컵|*일회용*품 사용|*일회용* 렌즈	disposable cup|use of disposables|disposable lenses	[sound:row1769_chunk1.wav]|[sound:row1769_chunk2.wav]|[sound:row1769_chunk3.wav]
전화기	telephone	*전화기*를 들다|공중 *전화기*|*전화기*가 고장 나다	to pick up the phone|public telephone|the phone is broken	[sound:row1770_chunk1.wav]|[sound:row1770_chunk2.wav]|[sound:row1770_chunk3.wav]
진달래	azalea	*진달래* 꽃|*진달래*가 피다|분홍색 *진달래*	azalea flower|azaleas bloom|pink azalea	[sound:row1771_chunk1.wav]|[sound:row1771_chunk2.wav]|[sound:row1771_chunk3.wav]
차남	second son	집안의 *차남*|*차남*으로 태어나다|장남과 *차남*	the second son of the family|to be born as the second son|first and second son	[sound:row1772_chunk1.wav]|[sound:row1772_chunk2.wav]|[sound:row1772_chunk3.wav]
팬티	panties/underwear	*팬티*를 입다|남자용 *팬티*|삼각 *팬티*	to wear underwear|men's underwear|briefs	[sound:row1773_chunk1.wav]|[sound:row1773_chunk2.wav]|[sound:row1773_chunk3.wav]
편히	comfortably	*편히* 쉬다|*편히* 앉으세요|*편히* 잠들다	to rest comfortably|please sit comfortably|to sleep peacefully	[sound:row1774_chunk1.wav]|[sound:row1774_chunk2.wav]|[sound:row1774_chunk3.wav]
가구	furniture	새 *가구*|*가구*를 배치하다|*가구*점	new furniture|to arrange furniture|furniture store	[sound:row1775_chunk1.wav]|[sound:row1775_chunk2.wav]|[sound:row1775_chunk3.wav]
개나리	forsythia	노란 *개나리*|*개나리*가 만개하다|봄의 *개나리*	yellow forsythia|forsythias are in full bloom|forsythia of spring	[sound:row1776_chunk1.wav]|[sound:row1776_chunk2.wav]|[sound:row1776_chunk3.wav]
골목길	alleyway	좁은 *골목길*|*골목길*을 걷다|동네 *골목길*	narrow alleyway|to walk through an alley|neighborhood alley	[sound:row1777_chunk1.wav]|[sound:row1777_chunk2.wav]|[sound:row1777_chunk3.wav]
기억나다	to remember	갑자기 *기억나다*|이름이 *기억났다*|전혀 *기억나지* 않다	to suddenly remember|remembered the name|to not remember at all	[sound:row1778_chunk1.wav]|[sound:row1778_chunk2.wav]|[sound:row1778_chunk3.wav]
기침	cough	*기침*을 하다|심한 *기침*|*기침*이 멈추다	to cough|severe cough|the cough stops	[sound:row1779_chunk1.wav]|[sound:row1779_chunk2.wav]|[sound:row1779_chunk3.wav]
노랫소리	singing sound	즐거운 *노랫소리*|*노랫소리*가 들리다|아름다운 *노랫소리*	joyful sound of singing|singing is heard|beautiful singing voice	[sound:row1780_chunk1.wav]|[sound:row1780_chunk2.wav]|[sound:row1780_chunk3.wav]
대학교수	university professor	명예 *대학교수*|*대학교수*가 되다|현직 *대학교수*	professor emeritus|to become a professor|incumbent professor	[sound:row1781_chunk1.wav]|[sound:row1781_chunk2.wav]|[sound:row1781_chunk3.wav]
레몬	lemon	*레몬* 한 조각|*레몬*처럼 시다|*레몬*에이드	a slice of lemon|to be sour like a lemon|lemonade	[sound:row1782_chunk1.wav]|[sound:row1782_chunk2.wav]|[sound:row1782_chunk3.wav]
배꼽	belly button	*배꼽*을 보이다|*배꼽* 빠지게 웃다|*배꼽* 주위	to show one's navel|to laugh extremely hard|around the belly button	[sound:row1783_chunk1.wav]|[sound:row1783_chunk2.wav]|[sound:row1783_chunk3.wav]
사랑스럽다	to be lovely	*사랑스러운* 눈빛|행동이 *사랑스럽다*|정말 *사랑스러워요*	lovely gaze|behavior is lovely|really lovely	[sound:row1784_chunk1.wav]|[sound:row1784_chunk2.wav]|[sound:row1784_chunk3.wav]
술병	liquor bottle	빈 *술병*|*술병*을 따다|*술병*이 쌓이다	empty liquor bottle|to open a bottle|bottles pile up	[sound:row1785_chunk1.wav]|[sound:row1785_chunk2.wav]|[sound:row1785_chunk3.wav]
쓰이다	to be written	책에 *쓰이다*|이름이 *쓰인* 종이|영어로 *쓰이다*	to be written in a book|paper with a name written|to be written in English	[sound:row1786_chunk1.wav]|[sound:row1786_chunk2.wav]|[sound:row1786_chunk3.wav]
엽서	postcard	그림 *엽서*|*엽서*를 보내다|크리스마스 *엽서*	picture postcard|to send a postcard|Christmas postcard	[sound:row1787_chunk1.wav]|[sound:row1787_chunk2.wav]|[sound:row1787_chunk3.wav]
욕실	bathroom	*욕실* 청소|*욕실* 용품|*욕실*에 들어가다	cleaning the bathroom|bathroom supplies|to enter the bathroom	[sound:row1788_chunk1.wav]|[sound:row1788_chunk2.wav]|[sound:row1788_chunk3.wav]
운전기사	driver	택시 *운전기사*|친절한 *운전기사*|*운전기사*를 구하다	taxi driver|kind driver|to look for a driver	[sound:row1789_chunk1.wav]|[sound:row1789_chunk2.wav]|[sound:row1789_chunk3.wav]
장마	rainy season	*장마*철|*장마*가 시작되다|긴 *장마*	rainy season period|the rainy season begins|long rainy season	[sound:row1790_chunk1.wav]|[sound:row1790_chunk2.wav]|[sound:row1790_chunk3.wav]
짧아지다	to become short	머리가 *짧아지다*|해가 *짧아지다*|간격이 *짧아지다*	hair gets shorter|days get shorter|the interval shortens	[sound:row1791_chunk1.wav]|[sound:row1791_chunk2.wav]|[sound:row1791_chunk3.wav]
찌다	to gain (weight)	살이 *찌다*|통통하게 *찌다*|갑자기 살이 *쪘다*	to gain weight|to get chubby|suddenly gained weight	[sound:row1792_chunk1.wav]|[sound:row1792_chunk2.wav]|[sound:row1792_chunk3.wav]
책가방	school bag	*책가방*을 메다|무거운 *책가방*|*책가방*을 열다	to carry a school bag|heavy school bag|to open a school bag	[sound:row1793_chunk1.wav]|[sound:row1793_chunk2.wav]|[sound:row1793_chunk3.wav]
놀이터	playground	어린이 *놀이터*|*놀이터*에서 놀다|동네 *놀이터*	children's playground|to play at the playground|neighborhood playground	[sound:row1794_chunk1.wav]|[sound:row1794_chunk2.wav]|[sound:row1794_chunk3.wav]
다녀가다	to stop by	집에 *다녀가다*|잠시 *다녀가세요*|누가 *다녀갔니*?	to stop by home|please stop by for a moment|who stopped by?	[sound:row1795_chunk1.wav]|[sound:row1795_chunk2.wav]|[sound:row1795_chunk3.wav]
답장	reply	*답장*을 보내다|빠른 *답장*|*답장*을 기다리다	to send a reply|quick reply|to wait for a reply	[sound:row1796_chunk1.wav]|[sound:row1796_chunk2.wav]|[sound:row1796_chunk3.wav]
때때로	sometimes	*때때로* 생각나다|*때때로* 비가 오다|*때때로* 힘들다	to remember sometimes|it rains occasionally|to be difficult at times	[sound:row1797_chunk1.wav]|[sound:row1797_chunk2.wav]|[sound:row1797_chunk3.wav]
발등	top of foot	*발등*을 다치다|*발등*에 불이 떨어지다|*발등*이 붓다	to hurt the top of one's foot|to be pressed for time|top of the foot is swollen	[sound:row1798_chunk1.wav]|[sound:row1798_chunk2.wav]|[sound:row1798_chunk3.wav]
블라우스	blouse	실크 *블라우스*|*블라우스*를 입다|하얀 *블라우스*	silk blouse|to wear a blouse|white blouse	[sound:row1799_chunk1.wav]|[sound:row1799_chunk2.wav]|[sound:row1799_chunk3.wav]
사이좋다	to be on good terms	*사이좋은* 친구|*사이좋게* 지내다|형제가 *사이좋다*	friends on good terms|to get along well|siblings get along well	[sound:row1800_chunk1.wav]|[sound:row1800_chunk2.wav]|[sound:row1800_chunk3.wav]
슬퍼하다	to feel sad	죽음을 *슬퍼하다*|너무 *슬퍼하지* 마세요|헤어짐을 *슬퍼하다*	to mourn the death|don't be too sad|to be sad about parting	[sound:row1801_chunk1.wav]|[sound:row1801_chunk2.wav]|[sound:row1801_chunk3.wav]
쓰레기통	trash can	*쓰레기통*에 버리다|비어 있는 *쓰레기통*|*쓰레기통*을 비우다	to throw in the trash|empty trash can|to empty the trash can	[sound:row1802_chunk1.wav]|[sound:row1802_chunk2.wav]|[sound:row1802_chunk3.wav]
앞쪽	the front	*앞쪽*으로 오세요|건물 *앞쪽*|*앞쪽* 좌석	please come to the front|the front of the building|front seat	[sound:row1803_chunk1.wav]|[sound:row1803_chunk2.wav]|[sound:row1803_chunk3.wav]
왼발	left foot	*왼발*을 내디디다|*왼발* 잡이|*왼발*이 아프다	to step with the left foot|left-footed|left foot hurts	[sound:row1804_chunk1.wav]|[sound:row1804_chunk2.wav]|[sound:row1804_chunk3.wav]
일기	weather	*일기* 예보|*일기* 불순|오늘의 *일기*	weather forecast|inclement weather|today's weather	[sound:row1805_chunk1.wav]|[sound:row1805_chunk2.wav]|[sound:row1805_chunk3.wav]
저번	last time	*저번* 주|*저번*에 본 영화|*저번* 일	last week|the movie I saw last time|what happened last time	[sound:row1806_chunk1.wav]|[sound:row1806_chunk2.wav]|[sound:row1806_chunk3.wav]
정답	correct answer	*정답*을 맞히다|시험 *정답*|*정답*이 뭐예요?	to get the right answer|exam answer|what is the correct answer?	[sound:row1807_chunk1.wav]|[sound:row1807_chunk2.wav]|[sound:row1807_chunk3.wav]
졸다	to doze off	수업 시간에 *졸다*|꾸벅꾸벅 *졸다*|졸려서 *졸다*	to doze off in class|to nod off|to doze because of sleepiness	[sound:row1808_chunk1.wav]|[sound:row1808_chunk2.wav]|[sound:row1808_chunk3.wav]
코피	nosebleed	*코피*가 나다|*코피*를 쏟다|피곤해서 *코피* 나다	to have a nosebleed|to bleed from the nose|to get a nosebleed from fatigue	[sound:row1809_chunk1.wav]|[sound:row1809_chunk2.wav]|[sound:row1809_chunk3.wav]
할인	discount	가격 *할인*|*할인* 혜택|*할인*을 받다	price discount|discount benefits|to get a discount	[sound:row1810_chunk1.wav]|[sound:row1810_chunk2.wav]|[sound:row1810_chunk3.wav]
고구마	sweet potato	찐 *고구마*|군*고구마*|*고구마*를 캐다	steamed sweet potato|roasted sweet potato|to dig up sweet potatoes	[sound:row1811_chunk1.wav]|[sound:row1811_chunk2.wav]|[sound:row1811_chunk3.wav]
국기	national flag	한국 *국기*|*국기*를 게양하다|*국기*에 대한 경례	Korean national flag|to hoist the flag|salute to the flag	[sound:row1812_chunk1.wav]|[sound:row1812_chunk2.wav]|[sound:row1812_chunk3.wav]
대화하다	to converse	친구와 *대화하다*|진지하게 *대화하다*|함께 *대화해요*	to talk with a friend|to converse seriously|let's talk together	[sound:row1813_chunk1.wav]|[sound:row1813_chunk2.wav]|[sound:row1813_chunk3.wav]
미워하다	to hate/dislike	남을 *미워하다*|*미워하지* 마세요|거짓말을 *미워하다*	to hate others|don't hate|to dislike lies	[sound:row1814_chunk1.wav]|[sound:row1814_chunk2.wav]|[sound:row1814_chunk3.wav]
밥맛	appetite	*밥맛*이 없다|*밥맛*이 좋다|*밥맛* 떨어지다	to have no appetite|to have a good appetite|to lose one's appetite	[sound:row1815_chunk1.wav]|[sound:row1815_chunk2.wav]|[sound:row1815_chunk3.wav]
복사	copying/photocopy	*복사* 용지|*복사*를 하다|컬러 *복사*	copy paper|to make a copy|color copy	[sound:row1816_chunk1.wav]|[sound:row1816_chunk2.wav]|[sound:row1816_chunk3.wav]
볶음밥	fried rice	김치 *볶음밥*|*볶음밥*을 만들다|맛있는 *볶음밥*	Kimchi fried rice|to make fried rice|delicious fried rice	[sound:row1817_chunk1.wav]|[sound:row1817_chunk2.wav]|[sound:row1817_chunk3.wav]
성별	gender	*성별* 구분|*성별*을 적다|나이와 *성별*	gender distinction|to write one's gender|age and gender	[sound:row1818_chunk1.wav]|[sound:row1818_chunk2.wav]|[sound:row1818_chunk3.wav]
세탁	laundry/washing	*세탁*을 하다|*세탁*물|드라이*세탁*	to do laundry|laundry (items)|dry cleaning	[sound:row1819_chunk1.wav]|[sound:row1819_chunk2.wav]|[sound:row1819_chunk3.wav]
소문나다	to be rumored	맛집으로 *소문나다*|소문이 *나다*|동네에 *소문났다*	to be known as a good restaurant|to get rumored|rumors spread in town	[sound:row1820_chunk1.wav]|[sound:row1820_chunk2.wav]|[sound:row1820_chunk3.wav]
소용없다	to be useless	이제와서 *소용없다*|말해도 *소용없어*|*소용없는* 일	it's useless now|no use in talking|useless task	[sound:row1821_chunk1.wav]|[sound:row1821_chunk2.wav]|[sound:row1821_chunk3.wav]
손수건	handkerchief	*손수건*을 꺼내다|땀을 *손수건*으로 닦다|실크 *손수건*	to take out a handkerchief|to wipe sweat with a handkerchief|silk handkerchief	[sound:row1822_chunk1.wav]|[sound:row1822_chunk2.wav]|[sound:row1822_chunk3.wav]
송아지	calf	어린 *송아지*|*송아지*가 울다|황소와 *송아지*	young calf|a calf lows|bull and calf	[sound:row1823_chunk1.wav]|[sound:row1823_chunk2.wav]|[sound:row1823_chunk3.wav]
수돗물	tap water	*수돗물*을 마시다|*수돗물*이 나오다|*수돗물* 값	to drink tap water|tap water comes out|water bill	[sound:row1824_chunk1.wav]|[sound:row1824_chunk2.wav]|[sound:row1824_chunk3.wav]
술자리	drinking session	*술자리*를 가지다|즐거운 *술자리*|*술자리*에 참석하다	to have a drinking gathering|pleasant drinking session|to attend a drinking party	[sound:row1825_chunk1.wav]|[sound:row1825_chunk2.wav]|[sound:row1825_chunk3.wav]
어린이날	Children's Day	*어린이날* 선물|*어린이날* 행사|내일은 *어린이날*	Children's Day gift|Children's Day event|tomorrow is Children's Day	[sound:row1826_chunk1.wav]|[sound:row1826_chunk2.wav]|[sound:row1826_chunk3.wav]
오른발	right foot	*오른발*을 다치다|*오른발*로 차다|*오른발* 신발	to hurt one's right foot|to kick with the right foot|right shoe	[sound:row1827_chunk1.wav]|[sound:row1827_chunk2.wav]|[sound:row1827_chunk3.wav]
이사하다	to move house	옆집으로 *이사하다*|새집으로 *이사하다*|주말에 *이사해요*	to move next door|to move to a new house|moving this weekend	[sound:row1828_chunk1.wav]|[sound:row1828_chunk2.wav]|[sound:row1828_chunk3.wav]
일등	first place	*일등*을 차지하다|*일등* 항해사|성적이 *일등*이다	to take first place|first mate|to be first in grades	[sound:row1829_chunk1.wav]|[sound:row1829_chunk2.wav]|[sound:row1829_chunk3.wav]
작아지다	to become small	옷이 *작아지다*|목소리가 *작아지다*|키가 *작아진* 기분	clothes get smaller|voice gets lower|feeling like getting shorter	[sound:row1830_chunk1.wav]|[sound:row1830_chunk2.wav]|[sound:row1830_chunk3.wav]
줄무늬	stripe pattern	*줄무늬* 티셔츠|파란색 *줄무늬*|*줄무늬*가 있는 옷	striped T-shirt|blue stripes|clothes with stripes	[sound:row1831_chunk1.wav]|[sound:row1831_chunk2.wav]|[sound:row1831_chunk3.wav]
터미널	terminal	버스 *터미널*|*터미널*에 도착하다|국제선 *터미널*	bus terminal|to arrive at the terminal|international terminal	[sound:row1832_chunk1.wav]|[sound:row1832_chunk2.wav]|[sound:row1832_chunk3.wav]
한국적	Korean style/nature	*한국적*인 미|가장 *한국적*인 것|*한국적* 정서	Korean beauty|the most Korean thing|Korean sentiment	[sound:row1833_chunk1.wav]|[sound:row1833_chunk2.wav]|[sound:row1833_chunk3.wav]
환영	welcome	*환영* 인사를 하다|신입생 *환영*회|뜨겁게 *환영*하다	to give a welcome speech|welcome party for freshmen|to welcome warmly	[sound:row1834_chunk1.wav]|[sound:row1834_chunk2.wav]|[sound:row1834_chunk3.wav]
간식	snack	*간식*을 먹다|아이들 *간식*|맛있는 *간식*	to eat a snack|snacks for kids|tasty snack	[sound:row1835_chunk1.wav]|[sound:row1835_chunk2.wav]|[sound:row1835_chunk3.wav]
감	persimmon	달콤한 *감*|*감*을 따다|홍시 *감*	sweet persimmon|to pick persimmons|soft persimmon	[sound:row1836_chunk1.wav]|[sound:row1836_chunk2.wav]|[sound:row1836_chunk3.wav]
남	south	*남*쪽 방향|*남*한|*남*서풍	south direction|South Korea|southwesterly wind	[sound:row1837_chunk1.wav]|[sound:row1837_chunk2.wav]|[sound:row1837_chunk3.wav]
네거리	crossroads	*네거리*에서 꺾다|교통 체증이 심한 *네거리*|*네거리* 신호등	to turn at the crossroads|congested intersection|crossroads traffic light	[sound:row1838_chunk1.wav]|[sound:row1838_chunk2.wav]|[sound:row1838_chunk3.wav]
녹음하다	to record (sound)	목소리를 *녹음하다*|수업을 *녹음하다*|*녹음한* 소리	to record a voice|to record a class|recorded sound	[sound:row1839_chunk1.wav]|[sound:row1839_chunk2.wav]|[sound:row1839_chunk3.wav]
등산로	hiking trail	험한 *등산로*|*등산로*를 따라 걷다|새로운 *등산로*	steadow hiking trail|to walk along the trail|new hiking trail	[sound:row1840_chunk1.wav]|[sound:row1840_chunk2.wav]|[sound:row1840_chunk3.wav]
마사지	massage	전신 *마사지*|*마사지*를 받다|발 *마사지*	full body massage|to get a massage|foot massage	[sound:row1841_chunk1.wav]|[sound:row1841_chunk2.wav]|[sound:row1841_chunk3.wav]
먹히다	to be eaten/to work	사자에게 *먹히다*|농담이 *먹히다*|잘 *먹히는* 방법	to be eaten by a lion|the joke works/is accepted|method that works well	[sound:row1842_chunk1.wav]|[sound:row1842_chunk2.wav]|[sound:row1842_chunk3.wav]
몸살	body ache from fatigue	*몸살*이 나다|감기 *몸살*|*몸살*로 눕다	to suffer from body aches|flu with body aches|to be bedridden with fatigue	[sound:row1843_chunk1.wav]|[sound:row1843_chunk2.wav]|[sound:row1843_chunk3.wav]
무더위	sweltering heat	여름 *무더위*|*무더위*가 계속되다|*무더위*를 식히다	summer sweltering heat|sweltering heat continues|to cool off the heat	[sound:row1844_chunk1.wav]|[sound:row1844_chunk2.wav]|[sound:row1844_chunk3.wav]
박스	box	종이 *박스*|*박스*를 포장하다|과자 한 *박스*	paper box|to pack a box|a box of snacks	[sound:row1845_chunk1.wav]|[sound:row1845_chunk2.wav]|[sound:row1845_chunk3.wav]
밥솥	rice pot/cooker	*밥솥*을 열다|압력 *밥솥*|*밥솥*에 쌀을 넣다	to open the rice pot|pressure cooker|to put rice in the pot	[sound:row1846_chunk1.wav]|[sound:row1846_chunk2.wav]|[sound:row1846_chunk3.wav]
베개	pillow	푹신한 *베개*|*베개*를 베다|*베개* 잇	soft pillow|to rest one's head on a pillow|pillowcase	[sound:row1847_chunk1.wav]|[sound:row1847_chunk2.wav]|[sound:row1847_chunk3.wav]
벨트	belt	가죽 *벨트*|안전 *벨트*를 매다|*벨트*가 꽉 끼다	leather belt|to fasten a seatbelt|the belt is tight	[sound:row1848_chunk1.wav]|[sound:row1848_chunk2.wav]|[sound:row1848_chunk3.wav]
복사하다	to copy/photocopy	문서를 *복사하다*|기계로 *복사하다*|파일을 *복사하다*	to copy a document|to photocopy with a machine|to copy a file	[sound:row1849_chunk1.wav]|[sound:row1849_chunk2.wav]|[sound:row1849_chunk3.wav]
사계절	four seasons	한국의 *사계절*|*사계절* 내내|*사계절*이 뚜렷하다	Korea's four seasons|throughout the four seasons|the four seasons are distinct	[sound:row1850_chunk1.wav]|[sound:row1850_chunk2.wav]|[sound:row1850_chunk3.wav]
사과하다	to apologize	진심으로 *사과하다*|잘못을 *사과하다*|친구에게 *사과하다*	to sincerely apologize|to apologize for a mistake|to apologize to a friend	[sound:row1851_chunk1.wav]|[sound:row1851_chunk2.wav]|[sound:row1851_chunk3.wav]
여대생	female college student	평범한 *여대생*|*여대생* 시절|똑똑한 *여대생*	ordinary female college student|college girl days|smart female college student	[sound:row1852_chunk1.wav]|[sound:row1852_chunk2.wav]|[sound:row1852_chunk3.wav]
외할머니	maternal grandmother	우리 *외할머니*|*외할머니* 댁|*외할머니* 손맛	my maternal grandmother|maternal grandmother's house|maternal grandmother's cooking	[sound:row1853_chunk1.wav]|[sound:row1853_chunk2.wav]|[sound:row1853_chunk3.wav]
음악가	musician	천재 *음악가*|클래식 *음악가*|*음악가*의 길	genius musician|classical musician|path of a musician	[sound:row1854_chunk1.wav]|[sound:row1854_chunk2.wav]|[sound:row1854_chunk3.wav]
인삼	ginseng	*인삼*을 달이다|고려 *인삼*|*인삼*차	to brew ginseng|Korean ginseng|ginseng tea	[sound:row1855_chunk1.wav]|[sound:row1855_chunk2.wav]|[sound:row1855_chunk3.wav]
인상	impression/look	첫*인상*|*인상*이 좋다|*인상*을 쓰다	first impression|to have a good look/impression|to frown	[sound:row1856_chunk1.wav]|[sound:row1856_chunk2.wav]|[sound:row1856_chunk3.wav]
점원	clerk/shop assistant	친절한 *점원*|백화점 *점원*|*점원*에게 묻다	kind clerk|department store clerk|to ask a clerk	[sound:row1857_chunk1.wav]|[sound:row1857_chunk2.wav]|[sound:row1857_chunk3.wav]
찻잔	teacup	예쁜 *찻잔*|*찻잔*에 차를 따르다|*찻잔*을 놓다	pretty teacup|to pour tea into a teacup|to set down a teacup	[sound:row1858_chunk1.wav]|[sound:row1858_chunk2.wav]|[sound:row1858_chunk3.wav]
큰길	main road	*큰길*로 나가다|*큰길*가에 위치하다|집 앞 *큰길*	to go out to the main road|to be located on a main road|the main road in front of the house	[sound:row1859_chunk1.wav]|[sound:row1859_chunk2.wav]|[sound:row1859_chunk3.wav]
홈페이지	homepage	*홈페이지*를 개설하다|*홈페이지* 주소|공식 *홈페이지*	to open a homepage|homepage address|official homepage	[sound:row1860_chunk1.wav]|[sound:row1860_chunk2.wav]|[sound:row1860_chunk3.wav]
횡단보도	crosswalk	*횡단보도를* 건너다|*횡단보도* 앞에서 기다리다|녹색 불에 *횡단보도*를 건너다	to cross the crosswalk|to wait in front of the crosswalk|to cross the crosswalk on the green light	[sound:row1861_chunk1.wav]|[sound:row1861_chunk2.wav]|[sound:row1861_chunk3.wav]
강당	auditorium	학교 *강당*|*강당*에 모이다|*강당*에서 행사를 하다	school auditorium|to gather in the auditorium|to hold an event in the auditorium	[sound:row1862_chunk1.wav]|[sound:row1862_chunk2.wav]|[sound:row1862_chunk3.wav]
고모부	uncle (husband of paternal aunt)	*고모부* 댁|친절한 *고모부*|우리 *고모부*	paternal aunt's husband's house|kind uncle (paternal aunt's husband)|my uncle	[sound:row1863_chunk1.wav]|[sound:row1863_chunk2.wav]|[sound:row1863_chunk3.wav]
녹음	recording	목소리 *녹음*|*녹음* 상태|*녹음*을 시작하다	voice recording|recording quality|to start recording	[sound:row1864_chunk1.wav]|[sound:row1864_chunk2.wav]|[sound:row1864_chunk3.wav]
마중	meeting/greeting	*마중*을 나가다|공항 *마중*|손님 *마중*	to go out to meet someone|meeting someone at the airport|greeting a guest	[sound:row1865_chunk1.wav]|[sound:row1865_chunk2.wav]|[sound:row1865_chunk3.wav]
밝다	to dawn	날이 *밝다*|희망이 *밝아* 오다|새해가 *밝았다*	the day dawns|hope is dawning|the new year has dawned	[sound:row1866_chunk1.wav]|[sound:row1866_chunk2.wav]|[sound:row1866_chunk3.wav]
밤중	middle of the night	깊은 *밤중*|*밤중*에 전화하다|한*밤중*에 깨다	the middle of the night|to call in the middle of the night|to wake up at midnight	[sound:row1867_chunk1.wav]|[sound:row1867_chunk2.wav]|[sound:row1867_chunk3.wav]
배드민턴	badminton	*배드민턴*을 치다|*배드민턴* 라켓|*배드민턴* 경기	to play badminton|badminton racket|badminton match	[sound:row1868_chunk1.wav]|[sound:row1868_chunk2.wav]|[sound:row1868_chunk3.wav]
버튼	button	*버튼*을 누르다|엘리베이터 *버튼*|전원 *버튼*	to press a button|elevator button|power button	[sound:row1869_chunk1.wav]|[sound:row1869_chunk2.wav]|[sound:row1869_chunk3.wav]
서투르다	to be unskilled	운전이 *서투르다*|한국말이 *서투르다*|일이 *서툴러서* 걱정이다	to be poor at driving|to be clumsy in Korean|to worry because one is unskilled at work	[sound:row1870_chunk1.wav]|[sound:row1870_chunk2.wav]|[sound:row1870_chunk3.wav]
손뼉	palms (clapping)	*손뼉*을 치다|신나게 *손뼉* 치다|*손뼉* 소리	to clap one's hands|to clap hands excitedly|sound of clapping	[sound:row1871_chunk1.wav]|[sound:row1871_chunk2.wav]|[sound:row1871_chunk3.wav]
송편	Songpyeon (rice cake)	*송편*을 빚다|추석 때 먹는 *송편*|달콤한 *송편*	to make Songpyeon|Songpyeon eaten during Chuseok|sweet Songpyeon	[sound:row1872_chunk1.wav]|[sound:row1872_chunk2.wav]|[sound:row1872_chunk3.wav]
신혼부부	newlyweds	*신혼부부* 집들|*신혼부부* 여행|다정한 *신혼부부*	newlyweds' housewarming|newlyweds' trip|affectionate newlyweds	[sound:row1873_chunk1.wav]|[sound:row1873_chunk2.wav]|[sound:row1873_chunk3.wav]
싱겁다	to be bland	국이 *싱겁다*|간이 *싱거워서* 소금을 넣다|*싱거운* 음식	the soup is bland|to add salt because it's bland|bland food	[sound:row1874_chunk1.wav]|[sound:row1874_chunk2.wav]|[sound:row1874_chunk3.wav]
옛날이야기	old story/folktale	*옛날이야기*를 들려주다|할머니의 *옛날이야기*|재미있는 *옛날이야기*	to tell an old story|grandmother's folktale|interesting old story	[sound:row1875_chunk1.wav]|[sound:row1875_chunk2.wav]|[sound:row1875_chunk3.wav]
오븐	oven	*오븐*에 굽다|*오븐* 요리|*오븐* 온도를 조절하다	to bake in the oven|oven cooking|to adjust the oven temperature	[sound:row1876_chunk1.wav]|[sound:row1876_chunk2.wav]|[sound:row1876_chunk3.wav]
와인	wine	레드 *와인*|*와인*을 마시다|*와인* 잔	red wine|to drink wine|wine glass	[sound:row1877_chunk1.wav]|[sound:row1877_chunk2.wav]|[sound:row1877_chunk3.wav]
우승하다	to win	대회에서 *우승하다*|경기에서 *우승했다*|결승에서 *우승하다*	to win a competition|won the game|to win the final	[sound:row1878_chunk1.wav]|[sound:row1878_chunk2.wav]|[sound:row1878_chunk3.wav]
웃어른	elders	*웃어른*을 공경하다|*웃어른*께 인사하다|*웃어른*의 말씀	to respect one's elders|to greet an elder|words of an elder	[sound:row1879_chunk1.wav]|[sound:row1879_chunk2.wav]|[sound:row1879_chunk3.wav]
인사말	greeting words	환영 *인사말*|*인사말*을 나누다|짧은 *인사말*	welcoming remarks|to exchange greetings|short greeting	[sound:row1880_chunk1.wav]|[sound:row1880_chunk2.wav]|[sound:row1880_chunk3.wav]
자판기	vending machine	커피 *자판기*|*자판기*에서 뽑다|음료수 *자판기*	coffee vending machine|to get (something) from a vending machine|drink vending machine	[sound:row1881_chunk1.wav]|[sound:row1881_chunk2.wav]|[sound:row1881_chunk3.wav]
저녁때	evening time	*저녁때* 만나자|어느덧 *저녁때*가 되었다|*저녁때*의 노을	let's meet in the evening|it's already evening|sunset in the evening	[sound:row1882_chunk1.wav]|[sound:row1882_chunk2.wav]|[sound:row1882_chunk3.wav]
적어지다	to decrease	인원이 *적어지다*|말수가 *적어지다*|수입이 *적어졌다*	the number of people decreases|to become less talkative|income decreased	[sound:row1883_chunk1.wav]|[sound:row1883_chunk2.wav]|[sound:row1883_chunk3.wav]
치과	dentist	*치과*에 가다|*치과* 치료|*치과* 의사	to go to the dentist|dental treatment|dentist (person)	[sound:row1884_chunk1.wav]|[sound:row1884_chunk2.wav]|[sound:row1884_chunk3.wav]
테스트	test	실력 *테스트*|*테스트*를 받다|새 제품 *테스트*	proficiency test|to take a test|new product test	[sound:row1885_chunk1.wav]|[sound:row1885_chunk2.wav]|[sound:row1885_chunk3.wav]
퇴근하다	to leave work	여섯 시에 *퇴근하다*|일찍 *퇴근하다*|*퇴근하는* 길	to leave work at 6:00|to leave work early|on the way home from work	[sound:row1886_chunk1.wav]|[sound:row1886_chunk2.wav]|[sound:row1886_chunk3.wav]
피로하다	to be tired	몸이 *피로하다*|*피로한* 기색|눈이 *피로하다*	the body is fatigued|tired look|eyes are tired	[sound:row1887_chunk1.wav]|[sound:row1887_chunk2.wav]|[sound:row1887_chunk3.wav]
화나다	to get angry	갑자기 *화나다*|거짓말에 *화났다*|*화가 나는* 상황	to suddenly get angry|got angry at the lie|infuriating situation	[sound:row1888_chunk1.wav]|[sound:row1888_chunk2.wav]|[sound:row1888_chunk3.wav]
가로	width/horizontal	*가로* 길이|*가로*로 놓다|*가로*와 세로	horizontal length|to lay horizontally|width and height	[sound:row1889_chunk1.wav]|[sound:row1889_chunk2.wav]|[sound:row1889_chunk3.wav]
갈아타다	to transfer (transport)	지하철을 *갈아타다*|버스로 *갈아타다*|이호선에서 *갈아타다*	to transfer subways|to transfer to a bus|to transfer from Line 2	[sound:row1890_chunk1.wav]|[sound:row1890_chunk2.wav]|[sound:row1890_chunk3.wav]
단맛	sweet flavor	*단맛*이 나다|*단맛*을 더하다|*단맛*이 강한 과일	to taste sweet|to add sweetness|fruit with a strong sweet taste	[sound:row1891_chunk1.wav]|[sound:row1891_chunk2.wav]|[sound:row1891_chunk3.wav]
담요	blanket	따뜻한 *담요*|*담요*를 덮다|무릎 *담요*	warm blanket|to cover with a blanket|lap blanket	[sound:row1892_chunk1.wav]|[sound:row1892_chunk2.wav]|[sound:row1892_chunk3.wav]
밤새다	to stay up all night	공부하느라 *밤새다*|*밤새* 기다리다|뜬눈으로 *밤샜다*	to stay up all night studying|to wait all night|stayed up all night with eyes wide open	[sound:row1893_chunk1.wav]|[sound:row1893_chunk2.wav]|[sound:row1893_chunk3.wav]
부잣집	rich family's house	*부잣집* 아들|*부잣집*에서 태어나다|크고 으리으리한 *부잣집*	son of a rich family|to be born into a wealthy family|a large and grand rich house	[sound:row1894_chunk1.wav]|[sound:row1894_chunk2.wav]|[sound:row1894_chunk3.wav]
사진기	camera	디지털 *사진기*|*사진기*로 찍다|비싼 *사진기*	digital camera|to take with a camera|expensive camera	[sound:row1895_chunk1.wav]|[sound:row1895_chunk2.wav]|[sound:row1895_chunk3.wav]
상추	lettuce	*상추* 쌈|*상추*를 씻다|고기와 *상추*	lettuce wrap|to wash lettuce|meat and lettuce	[sound:row1896_chunk1.wav]|[sound:row1896_chunk2.wav]|[sound:row1896_chunk3.wav]
섭씨	Celsius	*섭씨* 삼십 도|*섭씨*와 화씨|*섭씨* 온도	30 degrees Celsius|Celsius and Fahrenheit|Celsius temperature	[sound:row1897_chunk1.wav]|[sound:row1897_chunk2.wav]|[sound:row1897_chunk3.wav]
소시지	sausage	*소시지*를 굽다|반찬으로 나온 *소시지*|*소시지* 빵	to grill sausages|sausage served as a side dish|sausage roll	[sound:row1898_chunk1.wav]|[sound:row1898_chunk2.wav]|[sound:row1898_chunk3.wav]
스케줄	schedule	*스케줄*을 짜다|빡빡한 *스케줄*|*스케줄*이 비다	to make a schedule|tight schedule|to have a free schedule	[sound:row1899_chunk1.wav]|[sound:row1899_chunk2.wav]|[sound:row1899_chunk3.wav]
시외	out of city/suburbs	*시외* 버스 터미널|*시외*로 나가다|*시외* 통화	intercity bus terminal|to go out of the city|out-of-city call	[sound:row1900_chunk1.wav]|[sound:row1900_chunk2.wav]|[sound:row1900_chunk3.wav]
양배추	cabbage	*양배추* 샐러드|*양배추*를 썰다|몸에 좋은 *양배추*	cabbage salad|to shred cabbage|healthy cabbage	[sound:row1901_chunk1.wav]|[sound:row1901_chunk2.wav]|[sound:row1901_chunk3.wav]
얕다	to be shallow	물이 *얕다*|지식이 *얕다*|생각이 *얕다*	the water is shallow|knowledge is shallow|thinking is superficial	[sound:row1902_chunk1.wav]|[sound:row1902_chunk2.wav]|[sound:row1902_chunk3.wav]
어두워지다	to get dark	밖이 *어두워지다*|눈앞이 *어두워지다*|날이 금세 *어두워졌다*	it's getting dark outside|vision goes dark/to feel faint|it got dark quickly	[sound:row1903_chunk1.wav]|[sound:row1903_chunk2.wav]|[sound:row1903_chunk3.wav]
엊그제	a couple of days ago	*엊그제* 본 것 같다|바로 *엊그제* 일|*엊그제*부터 아프다	feels like I saw it just the other day|something that happened just a few days ago|to be sick since a few days ago	[sound:row1904_chunk1.wav]|[sound:row1904_chunk2.wav]|[sound:row1904_chunk3.wav]
여고생	female high school student	발랄한 *여고생*|*여고생* 시절|*여고생* 교복	cheerful high school girl|high school girl days|high school girl's uniform	[sound:row1905_chunk1.wav]|[sound:row1905_chunk2.wav]|[sound:row1905_chunk3.wav]
예약	reservation	식당 *예약*|*예약*을 확인하다|*예약*이 찼다	restaurant reservation|to check a reservation|the reservations are full	[sound:row1906_chunk1.wav]|[sound:row1906_chunk2.wav]|[sound:row1906_chunk3.wav]
이곳저곳	here and there	*이곳저곳*을 다니다|*이곳저곳* 구경하다|*이곳저곳* 흩어지다	to go here and there|to sightsee here and there|to scatter here and there	[sound:row1907_chunk1.wav]|[sound:row1907_chunk2.wav]|[sound:row1907_chunk3.wav]
일회용품	disposable item	*일회용품*을 줄이다|편리한 *일회용품*|*일회용품* 쓰레기	to reduce disposable items|convenient disposables|disposable waste	[sound:row1908_chunk1.wav]|[sound:row1908_chunk2.wav]|[sound:row1908_chunk3.wav]
읽히다	to be read	잘 *읽히는* 책|많은 사람에게 *읽히다*|쉽게 *읽히다*	a book that reads well|to be read by many people|to be easily read	[sound:row1909_chunk1.wav]|[sound:row1909_chunk2.wav]|[sound:row1909_chunk3.wav]
저런	Oh my/Goodness	*저런*, 안됐군요|*저런* 일이 다 있나|*저런*, 조심하지	Oh dear, that's too bad|How can such a thing happen?|Oh my, you should be careful	[sound:row1910_chunk1.wav]|[sound:row1910_chunk2.wav]|[sound:row1910_chunk3.wav]
점심때	lunchtime	*점심때* 밥 먹자|바쁜 *점심때*|*점심때*가 지났다	let's eat at lunchtime|busy lunchtime|lunchtime has passed	[sound:row1911_chunk1.wav]|[sound:row1911_chunk2.wav]|[sound:row1911_chunk3.wav]
즐거워하다	to be joyful	아이들이 *즐거워하다*|모두가 *즐거워하는* 분위기|소식을 듣고 *즐거워했다*	children are joyful|an atmosphere everyone enjoys|was joyful after hearing the news	[sound:row1912_chunk1.wav]|[sound:row1912_chunk2.wav]|[sound:row1912_chunk3.wav]
초보	beginner	운전 *초보*|*초보* 단계|*초보*에서 탈출하다	novice driver|beginner stage|to escape the beginner level	[sound:row1913_chunk1.wav]|[sound:row1913_chunk2.wav]|[sound:row1913_chunk3.wav]
해외여행	overseas trip	*해외여행*을 가다|처음 가는 *해외여행*|*해외여행* 가방	to go on a trip abroad|first overseas trip|overseas travel bag	[sound:row1914_chunk1.wav]|[sound:row1914_chunk2.wav]|[sound:row1914_chunk3.wav]
깜빡	with a blink/forgetfully	눈을 *깜빡*이다|이름을 *깜빡* 잊다|정신이 *깜빡*하다	to blink one's eyes|to clean forget a name|to have a memory lapse	[sound:row1915_chunk1.wav]|[sound:row1915_chunk2.wav]|[sound:row1915_chunk3.wav]
대중교통	public transport	*대중교통*을 이용하다|*대중교통* 요금|편리한 *대중교통*	to use public transport|public transport fare|convenient public transport	[sound:row1916_chunk1.wav]|[sound:row1916_chunk2.wav]|[sound:row1916_chunk3.wav]
데려오다	to bring (someone)	친구를 *데려오다*|집으로 *데려오다*|강아지를 *데려왔다*	to bring a friend|to bring (someone) home|brought a puppy	[sound:row1917_chunk1.wav]|[sound:row1917_chunk2.wav]|[sound:row1917_chunk3.wav]
뛰어오다	to come running	학교로 *뛰어오다*|멀리서 *뛰어오다*|숨차게 *뛰어왔다*	to come running to school|to come running from afar|came running breathlessly	[sound:row1918_chunk1.wav]|[sound:row1918_chunk2.wav]|[sound:row1918_chunk3.wav]
명함	business card	*명함*을 주다|*명함*을 교환하다|직함이 적힌 *명함*	to give a business card|to exchange business cards|business card with a title	[sound:row1919_chunk1.wav]|[sound:row1919_chunk2.wav]|[sound:row1919_chunk3.wav]
사자	lion	동물의 왕 *사자*|*사자*가 포효하다|암*사자*와 수사자	lion, the king of animals|a lion roars|lioness and lion	[sound:row1920_chunk1.wav]|[sound:row1920_chunk2.wav]|[sound:row1920_chunk3.wav]
새소리	birdsong	맑은 *새소리*|*새소리*가 들리다|아침을 알리는 *새소리*	clear birdsong|birdsong is heard|birdsong announcing the morning	[sound:row1921_chunk1.wav]|[sound:row1921_chunk2.wav]|[sound:row1921_chunk3.wav]
시부모	parents-in-law (for wife)	*시부모*님을 모시다|친절한 *시부모*님|*시부모*님 댁	to live with one's parents-in-law|kind parents-in-law|parents-in-law's house	[sound:row1922_chunk1.wav]|[sound:row1922_chunk2.wav]|[sound:row1922_chunk3.wav]
실수하다	to make a mistake	계산에서 *실수하다*|말을 *실수했다*|자주 *실수하다*	to make a mistake in calculation|made a slip of the tongue|to make mistakes often	[sound:row1923_chunk1.wav]|[sound:row1923_chunk2.wav]|[sound:row1923_chunk3.wav]
외출하다	to go out	밖으로 *외출하다*|가족과 *외출하다*|잠시 *외출했다*	to go out|to go out with family|went out for a moment	[sound:row1924_chunk1.wav]|[sound:row1924_chunk2.wav]|[sound:row1924_chunk3.wav]
위아래	up and down/above and below	*위아래*를 훑어보다|*위아래* 층|*위아래*가 바뀌다	to look someone up and down|upper and lower floors|top and bottom are reversed	[sound:row1925_chunk1.wav]|[sound:row1925_chunk2.wav]|[sound:row1925_chunk3.wav]
이발소	barbershop	*이발소*에서 머리를 깎다|동네 *이발소*|낡은 *이발소* 간판	to get a haircut at a barbershop|neighborhood barbershop|old barbershop sign	[sound:row1926_chunk1.wav]|[sound:row1926_chunk2.wav]|[sound:row1926_chunk3.wav]
재작년	the year before last	*재작년* 겨울|*재작년*에 만났다|벌써 *재작년* 일이다	winter of the year before last|met the year before last|it's already been two years	[sound:row1927_chunk1.wav]|[sound:row1927_chunk2.wav]|[sound:row1927_chunk3.wav]
재채기	sneeze	*재채기*가 나오다|에취 하고 *재채기*하다|연속으로 *재채기*하다	"to sneeze|to go ""achoo"" and sneeze|to sneeze repeatedly"	[sound:row1928_chunk1.wav]|[sound:row1928_chunk2.wav]|[sound:row1928_chunk3.wav]
정거장	stop/station	버스 *정거장*|다음 *정거장*|*정거장*에서 내리다	bus stop|next stop|to get off at the stop	[sound:row1929_chunk1.wav]|[sound:row1929_chunk2.wav]|[sound:row1929_chunk3.wav]
존댓말	honorifics	*존댓말*을 쓰다|어른께 *존댓말*하다|*존댓말*과 반말	to use honorifics|to speak politely to an elder|honorifics and informal speech	[sound:row1930_chunk1.wav]|[sound:row1930_chunk2.wav]|[sound:row1930_chunk3.wav]
초보자	beginner	*초보자* 교육|*초보자*용 교재|컴퓨터 *초보자*	beginner training|textbook for beginners|computer beginner	[sound:row1931_chunk1.wav]|[sound:row1931_chunk2.wav]|[sound:row1931_chunk3.wav]
초청장	invitation	결혼 *초청장*|*초청장*을 보내다|*초청장*을 받다	wedding invitation|to send an invitation|to receive an invitation	[sound:row1932_chunk1.wav]|[sound:row1932_chunk2.wav]|[sound:row1932_chunk3.wav]
카레	curry	*카레* 라이스|매운 *카레*|*카레*를 만들다	curry rice|spicy curry|to make curry	[sound:row1933_chunk1.wav]|[sound:row1933_chunk2.wav]|[sound:row1933_chunk3.wav]
킬로	kilogram/kilometer	오 *킬로*|몇 *킬로*예요?|십 *킬로*를 걷다	five kilos|how many kilos is it?|to walk ten kilometers	[sound:row1934_chunk1.wav]|[sound:row1934_chunk2.wav]|[sound:row1934_chunk3.wav]
티셔츠	T-shirt	하얀 *티셔츠*|*티셔츠*를 입다|반팔 *티셔츠*	white T-shirt|to wear a T-shirt|short-sleeved T-shirt	[sound:row1935_chunk1.wav]|[sound:row1935_chunk2.wav]|[sound:row1935_chunk3.wav]
한둘	one or two	*한둘*이 아니다|*한둘*씩 모이다|사람이 *한둘* 보인다	to be more than one or two|to gather one by one or in twos|can see one or two people	[sound:row1936_chunk1.wav]|[sound:row1936_chunk2.wav]|[sound:row1936_chunk3.wav]
거리	material/stuff	반찬 *거리*|국 *거리* 고기|일*거리*가 많다	ingredients for side dishes|meat for soup|to have a lot of work/tasks	[sound:row1937_chunk1.wav]|[sound:row1937_chunk2.wav]|[sound:row1937_chunk3.wav]
고춧가루	chili powder	*고춧가루*를 뿌리다|매운 *고춧가루*|*고춧가루* 양념	to sprinkle chili powder|spicy chili powder|chili powder seasoning	[sound:row1938_chunk1.wav]|[sound:row1938_chunk2.wav]|[sound:row1938_chunk3.wav]
국립	national	*국립* 대학교|*국립* 공원|*국립* 박물관	national university|national park|national museum	[sound:row1939_chunk1.wav]|[sound:row1939_chunk2.wav]|[sound:row1939_chunk3.wav]
농구	basketball	*농구*를 하다|*농구* 선수|*농구* 골대	to play basketball|basketball player|basketball hoop	[sound:row1940_chunk1.wav]|[sound:row1940_chunk2.wav]|[sound:row1940_chunk3.wav]
디자이너	designer	패션 *디자이너*|유명한 *디자이너*|*디자이너* 브랜드	fashion designer|famous designer|designer brand	[sound:row1941_chunk1.wav]|[sound:row1941_chunk2.wav]|[sound:row1941_chunk3.wav]
뛰어나가다	to run out	밖으로 *뛰어나가다*|대문 밖으로 *뛰어나갔다*|급히 *뛰어나가다*	to run outside|ran out the front gate|to run out in a hurry	[sound:row1942_chunk1.wav]|[sound:row1942_chunk2.wav]|[sound:row1942_chunk3.wav]
밤낮	day and night	*밤낮* 없이 일하다|*밤낮*이 바뀌다|*밤낮*으로 공부하다	to work day and night|to have one's day and night reversed|to study day and night	[sound:row1943_chunk1.wav]|[sound:row1943_chunk2.wav]|[sound:row1943_chunk3.wav]
배구	volleyball	*배구* 경기|*배구*를 하다|*배구* 공	volleyball match|to play volleyball|volleyball (ball)	[sound:row1944_chunk1.wav]|[sound:row1944_chunk2.wav]|[sound:row1944_chunk3.wav]
부지런하다	to be diligent	성격이 *부지런하다*|*부지런하게* 일하다|참 *부지런한* 사람	to have a diligent personality|to work diligently|a very diligent person	[sound:row1945_chunk1.wav]|[sound:row1945_chunk2.wav]|[sound:row1945_chunk3.wav]
선풍기	electric fan	*선풍기*를 켜다|시원한 *선풍기* 바람|*선풍기* 날개	to turn on the fan|cool fan breeze|fan blades	[sound:row1946_chunk1.wav]|[sound:row1946_chunk2.wav]|[sound:row1946_chunk3.wav]
세로	length/vertical	*세로* 줄|*세로*로 길다|*세로* 방향	vertical line|to be vertically long|vertical direction	[sound:row1947_chunk1.wav]|[sound:row1947_chunk2.wav]|[sound:row1947_chunk3.wav]
싫어지다	to come to dislike	공부가 *싫어지다*|점점 *싫어졌다*|그 사람이 *싫어지다*	to grow tired of studying|gradually came to dislike it|to lose interest in/come to dislike that person	[sound:row1948_chunk1.wav]|[sound:row1948_chunk2.wav]|[sound:row1948_chunk3.wav]
여직원	female employee	친절한 *여직원*|*여직원* 휴게실|새로 온 *여직원*	kind female employee|female employees' lounge|new female staff member	[sound:row1949_chunk1.wav]|[sound:row1949_chunk2.wav]|[sound:row1949_chunk3.wav]
열리다	to bear fruit	열매가 *열리다*|사과가 *열렸다*|주렁주렁 *열리다*	fruit is borne|apples have grown|to hang in clusters (fruit)	[sound:row1950_chunk1.wav]|[sound:row1950_chunk2.wav]|[sound:row1950_chunk3.wav]
옆방	next room	*옆방* 사람|*옆방*에서 들리는 소리|*옆방*으로 옮기다	person in the next room|sound from the next room|to move to the next room	[sound:row1951_chunk1.wav]|[sound:row1951_chunk2.wav]|[sound:row1951_chunk3.wav]
오피스텔	officetel	*오피스텔*에 살다|깔끔한 *오피스텔*|역세권 *오피스텔*	to live in an officetel|clean officetel|officetel near the station	[sound:row1952_chunk1.wav]|[sound:row1952_chunk2.wav]|[sound:row1952_chunk3.wav]
원피스	one-piece dress	꽃무늬 *원피스*|*원피스*를 입다|예쁜 *원피스*	floral dress|to wear a dress|pretty one-piece dress	[sound:row1953_chunk1.wav]|[sound:row1953_chunk2.wav]|[sound:row1953_chunk3.wav]
이혼하다	to get divorced	남편과 *이혼하다*|부부가 *이혼했다*|작년에 *이혼하다*	to divorce one's husband|the couple got divorced|to get divorced last year	[sound:row1954_chunk1.wav]|[sound:row1954_chunk2.wav]|[sound:row1954_chunk3.wav]
종이컵	paper cup	*종이컵*에 물을 마시다|일회용 *종이컵*|*종이컵*을 사용하다	to drink water from a paper cup|disposable paper cup|to use paper cups	[sound:row1955_chunk1.wav]|[sound:row1955_chunk2.wav]|[sound:row1955_chunk3.wav]
코끼리	elephant	코가 긴 *코끼리*|*코끼리* 아저씨|아기 *코끼리*	long-nosed elephant|Mr. Elephant|baby elephant	[sound:row1956_chunk1.wav]|[sound:row1956_chunk2.wav]|[sound:row1956_chunk3.wav]
콘서트	concert	가수 *콘서트*|*콘서트* 티켓|*콘서트*를 관람하다	singer's concert|concert ticket|to watch a concert	[sound:row1957_chunk1.wav]|[sound:row1957_chunk2.wav]|[sound:row1957_chunk3.wav]
큰소리	loud voice	*큰소리*로 외치다|*큰소리*를 내다|*큰소리*를 치다	to shout in a loud voice|to make a loud noise|to talk big	[sound:row1958_chunk1.wav]|[sound:row1958_chunk2.wav]|[sound:row1958_chunk3.wav]
평일	weekday	*평일* 오후|*평일*에는 바쁘다|*평일* 요금	weekday afternoon|to be busy on weekdays|weekday rates	[sound:row1959_chunk1.wav]|[sound:row1959_chunk2.wav]|[sound:row1959_chunk3.wav]
걱정되다	to be worried	건강이 *걱정되다*|시험이 *걱정된다*|부모님이 *걱정되다*	to be worried about health|I am worried about the exam|to be worried about one's parents	[sound:row1960_chunk1.wav]|[sound:row1960_chunk2.wav]|[sound:row1960_chunk3.wav]
된장찌개	soybean paste stew	*된장찌개*를 끓이다|맛있는 *된장찌개*|보글보글 *된장찌개*	to cook soybean paste stew|delicious soybean paste stew|bubbling soybean paste stew	[sound:row1961_chunk1.wav]|[sound:row1961_chunk2.wav]|[sound:row1961_chunk3.wav]
목걸이	necklace	금 *목걸이*|*목걸이*를 걸다|진주 *목걸이*	gold necklace|to wear a necklace|pearl necklace	[sound:row1962_chunk1.wav]|[sound:row1962_chunk2.wav]|[sound:row1962_chunk3.wav]
스키장	ski resort	*스키장*에 가다|겨울철 *스키장*|*스키장* 아르바이트	to go to a ski resort|ski resort in winter|working at a ski resort	[sound:row1963_chunk1.wav]|[sound:row1963_chunk2.wav]|[sound:row1963_chunk3.wav]
쓰다	to be bitter	약이 아주 *쓰다*|맛이 *쓰다*|*쓴* 커피	the medicine is very bitter|the taste is bitter|bitter coffee	[sound:row1964_chunk1.wav]|[sound:row1964_chunk2.wav]|[sound:row1964_chunk3.wav]
책방	bookstore	동네 *책방*|*책방*에서 책을 사다|헌 *책방*	neighborhood bookstore|to buy a book at a bookstore|used bookstore	[sound:row1965_chunk1.wav]|[sound:row1965_chunk2.wav]|[sound:row1965_chunk3.wav]
나흘	four days	*나흘* 동안|*나흘*이 걸리다|*나흘* 전	for four days|to take four days|four days ago	[sound:row1966_chunk1.wav]|[sound:row1966_chunk2.wav]|[sound:row1966_chunk3.wav]
다이어트	diet	*다이어트*를 하다|*다이어트* 식단|성공적인 *다이어트*	to go on a diet|diet menu|successful diet	[sound:row1967_chunk1.wav]|[sound:row1967_chunk2.wav]|[sound:row1967_chunk3.wav]
중국집	Chinese restaurant	*중국집* 배달|단골 *중국집*|*중국집*에서 짜장면	Chinese restaurant delivery|regular Chinese restaurant|black bean noodles at a Chinese restaurant	[sound:row1968_chunk1.wav]|[sound:row1968_chunk2.wav]|[sound:row1968_chunk3.wav]
지하도	underpass	*지하도*를 건너다|어두운 *지하도*|*지하도* 입구	to cross the underpass|dark underpass|underpass entrance	[sound:row1969_chunk1.wav]|[sound:row1969_chunk2.wav]|[sound:row1969_chunk3.wav]
고속버스	express bus	*고속버스*를 타다|*고속버스* 터미널|심야 *고속버스*	to take an express bus|express bus terminal|late-night express bus	[sound:row1970_chunk1.wav]|[sound:row1970_chunk2.wav]|[sound:row1970_chunk3.wav]
뚱뚱하다	to be fat	몸이 *뚱뚱하다*|*뚱뚱한* 고양이|예전보다 *뚱뚱해지다*	the body is fat|fat cat|to get fatter than before	[sound:row1971_chunk1.wav]|[sound:row1971_chunk2.wav]|[sound:row1971_chunk3.wav]
소포	parcel	*소포*를 보내다|*소포*를 받다|우체국 *소포*	to send a parcel|to receive a parcel|post office parcel	[sound:row1972_chunk1.wav]|[sound:row1972_chunk2.wav]|[sound:row1972_chunk3.wav]
손녀	granddaughter	귀여운 *손녀*|*손녀*를 돌보다|첫째 *손녀*	cute granddaughter|to look after one's granddaughter|first granddaughter	[sound:row1973_chunk1.wav]|[sound:row1973_chunk2.wav]|[sound:row1973_chunk3.wav]
아래층	downstairs	*아래층* 이웃|*아래층*으로 내려가다|*아래층* 소음	downstairs neighbor|to go downstairs|downstairs noise	[sound:row1974_chunk1.wav]|[sound:row1974_chunk2.wav]|[sound:row1974_chunk3.wav]
잠옷	pajamas	실크 *잠옷*|*잠옷*을 입다|편한 *잠옷*	silk pajamas|to put on pajamas|comfortable pajamas	[sound:row1975_chunk1.wav]|[sound:row1975_chunk2.wav]|[sound:row1975_chunk3.wav]
장갑	gloves	가죽 *장갑*|*장갑*을 끼다|털 *장갑*	leather gloves|to wear gloves|wool gloves	[sound:row1976_chunk1.wav]|[sound:row1976_chunk2.wav]|[sound:row1976_chunk3.wav]
동물원	zoo	*동물원* 구경|*동물원*에 가다|서울대공원 *동물원*	looking around the zoo|to go to the zoo|Seoul Grand Park Zoo	[sound:row1977_chunk1.wav]|[sound:row1977_chunk2.wav]|[sound:row1977_chunk3.wav]
모레	the day after tomorrow	*모레* 아침|*모레* 만나요|내일이나 *모레*	the morning of the day after tomorrow|let's meet the day after tomorrow|tomorrow or the day after	[sound:row1978_chunk1.wav]|[sound:row1978_chunk2.wav]|[sound:row1978_chunk3.wav]
생신	birthday (honorific)	할머니 *생신*|*생신* 축하드려요|어머니의 *생신*	grandmother's birthday|happy birthday (to an elder)|mother's birthday	[sound:row1979_chunk1.wav]|[sound:row1979_chunk2.wav]|[sound:row1979_chunk3.wav]
시내버스	city bus	*시내버스* 요금|*시내버스*를 기다리다|파란색 *시내버스*	city bus fare|to wait for the city bus|blue city bus	[sound:row1980_chunk1.wav]|[sound:row1980_chunk2.wav]|[sound:row1980_chunk3.wav]
우표	stamp	*우표*를 붙이다|*우표* 수집|기념 *우표*	to stick a stamp|stamp collecting|commemorative stamp	[sound:row1981_chunk1.wav]|[sound:row1981_chunk2.wav]|[sound:row1981_chunk3.wav]
독일어	German language	*독일어*를 배우다|*독일어* 전공|쉬운 *독일어*	to learn German|German major|easy German	[sound:row1982_chunk1.wav]|[sound:row1982_chunk2.wav]|[sound:row1982_chunk3.wav]
떡볶이	Tteokbokki	매운 *떡볶이*|*떡볶이* 1인분|길거리 *떡볶이*	spicy Tteokbokki|one serving of Tteokbokki|street Tteokbokki	[sound:row1983_chunk1.wav]|[sound:row1983_chunk2.wav]|[sound:row1983_chunk3.wav]
이따가	later	*이따가* 봐요|*이따가* 전화할게|*이따가* 오세요	see you later|I'll call you later|please come later	[sound:row1984_chunk1.wav]|[sound:row1984_chunk2.wav]|[sound:row1984_chunk3.wav]
강아지	puppy	귀여운 *강아지*|*강아지*를 키우다|강아지가 *짖다*	cute puppy|to raise a puppy|the puppy barks	[sound:row1985_chunk1.wav]|[sound:row1985_chunk2.wav]|[sound:row1985_chunk3.wav]
닷새	five days	*닷새* 동안|*닷새*째 비가 오다|*닷새* 만에	for five days|it's been raining for five days|in five days	[sound:row1986_chunk1.wav]|[sound:row1986_chunk2.wav]|[sound:row1986_chunk3.wav]
주차	parking	*주차* 금지|*주차* 공간|*주차* 위반	no parking|parking space|parking violation	[sound:row1987_chunk1.wav]|[sound:row1987_chunk2.wav]|[sound:row1987_chunk3.wav]
홍차	black tea	따뜻한 *홍차*|*홍차* 한 잔|*홍차*에 설탕	warm black tea|a cup of black tea|sugar in black tea	[sound:row1988_chunk1.wav]|[sound:row1988_chunk2.wav]|[sound:row1988_chunk3.wav]
연락처	contact information	*연락처*를 남기다|*연락처*가 바뀌다|*연락처*를 묻다	to leave contact info|contact info changed|to ask for contact info	[sound:row1989_chunk1.wav]|[sound:row1989_chunk2.wav]|[sound:row1989_chunk3.wav]
연세	age (honorific)	*연세*가 많으시다|*연세*가 어떻게 되세요?|*연세*에 비해 젊다	to be old (honorific)|how old are you? (honorific)|to look young for one's age	[sound:row1990_chunk1.wav]|[sound:row1990_chunk2.wav]|[sound:row1990_chunk3.wav]
위층	upstairs	*위층* 사람|*위층*으로 올라가다|*위층*에서 소음	upstairs person|to go upstairs|noise from upstairs	[sound:row1991_chunk1.wav]|[sound:row1991_chunk2.wav]|[sound:row1991_chunk3.wav]
인삼차	ginseng tea	따뜻한 *인삼차*|*인삼차*를 마시다|건강에 좋은 *인삼차*	warm ginseng tea|to drink ginseng tea|healthy ginseng tea	[sound:row1992_chunk1.wav]|[sound:row1992_chunk2.wav]|[sound:row1992_chunk3.wav]
초록색	green	*초록색* 숲|*초록색* 잎|*초록색*으로 칠하다	green forest|green leaf|to paint in green	[sound:row1993_chunk1.wav]|[sound:row1993_chunk2.wav]|[sound:row1993_chunk3.wav]
축구공	soccer ball	*축구공*을 차다|새 *축구공*|*축구공*을 사다	to kick a soccer ball|new soccer ball|to buy a soccer ball	[sound:row1994_chunk1.wav]|[sound:row1994_chunk2.wav]|[sound:row1994_chunk3.wav]
김치찌개	Kimchi stew	*김치찌개*를 주문하다|얼큰한 *김치찌개*|참치 *김치찌개*	to order Kimchi stew|spicy Kimchi stew|tuna Kimchi stew	[sound:row1995_chunk1.wav]|[sound:row1995_chunk2.wav]|[sound:row1995_chunk3.wav]
녹차	green tea	*녹차* 티백|*녹차* 아이스크림|진한 *녹차*	green tea bag|green tea ice cream|strong green tea	[sound:row1996_chunk1.wav]|[sound:row1996_chunk2.wav]|[sound:row1996_chunk3.wav]
만두	dumpling	군*만두*|*만두*를 빚다|고기 *만두*	fried dumpling|to make dumplings|meat dumpling	[sound:row1997_chunk1.wav]|[sound:row1997_chunk2.wav]|[sound:row1997_chunk3.wav]
발음하다	to pronounce	정확하게 *발음하다*|이름을 *발음하다*|*발음하기* 어렵다	to pronounce accurately|to pronounce a name|to be hard to pronounce	[sound:row1998_chunk1.wav]|[sound:row1998_chunk2.wav]|[sound:row1998_chunk3.wav]
복습하다	to review	수업을 *복습하다*|매일 *복습하다*|집에서 *복습했다*	to review the lesson|to review every day|reviewed at home	[sound:row1999_chunk1.wav]|[sound:row1999_chunk2.wav]|[sound:row1999_chunk3.wav]
스케이트	skates/skating	*스케이트*를 타다|아이스 *스케이트*|*스케이트* 선수	to skate|ice skates|skater	[sound:row2000_chunk1.wav]|[sound:row2000_chunk2.wav]|[sound:row2000_chunk3.wav]
복습	review	예습과 *복습*|철저한 *복습*|*복습* 시간	preview and review|thorough review|review time	[sound:row2001_chunk1.wav]|[sound:row2001_chunk2.wav]|[sound:row2001_chunk3.wav]
성함	name (honorific)	*성함*이 어떻게 되세요?|*성함*을 적다|*성함*을 여쭈다	what is your name? (honorific)|to write down the name|to ask for a name (honorific)	[sound:row2002_chunk1.wav]|[sound:row2002_chunk2.wav]|[sound:row2002_chunk3.wav]
세탁소	laundry/dry cleaner	*세탁소*에 맡기다|*세탁소* 아저씨|근처 *세탁소*	to leave at the laundry|laundry shop owner|nearby laundry	[sound:row2003_chunk1.wav]|[sound:row2003_chunk2.wav]|[sound:row2003_chunk3.wav]
운동복	sportswear/tracksuit	*운동복*을 입다|편한 *운동복*|*운동복* 차림	to wear sportswear|comfortable tracksuit|dressed in sports clothes	[sound:row2004_chunk1.wav]|[sound:row2004_chunk2.wav]|[sound:row2004_chunk3.wav]
주차하다	to park	지하에 *주차하다*|여기에 *주차해도* 돼요?|차를 *주차하다*	to park in the basement|can I park here?|to park a car	[sound:row2005_chunk1.wav]|[sound:row2005_chunk2.wav]|[sound:row2005_chunk3.wav]
청소기	vacuum cleaner	*청소기*를 돌리다|무선 *청소기*|로봇 *청소기*	to run the vacuum|cordless vacuum|robot vacuum	[sound:row2006_chunk1.wav]|[sound:row2006_chunk2.wav]|[sound:row2006_chunk3.wav]
필통	pencil case	*필통*에 넣다|예쁜 *필통*|*필통*을 열다	to put in a pencil case|pretty pencil case|to open a pencil case	[sound:row2007_chunk1.wav]|[sound:row2007_chunk2.wav]|[sound:row2007_chunk3.wav]
학생증	student ID	*학생증*을 보여주다|*학생증* 사진|*학생증*을 잃어버리다	to show student ID|student ID photo|to lose student ID	[sound:row2008_chunk1.wav]|[sound:row2008_chunk2.wav]|[sound:row2008_chunk3.wav]
공항버스	airport bus	*공항버스* 정류장|*공항버스*를 놓치다|인천 *공항버스*	airport bus stop|to miss the airport bus|Incheon airport bus	[sound:row2009_chunk1.wav]|[sound:row2009_chunk2.wav]|[sound:row2009_chunk3.wav]
메일	email	*메일*을 보내다|*메일*을 확인하다|스팸 *메일*	to send an email|to check email|spam email	[sound:row2010_chunk1.wav]|[sound:row2010_chunk2.wav]|[sound:row2010_chunk3.wav]
빗	comb	*빗*으로 머리를 빗다|나무 *빗*|*빗*을 사다	to comb hair with a comb|wooden comb|to buy a comb	[sound:row2011_chunk1.wav]|[sound:row2011_chunk2.wav]|[sound:row2011_chunk3.wav]
설렁탕	Seolleongtang	*설렁탕* 한 그릇|진한 *설렁탕* 국물|*설렁탕* 전문점	a bowl of Seolleongtang|rich Seolleongtang broth|Seolleongtang specialty shop	[sound:row2012_chunk1.wav]|[sound:row2012_chunk2.wav]|[sound:row2012_chunk3.wav]
까만색	black	*까만색* 구두|*까만색* 머리|*까만색*으로 칠하다	black shoes|black hair|to paint in black	[sound:row2013_chunk1.wav]|[sound:row2013_chunk2.wav]|[sound:row2013_chunk3.wav]
시아버지	father-in-law (for wife)	*시아버지*와 시어머니|친절한 *시아버지*|*시아버지* 댁	father-in-law and mother-in-law|kind father-in-law|father-in-law's house	[sound:row2014_chunk1.wav]|[sound:row2014_chunk2.wav]|[sound:row2014_chunk3.wav]
영상	above zero	*영상* 십 도|*영상* 날씨|온도가 *영상*으로 올라가다	ten degrees above zero|weather above freezing|temperature rises above zero	[sound:row2015_chunk1.wav]|[sound:row2015_chunk2.wav]|[sound:row2015_chunk3.wav]
예매하다	to book in advance	기차표를 *예매하다*|미리 *예매하다*|영화를 *예매했다*	to book a train ticket|to book in advance|booked a movie	[sound:row2016_chunk1.wav]|[sound:row2016_chunk2.wav]|[sound:row2016_chunk3.wav]
억	hundred million	일 *억* 원|*억* 소리가 나다|몇 *억*	one hundred million won|to be a staggering amount|hundreds of millions	[sound:row2017_chunk1.wav]|[sound:row2017_chunk2.wav]|[sound:row2017_chunk3.wav]
갈비탕	short rib soup	뜨거운 *갈비탕*|*갈비탕*을 먹다|고소한 *갈비탕*	hot short rib soup|to eat short rib soup|savory short rib soup	[sound:row2018_chunk1.wav]|[sound:row2018_chunk2.wav]|[sound:row2018_chunk3.wav]
검정색	black	*검정색* 옷|*검정색* 펜|*검정색* 자동차	black clothes|black pen|black car	[sound:row2019_chunk1.wav]|[sound:row2019_chunk2.wav]|[sound:row2019_chunk3.wav]
하얀색	white	*하얀색* 셔츠|*하얀색* 구름|*하얀색* 눈	white shirt|white cloud|white snow	[sound:row2020_chunk1.wav]|[sound:row2020_chunk2.wav]|[sound:row2020_chunk3.wav]
강원도	Gangwon-do	*강원도* 여행|*강원도* 감자|*강원도* 산불	trip to Gangwon-do|Gangwon-do potato|Gangwon-do forest fire	[sound:row2021_chunk1.wav]|[sound:row2021_chunk2.wav]|[sound:row2021_chunk3.wav]
경기도	Gyeonggi-do	*경기도* 주민|*경기도* 외곽|*경기도*에 살다	Gyeonggi-do resident|outskirts of Gyeonggi-do|to live in Gyeonggi-do	[sound:row2022_chunk1.wav]|[sound:row2022_chunk2.wav]|[sound:row2022_chunk3.wav]
경상도	Gyeongsang-do	*경상도* 사투리|*경상도* 음식|*경상도* 지방	Gyeongsang-do dialect|Gyeongsang-do food|Gyeongsang-do region	[sound:row2023_chunk1.wav]|[sound:row2023_chunk2.wav]|[sound:row2023_chunk3.wav]
광주	Gwangju	*광주* 광역시|*광주* 비엔날레|*광주*의 역사	Gwangju Metropolitan City|Gwangju Biennale|history of Gwangju	[sound:row2024_chunk1.wav]|[sound:row2024_chunk2.wav]|[sound:row2024_chunk3.wav]
그렇게	like that/so	*그렇게* 해|*그렇게* 맵지 않아요|*그렇게* 생각하다	do it like that|it's not that spicy|to think so	[sound:row2025_chunk1.wav]|[sound:row2025_chunk2.wav]|[sound:row2025_chunk3.wav]
김포공항	Gimpo Airport	*김포공항* 국내선|*김포공항*에 도착하다|*김포공항*역	Gimpo Airport domestic line|to arrive at Gimpo Airport|Gimpo Airport Station	[sound:row2026_chunk1.wav]|[sound:row2026_chunk2.wav]|[sound:row2026_chunk3.wav]
남산	Namsan	*남산* 타워|*남산* 케이블카|*남산*에 오르다	Namsan Tower|Namsan cable car|to climb Namsan	[sound:row2027_chunk1.wav]|[sound:row2027_chunk2.wav]|[sound:row2027_chunk3.wav]
뉴욕	New York	*뉴욕* 타임스|*뉴욕* 시내|*뉴욕*에 가고 싶다	The New York Times|downtown New York|to want to go to New York	[sound:row2028_chunk1.wav]|[sound:row2028_chunk2.wav]|[sound:row2028_chunk3.wav]
대구	Daegu	*대구* 사과|*대구*의 더위|*대구* 광역시	Daegu apple|the heat of Daegu|Daegu Metropolitan City	[sound:row2029_chunk1.wav]|[sound:row2029_chunk2.wav]|[sound:row2029_chunk3.wav]
대전	Daejeon	*대전* 엑스포|*대전*역|*대전*의 명물	Daejeon Expo|Daejeon Station|Daejeon's famous thing	[sound:row2030_chunk1.wav]|[sound:row2030_chunk2.wav]|[sound:row2030_chunk3.wav]
대한민국	Republic of Korea	*대한민국* 국민|*대한민국* 정부|아름다운 *대한민국*	citizen of the Republic of Korea|Korean government|beautiful Republic of Korea	[sound:row2031_chunk1.wav]|[sound:row2031_chunk2.wav]|[sound:row2031_chunk3.wav]
덕수궁	Deoksugung	*덕수궁* 돌담길|*덕수궁* 관람|*덕수궁* 미술관	Deoksugung stone wall path|visiting Deoksugung|Deoksugung museum	[sound:row2032_chunk1.wav]|[sound:row2032_chunk2.wav]|[sound:row2032_chunk3.wav]
도쿄(동경)	Tokyo	*도쿄* 도심|*도쿄* 타워|*도쿄* 여행	downtown Tokyo|Tokyo Tower|Tokyo trip	[sound:row2033_chunk1.wav]|[sound:row2033_chunk2.wav]|[sound:row2033_chunk3.wav]
동대문	Dongdaemun	*동대문* 근처|*동대문* 역사문화공원|*동대문*을 보다	near Dongdaemun|Dongdaemun History & Culture Park|to see Dongdaemun	[sound:row2034_chunk1.wav]|[sound:row2034_chunk2.wav]|[sound:row2034_chunk3.wav]
동대문시장	Dongdaemun Market	*동대문시장* 쇼핑|*동대문시장* 옷|밤의 *동대문시장*	shopping at Dongdaemun Market|clothes from Dongdaemun Market|Dongdaemun Market at night	[sound:row2035_chunk1.wav]|[sound:row2035_chunk2.wav]|[sound:row2035_chunk3.wav]
런던	London	*런던* 올림픽|*런던* 다리|*런던*의 날씨	London Olympics|London Bridge|London weather	[sound:row2036_chunk1.wav]|[sound:row2036_chunk2.wav]|[sound:row2036_chunk3.wav]
베이징(북경)	Beijing	*베이징* 덕|*베이징* 올림픽|*베이징*의 역사	Beijing duck|Beijing Olympics|history of Beijing	[sound:row2037_chunk1.wav]|[sound:row2037_chunk2.wav]|[sound:row2037_chunk3.wav]
북한	North Korea	*북한* 핵|*북한* 주민|*북한*을 방문하다	North Korean nuclear|North Korean residents|to visit North Korea	[sound:row2038_chunk1.wav]|[sound:row2038_chunk2.wav]|[sound:row2038_chunk3.wav]
아시아	Asia	동*아시아*|*아시아* 대륙|*아시아* 문화	East Asia|Asian continent|Asian culture	[sound:row2039_chunk1.wav]|[sound:row2039_chunk2.wav]|[sound:row2039_chunk3.wav]
아프리카	Africa	*아프리카* 여행|*아프리카* 동물|*아프리카* 대륙	Africa trip|African animals|African continent	[sound:row2040_chunk1.wav]|[sound:row2040_chunk2.wav]|[sound:row2040_chunk3.wav]
울산	Ulsan	*울산* 공업 단지|*울산* 바다|*울산* 광역시	Ulsan industrial complex|Ulsan sea|Ulsan Metropolitan City	[sound:row2041_chunk1.wav]|[sound:row2041_chunk2.wav]|[sound:row2041_chunk3.wav]
유럽	Europe	*유럽* 여행|동*유럽*|*유럽* 연합	Europe trip|Eastern Europe|European Union	[sound:row2042_chunk1.wav]|[sound:row2042_chunk2.wav]|[sound:row2042_chunk3.wav]
이렇게	like this/in this way	*이렇게* 해봐|*이렇게* 추운 날|*이렇게* 예쁘다니	try doing it like this|such a cold day like this|to be this pretty	[sound:row2043_chunk1.wav]|[sound:row2043_chunk2.wav]|[sound:row2043_chunk3.wav]
인천공항	Incheon Airport	*인천공항* 면세점|*인천공항* 제2터미널|*인천공항* 버스	Incheon Airport duty-free shop|Incheon Airport Terminal 2|Incheon Airport bus	[sound:row2044_chunk1.wav]|[sound:row2044_chunk2.wav]|[sound:row2044_chunk3.wav]
저렇게	like that/in that way	*저렇게* 멀리|*저렇게* 하지 마|*저렇게* 생기다	so far away like that|don't do it like that|to look like that	[sound:row2045_chunk1.wav]|[sound:row2045_chunk2.wav]|[sound:row2045_chunk3.wav]
전라도	Jeolla-do	*전라도* 음식|*전라도* 사투리|*전라도* 지방	Jeolla-do food|Jeolla-do dialect|Jeolla-do region	[sound:row2046_chunk1.wav]|[sound:row2046_chunk2.wav]|[sound:row2046_chunk3.wav]
종로	Jongno	*종로* 삼가|*종로* 거리|*종로*에 가다	Jongno 3-ga|Jongno street|to go to Jongno	[sound:row2047_chunk1.wav]|[sound:row2047_chunk2.wav]|[sound:row2047_chunk3.wav]
충청도	Chungcheong-do	*충청도* 인심|*충청도* 양반|*충청도* 말씨	Chungcheong-do hospitality|Chungcheong-do gentleman|Chungcheong-do accent	[sound:row2048_chunk1.wav]|[sound:row2048_chunk2.wav]|[sound:row2048_chunk3.wav]
파리	Paris	*파리*의 연인|*파리* 에펠탑|*파리* 패션 위크	Lovers in Paris|Paris Eiffel Tower|Paris Fashion Week	[sound:row2049_chunk1.wav]|[sound:row2049_chunk2.wav]|[sound:row2049_chunk3.wav]
한라산	Hallasan	*한라산* 등반|제주도 *한라산*|*한라산* 백록담	climbing Hallasan|Hallasan on Jeju Island|Baengnokdam of Hallasan	[sound:row2050_chunk1.wav]|[sound:row2050_chunk2.wav]|[sound:row2050_chunk3.wav]
그녀	she/her	*그녀*의 목소리|*그녀*를 사랑하다|*그녀*는 학생이다	her voice|to love her|she is a student	[sound:row2051_chunk1.wav]|[sound:row2051_chunk2.wav]|[sound:row2051_chunk3.wav]
그러다	to do so	자꾸 *그러면* 안 돼|왜 *그러니*?|나도 *그럴* 생각이었다	you shouldn't keep doing that|why are you doing that?|I was planning to do so too	[sound:row2052_chunk1.wav]|[sound:row2052_chunk2.wav]|[sound:row2052_chunk3.wav]
정부	government	*정부* 기관|*정부*의 발표|지방 *정부*	government agency|government's announcement|local government	[sound:row2053_chunk1.wav]|[sound:row2053_chunk2.wav]|[sound:row2053_chunk3.wav]
새롭다	to be new	*새로운* 시작|기분이 *새롭다*|*새롭게* 태어나다	new beginning|to feel refreshed|to be born anew	[sound:row2054_chunk1.wav]|[sound:row2054_chunk2.wav]|[sound:row2054_chunk3.wav]
과정	process/course	제작 *과정*|교육 *과정*|복잡한 *과정*	production process|educational curriculum|complex process	[sound:row2055_chunk1.wav]|[sound:row2055_chunk2.wav]|[sound:row2055_chunk3.wav]
삶	life	행복한 *삶*|우리의 *삶*|*삶*의 지혜	happy life|our lives|wisdom of life	[sound:row2056_chunk1.wav]|[sound:row2056_chunk2.wav]|[sound:row2056_chunk3.wav]
생명	life	*생명* 보험|*생명*을 구하다|소중한 *생명*	life insurance|to save a life|precious life	[sound:row2057_chunk1.wav]|[sound:row2057_chunk2.wav]|[sound:row2057_chunk3.wav]
