|1|것01|의||A|thing|좋은 *것*|good thing|먹을 *것*|something to eat|내 *것*|my thing
|2|하다01|동||A|to do|공부를 *하다*|to study|운동을 *하다*|to exercise|말을 *하다*|to speak
|3|있다01|보||A|to be (progressive)|앉아 *있다*|to be sitting|살아 *있다*|to be alive|깨어 *있다*|to be awake
|4|있다01|형||A|to have/exist|돈이 *있다*|to have money|집에 *있다*|to be at home|재미가 *있다*|to be interesting
|5|되다01|동|어른이 ~|A|to become|어른이 *되다*|to become an adult|선생님이 *되다*|to become a teacher|다 *됐다*|it is all done
|6|수02|의|방법|A|ability/way|할 *수* 있다|can do|갈 *수* 없다|cannot go|그럴 *수*도 있다|it could be so
|7|하다01|보||A|to do (auxiliary)|깨끗하게 *하다*|to make clean|공부를 *하게* 하다|to make someone study|따뜻하게 *하다*|to make warm
|8|나03|대||A|I (informal)|*나*는 학생이다|I am a student|*나*의 가방|my bag|*나*랑 놀자|play with me
|9|그01|관||A|that|*그* 사람|that person|*그* 책|that book|*그* 일|that matter
|10|없다01|형||A|to not have/exist|시간이 *없다*|to not have time|집에 *없다*|to not be at home|자신이 *없다*|to lack confidence
|11|않다|보||A|to not do|가지 *않다*|to not go|먹지 *않았다*|did not eat|보지 *않다*|to not see
|12|사람|명||A|person|좋은 *사람*|good person|한국 *사람*|Korean person|많은 *사람*|many people
|13|우리03|대||A|we/our|*우리* 나라|our country|*우리* 엄마|my/our mom|*우리* 집|our house
|14|이05|관||A|this|*이* 사과|this apple|*이* 근처|near here|*이* 영화|this movie
|15|그01|대||A|he/that|*그*도 왔다|he came too|*그*를 믿다|to believe him|*그*의 이름|his name
|16|아니다|형||A|to not be|학생이 *아니다*|to not be a student|사실이 *아니다*|to not be true|꿈이 *아니야*|it's not a dream
|17|보다01|동||A|to see|영화를 *보다*|to watch a movie|책을 *보다*|to read a book|친구를 *보다*|to see a friend
|19|때01|명|시간|A|time/when|어릴 *때*|when young|점심 *때*|at lunchtime|그럴 *때*|at times like that
|20|거01|의|것|A|thing (shortened)|내 *거*야|it's mine|맛있는 *거*|something delicious|할 *거*예요|I will do it
|21|보다01|보||A|to try (doing)|먹어 *보다*|to try eating|입어 *보다*|to try on (clothes)|가 *봤다*|have been there
|22|같다|형||A|to be like/same|친구 *같다*|to be like a friend|우리 집 *같다*|to be like my house|생각과 *같다*|to be as thought
|23|주다01|보||A|to do for (someone)|도와 *주다*|to help out|빌려 *주다*|to lend|알려 *주세요*|please let me know
|25|가다01|동||A|to go|학교에 *가다*|to go to school|집에 *갔다*|went home|멀리 *가다*|to go far
|26|년02|의|年|A|year|이 *년* 동안|for two years|일 *년* 뒤|one year later|매 *년*|every year
|27|한01|관||A|one/single|*한* 번|once|*한* 사람|one person|*한* 시간|one hour
|28|말01|명|~과 글|A|speech/language|한국 *말*|Korean language|*말*을 듣다|to listen|*말*이 통하다|to understand each other
|29|일01|명||A|work/matter|*일*을 하다|to do work|무슨 *일*?|what matter?|잘된 *일*|a good thing
|30|이05|대||A|this (thing)|*이*게 뭐야?|what is this?|*이*를 어쩌나|what should I do|*이*쪽으로 오세요|come this way
|31|때문|의||A|because of|비 *때문에*|because of rain|너 *때문이다*|it's because of you|돈 *때문에*|due to money
|32|말하다|동||A|to speak|솔직히 *말하다*|to speak honestly|영어로 *말하다*|to speak in English|크게 *말해*|speak loudly
31|34|그러나|부||A|but/however|*그러나* 사실은|but the truth is|*그러나* 이미 늦었다|but it's already late|어렵다. *그러나* 해보자|it's hard. but let's try
|35|오다01|동||A|to come|집에 *오다*|to come home|학교에 *왔어*|came to school|빨리 *오세요*|please come quickly
|36|알다|동||A|to know|이름을 *알다*|to know the name|잘 *알아요*|I know well|다 *알다*|to know everything
|37|씨07|의|氏|A|Mr./Ms.|철수 *씨*|Mr. Cheolsu|김 선생님 *씨*|Mr. Kim|그 *씨*|that person
|38|그렇다|형||A|to be so|*그럴* 수도 있다|it could be so|정말 *그래요*?|is it really so?|*그렇게* 하자|let's do that
|39|크다01|형||A|to be big|키가 *크다*|to be tall|소리가 *크다*|the sound is loud|집이 *커요*|the house is big
|40|또|부||A|again/also|*또* 만나요|see you again|*또* 시작이다|here we go again|*또* 다른 이유|yet another reason
|41|일07|의|하루|A|day|삼 *일* 동안|for three days|십 *일* 후|ten days later|며칠 *일*?|which day?
|43|많다|형||A|to be many/much|사람이 *많다*|many people|돈이 *많아요*|have much money|경험이 *많은*|with much experience
|44|안02|부|아니|A|not|*안* 먹어요|I don't eat|*안* 가요|I'm not going|*안* 좋아하다|to not like
|45|좋다01|형||A|to be good|날씨가 *좋다*|weather is good|기분이 *좋아*|to feel good|*좋은* 생각|good idea
|46|더01|부||A|more|*더* 주세요|please give me more|조금 *더*|a little more|*더* 높게|higher
|47|받다01|동|선물을 ~|A|to receive|선물을 *받다*|to receive a gift|칭찬을 *받다*|to be praised|전화를 *받다*|to answer the phone
|48|그것|대||A|that thing|*그것*은 비밀이다|that is a secret|*그것*을 보여줘|show me that|*그것* 참 좋네|that's really good
|49|집01|명||A|house/home|우리 *집*|my house|*집*에 가다|to go home|큰 *집*|big house
|50|나오다|동||A|to come out|밖으로 *나오다*|to come outside|결과가 *나왔다*|results came out|TV에 *나오다*|to appear on TV
|52|그리고|부||A|and|*그리고* 또|and also|빵 *그리고* 우유|bread and milk|*그리고* 나서|and then
|53|문제06|명|問題|A|problem/question|시험 *문제*|exam question|*문제*가 생기다|a problem arises|어려운 *문제*|difficult problem
|55|살다01|동||A|to live|서울에 *살다*|to live in Seoul|오래 *살다*|to live long|행복하게 *살다*|to live happily
|56|저03|대|일인칭 대명사|A|I (polite)|*저*는 학생입니다|I am a student|*제* 이름은|my name is|*저*도 가요|I am going too
|57|못하다|보||A|cannot|하지 *못하다*|to be unable to do|가지 *못했다*|couldn't go|말을 *못하다*|to be unable to speak
|58|생각하다|동||A|to think|깊이 *생각하다*|to think deeply|그렇게 *생각해요*|I think so|다시 *생각하다*|to think again
|59|모르다|동||A|to not know|잘 *모르다*|to not know well|아무것도 *모르다*|to know nothing|이유를 *모르겠어요*|I don't know the reason
|60|속01|명||A|inside|마음 *속*|inside one's heart|가방 *속*|inside the bag|물 *속*|underwater
|61|만들다|동||A|to make|음식을 *만들다*|to make food|친구를 *만들다*|to make friends|인형을 *만들었다*|made a doll
|63|두01|관||A|two|*두* 사람|two people|*두* 시간|two hours|*두* 명|two persons (count)
|64|앞|명||A|front|학교 *앞*|in front of school|*앞*으로 가다|to go forward|*앞* 모습|front view
|67|어떤|관||A|what kind of/which|*어떤* 사람?|what kind of person?|*어떤* 음식?|what kind of food?|*어떤* 것?|which one?
|68|잘02|부||A|well|*잘* 했어요|well done|*잘* 먹겠습니다|I will eat well|*잘* 자요|sleep well
|70|먹다02|동|밥을 ~|A|to eat|밥을 *먹다*|to eat rice/meal|많이 *먹어*|eat a lot|약도 *먹었다*|took medicine too
|71|오다01|보||A|to keep (doing)|해 *오다*|to have been doing|비가 *오다*|rain comes (raining)|다 *왔다*|we're almost there
|74|원01|의|화폐 단위|A|Won (currency)|천 *원*|one thousand won|백 *원*|one hundred won|오만 *원*|fifty thousand won
|75|생각01|명||A|thought|좋은 *생각*|good idea|*생각*이 나다|to remember|내 *생각*에는|in my opinion
|76|어떻다|형||A|to be how|기분이 *어때요*?|how do you feel?|맛이 *어떻다*|how the taste is|*어떻게* 가요?|how do I go?
|77|명03|의|名. 한 ~|A|person (counter)|세 *명*|three people|몇 *명*?|how many people?|한 *명*씩|one person at a time
|81|다시01|부||A|again|*다시* 말하다|to say again|*다시* 시도하다|to try again|*다시* 오다|to come back
|82|다른|관||A|other/different|*다른* 사람|other person|*다른* 길|another way|*다른* 것|something else
68|83|이런01|관||A|this kind of|*이런* 일|this kind of matter|*이런* 사람|this kind of person|*이런* 기회|this kind of opportunity
|84|여자02|명|女子|A|woman/female|젊은 *여자*|young woman|*여자* 친구|girlfriend|*여자* 옷|women's clothes
|85|개10|의|개|A|item (counter)|사과 세 *개*|three apples|한 *개* 더|one more item|몇 *개* 있어요?|how many items are there?
|87|뒤01|명||A|behind/back|건물 *뒤*|behind the building|*뒤*를 보다|to look back|삼 년 *뒤*|three years later
|88|듣다01|동|소리를 ~|A|to listen/hear|음악을 *듣다*|to listen to music|말을 *듣다*|to listen to advice|소리를 *들었다*|heard a sound
|89|다03|부||A|all/everything|*다* 했어요|did it all|*다* 먹다|to eat everything|*다* 왔다|arrived completely
|90|좀02|부|조금|A|a little|*좀* 비싸요|it's a little expensive|*좀* 도와주세요|please help a little|*좀* 쉬다|to rest a bit
|91|들다01|동|여관에 ~|A|to enter/join|마음에 *들다*|to like (enter heart)|잠이 *들다*|to fall asleep|보험에 *들다*|to get insurance
|92|싶다|보||A|to want to|가고 *싶다*|to want to go|보고 *싶어*|I miss you|먹고 *싶다*|to want to eat
|94|가지다|동||A|to have/take|가방을 *가지다*|to have a bag|용기를 *가지다*|to have courage|물건을 *가지러*|to go get things
78|95|함께|부||A|together|가족과 *함께*|together with family|*함께* 가다|to go together|우리 *함께*|we together
|96|아이01|명||A|child/kid|어린 *아이*|young child|*아이*를 키우다|to raise a child|착한 *아이*|good child
|98|많이|부||A|a lot/much|*많이* 드세요|please eat a lot|*많이* 아파요?|does it hurt a lot?|사람이 *많이* 오다|many people come
|99|시간04|명|時間|A|time|*시간*이 없다|no time|점심 *시간*|lunch time|약속 *시간*|appointment time
|100|너01|대||A|you (informal)|*너*는 누구니?|who are you?|*너*의 이름|your name|*너*랑 나|you and I
|101|주다01|동||A|to give|물을 *주다*|to give water|돈을 *주다*|to give money|선물을 *주었다*|gave a gift
84|104|나다01|동||A|to occur/arise|생각이 *나다*|to remember|불이 *나다*|a fire breaks out|냄새가 *나다*|to smell
|105|이렇다|형||A|to be like this|*이렇게* 하세요|do it like this|상황이 *이렇다*|the situation is like this|정말 *이래요*|it's really like this
|106|어머니01|명||A|mother|우리 *어머니*|my mother|*어머니*의 손|mother's hand|친절한 *어머니*|kind mother
|107|눈01|명|신체의 일부|A|eye|*눈*이 크다|to have big eyes|*눈*을 감다|to close eyes|*눈*이 높다|to have high standards
|108|뭐|대||A|what|이게 *뭐*야?|what is this?|*뭐* 먹을래?|what do you want to eat?|*뭐*라고 했어?|what did you say?
|112|다음01|명||A|next|*다음* 시간|next time|*다음* 정거장|next stop|그 *다음*에|after that
|114|누구|대||A|who|*누구*세요?|who are you?|*누구*랑 갔어?|who did you go with?|*누구*의 책?|whose book?
|115|전08|명|前|A|before/ago|식사 *전*|before a meal|삼 년 *전*|three years ago|잠자기 *전*|before sleeping
|116|곳01|명||A|place|좋은 *곳*|good place|가고 싶은 *곳*|place I want to go|여러 *곳*|several places
93|117|여러|관||A|several/various|*여러* 나라|several countries|*여러* 번|several times|*여러* 가지|various kinds
|118|안01|명|집 ~|A|inside|집 *안*|inside the house|가방 *안*|inside the bag|건물 *안*|inside the building
|119|하나|수||A|one|사과 *하나*|one apple|*하나*만 주세요|give me only one|*하나*부터 열까지|from A to Z
96|121|버리다01|보||A|to end up (doing)|잊어 *버리다*|to completely forget|먹어 *버렸다*|ended up eating it|잃어 *버리다*|to lose (something)
|122|위01|명|~아래|A|above/top|책상 *위*|on the desk|머리 *위*|above the head|산 *위*|top of the mountain
|123|운동02|명|運動|A|exercise/sports|매일 *운동*|daily exercise|*운동*을 하다|to exercise|*운동* 선수|athlete
|124|퍼센트|의|percent|A|percent|백 *퍼센트*|one hundred percent|오십 *퍼센트*|fifty percent|몇 *퍼센트*?|what percent?
|125|학교|명|學校|A|school|*학교*에 가다|to go to school|우리 *학교*|our school|*학교* 생활|school life
101|127|가장01|부||A|most|*가장* 빠르다|to be the fastest|*가장* 좋아하다|to like the most|*가장* 큰 문제|the biggest problem
|130|들다04|동|꽃을 ~|A|to hold/lift|손을 *들다*|to raise one's hand|가방을 *들다*|to carry a bag|고개를 *들다*|to lift one's head
|131|시작하다01|동|始作-|A|to start|공부를 *시작하다*|to start studying|수업이 *시작했다*|class started|이제 *시작하자*|let's start now
|132|바로02|부||A|immediately/rightly|*바로* 출발하다|to depart immediately|*바로* 그 사람|exactly that person|*바로* 잡다|to correct/fix
|133|어느01|관||A|which/some|*어느* 나라 사람?|person from which country?|*어느* 날|one day|*어느* 쪽이에요?|which way is it?
|134|그래서|부||A|so/therefore|*그래서* 늦었어요|so I was late|*그래서* 어쨌어?|so what happened?|비가 왔다. *그래서* 집에 있었다|It rained. So I stayed home.
|135|무엇|대||A|what|*무엇*을 할까?|what shall we do?|이름이 *무엇*입니까?|what is your name?|*무엇*보다 중요하다|it's more important than anything
|137|모든|관||A|all/every|*모든* 사람|every person|*모든* 준비|all preparations|*모든* 것이 좋다|everything is good
|138|번04|의|番|A|time/turn|한 *번* 더|one more time|여러 *번*|several times|첫 *번째*|the first time
|139|그거|대||A|that thing|*그거* 알아?|do you know that?|*그거* 주세요|please give me that|*그거* 참 예쁘다|that is really pretty
|140|돈01|명||A|money|*돈*을 벌다|to earn money|*돈*이 많다|to have much money|*돈*을 쓰다|to spend money
|142|그런데|부||A|but/by the way|*그런데* 말이야|but you see|*그런데* 누구세요?|but who are you?|맛있다. *그런데* 비싸다|It's delicious. But it's expensive.
|143|날01|명|어느 ~|A|day|좋은 *날*|a good day|쉬는 *날*|a day off|어느 *날* 갑자기|one day suddenly
|144|여기01|대||A|here|*여기* 앉으세요|sit here|*여기* 있어요|it's here|*여기*가 어디예요?|where is this place?
|145|모두01|부||A|all/everyone|*모두* 모이다|everyone gather|*모두* 끝났다|all finished|*모두* 얼마예요?|how much is it in total?
|147|친구02|명|親舊|A|friend|친한 *친구*|close friend|*친구*를 만나다|to meet a friend|남자 *친구*|boyfriend
|148|마음01|명||A|heart/mind|*마음*에 들다|to like something|*마음*이 아프다|to be heartbroken|*마음*을 먹다|to make up one's mind
|149|후08|명|後|A|after|식사 *후*|after a meal|한 시간 *후*|one hour later|퇴근 *후*에|after work
|150|가다01|보||A|to keep doing/progress|변해 *가다*|to keep changing|늙어 *가다*|to be getting older|해가 저물어 *간다*|the sun is setting
|151|놓다01|보||A|to do ahead/for later|열어 *놓다*|to leave open|준비해 *놓다*|to have prepared|써 *놓은* 글|a writing written in advance
|153|아버지|명||A|father|우리 *아버지*|my father|*아버지*를 닮다|to look like father|*아버지*의 함자|father's name
|154|남자02|명|男子|A|man/male|젊은 *남자*|young man|*남자*답다|to be manly|멋진 *남자*|cool guy
|155|어디01|대||A|where|*어디* 가요?|where are you going?|*어디*에 있어요?|where is it?|*어디* 보자|let's see
|156|몸01|명||A|body|*몸*이 약하다|to have a weak body|*몸*을 챙기다|to take care of one's health|*몸* 상태|body condition
|157|얼굴01|명||A|face|*얼굴*이 예쁘다|to have a pretty face|*얼굴*을 씻다|to wash one's face|모르는 *얼굴*|an unfamiliar face
|158|들어가다01|동||A|to enter|방에 *들어가다*|to enter the room|학교에 *들어갔다*|started school|안으로 *들어가세요*|please go inside
|159|왜02|부||A|why|*왜* 울어?|why are you crying?|*왜* 그랬어?|why did you do that?|이유가 *왜*?|what's the reason?
|161|말다03|보||A|to stop/not do|걱정하지 *마세요*|don't worry|가지 *말자*|let's not go|잊지 *말아줘*|please don't forget
|163|다르다01|형||A|to be different|성격이 *다르다*|to have different personalities|예전과 *다르다*|to be different from before|*다른* 점|different point
|165|물01|명|바닷~|A|water|*물*을 마시다|to drink water|*물*에 빠지다|to fall into water|시원한 *물*|cool water
|166|만나다|동||A|to meet|친구를 *만나다*|to meet a friend|우연히 *만났다*|met by chance|사람을 *만나다*|to meet people
132|167|내다02|동|길을 ~|A|to make/produce|소리를 *내다*|to make a sound|시간을 *내다*|to make time|길을 *내다*|to clear a path
|169|쓰다01|동|글씨를 ~|A|to write|이름을 *쓰다*|to write a name|편지를 *썼다*|wrote a letter|글씨를 *쓰다*|to write characters
|170|이것|대||A|this thing|*이것* 좀 봐|look at this|*이것*은 얼마예요?|how much is this?|*이것* 말고|not this one
|172|이번01|명|-番|A|this time|*이번* 주|this week|*이번* 시험|this exam|*이번* 기회|this opportunity
|173|길01|명|도로|A|road/path|*길*을 잃다|to get lost|*길*을 건너다|to cross the road|좁은 *길*|narrow path
|174|생활|명|生活|A|life/living|학교 *생활*|school life|*생활*비|living expenses|*생활*이 어렵다|life is difficult
|175|쓰다03|동|약을 ~|A|to use|컴퓨터를 *쓰다*|to use a computer|돈을 *쓰다*|to spend money|힘을 *쓰다*|to use strength
|176|지금03|명|只今|A|now/the present|*지금*부터|from now on|*지금* 이 순간|this moment now|*지금*까지|until now
140|178|사이01|명||A|between/relationship|친구 *사이*|between friends|건물 *사이*|between buildings|둘 *사이*가 좋다|they have a good relationship
|181|우리나라|명||A|our country (Korea)|*우리나라* 역사|our country's history|*우리나라* 사람|person of our country|*우리나라*를 사랑하다|to love our country
142|182|내다02|보|참아 ~|A|to manage to do|끝내 *내다*|to finish off|이겨 *내다*|to overcome|참아 *냈다*|managed to endure
|183|앉다|동||A|to sit|의자에 *앉다*|to sit on a chair|자리에 *앉으세요*|please take a seat|옆에 *앉다*|to sit next to
|184|처음|명||A|first/beginning|*처음* 뵙겠습니다|pleased to meet you (first time)|*처음* 사랑|first love|*처음*부터 다시|again from the beginning
|185|손01|명|신체의 일부|A|hand|*손*을 씻다|to wash hands|*손*을 잡다|to hold hands|*손*이 크다|to be generous (big hand)
|186|몇|관||A|some/how many|*몇* 시예요?|what time is it?|*몇* 명?|how many people?|*몇* 일 뒤|a few days later
|187|그때|명||A|then/at that time|*그때* 그 사람|that person at that time|*그때*가 좋았다|those were the good days|*그때* 알았다|found out then
|191|찾다|동||A|to find/seek|길을 *찾다*|to find a way|친구를 *찾다*|to look for a friend|돈을 *찾다*|to withdraw money
|193|시10|의|時|A|o'clock/hour|한 *시*|one o'clock|몇 *시*예요?|what time is it?|두 *시* 삼십 분|2:30
|195|지금03|부|只今|A|now|*지금* 가요|I'm going now|*지금* 바로|right now|*지금* 뭐 해?|what are you doing now?
|196|나가다|동||A|to go out|밖으로 *나가다*|to go outside|대회에 *나가다*|to enter a contest|집을 *나갔다*|left home
|197|이야기|명||A|story/talk|재미있는 *이야기*|interesting story|*이야기*를 나누다|to have a talk|어릴 적 *이야기*|childhood story
|199|사다|동||A|to buy|책을 *사다*|to buy a book|물건을 *샀다*|bought an item|비싸게 *사다*|to buy at a high price
|201|아직01|부||A|yet/still|*아직* 안 왔다|hasn't come yet|*아직* 자요?|are you still sleeping?|*아직* 멀었다|still a long way to go
|202|잡다01|동||A|to catch/hold|기회를 *잡다*|to grab an opportunity|손을 *잡다*|to hold hands|도둑을 *잡다*|to catch a thief
|203|같이|부||A|together/like|나랑 *같이* 가|go together with me|*같이* 먹자|let's eat together|가족과 *같이*|like family
|204|선생님|명|先生-|A|teacher|한국어 *선생님*|Korean teacher|*선생님*의 말씀|teacher's words|김 *선생님*|Mr. Kim
|206|서다01|동||A|to stand|길에 *서다*|to stand on the street|줄을 *서다*|to stand in line|자리에 *서다*|to stand in one's place
|207|못04|부||A|cannot|*못* 가요|I can't go|*못* 먹다|to be unable to eat|*못* 하다|to be bad at
160|208|역사04|명|歷史|A|history|한국의 *역사*|history of Korea|오랜 *역사*|long history|*역사*를 배우다|to learn history
|209|읽다|동||A|to read|책을 *읽다*|to read a book|신문을 *읽었다*|read the newspaper|크게 *읽으세요*|read loudly
162|210|이제01|부||A|now|*이제* 그만|stop now|*이제* 다 됐다|it's all done now|*이제* 어디 가?|where are you going now?
|213|물론01|부|勿論|A|of course|*물론*이지|of course it is|*물론* 가능하다|certainly possible|*물론* 알고 있다|know it of course
|214|동안01|명|시간의 길이|A|during/for|방학 *동안*|during vacation|며칠 *동안*|for several days|한 시간 *동안*|for an hour
|215|책01|명|冊|A|book|*책*을 읽다|to read a book|재미있는 *책*|interesting book|*책*을 빌리다|to borrow a book
|216|일어나다|동||A|to wake up/happen|아침에 *일어나다*|to wake up in the morning|사건이 *일어났다*|an incident happened|자리에서 *일어나다*|to stand up from a seat
|218|시장04|명|市場|A|market|*시장*에 가다|to go to the market|전통 *시장*|traditional market|*시장*에서 장보다|to shop at the market
|219|넣다|동||A|to put in|가방에 *넣다*|to put in a bag|설탕을 *넣다*|to add sugar|주머니에 *넣었다*|put in a pocket
|220|중요하다02|형|重要-|A|to be important|*중요한* 약속|important appointment|가장 *중요하다*|to be most important|건강이 *중요해*|health is important
|221|무슨|관||A|what/what kind of|*무슨* 일이야?|what's the matter?|*무슨* 색?|what color?|*무슨* 뜻이에요?|what does it mean?
|223|어렵다|형||A|to be difficult|시험이 *어렵다*|the exam is hard|*어려운* 문제|difficult problem|생활이 *어렵다*|life is tough
|224|힘01|명||A|strength/power|*힘*이 세다|to be strong|*힘*을 내다|to cheer up/gain strength|*힘*이 없다|to have no energy
|225|너무01|부||A|too/so much|*너무* 비싸요|it's too expensive|*너무* 좋다|it's so good|*너무* 많이 먹다|to eat too much
|226|나라01|명||A|country|우리 *나라*|our country|외국 *나라*|foreign country|*나라*를 지키다|to protect the country
|227|부르다01|동|이름을 ~|A|to call/sing|이름을 *부르다*|to call a name|노래를 *부르다*|to sing a song|택시를 *부르자*|let's call a taxi
|229|자리01|명|~가 없다|A|seat/spot|빈 *자리*|empty seat|*자리*에 앉다|to sit in a seat|*자리*가 없다|no seats available
|231|죽다01|동|굶어 ~|A|to die|갑자기 *죽다*|to die suddenly|배고파 *죽겠다*|I'm starving to death|*죽은* 사람|dead person
|233|쪽05|의|방향|A|side/direction|오른 *쪽*|right side|어느 *쪽*?|which side?|반대 *쪽*|opposite side
|237|얘기|명|이야기|A|talk/story|*얘기*를 듣다|to listen to a story|어제 한 *얘기*|the talk we had yesterday|재미있는 *얘기*|funny story
|238|학생|명|學生|A|student|초등 *학생*|elementary student|*학생*증|student ID|공부하는 *학생*|student who studies
|240|엄마|명||A|mom|우리 *엄마*|my mom|*엄마* 보고 싶어|I miss mom|*엄마* 손|mom's hand
|241|이름|명||A|name|내 *이름*|my name|*이름*을 적다|to write down a name|*이름*이 뭐예요?|what is your name?
|242|하나|명||A|one (thing)|그중 *하나*|one of them|*하나*뿐인|the only one|*하나*가 되다|to become one
184|243|내리다01|동|눈이 ~|A|to fall/get off|비가 *내리다*|it's raining|버스에서 *내리다*|to get off the bus|값이 *내렸다*|the price fell
|246|쉽다|형||A|to be easy|문제가 *쉽다*|the question is easy|*쉬운* 길|easy path|*쉽게* 설명하다|to explain easily
|251|필요하다|형|必要-|A|to be necessary|돈이 *필요하다*|to need money|*필요한* 물건|necessary item|도움이 *필요해*|I need help
|253|생기다|동||A|to occur/look like|일이 *생기다*|something happened|잘 *생겼다*|to be handsome|돈이 *생겼어*|got some money
|254|사용하다03|동|使用-|A|to use|방을 *사용하다*|to use a room|*사용하는* 방법|how to use|카드를 *사용하다*|to use a card
|255|남편01|명|男便|A|husband|친구의 *남편*|friend's husband|*남편*과 아내|husband and wife|내 *남편*|my husband
|256|들어오다|동||A|to come in|집에 *들어오다*|to come home|안으로 *들어오세요*|please come inside|돈이 *들어오다*|money comes in
|257|밖|명||A|outside|문 *밖*|outside the door|*밖*으로 나가다|to go outside|*밖*에 비 와요|it's raining outside
|259|작다01|형||A|to be small|소리가 *작다*|sound is small|*작은* 방|small room|키가 *작아요*|to be short (height)
|260|타다02|동|버스에 ~|A|to ride|버스를 *타다*|to ride a bus|자전거를 *타다*|to ride a bicycle|지하철을 *탔다*|took the subway
|261|대학01|명|大學|A|university|*대학*에 가다|to go to university|*대학*생|university student|*대학* 졸업|university graduation
|264|가운데|명||A|middle/center|방 *가운데*|middle of the room|셋 *가운데*|among the three|*가운데* 손가락|middle finger
|265|보내다|동||A|to send/spend|편지를 *보내다*|to send a letter|시간을 *보내다*|to spend time|택배를 *보냈다*|sent a parcel
|274|아주01|부||A|very/completely|*아주* 많다|very many|*아주* 멀다|very far|*아주* 가 버렸다|gone for good
|276|밤01|명|어두운 때|A|night|늦은 *밤*|late night|어제 *밤*|last night|*밤*을 새우다|to stay up all night
|277|높다|형||A|to be high/tall|산이 *높다*|mountain is high|점수가 *높다*|score is high|목소리가 *높아요*|voice is loud/high
|282|컴퓨터|명|computer|A|computer|*컴퓨터*를 켜다|to turn on the computer|*컴퓨터* 게임|computer game|*컴퓨터*로 일하다|to work with a computer
|283|먼저|부||A|firstly/ahead|*먼저* 가세요|please go ahead|*먼저* 시작하다|to start first|무엇보다 *먼저*|before anything else
|284|다니다|동||A|to attend/go around|학교에 *다니다*|to attend school|회사를 *다니고* 있어요|I am working at a company|여기저기 *다니다*|to go here and there
|285|얼마나|부||A|how much/many|*얼마나* 기다렸어요?|how long did you wait?|값이 *얼마나* 해요?|how much is the price?|*얼마나* 예쁜지 몰라요|you don't know how pretty it is
|287|열다02|동|문을 ~|A|to open|문을 *열다*|to open the door|창문을 *열어* 줘|open the window for me|마음을 *열다*|to open one's heart
|288|머리01|명||A|head/hair|*머리*가 아프다|to have a headache|*머리*를 자르다|to get a haircut|*머리*가 좋다|to be smart
206|289|묻다03|동|길을 ~|A|to ask|길을 *묻다*|to ask for directions|선생님께 *물어보자*|let's ask the teacher|이름을 *물었다*|asked the name
|293|거기01|대||A|there|*거기* 누구 없어요?|is anyone there?|*거기* 앉으세요|sit there|*거기*가 어디예요?|where is that place?
|295|아들|명||A|son|하나뿐인 *아들*|only son|*아들*을 낳다|to give birth to a son|착한 *아들*|good son
|297|아02|감||A|oh/ah|*아*, 그렇군요|oh, I see|*아*, 깜빡했다|ah, I forgot|*아*, 다행이다|oh, what a relief
|298|기다리다|동||A|to wait|친구를 *기다리다*|to wait for a friend|조금만 *기다려*|wait just a bit|오래 *기다렸어요*|I waited a long time
|302|분08|의|10시 20~|A|minute|십 *분* 뒤|ten minutes later|오 *분*만 더|just five more minutes|이십 *분* 걸려요|it takes 20 minutes
|307|곧01|부||A|soon/shortly|*곧* 도착해요|arriving soon|*곧* 시작합니다|starting shortly|*곧* 돌아올게|I'll be back soon
|310|오늘|명||A|today|*오늘* 날씨|today's weather|*오늘*은 여기까지|that's it for today|*오늘*이 생일이에요|today is the birthday
214|311|서로01|부||A|each other|*서로* 돕다|to help each other|*서로* 사랑하다|to love each other|*서로* 다른 생각|different thoughts from each other
|314|이거01|대||A|this (thing)|*이거* 얼마예요?|how much is this?|*이거* 먹어 봐|try eating this|*이거* 진짜 좋아|this is really good
|318|방07|명|房|A|room|내 *방*|my room|*방*을 치우다|to clean the room|빈 *방*|empty room
|323|아침|명||A|morning/breakfast|*아침* 일찍|early morning|*아침*을 먹다|to eat breakfast|내일 *아침*|tomorrow morning
|324|웃다|동||A|to laugh/smile|환하게 *웃다*|to smile brightly|보고 *웃었다*|saw and laughed|소리 내어 *웃다*|to laugh out loud
219|327|떠나다|동||A|to leave|여행을 *떠나다*|to go on a trip (leave for travel)|고향을 *떠나다*|to leave one's hometown|멀리 *떠났다*|left for a far place
|330|그래01|감||A|yes/okay (informal)|*그래*, 알았어|okay, I got it|*그래*서?|and so?|*그래*도 좋아|it's still good
|332|아름답다|형||A|to be beautiful|*아름다운* 풍경|beautiful scenery|목소리가 *아름답다*|voice is beautiful|마음이 *아름다워요*|the heart is beautiful
|333|끝01|명||A|end/finish|*끝*까지 하다|to do until the end|이제 *끝*이다|it's the end now|*끝*이 보이다|the end is in sight
|338|입|명||A|mouth|*입*을 벌리다|to open one's mouth|*입*이 무겁다|to be good at keeping secrets|*입*을 다물다|to shut one's mouth
|339|뭐|감||A|what (exclamation)|*뭐*? 정말이야?|what? is it real?|*뭐*라고?|pardon? (what did you say?)|*뭐* 할 수 없지|well, nothing can be done
|341|영화01|명|映畵|A|movie/film|*영화*를 보다|to watch a movie|공포 *영화*|horror movie|재미있는 *영화*|interesting movie
|342|필요|명|비요|A|need/necessity|*필요*가 없다|there is no need|도움이 *필요*하다|to need help|*필요*한 물건|necessary items
|344|하늘01|명||A|sky|파란 *하늘*|blue sky|*하늘*을 날다|to fly in the sky|*하늘*나라|heaven
|349|정말01|부|正-|A|really/truly|*정말* 맛있어|it's really delicious|*정말* 고마워요|thank you truly|*정말*입니까?|is it for real?
|353|밥01|명|~을 먹다|A|rice/meal|*밥* 먹었어?|did you eat?|*밥*을 짓다|to cook rice|따뜻한 *밥*|warm meal
|354|입다01|동|옷을 ~|A|to wear/put on|코트를 *입다*|to wear a coat|따뜻하게 *입어*|dress warmly|새 옷을 *입었다*|put on new clothes
|357|네03|감||A|yes (polite)|*네*, 맞아요|yes, that's right|*네*, 알겠습니다|yes, I understand|*네*? 뭐라고요?|yes? what did you say?
|362|그림01|명||A|picture/painting|*그림*을 그리다|to draw a picture|예쁜 *그림*|pretty painting|*그림* 같은 집|house like a picture
|365|마시다|동||A|to drink|물을 *마시다*|to drink water|차 한 잔 *마셔요*|let's drink a cup of tea|술을 *마시다*|to drink alcohol
|366|치다02|동|얼굴을 ~|A|to hit/play|피아노를 *치다*|to play the piano|박수를 *치다*|to clap|공을 *치다*|to hit a ball
|367|혼자01|명||A|alone|*혼자* 살다|to live alone|*혼자*서 가다|to go by oneself|나 *혼자*|me alone
|368|나가다|보||A|to continue/go out|버텨 *나가다*|to hold out|살아 *나가다*|to go on living|이겨 *나갑시다*|let's overcome (and move forward)
237|370|이제01|명||A|now/the present|*이제*부터 시작|starting from now|*이제*야 알았다|just found out now|*이제* 그만해|stop it now
238|371|교수06|명|敎授|A|professor|대학 *교수*|university professor|*교수*님 말씀|professor's words|*교수*직|professorship
|372|술01|명|~을 먹다|A|alcohol/liquor|*술*을 마시다|to drink alcohol|*술*에 취하다|to get drunk|*술*자리|drinking gathering
|373|사랑01|명||A|love|*사랑*에 빠지다|to fall in love|영원한 *사랑*|eternal love|*사랑*을 고백하다|to confess one's love
|375|전화07|명|電話|A|telephone/call|*전화*를 걸다|to make a call|*전화*를 받다|to answer the phone|휴대 *전화*|mobile phone
|376|끝나다|동||A|to end/finish|수업이 *끝나다*|class ends|드디어 *끝났다*|finally finished|*끝나고* 보자|see you after it ends
243|377|돌아오다|동||A|to return/come back|집에 *돌아오다*|to come home|제자리로 *돌아오다*|to return to one's place|곧 *돌아올게*|I'll come back soon
|379|아빠|명||A|dad|우리 *아빠*|my dad|*아빠* 보고 싶어|I miss dad|*아빠* 힘내세요|cheer up dad
|382|한번|명|-番|A|once/one time|*한번* 해 보자|let's try it once|딱 *한번*만|just once|*한번*은 이런 일이|once this happened
|383|커피|명|coffee|A|coffee|*커피*를 마시다|to drink coffee|따뜻한 *커피*|warm coffee|아이스 *커피*|iced coffee
|384|가슴01|명||A|chest/heart|*가슴*이 아프다|to have a chest pain (or be heartbroken)|*가슴*이 뛰다|heart beats|*가슴* 속에|in one's heart
|386|길다02|형|밤이 ~|A|to be long|머리가 *길다*|hair is long|다리가 *길어요*|legs are long|줄이 *길다*|the line is long
|389|회사04|명|會社|A|company/office|*회사*에 가다|to go to work|*회사* 생활|company life|큰 *회사*|big company
|390|맛01|명||A|taste/flavor|*맛*이 있다|to be tasty|*맛*을 보다|to taste|무슨 *맛*?|what flavor?
251|393|매우01|부||A|very/greatly|*매우* 중요하다|very important|*매우* 덥다|very hot|*매우* 기쁘다|very happy
|394|오르다|동||A|to go up/climb|산에 *오르다*|to climb a mountain|물가가 *오르다*|prices go up|무대에 *오르다*|to go on stage
|395|음식|명|飮食|A|food|맛있는 *음식*|delicious food|*음식*을 만들다|to make food|한국 *음식*|Korean food
|397|꼭03|부|반드시|A|surely/exactly|*꼭* 오세요|please be sure to come|*꼭* 닮았다|to look exactly like|*꼭* 필요한 것|absolutely necessary thing
|399|요즘|명||A|these days/lately|*요즘* 바빠요|busy lately|*요즘* 애들|kids these days|*요즘* 날씨|weather lately
|400|계획01|명|計劃|A|plan|*계획*을 세우다|to make a plan|여행 *계획*|travel plan|*계획*대로|according to plan
|402|얼마|명||A|how much/some amount|이거 *얼마*예요?|how much is this?|*얼마* 안 남았다|not much left|*얼마*의 돈|some amount of money
|405|계속04|부|繼續|A|continuously/keep|*계속* 하세요|please keep going|*계속* 비가 오다|it keeps raining|*계속* 공부하다|to continue studying
|408|아내01|명||A|wife|친구의 *아내*|friend's wife|사랑하는 *아내*|beloved wife|*아내*와 자식|wife and children
|409|가족01|명|家族|A|family|*가족* 사진|family photo|*가족*과 함께|with family|우리 *가족*|my family
|413|세01|관|~ 권|A|three (determiner)|*세* 명|three people|*세* 시 삼십 분|3:30|*세* 권의 책|three books
|415|놓다01|동||A|to put/release|여기에 *놓다*|to put here|손을 *놓다*|to let go of hands|가방을 *놓았다*|placed the bag
|417|차06|명|車|A|car/tea|*차*를 마시다|to drink tea|*차*를 타다|to ride a car|*차*가 막히다|traffic is heavy
|418|놀다01|동||A|to play/hang out|친구랑 *놀다*|to hang out with a friend|밖에서 *놀아*|play outside|신나게 *놀았다*|had a fun time playing
|423|도시03|명|都市|A|city|큰 *도시*|big city|*도시* 생활|city life|*도시*를 떠나다|to leave the city
|429|나이01|명||A|age|*나이*를 먹다|to get older|*나이*가 많다|to be old|*나이*가 어떻게 되세요?|how old are you? (polite)
|432|바꾸다|동||A|to change/exchange|기분을 *바꾸다*|to change one's mood|전화 *바꿔* 주세요|please put (the other person) on the phone|옷을 *바꿨다*|exchanged clothes
|438|좋아하다|동||A|to like|너를 *좋아해*|I like you|한국 음식을 *좋아하다*|to like Korean food|가장 *좋아하는*|favorite
269|439|그리다02|동|그림을 ~|A|to draw/paint|그림을 *그리다*|to draw a picture|얼굴을 *그렸다*|drew a face|지도에 *그리다*|to draw on a map
|441|배우다01|동||A|to learn|한국어를 *배우다*|to learn Korean|열심히 *배워요*|I'm learning hard|운전을 *배웠다*|learned to drive
|444|옆|명||A|side/next to|친구 *옆*|beside a friend|*옆* 동네|next neighborhood|*옆*에 앉아|sit next to me
|446|어02|감||A|uh/huh|*어*, 그래|uh, okay|*어*? 진짜?|huh? really?|*어*, 알았어|uh, I got it
|453|아래01|명||A|below/bottom|나무 *아래*|under the tree|*아래* 층|floor below|위 *아래*|up and down
|457|그럼01|부|'그러면'의 준말|A|then/so|*그럼* 내일 봐|then see you tomorrow|*그럼* 어떡해?|then what should I do?|*그럼* 시작하자|so let's start
|460|저04|관|멀리 있는 대상|A|that (over there)|*저* 산|that mountain (over there)|*저* 사람|that person (over there)|*저* 건물|that building (over there)
|462|배02|명|~를 띄우다|A|boat/ship|*배*를 타다|to ride a boat|큰 *배*|big ship|*배*가 뜨다|the boat floats
|465|산01|명|山|A|mountain|높은 *산*|high mountain|*산*에 오르다|to climb a mountain|*산*책|mountain walk
|466|새06|관||A|new|*새* 옷|new clothes|*새* 신발|new shoes|*새*로운 시작|new start
|467|하지만|부||A|but/however|*하지만* 괜찮아|but it's okay|*하지만* 너무 비싸|but it's too expensive|어렵다. *하지만* 해보자|It's hard. But let's try.
|469|문05|명|門|A|door/gate|*문*을 열다|to open the door|*문*을 닫다|to close the door|교문 *문*|school gate
|470|꽃01|명||A|flower|예쁜 *꽃*|pretty flower|*꽃*이 피다|flowers bloom|*꽃* 선물|flower gift
|473|그동안|명||A|meantime/during that time|*그동안* 잘 지냈어?|have you been well lately?|*그동안* 고마웠어|thanks for everything until now|*그동안*의 노력|effort during that time
|475|갑자기|부||A|suddenly|*갑자기* 비가 오다|suddenly it rains|*갑자기* 나타나다|to appear suddenly|*갑자기* 왜 그래?|why are you like this all of a sudden?
|478|바람01|명|~이 불다|A|wind|*바람*이 불다|the wind blows|시원한 *바람*|cool breeze|*바람*을 쐬다|to get some fresh air
|479|잘하다|동||A|to be good at/do well|축구를 *잘하다*|to be good at soccer|공부 *잘해*?|do you study well?|노래를 *잘했다*|sang well
|487|노래01|명||A|song|*노래*를 부르다|to sing a song|슬픈 *노래*|sad song|좋아하는 *노래*|favorite song
|488|바다|명||A|sea/ocean|깊은 *바다*|deep sea|*바다*에 가다|to go to the sea|*바다* 냄새|smell of the ocean
|489|힘들다|형||A|to be hard/tiring|일이 *힘들다*|the work is hard|정말 *힘들어요*|it's really tiring|*힘든* 시간|difficult time
|490|공부01|명|工夫|A|study|시험 *공부*|exam study|*공부*를 하다|to study|*공부* 벌레|study bug (nerd)
|495|못하다|동||A|to be poor at/cannot|노래를 *못하다*|to be bad at singing|어찌할 줄 *못하다*|to not know what to do|음식을 *못해요*|I'm not good at cooking
|497|언니|명||A|older sister (female speaker)|우리 *언니*|my older sister|친*언니*|biological older sister|*언니*라고 불러|call me 'Unnie'
|499|분01|의|한 ~|A|person (honorific counter)|세 *분*|three people (honorific)|어느 *분*?|which person? (honorific)|손님 한 *분*|one guest
|506|불01|명||A|fire/light|*불*이 나다|a fire breaks out|*불*을 켜다|to turn on the light|*불*을 끄다|to turn off the light
294|512|학년|명|學年|A|school grade/year|일 *학년*|first grade|저*학년*|lower grades|*학년*이 올라가다|to move up a grade
295|513|신문10|명|新聞|A|newspaper|*신문*을 읽다|to read the newspaper|오늘 *신문*|today's paper|*신문* 기자|newspaper reporter
296|514|가지다|보||A|to keep (progressive)|살아 *가지고*|to be living|돈을 *가져* 가다|to take money|그걸 *가지고*|with that
|515|이해하다02|동|理解-|A|to understand|말을 *이해하다*|to understand words|상황을 *이해해요*|I understand the situation|충분히 *이해했다*|understood fully
|518|선생01|명|先生|A|teacher/mister|김 *선생*|Mr. Kim|*선생* 노릇|acting as a teacher|그 *선생*|that teacher
|519|돌아가다|동||A|to go back/return|집으로 *돌아가다*|to go back home|다시 *돌아가*|go back again|고향에 *돌아갔다*|returned to hometown
|525|기분01|명|氣分|A|mood/feeling|*기분*이 좋다|to be in a good mood|*기분*이 나빠요|to feel bad|*기분* 전환|change of mood
|530|옷01|명||A|clothes|*옷*을 입다|to put on clothes|*옷*을 벗다|to take off clothes|예쁜 *옷*|pretty clothes
|534|전08|관|前|A|former/ex-|*전* 대통령|former president|*전* 남편|ex-husband|*전* 여자 친구|ex-girlfriend
|535|꿈01|명||A|dream|*꿈*을 꾸다|to dream|*꿈*을 이루다|to achieve a dream|나쁜 *꿈*|bad dream
|536|할머니|명||A|grandmother|친*할머니*|paternal grandmother|우리 *할머니*|my grandmother|*할머니* 댁|grandmother's house
|537|회의04|명|會議|A|meeting|*회의*를 하다|to have a meeting|*회의* 중|in a meeting|긴급 *회의*|emergency meeting
|539|이야기하다|동||A|to talk/chat|친구와 *이야기하다*|to talk with a friend|나중에 *이야기하자*|let's talk later|진지하게 *이야기하다*|to talk seriously
|540|나무01|명||A|tree/wood|*나무*를 심다|to plant a tree|큰 *나무*|big tree|*나무* 의자|wooden chair
|541|자다01|동||A|to sleep|낮잠을 *자다*|to take a nap|푹 *자요*|sleep well|늦게까지 *자다*|to sleep in late
|544|오늘|부||A|today|*오늘* 만나자|let's meet today|*오늘* 바로|today right away|*오늘*따라|especially today
|546|걷다02|동|느릿느릿 ~|A|to walk|천천히 *걷다*|to walk slowly|공원을 *걷다*|to walk in the park|함께 *걸어요*|let's walk together
|551|이때|명||A|at this time|*이때* 나타났다|appeared at this time|바로 *이때*|right at this moment|*이때*를 기다렸다|waited for this time
|551|시간04|의|時間|A|hour (duration)|한 *시간*|one hour|기다린 *시간*|the time spent waiting|몇 *시간* 동안?|for how many hours?
|560|물건|명|物件|A|object/thing|*물건*을 사다|to buy an item|무거운 *물건*|heavy object|내 *물건*|my stuff
314|564|발01|명|신체의 일부|A|foot|*발*이 크다|to have big feet|*발*을 씻다|to wash one's feet|*발*을 다치다|to hurt one's foot
|572|빨리|부||A|quickly/fast|*빨리* 오세요|please come quickly|*빨리* 먹다|to eat fast|최대한 *빨리*|as fast as possible
|573|시작되다01|동|始作-|A|to begin|수업이 *시작되다*|class begins|공사가 *시작되었다*|construction began|곧 *시작될* 영화|movie that will start soon
|575|둘01|수||A|two|*둘* 중에 하나|one of the two|우리 *둘*|the two of us|사과 *둘*|two apples
318|576|말다03|동|그만두다|A|to stop/quit|하기로 하다가 *말다*|to start then stop|그만 *두고* 말았다|ended up quitting|하다 *말* 거면 하지 마|if you're going to quit halfway, don't do it
|577|설명하다|동|說明-|A|to explain|자세히 *설명하다*|to explain in detail|이유를 *설명해*|explain the reason|방법을 *설명하다*|to explain the method
|581|살04|의|한 ~|A|years old|스무 *살*|twenty years old|여섯 *살* 아이|six-year-old child|몇 *살*이에요?|how old are you?
|586|음악01|명|音樂|A|music|*음악*을 듣다|to listen to music|클래식 *음악*|classical music|*음악* 감상|appreciating music
|589|아프다|형||A|to be painful/sick|머리가 *아프다*|to have a headache|몸이 *아파요*|to be sick|마음이 *아픈*|heartbreaking
323|590|적다02|형|경험이 ~|A|to be few/little|사람이 *적다*|to be few people|돈이 *적다*|to be little money|양이 *적어요*|the amount is small
|592|비01|명|~가 내리다|A|rain|*비*가 오다|it's raining|*비*를 맞다|to get rained on|*비*가 그치다|the rain stops
|593|고향02|명|故鄕|A|hometown|*고향*에 내려가다|to go down to one's hometown|*고향* 친구|hometown friend|그리운 *고향*|missed hometown
|594|놀라다|동||A|to be surprised|깜짝 *놀라다*|to be startled|보고 *놀랐다*|was surprised to see|소리에 *놀라다*|to be surprised by a sound
|596|울다01|동|울음을 ~|A|to cry|아이처럼 *울다*|to cry like a child|소리 내어 *울다*|to cry out loud|슬퍼서 *울었다*|cried because I was sad
|599|은행02|명|銀行|A|bank|*은행*에 가다|to go to the bank|*은행* 계좌|bank account|*은행*에서 돈을 찾다|to withdraw money from the bank
|600|지내다01|동||A|to spend time/live|잘 *지내요*|I'm doing well|함께 *지내다*|to stay together|어떻게 *지냈어*?|how have you been?
|601|결혼|명|結婚|A|marriage|*결혼*을 하다|to get married|*결혼* 기념일|wedding anniversary|*결혼*식|wedding ceremony
|602|동생01|명||A|younger sibling|남*동생*|younger brother|여*동생*|younger sister|친*동생*|one's biological younger sibling
|605|예06|감||A|yes (polite)|*예*, 알겠습니다|yes, I understand|*예*, 맞아요|yes, that's right|*예*, 선생님|yes, teacher
|606|오후02|명|午後|A|afternoon|*오후* 두 시|2:00 PM|오늘 *오후*|this afternoon|*오후* 내내|all afternoon
|613|빠르다|형||A|to be fast/early|걸음이 *빠르다*|to be fast-paced|말이 *빨라요*|to speak fast|시간이 정말 *빨라*|time is really fast
|615|아기01|명||A|baby|귀여운 *아기*|cute baby|*아기*가 잠들다|the baby falls asleep|*아기* 옷|baby clothes
|616|아저씨|명||A|middle-aged man/mister|옆집 *아저씨*|the man next door|모르는 *아저씨*|an unfamiliar man|식당 *아저씨*|the man at the restaurant
|617|옛날|명||A|old days/past|*옛날* 이야기|old story/folktale|*옛날* 사람|people from the past|*옛날* 아주 먼 옛날|once upon a time
|620|달05|의||A|month (counter)|한 *달* 동안|for one month|몇 *달* 뒤|a few months later|세 *달*째|the third month
339|622|참01|부|참으로|A|really/truly|*참* 예쁘다|really pretty|*참* 좋은 사람|truly good person|*참* 잘했어요|very well done
|624|이곳|대||A|this place|*이곳*은 처음이다|it's my first time here|*이곳*에 살다|to live here|*이곳*을 떠나다|to leave this place
|625|딸01|명||A|daughter|큰 *딸*|eldest daughter|*딸*을 낳다|to give birth to a daughter|하나뿐인 *딸*|only daughter
|626|마지막|명||A|last/final|*마지막* 기회|last chance|*마지막*으로 한 번 더|one last time|*마지막* 인사|final farewell
|628|병원02|명|病院|A|hospital|*병원*에 가다|to go to the hospital|*병원* 예약|hospital appointment|*병원*에 입원하다|to be hospitalized
|632|경찰04|명|警察|A|police|*경찰*에 신고하다|to report to the police|*경찰* 아저씨|police officer|*경찰*관|police officer
|634|저녁|명||A|evening/dinner|*저녁*을 먹다|to eat dinner|늦은 *저녁*|late evening|오늘 *저녁*에 봐|see you tonight
|636|그러면|부||A|then/if so|*그러면* 안 돼|you shouldn't do that|*그러면* 다행이다|that's a relief then|*그러면* 내일 봐|then see you tomorrow
|638|넓다|형||A|to be wide/spacious|방이 *넓다*|the room is spacious|어깨가 *넓은*|broad-shouldered|마음이 *넓다*|to be generous (wide heart)
|639|시험03|명|試驗|A|exam/test|*시험*을 보다|to take an exam|*시험* 기간|exam period|*시험*에 합격하다|to pass an exam
|640|잠01|명||A|sleep|*잠*이 오다|to feel sleepy|*잠*을 자다|to sleep|*잠*이 부족하다|to lack sleep
|647|건강03|명|健康|A|health|*건강*을 챙기다|to take care of health|*건강*이 최고다|health is the most important|*건강*한 음식|healthy food
|648|가깝다|형||A|to be close/near|거리가 *가깝다*|the distance is close|*가까운* 사이|close relationship|집에서 *가까워요*|it's near home
|649|건물03|명|建物|A|building|높은 *건물*|tall building|*건물* 안으로|into the building|학교 *건물*|school building
|651|외국02|명|外國|A|foreign country|*외국*에 나가다|to go abroad|*외국* 친구|foreign friend|*외국*어 공부|studying a foreign language
|652|밑01|명||A|bottom/below|책상 *밑*|under the desk|나무 *밑*에서|under the tree|맨 *밑*에|at the very bottom
355|653|어른01|명||A|adult|*어른*이 되다|to become an adult|*어른* 말씀을 듣다|to listen to adults|공경해야 할 *어른*|elders to respect
|657|팔다|동||A|to sell|물건을 *팔다*|to sell goods|비싸게 *팔았다*|sold it at a high price|과일을 *파는* 곳|place that sells fruit
|660|열심히|부|熱心-|A|hard/diligently|*열심히* 공부하다|to study hard|*열심히* 일하다|to work diligently|*열심히* 살다|to live life to the fullest
|661|일하다|동||A|to work|회사에서 *일하다*|to work at a company|열심히 *일해요*|I work hard|밤늦게까지 *일하다*|to work until late at night
|663|조금01|명||A|a little bit|*조금*만 더|just a little more|*조금*의 여유|a bit of leisure|*조금* 남았다|a little bit is left
|664|팀01|명|team|A|team|우리 *팀*|our team|*팀*을 나누다|to divide into teams|*팀* 프로젝트|team project
|665|부모01|명|父母|A|parents|*부모*님 말씀|parents' words|*부모*님께 효도하다|to be filial to parents|사랑하는 *부모*님|dear parents
|669|올라가다|동||A|to go up|계단을 *올라가다*|to go up the stairs|성적이 *올라갔다*|grades went up|옥상으로 *올라가세요*|please go up to the rooftop
|672|그날|명||A|that day|*그날* 이후|after that day|*그날*의 기억|memory of 그날|바로 *그날*|that very day
|674|자주01|부||A|often|*자주* 만나요|let's meet often|*자주* 가는 카페|a cafe I often go to|*자주* 아프다|to get sick often
|679|담배|명||A|cigarette/tobacco|*담배*를 피우다|to smoke|*담배*를 끊다|to quit smoking|*담배* 냄새|cigarette smell
|682|할아버지|명||A|grandfather|외*할아버지*|maternal grandfather|우리 *할아버지*|my grandfather|*할아버지* 댁|grandfather's house
|684|태어나다|동||A|to be born|서울에서 *태어나다*|to be born in Seoul|딸로 *태어났다*|was born as a daughter|*태어난* 날|the day one was born
|686|벌써|부||A|already|*벌써* 끝났어?|is it already over?|*벌써* 열 시다|it's already 10 o'clock|*벌써* 도착했다|already arrived
369|689|환자03|명|患者|A|patient|병원의 *환자*|hospital patient|*환자*를 치료하다|to treat a patient|중환자실의 *환자*|patient in the ICU
|697|재미있다|형||A|to be interesting/fun|영화가 *재미있다*|the movie is fun|*재미있는* 사람|funny person|정말 *재미있어요*|it's really interesting
|698|가르치다01|동||A|to teach|한국어를 *가르치다*|to teach Korean|선생님이 *가르쳐* 주다|the teacher teaches me|노래를 *가르치다*|to teach a song
372|699|대화06|명|對話|A|conversation|*대화*를 나누다|to have a conversation|*대화*가 안 통하다|cannot communicate|진지한 *대화*|serious conversation
373|701|올해|명||A|this year|*올해* 목표|this year's goal|*올해* 들어|since the start of this year|*올해* 스무 살|twenty years old this year
|702|형01|명|兄|A|older brother (male speaker)|우리 *형*|my older brother|친*형*|biological older brother|*형*이라고 불러|call me 'Hyung'
|708|모두01|명||A|everyone/all|*모두*가 왔다|everyone came|*모두*의 바람|everyone's wish|그들 *모두*|all of them
376|716|걸다02|동|옷을 ~|A|to hang|옷을 *걸다*|to hang clothes|전화를 *걸다*|to make a phone call|그림을 *걸었다*|hung a painting
377|718|멀다02|형|갈 길이 ~|A|to be far|거리가 *멀다*|the distance is far|집에서 *멀어요*|it's far from home|*먼* 훗날|the distant future
|719|버스02|명|bus|A|bus|*버스*를 타다|to ride a bus|*버스* 정류장|bus stop|시내 *버스*|city bus
379|722|잠시|부|暫時|A|for a moment|*잠시*만 기다리세요|please wait a moment|*잠시* 쉬다|to rest for a while|*잠시* 뒤에|after a short while
|728|사진07|명|寫眞|A|photo/picture|*사진*을 찍다|to take a photo|가족 *사진*|family photo|*사진* 속에|in the photo
|733|제일04|명|第一|A|the first/most|*제일* 좋아하다|to like the most|*제일* 큰 것|the biggest one|세계 *제일*|best in the world
|735|아마01|부||A|perhaps/maybe|*아마* 그럴 거야|maybe it's so|*아마* 안 올 거야|maybe they won't come|*아마*도|probably
|736|얘기하다|동||A|to talk|어제 *얘기하다*|talked yesterday|솔직히 *얘기해*|speak honestly|나중에 *얘기하자*|let's talk later
|738|조금01|부||A|a little|*조금* 더|a little more|*조금* 비싸다|a little expensive|*조금*만 주세요|just a little, please
|747|다리01|명|신체의 일부|A|leg|*다리*가 길다|to have long legs|*다리*를 다치다|to hurt one's leg|*다리*가 붓다|legs are swollen
|748|아무01|관||A|any|*아무* 사람이나|any person|*아무* 것도 없다|there is nothing|*아무* 일도 아니다|it's nothing
|754|항상|부|恒常|A|always|*항상* 고맙다|always thankful|*항상* 똑같다|always the same|*항상* 웃다|to always smile
|755|해01|명||A|sun/year|*해*가 뜨다|the sun rises|올 *해*|this year|*해*가 지다|the sun sets
389|756|잃다|동||A|to lose|길을 *잃다*|to get lost|돈을 *잃었다*|lost money|희망을 *잃다*|to lose hope
|760|비슷하다02|형||A|to be similar|생김새가 *비슷하다*|to look similar|생각이 *비슷해요*|thoughts are similar|서로 *비슷한*|similar to each other
|763|달러|의|dollar|A|dollar|백 *달러*|one hundred dollars|*달러* 환율|dollar exchange rate|일 *달러* 지폐|one-dollar bill
|764|사랑하다|동||A|to love|너를 *사랑해*|I love you|가족을 *사랑하다*|to love one's family|*사랑하는* 사람|the person one loves
|766|여름01|명||A|summer|더운 *여름*|hot summer|*여름* 방학|summer vacation|*여름* 옷|summer clothes
|776|싫다01|형||A|to dislike/be unpleasant|공부가 *싫다*|to hate studying|가기 *싫어요*|I don't want to go|*싫은* 소리|unpleasant words
|785|그러니까|부||A|so/therefore|*그러니까* 내 말은|so what I mean is|*그러니까* 조심해|so be careful|*그러니까* 말이야|exactly (that's what I'm saying)
|788|값|명||A|price/value|물건 *값*|price of an item|*값*이 비싸다|the price is high|*값*을 깎다|to bargain/lower the price
397|794|언제나|부||A|always/anytime|*언제나* 환영이다|always welcome|*언제나* 변함없다|always the same/unchanging|*언제나* 그 자리에|always in that spot
|796|자동차|명|自動車|A|car/automobile|*자동차*를 타다|to ride a car|*자동차* 운전|driving a car|*자동차* 사고|car accident
|799|개월|의|個月|A|month (duration)|육 *개월* 동안|for six months|삼 *개월* 뒤|three months later|몇 *개월* 됐어?|how many months has it been?
400|802|어린이01|명||A|child|*어린이* 공원|children's park|*어린이*날|Children's Day|*어린이* 도서관|children's library
|807|공부하다|동|工夫-|A|to study|열심히 *공부하다*|to study hard|한국어를 *공부해요*|I study Korean|밤새 *공부하다*|to study all night
|810|닦다01|동||A|to wipe/brush|이를 *닦다*|to brush one's teeth|구두를 *닦다*|to shine shoes|책상을 *닦다*|to wipe the desk
|812|말씀|명||A|word/speech (honorific)|*말씀* 하세요|please speak|선생님 *말씀*|teacher's words|*말씀* 낮추세요|please speak comfortably (lower your speech)
|813|괜찮다|형||A|to be okay|정말 *괜찮아요*|it's really okay|*괜찮은* 방법|a decent way|몸은 *괜찮니*?|is your body (health) okay?
|814|눈물01|명||A|tear|*눈물*이 나다|to cry (tears come out)|*눈물을* 닦다|to wipe away tears|기쁨의 *눈물*|tears of joy
|817|아니01|부||A|no|*아니*, 됐어|no, it's fine|*아니* 이게 뭐야?|no, what is this?|*아니*라고 말하다|to say no
|825|주인01|명|主人|A|owner/host|가게 *주인*|shop owner|집 *주인*|landlord|*주인* 없는 물건|ownerless object
408|834|드리다01|보|도와 ~|A|to do (honorific aux)|도와 *드리다*|to help (honorific)|말씀 *드리다*|to tell (honorific)|선물해 *드렸다*|gave a gift (honorific)
|834|반07|명|半|A|half|*반*으로 나누다|to divide in half|한 시간 *반*|one and a half hours|*반*만 주세요|please give me only half
|840|귀01|명||A|ear|*귀*가 밝다|to have sharp hearing|*귀*를 기울이다|to listen carefully|*귀*가 아프다|ears hurt
|843|미터02|의|meter|A|meter|백 *미터* 달리기|100-meter dash|몇 *미터*예요?|how many meters is it?|오백 *미터* 앞|500 meters ahead
412|845|어떠하다|형||A|to be how/what|상태가 *어떠하니*?|how is the condition?|마음이 *어떠해*?|how do you feel?|*어떠한* 경우에도|in any case
|850|배01|명|신체의 일부|A|stomach/belly|*배*가 고프다|to be hungry|*배*가 나오다|to have a belly|*배*가 아파요|I have a stomachache
|851|아파트|명|apartment|A|apartment|*아파트*에 살다|to live in an apartment|새 *아파트*|new apartment|*아파트* 단지|apartment complex
|852|가끔|부||A|sometimes|*가끔* 만나요|we meet sometimes|*가끔* 생각나다|to remember occasionally|*가끔*은 그럴 때도|sometimes it's like that
|854|술06|의|밥 한 ~|A|spoonful|밥 한 *술*|a spoonful of rice|한 *술* 뜨다|to take a spoonful|딱 한 *술*만|just one spoonful
|856|짧다|형||A|to be short|머리가 *짧다*|hair is short|*짧은* 치마|short skirt|시간이 *짧아요*|time is short
|857|고맙다01|형||A|to be thankful|정말 *고맙습니다*|thank you so much|도와줘서 *고마워*|thanks for helping|*고마운* 마음|thankful heart
|860|그곳|대||A|that place|*그곳*에 가다|to go to that place|*그곳*은 어디예요?|where is that place?|*그곳*의 날씨|the weather there
|862|보다02|부|한층 더|A|more/even more|*보다* 나은 미래|a better future|*보다* 빠르게|even faster|*보다* 멀리|even further
|868|바쁘다|형||A|to be busy|요즘 *바빠요*|I'm busy lately|*바쁜* 사람|busy person|일 때문에 *바쁘다*|to be busy with work
|873|나쁘다01|형||A|to be bad|기분이 *나쁘다*|to feel bad|성적이 *나빠요*|grades are bad|*나쁜* 습관|bad habit
|877|게임|명|game|A|game|*게임*을 하다|to play a game|컴퓨터 *게임*|computer game|재미있는 *게임*|fun game
|884|잔03|명|盞|A|cup/glass (counter)|커피 한 *잔*|a cup of coffee|맥주 두 *잔*|two glasses of beer|*잔*을 비우다|to empty the glass
|888|있다01|동||A|to stay/remain|집에 *있어라*|stay at home|가만히 *있어*|stay still|여기 *있을게*|I'll stay here
|891|언제01|부||A|when|*언제* 와요?|when are you coming?|*언제* 시작해?|when does it start?|*언제* 만날까?|when shall we meet?
|894|내려오다|동||A|to come down|계단으로 *내려오다*|to come down the stairs|산에서 *내려왔다*|came down from the mountain|아래로 *내려오세요*|please come down
|902|손님|명||A|guest/customer|반가운 *손님*|welcome guest|*손님*을 맞다|to greet a guest|식당 *손님*|restaurant customer
|908|아무01|대||A|anyone/anything|*아무*나 오세요|anyone can come|*아무* 것도 몰라요|I don't know anything|*아무* 데나 앉아|sit anywhere
|914|뉴스|명|news|A|news|*뉴스*를 보다|to watch the news|오늘의 *뉴스*|today's news|*뉴스*에 나오다|to appear on the news
|919|수업04|명|授業|A|class/lesson|*수업*에 가다|to go to class|*수업* 시간|class time|한국어 *수업*|Korean class
|920|겨울|명||A|winter|추운 *겨울*|cold winter|*겨울* 방학|winter vacation|*겨울* 옷|winter clothes
|922|층02|명|層|A|floor/layer|이 *층* 건물|two-story building|삼 *층*으로 오세요|come to the 3rd floor|매 *층*마다|on every floor
434|925|장22|의|張. 종이 한 ~|A|sheet (counter)|종이 한 *장*|a sheet of paper|수건 두 *장*|two towels|표 한 *장*|one ticket
435|928|식사03|명|食事|A|meal|*식사* 하셨어요?|have you had your meal?|맛있는 *식사*|delicious meal|*식사* 시간|mealtime
|929|안다01|동||A|to hug/hold|아이를 *안다*|to hold a child|꼭 *안아* 주다|to give a big hug|가슴에 *안다*|to hold in one's chest
|931|잊다01|동||A|to forget|약속을 *잊다*|to forget an appointment|이름을 *잊었다*|forgot the name|꿈을 *잊지* 마|don't forget your dreams
|933|반11|명|班|A|class/group|우리 *반* 친구|classmate|*반*이 바뀌다|the class changes|일 *반* 학생|Class 1 student
|940|텔레비전|명|television|A|television|*텔레비전*을 켜다|to turn on the TV|*텔레비전* 시청|watching television|큰 *텔레비전*|big television
|947|씻다|동||A|to wash|손을 *씻다*|to wash hands|얼굴을 *씻어요*|I wash my face|깨끗이 *씻다*|to wash cleanly
|949|늦다|형||A|to be late|시간이 *늦다*|time is late|*늦은* 밤|late night|약속에 *늦었어요*|I'm late for the appointment
|952|편지02|명|便紙|A|letter|*편지*를 쓰다|to write a letter|*편지*를 보내다|to send a letter|연애 *편지*|love letter
|956|센티미터|의|centimeter|A|centimeter|오 *센티미터*|five centimeters|키가 몇 *센티미터*?|how many cm tall?|*센티미터* 단위|centimeter units
444|957|팔01|명|신체의 일부|A|arm|*팔*이 길다|to have long arms|*팔*을 다치다|to hurt one's arm|*팔*짱을 끼다|to cross one's arms
|965|설명|명|說明|A|explanation|자세한 *설명*|detailed explanation|*설명*을 듣다|to listen to an explanation|제품 *설명*|product description
|969|세13|의|歲|A|years old (formal)|이십 *세*|20 years of age|몇 *세*입니까?|how many years old?|만 육 *세*|full six years old
|971|티브이|명|TV|A|TV|*티브이*를 보다|to watch TV|*티브이* 채널|TV channel|*티브이* 프로|TV program
|972|봄01|명||A|spring|따뜻한 *봄*|warm spring|*봄* 나들이|spring outing|*봄*이 오다|spring is coming
449|974|낮다|형||A|to be low|온도가 *낮다*|temperature is low|*낮은* 산|low mountain|점수가 *낮아요*|the score is low
|975|어깨01|명||A|shoulder|*어깨*가 넓다|to have broad shoulders|*어깨*를 주무르다|to massage shoulders|*어깨*동무|putting arms around shoulders
|977|부부03|명|夫婦|A|married couple|잉꼬 *부부*|lovebirds (devoted couple)|*부부* 싸움|couple's quarrel|신혼 *부부*|newlyweds
452|978|오래02|부||A|long/for a long time|*오래* 기다렸어요|I waited a long time|*오래* 살다|to live long|*오래*된 책|old book
|984|여행02|명|旅行|A|travel/trip|*여행*을 가다|to go on a trip|세계 *여행*|world travel|*여행* 가방|suitcase
|988|공01|명|축구~|A|ball|*공*을 던지다|to throw a ball|*공*을 차다|to kick a ball|축구 *공*|soccer ball
|991|오월01|명|五月|A|May|*오월* 초|early May|*오월*의 신부|May bride|*오월*은 가정의 달|May is family month
|992|쉬다03|동|편안히 ~|A|to rest|집에서 *쉬다*|to rest at home|잠시 *쉬어* 가다|to take a short break|푹 *쉬세요*|get plenty of rest
|996|과10|명|課|A|lesson/chapter|제 일 *과*|Lesson 1|*과*를 공부하다|to study a chapter|다음 *과*|the next lesson
|1000|오빠|명||A|older brother (female speaker)|우리 *오빠*|my older brother|친*오빠*|biological older brother|*오빠*라고 불러|call me 'Oppa'
459|1002|즐겁다|형||A|to be pleasant/joyful|*즐거운* 시간|pleasant time|노래가 *즐겁다*|the song is joyful|*즐겁게* 놀다|to have fun playing
|1006|사월02|명|四月|A|April|*사월* 한달|the month of April|*사월* 초파리|April showers (contextual)|*사월*의 꽃|April flowers
461|1007|싸우다|동||A|to fight/quarrel|친구와 *싸우다*|to fight with a friend|말다툼하며 *싸웠다*|fought with words|그만 *싸워*|stop fighting
|1008|언제01|대||A|when/anytime|*언제*든 괜찮아|anytime is fine|*언제*가 좋니?|when is a good time?|도대체 *언제*?|when on earth?
|1009|예쁘다|형||A|to be pretty|얼굴이 *예쁘다*|face is pretty|*예쁜* 꽃|pretty flower|옷이 참 *예쁘네*|the clothes are so pretty
|1018|나중01|명||A|later|*나중*에 봐요|see you later|*나중*으로 미루다|to postpone until later|결국 *나중*에는|ultimately in the end
|1020|맛있다|형||A|to be delicious|음식이 *맛있다*|the food is delicious|정말 *맛있어요*|it's really tasty|*맛있는* 냄새|delicious smell
|1021|며칠|명||A|a few days/what date|*며칠* 동안|for a few days|오늘이 *며칠*이지?|what date is it today?|*며칠* 뒤에 봐|see you in a few days
467|1040|작년|명|昨年|A|last year|*작년* 여름|last summer|*작년*부터 시작했다|started from last year|*작년* 이맘때|this time last year
|1041|내려가다|동||A|to go down|계단으로 *내려가다*|to go down the stairs|지하로 *내려가다*|to go down to the basement|성적이 *내려갔다*|grades went down
|1046|쓰레기|명||A|trash/garbage|*쓰레기*를 버리다|to throw away trash|*쓰레기* 봉투|trash bag|*쓰레기*통|trash can
|1055|고기01|명||A|meat|*고기*를 굽다|to grill meat|맛있는 *고기*|delicious meat|*고기* 반찬|meat side dish
|1060|가져오다|동||A|to bring|우산을 *가져오다*|to bring an umbrella|책을 *가져왔니*?|did you bring the book?|이쪽으로 *가져오세요*|please bring it here
472|1068|남녀|명|男女|A|men and women|*남녀* 노소|men and women of all ages|*남녀* 평등|gender equality|*남녀* 관계|relationship between man and woman
|1074|준비|명|準備|A|preparation|*준비* 끝!|preparation finished!|시험 *준비*|exam preparation|*준비* 운동|warm-up exercise
|1076|구월02|명|九月|A|September|*구월*의 가을|September autumn|*구월* 학기|September semester|*구월* 초순|early September
475|1077|맑다01|형||A|to be clear/pure|날씨가 *맑다*|the weather is clear|*맑은* 공기|fresh air|*맑은* 물|clear water
|1080|유월01|명|六월|A|June|*유월* 중순|mid-June|*유월*의 장미|June roses|*유월* 한여름|the middle of June
|1082|허리01|명||A|waist/lower back|*허리*가 아프다|to have a backache|*허리*를 펴다|to straighten one's back|*허리* 치수|waist size
|1089|새03|명|날짐승|A|bird|*새*가 날다|a bird flies|*새* 소리|birdsong|작은 *새*|small bird
|1090|영어02|명|英語|A|English (language)|*영어* 선생님|English teacher|*영어* 공부|studying English|*영어*로 말하다|to speak in English
|1096|대답하다|동|對答-|A|to answer|질문에 *대답하다*|to answer a question|크게 *대답해*|answer loudly|*대답하지* 않았다|didn't answer
|1104|벗다|동||A|to take off|옷을 *벗다*|to take off clothes|신발을 *벗으세요*|please take off your shoes|모자를 *벗다*|to take off a hat
|1107|준비하다|동|準備-|A|to prepare|식사를 *준비하다*|to prepare a meal|미리 *준비해요*|I prepare in advance|갈 *준비하자*|let's get ready to go
|1109|돕다|동||A|to help|친구를 *돕다*|to help a friend|서로 *돕고* 살다|to live helping each other|집안일을 *도와요*|I help with housework
|1115|달05|명||A|moon|*달*이 뜨다|the moon rises|밝은 *달*|bright moon|초승*달*|crescent moon
485|1116|사장15|명|社長|A|boss/president|우리 회사의 *사장*|our company's president|*사장*님을 뵙다|to see the boss|*사장*실|CEO's office
|1117|삼월|명|三월|A|March|*삼월*의 봄|March spring|*삼월* 개학|March school start|*삼월* 한 달|the month of March
487|1120|그렇지만|부||A|but/however|*그렇지만* 사실은|but the truth is|*그렇지만* 이미 늦었어|but it's already late|덥다. *그렇지만* 즐거워|It's hot. But I'm happy.
|1124|키01|명|신장|A|height|*키*가 크다|to be tall|*키*를 재다|to measure height|*키*가 작아요|to be short
|1129|걱정|명||A|worry/anxiety|*걱정*이 태산|a mountain of worries|*걱정*하지 마세요|don't worry|*걱정*을 끼치다|to cause worry
|1130|결혼하다|동|結婚-|A|to get married|연애하고 *결혼하다*|to date then marry|내년에 *결혼해요*|getting married next year|일찍 *결혼했다*|married early
|1140|누나01|명||A|older sister (male speaker)|우리 *누나*|my older sister|친*누나*|biological older sister|*누나*랑 같이 가|go with your sister
|1144|질문|명|質問|A|question|*질문*이 있어요|I have a question|*질문*에 답하다|to answer a question|날카로운 *질문*|sharp question
|1151|근처|명|近處|A|nearby/vicinity|학교 *근처*|near school|우리 집 *근처*|near my house|*근처* 공원|nearby park
|1160|부모님|명|父母-|A|parents (polite)|*부모님*께 인사|greeting parents|*부모님*을 닮다|to look like one's parents|효성 지극한 *부모님*|devoted parents
495|1163|계시다|동||A|to be/stay (honorific)|선생님이 *계시다*|the teacher is there|집에 *계세요*|stay at home (honorific)|건강히 *계십시오*|stay healthy (formal)
|1164|그02|감||A|well/um|*그*, 저기|well, that is|*그*, 글쎄요|well, I'm not sure|*그*, 뭐라고 할까?|well, how should I say?
|1168|마리01|의||A|animal (counter)|개 세 *마리*|three dogs|한 *마리*만 주세요|give me just one (animal)|고양이 몇 *마리*?|how many cats?
|1171|비행기|명|飛行機|A|airplane|*비행기*를 타다|to ride an airplane|*비행기* 표|airplane ticket|*비행기* 안에서|on the plane
|1178|뜨겁다|형||A|to be hot (touch)|커피가 *뜨겁다*|the coffee is hot|*뜨거운* 여름|hot summer|날씨가 *뜨겁네요*|the weather is roasting
|1184|낮|명||A|daytime|*낮*과 밤|day and night|*낮*에 만나다|to meet during the day|긴 *낮*|long daytime
|1186|일찍|부||A|early|*일찍* 일어나다|to wake up early|*일찍* 도착하다|to arrive early|아침 *일찍*|early in the morning
|1188|찍다02|동|서류에 도장을 ~|A|to stamp|도장을 *찍다*|to stamp a seal|서류에 *찍다*|to stamp a document|지문을 *찍다*|to take a fingerprint
503|1189|가볍다|형||A|to be light|가방이 *가볍다*|the bag is light|*가벼운* 마음|a light heart|발걸음이 *가볍다*|steps are light
|1193|오전02|명|午前|A|morning / a.m.|*오전* 열 시|10 a.m.|*오전* 수업|morning class|오늘 *오전*|this morning
|1195|가게|명||A|store / shop|옷 *가게*|clothing store|*가게*를 열다|to open a shop|동네 *가게*|neighborhood store
|1203|약속|명|約束|A|appointment / promise|*약속*을 하다|to make a promise|*약속* 시간|appointment time|*약속*을 지키다|to keep a promise
|1204|인사02|명|人事|A|greeting|*인사*를 하다|to greet|새해 *인사*|New Year's greeting|*인사*를 나누다|to exchange greetings
|1221|소금01|명||A|salt|*소금*을 넣다|to add salt|*소금*과 후추|salt and pepper|굵은 *소금*|coarse salt
509|1224|자전거|명|自轉車|A|bicycle|*자전거*를 타다|to ride a bicycle|*자전거* 여행|bicycle trip|두 발 *자전거*|two-wheeled bicycle
|1229|그래03|불|그리하여|A|yes / okay|응, *그래*|yeah, okay|*그래*, 알았어|okay, I got it|*그래*?|really?
511|1230|목01|명||A|neck / throat|*목*이 아프다|throat hurts|*목*이 마르다|to be thirsty|*목*을 돌리다|to turn one's neck
512|1239|피우다01|동||A|to light / to smoke|담배를 *피우다*|to smoke a cigarette|불을 *피우다*|to light a fire|모닥불을 *피우다*|to light a campfire
513|1249|교통01|명|交通|A|transportation / traffic|대중*교통*|public transportation|*교통* 사고|traffic accident|*교통*이 편리하다|transportation is convenient
|1258|거리01|명|길~|A|street|*거리*를 걷다|to walk the street|번화한 *거리*|busy street|*거리*의 사람들|people on the street
515|1263|불다01|동|바람이 ~|A|to blow|바람이 *불다*|the wind blows|피리를 *불다*|to play the flute|풍선을 *불다*|to blow up a balloon
|1267|한글01|명||A|Hangul / Korean alphabet|*한글*을 배우다|to learn Hangul|*한글*로 쓰다|to write in Hangul|*한글*날|Hangul Day
|1268|가을01|명||A|autumn / fall|*가을* 날씨|autumn weather|*가을*이 오다|autumn comes|*가을* 소풍|autumn picnic
|1270|내일|명|來日|A|tomorrow|*내일* 만나다|to meet tomorrow|*내일* 아침|tomorrow morning|*내일*로 미루다|to postpone until tomorrow
|1272|매일|부|每日|A|everyday|*매일* 운동하다|to exercise everyday|*매일* 아침|every morning|*매일* 일기를 쓰다|to write a diary everyday
|1273|손가락|명||A|finger|*손가락*을 다치다|to hurt one's finger|다섯 *손가락*|five fingers|*손가락*으로 가리키다|to point with a finger
|1289|급04|명|級|A|class / grade / level|한국어 1*급*|Korean level 1|고*급* 수준|advanced level|초*급*반|beginner class
|1291|날씨01|명||A|weather|*날씨*가 좋다|the weather is good|추운 *날씨*|cold weather|오늘 *날씨*|today's weather
|1294|동물|명|動物|A|animal|야생 *동물*|wild animal|*동물*원|zoo|애완*동물*|pet
|1295|의사12|명|醫師|A|doctor|*의사* 선생님|doctor|*의사*가 되다|to become a doctor|치과 *의사*|dentist
|1297|건강하다02|형|健康-|A|to be healthy|몸이 *건강하다*|body is healthy|*건강하게* 자라다|to grow up healthy|*건강한* 생활|healthy lifestyle
|1300|여러분|대||A|everyone|*여러분*, 안녕하세요|hello, everyone|*여러분*의 생각|everyone's opinion|참가자 *여러분*|all participants
|1301|왜냐하면|부||A|because|안 돼요. *왜냐하면*...|No. Because...|*왜냐하면* 바빠서요|because I am busy|*왜냐하면* 비가 와서|because it's raining
|1304|네02|관||A|four|*네* 사람|four people|*네* 시|four o'clock|*네* 가지|four kinds
|1305|도착하다01|동|到着-|A|to arrive|집에 *도착하다*|to arrive home|일찍 *도착하다*|to arrive early|기차가 *도착했다*|the train arrived
|1306|병04|명|病|A|disease / illness|*병*에 걸리다|to catch a disease|마음의 *병*|mental illness|*병*을 치료하다|to cure a disease
|1312|따뜻하다|형||A|to be warm|날씨가 *따뜻하다*|the weather is warm|*따뜻한* 물|warm water|*따뜻하게* 입다|to dress warmly
|1317|축구04|명|蹴球|A|soccer|*축구*를 하다|to play soccer|*축구* 경기|soccer match|*축구* 선수|soccer player
|1322|밝다|형||A|to be bright|방이 *밝다*|the room is bright|*밝은* 색|bright color|성격이 *밝다*|personality is bright
534|1325|장소05|명|場所|A|place / location|약속 *장소*|meeting place|*장소*를 정하다|to decide a place|안전한 *장소*|safe place
535|1334|적다01|동|답을 ~|A|to write down|이름을 *적다*|to write down a name|메모를 *적다*|to write a memo|수첩에 *적어두다*|to jot down in a notebook
|1335|코01|명||A|nose|*코*가 높다|nose is high|*코*를 풀다|to blow one's nose|*코*가 막히다|nose is stuffed
|1337|고등학교|명|高等學校|A|high school|*고등학교*에 입학하다|to enter high school|*고등학교* 학생|high school student|*고등학교*를 졸업하다|to graduate from high school
|1339|교실|명|敎室|A|classroom|*교실*에 들어가다|to enter the classroom|영어 *교실*|English classroom|빈 *교실*|empty classroom
|1346|별01|명||A|star|*별*이 빛나다|stars shine|하늘의 *별*|stars in the sky|*별*을 보다|to look at the stars
|1347|복잡하다|형|複雜-|A|to be complicated|머리가 *복잡하다*|mind is complicated|길이 *복잡하다*|road is congested|*복잡한* 문제|complicated problem
|1358|색03|명|色|A|color|빨간 *색*|red color|*색*이 진하다|color is dark|무슨 *색*|what color
|1376|똑같다|형||A|to be exactly the same|모양이 *똑같다*|the shape is exactly the same|나와 *똑같은* 옷|the exact same clothes as mine|맛이 *똑같다*|the taste is exactly the same
|1381|말씀하다|동||A|to speak / to tell (honorific)|선생님께서 *말씀하시다*|the teacher speaks|다시 *말씀해* 주세요|please tell me again|*말씀하신* 대로|as you said
|1392|보통|명|普通|A|usually / normal|*보통* 사람|ordinary person|*보통*으로 하다|to do normally|*보통*이 아니다|not to be ordinary
|1393|식당|명|食堂|A|restaurant|한국 *식당*|Korean restaurant|*식당*에서 밥을 먹다|to eat at a restaurant|학생 *식당*|student cafeteria
|1401|소개하다01|동|紹介-|A|to introduce|친구를 *소개하다*|to introduce a friend|자신을 *소개하다*|to introduce oneself|가족을 *소개할게요*|I will introduce my family
|1404|칠월|명|七月|A|July|*칠월* 칠석|Chilseok (7th day of 7th month)|*칠월* 초|early July|올해 *칠월*|July of this year
|1410|십이월|명|十二月|A|December|*십이월* 말|end of December|*십이월* 이십오일|December 25th|추운 *십이월*|cold December
|1414|컵|명|cup|A|cup|물 한 *컵*|a cup of water|종이*컵*|paper cup|*컵*을 씻다|to wash a cup
|1423|종이01|명||A|paper|*종이* 한 장|a piece of paper|*종이*를 접다|to fold paper|*종이*에 쓰다|to write on paper
|1432|계시다|보||A|to be (honorific)|집에 *계시다*|to be at home|기다리고 *계시다*|to be waiting|안녕히 *계세요*|goodbye / stay in peace
|1439|재미01|명||A|fun / interest|*재미*가 있다|to be fun|*재미*를 느끼다|to feel interest|무슨 *재미*로|for what fun
|1443|떡01|명||A|rice cake|*떡*을 먹다|to eat rice cake|*떡*볶이|tteokbokki|가래*떡*|cylindrical rice cake
|1452|끝내다|동||A|to finish|일을 *끝내다*|to finish work|숙제를 *끝냈다*|finished homework|빨리 *끝내주세요*|please finish quickly
|1453|대답|명|對答|A|answer / reply|*대답*을 하다|to answer|*대답*이 없다|there is no answer|질문에 *대답*하다|to answer a question
|1454|시작01|명|始作|A|start / beginning|*시작*이 반이다|starting is half the battle|*시작* 시간|start time|방학의 *시작*|start of vacation
|1456|일주일|명|一週日|A|one week|*일주일* 내내|all week long|*일주일* 후|one week later|*일주일* 동안|for a week
|1458|춤01|명||A|dance|*춤*을 추다|to dance|*춤*을 배우다|to learn a dance|멋진 *춤*|cool dance
|1460|드리다01|동|인사를 ~|A|to give / to offer (honorific)|인사를 *드리다*|to give a greeting|말씀을 *드리다*|to speak to a senior|용돈을 *드리다*|to give pocket money to a senior
|1471|깨끗하다|형||A|to be clean|방이 *깨끗하다*|the room is clean|*깨끗한* 물|clean water|*깨끗하게* 청소하다|to clean up thoroughly
|1483|물어보다|동||A|to ask|길을 *물어보다*|to ask for directions|친구에게 *물어봤다*|asked a friend|이름을 *물어보다*|to ask one's name
|1484|미안하다|형|未安-|A|to be sorry|늦어서 *미안해*|sorry for being late|*미안한* 마음|sorry feeling|정말 *미안합니다*|I am really sorry
|1486|스트레스|명|stress|A|stress|*스트레스*를 받다|to get stressed|*스트레스*가 풀리다|stress is relieved|*스트레스* 해소|stress relief
564|1488|인사01|명|人士|A|public figure / personage|유명 *인사*|celebrity / famous person|주요 *인사*|key figure|사회 *인사*|public figure
|1491|과일01|명||A|fruit|*과일*을 깎다|to peel a fruit|제철 *과일*|seasonal fruit|신선한 *과일*|fresh fruit
|1505|눈04|명|~이 내리다|A|snow|*눈*이 오다|it snows|하얀 *눈*|white snow|*눈*사람을 만들다|to make a snowman
|1509|시월01|명|十月|A|October|*시월* 구일|October 9th|*시월*의 마지막 밤|the last night of October|이번 *시월*|this October
568|1517|박물관|명|博物館|A|museum|*박물관*에 가다|to go to a museum|역사 *박물관*|history museum|국립 *박물관*|national museum
569|1522|어서01|부||A|quickly / please|*어서* 오세요|welcome / come in quickly|*어서* 먹어라|eat quickly|*어서* 들어오세요|please come in
|1527|팔월|명|八月|A|August|*팔월* 십오일|August 15th|더운 *팔월*|hot August|*팔월* 휴가|August vacation
|1530|가방01|명|~을 메다|A|bag|*가방*을 메다|to carry a bag|무거운 *가방*|heavy bag|책*가방*|school bag
|1544|호14|의|號|A|room number / issue|백일 *호*|room 101|아파트 백사 *호*|apartment room 104|이번 *호* 잡지|this issue of the magazine
|1551|해01|의||A|year|한 *해* 동안|for one year|매 *해*|every year|두 *해* 전|two years ago
|1563|그릇01|명||A|bowl / dish|밥 한 *그릇*|a bowl of rice|*그릇*을 씻다|to wash dishes|빈 *그릇*|empty bowl
|1569|개03|명|동물|A|dog|*개*를 키우다|to raise a dog|귀여운 *개*|cute dog|*개*가 짖다|a dog barks
|1571|라디오|명|radio|A|radio|*라디오*를 듣다|to listen to the radio|*라디오* 방송|radio broadcast|*라디오*를 켜다|to turn on the radio
|1581|방학|명|放學|A|school vacation|여름 *방학*|summer vacation|*방학*을 하다|to have school break|겨울 *방학*|winter vacation
578|1598|남쪽|명|南-|A|south|*남쪽* 지방|southern region|*남쪽*으로 가다|to go south|따뜻한 *남쪽*|warm south
|1603|색깔|명|色-|A|color|*색깔*이 예쁘다|the color is pretty|무슨 *색깔*|what color|다양한 *색깔*|various colors
|1604|요리05|명|料理|A|cooking / dish|*요리*를 하다|to cook|한국 *요리*|Korean dish|*요리* 학원|cooking school
|1605|유명하다01|형|有名-|A|to be famous|*유명한* 식당|famous restaurant|세계적으로 *유명하다*|to be world-famous|가수로 *유명하다*|famous as a singer
|1611|외국인|명|外國人|A|foreigner|*외국인* 관광객|foreign tourist|*외국인* 등록증|alien registration card|*외국인* 친구|foreign friend
583|1619|부인01|명|夫人|A|wife / Mrs.|선생님의 *부인*|teacher's wife|사장님 *부인*|boss's wife|그의 *부인*|his wife
|1626|뛰다02|동|빨리 나아가다|A|to run|빠르게 *뛰다*|to run fast|운동장을 *뛰다*|to run on the playground|땀이 나도록 *뛰었다*|ran until sweating
|1627|숙제03|명|宿題|A|homework|*숙제*를 하다|to do homework|밀린 *숙제*|overdue homework|영어 *숙제*|English homework
|1632|우산01|명|雨傘|A|umbrella|*우산*을 쓰다|to use an umbrella|*우산*을 챙기다|to pack an umbrella|비닐 *우산*|plastic umbrella
|1643|지난달|명||A|last month|*지난달*에 만났다|met last month|*지난달* 요금|last month's bill|*지난달* 말|the end of last month
|1653|책상01|명|冊床|A|desk|*책상* 앞에 앉다|to sit at a desk|*책상* 서랍|desk drawer|*책상*을 정리하다|to organize a desk
|1654|춥다|형||A|to be cold|날씨가 *춥다*|the weather is cold|*추운* 겨울|cold winter|바람이 불어서 *춥다*|it's cold because the wind blows
|1660|둘째|수||A|second|*둘째* 아들|second son|*둘째* 주|second week|첫째와 *둘째*|the first and the second
|1662|무겁다|형||A|to be heavy|가방이 *무겁다*|the bag is heavy|*무거운* 짐|heavy load|발걸음이 *무겁다*|steps are heavy
592|1663|바람01|의|눈이 오는 ~에|A|because of (result)|늦잠을 자는 *바람에*|because I overslept|비가 오는 *바람에*|because it rained|서두르는 *바람에*|because I rushed
|1670|침대02|명|寢臺|A|bed|*침대*에 눕다|to lie on a bed|*침대*에서 일어나다|to get out of bed|*침대* 커버|bed cover
|1672|권01|의|卷|A|volume / book (counter)|책 한 *권*|one book|두 *권*의 책|two books|마지막 *권*|the last volume
|1677|시계01|명|時計|A|clock / watch|손목*시계*|wristwatch|*시계*를 보다|to look at a watch|알람 *시계*|alarm clock
|1680|잎01|명||A|leaf|나뭇*잎*|tree leaf|푸른 *잎*|green leaf|*잎*이 떨어지다|leaves fall
|1683|천천히|부||A|slowly|*천천히* 걷다|to walk slowly|*천천히* 말해주세요|please speak slowly|*천천히* 드세요|please take your time eating
|1689|스포츠|명|sports|A|sports|겨울 *스포츠*|winter sports|*스포츠* 중계|sports broadcast|*스포츠*를 즐기다|to enjoy sports
|1692|저기01|대||A|over there|*저기* 좀 봐|look over there|*저기*에 있다|it is over there|*저기요*|excuse me
600|1708|교회02|명|敎會|A|church|*교회*에 다니다|to go to church|*교회* 종소리|church bell ringing|일요일엔 *교회*에|to church on Sunday
601|1714|화06|명|~를 내다|A|anger|*화*가 나다|to be angry|*화*를 내다|to express anger|*화*가 풀리다|anger is relieved
|1725|일월01|명|一月|A|January|추운 *일월*|cold January|*일월* 일일|January 1st|*일월* 초순|early January
|1728|첫째|수||A|first|*첫째* 아들|first son|*첫째* 번|the first time|*첫째*로 중요하다|to be first in importance
604|1732|도서관|명|圖書館|A|library|학교 *도서관*|school library|*도서관*에서 빌리다|to borrow from a library|*도서관* 열람실|library reading room
|1741|선물03|명|膳物|A|gift|생일 *선물*|birthday present|*선물*을 주다|to give a gift|*선물*을 포장하다|to wrap a gift
|1743|아주머니|명||A|middle-aged woman|옆집 *아주머니*|the lady next door|친절한 *아주머니*|kind lady|*아주머니*라고 부르다|to call someone 'ajumoni'
|1744|위험|명|危險|A|danger|*위험*에 빠지다|to fall into danger|*위험* 요소|danger factor|*위험*을 경고하다|to warn of danger
608|1745|지하|명|地下|A|basement|*지하* 주차장|underground parking lot|*지하* 일 층|basement level 1|*지하* 상가|underground shopping mall
|1755|지하철|명|地下鐵|A|subway|*지하철*을 타다|to take the subway|*지하철* 역|subway station|*지하철* 노선도|subway map
610|1781|사무실|명|事務室|A|office|*사무실* 가구|office furniture|개인 *사무실*|private office|*사무실*에 출근하다|to go to the office
|1783|이월01|명|二月|A|February|*이월* 중순|mid-February|*이월* 졸업식|February graduation|올해 *이월*|February of this year
|1784|일요일|명|日曜日|A|Sunday|*일요일* 아침|Sunday morning|이번 주 *일요일*|this Sunday|*일요일*마다 쉬다|to rest every Sunday
|1795|쓰다02|동|모자를 ~|A|to wear|모자를 *쓰다*|to wear a hat|안경을 *쓰다*|to wear glasses|우산을 *쓰다*|to use an umbrella
|1812|강01|명|江|A|river|한*강* 시민공원|Han River Park|*강*을 건너다|to cross a river|*강*물이 흐르다|river water flows
|1819|비싸다|형||A|to be expensive|값이 *비싸다*|the price is high|*비싼* 옷|expensive clothes|너무 *비싸요*|it is too expensive
|1822|왼쪽|명||A|left side|*왼쪽* 눈|left eye|*왼쪽*으로 돌다|to turn left|길 *왼쪽*|left side of the road
|1824|택시|명|taxi|A|taxi|*택시*를 잡다|to catch a taxi|*택시* 승강장|taxi stand|*택시* 기사|taxi driver
|1844|시원하다|형||A|to be cool|*시원한* 바람|cool breeze|국물이 *시원하다*|the soup is refreshing|속이 *시원하다*|to feel relieved
|1846|어디01|감||A|well / let's see|*어디* 보자|let's see|*어디* 아파요?|are you hurting somewhere?|*어디* 좀 봅시다|let me take a look
|1852|뛰다01|동|심장이 ~|A|to beat|심장이 *뛰다*|heart beats|가슴이 *뛴다*|heart flutters|맥박이 *뛰다*|pulse beats
|1859|않다|동||A|to not do|가지 *않다*|to not go|하지 *않다*|to not do|먹지 *않았다*|did not eat
622|1862|잡지|명|雜誌|A|magazine|패션 *잡지*|fashion magazine|*잡지*를 읽다|to read a magazine|월간 *잡지*|monthly magazine
623|1867|댁01|명|宅|A|house (honorific)|선생님 *댁*|teacher's house|할머니 *댁*|grandmother's house|*댁*이 어디세요?|where is your home?
624|1868|반갑다|형||A|to be glad|만나서 *반갑다*|glad to meet you|*반가운* 소식|welcome news|*반갑게* 맞이하다|to welcome gladly
|1876|다녀오다|동||A|to go and come back|잘 *다녀오세요*|have a good trip|학교에 *다녀오다*|to be back from school|군대에 *다녀왔다*|served in the military
|1882|비디오|명|video|A|video|*비디오* 테이프|video tape|*비디오*를 보다|to watch a video|*비디오* 카메라|video camera
|1885|이쪽02|대||A|this way / this side|*이쪽*으로 오세요|please come this way|*이쪽* 방|this room|*이쪽*이 더 크다|this side is bigger
|1896|연습03|명|練習|A|practice|발음 *연습*|pronunciation practice|*연습*을 하다|to practice|피아노 *연습*|piano practice
|1897|오른쪽|명||A|right side|*오른쪽* 다리|right leg|*오른쪽*으로 꺾다|to turn right|*오른쪽* 귀|right ear
|1901|지도03|명|地圖|A|map|세계 *지도*|world map|*지도*를 그리다|to draw a map|*지도*를 확인하다|to check a map
|1904|화장실|명|化粧室|A|restroom|*화장실*에 가다|to go to the restroom|남자 *화장실*|men's restroom|*화장실* 청소|cleaning the restroom
|1933|주말02|명|週末|A|weekend|즐거운 *주말*|pleasant weekend|*주말* 여행|weekend trip|*주말*에 쉬다|to rest on the weekend
|1941|내년|명|來年|A|next year|*내년* 봄|next spring|*내년* 계획|next year's plan|*내년*이면 졸업이다|graduating next year
|1944|대학생|명|大學生|A|university student|평범한 *대학생*|ordinary college student|*대학생* 할인|student discount|*대학생* 시절|college days
|1959|닫다02|동||A|to close|문을 *닫다*|to close the door|창문을 *닫다*|to close the window|뚜껑을 *닫다*|to close a lid
|1963|생일02|명|生日|A|birthday|*생일* 파티|birthday party|*생일* 축하해|happy birthday|오늘 내 *생일*|today is my birthday
|1970|걸어가다|동||A|to walk|학교에 *걸어가다*|to walk to school|천천히 *걸어가다*|to walk over slowly|집까지 *걸어갔다*|walked all the way home
|1974|백화점|명|百貨店|A|department store|*백화점* 세일|department store sale|*백화점*에서 쇼핑하다|to shop at a department store|*백화점* 정문|department store main entrance
|1976|병05|명|甁|A|bottle|맥주 한 *병*|a bottle of beer|콜라 *병*|cola bottle|*병*에 담다|to put in a bottle
|1978|안녕하다|형|安寧-|A|to be well|*안녕히* 계세요|goodbye (stay well)|*안녕히* 주무세요|good night|모두 *안녕하신지*|if everyone is well
|1982|출발하다|동|出發-|A|to depart|공항으로 *출발하다*|to depart for the airport|정시에 *출발하다*|to depart on time|버스가 *출발했다*|the bus departed
|1987|고양이|명||A|cat|*고양이*를 키우다|to raise a cat|길*고양이*|stray cat|검은 *고양이*|black cat
|1996|중학교|명|中學校|A|middle school|*중학교* 친구|middle school friend|*중학교*를 다니다|to attend middle school|*중학교* 교복|middle school uniform
|1999|흰색|명|-色|A|white color|*흰색* 셔츠|white shirt|*흰색*으로 칠하다|to paint in white|눈처럼 *흰색*|white as snow
|2000|가수11|명|歌手|A|singer|유명한 *가수*|famous singer|인기 *가수*|popular singer|*가수*가 노래하다|a singer sings
|2027|약07|명|藥|A|medicine|*약*을 먹다|to take medicine|감기 *약*|cold medicine|*약*을 바르다|to apply ointment
|2031|저쪽|대||A|that way / that side|*저쪽*으로 가다|to go that way|*저쪽* 방|that room over there|*저쪽*이 더 멀다|that side is farther
|2033|창문|명|窓門|A|window|*창문*을 열다|to open the window|*창문*을 닫다|to close the window|*창문* 밖|outside the window
|2065|우유02|명|牛乳|A|milk|*우유*를 마시다|to drink milk|초코 *우유*|chocolate milk|신선한 *우유*|fresh milk
|2090|표04|명|票|A|ticket|기차 *표*|train ticket|*표*를 사다|to buy a ticket|영화 *표*|movie ticket
|2099|십일월|명|十一月|A|November|*십일월* 말|end of November|*십일월* 축제|November festival|늦은 *십일월*|late November
|2109|거울01|명||A|mirror|*거울*을 보다|to look in the mirror|전신 *거울*|full-length mirror|*거울*에 비치다|to be reflected in the mirror
|2130|빵01|명||A|bread|*빵*을 굽다|to bake bread|단팥*빵*|red bean bread|*빵*집|bakery
|2138|어제01|부||A|yesterday|*어제* 만났다|met yesterday|*어제*보다 덥다|hotter than yesterday|*어제* 아침|yesterday morning
|2141|위험하다|형|危險-|A|to be dangerous|길이 *위험하다*|the road is dangerous|*위험한* 행동|dangerous behavior|밤길이 *위험하다*|the night road is dangerous
|2145|졸업하다|동|卒業-|A|to graduate|대학을 *졸업하다*|to graduate from university|일찍 *졸업하다*|to graduate early|작년에 *졸업했다*|graduated last year
|2159|부엌|명||A|kitchen|*부엌*데기|kitchen maid|*부엌*에서 요리하다|to cook in the kitchen|*부엌* 가구|kitchen furniture
658|2179|북쪽|명|北-|A|north|*북쪽* 하늘|northern sky|*북쪽*으로 향하다|to head north|추운 *북쪽*|cold north
659|2181|쇠고기|명||A|beef|*쇠고기*를 굽다|to grill beef|*쇠고기* 국|beef soup|*쇠고기* 스테이크|beef steak
|2183|주26|명|週|A|week|이번 *주*|this week|다음 *주*|next week|한 *주* 동안|for a week
|2184|카드|명|card|A|card|신용 *카드*|credit card|생일 *카드*|birthday card|*카드*를 긁다|to swipe a card
|2192|단어|명|單語|A|word|새로운 *단어*|new word|*단어*를 외우다|to memorize words|어려운 *단어*|difficult word
|2194|도와주다|동||A|to help|일을 *도와주다*|to help with work|할머니를 *도와드렸다*|helped grandmother|좀 *도와주세요*|please help me
|2199|신발|명||A|shoes|*신발*을 신다|to put on shoes|*신발*을 벗다|to take off shoes|예쁜 *신발*|pretty shoes
|2207|김치01|명||A|Kimchi|*김치*를 담그다|to make Kimchi|매운 *김치*|spicy Kimchi|*김치* 찌개|Kimchi stew
|2230|날다01|동||A|to fly|하늘을 *날다*|to fly in the sky|새가 *날다*|a bird flies|비행기가 *날아오르다*|a plane takes off
|2236|설탕|명|雪糖|A|sugar|*설탕*을 뿌리다|to sprinkle sugar|달콤한 *설탕*|sweet sugar|*설탕* 한 스푼|a spoonful of sugar
|2240|싸다05|형|집값이 ~|A|to be cheap|물건이 *싸다*|the item is cheap|값이 *싼* 가게|a cheap shop|생각보다 *싸다*|cheaper than I thought
|2252|어제01|명|어저께|A|yesterday|*어제*의 일|yesterday's event|*어제*가 생일이었다|yesterday was the birthday|*어제*와 다르다|different from yesterday
|2256|점심|명|點心|A|lunch|*점심*을 먹다|to eat lunch|*점심* 시간|lunch time|맛있는 *점심*|delicious lunch
|2273|칼01|명|베는 도구|A|knife|*칼*로 자르다|to cut with a knife|날카로운 *칼*|sharp knife|과일 *칼*|fruit knife
|2284|슬프다|형||A|to be sad|마음이 *슬프다*|heart is sad|*슬픈* 영화|sad movie|너무 *슬퍼요*|I'm so sad
|2292|의자03|명|椅子|A|chair|*의자*에 앉다|to sit on a chair|편안한 *의자*|comfortable chair|*의자*를 옮기다|to move a chair
|2298|카메라|명|camera|A|camera|디지털 *카메라*|digital camera|*카메라*를 켜다|to turn on the camera|*카메라*로 찍다|to take a photo with a camera
|2327|토요일|명|土曜日|A|Saturday|*토요일* 오후|Saturday afternoon|이번 주 *토요일*|this Saturday|*토요일*에 만나요|see you on Saturday
676|2329|경찰관|명|警察官|A|police officer|*경찰관*이 되다|to become a police officer|*경찰관* 아저씨|policeman|*경찰관*에게 신고하다|to report to a police officer
|2331|극장|명|劇場|A|theater|*극장*에서 영화 보다|to watch a movie at a theater|*극장* 입구|theater entrance|*극장*을 가다|to go to the theater
|2390|오랜만|명||A|long time|*오랜만*에 만났다|met after a long time|정말 *오랜만*이에요|it's been a really long time|*오랜만*의 휴가|a vacation after a long time
|2410|백05|관|百|A|hundred|*백* 명|hundred people|*백* 점|hundred points|*백* 미터|hundred meters
|2419|아줌마|명||A|middle-aged woman (informal)|옆집 *아줌마*|the lady next door|*아줌마*라고 부르지 마|don't call me 'ajumma'|식당 *아줌마*|restaurant lady
|2426|추다02|동|춤을 ~|A|to dance|춤을 *추다*|to dance|신나게 *추었다*|danced excitedly|잘 *추는* 사람|someone who dances well
|2427|켜다01|동|성냥을 ~|A|to turn on / to light|불을 *켜다*|to turn on the light|라디오를 *켜다*|to turn on the radio|컴퓨터를 *켰다*|turned on the computer
|2433|공항02|명|空港|A|airport|*공항*에 가다|to go to the airport|국제 *공항*|international airport|*공항* 면세점|airport duty-free shop
684|2434|군인|명|軍人|A|soldier|*군인*이 되다|to become a soldier|늠름한 *군인*|gallant soldier|*군인* 아저씨|soldier mister
|2447|아니요|감||A|no|*아니요*, 괜찮아요|no, it's okay|*아니요*, 아니에요|no, it isn't|*아니요*, 싫어요|no, I don't want to
686|2457|치마01|명||A|skirt|*치마*를 입다|to wear a skirt|짧은 *치마*|short skirt|긴 *치마*|long skirt
|2460|호텔|명|hotel|A|hotel|*호텔*에 묵다|to stay at a hotel|오성급 *호텔*|five-star hotel|*호텔* 예약|hotel reservation
688|2465|깎다|동||A|to cut / to peel / to discount|사과를 *깎다*|to peel an apple|머리를 *깎다*|to cut hair|값을 *깎다*|to cut the price
689|2466|다리02|명|교량|A|bridge|*다리*를 건너다|to cross a bridge|큰 *다리*|big bridge|한강 *다리*|Han River bridge
|2484|청소06|명|淸掃|A|cleaning|방 *청소*|cleaning the room|*청소*를 하다|to clean|대*청소*|general cleaning
|2491|걱정하다|동||A|to worry|부모님이 *걱정하신다*|parents worry|너무 *걱정하지* 마세요|don't worry too much|시험을 *걱정하다*|to worry about an exam
|2493|구름01|명||A|cloud|*구름*이 끼다|to get cloudy|하얀 *구름*|white cloud|*구름*이 걷히다|clouds clear away
|2495|끄다01|동|불을 ~|A|to turn off|불을 *끄다*|to turn off the light|티비를 *끄다*|to turn off the TV|컴퓨터를 *껐다*|turned off the computer
|2520|계절01|명|季節|A|season|사*계절*|four seasons|좋아하는 *계절*|favorite season|*계절*이 바뀌다|seasons change
695|2534|운동장|명|運動場|A|playground|*운동장*에서 놀다|to play on the playground|넓은 *운동장*|wide playground|학교 *운동장*|school playground
696|2569|동쪽|명|東-|A|east|*동쪽* 하늘|eastern sky|*동쪽*으로 가다|to go east|해 뜨는 *동쪽*|east where the sun rises
|2582|잠깐|명||A|moment|*잠깐* 기다려|wait a moment|*잠깐* 동안|for a short while|*잠깐*만요|just a moment
|2585|주26|의|週|A|week (counter)|한 *주*|one week|삼 *주* 동안|for three weeks|몇 *주* 전|several weeks ago
699|2603|요즈음|명||A|these days|*요즈음* 날씨|the weather these days|*요즈음* 어때?|how are you these days?|*요즈음* 바빠요|I am busy lately
|2606|잃어버리다|동||A|to lose|지갑을 *잃어버리다*|to lose a wallet|길을 *잃어버렸다*|lost the way|기회를 *잃어버리다*|to lose an opportunity
|2607|잠깐|부||A|for a moment|*잠깐* 쉬다|to rest for a moment|*잠깐* 기다려 주세요|please wait a moment|*잠깐* 나갔다 오다|to go out for a moment
|2610|조용하다01|형||A|to be quiet|교실이 *조용하다*|the classroom is quiet|*조용한* 노래|quiet song|*조용히* 하세요|please be quiet
|2614|한복|명|韓服|A|Hanbok|*한복*을 입다|to wear Hanbok|*한복*이 잘 어울리다|Hanbok looks good on (you)|예쁜 *한복*|pretty Hanbok
|2623|라면01|명|&일ramen|A|ramen|*라면*을 끓이다|to cook ramen|매운 *라면*|spicy ramen|*라면* 한 그릇|a bowl of ramen
|2627|바지01|명||A|pants|긴 *바지*|long pants|*바지*를 입다|to wear pants|청*바지*|blue jeans
|2636|싫어하다|동||A|to dislike|공부를 *싫어하다*|to dislike studying|청소를 *싫어한다*|to hate cleaning|*싫어하는* 음식|food one dislikes
|2639|테이블|명|table|A|table|*테이블* 위에 놓다|to put on the table|식당 *테이블*|restaurant table|*테이블*을 닦다|to wipe the table
|2641|피곤하다|형|疲困-|A|to be tired|몸이 *피곤하다*|the body is tired|*피곤한* 하루|tiring day|눈이 *피곤하다*|eyes are tired
|2642|한국어|명|韓國語|A|Korean language|*한국어* 선생님|Korean teacher|*한국어*를 배우다|to learn Korean|*한국어* 능력|Korean language ability
|2643|한자02|명|漢字|A|Chinese characters|*한자*를 쓰다|to write Chinese characters|어려운 *한자*|difficult Chinese characters|*한자* 교육|Hanja education
|2657|시06|명|市|A|city|서울*시*|Seoul city|*시*청 건물|city hall building|*시* 중심|city center
712|2659|안경03|명|眼鏡|A|glasses|*안경*을 쓰다|to wear glasses|*안경*을 맞추다|to get glasses made|*안경*을 벗다|to take off glasses
|2660|약속하다|동|約束-|A|to promise|만나기로 *약속하다*|to promise to meet|지키겠다고 *약속했다*|promised to keep (it)|꼭 *약속할게*|I will surely promise
|2671|취미04|명|趣味|A|hobby|*취미* 생활|hobby life|*취미*가 뭐예요?|what is your hobby?|독서가 *취미*이다|reading is a hobby
|2678|덥다01|형||A|to be hot|날씨가 *덥다*|the weather is hot|*더운* 여름|hot summer|집 안이 *덥다*|it's hot inside the house
|2679|둘째|관||A|second|*둘째* 아들|second son|*둘째* 자리|second seat|*둘째* 줄|second row
|2688|야구02|명|野球|A|baseball|*야구* 경기|baseball game|*야구* 선수|baseball player|*야구*를 보다|to watch baseball
|2692|이03|명|신체|A|tooth|*이*를 닦다|to brush one's teeth|*이*가 아프다|tooth hurts|앞*니*|front tooth
719|2705|구경01|명||A|sightseeing|꽃 *구경*|flower viewing|*구경*을 가다|to go sightseeing|사람 *구경*|people watching
|2706|그분|대||A|that person (honorific)|*그분*은 누구세요?|who is that person?|*그분*께 드리다|to give to that person|*그분*을 뵙다|to see that person
|2715|신다|동||A|to wear (shoes)|양말을 *신다*|to put on socks|구두를 *신다*|to wear dress shoes|운동화를 *신었다*|put on sneakers
|2724|죄송하다|형|罪悚-|A|to be sorry (honorific)|늦어서 *죄송합니다*|I am sorry for being late|*죄송한* 마음|feeling of apology|정말 *죄송해요*|I am really sorry
|2726|크다01|동||A|to grow|키가 *크다*|to grow tall|나무가 *크다*|trees grow|쑥쑥 *커요*|growing up fast
|2736|그럼02|감||A|then / of course|*그럼*, 당연하지|then, of course|*그럼* 안녕히 계세요|well then, goodbye|*그럼* 시작합시다|then, let's start
|2771|셋|수||A|three|사과 *셋*|three apples|*셋*까지 세다|to count to three|*셋*이서 가다|three of us go
726|2803|생선|명|生鮮|A|fish|*생선*을 굽다|to grill fish|*생선* 찌개|fish stew|신선한 *생선*|fresh fish
727|2812|지우다01|동|낙서를 ~|A|to erase|글씨를 *지우다*|to erase writing|화장을 *지우다*|to remove makeup|칠판을 *지웠다*|erased the blackboard
|2834|셋째|수||A|third|*셋째* 아들|third son|*셋째* 번|third time|*셋째*로 크다|third largest
|2845|졸업|명|卒業|A|graduation|*졸업* 파티|graduation party|*졸업* 선물|graduation gift|고등학교 *졸업*|high school graduation
|2857|닭|명||A|chicken|*닭*을 키우다|to raise chickens|*닭*고기 요리|chicken dish|*닭*이 울다|a rooster crows
|2861|맥주|명|麥酒|A|beer|*맥주* 한 잔|a glass of beer|시원한 *맥주*|cold beer|*맥주*를 마시다|to drink beer
732|2887|교과서|명|敎科書|A|textbook|수학 *교과서*|math textbook|*교과서*를 읽다|to read a textbook|*교과서* 위주로|based on textbooks
|2893|돼지|명||A|pig|*돼지* 저금통|piggy bank|*돼지* 꿈|dream about pigs|*돼지*를 기르다|to raise pigs
|2899|수영02|명|水泳|A|swimming|*수영*을 하다|to swim|*수영* 선수|swimmer|*수영* 대회|swimming competition
|2905|잊어버리다|동||A|to forget|이름을 *잊어버리다*|to forget a name|약속을 *잊어버렸다*|forgot an appointment|전혀 *잊어버렸어*|forgot completely
|2919|기차01|명|汽車|A|train|*기차*를 타다|to take a train|*기차* 여행|train trip|*기차*가 도착하다|the train arrives
737|2932|식탁|명|食卓|A|dining table|*식탁*을 차리다|to set the table|*식탁*에 앉다|to sit at the table|나무 *식탁*|wooden dining table
|2950|공원03|명|公園|A|park|*공원* 산책|stroll in the park|집 근처 *공원*|park near house|*공원*에서 놀다|to play in the park
739|2970|안되다01|동|공부가 ~|A|to not work out|일이 *안되다*|work is not going well|공부가 잘 *안된다*|studies aren't going well|얼굴이 *안됐네*|you look unwell
|2994|날짜01|명||A|date|오늘 *날짜*|today's date|*날짜*를 잡다|to set a date|*날짜*가 지나다|the date has passed
|3005|샌드위치|명|sandwich|A|sandwich|*샌드위치*를 먹다|to eat a sandwich|햄 *샌드위치*|ham sandwich|*샌드위치*를 만들다|to make a sandwich
|3027|그쪽|대||A|you / that side|*그쪽* 생각|your opinion|*그쪽*으로 가다|to go that way|*그쪽*은 어때요?|how is it on your side?
|3052|차09|명|茶|A|tea|따뜻한 *차*|warm tea|녹*차* 한 잔|a cup of green tea|*차*를 마시다|to drink tea
|3064|검은색|명|-色|A|black color|*검은색* 양복|black suit|*검은색* 머리|black hair|*검은색*으로 칠하다|to paint in black
|3081|여보세요|감||A|hello (on phone)|*여보세요*, 정우니?|Hello, is this Jung-woo?|*여보세요*, 누구세요?|Hello, who is this?|*여보세요*, 거기 누구 없어요?|Hello, is anyone there?
|3090|천03|관|千|A|thousand|*천* 명의 사람들|thousand people|*천* 원|thousand won|*천* 미터|thousand meters
|3102|거01|대|것|A|thing / stuff|내 *거*야|it's mine|맛있는 *거*|something delicious|그 *거* 주세요|give me that thing
748|3152|서쪽|명|西-|A|west|*서쪽* 바다|western sea|*서쪽*으로 지다|to set in the west|*서쪽* 하늘|western sky
|3214|경찰서|명|警察署|A|police station|*경찰서*에 신고하다|to report to a police station|*경찰서* 위치|location of the police station|근처 *경찰서*|nearby police station
|3217|구두01|명||A|shoes|가죽 *구두*|leather shoes|*구두*를 신다|to put on shoes|검은 *구두*|black dress shoes
|3237|사과05|명|沙果|A|apple|*사과*를 깎다|to peel an apple|빨간 *사과*|red apple|*사과* 주스|apple juice
752|3287|여학생|명|女學生|A|female student|고등학교 *여학생*|high school girl|친절한 *여학생*|kind female student|*여학생* 교복|female student uniform
|3311|냉장고|명|冷藏庫|A|refrigerator|*냉장고*에 넣다|to put in the fridge|김치 *냉장고*|Kimchi refrigerator|*냉장고*를 열다|to open the fridge
|3343|감기04|명|感氣|A|cold (illness)|*감기*에 걸리다|to catch a cold|*감기* 기운|symptoms of a cold|독한 *감기*|bad cold
|3389|결혼식|명|結婚式|A|wedding ceremony|*결혼식*장|wedding hall|*결혼식*에 가다|to go to a wedding|친구의 *결혼식*|friend's wedding
|3398|노래하다|동||A|to sing|기쁘게 *노래하다*|to sing joyfully|무대에서 *노래하다*|to sing on stage|노래를 *노래해요*|singing a song
|3520|내일|부|來日|A|tomorrow|*내일* 오다|to come tomorrow|*내일* 만나|see you tomorrow|*내일* 봐요|see you tomorrow
|3630|늦다|동||A|to be late|시간에 *늦다*|to be late for time|학교에 *늦었다*|was late for school|약속에 *늦지* 마|don't be late for the appointment
759|3703|연필|명|鉛筆|A|pencil|*연필*로 쓰다|to write with a pencil|*연필*을 깎다|to sharpen a pencil|진한 *연필*|dark pencil
760|3707|운전02|명|運轉|A|driving|음주 *운전*|drunk driving|*운전* 면허증|driver's license|*운전*을 배우다|to learn driving
|3743|몇|수||A|how many / a few|*몇* 개예요?|how many are there?|*몇* 명입니까?|how many people?|*몇* 번이나 말했다|said several times
|3754|불고기|명||A|Bulgogi|*불고기* 2인분|two servings of Bulgogi|*불고기*를 먹다|to eat Bulgogi|맛있는 *불고기*|delicious Bulgogi
763|3808|목욕|명|沐浴|A|bath|*목욕*을 하다|to take a bath|*목욕* 가방|bath bag|매일 *목욕*해요|taking a bath every day
|3836|전화번호|명|電話番號|A|phone number|*전화번호*를 묻다|to ask for a phone number|*전화번호*가 바뀌다|phone number changed|*전화번호*부|phone book
|3847|감사하다05|형|感謝-|A|to be thankful|도움에 *감사합니다*|thank you for the help|*감사한* 마음|thankful heart|정말 *감사해요*|I'm truly thankful
|3865|만06|관|萬|A|ten thousand|*만* 원|ten thousand won|*만* 명|ten thousand people|*만* 삼천|thirteen thousand
|3888|지갑03|명|紙匣|A|wallet|*지갑*을 잃어버리다|to lose a wallet|가죽 *지갑*|leather wallet|*지갑*에 넣다|to put in a wallet
768|3894|친절하다|형|親切-|A|to be kind|사람들이 *친절하다*|people are kind|*친절한* 안내|kind guidance|*친절하게* 대하다|to treat kindly
769|3924|먹다02|보|잊어 ~|A|to do (auxiliary)|잊어 *먹다*|to completely forget|빌려 *먹다*|to borrow (and consume)|욕을 얻어 *먹다*|to be cursed at
|3927|못하다|형||A|to be bad at|노래를 *못하다*|to be bad at singing|영어를 *못해요*|I'm not good at English|요리를 *못하다*|to be bad at cooking
|4015|저거01|대||A|that thing|*저거* 얼마예요?|how much is that?|*저거* 주세요|give me that|*저거* 내 책이야|that's my book
|4041|걸어오다01|동|집까지 ~|A|to walk (to here)|집까지 *걸어오다*|to walk home|멀리서 *걸어오다*|to walk from afar|학교에서 *걸어왔다*|walked from school
|4059|모자08|명|帽子|A|hat / cap|*모자*를 쓰다|to wear a hat|빨간 *모자*|red hat|*모자*를 벗다|to take off a hat
|4073|소파06|명|sofa|A|sofa|*소파*에 앉다|to sit on the sofa|가죽 *소파*|leather sofa|편안한 *소파*|comfortable sofa
|4078|스무|관||A|twenty|*스무* 명|twenty people|*스무* 살|twenty years old|*스무* 마리|twenty animals
|4087|역14|명|驛|A|station|서울*역*|Seoul Station|*역*에서 만나다|to meet at the station|지하철 *역*|subway station
|4096|인사하다|동|人事-|A|to greet|선생님께 *인사하다*|to greet the teacher|반갑게 *인사했다*|greeted gladly|처음 *인사하는* 자리|a place to greet for the first time
778|4142|여권02|명|旅券|A|passport|*여권*을 만들다|to make a passport|*여권* 사진|passport photo|*여권* 만료|passport expiration
779|4143|열쇠|명||A|key|방 *열쇠*|room key|*열쇠*로 열다|to open with a key|차 *열쇠*|car key
|4145|오렌지|명|orange|A|orange|*오렌지* 주스|orange juice|*오렌지*를 까다|to peel an orange|신선한 *오렌지*|fresh orange
|4266|다03|명||A|all / everything|*다* 먹다|to eat all|*다* 했어요|I'm all done|그게 *다*예요|that is all
|4276|번호02|명|番號|A|number|전화*번호*|phone number|*번호*를 누르다|to press the number|비밀*번호*|password
|4304|저것|대||A|that thing over there|*저것*을 보다|to look at that|*저것*도 좋다|that is also good|*저것*은 산이다|that is a mountain
|4353|수박01|명|과일|A|watermelon|달콤한 *수박*|sweet watermelon|*수박* 한 통|a whole watermelon|*수박*을 자르다|to cut a watermelon
|4386|첫째|관||A|first|*첫째* 아이|first child|*첫째* 일요일|first Sunday|*첫째* 골목|first alley
|4402|과자02|명|菓子|A|snack / cracker|달콤한 *과자*|sweet snack|*과자*를 먹다|to eat snacks|봉지 *과자*|bagged snacks
|4416|대학교|명|大學校|A|university|*대학교* 축제|university festival|*대학교*에 다니다|to go to university|유명한 *대학교*|famous university
|4418|돼지고기|명||A|pork|*돼지고기* 구이|grilled pork|매운 *돼지고기*|spicy pork|*돼지고기* 찌개|pork stew
|4444|안녕히|부|安寧-|A|peacefully|*안녕히* 계세요|stay in peace (goodbye)|*안녕히* 가세요|go in peace (goodbye)|*안녕히* 주무셨어요?|did you sleep peacefully?
|4461|전화하다02|동|電話-|A|to call|친구에게 *전화하다*|to call a friend|자주 *전화할게*|I'll call often|*전화하는* 중|calling right now
|4527|수건|명|手巾|A|towel|*수건*으로 닦다|to wipe with a towel|깨끗한 *수건*|clean towel|젖은 *수건*|wet towel
|4535|양복01|명|洋服|A|suit|*양복*을 입다|to wear a suit|멋진 *양복*|cool suit|*양복* 한 벌|a suit
|4547|잠자다|동||A|to sleep|일찍 *잠자다*|to sleep early|곤히 *잠잤다*|slept soundly|*잠자는* 아기|sleeping baby
|4550|젓가락|명||A|chopsticks|*젓가락*질|using chopsticks|*젓가락*을 놓다|to set down chopsticks|나무 *젓가락*|wooden chopsticks
|4572|피아노01|명|piano|A|piano|*피아노*를 치다|to play the piano|*피아노* 학원|piano academy|*피아노* 소리|piano sound
|4656|축하하다|동|祝賀-|A|to congratulate|생일을 *축하하다*|to congratulate on a birthday|진심으로 *축하해요*|congratulations sincerely|합격을 *축하했다*|congratulated on passing
797|4776|기숙사|명|寄宿舍|A|dormitory|학교 *기숙사*|school dorm|*기숙사* 생활|dorm life|*기숙사*에 살다|to live in a dorm
|4802|산책|명|散策|A|walk / stroll|*산책*을 하다|to take a walk|아침 *산책*|morning walk|공원 *산책*|park stroll
|4822|운동하다|동|運動-|A|to exercise|매일 *운동하다*|to exercise daily|공원에서 *운동해요*|exercising in the park|열심히 *운동했다*|exercised hard
|4823|월요일|명|日曜日|A|Monday|*월요일* 아침|Monday morning|다가오는 *월요일*|coming Monday|*월요일*마다 만나요|see you every Monday
801|4836|주소01|명|住所|A|address|집 *주소*|home address|*주소*를 쓰다|to write an address|*주소*가 바뀌다|the address has changed
|4849|파티|명|party|A|party|생일 *파티*|birthday party|*파티*를 열다|to throw a party|*파티*에 초대하다|to invite to a party
|4881|달다07|형|맛|A|to be sweet|맛이 *달다*|the taste is sweet|*단* 음식|sweet food|사과가 아주 *달아요*|the apple is very sweet
|4946|청소하다03|동|淸掃-|A|to clean|방을 *청소하다*|to clean a room|집안을 *청소해요*|cleaning the house|함께 *청소합시다*|let's clean together
|4966|감사하다05|동|感謝-|A|to thank|도움에 *감사하다*|to thank for help|깊이 *감사드립니다*|I am deeply grateful|친절에 *감사해요*|thank you for your kindness
|4996|등산|명|登山|A|hiking|*등산*을 가다|to go hiking|*등산*화|hiking boots|주말 *등산*|weekend hiking
|5002|메뉴|명|menu|A|menu|*메뉴*판을 보다|to look at the menu|인기 *메뉴*|popular menu|*메뉴*를 고르다|to choose from the menu
|5040|셋째|관||A|third|*셋째* 아들|third son|*셋째* 딸|third daughter|*셋째* 칸|third compartment
|5040|외국어|명|外國語|A|foreign language|*외국어* 공부|studying a foreign language|*외국어*를 배우다|to learn a foreign language|유창한 *외국어*|fluent foreign language
|5048|자장면|명|&중Zhajiangmian|A|black bean noodles|*자장면*을 시키다|to order jajangmyeon|맛있는 *자장면*|delicious jajangmyeon|*자장면* 곱배기|double serving of jajangmyeon
|5053|중학생|명|中學生|A|middle school student|*중학생* 시절|middle school days|*중학생* 아들|middle school son|평범한 *중학생*|ordinary middle school student
|5070|휴일|명|休日|A|holiday|즐거운 *휴일*|pleasant holiday|*휴일*에 쉬다|to rest on a holiday|공식 *휴일*|official holiday
813|5088|달력|명|-曆|A|calendar|*달력*을 보다|to look at a calendar|탁상 *달력*|desk calendar|새해 *달력*|new year calendar
814|5121|소풍02|명|逍風|A|picnic|가을 *소풍*|autumn picnic|*소풍*을 가다|to go on a picnic|*소풍* 도시락|picnic lunch box
|5154|춤추다|동||A|to dance|노래하며 *춤추다*|to sing and dance|무대에서 *춤춰요*|dancing on stage|함께 *춤춥시다*|let's dance together
|5157|테니스|명|tennis|A|tennis|*테니스*를 치다|to play tennis|*테니스* 라켓|tennis racket|*테니스* 경기|tennis match
|5179|공책01|명|空冊|A|notebook|*공책*에 적다|to write in a notebook|줄 *공책*|lined notebook|새 *공책*|new notebook
818|5201|똑바로|부||A|straight|*똑바로* 앉다|to sit up straight|*똑바로* 가다|to go straight|*똑바로* 서다|to stand straight
|5215|배03|명|열매|A|pear|달콤한 *배*|sweet pear|*배*를 깎다|to peel a pear|시원한 *배*|refreshing pear
820|5229|서점03|명|書店|A|bookstore|중고 *서점*|used bookstore|*서점*에서 살다|to live at the bookstore|대형 *서점*|large bookstore
|5248|양말01|명|洋襪|A|socks|*양말*을 신다|to put on socks|*양말*을 벗다|to take off socks|두꺼운 *양말*|thick socks
|5293|초대하다02|동|招待-|A|to invite|친구를 *초대하다*|to invite a friend|집으로 *초대해요*|inviting to the house|저녁 식사에 *초대받다*|to be invited to dinner
|5382|연습하다03|동|練習-|A|to practice|발음을 *연습하다*|to practice pronunciation|매일 *연습해요*|practicing every day|피아노를 *연습하다*|to practice the piano
824|5452|경치02|명|景致|A|scenery|*경치*가 좋다|the scenery is good|아름다운 *경치*|beautiful scenery|*경치*를 구경하다|to see the sights
|5491|발음01|명|發音|A|pronunciation|*발음*이 좋다|pronunciation is good|정확한 *발음*|accurate pronunciation|*발음*을 연습하다|to practice pronunciation
|5538|재미없다|형||A|to be uninteresting|영화가 *재미없다*|the movie is boring|*재미없는* 이야기|uninteresting story|정말 *재미없어요*|it's really no fun
|5553|주스|명|juice|A|juice|사과 *주스*|apple juice|*주스*를 마시다|to drink juice|오렌지 *주스*|orange juice
|5567|콜라|명|cola|A|cola|*콜라* 한 병|a bottle of cola|시원한 *콜라*|cold cola|*콜라*를 마시다|to drink cola
|5594|남학생|명|男學生|A|male student|*남학생* 교복|male student uniform|성실한 *남학생*|sincere male student|*남학생*들|male students
|5777|식사하다02|동|食事-|A|to have a meal|같이 *식사하다*|to have a meal together|맛있게 *식사하세요*|enjoy your meal|*식사했어*?|did you eat?
831|5791|우체국|명|郵遞局|A|post office|*우체국*에 가다|to go to the post office|근처 *우체국*|nearby post office|*우체국* 택배|post office parcel service
|5860|고프다|형||A|to be hungry|배가 *고프다*|to be hungry|배가 *고파요*|I am hungry|너무 *고프다*|to be very hungry
833|5883|대사관|명|大使館|A|embassy|한국 *대사관*|Korean Embassy|*대사관*에 가다|to go to the embassy|미국 *대사관*|US Embassy
|5905|배고프다|형||A|to be hungry|너무 *배고프다*|to be very hungry|*배고픈* 아이|hungry child|배가 너무 *배고파요*|I'm so hungry
|5923|삼06|수|三|A|three|*삼* 개월|three months|*삼* 층|third floor|*삼* 번|number three
|5949|여행하다01|동|旅行-|A|to travel|해외를 *여행하다*|to travel abroad|혼자 *여행해요*|traveling alone|세계를 *여행하다*|to travel the world
837|5966|정류장|명|停留場|A|bus stop|버스 *정류장*|bus stop|*정류장*에서 기다리다|to wait at the stop|다음 *정류장*|next stop
|6050|맵다|형||A|to be spicy|음식이 *맵다*|the food is spicy|*매운* 김치|spicy Kimchi|너무 *매워요*|it's too spicy
|6102|여동생|명|女同生|A|younger sister|친한 *여동생*|close younger sister|*여동생*이 있다|to have a younger sister|귀여운 *여동생*|cute younger sister
840|6108|오래간만|명||A|long time|*오래간만*에 만나다|to meet after a long time|*오래간만*의 인사|greeting after a long time|*오래간만*이라 반갑다|glad because it's been a long time
|6132|점심시간|명|點心時間|A|lunchtime|즐거운 *점심시간*|pleasant lunchtime|*점심시간*이 되다|it's lunchtime|*점심시간*에 봐요|see you at lunchtime
|6169|휴지02|명|休紙|A|tissue|*휴지*를 쓰다|to use a tissue|화장실 *휴지*|toilet paper|*휴지* 한 통|a box of tissues
|6198|넷째|수||A|fourth|*넷째* 아들|fourth son|*넷째* 번|the fourth time|*넷째*로 중요하다|fourth in importance
|6321|태권도|명|跆拳道|A|Taekwondo|*태권도*를 배우다|to learn Taekwondo|*태권도* 도장|Taekwondo gym|*태권도* 선수|Taekwondo athlete
|6340|햄버거|명|hamburger|A|hamburger|*햄버거*를 먹다|to eat a hamburger|치즈 *햄버거*|cheeseburger|*햄버거* 세트|hamburger set
|6352|감사08|명|感謝|A|gratitude|*감사* 인사를 하다|to express gratitude|*감사*의 뜻|meaning of gratitude|*감사*를 표하다|to show thanks
|6447|슈퍼마켓|명|supermarket|A|supermarket|*슈퍼마켓*에서 사다|to buy at the supermarket|동네 *슈퍼마켓*|neighborhood supermarket|*슈퍼마켓* 주인|supermarket owner
|6608|비누|명||A|soap|*비누*로 씻다|to wash with soap|향기로운 *비누*|fragrant soap|*비누* 거품|soap bubbles
|6621|세수04|명|洗手|A|washing face|*세수*를 하다|to wash one's face|아침 *세수*|morning wash|*세수*하고 올게|I'll be back after washing up
|6693|찌개01|명||A|stew|김치*찌개*|Kimchi stew|된장*찌개*|soybean paste stew|*찌개*를 끓이다|to boil a stew
|6766|넥타이|명|necktie|A|necktie|*넥타이*를 매다|to tie a necktie|멋진 *넥타이*|cool necktie|*넥타이*를 풀다|to loosen a necktie
|6784|매일|명|每日|A|every day|*매일*의 생활|daily life|*매일*이 즐겁다|every day is fun|*매일*을 보람차게|making every day meaningful
|6854|월02|의|月|A|month (counter)|삼 *월*|March|십이 *월*|December|몇 *월*입니까?|what month is it?
854|6878|잡수시다|동||A|to eat (honorific)|맛있게 *잡수시다*|to eat deliciously|많이 *잡수세요*|please eat a lot|저녁을 *잡수셨어요*?|have you eaten dinner?
|6930|한국말|명|韓國-|A|Korean language|*한국말*을 잘하다|to be good at Korean|*한국말*로 말해요|speak in Korean|*한국말* 공부|Korean language study
|6951|계란|명|鷄卵|A|egg|*계란* 프라이|fried egg|*계란*을 삶다|to boil an egg|*계란* 한 판|a tray of eggs
|6980|넷01|수||A|four|사과 *넷*|four apples|*넷*을 세다|to count four|*넷*이서 같이|the four of us together
|7071|에어컨|명|air conditioner|A|air conditioner|*에어컨*을 켜다|to turn on the AC|*에어컨* 바람|AC breeze|*에어컨*을 끄다|to turn off the AC
859|7129|초대06|명|招待|A|invitation|*초대*를 받다|to receive an invitation|생일 *초대*|birthday invitation|*초대*에 감사하다|to thank for the invitation
860|7270|사전22|명|辭典|A|dictionary|전자 *사전*|electronic dictionary|*사전*을 찾다|to look up in a dictionary|국어 *사전*|Korean dictionary
|7291|실례01|명|失禮|A|discourtesy|*실례*가 많았습니다|I have been very rude|*실례*를 무릅쓰고|taking the liberty|*실례*지만 누구세요?|excuse me, but who are you?
|7294|안녕|감|安寧|A|hello/goodbye|친구야, *안녕*!|hello, friend!|그럼 *안녕*|well then, goodbye|*안녕*히 가세요|goodbye (go in peace)
|7298|약국02|명|藥局|A|pharmacy|*약국*에 들르다|to stop by a pharmacy|근처 *약국*|nearby pharmacy|*약국*에서 약 사다|to buy medicine at a pharmacy
|7371|지난주|명|-週|A|last week|*지난주* 금요일|last Friday|*지난주*에 만났다|met last week|*지난주* 소식|last week's news
|7438|간호사|명|看護師|A|nurse|*간호사* 선생님|nurse|*간호사*가 되다|to become a nurse|친절한 *간호사*|kind nurse
|7445|고등학생|명|高等學生|A|high school student|*고등학생* 시절|high school days|평범한 *고등학생*|ordinary high school student|*고등학생* 아들|high school son
|7476|다섯|수||A|five|손가락 *다섯*|five fingers|*다섯*을 세다|to count five|*다섯* 명이 오다|five people come
|7478|닭고기|명||A|chicken meat|*닭고기* 샐러드|chicken salad|*닭고기*를 굽다|to grill chicken|맛있는 *닭고기*|delicious chicken
|7561|숟가락|명||A|spoon|*숟가락*을 들다|to pick up a spoon|*숟가락*으로 먹다|to eat with a spoon|*숟가락*과 젓가락|spoon and chopsticks
|7586|요일|명|曜日|A|day of the week|무슨 *요일*이에요?|what day of the week is it?|*요일*을 잊다|to forget the day|좋아하는 *요일*|favorite day of the week
|7600|일05|수|一|A|one|제*일*|the first|*일* 킬로미터|one kilometer|*일* 층|first floor
|7608|저04|대|멀리 있는 대상|A|that (over there)|*저* 사람|that person|*저* 건물|that building|*저*기 봐요|look over there
|7634|질문하다|동|質問-|A|to ask a question|선생님께 *질문하다*|to ask the teacher a question|궁금해서 *질문해요*|asking because I'm curious|다시 *질문하다*|to ask a question again
874|7649|치약|명|齒藥|A|toothpaste|*치약*을 짜다|to squeeze toothpaste|매운 *치약*|spicy toothpaste|*치약*과 칫솔|toothpaste and toothbrush
|7714|금요일|명|金曜日|A|Friday|*금요일* 밤|Friday night|이번 주 *금요일*|this Friday|*금요일*마다 만나요|see you every Friday
|7720|김밥|명||A|Kimbap|*김밥*을 말다|to roll kimbap|참치 *김밥*|tuna kimbap|*김밥* 한 줄|one roll of kimbap
|7773|바나나|명|banana|A|banana|노란 *바나나*|yellow banana|*바나나* 껍질|banana peel|*바나나* 우유|banana milk
|7818|수요일|명|水曜日|A|Wednesday|*수요일* 오후|Wednesday afternoon|지난 *수요일*|last Wednesday|*수요일*에 봐요|see you on Wednesday
|7864|운전하다|동|運轉-|A|to drive|차를 *운전하다*|to drive a car|조심해서 *운전해요*|driving carefully|직접 *운전하다*|to drive oneself
|8031|노트02|명|note|A|notebook|*노트* 필기|taking notes|*노트*를 사다|to buy a notebook|비밀 *노트*|secret notebook
|8053|딸기|명||A|strawberry|빨간 *딸기*|red strawberry|*딸기* 잼|strawberry jam|*딸기*를 씻다|to wash strawberries
|8235|초콜릿|명|chocolate|A|chocolate|달콤한 *초콜릿*|sweet chocolate|*초콜릿*을 먹다|to eat chocolate|*초콜릿* 케이크|chocolate cake
|8264|피자|명|&이pizza|A|pizza|*피자* 한 판|a whole pizza|*피자*를 배달하다|to deliver pizza|치즈 *피자*|cheese pizza
884|8329|노란색|명|-色|A|yellow|*노란색* 옷|yellow clothes|*노란색* 꽃|yellow flower|*노란색*으로 칠하다|to paint in yellow
|8336|달러|명|dollar|A|dollar|백 *달러*|one hundred dollars|*달러* 환율|dollar exchange rate|*달러*로 바꾸다|to change into dollars
|8359|만06|수|萬|A|ten thousand|일 *만*|ten thousand|*만* 원|ten thousand won|*만* 가지 생각|ten thousand thoughts
|8505|이분01|대||A|this person (honorific)|*이분*은 누구세요?|who is this person?|*이분*께 여쭤봐|ask this person|*이분*이 사장님이야|this person is the CEO
888|8589|칫솔|명|齒-|A|toothbrush|*칫솔*을 바꾸다|to change a toothbrush|부드러운 *칫솔*|soft toothbrush|*칫솔*에 치약을 짜다|to squeeze toothpaste onto a toothbrush
|8603|포도06|명|葡萄|A|grape|달콤한 *포도*|sweet grape|*포도* 한 송이|a bunch of grapes|*포도* 주스|grape juice
890|8672|공중전화|명|公衆電話|A|public phone|*공중전화* 박스|public phone booth|*공중전화*를 걸다|to make a call from a public phone|추억의 *공중전화*|nostalgic public phone
|8757|배부르다|형||A|to be full|*배부르게* 먹다|to eat until full|정말 *배부르다*|I'm really full|*배부른* 소리|complaining despite having enough
|8795|샤워|명|shower|A|shower|*샤워*를 하다|to take a shower|아침 *샤워*|morning shower|*샤워*실|shower room
893|8809|세탁기|명|洗濯機|A|washing machine|*세탁기*를 돌리다|to run the washing machine|드럼 *세탁기*|drum-style washing machine|*세탁기*가 고장 나다|the washing machine is broken
|9061|그래서|불|그리하여서|A|and so|*그래서* 그랬구나|so that's why|*그래서* 결론이 뭐야?|so what's the conclusion?|비가 와요. *그래서* 못 가요|It's raining. So I can't go.
|9077|남동생|명|男-|A|younger brother|친한 *남동생*|close younger brother|*남동생*과 놀다|to play with a younger brother|내 *남동생*|my younger brother
|9103|도착01|명|到着|A|arrival|*도착* 시간|arrival time|서울 *도착*|arrival in Seoul|*도착*을 알리다|to announce arrival
|9202|쇼핑|명|shopping|A|shopping|인터넷 *쇼핑*|internet shopping|*쇼핑*을 가다|to go shopping|*쇼핑* 카트|shopping cart
|9214|스키|명|ski|A|ski|*스키*를 타다|to ski|*스키*장|ski resort|*스키*복|ski suit
|9266|열03|수||A|ten|*열* 명|ten people|*열* 번 찍다|to strike ten times|*열* 시|ten o'clock
|9285|운동화|명|運動靴|A|sneakers|*운동화*를 신다|to wear sneakers|편한 *운동화*|comfortable sneakers|*운동화* 끈|shoelaces
|9356|짜다03|형|음식이 ~|A|to be salty|국이 *짜다*|the soup is salty|너무 *짠* 음식|too salty food|*짜게* 먹지 마|don't eat salty food
|9369|초등학교|명|初等學校|A|elementary school|*초등학교* 교사|elementary school teacher|*초등학교*를 졸업하다|to graduate from elementary school|*초등학교* 친구|elementary school friend
903|9466|공휴일|명|公休日|A|public holiday|법정 *공휴일*|statutory holiday|*공휴일*은 쉽니다|closed on public holidays|내일은 *공휴일*이다|tomorrow is a public holiday
904|9548|마흔|수||A|forty|나이 *마흔*|forty years old|*마흔* 명의 학생|forty students|*마흔* 살|forty years old
|9583|볼펜02|명|ball pen|A|ballpoint pen|*볼펜*으로 쓰다|to write with a pen|검은색 *볼펜*|black ballpoint pen|*볼펜*을 빌리다|to borrow a pen
|9605|빨간색|명|-色|A|red color|*빨간색* 사과|red apple|*빨간색*으로 칠하다|to paint in red|예쁜 *빨간색*|pretty red color
|9733|이09|수|二|A|two|제*이* 장|chapter two|*이* 층 건물|two-story building|*이* 번|number two
|10126|스물|수||A|twenty|*스물* 살|twenty years old|*스물* 마리|twenty (animals)|*스물* 명이 넘다|over twenty people
909|10274|청바지|명|靑-|A|jeans|*청바지*를 입다|to wear jeans|낡은 *청바지*|worn-out jeans|편한 *청바지*|comfortable jeans
|10334|핸드폰|명|hand phone|A|cell phone|*핸드폰*을 잃어버리다|to lose a cell phone|*핸드폰* 번호|cell phone number|*핸드폰* 결제|cell phone payment
|10353|휴지통|명|休紙桶|A|trash can|*휴지통*에 버리다|to throw in the trash can|책상 밑 *휴지통*|trash can under the desk|비어 있는 *휴지통*|empty trash can
|10452|넷째|관||A|fourth|*넷째* 날|fourth day|*넷째* 손가락|fourth finger (ring finger)|*넷째* 골목|fourth alley
913|10833|칠판|명|漆板|A|blackboard|*칠판*을 닦다|to erase the blackboard|*칠판*에 쓰다|to write on the blackboard|*칠판*을 보다|to look at the blackboard
|10839|크리스마스|명|Christmas|A|Christmas|즐거운 *크리스마스*|Merry Christmas|*크리스마스* 선물|Christmas gift|*크리스마스* 트리|Christmas tree
|10999|구01|수|九|A|nine|*구* 개월 동안|for nine months|제*구* 회|the 9th session|*구* 시|nine o'clock
|11099|목요일|명|木曜日|A|Thursday|*목요일* 오후|Thursday afternoon|매주 *목요일*|every Thursday|*목요일*에 만나요|see you on Thursday
917|11421|지우개|명||A|eraser|*지우개*로 지우다|to erase with an eraser|부드러운 *지우개*|soft eraser|*지우개* 똥|eraser crumbs
|11837|사11|수|四|A|four|제*사* 분기|the fourth quarter|*사* 년|four years|*사* 층|fourth floor
|11896|수영장|명|수영장|A|swimming pool|실내 *수영장*|indoor swimming pool|*수영장*에 가다|to go to the swimming pool|*수영장* 물|pool water
|12030|일본어|명|日本語|A|Japanese language|*일본어* 전공|Japanese major|*일본어*를 공부하다|to study Japanese|*일본어* 회화|Japanese conversation
|12246|갈비01|명||A|galbi / ribs|*갈비*를 먹다|to eat ribs|소*갈비* 찜|braised short ribs|*갈비* 양념|galbi marinade
922|12580|서른|수||A|thirty|*서른* 살|thirty years old|나이 *서른*|the age of thirty|*서른* 명|thirty people
|12669|아홉|수||A|nine|*아홉* 살|nine years old|*아홉* 마리|nine (animals)|*아홉* 시|nine o'clock
924|12818|장미05|명|薔薇|A|rose|빨간 *장미*|red rose|*장미* 한 송이|a single rose|*장미* 꽃다발|bouquet of roses
925|12965|파란색|명|-색|A|blue color|*파란색* 바다|blue sea|*파란색* 셔츠|blue shirt|*파란색*으로 그리다|to draw in blue
|13192|냉면|명|冷麵|A|naengmyeon / cold noodles|물 *냉면*|cold noodle soup|*냉면*을 비비다|to mix cold noodles|시원한 *냉면*|refreshing cold noodles
|13411|비빔밥|명||A|bibimbap|*비빔밥*을 먹다|to eat bibimbap|전주 *비빔밥*|Jeonju bibimbap|*비빔밥*을 비비다|to mix bibimbap
928|13584|여든|수||A|eighty|나이 *여든*|eighty years old|*여든* 살|eighty years old|*여든* 명|eighty people
929|13695|일흔|수||A|seventy|나이 *일흔*|seventy years old|*일흔* 살|seventy years old|*일흔* 명|seventy people
|13987|화요일|명|火曜日|A|Tuesday|지난 *화요일*|last Tuesday|*화요일* 아침|Tuesday morning|*화요일*마다|every Tuesday
|14518|선물하다|동|膳물-|A|to give a gift|꽃을 *선물하다*|to give flowers as a gift|친구에게 *선물했어요*|I gave a gift to a friend|부모님께 *선물하다*|to give a gift to parents
|14611|아이스크림|명|ice-cream|A|ice cream|*아이스크림* 가게|ice cream shop|*아이스크림*을 먹다|to eat ice cream|달콤한 *아이스크림*|sweet ice cream
|14695|요리하다02|동|料理-|A|to cook|직접 *요리하다*|to cook oneself|저녁을 *요리해요*|cooking dinner|주방에서 *요리하다*|to cook in the kitchen
|14947|칠01|수|七|A|seven|제*칠* 회|the 7th session|*칠* 년|seven years|*칠* 층|seventh floor
|15360|다섯째|수||A|fifth|*다섯째* 아들|fifth son|*다섯째* 번|fifth time|*다섯째*로 크다|the fifth largest
|15475|맛없다|형||A|to be tasteless|음식이 *맛없다*|food is not tasty|*맛없는* 식당|bad restaurant|정말 *맛없어요*|it really tastes bad
|15575|백05|수|百|A|hundred|*백* 원|one hundred won|*백* 년|one hundred years|*백* 점|one hundred points
|15648|사십|수|四十|A|forty|*사십* 명|forty people|*사십* 킬로미터|forty kilometers|제*사십* 회|the 40th session
|16291|팔03|수|八|A|eight|*팔* 개월|eight months|제*팔* 과|lesson eight|*팔* 층|eighth floor
|17194|실례하다|동|失禮-|A|to excuse oneself|잠시 *실례하겠습니다*|excuse me for a moment|*실례합니다*, 말씀 좀...|excuse me, may I speak...|어른께 *실례했다*|to be rude to an elder
|17283|여섯|수||A|six|*여섯* 마리|six (animals)|*여섯* 살|six years old|*여섯* 시|six o'clock
|17406|육02|수|六|A|six|제*육* 감|sixth sense|*육* 개월|six months|*육* 학년|sixth grade
|17461|일곱|수||A|seven|*일곱* 살|seven years old|*일곱* 명|seven people|*일곱* 시|seven o'clock
|18764|삼십|수|三十|A|thirty|*삼십* 분|thirty minutes|*삼십* 일|thirty days|*삼십* 층|thirtieth floor
|19100|오십|수|五十|A|fifty|*오십* 프로|fifty percent|*오십* 대|one's fifties|*오십* 개|fifty items
|19454|중국어|명|中國語|A|Chinese language|*중국어*를 배우다|to learn Chinese|*중국어* 선생님|Chinese teacher|*중국어* 회화|Chinese conversation
|19607|칠십|수|七十|A|seventy|*칠십* 명|seventy people|나이 *칠십*|seventy years of age|*칠십* 개|seventy items
|20314|다섯째|관||A|fifth|*다섯째* 딸|fifth daughter|*다섯째* 줄|fifth row|*다섯째* 주|fifth week
949|20886|사탕02|명|沙糖|A|candy|달콤한 *사탕*|sweet candy|*사탕*을 먹다|to eat candy|*사탕* 한 봉지|a bag of candy
950|21340|예순|수||A|sixty|나이 *예순*|sixty years old|*예순* 살|sixty years old|*예순* 명|sixty people
|21348|오04|수|五|A|five|제*오* 절|section five|*오* 년 동안|for five years|*오* 시|five o'clock
|24036|십|수|十|A|ten|*십* 킬로미터|ten kilometers|*십* 분 전|ten minutes ago|제*십* 회|the 10th session
|24937|천03|수|千|A|thousand|*천* 명의 군인|thousand soldiers|*천* 원짜리|one thousand won bill|수*천* 마리|thousands of animals
954|27846|쉰|수||A|fifty|나이 *쉰*|fifty years old|*쉰* 살|fifty years old|*쉰* 명|fifty people
|28580|육십|수|六十|A|sixty|*육십* 개|sixty items|제*육십* 회|the 60th session|*육십* 대|one's sixties
|29719|팔십|수|八十|A|eighty|*팔십* 점|eighty points|*팔십* 대|one's eighties|*팔십* 마리|eighty (animals)
|34841|여덟|수||A|eight|*여덟* 살|eight years old|*여덟* 시|eight o'clock|*여덟* 명|eight people
958|49265|아흔|수||A|ninety|*아흔* 살|ninety years old|*아흔* 명|ninety people|나이 *아흔*|ninety years of age
|51771|이십|수|二十|A|twenty|*이십* 대|one's twenties|*이십* 불|twenty dollars|*이십* 명|twenty people
|52763|저곳|대||A|that place over there|*저곳*에 살다|to live in that place|*저곳*은 학교이다|that place is a school|*저곳*으로 가다|to go to that place over there
961||경복궁|고|景福宮|A|Gyeongbokgung Palace|*경복궁* 나들이|outing to Gyeongbokgung|*경복궁*에 가다|to go to Gyeongbokgung|*경복궁* 근정전|Geunjeongjeon of Gyeongbokgung
||경주|고|慶州|A|Gyeongju|*경주* 여행|trip to Gyeongju|*경주* 불국사|Bulguksa in Gyeongju|*경주*를 방문하다|to visit Gyeongju
||구십|수|九十|A|ninety|*구십* 점|ninety points|*구십* 대 할머니|grandmother in her nineties|*구십* 킬로|ninety kilos
||남대문|고|南大門|A|Namdaemun|*남대문* 시장|Namdaemun Market|*남대문*을 보다|to see Namdaemun|*남대문* 근처|near Namdaemun
||남대문시장|고|南大門市場|A|Namdaemun Market|*남대문시장* 먹거리|food at Namdaemun Market|*남대문시장* 쇼핑|shopping at Namdaemun Market|*남대문시장* 구경|looking around Namdaemun Market
||독일|고|獨逸|A|Germany|*독일* 맥주|German beer|*독일* 유학|studying in Germany|*독일*어|German language
||러시아|고|Russia|A|Russia|*러시아* 인형|Russian doll|*러시아*어|Russian language|*러시아* 여행|travel to Russia
||미국|고|美國|A|USA / America|*미국* 사람|American|*미국* 대학교|American university|*미국*에 가다|to go to the US
||부산|고|釜山|A|Busan|*부산* 바다|Busan sea|*부산*행 기차|train bound for Busan|*부산* 사투리|Busan dialect
||서울|고||A|Seoul|*서울* 시내|downtown Seoul|*서울* 사람|Seoulite|*서울*로 이사하다|to move to Seoul
||서울역|고|-驛|A|Seoul Station|*서울역* 광장|Seoul Station square|*서울역*에서 만나다|to meet at Seoul Station|*서울역* 환승|transferring at Seoul Station
972||설악산|고|雪嶽山|A|Seoraksan Mountain|*설악산* 등산|climbing Seoraksan|가을 *설악산*|Seoraksan in autumn|*설악산* 국립공원|Seoraksan National Park
||영국|고|英國|A|UK / Britain|*영국* 영어|British English|*영국* 신사|British gentleman|*영국* 여행|trip to the UK
||인천|고|仁川|A|Incheon|*인천* 국제공항|Incheon International Airport|*인천* 바다|Incheon sea|*인천* 차이나타운|Incheon Chinatown
||일본|고|日本|A|Japan|*일본* 음식|Japanese food|*일본* 여행|trip to Japan|*일본*어|Japanese language
||제주도|고|濟州島|A|Jeju Island|*제주도* 여행|trip to Jeju Island|*제주도* 한라산|Hallasan on Jeju Island|*제주도*로 떠나다|to leave for Jeju Island
||중국|고|中國|A|China|*중국* 요리|Chinese cuisine|*중국* 인구|Chinese population|*중국*에 가다|to go to China
||캐나다|고|Canada|A|Canada|*캐나다* 오로라|Canada aurora|*캐나다* 유학|studying in Canada|*캐나다* 달러|Canadian dollar
||프랑스|고|France|A|France|*프랑스* 와인|French wine|*프랑스* 파리|Paris, France|*프랑스*어|French language
||한강|고|漢江|A|Han River|*한강* 공원|Han River Park|*한강* 다리|Han River bridge|*한강* 유람선|Han River cruise
||한국|고|韓國|A|Korea|*한국* 문화|Korean culture|*한국* 음식|Korean food|*한국*어 배우기|learning Korean
||호주|고|濠洲|A|Australia|*호주* 여행|trip to Australia|*호주* 캥거루|Australian kangaroo|*호주* 시드니|Sydney, Australia
|18|등05|의|等|B|etc.|사과, 배 *등*|apples, pears, etc.|*등* 여러 가지|etc., various kinds|성적 일 *등*|first place in grades
984|24|대하다02|동|對-|B|to treat / to face|사람을 *대하다*|to treat a person|문제를 *대하는* 태도|attitude toward a problem|나를 따뜻하게 *대하다*|to treat me warmly
|33|위하다01|동|爲-|B|for the sake of|건강을 *위하다*|for the sake of health|나라를 *위하는* 마음|heart for one's country|너를 *위해서*야|it's for you
986|42|사회07|명|社會|B|society|한국 *사회*|Korean society|*사회* 문제|social issues|*사회*에 나가다|to go out into society
|51|따르다01|동|뒤를 ~|B|to follow|앞차를 *따르다*|to follow the car in front|유행을 *따르다*|to follow a trend|선생님을 *따라가다*|to follow the teacher
|54|그런01|관||B|such / that kind of|*그런* 일|such a thing|*그런* 사람|that kind of person|*그런* 법이 어디 있어?|how can that be?
|62|데01|의||B|place / spot|갈 *데*가 없다|no place to go|아픈 *데*|painful spot|좋은 *데*|good place
990|65|경우03|명|境遇|B|case / situation|비가 올 *경우*|in case of rain|그런 *경우*가 많다|there are many such cases|이런 *경우*에는|in this case
|66|중04|의|中|B|middle / among|회의 *중*|during a meeting|셋 *중*의 하나|one of the three|사용 *중*이다|it is in use
992|72|자신01|명|自身|B|oneself|*자신*이 없다|to lack confidence|*자신*을 믿다|to believe in oneself|*자신*의 일|one's own work
993|73|문화01|명|文化|B|culture|전통 *문화*|traditional culture|*문화* 차이|cultural difference|*문화* 생활|cultural life
994|78|통하다|동|通-|B|to communicate / to pass|말이 *통하다*|to understand each other|공기가 *통하다*|to be well-ventilated|영어로 *통했다*|communicated in English
|80|소리01|명||B|sound / voice|큰 *소리*|loud sound|*소리*를 지르다|to shout|무슨 *소리*야?|what are you saying?
996|86|정도11|명|程度|B|degree / about|어느 *정도*|to some degree|한 달 *정도*|about a month|심할 *정도*로|to an extreme degree
|93|보이다01|동|'보다'의 피동사|B|to be seen / to show|멀리 *보이다*|to be seen in the distance|사진을 *보여주다*|to show a photo|예쁘게 *보이다*|to look pretty
|97|지나다|동||B|to pass|시간이 *지나다*|time passes|십 년이 *지났다*|ten years have passed|길을 *지나가다*|to pass through the street
|102|인간01|명|人間|B|human / person|*인간* 관계|human relations|평범한 *인간*|ordinary human|*인간*의 도리|human duty
|103|사실04|명|事實|B|fact / truth|*사실*을 말하다|to tell the truth|*사실*이 아니다|it is not true|알고 보니 *사실*이다|turned out to be true
|109|점10|명|點|B|point / aspect|중요한 *점*|important point|공통*점*을 찾다|to find common ground|그런 *점*에서|in that aspect
1002|110|의하다01|동|依-|B|to be due to / based on|법에 *의하다*|to be according to the law|소문에 *의하면*|according to rumors|조사에 *의한* 결과|results based on the survey
1003|111|시대02|명|時代|B|era / age|조선 *시대*|Joseon dynasty era|평화로운 *시대*|a peaceful era|*시대*가 변하다|the times are changing
1004|113|이러하다|형||B|to be like this|사정이 *이러하다*|the situation is like this|*이러한* 이유로|for this reason|세상은 *이러해요*|the world is like this
|120|세계02|명|世界|B|world|*세계* 일주|world tour|*세계* 평화|world peace|넓은 *세계*|a wide world
1006|126|자기04|대|自己|B|oneself|*자기* 소개|self-introduction|*자기* 주도|self-directed|*자기*밖에 모르다|to care only for oneself
1007|128|대통령|명|大統領|B|president|*대통령* 선거|presidential election|한국 *대통령*|South Korean president|*대통령*이 되다|to become president
1008|129|가지04|의|한 ~|B|kind / sort / type|여러 *가지*|various kinds|한 *가지* 일|one type of work|세 *가지* 색|three kinds of colors
1009|141|국가01|명|國家|B|nation / state|*국가* 안보|national security|선진 *국가*|developed nation|*국가* 대표|national representative
1010|146|여성01|명|女性|B|woman / female|*여성*복 매장|women's clothing store|현대 *여성*|modern woman|*여성*의 권리|women's rights
1011|152|관계05|명|關係|B|relationship / connection|인간 *관계*|human relations|상관 *관계*|correlation|*관계*가 깊다|to be deeply related
1012|160|나타나다|동||B|to appear / to emerge|효과가 *나타나다*|for effects to show|앞에 *나타나다*|to appear in front|증상이 *나타났다*|symptoms appeared
1013|162|지역03|명|地域|B|region / area|서울 *지역*|Seoul area|낙후된 *지역*|underdeveloped region|특수 *지역*|special area
1014|164|모습01|명||B|appearance / figure|옛 *모습*|old appearance|웃는 *모습*|the way (one) looks when laughing|*모습*을 드러내다|to reveal oneself
|168|보이다02|동|'보다'의 사동사|B|to show / to let see|길을 *보여주다*|to show the way|사진을 *보여줄게*|I'll show you the photo|성적을 *보이다*|to show one's grades
|171|없이|부||B|without|끊임*없이* 노력하다|to try without ceasing|말도 *없이* 가다|to leave without a word|예외 *없이*|without exception
1017|177|뿐01|의||B|only / just|너*뿐*이야|it's only you|그*뿐*만 아니라|not only that|소문일 *뿐*이다|it's just a rumor
|179|방법|명|방법|B|method / way|해결 *방법*|method of solution|좋은 *방법*|a good way|*방법*을 찾다|to find a way
|190|갖다01|동|가지다|B|to have / to hold|꿈을 *갖다*|to have a dream|관심을 *갖다*|to have interest|시간을 *갖자*|let's have some time
|192|특히|부|特-|B|especially / particularly|*특히* 맵다|to be especially spicy|*특히* 좋아하는 곡|an especially favorite song|여름, *특히* 팔월|summer, especially August
|194|이상05|명|以上|B|more than / above|기대 *이상*|more than expected|초등학생 *이상*|elementary student or older|삼만 원 *이상*|30,000 won or more
1022|198|교육|명|敎育|B|education|의무 *교육*|compulsory education|*교육* 제도|education system|아이를 *교육하다*|to educate a child
1023|200|경제04|명|經濟|B|economy|*경제* 성장|economic growth|가정 *경제*|household economy|*경제*가 어렵다|the economy is struggling
|205|예술|명|藝術|B|art|현대 *예술*|modern art|*예술* 작품|work of art|*예술*가로 살다|to live as an artist
1025|211|결과02|명|結果|B|result / outcome|시험 *결과*|exam results|노력의 *결과*|result of effort|*결과*를 기다리다|to wait for the result
|212|내용02|명|內容|B|content / substance|책의 *내용*|content of the book|상세 *내용*|detailed contents|*내용*을 파악하다|to understand the content
|217|당신02|대|當身|B|you / dear|*당신*은 누구십니까?|Who are you?|나의 사랑하는 *당신*|my dear whom I love|*당신* 생각이 맞아요|your thought is correct
|222|느끼다02|동|추위를 ~|B|to feel / to sense|행복을 *느끼다*|to feel happiness|추위를 *느꼈다*|felt the cold|책임을 *느끼다*|to feel responsibility
|228|의미02|명|意味|B|meaning / significance|삶의 *의미*|meaning of life|*의미* 없는 말|meaningless words|단어의 *의미*|meaning of a word
1030|230|밝히다|동||B|to reveal / to light up|사실을 *밝히다*|to reveal the truth|방을 환하게 *밝히다*|to light up a room|입장을 *밝혔다*|revealed one's position
|232|이미01|부||B|already|*이미* 늦었다|it's already late|*이미* 다 먹었어|already ate it all|*이미* 알고 있다|already know
1032|234|정치03|명|政治|B|politics|*정치* 경제|politics and economy|*정치*에 참여하다|to participate in politics|*정치*가 혼란스럽다|politics are chaotic
1033|235|국민|명|國民|B|citizen / the people|대한민국 *국민*|Korean citizen|*국민*의 의무|duty of the citizens|전 *국민*의 관심|interest of the whole nation
1034|239|연구03|명|硏究|B|research / study|학술 *연구*|academic research|*연구*를 진행하다|to conduct research|*연구* 결과|research results
|245|및|부||B|and / as well as|서울 *및* 수도권|Seoul and the capital area|학생 *및* 학부모|students as well as parents|국내 *및* 해외|domestic and overseas
1036|247|짓다01|동||B|to build / to make|집을 *짓다*|to build a house|미소를 *짓다*|to make a smile|밥을 *지었다*|made rice
1037|248|또한|부||B|also / furthermore|*또한* 기쁜 소식|also good news|가난하고 *또한* 아프다|to be poor and also sick|편리하며 *또한* 빠르다|convenient and also fast
|249|이유04|명|理由|B|reason|특별한 *이유*|special reason|거절할 *이유*|reason to refuse|*이유*를 묻다|to ask for the reason
1039|250|또는|부||B|or|연필 *또는* 볼펜|pencil or ballpoint pen|월요일 *또는* 화요일|Monday or Tuesday|사랑 *또는* 우정|love or friendship
|252|글|명||B|writing / text|*글*을 쓰다|to write|감동적인 *글*|moving writing|*글*을 읽다|to read a text
1041|258|세상01|명|世上|B|world / society|*세상* 밖으로|out into the world|*세상*에 이런 일이|how can this happen in the world|힘든 *세상*|a difficult world
|266|두다01|동||B|to put / to leave|가방을 책상에 *두다*|to put a bag on the desk|멀리 *두다*|to leave at a distance|한 발 *뒤처지다*|to be a step behind
1043|267|즉01|부|卽|B|in other words / namely|일주일, *즉* 칠일|one week, namely seven days|*즉* 말하자면|in other words|*즉* 다시 말해|that is to say
|270|이후02|명|以後|B|after / since then|개교 *이후*|since the school opening|졸업 *이후*|after graduation|그 *이후*로|from that point on
1045|272|문학01|명|文學|B|literature|한국 *문학*|Korean literature|*문학* 소녀|literary girl|현대 *문학*|modern literature
1046|275|지방05|명|地方|B|region / countryside|*지방* 자치|local autonomy|*지방*으로 내려가다|to go down to the provinces|강원도 *지방*|Gangwon-do region
|278|최근|명|最近|B|recently / lately|*최근* 소식|recent news|*최근* 들어|lately|*최근*의 변화|recent changes
1048|281|환경02|명|環境|B|environment|자연 *환경*|natural environment|*환경* 보호|environmental protection|주거 *환경*|living environment
1049|286|자체02|명|自體|B|itself|문제 *자체*|the problem itself|*자체* 제작|produced in-house|그 *자체*로 아름답다|beautiful in itself
|290|남다01|동||B|to remain / to be left|기억에 *남다*|to remain in memory|돈이 *남았다*|money was left over|혼자 *남겨지다*|to be left alone
|291|부분01|명|部分|B|part / portion|일*부분*|a portion|상당 *부분*|a considerable part|이 *부분*을 고치다|to fix this part
1052|294|변화|명|變化|B|change|심경의 *변화*|change of heart|*변화*를 시도하다|to try a change|날씨의 *변화*|change in weather
|296|뜻|명||B|meaning / will|단어의 *뜻*|meaning of a word|내 *뜻*대로|as I wish|좋은 *뜻*에서|with good intentions
|299|떨어지다|동||B|to fall / to drop|나뭇잎이 *떨어지다*|leaves fall|기온이 *떨어졌다*|temperature dropped|시험에 *떨어지다*|to fail an exam
1055|301|관하다02|동|關-|B|to concern / related to|정치에 *관한* 책|book about politics|사건에 *관하여*|regarding the case|이에 *관해* 말하다|to speak about this
|303|그냥|부||B|just / as it is|*그냥* 웃다|to just laugh|*그냥* 두세요|leave it as it is|*그냥* 해봤어|I just tried it
1057|304|나누다|동||B|to divide / to share|음식을 *나누다*|to share food|대화를 *나누었다*|exchanged conversation|반으로 *나누다*|to divide in half
|305|이용하다01|동|利用-|B|to use / to utilize|대중교통을 *이용하다*|to use public transport|공간을 *이용해요*|utilizing the space|시설을 *이용하다*|to use facilities
|306|거의01|부||B|almost / nearly|*거의* 다 왔다|almost there|*거의* 매일|nearly every day|*거의* 다 했어|almost finished
1060|308|중심01|명|中心|B|center / core|마을 *중심*|village center|*중심* 인물|central figure|*중심*을 잡다|to find one's balance
1061|309|활동02|명|活動|B|activity|봉사 *활동*|volunteer activity|*활동*이 왕성하다|to be very active|경제 *활동*|economic activity
1062|312|관심01|명|關心|B|interest|*관심*을 끌다|to attract interest|*관심*이 없다|to have no interest|많은 *관심* 부탁드려요|please give us much interest
1063|313|역시01|부|亦是|B|as expected / also|*역시* 최고다|as expected, (it's) the best|너 *역시* 마찬가지야|you too are the same|*역시* 어렵네|it's difficult as expected
1064|315|애02|명|아이|B|kid / child|*애*가 울다|a kid is crying|우리 *애*|my kid|*애*를 키우다|to raise a child
1065|316|광고02|명|廣告|B|advertisement|TV *광고*|TV commercial|*광고*를 내다|to place an ad|과장 *광고*|exaggerated advertising
1066|317|나다01|보||B|to end up (aux)|죽고 *나다*|to have died|끝나고 *나서*|after it's over|다 먹고 *나면*|once I finish eating
1067|319|정신12|명|精神|B|spirit / mind|*정신* 건강|mental health|*정신*을 차리다|to collect one's senses|시대 *정신*|spirit of the times
1068|320|이르다01|동|도착하다|B|to reach / to arrive|정상에 *이르다*|to reach the summit|결론에 *이르렀다*|reached a conclusion|목적지에 *이르다*|to arrive at a destination
|321|땅01|명||B|land / ground|*땅*에 묻다|to bury in the ground|넓은 *땅*|wide land|*땅*이 굳다|the ground is firm
1070|322|이루다01|동||B|to achieve / to form|꿈을 *이루다*|to achieve a dream|가족을 *이루다*|to start a family|성공을 *이루었다*|achieved success
1071|326|두다01|보||B|to do (aux)|먹어 *두다*|to eat beforehand|알아 *두세요*|please keep in mind|적어 *두다*|to write down for later
1072|328|기술01|명|技術|B|technology / skill|과학 *기술*|science and technology|운전 *기술*|driving skill|*기술*을 배우다|to learn a technique
1073|329|전체01|명|全體|B|whole / entire|학급 *전체*|the whole class|*전체* 회의|full meeting|*전체*적인 분위기|overall atmosphere
1074|331|얻다01|동||B|to get / to gain|정보를 *얻다*|to get information|용기를 *얻었다*|gained courage|허락을 *얻다*|to get permission
1075|334|민족|명|民族|B|ethnic group / nation|한*민족*|the Korean people|*민족* 예술|folk art|*민족* 대이동|mass migration of the nation
1076|335|간10|의|間. 서울과 부산 ~|B|between / during|부부 *간*|between husband and wife|장기간 *간*|for a long period|서울과 부산 *간*|between Seoul and Busan
1077|336|조사30|명|調査|B|investigation / survey|실태 *조사*|investigation of the actual state|*조사*를 받다|to be under investigation|만족도 *조사*|satisfaction survey
1078|340|그대로|부||B|as it is|있는 *그대로*|just as it is|말한 *그대로*|exactly as said|*그대로* 멈춰라|stop right there
1079|343|줄04|의|방법|B|how to / way|할 *줄* 알다|to know how to do|갈 *줄* 몰랐어|didn't know (I) would go|수영할 *줄* 안다|knows how to swim
1080|345|년대|의|年代|B|era / the 's (years)|1990*년대*|the 1990s|80*년대* 패션|80s fashion|각 *년대*별|by each decade
1081|346|과학|명|과학|B|science|*과학* 기술|science and technology|*과학*적인 방법|scientific method|*과학* 잡지|science magazine
|348|자연01|명|自然|B|nature|*자연* 보호|nature conservation|*자연*스러운 현상|natural phenomenon|*자연*으로 돌아가다|to return to nature
|352|결국|명|結局|B|final result / end|긴 싸움의 *결국*|the end of a long fight|*결국*이 좋지 않다|the final result is not good|사건의 *결국*|the conclusion of the case
|356|프로그램|명|program|B|program|TV *프로그램*|TV program|교육 *프로그램*|educational program|*프로그램*을 설치하다|to install a program
1085|359|이루어지다|동||B|to consist of / to be achieved|꿈이 *이루어지다*|dreams come true|삼위로 *이루어지다*|to consist of three parts|합의가 *이루어졌다*|an agreement was reached
|361|하루01|명||B|day|*하루* 종일|all day long|*하루* 삼 시 세끼|three meals a day|힘든 *하루*|a tough day
1087|363|적03|의||B|time / occasion|어릴 *적*|when (I) was young|그럴 *적*마다|every time that happens|갈 *적*에|when going
1088|364|터02|의||B|plan / expectation|가려던 *터*에|was just about to go|먹을 *터*이지|must be going to eat|그럴 *터*이다|it is expected to be so
|387|맞다01|동|답이 ~|B|to be correct|답이 *맞다*|the answer is right|내 말이 *맞지*?|am I right?|계산이 딱 *맞다*|the calculation is exactly correct
|380|걸리다01|동|'걸다'의 피동사|B|to be hung / to take (time)|그림이 *걸리다*|a picture is hung|시간이 *걸리다*|to take time|병에 *걸리다*|to fall ill
|381|지키다01|동||B|to keep / to protect|약속을 *지키다*|to keep a promise|나라를 *지키다*|to protect the country|비밀을 *지켰다*|kept a secret
1092|387|바라보다|동||B|to look at / to watch|바다를 *바라보다*|to look out at the sea|물끄러미 *바라봤다*|stared blankly|희망을 *바라보다*|to look toward hope
1093|391|대부분|명|大部分|B|most / majority|학생 *대부분*|most of the students|*대부분*의 사람|most people|*대부분*이 찬성하다|the majority agrees
1094|396|표정03|명|表情|B|expression / look|밝은 *표정*|bright expression|*표정*이 어둡다|to have a dark look|무표정한 *표정*|blank expression
1095|398|일부02|명|一部|B|part / portion|주민의 *일부*|some of the residents|*일부* 지역|certain areas|금액의 *일부*|part of the amount
|401|느낌|명||B|feeling / impression|좋은 *느낌*|a good feeling|*느낌*이 오다|to get a feeling|첫 *느낌*|first impression
1097|403|고개01|명|~를 돌리다|B|head / neck|*고개*를 숙이다|to bow one's head|*고개*를 끄덕이다|to nod|*고개*를 돌리다|to turn one's head
1098|404|성격02|명|性格|B|personality / character|*성격*이 급하다|to be short-tempered|밝은 *성격*|bright personality|*성격* 차이|personality difference
1099|406|세기03|명|世紀|B|century|21*세기*|21st century|수*세기* 동안|for several centuries|*세기*의 대결|match of the century
1100|407|세우다01|동||B|to set up / to stop|계획을 *세우다*|to make a plan|차를 *세우다*|to stop the car|기록을 *세웠다*|set a record
1101|411|현재02|부|現在|B|currently|*현재* 진행 중|currently in progress|*현재*까지의 상황|situation until now|*현재* 살고 있는|currently living
1102|416|발전01|명|發展|B|development|경제 *발전*|economic development|기술의 *발전*|development of technology|*발전*을 거듭하다|to keep developing
1103|419|향하다|동|向-|B|to head toward|서울로 *향하다*|to head toward Seoul|남쪽을 *향해*|toward the south|성공을 *향한* 길|the road toward success
1104|420|관련|명|關聯|B|relation / connection|업무 *관련*|work-related|*관련*이 있다|to have a connection|*관련* 내용을 확인하다|to check related details
1105|422|각01|관|各|B|each / every|*각* 부서|each department|*각* 나라의 문화|culture of each country|*각* 가정에|to every household
1106|425|분위기|명|雰圍氣|B|atmosphere / mood|좋은 *분위기*|good atmosphere|*분위기*가 밝다|the mood is bright|카페 *분위기*|cafe atmosphere
1107|426|그러하다|형||B|to be so|사정이 *그러하다*|the situation is so|*그러한* 사실|such a fact|항상 *그러하지* 않다|it is not always so
1108|427|자기04|명|自己|B|oneself|*자기* 주관|one's own opinion|*자기* 발전을 위해|for self-development|*자기* 일을 하다|to do one's own work
1109|430|우선02|부|于先|B|first of all|*우선* 먹자|let's eat first|*우선* 급한 불|first, the urgent matter|무엇보다 *우선*|first of all
|431|믿다|동||B|to believe / to trust|나를 *믿어*|believe me|친구를 *믿다*|to trust a friend|*믿기* 어려운 일|something hard to believe
1111|433|낳다01|동||B|to give birth|아기를 *낳다*|to give birth to a baby|알을 *낳다*|to lay an egg|결과를 *낳다*|to produce a result
1112|435|정보06|명|情報|B|information|유익한 *정보*|useful information|*정보*를 얻다|to get information|개인 *정보*|personal information
1113|436|열리다02|동|문이 ~|B|to be opened|문이 *열리다*|the door opens|창문이 *열려* 있다|the window is open|행사가 *열리다*|the event is held
|440|만큼|의||B|as much as / to the extent|노력한 *만큼*|as much as one tried|죽을 *만큼*|to the extent of dying|기다린 *만큼*|as much as (I) waited
1115|443|역할|명|役割|B|role|중요한 *역할*|important role|*역할*을 맡다|to take on a role|주인공 *역할*|role of the protagonist
|445|행동|명|行動|B|behavior / action|바른 *행동*|proper behavior|*행동*으로 옮기다|to put into action|돌발 *행동*|unexpected behavior
1117|447|국내02|명|國內|B|domestic / within the country|*국내* 시장|domestic market|*국내* 여행|domestic travel|*국내*외 정세|domestic and international situation
1118|452|예08|명|例|B|example|*예*를 들다|to give an example|*예*외적인 경우|exceptional case|좋은 *예*|a good example
1119|458|나서다|동||B|to step forward / to set out|앞에 *나서다*|to step forward|길을 *나서다*|to set out on a journey|문제를 해결하러 *나섰다*|stepped forward to solve the problem
1120|459|흐르다01|동||B|to flow / to pass|강물이 *흐르다*|river water flows|시간이 *흐르다*|time passes|눈물이 *흐르다*|tears flow
|461|깊다|형||B|to be deep|수심이 *깊다*|the water is deep|*깊은* 생각|deep thought|잠이 *깊이* 들다|to fall into a deep sleep
|464|모양02|명|模樣|B|shape / appearance|동그란 *모양*|round shape|*모양*이 예쁘다|the shape is pretty|갈 *모양*이다|it looks like (one) will go
1123|468|조건02|명|條件|B|condition|계약 *조건*|contract conditions|필수 *조건*|essential condition|*조건*을 제시하다|to propose conditions
1124|476|넘다01|동||B|to cross over / to exceed|산을 *넘다*|to cross a mountain|백 명을 *넘다*|to exceed a hundred people|담을 *넘다*|to climb over a wall
|480|마을01|명||B|village / town|작은 *마을*|small village|우리 *마을*|our village|*마을* 사람|villager
|481|어리다03|형|나이가 적다|B|to be young|나이가 *어리다*|to be young|*어린* 아이|young child|생각이 *어리다*|to be immature
|482|대표|명|代表|B|representative|학생 *대표*|student representative|한국 *대표*|Korean representative|*대표*적인 사례|representative case
1128|483|가능성|명|可能性|B|possibility|*가능성*이 있다|there is a possibility|희박한 *가능성*|slim possibility|성공 *가능성*|possibility of success
1129|484|방향01|명|方向|B|direction|*방향*을 돌리다|to turn direction|반대 *방향*|opposite direction|진행 *방향*|direction of progress
1130|485|대회02|명|大會|B|competition / meeting|운동 *대회*|sports competition|*대회*에 참가하다|to participate in a competition|전국 *대회*|national competition
|486|목소리|명||B|voice|*목소리*가 크다|voice is loud|익숙한 *목소리*|familiar voice|*목소리*를 낮추다|to lower one's voice
1132|491|움직이다|동||B|to move|몸을 *움직이다*|to move one's body|천천히 *움직여요*|moving slowly|마음을 *움직이다*|to touch one's heart
1133|494|노력01|명|努力|B|effort|*노력*을 하다|to make an effort|끊임없는 *노력*|ceaseless effort|*노력*이 결실을 맺다|effort bears fruit
1134|496|전혀01|부|全-|B|not at all|*전혀* 모르다|to not know at all|*전혀* 다르다|to be completely different|*전혀* 상관없다|to not matter at all
1135|498|단체02|명|團體|B|group / organization|시민 *단체*|civic group|*단체* 행동|group action|*단체* 손님|group of guests
1136|500|알려지다|동||B|to become known|세상에 *알려지다*|to be known to the world|이름이 *알려지다*|the name became famous|잘 *알려진* 사실|well-known fact
1137|501|가능하다|형|可能-|B|to be possible|이용이 *가능하다*|use is possible|*가능한* 빨리|as soon as possible|실현 *가능한*|feasible
1138|502|능력02|명|能力|B|ability / capability|업무 *능력*|work ability|*능력*이 뛰어나다|to have great ability|*능력*을 발휘하다|to show one's capability
1139|503|주장하다01|동|主張-|B|to insist / to claim|권리를 *주장하다*|to claim rights|강력히 *주장했다*|strongly insisted|자기 의견을 *주장하다*|to assert one's opinion
1140|504|자식01|명|子息|B|children / offspring|*자식* 농사|raising children|*자식*을 기르다|to raise children|금쪽같은 *자식*|precious child
1141|505|돌리다04|동|팽이를 ~|B|to turn / to spin|고개를 *돌리다*|to turn one's head|팽이를 *돌리다*|to spin a top|시선을 *돌리다*|to turn one's gaze
1142|508|모으다|동||B|to gather / to collect|돈을 *모으다*|to save money|사람을 *모으다*|to gather people|우표를 *모으다*|to collect stamps
1143|509|자료03|명|資料|B|data / material|참고 *자료*|reference material|*자료*를 찾다|to look for data|조사 *자료*|survey data
1144|516|제품02|명|製品|B|product|신*제품* 출시|launch of new product|전자 *제품*|electronic products|*제품*을 홍보하다|to promote a product
1145|520|사업04|명|事業|B|business / enterprise|*사업*을 시작하다|to start a business|개인 *사업*|private business|*사업* 계획|business plan
1146|523|지난해|명||B|last year|*지난해* 여름|last year's summer|*지난해* 말|end of last year|*지난해*와 비교하다|to compare with last year
1147|524|표현|명|表現|B|expression|감정 *표현*|expression of emotion|*표현*을 잘하다|to be good at expressing|말이나 *표현*|words or expressions
1148|528|젊다|형||B|to be young|나이가 *젊다*|to be young|*젊은* 시절|youthful days|생각이 *젊다*|to have a young mindset
1149|529|동시02|명|同時|B|the same time|*동시* 상영|simultaneous screening|*동시*에 일어나다|to happen at the same time|*동시* 통역|simultaneous interpretation
1150|532|순간03|명|瞬間|B|moment / instant|결정적인 *순간*|decisive moment|그 *순간*에|at that moment|찰나의 *순간*|a split second
1151|533|전쟁|명|戰爭|B|war|*전쟁*이 나다|a war breaks out|말 *전쟁*|war of words|*전쟁*을 막다|to prevent war
|538|방송01|명|放送|B|broadcast|라디오 *방송*|radio broadcast|*방송*에 나오다|to appear on broadcast|생*방송* 중|on live air
1153|545|마찬가지|명||B|the same|나도 *마찬가지*야|I am the same|어디나 *마찬가지*다|it's the same everywhere|어제와 *마찬가지*로|same as yesterday
1154|549|과거03|명|過去|B|past|*과거*의 일|thing of the past|*과거*를 잊다|to forget the past|화려한 *과거*|glamorous past
1155|553|현대01|명|現代|B|modern times|*현대* 사회|modern society|*현대* 미술|modern art|*현대*적인 디자인|modern design
1156|555|살펴보다|동||B|to examine / to look around|꼼꼼히 *살펴보다*|to examine thoroughly|주위를 *살펴봤다*|looked around the surroundings|서류를 *살펴보다*|to look through documents
1157|557|차이|명|差異|B|difference|온도 *차이*|temperature difference|*차이*가 크다|the difference is big|생각의 *차이*|difference in thought
|558|풀다|동||B|to solve / to untie|문제를 *풀다*|to solve a problem|신발끈을 *풀다*|to untie shoelaces|오해를 *풀다*|to resolve a misunderstanding
1159|559|시절01|명|時節|B|days / time / season|학생 *시절*|student days|어린 *시절*|childhood days|좋았던 *시절*|the good old days
|561|직접|부|直接|B|directly / in person|*직접* 만들다|to make it oneself|*직접* 만나다|to meet in person|*직접* 확인하다|to check directly
|562|개인02|명|個人|B|individual / personal|*개인* 사정|personal circumstances|*개인*의 자유|individual freedom|*개인*적인 의견|personal opinion
|563|근데01|부|그런데|B|but / anyway|*근데* 있잖아|but you know|*근데* 왜?|but why?|*근데* 진짜야?|but is it for real?
1163|565|작가01|명|作家|B|writer / author|소설 *작가*|novel writer|인기 *작가*|popular author|*작가*가 되다|to become a writer
1164|566|효과01|명|效果|B|effect|광고 *효과*|advertising effect|*효과*가 좋다|to be effective|부작용 *효과*|side effect
1165|567|불교|명|佛敎|B|Buddhism|*불교* 사원|Buddhist temple|한국의 *불교*|Korean Buddhism|*불교* 신자|Buddhist believer
1166|568|끌다|동||B|to pull / to attract|가트를 *끌다*|to pull a cart|관심을 *끌다*|to attract interest|시간을 *끌다*|to stall for time
1167|580|마치03|부||B|as if|*마치* 꿈같다|as if it were a dream|*마치* 영화처럼|just like a movie|*마치* 아는 것처럼|as if knowing
1168|583|바라다01|동||B|to hope / to wish|합격을 *바라다*|to hope to pass|행복하길 *바래요*|I hope you are happy|간절히 *바라다*|to wish earnestly
1169|584|강하다02|형|强-|B|to be strong|바람이 *강하다*|the wind is strong|*강한* 의지|strong will|정신력이 *강하다*|to be mentally strong
|585|경험|명|經驗|B|experience|다양한 *경험*|diverse experiences|*경험*을 쌓다|to gain experience|실무 *경험*|practical experience
1171|587|최고02|명|最高|B|the best / peak|*최고* 기록|best record|기분이 *최고*다|to feel great|*최고*의 품질|the best quality
1172|588|나타내다|동||B|to express / to show|뜻을 *나타내다*|to express a meaning|수치로 *나타내다*|to show in numbers|슬픔을 *나타내다*|to show sadness
|595|다양하다01|형|多樣-|B|to be diverse|색깔이 *다양하다*|colors are diverse|*다양한* 메뉴|diverse menu|종류가 *다양해요*|the types are varied
1174|603|법01|명|法|B|law|*법*을 지키다|to obey the law|*법*대로 해라|do it by the law|*법*에 어긋나다|to go against the law
1175|604|소설03|명|小說|B|novel|단편 *소설*|short story|*소설*을 쓰다|to write a novel|연애 *소설*|romance novel
1176|607|질서03|명|秩序|B|order / discipline|*질서*를 지키다|to keep order|사회 *질서*|social order|공공 *질서*|public order
1177|609|담다01|동|넣다|B|to put in / to contain|그릇에 *담다*|to put in a bowl|진심을 *담다*|to put one's heart into|카메라에 *담다*|to capture on camera
|610|모이다01|동||B|to gather / to assemble|광장에 *모이다*|to gather at the square|돈이 *모이다*|money is being saved|모두 *모였어*?|is everyone gathered?
1179|611|시민|명|市民|B|citizen|서울 *시민*|Seoul citizen|*시민*의 의식|civic consciousness|보통 *시민*|ordinary citizen
1180|612|회장07|명|會長|B|chairman / president|학생회 *회장*|student council president|그룹 *회장*님|group chairman|*회장*으로 선출되다|to be elected as president
|614|스스로|부||B|by oneself|*스스로* 공부하다|to study by oneself|*스스로* 결정하다|to decide on one's own|*스스로* 해결하다|to solve by oneself
|618|이날|명||B|this day|*이날* 아침|the morning of this day|*이날* 이후로|after this day|*이날*을 기다렸다|waited for this day
1183|619|제대로|부||B|properly|*제대로* 하다|to do properly|*제대로* 먹다|to eat properly|말이 *제대로* 안 나와|cannot speak properly
1184|621|던지다|동||B|to throw|공을 *던지다*|to throw a ball|질문을 *던지다*|to pose a question|시선을 *던지다*|to cast a look
1185|623|공간05|명|空間|B|space|개인 *공간*|personal space|*공간*을 차지하다|to occupy space|생활 *공간*|living space
1186|627|벌이다|동||B|to start / to open|잔치를 *벌이다*|to hold a feast|사업을 *벌이다*|to start a business|싸움을 *벌이다*|to start a fight
1187|631|강조하다|동|强調-|B|to emphasize|중요성을 *강조하다*|to emphasize importance|반복해서 *강조했다*|emphasized repeatedly|실천을 *강조하다*|to emphasize practice
1188|633|맡다01|동|담임을 ~|B|to take charge of|일을 *맡다*|to take charge of work|책임을 *맡다*|to take responsibility|역할을 *맡았다*|took on a role
1189|635|한편|부|-便|B|on the other hand / meanwhile|*한편*으로는 걱정이다|on one hand, I'm worried|*한편* 그 시각에|meanwhile at that time|*한편* 다른 의견은|on the other hand, another opinion is
1190|637|기자05|명|記者|B|reporter|신문 *기자*|newspaper reporter|방송 *기자*|broadcast reporter|*기자* 회견|press conference
1191|641|주로01|부|主-|B|mostly / mainly|*주로* 집에서|mostly at home|*주로* 이용하는|mainly used|*주로* 먹는 음식|food mainly eaten
1192|642|훨씬|부||B|much more|*훨씬* 좋다|to be much better|*훨씬* 빠르다|to be much faster|*훨씬* 더 크게|much bigger
1193|645|통일02|명|統一|B|unification|조국 *통일*|unification of the fatherland|*통일*을 이루다|to achieve unification|의견 *통일*|unification of opinions
1194|646|들어서다|동||B|to enter / to step in|방에 *들어서다*|to step into the room|건물이 *들어서다*|a building is built|입구에 *들어서다*|to enter the entrance
|650|시설03|명|施設|B|facility|편의 *시설*|convenience facilities|*시설*을 이용하다|to use facilities|공공 *시설*|public facilities
|654|주변04|명|周邊|B|surroundings / around|학교 *주변*|around the school|*주변*을 살피다|to check the surroundings|내 *주변* 사람들|people around me
|655|대신03|명|代身|B|instead|너 *대신*|instead of you|밥 *대신* 빵|bread instead of rice|*대신* 일해주다|to work instead of (someone)
1198|658|차례01|명|次例|B|turn / order / time|내 *차례*|my turn|여러 *차례*|several times|*차례*를 기다리다|to wait for one's turn
1199|659|군05|명|軍|B|military / army|*군* 복무|military service|*군*에 가다|to go into the military|공*군* 소속|belonging to the Air Force
1200|662|재산|명|財産|B|property / wealth|개인 *재산*|personal property|*재산*을 모으다|to accumulate wealth|막대한 *재산*|huge fortune
1201|666|약간|부|若干|B|slightly|*약간* 늦다|to be slightly late|*약간*의 차이|a slight difference|소금을 *약간* 넣다|to add a bit of salt
1202|668|요구하다|동|要求-|B|to demand|사과를 *요구하다*|to demand an apology|권리를 *요구하다*|to demand rights|대책을 *요구하고* 있다|are demanding measures
|670|첫|관||B|first|*첫* 만남|first meeting|*첫* 번째|the first one|*첫* 눈에 반하다|to fall in love at first sight
|673| 사실04|부|事實|B|actually|*사실*은 몰랐어요|actually, I didn't know|*사실* 별로예요|to be honest, it's not great|그게 *사실*입니까?|is that actually true?
|677|약03|관|約|B|about|*약* 한 달|about a month|*약* 백 명|about a hundred people|*약* 두 시|about two o'clock
1206|678|기간07|명|期間|B|period|시험 *기간*|exam period|일정한 *기간*|a fixed period|*기간*이 만료되다|the period has expired
1207|680|일으키다|동||B|to cause / to raise|문제를 *일으키다*|to cause a problem|사고를 *일으키다*|to cause an accident|아이를 *일으키다*|to help a child up
1208|685|공장02|명|工場|B|factory|자동차 *공장*|car factory|*공장*을 가동하다|to operate a factory|*공장* 근로자|factory worker
1209|687|즐기다01|동||B|to enjoy|음악을 *즐기다*|to enjoy music|여가를 *즐기다*|to enjoy one's leisure|게임은 *즐거워요*|games are fun to enjoy
1210|688|지02|의|만난 ~ 오래되다|B|since|떠난 *지* 일 년|a year since leaving|이사 온 *지* 얼마 안 됐다|not long since moving in|먹은 *지* 오래되다|it's been a long time since eating
1211|690|변하다|동|變-|B|to change|색이 *변하다*|color changes|마음이 *변했다*|one's mind has changed|세상이 *변하고* 있다|the world is changing
|691|사고12|명|事故|B|accident|교통 *사고*|traffic accident|*사고*가 나다|an accident happens|안전 *사고* 예방|prevention of safety accidents
|692|그래도|불|그리하여도|B|still / yet|*그래도* 괜찮아|it's still okay|*그래도* 가야 해|I still have to go|힘들지만 *그래도* 기쁘다|it's hard, but still joyful
1214|693|아무리|부||B|no matter how|*아무리* 바빠도|no matter how busy|*아무리* 생각해도|no matter how much I think|*아무리* 멀어도|no matter how far
1215|695|맞추다01|동||B|to adjust / to match|시계를 *맞추다*|to set/adjust a clock|답을 *맞추다*|to check answers|입을 *맞추다*|to kiss / to align stories
|695|쌀|명||B|rice|*쌀*을 씻다|to wash rice|*쌀* 가마니|rice sack|*쌀*로 밥을 짓다|to cook rice with rice grains
|696|일반02|명|一般|B|general / common|*일반*인 출입 금지|no entry for the general public|*일반*적인 생각|a general thought|*일반*적으로 그렇다|it is generally so
1218|700|막다01|동||B|to block / to prevent|길을 *막다*|to block the road|바람을 *막다*|to block the wind|유행을 *막을* 수 없다|cannot prevent the trend
|704|버리다01|동||B|to throw away|쓰레기를 *버리다*|to throw away trash|미련을 *버리다*|to give up lingering attachment|다 잊어 *버리다*|to forget it all
|705|붙이다|동||B|to stick / to attach|우표를 *붙이다*|to stick a stamp|이름을 *붙이다*|to give a name|불을 *붙이다*|to light a fire
1221|707|늘|부||B|always|*늘* 고마워|always thankful|*늘* 그 자리에|always in that spot|*늘* 하던 대로|always as usual
1222|709|전국03|명|全國|B|nationwide|*전국* 각지|all over the country|*전국* 대회|nationwide competition|*전국*적으로 비|rain nationwide
1223|711|마치다02|동||B|to finish|일을 *마치다*|to finish work|수업을 *마쳤다*|finished class|모든 과정을 *마치다*|to complete the entire course
|714|도움|명||B|help|*도움*을 주다|to give help|*도움*을 요청하다|to request help|큰 *도움*이 되다|to be a great help
1225|715|가정06|명|家庭|B|home / family|화목한 *가정*|harmonious family|*가정* 방문|home visit|*가정*을 꾸리다|to start a family
1226|717|빠지다02|동|물에 ~|B|to fall into|물에 *빠지다*|to fall into water|함정에 *빠졌다*|fell into a trap|사랑에 *빠지다*|to fall in love
1227|721|오늘날|명||B|today / nowadays|*오늘날*의 사회|today's society|*오늘날*에 이르러|reaching the present day|*오늘날*의 과학 기술|science and technology of today
1228|723|농업|명|農業|B|agriculture|*농업* 종사자|agricultural worker|*농업* 생산량|agricultural production|전통적인 *농업*|traditional agriculture
1229|725|식04|의|式|B|style / way|한국 *식*|Korean style|옛날 *식*|old-fashioned way|이런 *식*으로|in this way
1230|726|의견01|명|意見|B|opinion|*의견*을 나누다|to share opinions|개인적인 *의견*|personal opinion|*의견*이 다르다|to have different opinions
1231|730|표현하다|동|表現-|B|to express|말로 *표현하다*|to express in words|감정을 *표현했다*|expressed emotions|그림으로 *표현하다*|to express through a drawing
|732|이상하다|형|異常-|B|to be strange|기분이 *이상하다*|to feel strange|*이상한* 소리|strange sound|냄새가 *이상해요*|the smell is weird
|734|붙다|동||B|to stick / to pass|벽에 *붙다*|to stick to the wall|시험에 *붙었다*|passed the exam|불이 *붙다*|to catch fire
1234|739|경기11|명|競技|B|match / game|축구 *경기*|soccer match|*경기*에서 이기다|to win a game|*경기*를 관람하다|to watch a match
1235|740|목적03|명|目的|B|purpose|방문 *목적*|purpose of visit|*목적*이 분명하다|the purpose is clear|공부할 *목적*으로|with the purpose of studying
1236|741|태도03|명|態度|B|attitude|긍정적인 *태도*|positive attitude|*태도*가 나쁘다|to have a bad attitude|삶에 대한 *태도*|attitude toward life
|742|남성01|명|男性|B|male / man|*남성* 정장|men's suit|*남성* 호르몬|male hormone|*남성*다운 모습|manly appearance
1238|743|주위02|명|周圍|B|surroundings / around|집 *주위*|around the house|*주위*가 시끄럽다|the surroundings are noisy|*주위* 사람들의 시선|the eyes of people around
|745|그만02|부|그 정도까지만|B|no more / stop|*그만* 먹어|stop eating|*그만*두고 싶다|to want to quit|장난은 이제 *그만*|stop the pranks now
1240|746|발생하다|동|發生-|B|to occur|사건이 *발생하다*|an incident occurs|화재가 *발생했다*|a fire broke out|문제가 *발생할* 수 있다|problems may occur
1241|749|어쩌다01|동||B|to happen to / by chance|*어쩌다가* 만났다|met by chance|*어쩌면* 좋을까|what should I do|*어쩌다* 보니 그렇게 됐다|it just happened that way
|750|재료01|명|材料|B|material / ingredient|요리 *재료*|cooking ingredients|천연 *재료*|natural materials|*재료*를 준비하다|to prepare ingredients
1243|751|각각01|부|各各|B|each / respectively|*각각* 다르다|to be each different|*각각* 한 개씩|one of each|*각각*의 장단점|pros and cons of each
|753|옮기다|동||B|to move / to transfer|짐을 *옮기다*|to move luggage|자리를 *옮겼다*|moved seats|한국어로 *옮기다*|to translate/transfer into Korean
|757|자유03|명|自由|B|freedom|언론의 *자유*|freedom of the press|*자유*를 누리다|to enjoy freedom|개인 *자유* 침해|violation of personal freedom
1246|758|책임|명|責任|B|responsibility|*책임*을 지다|to take responsibility|무거운 *책임*|heavy responsibility|*책임*이 막중하다|responsibility is great
|759|바뀌다|동||B|to be changed|계획이 *바뀌다*|the plan changes|번호가 *바뀌었다*|the number changed|주인이 *바뀌다*|the owner changes
1248|761|심하다|형|甚-|B|to be severe|정도가 *심하다*|the degree is severe|*심한* 장난|severe prank|기침이 *심해요*|the cough is severe
|765|아니02|감||B|what / no|*아니*, 이게 뭐야?|What, what is this?|*아니*, 진짜야?|No, really?|*아니*, 그럴 리가|No, that can't be
1250|767|자라다01|동|커지다|B|to grow|무럭무럭 *자라다*|to grow quickly|꿈을 먹고 *자란다*|growing up with dreams|키가 많이 *자랐네*|you've grown tall
1251|769|구체적|명|具體的|B|concrete / specific|*구체적*인 계획|specific plan|*구체적*으로 설명하다|to explain specifically|내용이 *구체적*이다|the content is concrete
1252|770|기회03|명|機會|B|opportunity|좋은 *기회*|good opportunity|*기회*를 놓치다|to miss an opportunity|마지막 *기회*|last chance
1253|773|지구04|명|地球|B|Earth|*지구* 온난화|global warming|*지구*를 지키다|to protect the Earth|*지구* 한 바퀴|around the Earth
|774|번째|의|番-|B|times (counter)|두 *번째*|the second time|몇 *번째*예요?|which one is it?|마지막 *번째*| the last one
1255|775|소비자|명|消費者|B|consumer|*소비자* 고발|consumer report|*소비자* 보호|consumer protection|현명한 *소비자*|wise consumer
1256|779|기준03|명|基準|B|standard / criteria|선발 *기준*|selection criteria|*기준*에 맞다|to meet the standard|*기준*을 세우다|to set a standard
1257|780|말11|의|末|B|end|학기 *말*|end of the semester|이번 달 *말*|end of this month|세기 *말*|end of the century
1258|781|반드시|부||B|surely / certainly|*반드시* 성공하다|to surely succeed|*반드시* 오세요|be sure to come|*반드시* 필요한 것|absolutely necessary thing
1259|787|받아들이다|동||B|to accept|사실을 *받아들이다*|to accept the fact|제안을 *받아들였다*|accepted the proposal|문화를 *받아들이다*|to embrace a culture
1260|791|꺼내다|동||B|to take out|돈을 *꺼내다*|to take out money|말을 *꺼내다*|to bring up a topic|주머니에서 *꺼냈다*|took out from the pocket
1261|792|노동자|명|勞動者|B|worker / laborer|외국인 *노동자*|foreign worker|*노동자*의 권리|rights of workers|육체 *노동자*|manual laborer
1262|793|동네|명|洞-|B|neighborhood|우리 *동네*|my neighborhood|*동네* 한 바퀴|around the neighborhood|*동네* 사람들|neighbors
1263|795|완전히|부|完全-|B|completely|*완전히* 잊다|to completely forget|*완전히* 달라지다|to become completely different|*완전히* 망했다|to be completely ruined
1264|797|전하다|동|傳-|B|to deliver / to tell|소식을 *전하다*|to deliver news|안부를 *전해* 줘|say hello (deliver regards)|뜻을 *전하다*|to convey a meaning
1265|800|맞다02|동|손님을 ~|B|to greet / to welcome|손님을 *맞다*|to greet a guest|새해를 *맞다*|to welcome the new year|공항에서 *맞이하다*|to meet at the airport
|801|별로01|부|別-|B|not really|*별로* 안 매워요|it's not really spicy|*별로* 마음에 안 들어|I don't really like it|*별로* 한 일이 없다|didn't really do much
1267|803|정하다03|동|定-|B|to decide / to set|날짜를 *정하다*|to set a date|규칙을 *정했다*|set the rules|마음을 *정하다*|to make up one's mind
1268|808|대중02|명|大衆|B|the public|*대중* 교통|public transportation|*대중* 문화|popular culture|*대중*의 인기|popularity among the public
1269|809|늘어나다|동||B|to increase / to stretch|인구가 *늘어나다*|population increases|체중이 *늘어났다*|weight increased|시간이 *늘어나다*|time is extended
1270|815|각종|명|各種|B|various kinds|*각종* 사고|various accidents|*각종* 행사|various events|*각종* 비타민|various vitamins
1271|816|빛|명||B|light|햇*빛*|sunlight|달*빛*|moonlight|희망의 *빛*|light of hope
|821|야04|감||B|hey|*야*, 조용히 해|Hey, be quiet|*야*, 너 어디야?|Hey, where are you?|*야*, 오랜만이다|Hey, long time no see
1273|823|현재02|명|現在|B|the present|*현재*와 과거|the present and the past|*현재*에 충실하다|to be faithful to the present|*현재* 시각|current time
1274|826|발견하다01|동|發見-|B|to discover|신대륙을 *발견하다*|to discover a new continent|재능을 *발견했다*|discovered talent|오류를 *발견하다*|to find an error
1275|829|특징|명|特徵|B|characteristic|지리적 *특징*|geographical features|*특징*이 뚜렷하다|characteristics are distinct|개인적 *특징*|personal characteristic
1276|831|선수05|명|選手|B|athlete / player|축구 *선수*|soccer player|국가대표 *선수*|national team player|*선수* 보호 차원|for the sake of protecting players
1277|833|마련하다|동||B|to prepare / to arrange|돈을 *마련하다*|to raise money|자리를 *마련했다*|arranged a seat/spot|대책을 *마련하다*|to prepare measures
|835|발표하다|동|發表-|B|to announce|결과를 *발표하다*|to announce results|신곡을 *발표했다*|released/announced a new song|의견을 *발표하다*|to present an opinion
1279|836|주제04|명|主題|B|topic / theme|토론 *주제*|discussion topic|연구 *주제*|research theme|*주제* 파악|understanding the core theme
1280|842|기본|명|基本|B|basis / basic|*기본* 예절|basic etiquette|*기본*에 충실하다|to stick to the basics|*기본* 원칙|basic principle
|844|사라지다|동||B|to disappear|안개가 *사라지다*|fog disappears|통증이 *사라졌다*|the pain went away|자취를 *감추다*|to vanish without a trace
1282|846|감정06|명|感情|B|emotion / feeling|*감정* 조절|emotional control|*감정*이 풍부하다|to be very emotional|부정적인 *감정*|negative emotion
|847|기억02|명|記憶|B|memory|좋은 *기억*|good memory|*기억*이 나다|to remember|*기억*을 되살리다|to revive a memory
1284|849|인기01|명|人氣|B|popularity|*인기* 가수|popular singer|*인기*가 많다|to be very popular|*인기*를 끌다|to gain popularity
|858|관리04|명|管理|B|management|자기 *관리*|self-management|고객 *관리*|customer management|*관리*를 잘하다|to manage well
|866|들리다03|동|소리가 ~|B|to be heard|소리가 *들리다*|a sound is heard|잘 안 *들려요*|I can't hear well|노래가 *들려오다*|to hear a song coming
1287|867|달리다04|동|말을 ~|B|to run|빨리 *달리다*|to run fast|운동장을 *달렸다*|ran on the playground|앞만 보고 *달리다*|to run looking only forward
1288|869|이전03|명|以前|B|before / previous|사고 *이전*|before the accident|일주일 *이전*|more than a week ago|그 *이전*의 삶|life before that
1289|876|시키다01|동||B|to make (someone do) / to order|일을 *시키다*|to make (someone) work|심부름을 *시켰다*|ordered an errand|커피를 *시키다*|to order coffee
1290|878|국제02|명|國際|B|international|*국제* 공항|international airport|*국제* 관계|international relations|*국제* 전화|international call
|879|그룹01|명|group|B|group|아이돌 *그룹*|idol group|*그룹* 활동|group activity|대기업 *그룹*|conglomerate group
|880|인생01|명|人生|B|life|즐거운 *인생*|joyful life|*인생*의 목표|goal of life|*인생*을 즐기다|to enjoy life
1293|881|전통06|명|傳統|B|tradition|*전통* 문화|traditional culture|*전통*을 잇다|to carry on a tradition|*전통* 의상|traditional clothing
1294|882|기르다|동||B|to raise / to grow|꽃을 *기르다*|to grow flowers|강아지를 *기르다*|to raise a puppy|능력을 *길렀다*|developed/grew an ability
1295|885|조사하다12|동|調査-|B|to investigate|원인을 *조사하다*|to investigate the cause|철저히 *조사했다*|investigated thoroughly|실태를 *조사하다*|to survey the actual condition
1296|886|커다랗다|형||B|to be huge|*커다란* 나무|huge tree|구멍이 *커다랗다*|the hole is huge|*커다랗게* 웃다|to laugh loudly
1297|890|시인10|명|詩人|B|poet|유명한 *시인*|famous poet|*시인*이 되다|to become a poet|서정 *시인*|lyric poet
1298|892|외04|의|外|B|except / other than|그 *외*의 것|things other than that|예상 *외*|unexpected|전공 *외* 과목|subjects outside the major
|895|위치01|명|位置|B|location / position|지리적 *위치*|geographical location|*위치*를 파악하다|to locate/find a position|중요한 *위치*|important position
1300|896|줄이다|동||B|to reduce / to shorten|비용을 *줄이다*|to reduce costs|거리를 *줄였다*|shortened the distance|말수를 *줄이다*|to talk less
1301|898|가격03|명|價格|B|price|*가격*이 오르다|price rises|*가격*을 깎다|to cut the price|저렴한 *가격*|low price
1302|899|달라지다|동||B|to change / to vary|세상이 *달라지다*|the world changes|태도가 *달라졌다*|attitude has changed|어제와 *달라진* 모습|appearance different from yesterday
|903|원하다02|동|願-|B|to want / to desire|평화를 *원하다*|to want peace|*원하는* 대로|as one wishes|성공을 *간절히* 원하다|to dearly want success
1304|904|통신01|명|通信|B|communication|정보 *통신*|information communication|*통신* 수단|means of communication|*통신*이 끊기다|communication is cut off
|905|확인하다|동|確認-|B|to check / to confirm|예약을 *확인하다*|to check a reservation|사실을 *확인했다*|confirmed the fact|직접 *확인하세요*|please check it yourself
|906|모임01|명||B|gathering / meeting|가족 *모임*|family gathering|*모임*을 가지다|to have a meeting|정기적인 *모임*|regular gathering
|909|웃음|명||B|laughter / smile|*웃음*이 나다|to burst into laughter|환한 *웃음*|bright smile|*웃음*을 짓다|to give a smile
1308|910|기계07|명|機械|B|machine|세탁 *기계*|washing machine|*기계*를 고치다|to fix a machine|*기계*처럼 일하다|to work like a machine
1309|911|모양02|의|模樣|B|appearance / likely to|비가 올 *모양*이다|it looks like it will rain|아픈 *모양*이야|it seems (he) is sick|모르는 *모양*이네|it seems you don't know
1310|913|아나운서|명|announcer|B|announcer / news anchor|뉴스 *아나운서*|news anchor|*아나운서*가 꿈이다|dream of being an announcer|유명한 *아나운서*|famous announcer
1311|916|펴다|동||B|to unfold / to spread|책을 *펴다*|to open a book|허리를 *펴다*|to straighten one's back|날개를 *펴다*|to spread wings
1312|921|종교|명|宗敎|B|religion|*종교*가 있나요?|do you have a religion?|*종교*적인 이유|religious reasons|*종교*의 자유|freedom of religion
1313|924|자연스럽다|형|自然-|B|to be natural|*자연스러운* 연기|natural acting|말투가 *자연스럽다*|way of speaking is natural|*자연스럽게* 행동하다|to act naturally
1314|927|돌다|동||B|to turn / to spin|바퀴가 *돌다*|wheels turn|동네를 한 바퀴 *돌다*|to go around the neighborhood|머리가 *돌다*|to feel dizzy
|930|이해06|명|理解|B|understanding|*이해*가 가다|to understand|서로를 *이해*하다|to understand each other|깊은 *이해*|deep understanding
1316|936|혹은|부|或-|B|or / or else|사과 *혹은* 배|apples or pears|오늘 *혹은* 내일|today or tomorrow|전화 *혹은* 문자|phone call or text
1317|942|편09|의|篇|B|volume (counter for books/films)|영화 한 *편*|one movie|논문 여러 *편*|several papers|시 한 *편*|one poem
1318|944|노력하다01|동|努力-|B|to strive / to try hard|열심히 *노력하다*|to try hard|성공하려고 *노력했다*|strove to succeed|*노력하는* 사람|person who makes an effort
1319|945|보호01|명|保護|B|protection|환경 *보호*|environmental protection|아동 *보호*|child protection|*보호*를 받다|to be protected
1320|948|한편|명|-便|B|one side / one way|*한편*의 이야기|one story|마음 *한편*이 아프다|one side of my heart hurts|영화 한 *편*|one film
1321|951|이웃|명||B|neighbor|*이웃* 사촌|close neighbor (like family)|*이웃*집 사람|the person next door|*이웃*을 돕다|to help neighbors
1322|953|공동02|명|共同|B|joint / community|*공동* 주택|community housing|*공동*으로 관리하다|to manage jointly|*공동* 목표|joint goal
1323|954|까닭|명||B|reason / cause|그럴 *까닭*이 없다|no reason for that|무슨 *까닭*인지|for some reason|모르는 *까닭*에|because (I) don't know
1324|960|소녀02|명|少女|B|girl|어린 *소녀*|young girl|*소녀* 같은 감성|girl-like sensitivity|열일곱 살 *소녀*|seventeen-year-old girl
1325|961|지나가다|동||B|to pass by|차들이 *지나가다*|cars pass by|시간이 *지나갔다*|time has passed|그냥 *지나가지* 마세요|please don't just pass by
1326|963|상품03|명|商品|B|product / prize|인기 *상품*|popular product|*상품*을 타다|to win a prize|*상품*권|gift certificate
1327|966|훌륭하다|형||B|to be excellent / great|*훌륭한* 사람|great person|경치가 *훌륭하다*|the view is magnificent|성적이 *훌륭하네요*|the grades are excellent
|968|새로|부||B|newly / anew|*새로* 사다|to buy new|*새로* 시작하다|to start anew|*새로* 지은 건물|newly built building
1329|973|종류02|명|種類|B|kind / type|여러 *종류*|various types|꽃의 *종류*|types of flowers|*종류*별로 분류하다|to classify by type
1330|980|키우다|동||B|to raise / to grow|아이를 *키우다*|to raise a child|꿈을 *키우다*|to nurture a dream|덩치를 *키웠다*|built up one's physique
1331|981|눕다01|동||B|to lie down|침대에 *눕다*|to lie on the bed|잠시 *누워* 쉬다|to lie down and rest for a bit|바닥에 *누웠다*|lied on the floor
1332|982|발달하다|동|發達-|B|to develop / to advance|근육이 *발달하다*|muscles develop|정신이 *발달했다*|mind has developed|교통이 *발달한* 도시|city with developed transport
1333|983|발전하다01|동|發展-|B|to progress / to develop|경제가 *발전하다*|economy develops|관계가 *발전했다*|relationship progressed|크게 *발전하는* 중|developing significantly
1334|985|죽음01|명||B|death|갑작스러운 *죽음*|sudden death|*죽음*을 두려워하다|to fear death|삶과 *죽음*|life and death
1335|986|고통|명|苦痛|B|pain / suffering|*고통*을 느끼다|to feel pain|심한 *고통*|severe suffering|*고통*에서 벗어나다|to escape from pain
1336|989|듯이01|의||B|as if|비가 오*듯이*|as if it's raining|보*듯이* 알다|to know just by looking|미친 *듯이* 달리다|to run like crazy
1337|990|어울리다|동||B|to match / to hang out|옷이 잘 *어울리다*|clothes match well|친구들과 *어울리다*|to hang out with friends|분위기에 *어울리게*|matching the atmosphere
|993|알리다|동||B|to inform / to make known|사실을 *알리다*|to inform of the fact|전화로 *알렸다*|informed via phone|이름을 *알리는* 계기|chance to make one's name known
|997|멀리01|부||B|far away|*멀리* 보이다|to be seen far away|*멀리* 떠나다|to go far away|*멀리*서 오다|to come from afar
|998|빼다01|동|가시를 ~|B|to pull out / to subtract|살을 *빼다*|to lose weight|가시를 *빼다*|to pull out a thorn|이름을 *빼다*|to leave out/remove a name
1341|999|예정02|명|豫定|B|schedule / plan|출발 *예정*|scheduled departure|*예정*대로 진행하다|to proceed as planned|*예정*보다 늦다|later than scheduled
1342|1004|흔히|부||B|commonly / often|*흔히* 있는 일|common occurrence|*흔히* 말하기를|as is often said|*흔히* 볼 수 있다|can be commonly seen
1343|1011|느껴지다|동||B|to be felt|추위가 *느껴지다*|to feel the cold|사랑이 *느껴졌다*|love was felt|슬프게 *느껴지다*|to feel sad
1344|1015|전문08|명|專門|B|specialty / professional|*전문* 분야|field of expertise|*전문* 지식|professional knowledge|*전문*으로 다루다|to handle professionally
1345|1016|정확하다01|형|正確-|B|to be accurate|*정확한* 시간|accurate time|발음이 *정확하다*|pronunciation is accurate|*정확하게* 계산하다|to calculate accurately
1346|1019|등01|명|신체의 일부|B|back (body part)|*등*이 가렵다|back is itchy|*등*을 돌리다|to turn one's back|*등*에 업다|to carry on one's back
1347|1023|찾아오다|동||B|to visit / to come over|집으로 *찾아오다*|to visit the house|손님이 *찾아왔다*|a guest came over|봄이 *찾아오다*|spring arrives
|1026|사용04|명|使用|B|use / usage|*사용* 방법|how to use|*사용*을 금지하다|to ban usage|컴퓨터 *사용*|computer use
1349|1033|결정하다01|동|決定-|B|to decide|진로를 *결정하다*|to decide on a career|혼자 *결정했다*|decided alone|빨리 *결정하세요*|please decide quickly
1350|1034|경영02|명|經營|B|management / operation|기업 *경영*|business management|*경영*학과|department of business|*경영*을 맡다|to take over management
|1036|목표|명|目標|B|goal / target|*목표*를 세우다|to set a goal|인생의 *목표*|life goal|*목표*에 도달하다|to reach the target
1352|1038|숲01|명||B|forest / woods|깊은 *숲*|deep forest|*숲*길을 걷다|to walk in the forest|*숲*이 우거지다|the forest is thick
1353|1039|없어지다|동||B|to disappear / to be gone|물건이 *없어지다*|the item is gone|통증이 *없어졌다*|the pain disappeared|기회가 *없어지다*|to lose an opportunity
1354|1042|떠오르다|동||B|to rise / to come to mind|해공에 *떠오르다*|to rise in the sky|좋은 생각이 *떠오르다*|a good idea comes to mind|얼굴이 *떠올랐다*|a face came to mind
1355|1044|미치다02|동|닿다|B|to reach / to influence|영향을 *미치다*|to influence|손이 *미치지* 않는 곳|place out of reach|기대에 *미치다*|to meet expectations
1356|1045|새벽01|명||B|dawn / early morning|*새벽* 공기|dawn air|*새벽*까지 일하다|to work until dawn|*새벽*에 일어나다|to wake up at dawn
1357|1047|얼른02|부||B|quickly / right away|*얼른* 와라|come quickly|*얼른* 먹어|eat up right away|*얼른* 대답해|answer quickly
1358|1048|임금03|명|賃金|B|wage / pay|최저 *임금*|minimum wage|*임금* 협상|wage negotiation|*임금*을 올리다|to raise wages
1359|1051|무섭다|형||B|to be scary|귀신이 *무섭다*|scared of ghosts|*무서운* 영화|scary movie|밤길이 *무서워요*|night roads are scary
1360|1052|직장05|명|職場|B|workplace|*직장* 상사|workplace boss|*직장*을 구하다|to look for a job|*직장* 생활|working life
1361|1053|참다|동||B|to endure / to hold back|웃음을 *참다*|to hold back laughter|화가 나도 *참다*|to endure despite anger|꾹 *참았다*|held it back firmly
|1054|크기|명||B|size|방의 *크기*|size of the room|적당한 *크기*|appropriate size|*크기*가 다르다|sizes are different
|1056|남기다|동||B|to leave (behind)|음식을 *남기다*|to leave food|이름을 *남기다*|to leave one's name|메모를 *남겼다*|left a memo
1364|1057|서양|명|西洋|B|the West / Western|*서양* 역사|Western history|*서양* 음식|Western food|*서양* 사람들|Westerners
1365|1058|주요01|명|主要|B|major / main|*주요* 원인|main cause|*주요* 인물|major figure|*주요* 도시|major cities
1366|1059|지나치다|형||B|to be excessive|농담이 *지나치다*|the joke is too much|*지나친* 운동|excessive exercise|욕심이 *지나쳐요*|greed is excessive
|1061|냄새|명||B|smell / odor|맛있는 *냄새*|delicious smell|꽃 *냄새*|flower scent|담배 *냄새*|cigarette smell
|1062|부드럽다|형||B|to be soft / smooth|피부가 *부드럽다*|skin is soft|*부드러운* 빵|soft bread|목소리가 *부드러워요*|the voice is smooth
1369|1067|공연02|명|公演|B|performance / show|연극 *공연*|theater performance|*공연*을 보다|to see a show|무료 *공연*|free performance
1370|1069|내놓다|동||B|to put out / to release|물건을 밖에 *내놓다*|to put items outside|신제품을 *내놓았다*|released a new product|의견을 *내놓다*|to put forward an opinion
1371|1070|떼다01|동||B|to detach / to take off|스티커를 *떼다*|to peel off a sticker|눈을 *떼지* 마|don't take your eyes off|영수증을 *떼었다*|detached a receipt
|1071|만들어지다|동||B|to be made|나무로 *만들어지다*|to be made of wood|전통 방식으로 *만들어졌다*|made in the traditional way|계획이 *만들어지다*|a plan is formed
1373|1072|속도01|명|速度|B|speed|*속도*를 줄이다|to slow down|빠른 *속도*|fast speed|*속도* 제한|speed limit
1374|1073|심각하다02|형|深刻-|B|to be serious|문제가 *심각하다*|the problem is serious|*심각한* 표정|serious look|상황이 *심각해요*|the situation is serious
1375|1075|계속되다02|동|繼續-|B|to continue|비가 *계속되다*|the rain continues|전쟁이 *계속되었다*|the war continued|토론이 *계속되는* 중|the discussion is continuing
1376|1078|소년01|명|少年|B|boy|어린 *소년*|young boy|시골 *소년*|country boy|*소년*의 꿈|a boy's dream
1377|1079|소식04|명|消息|B|news / word|기쁜 *소식*|good news|*소식*을 듣다|to hear news|*소식*이 없다|no word (from someone)
|1085|그중|명|-中|B|among them|*그중* 하나|one of them|*그중*에서 제일|the best among them|*그중* 가장 비싼|the most expensive among them
1379|1086|노인01|명|老人|B|elderly person|동네 *노인*|village elder|*노인* 문제|elderly issues|*노인*을 공경하다|to respect the elderly
1380|1087|벌다02|동|돈을 ~|B|to earn / to make (money)|돈을 *벌다*|to earn money|생활비를 *벌었다*|earned living expenses|많이 *벌고* 싶다|want to earn a lot
|1088|살리다|동||B|to save / to revive|목숨을 *살리다*|to save a life|기운을 *살리다*|to cheer up/revive spirits|불씨를 *살렸다*|revived the flame
1382|1092|결정01|명|決定|B|decision|*결정*을 내리다|to make a decision|중요한 *결정*|important decision|*결정*을 미루다|to postpone a decision
1383|1098|썰다01|동||B|to slice / to chop|고기를 *썰다*|to slice meat|채소를 *썰었다*|chopped vegetables|칼로 *썰다*|to slice with a knife
|1100|이미지|명|image|B|image|좋은 *이미지*|good image|*이미지*가 나쁘다|the image is bad|*이미지*를 개선하다|to improve one's image
1385|1105|업무02|명|業務|B|business / work|*업무*를 보다|to do work|공식 *업무*|official business|*업무* 시간|work hours
1386|1108|청소년|명|靑少年|B|youth / teenager|*청소년*기|adolescence|*청소년* 할인|teenager discount|*청소년*을 위한 캠프|camp for youth
|1110|응01|감||B|yes / yeah|*응*, 알았어|yeah, got it|*응*, 그래|yeah, okay|*응*, 마음에 들어|yeah, I like it
1388|1111|이기다01|동|적에게 ~|B|to win / to beat|경기에서 *이기다*|to win the game|적을 *이겼다*|beat the enemy|자신을 *이기다*|to overcome oneself
|1112|찾아보다|동||B|to look up / to search|사전을 *찾아보다*|to look up in a dictionary|인터넷에서 *찾아봤다*|searched on the internet|자료를 *찾아보다*|to look for data
1390|1113|취하다01|동|取-|B|to take / to adopt|조치를 *취하다*|to take measures|태도를 *취했다*|adopted an attitude|휴식을 *취하다*|to take a rest
|1122|선배|명|先輩|B|senior|학교 *선배*|school senior|직장 *선배*님|workplace senior|*선배*를 존경하다|to respect a senior
|1125|구하다01|동|求-|B|to seek / to rescue|일자리를 *구하다*|to look for a job|사람을 *구했다*|rescued a person|도움을 *구하다*|to ask for help
1393|1127|그러므로|부||B|therefore|비가 온다. *그러므로*...|It's raining. Therefore...|*그러므로* 취소했다|therefore, (I) canceled it|*그러므로* 주의가 필요하다|therefore, caution is needed
1394|1128|포함하다02|동|包含-|B|to include|세금을 *포함하다*|to include tax|전부를 *포함했다*|included everything|나를 *포함하여* 다섯 명|five people including me
1395|1134|만약|명|萬若|B|if / in case|*만약*의 사태|emergency situation|*만약* 비가 오면|if it happens to rain|*만약*에 대비하다|"to prepare for the ""if"""
1396|1135|바르다03|형|굽은 데가 없다|B|to be straight / upright|자세가 *바르다*|posture is straight|*바른* 생활|upright living|마음씨가 *바르다*|to be right-minded
1397|1137|숨01|명||B|breath|*숨*을 쉬다|to breathe|*숨*이 차다|to be out of breath|*숨*을 죽이다|to hold one's breath
1398|1138|행사01|명|行事|B|event / function|축제 *행사*|festival event|*행사*를 열다|to hold an event|학교 *행사*|school function
|1142|왕04|명|王|B|king|세종 *대왕*|King Sejong the Great|*왕*이 다스리다|the king rules|*왕*이 되다|to become king
|1143|점점01|부|漸漸|B|gradually / increasingly|*점점* 더워지다|getting gradually hotter|*점점* 좋아지고 있다|getting better bit by bit|*점점* 멀어지다|to move further away gradually
|1145|특별|명|特別|B|special|*특별*한 날|special day|*특별* 관리|special management|*특별* 대우를 받다|to receive special treatment
1402|1146|판단|명|判斷|B|judgment|올바른 *판단*|correct judgment|*판단*을 내리다|to make a judgment|*판단*이 서다|to come to a judgment
1403|1147|해결하다|동|解決-|B|to solve|문제를 *해결하다*|to solve a problem|갈등을 *해결했다*|resolved the conflict|스스로 *해결해라*|solve it yourself
1404|1149|계속하다03|동|繼續-|B|to continue|공부를 *계속하다*|to continue studying|행진을 *계속했다*|continued the march|말을 *계속해* 보세요|please keep speaking
1405|1150|그치다|동||B|to stop|비가 *그치다*|the rain stops|울음을 *그치다*|to stop crying|웃음이 *그치지* 않다|laughter doesn't stop
1406|1152|너무나|부||B|so / too|*너무나* 감사하다|to be so grateful|*너무나* 아름다운 풍경|such a beautiful scenery|*너무나* 보고 싶다|to miss someone so much
1407|1153|높이다|동||B|to raise / to heighten|목소리를 *높이다*|to raise one's voice|효율을 *높였다*|increased efficiency|가치를 *높이다*|to heighten the value
1408|1159|막02|부|마구|B|carelessly / at random|*막* 사용하다|to use carelessly|*막* 던지다|to throw at random|*막* 말하지 마라|don't speak without thinking
1409|1161|수출03|명|輸出|B|export|*수출* 품목|export items|*수출*을 늘리다|to increase exports|자동차 *수출*|car exports
1410|1166|자르다01|동||B|to cut|머리를 *자르다*|to cut hair|종이를 *자르다*|to cut paper|관계를 *잘랐다*|cut off a relationship
1411|1167|데리다|동||B|to take / to bring (person)|아이를 *데려오다*|to bring a child|강아지를 *데리고* 가다|to go with a dog|나를 *데려가* 줘|please take me with you
1412|1169|무척01|부||B|very / extremely|*무척* 기쁘다|to be very happy|*무척* 힘들었다|it was extremely hard|*무척* 아끼는 옷|clothes (I) cherish very much
|1170|비용03|명|費用|B|cost / expense|여행 *비용*|travel expenses|*비용*이 들다|to cost money|*비용*을 절감하다|to reduce costs
1414|1172|옳다01|형||B|to be right / correct|*옳은* 일|the right thing|판단이 *옳다*|the judgment is correct|그 말이 *옳아요*|those words are right
1415|1173|원래01|명|元來|B|originally / by nature|*원래* 모습|original appearance|*원래* 성격|original personality|*원래*부터 알고 있었다|knew it from the beginning
1416|1175|최초|명|最初|B|the first|*최초* 발견자|the first discoverer|세계 *최초*|the world's first|*최초*의 기록|the first record
|1177|놀이01|명||B|play / game|민속 *놀이*|folk game|아이들의 *놀이*|children's play|물*놀이*를 하다|to play in the water
1418|1179|뿌리|명||B|root|깊은 *뿌리*|deep roots|*뿌리*를 내리다|to take root|나무 *뿌리*|tree roots
1419|1180|수입02|명|輸入|B|import|*수입* 자동차|imported car|원자재 *수입*|import of raw materials|*수입*을 금지하다|to ban imports
1420|1181|초03|의|初|B|beginning / early|학기 *초*|beginning of the semester|이십 세기 *초*|early 20th century|오월 *초*|early May
1421|1187|직원03|명|職員|B|employee / staff|회사 *직원*|company employee|신입 *직원*|new staff member|*직원*을 채용하다|to hire employees
1422|1192|상대04|명|相對|B|opponent / partner|결혼 *상대*|marriage partner|*상대* 팀|opponent team|*상대*를 존중하다|to respect the other person
|1194|피부02|명|皮膚|B|skin|*피부*가 좋다|skin is good|*피부* 관리|skin care|민감한 *피부*|sensitive skin
1424|1196|가득01|부|~ 차다|B|full / to the brim|*가득* 담다|to fill up|희망이 *가득*하다|to be full of hope|교실에 *가득* 찬 학생들|students filling the classroom
|1199|벽06|명|壁|B|wall|*벽*에 걸다|to hang on the wall|단단한 *벽*|solid wall|마음의 *벽*|wall in one's heart
1426|1200|장군04|명|將軍|B|general / admiral|이순신 *장군*|General Yi Sun-sin|용감한 *장군*|brave general|*장군*이 지휘하다|the general commands
1427|1201|무역02|명|貿易|B|trade|자유 *무역*|free trade|*무역*을 하다|to trade|*무역* 회사|trading company
|1205|줄01|명|~로 감다|B|rope / line|*줄*을 서다|to stand in line|긴 *줄*|long rope|*줄*을 당기다|to pull the line
1429|1206|쳐다보다|동||B|to look at / to gaze|거울을 *쳐다보다*|to look in the mirror|나를 *쳐다봤다*|gazed at me|하늘을 *쳐다보다*|to look up at the sky
1430|1207|충분히|부|充分-|B|sufficiently / enough|*충분히* 설명하다|to explain sufficiently|*충분히* 자다|to sleep enough|*충분히* 이해해요|I understand perfectly
1431|1208|대15|의|臺|B|unit (counter for machines)|차 세 *대*|three cars|에어컨 한 *대*|one air conditioner|기계 몇 *대*|several machines
1432|1209|신체02|명|身體|B|body|*신체* 검사|physical examination|*신체*의 일부|part of the body|건강한 *신체*|healthy body
|1210|에너지|명|energy|B|energy|*에너지* 절약|energy saving|태양 *에너지*|solar energy|*에너지*가 넘치다|to be full of energy
|1212|정리하다|동|整理-|B|to organize / to tidy|방을 *정리하다*|to tidy the room|생각을 *정리했다*|organized one's thoughts|관계를 *정리하다*|to end/settle a relationship
1435|1213|집안01|명||B|household / family|*집안* 일|housework|우리 *집안*|our family|*집안*이 화목하다|the family is harmonious
1436|1214|배경01|명|背景|B|background|역사적 *배경*|historical background|사진 *배경*|photo background|성장 *배경*|upbringing background
|1215|죽이다01|동|굶겨 ~|B|to kill|불을 *죽이다*|to lower the fire (metaphorical)|해충을 *죽이다*|to kill pests|기를 *죽였다*|discouraged (someone)
1438|1217|단순하다|형|單純-|B|to be simple|*단순한* 구조|simple structure|생각이 *단순하다*|to be simple-minded|*단순하게* 생각하다|to think simply
|1218|반대03|명|反對|B|opposite / opposition|*반대* 방향|opposite direction|*반대* 의견|opposing opinion|*반대*를 무릅쓰다|to brave opposition
1440|1220|빠지다01|동|머리가 ~|B|to fall out / to be missing|머리가 *빠지다*|hair falls out|못이 *빠졌다*|the nail came out|단추가 *빠지다*|a button is missing
1441|1227|푸르다|형||B|to be blue / green|*푸른* 하늘|blue sky|*푸른* 들판|green field|눈이 *푸르다*|eyes are blue
1442|1228|걔|불|그 아이|B|that kid / he / she|*걔*는 누구야?|Who is that kid?|*걔*랑 친해|I'm close with him/her|*걔*가 그랬어|He/she did that
|1231|발표01|명|發表|B|announcement / presentation|결과 *발표*|announcement of results|과제 *발표*|homework presentation|*발표*를 준비하다|to prepare a presentation
1444|1234|흔들다|동||B|to shake / to wave|손을 *흔들다*|to wave one's hand|꼬리를 *흔들다*|to wag a tail|몸을 *흔들었다*|shook one's body
1445|1235|기초06|명|基礎|B|foundation / basic|*기초* 지식|basic knowledge|*기초*가 튼튼하다|the foundation is strong|*기초*를 닦다|to lay the foundation
|1237|드라마|명|drama|B|drama / TV show|한국 *드라마*|Korean drama|*드라마*를 시청하다|to watch a drama|*드라마* 주인공|drama protagonist
|1238|뽑다|동||B|to pull / to select|이를 *뽑다*|to pull a tooth|직원을 *뽑다*|to hire/select employees|번호를 *뽑았다*|drew a number
|1242|미리01|부||B|in advance|*미리* 예약하다|to reserve in advance|*미리* 말해 줘|tell me beforehand|*미리* 준비하다|to prepare in advance
1449|1243|부족하다|형|不足-|B|to be insufficient|잠이 *부족하다*|to lack sleep|실력이 *부족하다*|to lack skill|경험이 *부족해요*|experience is insufficient
|1245|저희01|대||B|we / our (humble)|*저희* 집|our house|*저희* 학교|our school|*저희*가 할게요|we will do it
1451|1246|진행되다|동|進行-|B|to proceed / to progress|회의가 *진행되다*|the meeting is proceeding|순조롭게 *진행되었다*|progressed smoothly|공사가 *진행되는* 중|the construction is underway
1452|1252|법01|의|法|B|way / bound to|그럴 *법*하다|to be likely/plausible|이기기 마련인 *법*|bound to win|잊기 마련인 *법*|bound to forget
1453|1254|오랜|관||B|long-time / for a long time|*오랜* 친구|long-time friend|*오랜* 시간|long time|*오랜* 기다림|long wait
1454|1255|젊은이|명||B|youth / young person|건강한 *젊은이*|healthy youth|*젊은이*들의 유행|trends among young people|*젊은이*답게 살다|to live like a young person
1455|1259|과제04|명|課題|B|task / assignment|어려운 *과제*|difficult task|*과제*를 제출하다|to submit an assignment|당면한 *과제*|immediate task
1456|1261|기록하다|동|記錄-|B|to record|점수를 *기록하다*|to record the score|매일 *기록했다*|recorded every day|일기에 *기록하다*|to record in a diary
1457|1262|다가오다|동||B|to approach / to come closer|추석이 *다가오다*|Chuseok is approaching|가까이 *다가왔다*|came closer|기회가 *다가오다*|an opportunity approaches
1458|1266|종합|명|綜合|B|synthesis / general|*종합* 병원|general hospital|*종합* 점수|overall score|*종합*해서 판단하다|to synthesize and judge
1459|1269|개발하다|동|開發-|B|to develop|기술을 *개발하다*|to develop technology|신제품을 *개발했다*|developed a new product|재능을 *개발하다*|to develop talent
1460|1271|떨다01|동||B|to tremble / to shake|추위에 *떨다*|to tremble with cold|목소리를 *떨다*|voice trembles|겁에 *떨었다*|shook with fear
|1277|자04|감||B|now / well|*자*, 시작합시다|now, let's start|*자*, 보거라|now, look|*자*, 다 됐어|well, it's all done
1462|1278|자유롭다|형|自由-|B|to be free|사고가 *자유롭다*|thought is free|*자유로운* 영혼|free spirit|*자유롭게* 이용하다|to use freely
1463|1279|적극적|명|積極적|B|active / proactive|*적극적*인 참여|active participation|*적극적*으로 돕다|to help proactively|성격이 *적극적*이다|personality is proactive
1464|1280|판매|명|販賣|B|sale / selling|*판매* 가격|selling price|*판매*를 중단하다|to stop sales|인기리에 *판매* 중|on sale with great popularity
1465|1283|길이01|명||B|length|치마 *길이*|skirt length|*길이*를 재다|to measure the length|*길이*가 길다|the length is long
1466|1285|점차02|부|漸次|B|gradually|*점차* 나아지다|to get gradually better|*점차* 늘어나다|to increase gradually|*점차* 잊혀 가다|to be gradually forgotten
1467|1286|톤01|의|ton|B|ton (unit)|오 *톤* 트럭|five-ton truck|수천 *톤*의 쓰레기|thousands of tons of trash|무게가 일 *톤*이다|weight is one ton
1468|1288|관련되다|동|關聯-|B|to be related|범죄와 *관련되다*|to be related to a crime|*관련된* 서류|related documents|직접 *관련되어* 있다|to be directly related
1469|1290|나머지|명||B|the rest / remainder|*나머지* 공부|extra study (remainder)|*나머지* 돈|the rest of the money|*나머지*는 나중에|the rest later
1470|1298|미래02|명|未來|B|future|*미래*의 꿈|future dream|밝은 *미래*|bright future|*미래*를 준비하다|to prepare for the future
1471|1302|인구01|명|人口|B|population|세계 *인구*|world population|*인구*가 감소하다|population decreases|도시 *인구*|city population
1472|1303|기대하다|동|期待-|B|to expect / to look forward to|성공을 *기대하다*|to expect success|내일을 *기대했다*|looked forward to tomorrow|너무 *기대하지* 마|don't expect too much
1473|1308|흘리다|동||B|to spill / to shed|눈물을 *흘리다*|to shed tears|땀을 *흘렸다*|sweated|침을 *흘리다*|to drool
1474|1310|주인공|명|主人公|B|protagonist / hero|소설의 *주인공*|protagonist of the novel|오늘의 *주인공*|hero of today|영화 *주인공*|movie lead
1475|1311|당연하다01|형|當然-|B|to be natural / obvious|*당연한* 결과|obvious result|성공은 *당연하다*|success is natural|질문은 *당연해요*|it's natural to ask questions
1476|1313|따로|부||B|separately|*따로* 계산하다|to pay separately|*따로* 챙기다|to pack separately|*따로* 보관하다|to store separately
|1315|빌리다|동||B|to borrow / to rent|돈을 *빌리다*|to borrow money|책을 *빌렸다*|borrowed a book|힘을 *빌리다*|to borrow someone's strength
|1318|형님|명|兄-|B|older brother / senior|우리 *형님*|my older brother|*형님*이라 부르다|to call someone 'hyeongnim'|무서운 *형님*|scary senior
|1319|놓이다|동||B|to be placed / to be relieved|탁자 위에 *놓이다*|to be placed on the table|마음이 *놓이다*|to be relieved (mind is placed)|다리가 *놓였다*|a bridge was built
1480|1320|당장02|명|當場|B|right now / immediately|*당장* 나가라|get out right now|*당장* 필요한 것|thing needed immediately|*당장*은 어렵다|it's difficult for now
1481|1321|무렵|의||B|around the time|해 질 *무렵*|around sunset|퇴근할 *무렵*|around the time of leaving work|어릴 *무렵*|around the time (I) was young
1482|1323|사물10|명|事物|B|object / thing|주변의 *사물*|surrounding objects|*사물*을 관찰하다|to observe objects|무생물 *사물*|inanimate object
1483|1324|일반적|명|一般的|B|general|*일반적*인 특징|general characteristic|*일반적*으로 쓰이다|to be used generally|생각이 *일반적*이다|the thought is common/general
1484|1326|곱다02|형|아름답다|B|to be beautiful / soft|마음씨가 *곱다*|to have a kind heart|색깔이 *곱다*|the color is beautiful|*고운* 목소리|soft/pretty voice
1485|1327|바닥01|명||B|floor / bottom|방 *바닥*|room floor|*바닥*에 앉다|to sit on the floor|신발 *바닥*|sole of a shoe
|1329|새끼02|명|자식~|B|baby (animal) / youngling|개*새끼*|puppy (also used as an insult)|고양이 *새끼*|kitten|내 *새끼*|my baby (endearing)
1487|1330|생각되다|동||B|to be considered / to be thought|중요하다고 *생각되다*|to be considered important|사실로 *생각되었다*|was thought to be a fact|위험하다고 *생각되는* 곳|place considered dangerous
|1331|서비스|명|service|B|service|고객 *서비스*|customer service|*서비스*가 좋다|the service is good|*서비스*로 주다|to give as a freebie
|1332|선택하다|동|選擇-|B|to choose / to select|전공을 *선택하다*|to choose a major|메뉴를 *선택했다*|selected a menu|신중히 *선택하세요*|please choose carefully
1490|1333|심다01|동||B|to plant|나무를 *심다*|to plant a tree|꽃을 *심었다*|planted flowers|희망을 *심어주다*|to plant hope
|1336|간단하다02|형|簡單-|B|to be simple / brief|*간단한* 식사|simple meal|*간단하게* 설명하다|to explain briefly|구조가 *간단해요*|the structure is simple
|1340|스스로|명||B|oneself|*스스로*의 힘으로|by one's own power|*스스로*를 믿다|to believe in oneself|*스스로*가 대견하다|proud of oneself
1493|1341|견디다|동||B|to endure / to bear|추위를 *견디다*|to endure the cold|고통을 *견뎠다*|bore the pain|끝까지 *견디다*|to endure until the end
1494|1342|기사10|명|記事|B|article / report|신문 *기사*|newspaper article|*기사*를 읽다|to read a report|특종 *기사*|scoop/exclusive article
|1344|막히다|동||B|to be blocked / to be clogged|길이 *막히다*|the road is blocked|코가 *막혔다*|nose is stuffed|말문이 *막히다*|to be speechless
1496|1348|뿌리다|동||B|to sprinkle / to spray|향수를 *뿌리다*|to spray perfume|씨를 *뿌렸다*|sowed seeds|소금을 *뿌리다*|to sprinkle salt
1497|1354|어쩌면|부||B|maybe / perhaps|*어쩌면* 사실일지 몰라|maybe it's true|*어쩌면* 그렇게 예뻐?|how can you be so pretty?|*어쩌면* 좋을까|what should I do?
|1357|비밀|명|秘密|B|secret|*비밀*을 지키다|to keep a secret|우리만의 *비밀*|our own secret|공개된 *비밀*|open secret
1499|1363|아까|부||B|a while ago|*아까* 만났다|met a while ago|*아까* 한 말|what (I) said earlier|*아까*보다 낫다|better than before
1500|1364|알맞다|형||B|to be suitable / fit|용도에 *알맞다*|to be fit for the use|*알맞은* 크기|suitable size|격식에 *알맞게*|fittingly for the formality
