Index|순위|단어|품사|풀이|등급
1|1|것01|의||A
2|2|하다01|동||A
3|3|있다01|보||A
4|4|있다01|형||A
5|5|되다01|동|어른이 ~|A
6|6|수02|의|방법|A
7|7|하다01|보||A
8|8|나03|대||A
9|9|그01|관||A
10|10|없다01|형||A
11|11|않다|보||A
12|12|사람|명||A
13|13|우리03|대||A
14|14|이05|관||A
15|15|그01|대||A
16|16|아니다|형||A
17|17|보다01|동||A
18|19|때01|명|시간|A
19|20|거01|의|것|A
20|21|보다01|보||A
21|22|같다|형||A
22|23|주다01|보||A
23|25|가다01|동||A
24|26|년02|의|年|A
25|27|한01|관||A
26|28|말01|명|~과 글|A
27|29|일01|명||A
28|30|이05|대||A
29|31|때문|의||A
30|32|말하다|동||A
31|34|그러나|부||A
32|35|오다01|동||A
33|36|알다|동||A
34|37|씨07|의|氏|A
35|38|그렇다|형||A
36|39|크다01|형||A
37|40|또|부||A
38|41|일07|의|하루|A
39|43|많다|형||A
40|44|안02|부|아니|A
41|45|좋다01|형||A
42|46|더01|부||A
43|47|받다01|동|선물을 ~|A
44|48|그것|대||A
45|49|집01|명||A
46|50|나오다|동||A
47|52|그리고|부||A
48|53|문제06|명|問題|A
49|55|살다01|동||A
50|56|저03|대|일인칭 대명사|A
51|57|못하다|보||A
52|58|생각하다|동||A
53|59|모르다|동||A
54|60|속01|명||A
55|61|만들다|동||A
56|63|두01|관||A
57|64|앞|명||A
58|67|어떤|관||A
59|68|잘02|부||A
60|70|먹다02|동|밥을 ~|A
61|71|오다01|보||A
62|74|원01|의|화폐 단위|A
63|75|생각01|명||A
64|76|어떻다|형||A
65|77|명03|의|名. 한 ~|A
66|81|다시01|부||A
67|82|다른|관||A
68|83|이런01|관||A
69|84|여자02|명|女子|A
70|85|개10|의|個|A
71|87|뒤01|명||A
72|88|듣다01|동|소리를 ~|A
73|89|다03|부||A
74|90|좀02|부|조금|A
75|91|들다01|동|여관에 ~|A
76|92|싶다|보||A
77|94|가지다|동||A
78|95|함께|부||A
79|96|아이01|명||A
80|98|많이|부||A
81|99|시간04|명|時間|A
82|100|너01|대||A
83|101|주다01|동||A
84|104|나다01|동||A
85|105|이렇다|형||A
86|106|어머니01|명||A
87|107|눈01|명|신체의 일부|A
88|108|뭐|대||A
89|112|다음01|명||A
90|114|누구|대||A
91|115|전08|명|前|A
92|116|곳01|명||A
93|117|여러|관||A
94|118|안01|명|집 ~|A
95|119|하나|수||A
96|121|버리다01|보||A
97|122|위01|명|~아래|A
98|123|운동02|명|運動|A
99|124|퍼센트|의|percent|A
100|125|학교|명|學校|A
101|127|가장01|부||A
102|130|들다04|동|꽃을 ~|A
103|131|시작하다01|동|始作-|A
104|132|바로02|부||A
105|133|어느01|관||A
106|134|그래서|부||A
107|135|무엇|대||A
108|137|모든|관||A
109|138|번04|의|番|A
110|139|그거|대||A
111|140|돈01|명||A
112|142|그런데|부||A
113|143|날01|명|어느 ~|A
114|144|여기01|대||A
115|145|모두01|부||A
116|147|친구02|명|親舊|A
117|148|마음01|명||A
118|149|후08|명|後|A
119|150|가다01|보||A
120|151|놓다01|보||A
121|153|아버지|명||A
122|154|남자02|명|男子|A
123|155|어디01|대||A
124|156|몸01|명||A
125|157|얼굴01|명||A
126|158|들어가다01|동||A
127|159|왜02|부||A
128|161|말다03|보||A
129|163|다르다01|형||A
130|165|물01|명|바닷~|A
131|166|만나다|동||A
132|167|내다02|동|길을 ~|A
133|169|쓰다01|동|글씨를 ~|A
134|170|이것|대||A
135|172|이번01|명|-番|A
136|173|길01|명|도로|A
137|174|생활|명|生活|A
138|175|쓰다03|동|약을 ~|A
139|176|지금03|명|只今|A
140|178|사이01|명||A
141|181|우리나라|명||A
142|182|내다02|보|참아 ~|A
143|183|앉다|동||A
144|184|처음|명||A
145|185|손01|명|신체의 일부|A
146|186|몇|관||A
147|187|그때|명||A
148|191|찾다|동||A
149|193|시10|의|時|A
150|195|지금03|부|只今|A
151|196|나가다|동||A
152|197|이야기|명||A
153|199|사다|동||A
154|201|아직01|부||A
155|202|잡다01|동||A
156|203|같이|부||A
157|204|선생님|명|先生-|A
158|206|서다01|동||A
159|207|못04|부||A
160|208|역사04|명|歷史|A
161|209|읽다|동||A
162|210|이제01|부||A
163|213|물론01|부|勿論|A
164|214|동안01|명|시간의 길이|A
165|215|책01|명|冊|A
166|216|일어나다|동||A
167|218|시장04|명|市場|A
168|219|넣다|동||A
169|220|중요하다02|형|重要-|A
170|221|무슨|관||A
171|223|어렵다|형||A
172|224|힘01|명||A
173|225|너무01|부||A
174|226|나라01|명||A
175|227|부르다01|동|이름을 ~|A
176|229|자리01|명|~가 없다|A
177|231|죽다01|동|굶어 ~|A
178|233|쪽05|의|방향|A
179|237|얘기|명|이야기|A
180|238|학생|명|學生|A
181|240|엄마|명||A
182|241|이름|명||A
183|242|하나|명||A
184|243|내리다01|동|눈이 ~|A
185|246|쉽다|형||A
186|251|필요하다|형|必要-|A
187|253|생기다|동||A
188|254|사용하다03|동|使用-|A
189|255|남편01|명|男便|A
190|256|들어오다|동||A
191|257|밖|명||A
192|259|작다01|형||A
193|260|타다02|동|버스에 ~|A
194|261|대학01|명|大學|A
195|264|가운데|명||A
196|265|보내다|동||A
197|274|아주01|부||A
198|276|밤01|명|어두운 때|A
199|277|높다|형||A
200|282|컴퓨터|명|computer|A
201|283|먼저|부||A
202|284|다니다|동||A
203|285|얼마나|부||A
204|287|열다02|동|문을 ~|A
205|288|머리01|명||A
206|289|묻다03|동|길을 ~|A
207|293|거기01|대||A
208|295|아들|명||A
209|297|아02|감||A
210|298|기다리다|동||A
211|302|분08|의|10시 20~|A
212|307|곧01|부||A
213|310|오늘|명||A
214|311|서로01|부||A
215|314|이거01|대||A
216|318|방07|명|房|A
217|323|아침|명||A
218|324|웃다|동||A
219|327|떠나다|동||A
220|330|그래01|감||A
221|332|아름답다|형||A
222|333|끝01|명||A
223|338|입|명||A
224|339|뭐|감||A
225|341|영화01|명|映畵|A
226|342|필요|명|必要|A
227|344|하늘01|명||A
228|349|정말01|부|正-|A
229|353|밥01|명|~을 먹다|A
230|354|입다01|동|옷을 ~|A
231|357|네03|감||A
232|362|그림01|명||A
233|365|마시다|동||A
234|366|치다02|동|얼굴을 ~|A
235|367|혼자01|명||A
236|368|나가다|보||A
237|370|이제01|명||A
238|371|교수06|명|敎授|A
239|372|술01|명|~을 먹다|A
240|373|사랑01|명||A
241|375|전화07|명|電話|A
242|376|끝나다|동||A
243|377|돌아오다|동||A
244|379|아빠|명||A
245|382|한번|명|-番|A
246|383|커피|명|coffee|A
247|384|가슴01|명||A
248|386|길다02|형|밤이 ~|A
249|389|회사04|명|會社|A
250|390|맛01|명||A
251|393|매우01|부||A
252|394|오르다|동||A
253|395|음식|명|飮食|A
254|397|꼭03|부|반드시|A
255|399|요즘|명||A
256|400|계획01|명|計劃|A
257|402|얼마|명||A
258|405|계속04|부|繼續|A
259|408|아내01|명||A
260|409|가족01|명|家族|A
261|413|세01|관|~ 권|A
262|415|놓다01|동||A
263|417|차06|명|車|A
264|418|놀다01|동||A
265|423|도시03|명|都市|A
266|429|나이01|명||A
267|432|바꾸다|동||A
268|438|좋아하다|동||A
269|439|그리다02|동|그림을 ~|A
270|441|배우다01|동||A
271|444|옆|명||A
272|446|어02|감||A
273|453|아래01|명||A
274|457|그럼01|부|'그러면'의 준말|A
275|460|저04|관|멀리 있는 대상|A
276|462|배02|명|~를 띄우다|A
277|465|산01|명|山|A
278|466|새06|관||A
279|467|하지만|부||A
280|469|문05|명|門|A
281|470|꽃01|명||A
282|473|그동안|명||A
283|475|갑자기|부||A
284|478|바람01|명|~이 불다|A
285|479|잘하다|동||A
286|487|노래01|명||A
287|488|바다|명||A
288|489|힘들다|형||A
289|490|공부01|명|工夫|A
290|495|못하다|동||A
291|497|언니|명||A
292|499|분01|의|한 ~|A
293|506|불01|명||A
294|512|학년|명|學年|A
295|513|신문10|명|新聞|A
296|514|가지다|보||A
297|515|이해하다02|동|理解-|A
298|518|선생01|명|先生|A
299|519|돌아가다|동||A
300|525|기분01|명|氣分|A
301|530|옷01|명||A
302|534|전08|관|前|A
303|535|꿈01|명||A
304|536|할머니|명||A
305|537|회의04|명|會議|A
306|539|이야기하다|동||A
307|540|나무01|명||A
308|541|자다01|동||A
309|544|오늘|부||A
310|546|걷다02|동|느릿느릿 ~|A
311|548|이때|명||A
312|551|시간04|의|時間|A
313|560|물건|명|物件|A
314|564|발01|명|신체의 일부|A
315|572|빨리|부||A
316|573|시작되다01|동|始作-|A
317|575|둘01|수||A
318|576|말다03|동|그만두다|A
319|577|설명하다|동|說明-|A
320|581|살04|의|한 ~|A
321|586|음악01|명|音樂|A
322|589|아프다|형||A
323|590|적다02|형|경험이 ~|A
324|592|비01|명|~가 내리다|A
325|593|고향02|명|故鄕|A
326|594|놀라다|동||A
327|596|울다01|동|울음을 ~|A
328|599|은행02|명|銀行|A
329|600|지내다01|동||A
330|601|결혼|명|結婚|A
331|602|동생01|명||A
332|605|예06|감||A
333|606|오후02|명|午後|A
334|613|빠르다|형||A
335|615|아기01|명||A
336|616|아저씨|명||A
337|617|옛날|명||A
338|620|달05|의||A
339|622|참01|부|참으로|A
340|624|이곳|대||A
341|625|딸01|명||A
342|626|마지막|명||A
343|628|병원02|명|病院|A
344|632|경찰04|명|警察|A
345|634|저녁|명||A
346|636|그러면|부||A
347|638|넓다|형||A
348|639|시험03|명|試驗|A
349|640|잠01|명||A
350|647|건강03|명|健康|A
351|648|가깝다|형||A
352|649|건물03|명|建物|A
353|651|외국02|명|外國|A
354|652|밑01|명||A
355|653|어른01|명||A
356|657|팔다|동||A
357|660|열심히|부|熱心-|A
358|661|일하다|동||A
359|663|조금01|명||A
360|664|팀01|명|team|A
361|665|부모01|명|父母|A
362|669|올라가다|동||A
363|672|그날|명||A
364|674|자주01|부||A
365|679|담배|명||A
366|682|할아버지|명||A
367|684|태어나다|동||A
368|686|벌써|부||A
369|689|환자03|명|患者|A
370|697|재미있다|형||A
371|698|가르치다01|동||A
372|699|대화06|명|對話|A
373|701|올해|명||A
374|702|형01|명|兄|A
375|708|모두01|명||A
376|716|걸다02|동|옷을 ~|A
377|718|멀다02|형|갈 길이 ~|A
378|719|버스02|명|bus|A
379|722|잠시|부|暫時|A
380|728|사진07|명|寫眞|A
381|733|제일04|명|第一|A
382|735|아마01|부||A
383|736|얘기하다|동||A
384|738|조금01|부||A
385|747|다리01|명|신체의 일부|A
386|748|아무01|관||A
387|754|항상|부|恒常|A
388|755|해01|명||A
389|756|잃다|동||A
390|760|비슷하다02|형||A
391|763|달러|의|dollar|A
392|764|사랑하다|동||A
393|766|여름01|명||A
394|776|싫다01|형||A
395|785|그러니까|부||A
396|788|값|명||A
397|794|언제나|부||A
398|796|자동차|명|自動車|A
399|799|개월|의|個月|A
400|802|어린이01|명||A
401|807|공부하다|동|工夫-|A
402|810|닦다01|동||A
403|812|말씀|명||A
404|813|괜찮다|형||A
405|814|눈물01|명||A
406|817|아니01|부||A
407|825|주인01|명|主人|A
408|830|드리다01|보|도와 ~|A
409|834|반07|명|半|A
410|840|귀01|명||A
411|843|미터02|의|meter|A
412|845|어떠하다|형||A
413|850|배01|명|신체의 일부|A
414|851|아파트|명|apartment|A
415|852|가끔|부||A
416|854|술06|의|밥 한 ~|A
417|856|짧다|형||A
418|857|고맙다01|형||A
419|860|그곳|대||A
420|862|보다02|부|한층 더|A
421|868|바쁘다|형||A
422|873|나쁘다01|형||A
423|877|게임|명|game|A
424|884|잔03|명|盞|A
425|888|있다01|동||A
426|891|언제01|부||A
427|894|내려오다|동||A
428|902|손님|명||A
429|908|아무01|대||A
430|914|뉴스|명|news|A
431|919|수업04|명|授業|A
432|920|겨울|명||A
433|922|층02|명|層|A
434|925|장22|의|張. 종이 한 ~|A
435|928|식사03|명|食事|A
436|929|안다01|동||A
437|931|잊다01|동||A
438|933|반11|명|班|A
439|940|텔레비전|명|television|A
440|947|씻다|동||A
441|949|늦다|형||A
442|952|편지02|명|便紙|A
443|956|센티미터|의|centimeter|A
444|957|팔01|명|신체의 일부|A
445|965|설명|명|說明|A
446|969|세13|의|歲|A
447|971|티브이|명|TV|A
448|972|봄01|명||A
449|974|낮다|형||A
450|975|어깨01|명||A
451|977|부부03|명|夫婦|A
452|978|오래02|부||A
453|984|여행02|명|旅行|A
454|988|공01|명|축구~|A
455|991|오월01|명|五月|A
456|992|쉬다03|동|편안히 ~|A
457|996|과10|명|課|A
458|1000|오빠|명||A
459|1002|즐겁다|형||A
460|1006|사월02|명|四月|A
461|1007|싸우다|동||A
462|1008|언제01|대||A
463|1009|예쁘다|형||A
464|1018|나중01|명||A
465|1020|맛있다|형||A
466|1021|며칠|명||A
467|1040|작년|명|昨年|A
468|1041|내려가다|동||A
469|1046|쓰레기|명||A
470|1055|고기01|명||A
471|1060|가져오다|동||A
472|1068|남녀|명|男女|A
473|1074|준비|명|準備|A
474|1076|구월02|명|九月|A
475|1077|맑다01|형||A
476|1080|유월01|명|六月|A
477|1082|허리01|명||A
478|1089|새03|명|날짐승|A
479|1090|영어02|명|英語|A
480|1096|대답하다|동|對答-|A
481|1104|벗다|동||A
482|1107|준비하다|동|準備-|A
483|1109|돕다|동||A
484|1115|달05|명||A
485|1116|사장15|명|社長|A
486|1117|삼월|명|三月|A
487|1120|그렇지만|부||A
488|1124|키01|명|신장|A
489|1129|걱정|명||A
490|1130|결혼하다|동|結婚-|A
491|1140|누나01|명||A
492|1144|질문|명|質問|A
493|1151|근처|명|近處|A
494|1160|부모님|명|父母-|A
495|1163|계시다|동||A
496|1164|그02|감||A
497|1168|마리01|의||A
498|1171|비행기|명|飛行機|A
499|1178|뜨겁다|형||A
500|1184|낮|명||A
501|1186|일찍|부||A
502|1188|찍다02|동|서류에 도장을 ~|A
503|1189|가볍다|형||A
504|1193|오전02|명|午前|A
505|1195|가게|명||A
506|1203|약속|명|約束|A
507|1204|인사02|명|人事|A
508|1221|소금01|명||A
509|1224|자전거|명|自轉車|A
510|1229|그래03|불|그리하여|A
511|1230|목01|명||A
512|1239|피우다01|동||A
513|1249|교통01|명|交通|A
514|1258|거리01|명|길~|A
515|1263|불다01|동|바람이 ~|A
516|1267|한글01|명||A
517|1268|가을01|명||A
518|1270|내일|명|來日|A
519|1272|매일|부|每日|A
520|1273|손가락|명||A
521|1289|급04|명|級|A
522|1291|날씨01|명||A
523|1294|동물|명|動物|A
524|1295|의사12|명|醫師|A
525|1297|건강하다02|형|健康-|A
526|1300|여러분|대||A
527|1301|왜냐하면|부||A
528|1304|네02|관||A
529|1305|도착하다01|동|到着-|A
530|1306|병04|명|病|A
531|1312|따뜻하다|형||A
532|1317|축구04|명|蹴球|A
533|1322|밝다|형||A
534|1325|장소05|명|場所|A
535|1334|적다01|동|답을 ~|A
536|1335|코01|명||A
537|1337|고등학교|명|高等學校|A
538|1339|교실|명|敎室|A
539|1346|별01|명||A
540|1347|복잡하다|형|複雜-|A
541|1358|색03|명|色|A
542|1376|똑같다|형||A
543|1381|말씀하다|동||A
544|1392|보통|명|普通|A
545|1393|식당|명|食堂|A
546|1401|소개하다01|동|紹介-|A
547|1404|칠월|명|七月|A
548|1410|십이월|명|十二月|A
549|1414|컵|명|cup|A
550|1423|종이01|명||A
551|1432|계시다|보||A
552|1439|재미01|명||A
553|1443|떡01|명||A
554|1452|끝내다|동||A
555|1453|대답|명|對答|A
556|1454|시작01|명|始作|A
557|1456|일주일|명|一週日|A
558|1458|춤01|명||A
559|1460|드리다01|동|인사를 ~|A
560|1471|깨끗하다|형||A
561|1483|물어보다|동||A
562|1484|미안하다|형|未安-|A
563|1486|스트레스|명|stress|A
564|1488|인사01|명|人士|A
565|1491|과일01|명||A
566|1505|눈04|명|~이 내리다|A
567|1509|시월01|명|十月|A
568|1517|박물관|명|博物館|A
569|1522|어서01|부||A
570|1527|팔월|명|八月|A
571|1530|가방01|명|~을 메다|A
572|1544|호14|의|號|A
573|1551|해01|의||A
574|1563|그릇01|명||A
575|1569|개03|명|동물|A
576|1571|라디오|명|radio|A
577|1581|방학|명|放學|A
578|1598|남쪽|명|南-|A
579|1603|색깔|명|色-|A
580|1604|요리05|명|料理|A
581|1605|유명하다01|형|有名-|A
582|1611|외국인|명|外國人|A
583|1619|부인01|명|夫人|A
584|1626|뛰다02|동|빨리 나아가다|A
585|1627|숙제03|명|宿題|A
586|1632|우산01|명|雨傘|A
587|1643|지난달|명||A
588|1653|책상01|명|冊床|A
589|1654|춥다|형||A
590|1660|둘째|수||A
591|1662|무겁다|형||A
592|1663|바람01|의|눈이 오는 ~에|A
593|1670|침대02|명|寢臺|A
594|1672|권01|의|卷|A
595|1677|시계01|명|時計|A
596|1680|잎01|명||A
597|1683|천천히|부||A
598|1689|스포츠|명|sports|A
599|1692|저기01|대||A
600|1708|교회02|명|敎會|A
601|1714|화06|명|~를 내다|A
602|1725|일월01|명|一月|A
603|1728|첫째|수||A
604|1732|도서관|명|圖書館|A
605|1741|선물03|명|膳物|A
606|1743|아주머니|명||A
607|1744|위험|명|危險|A
608|1745|지하|명|地下|A
609|1755|지하철|명|地下鐵|A
610|1781|사무실|명|事務室|A
611|1783|이월01|명|二月|A
612|1784|일요일|명|日曜日|A
613|1795|쓰다02|동|모자를 ~|A
614|1812|강01|명|江|A
615|1819|비싸다|형||A
616|1822|왼쪽|명||A
617|1824|택시|명|taxi|A
618|1844|시원하다|형||A
619|1846|어디01|감||A
620|1852|뛰다01|동|심장이 ~|A
621|1859|않다|동||A
622|1862|잡지|명|雜誌|A
623|1867|댁01|명|宅|A
624|1868|반갑다|형||A
625|1876|다녀오다|동||A
626|1882|비디오|명|video|A
627|1885|이쪽02|대||A
628|1896|연습03|명|練習|A
629|1897|오른쪽|명||A
630|1901|지도03|명|地圖|A
631|1904|화장실|명|化粧室|A
632|1933|주말02|명|週末|A
633|1941|내년|명|來年|A
634|1944|대학생|명|大學生|A
635|1959|닫다02|동||A
636|1963|생일02|명|生日|A
637|1970|걸어가다|동||A
638|1974|백화점|명|百貨店|A
639|1976|병05|명|甁|A
640|1978|안녕하다|형|安寧-|A
641|1982|출발하다|동|出發-|A
642|1987|고양이|명||A
643|1996|중학교|명|中學校|A
644|1999|흰색|명|-色|A
645|2000|가수11|명|歌手|A
646|2027|약07|명|藥|A
647|2031|저쪽|대||A
648|2033|창문|명|窓門|A
649|2065|우유02|명|牛乳|A
650|2090|표04|명|票|A
651|2099|십일월|명|十一月|A
652|2109|거울01|명||A
653|2130|빵01|명||A
654|2138|어제01|부||A
655|2141|위험하다|형|危險-|A
656|2145|졸업하다|동|卒業-|A
657|2159|부엌|명||A
658|2179|북쪽|명|北-|A
659|2181|쇠고기|명||A
660|2183|주26|명|週|A
661|2184|카드|명|card|A
662|2192|단어|명|單語|A
663|2194|도와주다|동||A
664|2199|신발|명||A
665|2207|김치01|명||A
666|2230|날다01|동||A
667|2236|설탕|명|雪糖|A
668|2240|싸다05|형|집값이 ~|A
669|2252|어제01|명|어저께|A
670|2256|점심|명|點心|A
671|2273|칼01|명|베는 도구|A
672|2284|슬프다|형||A
673|2292|의자03|명|椅子|A
674|2298|카메라|명|camera|A
675|2327|토요일|명|土曜日|A
676|2329|경찰관|명|警察官|A
677|2331|극장|명|劇場|A
678|2390|오랜만|명||A
679|2410|백05|관|百|A
680|2419|아줌마|명||A
681|2426|추다02|동|춤을 ~|A
682|2427|켜다01|동|성냥을 ~|A
683|2433|공항02|명|空港|A
684|2434|군인|명|軍人|A
685|2447|아니요|감||A
686|2457|치마01|명||A
687|2460|호텔|명|hotel|A
688|2465|깎다|동||A
689|2466|다리02|명|교량|A
690|2484|청소06|명|淸掃|A
691|2491|걱정하다|동||A
692|2493|구름01|명||A
693|2495|끄다01|동|불을 ~|A
694|2520|계절01|명|季節|A
695|2534|운동장|명|運動場|A
696|2569|동쪽|명|東-|A
697|2582|잠깐|명||A
698|2585|주26|의|週|A
699|2603|요즈음|명||A
700|2606|잃어버리다|동||A
701|2607|잠깐|부||A
702|2610|조용하다01|형||A
703|2614|한복|명|韓服|A
704|2623|라면01|명|&일ramen|A
705|2627|바지01|명||A
706|2636|싫어하다|동||A
707|2639|테이블|명|table|A
708|2641|피곤하다|형|疲困-|A
709|2642|한국어|명|韓國語|A
710|2643|한자02|명|漢字|A
711|2657|시06|명|市|A
712|2659|안경03|명|眼鏡|A
713|2660|약속하다|동|約束-|A
714|2671|취미04|명|趣味|A
715|2678|덥다01|형||A
716|2679|둘째|관||A
717|2688|야구02|명|野球|A
718|2692|이03|명|신체|A
719|2705|구경01|명||A
720|2706|그분|대||A
721|2715|신다|동||A
722|2724|죄송하다|형|罪悚-|A
723|2726|크다01|동||A
724|2736|그럼02|감||A
725|2771|셋|수||A
726|2803|생선|명|生鮮|A
727|2812|지우다01|동|낙서를 ~|A
728|2834|셋째|수||A
729|2845|졸업|명|卒業|A
730|2857|닭|명||A
731|2861|맥주|명|麥酒|A
732|2887|교과서|명|敎科書|A
733|2893|돼지|명||A
734|2899|수영02|명|水泳|A
735|2905|잊어버리다|동||A
736|2919|기차01|명|汽車|A
737|2932|식탁|명|食卓|A
738|2950|공원03|명|公園|A
739|2970|안되다01|동|공부가 ~|A
740|2994|날짜01|명||A
741|3005|샌드위치|명|sandwich|A
742|3027|그쪽|대||A
743|3052|차09|명|茶|A
744|3064|검은색|명|-色|A
745|3081|여보세요|감||A
746|3090|천03|관|千|A
747|3102|거01|대|것|A
748|3152|서쪽|명|西-|A
749|3214|경찰서|명|警察署|A
750|3217|구두01|명||A
751|3237|사과05|명|沙果|A
752|3287|여학생|명|女學生|A
753|3311|냉장고|명|冷藏庫|A
754|3343|감기04|명|感氣|A
755|3389|결혼식|명|結婚式|A
756|3398|노래하다|동||A
757|3520|내일|부|來日|A
758|3630|늦다|동||A
759|3703|연필|명|鉛筆|A
760|3707|운전02|명|運轉|A
761|3743|몇|수||A
762|3754|불고기|명||A
763|3808|목욕|명|沐浴|A
764|3836|전화번호|명|電話番號|A
765|3847|감사하다05|형|感謝-|A
766|3865|만06|관|萬|A
767|3888|지갑03|명|紙匣|A
768|3894|친절하다|형|親切-|A
769|3924|먹다02|보|잊어 ~|A
770|3927|못하다|형||A
771|4015|저거01|대||A
772|4041|걸어오다01|동|집까지 ~|A
773|4059|모자08|명|帽子|A
774|4073|소파06|명|sofa|A
775|4078|스무|관||A
776|4087|역14|명|驛|A
777|4096|인사하다|동|人事-|A
778|4142|여권02|명|旅券|A
779|4143|열쇠|명||A
780|4145|오렌지|명|orange|A
781|4266|다03|명||A
782|4276|번호02|명|番號|A
783|4304|저것|대||A
784|4353|수박01|명|과일|A
785|4386|첫째|관||A
786|4402|과자02|명|菓子|A
787|4416|대학교|명|大學校|A
788|4418|돼지고기|명||A
789|4444|안녕히|부|安寧-|A
790|4461|전화하다02|동|電話-|A
791|4527|수건|명|手巾|A
792|4535|양복01|명|洋服|A
793|4547|잠자다|동||A
794|4550|젓가락|명||A
795|4572|피아노01|명|piano|A
796|4656|축하하다|동|祝賀-|A
797|4776|기숙사|명|寄宿舍|A
798|4802|산책|명|散策|A
799|4822|운동하다|동|運動-|A
800|4823|월요일|명|月曜日|A
801|4836|주소01|명|住所|A
802|4849|파티|명|party|A
803|4881|달다07|형|맛|A
804|4946|청소하다03|동|淸掃-|A
805|4966|감사하다05|동|感謝-|A
806|4996|등산|명|登山|A
807|5002|메뉴|명|menu|A
808|5023|셋째|관||A
809|5040|외국어|명|外國語|A
810|5048|자장면|명|&중Zhajiangmian|A
811|5053|중학생|명|中學生|A
812|5070|휴일|명|休日|A
813|5088|달력|명|-曆|A
814|5121|소풍02|명|逍風|A
815|5154|춤추다|동||A
816|5157|테니스|명|tennis|A
817|5179|공책01|명|空冊|A
818|5201|똑바로|부||A
819|5215|배03|명|열매|A
820|5229|서점03|명|書店|A
821|5248|양말01|명|洋襪|A
822|5293|초대하다02|동|招待-|A
823|5382|연습하다03|동|練習-|A
824|5452|경치02|명|景致|A
825|5491|발음01|명|發音|A
826|5538|재미없다|형||A
827|5553|주스|명|juice|A
828|5567|콜라|명|cola|A
829|5594|남학생|명|男學生|A
830|5777|식사하다02|동|食事-|A
831|5791|우체국|명|郵遞局|A
832|5860|고프다|형||A
833|5883|대사관|명|大使館|A
834|5905|배고프다|형||A
835|5923|삼06|수|三|A
836|5949|여행하다01|동|旅行-|A
837|5966|정류장|명|停留場|A
838|6050|맵다|형||A
839|6102|여동생|명|女同生|A
840|6108|오래간만|명||A
841|6132|점심시간|명|點心時間|A
842|6169|휴지02|명|休紙|A
843|6198|넷째|수||A
844|6321|태권도|명|跆拳道|A
845|6340|햄버거|명|hamburger|A
846|6352|감사08|명|感謝|A
847|6447|슈퍼마켓|명|supermarket|A
848|6608|비누|명||A
849|6621|세수04|명|洗手|A
850|6693|찌개01|명||A
851|6766|넥타이|명|necktie|A
852|6784|매일|명|每日|A
853|6854|월02|의|月|A
854|6878|잡수시다|동||A
855|6930|한국말|명|韓國-|A
856|6951|계란|명|鷄卵|A
857|6980|넷01|수||A
858|7071|에어컨|명|air conditioner|A
859|7129|초대06|명|招待|A
860|7270|사전22|명|辭典|A
861|7291|실례01|명|失禮|A
862|7294|안녕|감|安寧|A
863|7298|약국02|명|藥局|A
864|7371|지난주|명|-週|A
865|7438|간호사|명|看護師|A
866|7445|고등학생|명|高等學生|A
867|7476|다섯|수||A
868|7478|닭고기|명||A
869|7561|숟가락|명||A
870|7586|요일|명|曜日|A
871|7600|일05|수|一|A
872|7608|저04|대|멀리 있는 대상|A
873|7634|질문하다|동|質問-|A
874|7649|치약|명|齒藥|A
875|7714|금요일|명|金曜日|A
876|7720|김밥|명||A
877|7773|바나나|명|banana|A
878|7818|수요일|명|水曜日|A
879|7864|운전하다|동|運轉-|A
880|8031|노트02|명|note|A
881|8053|딸기|명||A
882|8235|초콜릿|명|chocolate|A
883|8264|피자|명|&이pizza|A
884|8329|노란색|명|-色|A
885|8336|달러|명|dollar|A
886|8359|만06|수|萬|A
887|8505|이분01|대||A
888|8589|칫솔|명|齒-|A
889|8603|포도06|명|葡萄|A
890|8672|공중전화|명|公衆電話|A
891|8757|배부르다|형||A
892|8795|샤워|명|shower|A
893|8809|세탁기|명|洗濯機|A
894|9061|그래서|불|그리하여서|A
895|9077|남동생|명|男-|A
896|9103|도착01|명|到着|A
897|9202|쇼핑|명|shopping|A
898|9214|스키|명|ski|A
899|9266|열03|수||A
900|9285|운동화|명|運動靴|A
901|9356|짜다03|형|음식이 ~|A
902|9369|초등학교|명|初等學校|A
903|9466|공휴일|명|公休日|A
904|9548|마흔|수||A
905|9583|볼펜02|명|ball pen|A
906|9605|빨간색|명|-色|A
907|9733|이09|수|二|A
908|10126|스물|수||A
909|10274|청바지|명|靑-|A
910|10334|핸드폰|명|hand phone|A
911|10353|휴지통|명|休紙桶|A
912|10452|넷째|관||A
913|10833|칠판|명|漆板|A
914|10839|크리스마스|명|Christmas|A
915|10999|구01|수|九|A
916|11099|목요일|명|木曜日|A
917|11421|지우개|명||A
918|11837|사11|수|四|A
919|11896|수영장|명|水泳場|A
920|12030|일본어|명|日本語|A
921|12246|갈비01|명||A
922|12580|서른|수||A
923|12669|아홉|수||A
924|12818|장미05|명|薔薇|A
925|12965|파란색|명|-色|A
926|13192|냉면|명|冷麵|A
927|13411|비빔밥|명||A
928|13584|여든|수||A
929|13695|일흔|수||A
930|13987|화요일|명|火曜日|A
931|14518|선물하다|동|膳物-|A
932|14611|아이스크림|명|ice-cream|A
933|14695|요리하다02|동|料理-|A
934|14947|칠01|수|七|A
935|15360|다섯째|수||A
936|15475|맛없다|형||A
937|15575|백05|수|百|A
938|15648|사십|수|四十|A
939|16291|팔03|수|八|A
940|17194|실례하다|동|失禮-|A
941|17283|여섯|수||A
942|17406|육02|수|六|A
943|17461|일곱|수||A
944|18764|삼십|수|三十|A
945|19100|오십|수|五十|A
946|19454|중국어|명|中國語|A
947|19607|칠십|수|七十|A
948|20314|다섯째|관||A
949|20886|사탕02|명|沙糖|A
950|21340|예순|수||A
951|21348|오04|수|五|A
952|24036|십|수|十|A
953|24937|천03|수|千|A
954|27846|쉰|수||A
955|28580|육십|수|六十|A
956|29719|팔십|수|八十|A
957|34841|여덟|수||A
958|49265|아흔|수||A
959|51771|이십|수|二十|A
960|52763|저곳|대||A
961||경복궁|고|景福宮|A
962||경주|고|慶州|A
963||구십|수|九十|A
964||남대문|고|南大門|A
965||남대문시장|고|南大門市場|A
966||독일|고|獨逸|A
967||러시아|고|Russia|A
968||미국|고|美國|A
969||부산|고|釜山|A
970||서울|고||A
971||서울역|고|-驛|A
972||설악산|고|雪嶽山|A
973||영국|고|英國|A
974||인천|고|仁川|A
975||일본|고|日本|A
976||제주도|고|濟州島|A
977||중국|고|中國|A
978||캐나다|고|Canada|A
979||프랑스|고|France|A
980||한강|고|漢江|A
981||한국|고|韓國|A
982||호주|고|濠洲|A
983|18|등05|의|等|B
984|24|대하다02|동|對-|B
985|33|위하다01|동|爲-|B
986|42|사회07|명|社會|B
987|51|따르다01|동|뒤를 ~|B
988|54|그런01|관||B
989|62|데01|의||B
990|65|경우03|명|境遇|B
991|66|중04|의|中|B
992|72|자신01|명|自身|B
993|73|문화01|명|文化|B
994|78|통하다|동|通-|B
995|80|소리01|명||B
996|86|정도11|명|程度|B
997|93|보이다01|동|'보다'의 피동사|B
998|97|지나다|동||B
999|102|인간01|명|人間|B
1000|103|사실04|명|事實|B
1001|109|점10|명|點|B
1002|110|의하다01|동|依-|B
1003|111|시대02|명|時代|B
1004|113|이러하다|형||B
1005|120|세계02|명|世界|B
1006|126|자기04|대|自己|B
1007|128|대통령|명|大統領|B
1008|129|가지04|의|한 ~|B
1009|141|국가01|명|國家|B
1010|146|여성01|명|女性|B
1011|152|관계05|명|關係|B
1012|160|나타나다|동||B
1013|162|지역03|명|地域|B
1014|164|모습01|명||B
1015|168|보이다02|동|'보다'의 사동사|B
1016|171|없이|부||B
1017|177|뿐01|의||B
1018|179|방법|명|方法|B
1019|190|갖다01|동|가지다|B
1020|192|특히|부|特-|B
1021|194|이상05|명|以上|B
1022|198|교육|명|敎育|B
1023|200|경제04|명|經濟|B
1024|205|예술|명|藝術|B
1025|211|결과02|명|結果|B
1026|212|내용02|명|內容|B
1027|217|당신02|대|當身|B
1028|222|느끼다02|동|추위를 ~|B
1029|228|의미02|명|意味|B
1030|230|밝히다|동||B
1031|232|이미01|부||B
1032|234|정치03|명|政治|B
1033|235|국민|명|國民|B
1034|239|연구03|명|硏究|B
1035|245|및|부||B
1036|247|짓다01|동||B
1037|248|또한|부||B
1038|249|이유04|명|理由|B
1039|250|또는|부||B
1040|252|글|명||B
1041|258|세상01|명|世上|B
1042|266|두다01|동||B
1043|267|즉01|부|卽|B
1044|270|이후02|명|以後|B
1045|272|문학01|명|文學|B
1046|275|지방05|명|地方|B
1047|278|최근|명|最近|B
1048|281|환경02|명|環境|B
1049|286|자체02|명|自體|B
1050|290|남다01|동||B
1051|291|부분01|명|部分|B
1052|294|변화|명|變化|B
1053|296|뜻|명||B
1054|299|떨어지다|동||B
1055|301|관하다02|동|關-|B
1056|303|그냥|부||B
1057|304|나누다|동||B
1058|305|이용하다01|동|利用-|B
1059|306|거의01|부||B
1060|308|중심01|명|中心|B
1061|309|활동02|명|活動|B
1062|312|관심01|명|關心|B
1063|313|역시01|부|亦是|B
1064|315|애02|명|아이|B
1065|316|광고02|명|廣告|B
1066|317|나다01|보||B
1067|319|정신12|명|精神|B
1068|320|이르다01|동|도착하다|B
1069|321|땅01|명||B
1070|322|이루다01|동||B
1071|326|두다01|보||B
1072|328|기술01|명|技術|B
1073|329|전체01|명|全體|B
1074|331|얻다01|동||B
1075|334|민족|명|民族|B
1076|335|간10|의|間. 서울과 부산 ~|B
1077|336|조사30|명|調査|B
1078|340|그대로|부||B
1079|343|줄04|의|방법|B
1080|345|년대|의|年代|B
1081|346|과학|명|科學|B
1082|348|자연01|명|自然|B
1083|352|결국|명|結局|B
1084|356|프로그램|명|program|B
1085|359|이루어지다|동||B
1086|361|하루01|명||B
1087|363|적03|의||B
1088|364|터02|의||B
1089|378|맞다01|동|답이 ~|B
1090|380|걸리다01|동|'걸다'의 피동사|B
1091|381|지키다01|동||B
1092|387|바라보다|동||B
1093|391|대부분|명|大部分|B
1094|396|표정03|명|表情|B
1095|398|일부02|명|一部|B
1096|401|느낌|명||B
1097|403|고개01|명|~를 돌리다|B
1098|404|성격02|명|性格|B
1099|406|세기03|명|世紀|B
1100|407|세우다01|동||B
1101|411|현재02|부|現在|B
1102|416|발전01|명|發展|B
1103|419|향하다|동|向-|B
1104|420|관련|명|關聯|B
1105|422|각01|관|各|B
1106|425|분위기|명|雰圍氣|B
1107|426|그러하다|형||B
1108|427|자기04|명|自己|B
1109|430|우선02|부|于先|B
1110|431|믿다|동||B
1111|433|낳다01|동||B
1112|435|정보06|명|情報|B
1113|436|열리다02|동|문이 ~|B
1114|440|만큼|의||B
1115|443|역할|명|役割|B
1116|445|행동|명|行動|B
1117|447|국내02|명|國內|B
1118|452|예08|명|例|B
1119|458|나서다|동||B
1120|459|흐르다01|동||B
1121|461|깊다|형||B
1122|464|모양02|명|模樣|B
1123|468|조건02|명|條件|B
1124|476|넘다01|동||B
1125|480|마을01|명||B
1126|481|어리다03|형|나이가 적다|B
1127|482|대표|명|代表|B
1128|483|가능성|명|可能性|B
1129|484|방향01|명|方向|B
1130|485|대회02|명|大會|B
1131|486|목소리|명||B
1132|491|움직이다|동||B
1133|494|노력01|명|努力|B
1134|496|전혀01|부|全-|B
1135|498|단체02|명|團體|B
1136|500|알려지다|동||B
1137|501|가능하다|형|可能-|B
1138|502|능력02|명|能力|B
1139|503|주장하다01|동|主張-|B
1140|504|자식01|명|子息|B
1141|505|돌리다04|동|팽이를 ~|B
1142|508|모으다|동||B
1143|509|자료03|명|資料|B
1144|516|제품02|명|製品|B
1145|520|사업04|명|事業|B
1146|523|지난해|명||B
1147|524|표현|명|表現|B
1148|528|젊다|형||B
1149|529|동시02|명|同時|B
1150|532|순간03|명|瞬間|B
1151|533|전쟁|명|戰爭|B
1152|538|방송01|명|放送|B
1153|545|마찬가지|명||B
1154|549|과거03|명|過去|B
1155|553|현대01|명|現代|B
1156|555|살펴보다|동||B
1157|557|차이|명|差異|B
1158|558|풀다|동||B
1159|559|시절01|명|時節|B
1160|561|직접|부|直接|B
1161|562|개인02|명|個人|B
1162|563|근데01|부|그런데|B
1163|565|작가01|명|作家|B
1164|566|효과01|명|效果|B
1165|567|불교|명|佛敎|B
1166|568|끌다|동||B
1167|580|마치03|부||B
1168|583|바라다01|동||B
1169|584|강하다02|형|强-|B
1170|585|경험|명|經驗|B
1171|587|최고02|명|最高|B
1172|588|나타내다|동||B
1173|595|다양하다01|형|多樣-|B
1174|603|법01|명|法|B
1175|604|소설03|명|小說|B
1176|607|질서03|명|秩序|B
1177|609|담다01|동|넣다|B
1178|610|모이다01|동||B
1179|611|시민|명|市民|B
1180|612|회장07|명|會長|B
1181|614|스스로|부||B
1182|618|이날|명||B
1183|619|제대로|부||B
1184|621|던지다|동||B
1185|623|공간05|명|空間|B
1186|627|벌이다|동||B
1187|631|강조하다|동|强調-|B
1188|633|맡다01|동|담임을 ~|B
1189|635|한편|부|-便|B
1190|637|기자05|명|記者|B
1191|641|주로01|부|主-|B
1192|642|훨씬|부||B
1193|645|통일02|명|統一|B
1194|646|들어서다|동||B
1195|650|시설03|명|施設|B
1196|654|주변04|명|周邊|B
1197|655|대신03|명|代身|B
1198|658|차례01|명|次例|B
1199|659|군05|명|軍|B
1200|662|재산|명|財産|B
1201|666|약간|부|若干|B
1202|668|요구하다|동|要求-|B
1203|670|첫|관||B
1204|673|사실04|부|事實|B
1205|677|약03|관|約|B
1206|678|기간07|명|期間|B
1207|680|일으키다|동||B
1208|685|공장02|명|工場|B
1209|687|즐기다01|동||B
1210|688|지02|의|만난 ~ 오래되다|B
1211|690|변하다|동|變-|B
1212|691|사고12|명|事故|B
1213|692|그래도|불|그리하여도|B
1214|693|아무리|부||B
1215|694|맞추다01|동||B
1216|695|쌀|명||B
1217|696|일반02|명|一般|B
1218|700|막다01|동||B
1219|704|버리다01|동||B
1220|705|붙이다|동||B
1221|707|늘|부||B
1222|709|전국03|명|全國|B
1223|711|마치다02|동||B
1224|714|도움|명||B
1225|715|가정06|명|家庭|B
1226|717|빠지다02|동|물에 ~|B
1227|721|오늘날|명||B
1228|723|농업|명|農業|B
1229|725|식04|의|式|B
1230|726|의견01|명|意見|B
1231|730|표현하다|동|表現-|B
1232|732|이상하다|형|異常-|B
1233|734|붙다|동||B
1234|739|경기11|명|競技|B
1235|740|목적03|명|目的|B
1236|741|태도03|명|態度|B
1237|742|남성01|명|男性|B
1238|743|주위02|명|周圍|B
1239|745|그만02|부|그 정도까지만|B
1240|746|발생하다|동|發生-|B
1241|749|어쩌다01|동||B
1242|750|재료01|명|材料|B
1243|751|각각01|부|各各|B
1244|753|옮기다|동||B
1245|757|자유03|명|自由|B
1246|758|책임|명|責任|B
1247|759|바뀌다|동||B
1248|761|심하다|형|甚-|B
1249|765|아니02|감||B
1250|767|자라다01|동|커지다|B
1251|769|구체적|명|具體的|B
1252|770|기회03|명|機會|B
1253|773|지구04|명|地球|B
1254|774|번째|의|番-|B
1255|775|소비자|명|消費者|B
1256|779|기준03|명|基準|B
1257|780|말11|의|末|B
1258|781|반드시|부||B
1259|787|받아들이다|동||B
1260|791|꺼내다|동||B
1261|792|노동자|명|勞動者|B
1262|793|동네|명|洞-|B
1263|795|완전히|부|完全-|B
1264|797|전하다|동|傳-|B
1265|800|맞다02|동|손님을 ~|B
1266|801|별로01|부|別-|B
1267|803|정하다03|동|定-|B
1268|808|대중02|명|大衆|B
1269|809|늘어나다|동||B
1270|815|각종|명|各種|B
1271|816|빛|명||B
1272|821|야04|감||B
1273|823|현재02|명|現在|B
1274|826|발견하다01|동|發見-|B
1275|829|특징|명|特徵|B
1276|831|선수05|명|選手|B
1277|833|마련하다|동||B
1278|835|발표하다|동|發表-|B
1279|836|주제04|명|主題|B
1280|842|기본|명|基本|B
1281|844|사라지다|동||B
1282|846|감정06|명|感情|B
1283|847|기억02|명|記憶|B
1284|849|인기01|명|人氣|B
1285|858|관리04|명|管理|B
1286|866|들리다03|동|소리가 ~|B
1287|867|달리다04|동|말을 ~|B
1288|869|이전03|명|以前|B
1289|876|시키다01|동||B
1290|878|국제02|명|國際|B
1291|879|그룹01|명|group|B
1292|880|인생01|명|人生|B
1293|881|전통06|명|傳統|B
1294|882|기르다|동||B
1295|885|조사하다12|동|調査-|B
1296|886|커다랗다|형||B
1297|890|시인10|명|詩人|B
1298|892|외04|의|外|B
1299|895|위치01|명|位置|B
1300|896|줄이다|동||B
1301|898|가격03|명|價格|B
1302|899|달라지다|동||B
1303|903|원하다02|동|願-|B
1304|904|통신01|명|通信|B
1305|905|확인하다|동|確認-|B
1306|906|모임01|명||B
1307|909|웃음|명||B
1308|910|기계07|명|機械|B
1309|911|모양02|의|模樣|B
1310|913|아나운서|명|announcer|B
1311|916|펴다|동||B
1312|921|종교|명|宗敎|B
1313|924|자연스럽다|형|自然-|B
1314|927|돌다|동||B
1315|930|이해06|명|理解|B
1316|936|혹은|부|或-|B
1317|942|편09|의|篇|B
1318|944|노력하다01|동|努力-|B
1319|945|보호01|명|保護|B
1320|948|한편|명|-便|B
1321|951|이웃|명||B
1322|953|공동02|명|共同|B
1323|954|까닭|명||B
1324|960|소녀02|명|少女|B
1325|961|지나가다|동||B
1326|963|상품03|명|商品|B
1327|966|훌륭하다|형||B
1328|968|새로|부||B
1329|973|종류02|명|種類|B
1330|980|키우다|동||B
1331|981|눕다01|동||B
1332|982|발달하다|동|發達-|B
1333|983|발전하다01|동|發展-|B
1334|985|죽음01|명||B
1335|986|고통|명|苦痛|B
1336|989|듯이01|의||B
1337|990|어울리다|동||B
1338|993|알리다|동||B
1339|997|멀리01|부||B
1340|998|빼다01|동|가시를 ~|B
1341|999|예정02|명|豫定|B
1342|1004|흔히|부||B
1343|1011|느껴지다|동||B
1344|1015|전문08|명|專門|B
1345|1016|정확하다01|형|正確-|B
1346|1019|등01|명|신체의 일부|B
1347|1023|찾아오다|동||B
1348|1026|사용04|명|使用|B
1349|1033|결정하다01|동|決定-|B
1350|1034|경영02|명|經營|B
1351|1036|목표|명|目標|B
1352|1038|숲01|명||B
1353|1039|없어지다|동||B
1354|1042|떠오르다|동||B
1355|1044|미치다02|동|닿다|B
1356|1045|새벽01|명||B
1357|1047|얼른02|부||B
1358|1048|임금03|명|賃金|B
1359|1051|무섭다|형||B
1360|1052|직장05|명|職場|B
1361|1053|참다|동||B
1362|1054|크기|명||B
1363|1056|남기다|동||B
1364|1057|서양|명|西洋|B
1365|1058|주요01|명|主要|B
1366|1059|지나치다|형||B
1367|1061|냄새|명||B
1368|1062|부드럽다|형||B
1369|1067|공연02|명|公演|B
1370|1069|내놓다|동||B
1371|1070|떼다01|동||B
1372|1071|만들어지다|동||B
1373|1072|속도01|명|速度|B
1374|1073|심각하다02|형|深刻-|B
1375|1075|계속되다02|동|繼續-|B
1376|1078|소년01|명|少年|B
1377|1079|소식04|명|消息|B
1378|1085|그중|명|-中|B
1379|1086|노인01|명|老人|B
1380|1087|벌다02|동|돈을 ~|B
1381|1088|살리다|동||B
1382|1092|결정01|명|決定|B
1383|1098|썰다01|동||B
1384|1100|이미지|명|image|B
1385|1105|업무02|명|業務|B
1386|1108|청소년|명|靑少年|B
1387|1110|응01|감||B
1388|1111|이기다01|동|적에게 ~|B
1389|1112|찾아보다|동||B
1390|1113|취하다01|동|取-|B
1391|1122|선배|명|先輩|B
1392|1125|구하다01|동|求-|B
1393|1127|그러므로|부||B
1394|1128|포함하다02|동|包含-|B
1395|1134|만약|명|萬若|B
1396|1135|바르다03|형|굽은 데가 없다|B
1397|1137|숨01|명||B
1398|1138|행사01|명|行事|B
1399|1142|왕04|명|王|B
1400|1143|점점01|부|漸漸|B
1401|1145|특별|명|特別|B
1402|1146|판단|명|判斷|B
1403|1147|해결하다|동|解決-|B
1404|1149|계속하다03|동|繼續-|B
1405|1150|그치다|동||B
1406|1152|너무나|부||B
1407|1153|높이다|동||B
1408|1159|막02|부|마구|B
1409|1161|수출03|명|輸出|B
1410|1166|자르다01|동||B
1411|1167|데리다|동||B
1412|1169|무척01|부||B
1413|1170|비용03|명|費用|B
1414|1172|옳다01|형||B
1415|1173|원래01|명|元來|B
1416|1175|최초|명|最初|B
1417|1177|놀이01|명||B
1418|1179|뿌리|명||B
1419|1180|수입02|명|輸入|B
1420|1181|초03|의|初|B
1421|1187|직원03|명|職員|B
1422|1192|상대04|명|相對|B
1423|1194|피부02|명|皮膚|B
1424|1196|가득01|부|~ 차다|B
1425|1199|벽06|명|壁|B
1426|1200|장군04|명|將軍|B
1427|1201|무역02|명|貿易|B
1428|1205|줄01|명|~로 감다|B
1429|1206|쳐다보다|동||B
1430|1207|충분히|부|充分-|B
1431|1208|대15|의|臺|B
1432|1209|신체02|명|身體|B
1433|1210|에너지|명|energy|B
1434|1212|정리하다|동|整理-|B
1435|1213|집안01|명||B
1436|1214|배경01|명|背景|B
1437|1215|죽이다01|동|굶겨 ~|B
1438|1217|단순하다|형|單純-|B
1439|1218|반대03|명|反對|B
1440|1220|빠지다01|동|머리가 ~|B
1441|1227|푸르다|형||B
1442|1228|걔|불|그 아이|B
1443|1231|발표01|명|發表|B
1444|1234|흔들다|동||B
1445|1235|기초06|명|基礎|B
1446|1237|드라마|명|drama|B
1447|1238|뽑다|동||B
1448|1242|미리01|부||B
1449|1243|부족하다|형|不足-|B
1450|1245|저희01|대||B
1451|1246|진행되다|동|進行-|B
1452|1252|법01|의|法|B
1453|1254|오랜|관||B
1454|1255|젊은이|명||B
1455|1259|과제04|명|課題|B
1456|1261|기록하다|동|記錄-|B
1457|1262|다가오다|동||B
1458|1266|종합|명|綜合|B
1459|1269|개발하다|동|開發-|B
1460|1271|떨다01|동||B
1461|1277|자04|감||B
1462|1278|자유롭다|형|自由-|B
1463|1279|적극적|명|積極的|B
1464|1280|판매|명|販賣|B
1465|1283|길이01|명||B
1466|1285|점차02|부|漸次|B
1467|1286|톤01|의|ton|B
1468|1288|관련되다|동|關聯-|B
1469|1290|나머지|명||B
1470|1298|미래02|명|未來|B
1471|1302|인구01|명|人口|B
1472|1303|기대하다|동|期待-|B
1473|1308|흘리다|동||B
1474|1310|주인공|명|主人公|B
1475|1311|당연하다01|형|當然-|B
1476|1313|따로|부||B
1477|1315|빌리다|동||B
1478|1318|형님|명|兄-|B
1479|1319|놓이다|동||B
1480|1320|당장02|명|當場|B
1481|1321|무렵|의||B
1482|1323|사물10|명|事物|B
1483|1324|일반적|명|一般的|B
1484|1326|곱다02|형|아름답다|B
1485|1327|바닥01|명||B
1486|1329|새끼02|명|자식~|B
1487|1330|생각되다|동||B
1488|1331|서비스|명|service|B
1489|1332|선택하다|동|選擇-|B
1490|1333|심다01|동||B
1491|1336|간단하다02|형|簡單-|B
1492|1340|스스로|명||B
1493|1341|견디다|동||B
1494|1342|기사10|명|記事|B
1495|1344|막히다|동||B
1496|1348|뿌리다|동||B
1497|1354|어쩌면|부||B
1498|1357|비밀|명|秘密|B
1499|1363|아까|부||B
1500|1364|알맞다|형||B
1501|1366|희다|형||B
1502|1367|가리키다01|동||B
1503|1368|모시다|동||B
1504|1369|발달|명|發達|B
1505|1370|수많다|형|數-|B
1506|1371|잘못|명||B
1507|1373|평화02|명|平和|B
1508|1374|공사02|명|工事|B
1509|1375|돌02|명|~멩이|B
1510|1377|박사01|명|博士|B
1511|1379|전문가|명|專門家|B
1512|1380|단지04|부|但只|B
1513|1382|무용03|명|舞踊|B
1514|1383|불리다04|동|'부르다'의 피동사|B
1515|1384|싸움|명||B
1516|1385|자꾸01|부||B
1517|1386|차리다|동||B
1518|1387|해외|명|海外|B
1519|1388|그리02|부|그러한 모양|B
1520|1389|뜨다01|동|솟아오르다|B
1521|1391|미소05|명|微笑|B
1522|1394|의미하다02|동|意味-|B
1523|1396|체육|명|體育|B
1524|1399|땀01|명||B
1525|1402|잘되다|동||B
1526|1411|쌓이다|동||B
1527|1412|이익02|명|利益|B
1528|1413|쥐다01|동|주먹을 ~|B
1529|1415|게다가|부||B
1530|1416|끓이다01|동||B
1531|1417|논문|명|論文|B
1532|1418|멈추다|동||B
1533|1419|사용되다|동|使用-|B
1534|1420|오랫동안|명||B
1535|1424|찾아가다|동||B
1536|1427|늘다01|동||B
1537|1428|양20|명|量|B
1538|1431|진짜|부|眞-|B
1539|1433|공기06|명|空氣|B
1540|1434|닿다01|동||B
1541|1435|물론01|명|勿論|B
1542|1436|속하다02|동|屬-|B
1543|1437|올림픽|명|Olympic|B
1544|1438|이외01|명|以外|B
1545|1440|제공하다02|동|提供-|B
1546|1442|기대03|명|期待|B
1547|1444|식물02|명|植物|B
1548|1445|옛01|관||B
1549|1447|적어도|부||B
1550|1449|편하다|형|便-|B
1551|1455|어려움|명||B
1552|1462|분명히|부|分明-|B
1553|1464|아무것|명||B
1554|1465|온01|관||B
1555|1466|젖다01|동||B
1556|1468|최대|명|最大|B
1557|1469|평소|명|平素|B
1558|1472|농사01|명|農事|B
1559|1473|더구나01|부||B
1560|1475|어둠|명||B
1561|1476|어둡다|형||B
1562|1478|주택|명|住宅|B
1563|1480|고장01|명|지역|B
1564|1481|관련하다|동|關聯-|B
1565|1485|밀다01|동||B
1566|1487|음01|감||B
1567|1490|고려하다01|동|考慮-|B
1568|1493|농촌|명|農村|B
1569|1494|올라오다|동||B
1570|1495|챙기다|동||B
1571|1496|고르다01|동|뽑다|B
1572|1497|바르다01|동|벽지를 ~|B
1573|1498|벌어지다02|동|싸움이 ~|B
1574|1501|포기하다01|동|抛棄-|B
1575|1503|고치다01|동||B
1576|1504|그림자|명||B
1577|1506|다하다|동||B
1578|1507|마침내|부||B
1579|1508|비교하다|동|比較-|B
1580|1510|커지다|동||B
1581|1511|한쪽|명||B
1582|1512|검사03|명|檢査|B
1583|1516|맡기다|동||B
1584|1519|소문02|명|所聞|B
1585|1520|싣다01|동||B
1586|1521|쌓다|동||B
1587|1524|제목02|명|題目|B
1588|1525|짓01|명||B
1589|1528|하얗다|형||B
1590|1529|희망|명|希望|B
1591|1531|군대03|명|軍隊|B
1592|1532|그만큼|부||B
1593|1533|무어01|대||B
1594|1536|상대방02|명|相對方|B
1595|1539|시골|명||B
1596|1540|실수01|명|失手|B
1597|1541|잘못되다|동||B
1598|1542|치료|명|治療|B
1599|1543|폭06|명|幅|B
1600|1545|내밀다|동||B
1601|1546|맞다03|동|매를 ~|B
1602|1548|시리즈|명|series|B
1603|1549|임신02|명|妊娠|B
1604|1550|잡히다02|동|'잡다'의 피동사|B
1605|1553|그램|의|gram|B
1606|1554|밭01|명||B
1607|1555|분석하다02|동|分析-|B
1608|1556|식구01|명|食口|B
1609|1559|울리다01|동|종이 ~|B
1610|1561|확실하다|형|確實-|B
1611|1564|글자|명|-字|B
1612|1566|연구하다02|동|硏究-|B
1613|1567|착하다|형||B
1614|1574|부동산|명|不動産|B
1615|1577|점10|의|點|B
1616|1578|직업|명|職業|B
1617|1583|조상07|명|祖上|B
1618|1585|검다02|형|색깔이 ~|B
1619|1586|곁01|명||B
1620|1588|너희|대||B
1621|1590|따다01|동|떼다|B
1622|1591|문제점|명|問題點|B
1623|1593|불가능하다|형|不可能-|B
1624|1594|인제01|부||B
1625|1595|충격02|명|衝擊|B
1626|1597|금방01|부|今方|B
1627|1599|누르다01|동|힘을 가하다|B
1628|1600|미술|명|美術|B
1629|1608|꽤01|부||B
1630|1610|서로01|명||B
1631|1612|한참|명||B
1632|1614|끊다|동||B
1633|1615|넘어가다01|동||B
1634|1616|담기다01|동|담다|B
1635|1620|서두르다|동||B
1636|1624|충분하다01|형|充分-|B
1637|1625|기쁘다|형||B
1638|1633|기쁨|명||B
1639|1634|깊이02|부||B
1640|1635|꾸미다|동||B
1641|1636|늘리다|동||B
1642|1637|무릎|명||B
1643|1638|발견되다|동|發見-|B
1644|1642|이용01|명|利用|B
1645|1644|지르다03|동|소리를 ~|B
1646|1647|걸음|명||B
1647|1648|겨우|부||B
1648|1649|마르다01|동||B
1649|1650|비교적|부|比較的|B
1650|1657|높아지다|동||B
1651|1658|늙다|동||B
1652|1664|상상07|명|想像|B
1653|1673|뜨다05|동|눈을 ~|B
1654|1676|스타|명|star|B
1655|1679|입술|명||B
1656|1681|중간01|명|中間|B
1657|1687|몹시|부||B
1658|1693|특별하다|형|特別-|B
1659|1695|가까이|부||B
1660|1696|낫다02|형|더 좋다|B
1661|1697|넘어서다|동||B
1662|1698|볶다|동||B
1663|1700|언젠가|부||B
1664|1701|예술가|명|藝術家|B
1665|1706|가만히|부||B
1666|1712|한두|관||B
1667|1715|흙01|명||B
1668|1716|가난하다|형||B
1669|1717|고객04|명|顧客|B
1670|1718|과학자|명|科學者|B
1671|1719|관광02|명|觀光|B
1672|1722|수술05|명|手術|B
1673|1723|식품01|명|食品|B
1674|1724|연기10|명|演技|B
1675|1730|회원|명|會員|B
1676|1733|들려오다|동||B
1677|1735|조금씩|부||B
1678|1737|풀리다|동||B
1679|1739|들여다보다|동||B
1680|1740|마늘|명||B
1681|1742|습관|명|習慣|B
1682|1746|활용하다|동|活用-|B
1683|1747|가꾸다|동||B
1684|1748|고민|명|苦悶|B
1685|1749|떠올리다|동||B
1686|1750|맨01|관||B
1687|1752|상처02|명|傷處|B
1688|1754|좁다01|형||B
1689|1756|집다01|동||B
1690|1759|군04|의|君|B
1691|1760|대표적|명|代表的|B
1692|1761|만일01|명|萬一|B
1693|1762|사회적|명|社會的|B
1694|1763|생겨나다|동||B
1695|1765|주부03|명|主婦|B
1696|1767|태양02|명|太陽|B
1697|1768|틀림없다|형||B
1698|1769|프로03|명|professional|B
1699|1770|피다01|동|꽃이 ~|B
1700|1773|도로07|명|道路|B
1701|1775|잘못|부||B
1702|1776|지다05|동|등에 ~|B
1703|1777|채우다03|동|자리를 ~|B
1704|1780|부족05|명|部族|B
1705|1790|달리다01|동|문에 종이 ~|B
1706|1791|더하다|동||B
1707|1794|보통|부|普通|B
1708|1800|참01|감|이것 ~|B
1709|1801|총장01|명|總長|B
1710|1804|단순히|부|單純-|B
1711|1805|달려가다|동||B
1712|1806|방문03|명|訪問|B
1713|1807|불만|명|不滿|B
1714|1808|불편하다01|형|不便-|B
1715|1809|실제02|명|實際|B
1716|1810|종09|명|種|B
1717|1811|피02|명|~를 흘리다|B
1718|1814|관객|명|觀客|B
1719|1817|막01|부|바로 지금|B
1720|1818|밀리미터|의|millimeter|B
1721|1820|숫자|명|數字|B
1722|1821|열07|명|熱|B
1723|1827|계산01|명|計算|B
1724|1829|놀랍다|형||B
1725|1832|예전01|명||B
1726|1833|저05|감||B
1727|1834|전기15|명|電氣|B
1728|1837|틀리다01|동|답이 ~|B
1729|1840|모델|명|model|B
1730|1841|붓다02|동|물을 ~|B
1731|1848|고모01|명|姑母|B
1732|1849|궁금하다01|형||B
1733|1851|딱03|부|바라진 모양|B
1734|1860|약하다01|형|弱-|B
1735|1861|잘못하다|동||B
1736|1865|공무원|명|公務員|B
1737|1866|그만두다|동||B
1738|1869|부족01|명|不足|B
1739|1877|달다03|동|단추를 ~|B
1740|1891|행복하다|형|幸福-|B
1741|1892|굽다01|동|익히다|B
1742|1893|기름01|명||B
1743|1895|쏟아지다|동||B
1744|1905|기억하다02|동|記憶-|B
1745|1912|토론01|명|討論|B
1746|1915|고급02|명|高級|B
1747|1916|고생|명|苦生|B
1748|1918|미치다01|동|정신에 이상이 생기다|B
1749|1919|밟다|동||B
1750|1921|섞다|동||B
1751|1925|없애다|동||B
1752|1928|이뤄지다|동||B
1753|1931|정상11|명|頂上|B
1754|1936|화장품|명|化粧品|B
1755|1937|굵다|형||B
1756|1939|깨끗이|부||B
1757|1940|낡다01|형||B
1758|1943|눈앞|명||B
1759|1945|방문하다|동|訪問-|B
1760|1946|붉다01|형||B
1761|1948|순서|명|順序|B
1762|1949|아무래도|부||B
1763|1950|연구소|명|硏究所|B
1764|1953|이사14|명|移徙|B
1765|1961|들르다|동||B
1766|1964|섬03|명||B
1767|1965|이하02|명|以下|B
1768|1966|참석하다|동|參席-|B
1769|1968|해결02|명|解決|B
1770|1969|행복02|명|幸福|B
1771|1971|근로자|명|勤勞者|B
1772|1972|글쎄01|감||B
1773|1975|변화하다|동|變化-|B
1774|1986|결정되다01|동|決定-|B
1775|1992|불안01|명|不安|B
1776|1994|여유|명|餘裕|B
1777|1997|킬로미터|의|kilometer|B
1778|1998|파도|명|波濤|B
1779|2001|단09|관|單|B
1780|2004|방송국|명|放送局|B
1781|2006|숨다01|동||B
1782|2009|예금01|명|預金|B
1783|2012|입학|명|入學|B
1784|2024|물다02|동|담배를 ~|B
1785|2028|어느새|부||B
1786|2034|초07|의|秒|B
1787|2035|치즈|명|cheese|B
1788|2039|반대하다01|동|反對-|B
1789|2043|아이고|감||B
1790|2047|조용히|부||B
1791|2053|가스|명|gas|B
1792|2055|구멍|명||B
1793|2059|만화10|명|漫畵|B
1794|2060|먹이다|동||B
1795|2061|무시하다|동|無視-|B
1796|2063|살짝01|부||B
1797|2064|생각나다|동||B
1798|2067|차갑다|형||B
1799|2070|관찰하다|동|觀察-|B
1800|2071|괜히|부||B
1801|2072|끼다03|동|끼우다|B
1802|2073|날개01|명||B
1803|2074|녀석|의||B
1804|2075|눈빛01|명|~이 매섭다|B
1805|2076|단지08|명|團地|B
1806|2079|물속|명||B
1807|2082|성공하다|동|成功-|B
1808|2083|소나무|명||B
1809|2084|여기저기|명||B
1810|2094|머무르다|동||B
1811|2100|싸다01|동|보자기에 ~|B
1812|2107|형제01|명|兄弟|B
1813|2108|화려하다|형|華麗-|B
1814|2111|딴03|관|~ 일|B
1815|2112|몇몇|관||B
1816|2114|세계적|명|世界的|B
1817|2115|안전03|명|安全|B
1818|2116|양파|명|洋-|B
1819|2117|이상12|명|異常|B
1820|2120|촬영|명|撮影|B
1821|2122|틀다|동||B
1822|2124|가지01|명|~를 치다|B
1823|2125|감다01|동|눈을 ~|B
1824|2126|고추01|명||B
1825|2127|규칙02|명|規則|B
1826|2135|아마도|부||B
1827|2136|안방02|명|-房|B
1828|2137|앓다|동||B
1829|2140|오직01|부||B
1830|2143|자신02|명|自信|B
1831|2144|잠시|명|暫時|B
1832|2148|포함되다01|동|包含-|B
1833|2150|호랑이|명|虎狼-|B
1834|2154|덜01|부||B
1835|2155|둥글다01|형||B
1836|2158|본래|명|本來|B
1837|2160|세금01|명|稅金|B
1838|2165|입구02|명|入口|B
1839|2166|잔뜩|부||B
1840|2167|적극|명|積極|B
1841|2168|최소한|명|最小限|B
1842|2169|펼쳐지다|동||B
1843|2170|경험하다|동|經驗-|B
1844|2172|넘치다|동||B
1845|2173|놓치다|동||B
1846|2176|돌아보다|동||B
1847|2177|또다시|부||B
1848|2178|머릿속|명||B
1849|2180|불안하다|형|不安-|B
1850|2182|위반03|명|違反|B
1851|2185|평생|명|平生|B
1852|2190|굉장히|부|宏壯-|B
1853|2193|덮다|동||B
1854|2196|몰다01|동||B
1855|2197|배우01|명|俳優|B
1856|2200|알01|명||B
1857|2201|앞서다|동||B
1858|2203|오래전|명|-前|B
1859|2204|자격04|명|資格|B
1860|2206|계단04|명|階段|B
1861|2208|끄덕이다|동||B
1862|2209|낯설다|형||B
1863|2210|높이01|명||B
1864|2211|닮다|동||B
1865|2212|마음속|명||B
1866|2216|뼈|명||B
1867|2219|연결되다|동|連結-|B
1868|2220|장사01|명||B
1869|2222|제한01|명|制限|B
1870|2223|차다02|동|공을 ~|B
1871|2225|취하다03|동|醉-|B
1872|2226|콩01|명||B
1873|2227|한숨02|명|~을 쉬다|B
1874|2228|헤어지다|동||B
1875|2231|너머|명||B
1876|2232|동기07|명|動機|B
1877|2234|살01|명|~을 빼다|B
1878|2237|순수하다02|형|純粹-|B
1879|2238|스타일|명|style|B
1880|2243|집중02|명|集中|B
1881|2245|큰일01|명|중대한 일|B
1882|2246|거짓말|명||B
1883|2248|대단하다|형||B
1884|2249|대단히|부||B
1885|2250|마주01|부||B
1886|2253|온통|부||B
1887|2255|자세히|부|仔細-|B
1888|2257|정확히01|부|正確-|B
1889|2258|지치다01|동|일에 ~|B
1890|2259|청년|명|靑年|B
1891|2260|혀01|명||B
1892|2261|확대하다02|동|擴大-|B
1893|2262|후춧가루|명||B
1894|2265|마침02|부||B
1895|2266|신용01|명|信用|B
1896|2268|온몸|명||B
1897|2269|정20|명|情|B
1898|2270|정신적|명|精神的|B
1899|2271|증상01|명|症狀|B
1900|2272|출연하다02|동|出演-|B
1901|2274|한꺼번에|부||B
1902|2275|강제01|명|强制|B
1903|2276|건너다|동||B
1904|2277|깨다01|동|술이 ~|B
1905|2278|낚시|명||B
1906|2279|다가가다|동||B
1907|2280|뛰어들다|동||B
1908|2282|묻다01|동|옷에 흙이 ~|B
1909|2285|신부10|명|新婦|B
1910|2287|오징어|명||B
1911|2288|요금01|명|料金|B
1912|2289|용돈|명|用-|B
1913|2291|음료|명|飮料|B
1914|2293|전자06|명|電子|B
1915|2294|전해지다|동|傳-|B
1916|2300|편리하다|형|便利-|B
1917|2302|현금04|명|現金|B
1918|2304|활발하다|형|活潑-|B
1919|2305|가리다03|동|시비를 ~|B
1920|2309|껍질|명||B
1921|2311|명령01|명|命令|B
1922|2312|몰래01|부||B
1923|2313|무조건|부|無條件|B
1924|2314|반장08|명|班長|B
1925|2315|부근03|명|附近|B
1926|2316|선택|명|選擇|B
1927|2319|역사가|명|歷史家|B
1928|2320|연구자|명|硏究者|B
1929|2323|정리09|명|整理|B
1930|2324|조그맣다|형||B
1931|2325|줄기01|명||B
1932|2326|찾아내다|동||B
1933|2330|권하다|동|勸-|B
1934|2332|끝내|부||B
1935|2333|대문03|명|大門|B
1936|2340|시내03|명|市內|B
1937|2341|신02|명|~이 나다|B
1938|2343|실내|명|室內|B
1939|2344|쏟다|동||B
1940|2345|연결하다01|동|連結-|B
1941|2346|외교01|명|外交|B
1942|2348|주머니|명||B
1943|2350|계약|명|契約|B
1944|2351|과장07|명|課長|B
1945|2356|부끄럽다|형||B
1946|2357|성공01|명|成功|B
1947|2359|신청01|명|申請|B
1948|2361|아픔|명||B
1949|2362|알아듣다|동||B
1950|2363|약간|명|若干|B
1951|2364|연기09|명|煙氣|B
1952|2366|이동03|명|移動|B
1953|2379|기온|명|氣溫|B
1954|2380|날아가다|동||B
1955|2381|많아지다|동||B
1956|2382|바위01|명||B
1957|2383|버릇01|명||B
1958|2384|비판하다|동|批判-|B
1959|2385|빨갛다|형||B
1960|2386|세워지다|동||B
1961|2387|술집|명||B
1962|2388|쉬다04|동|숨을 ~|B
1963|2393|전체적|명|全體的|B
1964|2394|절반|명|折半|B
1965|2397|편안하다01|형|便安-|B
1966|2398|풍경01|명|風景|B
1967|2399|확실히|부|確實-|B
1968|2401|갈다02|동|문지르다|B
1969|2402|교류01|명|交流|B
1970|2403|글쓰기|명||B
1971|2405|내내01|부||B
1972|2406|대기업|명|大企業|B
1973|2408|도구10|명|道具|B
1974|2409|매력|명|魅力|B
1975|2411|보험|명|保險|B
1976|2412|부럽다|형||B
1977|2413|부장07|명|部長|B
1978|2414|섞이다|동||B
1979|2415|소03|명|동물|B
1980|2416|심리01|명|心理|B
1981|2418|쏘다01|동||B
1982|2420|위치하다|동|位置-|B
1983|2422|이틀01|명|시간|B
1984|2424|전달하다02|동|傳達-|B
1985|2425|정말로|부|正-|B
1986|2428|코너|명|corner|B
1987|2429|행동하다|동|行動-|B
1988|2432|감동02|명|感動|B
1989|2435|굳이|부||B
1990|2436|그늘|명||B
1991|2437|급하다|형|急-|B
1992|2438|달걀|명||B
1993|2439|대중문화|명|大衆文化|B
1994|2440|마련되다|동||B
1995|2441|마루03|명|~를 닦다|B
1996|2442|무게|명||B
1997|2444|성적04|명|成績|B
1998|2445|솔직히|부|率直-|B
1999|2446|시도하다03|동|試圖-|B
2000|2449|예절|명|禮節|B
2001|2451|인상06|명|印象|B
2002|2452|인터넷|명|internet|B
2003|2454|적용하다|동|適用-|B
2004|2455|전통적|명|傳統的|B
2005|2456|참가하다01|동|參加-|B
2006|2458|친척|명|親戚|B
2007|2463|그다지|부||B
2008|2464|긴장|명|緊張|B
2009|2468|따라가다|동||B
2010|2472|부처04|명|部處|B
2011|2473|숙이다|동||B
2012|2474|아가씨|명||B
2013|2475|온도|명|溫度|B
2014|2476|이마01|명||B
2015|2477|절대로|부|絶對-|B
2016|2478|지붕|명||B
2017|2480|진짜|명|眞-|B
2018|2482|짙다02|형||B
2019|2483|창밖|명|窓-|B
2020|2489|햇살|명||B
2021|2492|경제적|명|經濟的|B
2022|2496|담당하다|동|擔當-|B
2023|2499|벗기다02|동||B
2024|2501|불빛|명||B
2025|2503|시청자|명|視聽者|B
2026|2507|완벽하다|형|完璧-|B
2027|2510|절01|명|사찰|B
2028|2512|종업원|명|從業員|B
2029|2515|학기02|명|學期|B
2030|2516|한동안|명||B
2031|2522|만지다|동||B
2032|2523|목사05|명|牧師|B
2033|2524|바늘|명||B
2034|2526|부15|의|部|B
2035|2530|수입01|명|收入|B
2036|2532|양쪽|명|兩-|B
2037|2538|짐01|명||B
2038|2539|풀02|명|~을 베다|B
2039|2540|해마다|부||B
2040|2541|후배06|명|後輩|B
2041|2542|휴가01|명|休暇|B
2042|2545|국회의원|명|國會議員|B
2043|2551|뻗다|동||B
2044|2552|생활하다|동|生活-|B
2045|2553|솔직하다|형|率直-|B
2046|2554|안타깝다|형||B
2047|2557|이르다03|형|빠르다|B
2048|2559|젓다01|동||B
2049|2562|축제01|명|祝祭|B
2050|2563|터뜨리다|동||B
2051|2564|학습|명|學習|B
2052|2566|높이02|부||B
2053|2567|당연히01|부|當然-|B
2054|2570|떨리다01|동|흔들리다|B
2055|2571|마구01|부||B
2056|2572|만남|명||B
2057|2573|미디어|명|media|B
2058|2574|복도04|명|複道|B
2059|2575|수상09|명|首相|B
2060|2581|자랑스럽다|형||B
2061|2583|적당하다02|형|適當-|B
2062|2587|진행하다|동|進行-|B
2063|2589|곳곳|명||B
2064|2591|금지04|명|禁止|B
2065|2592|내지01|부|乃至|B
2066|2593|달려오다|동||B
2067|2594|둘러보다|동||B
2068|2596|비교01|명|比較|B
2069|2601|역사적|명|歷史的|B
2070|2602|열차02|명|列車|B
2071|2604|유난히|부||B
2072|2608|잠들다|동||B
2073|2609|정식01|명|正式|B
2074|2611|즉시|명|卽時|B
2075|2612|최선02|명|最善|B
2076|2613|탑02|명|塔|B
2077|2615|활동하다01|동|活動-|B
2078|2616|건축01|명|建築|B
2079|2617|귀엽다|형||B
2080|2618|답답하다|형||B
2081|2619|당황하다|동|唐慌-|B
2082|2621|떨어뜨리다|동||B
2083|2622|똑같이|부||B
2084|2624|말05|명|동물|B
2085|2625|밀가루|명||B
2086|2626|바깥|명||B
2087|2628|벌리다01|동|입을 ~|B
2088|2629|보고서|명|報告書|B
2089|2630|보관하다|동|保管-|B
2090|2631|부딪치다|동||B
2091|2632|빨래|명||B
2092|2633|상하다02|동|傷-|B
2093|2635|식용유|명|食用油|B
2094|2644|겁05|명|怯|B
2095|2654|산소03|명|酸素|B
2096|2655|석유01|명|石油|B
2097|2656|소리치다|동||B
2098|2658|신선하다03|형|新鮮-|B
2099|2664|장25|명|章|B
2100|2665|적13|명|敵|B
2101|2666|조심하다02|동|操心-|B
2102|2667|질08|명|質|B
2103|2668|찌르다|동||B
2104|2669|책임자|명|責任者|B
2105|2674|확대되다02|동|擴大-|B
2106|2675|거실02|명|居室|B
2107|2680|바보|명||B
2108|2681|별02|관|別|B
2109|2682|보람|명||B
2110|2683|부작용|명|副作用|B
2111|2687|신고01|명|申告|B
2112|2689|어떡하다|불|어떠하게 하다|B
2113|2690|예상02|명|豫想|B
2114|2694|이상09|명|理想|B
2115|2699|주먹|명||B
2116|2701|털다|동||B
2117|2704|과목02|명|科目|B
2118|2707|근무|명|勤務|B
2119|2710|달아나다|동||B
2120|2711|묶다|동||B
2121|2713|소스01|명|sauce|B
2122|2716|우리말|명||B
2123|2717|유교02|명|儒敎|B
2124|2718|이불01|명||B
2125|2719|이성08|명|理性|B
2126|2720|일상04|명|日常|B
2127|2721|자동01|명|自動|B
2128|2722|장래|명|將來|B
2129|2725|중요성|명|重要性|B
2130|2727|탤런트|명|talent|B
2131|2728|특별히|부|特別-|B
2132|2734|과학적|명|科學的|B
2133|2741|봉투02|명|封套|B
2134|2742|분명01|부|分明|B
2135|2751|지다02|동|해가 ~|B
2136|2752|추억|명|追憶|B
2137|2753|하여튼|부|何如-|B
2138|2754|함부로|부||B
2139|2755|향기01|명|香氣|B
2140|2756|현지03|명|現地|B
2141|2757|가늘다|형||B
2142|2758|개인적|명|個人的|B
2143|2759|겉01|명||B
2144|2761|근무하다|동|勤務-|B
2145|2762|깜짝02|부|놀라는 모양|B
2146|2763|넓히다|동||B
2147|2764|대11|의|對. 개인 ~ 개인|B
2148|2765|떠들다01|동|말하다|B
2149|2767|매년|부|每年|B
2150|2768|발생|명|發生|B
2151|2772|소주05|명|燒酒|B
2152|2773|손바닥|명||B
2153|2774|승용차|명|乘用車|B
2154|2775|어색하다02|형|語塞-|B
2155|2776|얹다|동||B
2156|2779|장점02|명|長點|B
2157|2780|적당히|부|適當-|B
2158|2781|줍다01|동||B
2159|2782|진출02|명|進出|B
2160|2784|킬로그램|의|kilogram|B
2161|2785|평범하다|형|平凡-|B
2162|2786|프로04|명|program|B
2163|2788|확인02|명|確認|B
2164|2789|가루01|명|분필 ~|B
2165|2790|건지다|동||B
2166|2792|깨지다|동|깨어지다|B
2167|2797|들01|명||B
2168|2802|방금01|부|方今|B
2169|2804|슬픔|명||B
2170|2805|아무렇다|형||B
2171|2806|이용되다|동|利用-|B
2172|2807|이튿날|명||B
2173|2808|임시02|명|臨時|B
2174|2810|줄다|동||B
2175|2811|지구03|명|地區|B
2176|2813|참기름|명||B
2177|2814|통10|명|桶|B
2178|2816|팬03|명|pan|B
2179|2817|합치다|동|合-|B
2180|2821|골목01|명||B
2181|2822|기운01|명||B
2182|2825|돌아서다|동||B
2183|2826|동화07|명|童話|B
2184|2827|두껍다|형||B
2185|2828|맞서다|동||B
2186|2829|모자라다|동||B
2187|2832|상상하다03|동|想像-|B
2188|2835|안전하다|형|安全-|B
2189|2838|유학04|명|留學|B
2190|2844|정치적|명|政治的|B
2191|2848|카페|명|&프cafe|B
2192|2849|콤플렉스|명|complex|B
2193|2852|그다음|명||B
2194|2854|끓다|동||B
2195|2855|날아오다|동||B
2196|2856|농담01|명|弄談|B
2197|2858|담임|명|擔任|B
2198|2859|도중04|명|途中|B
2199|2862|모래01|명||B
2200|2868|신호01|명|信號|B
2201|2870|아버님|명||B
2202|2872|의심하다|동|疑心-|B
2203|2875|자랑하다01|동||B
2204|2881|출발|명|出發|B
2205|2882|허용하다|동|許容-|B
2206|2885|각국|명|各國|B
2207|2888|그려지다|동||B
2208|2889|꾸준히|부||B
2209|2890|년도|의|年度|B
2210|2891|다수|명|多數|B
2211|2892|덕분|명|德分|B
2212|2894|두드리다|동||B
2213|2897|물음01|명||B
2214|2898|빌다01|동|소원을 ~|B
2215|2900|스님|명||B
2216|2901|썩다|동||B
2217|2902|어머님|명||B
2218|2903|엉뚱하다|형||B
2219|2904|여보01|감||B
2220|2907|조각05|명|彫刻|B
2221|2910|태우다01|동|쓰레기를 ~|B
2222|2911|해석04|명|解釋|B
2223|2913|가리다02|동|시야를 ~|B
2224|2916|계산하다|동|計算-|B
2225|2920|담그다|동||B
2226|2921|마음대로|부||B
2227|2923|며느리|명||B
2228|2924|믿음|명||B
2229|2925|발견01|명|發見|B
2230|2926|보고03|명|報告|B
2231|2927|부탁하다|동|付託-|B
2232|2928|사용자|명|使用者|B
2233|2933|실패하다01|동|失敗-|B
2234|2934|영원하다|형|永遠-|B
2235|2935|우연히|부|偶然-|B
2236|2939|정해지다|동|定-|B
2237|2942|직접|명|直接|B
2238|2947|칭찬|명|稱讚|B
2239|2948|튼튼하다|형||B
2240|2949|햇빛|명||B
2241|2952|긍정적|명|肯定的|B
2242|2953|논의하다|동|論議-|B
2243|2956|돌보다|동||B
2244|2957|뒤집다|동||B
2245|2958|먼지01|명||B
2246|2959|바닷가|명||B
2247|2961|반하다03|동|反-|B
2248|2965|사원04|명|社員|B
2249|2968|씹다01|동||B
2250|2969|아무튼|부||B
2251|2972|왠지|부||B
2252|2973|욕심|명|欲心|B
2253|2974|우승05|명|優勝|B
2254|2975|익다01|동|감이 ~|B
2255|2976|제출하다02|동|提出-|B
2256|2977|조심스럽다|형|操心-|B
2257|2984|피시03|명|PC|B
2258|2985|흘러나오다|동||B
2259|2987|간단히|부|簡單-|B
2260|2988|강물|명|江-|B
2261|2996|되게|부||B
2262|2998|리듬|명|rhythm|B
2263|3000|모니터|명|monitor|B
2264|3004|삶다|동||B
2265|3006|서류02|명|書類|B
2266|3011|요청|명|要請|B
2267|3012|운06|명|運|B
2268|3014|일상생활|명|日常生活|B
2269|3018|진하다01|형|津-|B
2270|3022|회복하다|동|回復-|B
2271|3023|흘러가다|동||B
2272|3024|흥미|명|興味|B
2273|3028|꾸다01|동|꿈을 ~|B
2274|3029|내려다보다|동||B
2275|3030|눈썹|명||B
2276|3036|디자인|명|design|B
2277|3039|비닐|명|vinyl|B
2278|3046|오래되다|동||B
2279|3053|채소|명|菜蔬|B
2280|3057|털|명||B
2281|3058|판매하다|동|販賣-|B
2282|3065|고생하다|동|苦生-|B
2283|3071|꿈꾸다|동||B
2284|3075|수표01|명|手票|B
2285|3079|얘03|불|이 아이|B
2286|3080|어머|감||B
2287|3083|일정03|명|日程|B
2288|3085|저렇다|형||B
2289|3093|테이프|명|tape|B
2290|3100|간장01|명|-醬|B
2291|3104|고민하다|동|苦悶-|B
2292|3107|교환01|명|交換|B
2293|3108|국어01|명|國語|B
2294|3109|노랗다|형||B
2295|3110|다치다01|동||B
2296|3111|동양03|명|東洋|B
2297|3122|악기05|명|樂器|B
2298|3124|연말02|명|年末|B
2299|3125|올려놓다|동||B
2300|3129|정말01|명|正-|B
2301|3134|치우다01|동||B
2302|3135|피로02|명|疲勞|B
2303|3140|당기다01|동||B
2304|3142|들다01|보|따지고 ~|B
2305|3143|따르다02|동|물을 ~|B
2306|3148|박수02|명|拍手|B
2307|3150|부자08|명|富者|B
2308|3151|사흘|명||B
2309|3154|손자01|명|孫子|B
2310|3156|신랑02|명|新郞|B
2311|3162|제법01|부||B
2312|3172|화가03|명|畵家|B
2313|3176|구경하다|동||B
2314|3177|국물|명||B
2315|3184|말씀드리다|동||B
2316|3186|멀어지다|동||B
2317|3188|불쌍하다|형||B
2318|3193|실력02|명|實力|B
2319|3194|야채|명|野菜|B
2320|3197|울음|명||B
2321|3202|전부05|명|全部|B
2322|3203|즐거움|명||B
2323|3204|지다03|동|전쟁에 ~|B
2324|3209|친하다|형|親-|B
2325|3215|곧바로|부||B
2326|3224|깊이01|명||B
2327|3225|나뭇가지|명||B
2328|3226|낫다01|동|병이 ~|B
2329|3228|답하다|동|答-|B
2330|3230|더위|명||B
2331|3240|서너|관||B
2332|3242|실패02|명|失敗|B
2333|3246|웃기다|동||B
2334|3247|유리10|명|琉璃|B
2335|3250|쥐02|명|동물|B
2336|3252|턱01|명|신체의 일부|B
2337|3253|팔리다|동||B
2338|3255|하하01|부||B
2339|3257|형부01|명|兄夫|B
2340|3262|금년|명|今年|B
2341|3264|까맣다|형||B
2342|3268|대학원|명|大學院|B
2343|3269|더럽다|형||B
2344|3273|등록01|명|登錄|B
2345|3277|무늬|명||B
2346|3278|문장02|명|文章|B
2347|3280|변호사|명|辯護士|B
2348|3298|지점03|명|地點|B
2349|3307|귀국하다|동|歸國-|B
2350|3308|기뻐하다|동||B
2351|3310|내려놓다|동||B
2352|3312|당근|명||B
2353|3318|불행하다|형|不幸-|B
2354|3322|외롭다|형||B
2355|3327|절02|명|~을 하다|B
2356|3331|지난번|명|-番|B
2357|3335|파일03|명|file|B
2358|3340|화분01|명|花盆|B
2359|3342|갈색|명|褐色|B
2360|3352|반찬|명|飯饌|B
2361|3360|소개되다|동|紹介-|B
2362|3361|씨01|명|~를 심다|B
2363|3362|안쪽|명||B
2364|3365|오가다|동||B
2365|3372|전날|명|前-|B
2366|3390|계산기|명|計算器|B
2367|3393|그렇지|감||B
2368|3394|깨다02|동|그릇을 ~|B
2369|3405|등04|의|等. 1~|B
2370|3415|세다03|형|기운이 ~|B
2371|3416|소개02|명|紹介|B
2372|3417|수화기|명|受話器|B
2373|3419|애인02|명|愛人|B
2374|3421|얇다|형||B
2375|3422|양념|명||B
2376|3428|웬일|명||B
2377|3433|일기12|명|日記|B
2378|3434|절대05|부|絶對|B
2379|3439|창고01|명|倉庫|B
2380|3447|파01|명|식물|B
2381|3451|학원02|명|學院|B
2382|3470|버터|명|butter|B
2383|3485|아이02|감||B
2384|3489|유치원|명|幼稚園|B
2385|3495|전공05|명|專攻|B
2386|3499|종일01|명|終日|B
2387|3500|좋아지다|동||B
2388|3504|추위01|명||B
2389|3505|토마토|명|tomato|B
2390|3506|파랗다|형||B
2391|3512|가져가다|동||B
2392|3513|감자01|명||B
2393|3515|갖다01|보|가지다|B
2394|3516|괴롭다|형||B
2395|3517|교통사고|명|交通事故|B
2396|3519|군데|의||B
2397|3526|메시지|명|message|B
2398|3532|뺨|명||B
2399|3540|영원히|부|永遠-|B
2400|3541|월급|명|月給|B
2401|3542|유행02|명|流行|B
2402|3545|이리04|부|~ 오너라|B
2403|3547|제발01|부||B
2404|3560|가까이|명||B
2405|3561|가득하다01|형||B
2406|3562|각자02|부|各自|B
2407|3579|물고기|명||B
2408|3582|부탁|명|付託|B
2409|3587|상자10|명|箱子|B
2410|3588|새해|명||B
2411|3593|얼음01|명||B
2412|3602|점수06|명|點數|B
2413|3611|통장02|명|通帳|B
2414|3623|결심하다01|동|決心-|B
2415|3624|경기장|명|競技場|B
2416|3625|고장11|명|故障|B
2417|3633|도시락|명||B
2418|3649|요새01|명||B
2419|3654|자꾸만|부||B
2420|3663|짜증|명||B
2421|3664|첫날|명||B
2422|3687|무02|명|식물|B
2423|3689|밉다|형||B
2424|3708|익숙하다|형||B
2425|3710|잔치01|명||B
2426|3713|전부05|부|全部|B
2427|3716|차다04|형|날씨가 ~|B
2428|3718|치료하다|동|治療-|B
2429|3730|관광객|명|觀光客|B
2430|3732|국01|명|음식|B
2431|3748|미술관|명|美術館|B
2432|3764|여름철|명||B
2433|3773|저런01|관||B
2434|3785|각자02|명|各自|B
2435|3794|그해|명||B
2436|3795|꺼지다01|동|불이 ~|B
2437|3796|꼭대기|명||B
2438|3797|끊어지다|동||B
2439|3804|만족하다|형|滿足-|B
2440|3822|쇼02|명|show|B
2441|3823|수학05|명|數學|B
2442|3824|시어머니|명|媤-|B
2443|3825|시집01|명|媤-|B
2444|3853|그립다|형||B
2445|3856|긴장하다|동|緊張-|B
2446|3860|느리다01|형||B
2447|3864|똑똑하다|형||B
2448|3871|사촌|명|四寸|B
2449|3872|상25|명|賞|B
2450|3877|수입하다02|동|輸入-|B
2451|3878|식다01|동||B
2452|3895|카운터01|명|계산대|B
2453|3898|하숙집|명|下宿-|B
2454|3904|가슴속|명||B
2455|3915|다행히|부|多幸-|B
2456|3920|동아리02|명||B
2457|3921|따라오다|동||B
2458|3926|명절01|명|名節|B
2459|3928|바이올린|명|violin|B
2460|3950|준비물|명|準備物|B
2461|3955|출입|명|出入|B
2462|3964|회색01|명|灰色|B
2463|3968|고교04|명|高校|B
2464|3976|글씨|명||B
2465|3977|노래방|명|-房|B
2466|3980|달다05|동|돈을 다오|B
2467|3982|매다01|동|끈을 ~|B
2468|3983|머리카락|명||B
2469|3988|벌레01|명||B
2470|3997|성인01|명|成人|B
2471|4011|익숙해지다|동||B
2472|4016|저축03|명|貯蓄|B
2473|4021|증세01|명|症勢|B
2474|4027|콩나물|명||B
2475|4035|갈아입다|동||B
2476|4039|거짓|명||B
2477|4047|나물01|명||B
2478|4051|대도시|명|大都市|B
2479|4052|도둑01|명||B
2480|4083|신입생|명|新入生|B
2481|4084|어린아이|명||B
2482|4085|어쩐지|부||B
2483|4088|연락하다02|동|連絡-|B
2484|4117|규칙적|명|規則的|B
2485|4119|글쎄요|감||B
2486|4129|배추01|명||B
2487|4132|센터02|명|center|B
2488|4134|수염04|명|鬚髥|B
2489|4139|아아01|감||B
2490|4141|어리다01|동|눈물이 ~|B
2491|4152|장남03|명|長男|B
2492|4170|포도주|명|葡萄酒|B
2493|4178|각각01|명|各各|B
2494|4196|독서03|명|讀書|B
2495|4220|앞뒤|명||B
2496|4234|접시|명||B
2497|4241|체중01|명|體重|B
2498|4246|포장01|명|包裝|B
2499|4249|현관01|명|玄關|B
2500|4252|호수07|명|湖水|B
2501|4255|건너가다|동||B
2502|4262|껌|명|gum|B
2503|4265|녹색|명|綠色|B
2504|4269|막내|명||B
2505|4290|악수06|명|握手|B
2506|4298|인원|명|人員|B
2507|4300|인터뷰|명|interview|B
2508|4302|입학하다|동|入學-|B
2509|4305|정문03|명|正門|B
2510|4314|켜지다|동||B
2511|4317|팩03|명|pack|B
2512|4318|표시하다01|동|表示-|B
2513|4321|감상하다04|동|鑑賞-|B
2514|4331|끼다02|동|구름이 ~|B
2515|4332|넘어지다|동||B
2516|4335|단점01|명|短點|B
2517|4337|들려주다|동||B
2518|4338|뚜껑|명||B
2519|4341|반복하다01|동|反復-|B
2520|4356|아까|명||B
2521|4358|암08|명|癌|B
2522|4363|엔01|의|&일en|B
2523|4374|인분80|의|人分. 3~|B
2524|4381|죽07|명|粥|B
2525|4389|태우다02|동|차에 ~|B
2526|4393|향수04|명|香水|B
2527|4405|김03|명|해초|B
2528|4413|닫히다|동||B
2529|4417|도로01|부||B
2530|4426|밥그릇|명||B
2531|4427|방문02|명|房門|B
2532|4429|병들다|동|病-|B
2533|4433|불꽃01|명||B
2534|4438|소설가|명|小說家|B
2535|4452|유학06|명|儒學|B
2536|4464|좌석|명|座席|B
2537|4470|출근|명|出勤|B
2538|4478|푹01|부||B
2539|4486|개구리|명||B
2540|4503|동전05|명|銅錢|B
2541|4538|얼다01|동||B
2542|4539|여07|명|女|B
2543|4567|토끼|명||B
2544|4588|길가|명||B
2545|4590|남매|명|男妹|B
2546|4602|발가락|명||B
2547|4609|뵙다|동||B
2548|4611|부치다02|동|편지를 ~|B
2549|4623|안주04|명|按酒|B
2550|4624|어린애|명||B
2551|4636|인형01|명|人形|B
2552|4643|전철04|명|電鐵|B
2553|4668|가짜|명|假-|B
2554|4671|곰03|명|동물|B
2555|4701|빗물|명||B
2556|4702|사위01|명||B
2557|4704|설날|명||B
2558|4708|손톱01|명||B
2559|4711|식빵|명|食-|B
2560|4718|외우다01|동||B
2561|4720|운전자|명|運轉者|B
2562|4721|유리창01|명|琉璃窓|B
2563|4740|찬물01|명||B
2564|4748|태풍|명|颱風|B
2565|4751|햇볕|명||B
2566|4774|금지하다|동|禁止-|B
2567|4775|기사02|명|技士|B
2568|4778|나뭇잎|명||B
2569|4780|넓어지다|동||B
2570|4793|미팅|명|meeting|B
2571|4809|시끄럽다|형||B
2572|4815|어때|불|어떠해|B
2573|4816|엘리베이터|명|elevator|B
2574|4820|연휴02|명|連休|B
2575|4827|이모02|명|姨母|B
2576|4835|조카|명||B
2577|4844|취직|명|就職|B
2578|4862|계획하다01|동|計劃-|B
2579|4877|냄비|명||B
2580|4897|뱀|명||B
2581|4903|뵈다01|동|보이다|B
2582|4918|아니야|감||B
2583|4924|우수하다02|형|優秀-|B
2584|4926|유명01|명|有名|B
2585|4945|철01|명|계절|B
2586|4956|헌|관||B
2587|4964|가까워지다|동||B
2588|4967|강도06|명|强盜|B
2589|4982|꿀|명||B
2590|4994|된장|명|-醬|B
2591|5025|손발|명||B
2592|5032|안내하다|동|案內-|B
2593|5037|영하|명|零下|B
2594|5039|외교관|명|外交官|B
2595|5043|유행하다01|동|流行-|B
2596|5045|으응|감||B
2597|5067|한잔|명|-盞|B
2598|5072|가죽01|명||B
2599|5094|데려가다|동||B
2600|5095|도자기|명|陶瓷器|B
2601|5100|뒤쪽01|명||B
2602|5117|삼촌|명|三寸|B
2603|5122|속옷|명||B
2604|5123|손목|명||B
2605|5127|신문지|명|新聞紙|B
2606|5129|양보하다|동|讓步-|B
2607|5139|자라나다|동||B
2608|5143|주차장|명|駐車場|B
2609|5158|파리01|명||B
2610|5159|포스터01|명|poster|B
2611|5166|후회하다|동|後悔-|B
2612|5167|가이드|명|guide|B
2613|5175|고르다03|형|차이가 없다|B
2614|5176|고속도로|명|高速道路|B
2615|5203|렌즈|명|lens|B
2616|5206|멋있다|형||B
2617|5211|발목01|명||B
2618|5212|밤늦다|형||B
2619|5249|여우01|명|동물|B
2620|5252|와02|감||B
2621|5257|외출|명|外出|B
2622|5259|웨이터|명|waiter|B
2623|5264|자가용|명|自家用|B
2624|5275|정말01|감|正-|B
2625|5276|정원06|명|庭園|B
2626|5301|패션01|명|fashion|B
2627|5323|금06|명|金|B
2628|5328|낙엽|명|落葉|B
2629|5341|동창01|명|同窓|B
2630|5344|맞은편|명|-便|B
2631|5346|멋01|명||B
2632|5367|새우02|명||B
2633|5373|심해지다|동|甚-|B
2634|5374|씨름|명||B
2635|5376|앞길01|명|앞에 있는 길|B
2636|5378|어젯밤|명||B
2637|5380|여관03|명|旅館|B
2638|5381|여쭈다|동||B
2639|5386|오02|감||B
2640|5408|주문하다01|동|注文-|B
2641|5409|주사13|명|注射|B
2642|5417|채널|명|channel|B
2643|5420|출근하다|동|出勤-|B
2644|5421|취소하다01|동|取消-|B
2645|5448|건너편|명|-便|B
2646|5473|두세|관||B
2647|5496|봉지06|명|封紙|B
2648|5501|비서05|명|秘書|B
2649|5509|술잔|명|-盞|B
2650|5516|신문사|명|新聞社|B
2651|5523|열흘|명||B
2652|5527|옥수수|명||B
2653|5532|이웃집|명||B
2654|5554|준비되다|동|準備-|B
2655|5572|플라스틱|명|plastic|B
2656|5603|두부01|명|豆腐|B
2657|5621|부러워하다|동||B
2658|5639|시청01|명|市廳|B
2659|5651|오른손|명||B
2660|5656|이것저것|명||B
2661|5661|저자05|명|著者|B
2662|5686|출장01|명|出張|B
2663|5690|퇴근|명|退勤|B
2664|5700|회화05|명|繪畵|B
2665|5704|가져다주다|동||B
2666|5717|골프|명|golf|B
2667|5725|귀국02|명|歸國|B
2668|5749|목욕탕|명|沐浴湯|B
2669|5754|바닷물|명||B
2670|5761|빨다02|동|옷을 ~|B
2671|5762|사무05|명|事務|B
2672|5768|성06|명|姓|B
2673|5790|우울하다|형|憂鬱-|B
2674|5816|주무시다|동||B
2675|5845|흐리다02|형|날이 ~|B
2676|5850|걱정스럽다|형||B
2677|5868|금연01|명|禁煙|B
2678|5873|꿈속|명||B
2679|5874|나비03|명||B
2680|5892|레스토랑|명|&프restaurant|B
2681|5906|버섯02|명||B
2682|5914|뵈다02|동|웃어른을 보다|B
2683|5918|비키다|동||B
2684|5921|사모님|명|師母-|B
2685|5974|중요02|명|重要|B
2686|5978|챔피언|명|champion|B
2687|5982|축하|명|祝賀|B
2688|5983|취소01|명|取消|B
2689|5987|커튼|명|curtain|B
2690|5992|팬01|명|애호가|B
2691|6009|겨울철|명||B
2692|6014|고추장|명|-醬|B
2693|6015|골프장|명|golf場|B
2694|6022|국수01|명||B
2695|6036|달빛|명||B
2696|6046|뒷산|명|-山|B
2697|6047|땜03|의|때문|B
2698|6049|만족하다|동|滿足-|B
2699|6051|메다02|동|총을 ~|B
2700|6056|미인01|명|美人|B
2701|6060|반지02|명|半指|B
2702|6062|밤02|명|열매|B
2703|6070|부르다02|형|배가 ~|B
2704|6075|비타민|명|vitamin|B
2705|6076|빌딩|명|building|B
2706|6078|산속|명|山-|B
2707|6085|송이01|명|꽃 한 ~|B
2708|6091|식초|명|食醋|B
2709|6095|심부름|명||B
2710|6098|야외|명|野外|B
2711|6107|옆집|명||B
2712|6109|오래도록|부||B
2713|6117|이빨|명||B
2714|6129|장학금|명|奬學金|B
2715|6131|쟤|불|저 아이|B
2716|6142|쪽02|명|면|B
2717|6147|초밥|명|醋-|B
2718|6149|출구01|명|出口|B
2719|6150|출입문|명|出入門|B
2720|6157|풀01|명|~을 바르다|B
2721|6159|필름|명|film|B
2722|6166|호선80|의|號線. 1~|B
2723|6172|가위01|명|기구|B
2724|6178|고속02|명|高速|B
2725|6187|구하다03|동|救-|B
2726|6210|도망가다|동|逃亡-|B
2727|6215|땅콩|명||B
2728|6269|신호등|명|信號燈|B
2729|6270|신혼여행|명|新婚旅行|B
2730|6272|씩씩하다02|형||B
2731|6279|월드컵|명|World Cup|B
2732|6293|입원01|명|入院|B
2733|6295|잘살다|동||B
2734|6296|장가01|명|~가다|B
2735|6307|졸업생|명|卒業生|B
2736|6308|죽다01|보|심심해 ~|B
2737|6318|친절|명|親切|B
2738|6319|침실|명|寢室|B
2739|6372|기타02|명|guitar|B
2740|6379|나빠지다|동||B
2741|6380|남02|명|男|B
2742|6394|두통|명|頭痛|B
2743|6435|설거지|명||B
2744|6441|수년02|명|數年|B
2745|6445|수출하다03|동|輸出-|B
2746|6446|숙소02|명|宿所|B
2747|6507|한잔하다|동|­盞-|B
2748|6526|가요02|명|歌謠|B
2749|6530|감상05|명|鑑賞|B
2750|6540|공짜|명|空-|B
2751|6550|그만하다|형||B
2752|6582|모기01|명||B
2753|6603|볼일|명||B
2754|6605|부끄러움|명||B
2755|6628|스웨터|명|sweater|B
2756|6642|여행사|명|旅行社|B
2757|6649|왼손|명||B
2758|6655|유학생01|명|留學生|B
2759|6668|잘생기다|형||B
2760|6674|저리01|부|저곳으로|B
2761|6676|절약하다|동|節約-|B
2762|6725|합격|명|合格|B
2763|6736|갈다01|동|바꾸다|B
2764|6758|기도03|명|祈禱|B
2765|6760|길거리|명||B
2766|6761|꽃잎|명||B
2767|6776|돌려주다|동||B
2768|6781|라이터|명|lighter|B
2769|6824|생활환경|명|生活環境|B
2770|6846|오리03|명|동물|B
2771|6872|입원하다01|동|入院-|B
2772|6879|장난감|명||B
2773|6884|전기밥솥|명||B
2774|6928|하품01|명||B
2775|6961|교문01|명|校門|B
2776|6963|권투01|명|拳鬪|B
2777|7013|받침|명||B
2778|7023|북07|명|北|B
2779|7046|수고하다01|동||B
2780|7049|수학03|명|修學|B
2781|7058|아뇨01|감||B
2782|7059|아래쪽|명||B
2783|7068|액세서리|명|accessory|B
2784|7074|염려하다01|동|念慮-|B
2785|7076|오이01|명||B
2786|7078|외삼촌|명|外三寸|B
2787|7086|위쪽|명||B
2788|7093|음료수|명|飮料水|B
2789|7134|캠퍼스|명|campus|B
2790|7136|터널|명|tunnel|B
2791|7138|통12|의|通|B
2792|7153|환갑02|명|還甲|B
2793|7167|건너오다|동||B
2794|7182|관광지|명|觀光地|B
2795|7186|교포02|명|僑胞|B
2796|7221|등록금|명|登錄金|B
2797|7224|뛰어다니다|동||B
2798|7226|만07|관|滿. ~ 3개월|B
2799|7231|메모|명|memo|B
2800|7234|몇십|관||B
2801|7239|몸무게|명||B
2802|7249|배달02|명|配達|B
2803|7250|번역|명|飜譯|B
2804|7262|비닐봉지|명|vinyl封紙|B
2805|7274|서랍|명||B
2806|7278|소나기01|명||B
2807|7281|손잡이|명||B
2808|7295|안되다02|형|마음이 언짢다|B
2809|7311|연하다01|형|軟-|B
2810|7321|원숭이|명||B
2811|7339|이혼03|명|離婚|B
2812|7343|일회용|명|一回用|B
2813|7360|전화기|명|電話機|B
2814|7378|진달래|명||B
2815|7386|차남02|명|次男|B
2816|7407|팬티|명|panties|B
2817|7409|편히|부|便-|B
2818|7434|가구04|명|家具|B
2819|7440|개나리01|명||B
2820|7448|골목길|명||B
2821|7464|기억나다|동|記憶-|B
2822|7466|기침01|명||B
2823|7474|노랫소리|명||B
2824|7487|대학교수|명|大學敎授|B
2825|7503|레몬|명|lemon|B
2826|7523|배꼽|명||B
2827|7539|사랑스럽다|형||B
2828|7562|술병02|명|-甁|B
2829|7571|쓰이다01|동|글이 ~|B
2830|7581|엽서02|명|葉書|B
2831|7587|욕실|명|浴室|B
2832|7592|운전기사|명|運轉技士|B
2833|7605|장마01|명||B
2834|7637|짧아지다|동||B
2835|7638|찌다01|동|살이 ~|B
2836|7640|책가방|명|冊-|B
2837|7731|놀이터|명||B
2838|7736|다녀가다|동||B
2839|7738|답장|명|答狀|B
2840|7749|때때로|부||B
2841|7776|발등|명||B
2842|7795|블라우스|명|blouse|B
2843|7801|사이좋다|형||B
2844|7822|슬퍼하다|동||B
2845|7835|쓰레기통|명|-桶|B
2846|7838|앞쪽|명||B
2847|7860|왼발|명||B
2848|7883|일기11|명|日氣|B
2849|7897|저번02|명|這番|B
2850|7906|정답|명|正答|B
2851|7913|졸다01|동||B
2852|7939|코피01|명||B
2853|7958|할인01|명|割引|B
2854|7996|고구마|명||B
2855|8014|국기07|명|國旗|B
2856|8044|대화하다02|동|對話-|B
2857|8071|미워하다|동||B
2858|8077|밥맛|명||B
2859|8085|복사09|명|複寫|B
2860|8090|볶음밥|명||B
2861|8113|성별01|명|性別|B
2862|8116|세탁|명|洗濯|B
2863|8117|소문나다|동|所聞-|B
2864|8118|소용없다|형|所用-|B
2865|8121|손수건|명|-手巾|B
2866|8122|송아지|명||B
2867|8124|수돗물|명|水道-|B
2868|8134|술자리|명||B
2869|8160|어린이날|명||B
2870|8169|오른발|명||B
2871|8189|이사하다01|동|移徙-|B
2872|8191|일등|명|一等|B
2873|8198|작아지다|동||B
2874|8219|줄무늬|명||B
2875|8250|터미널|명|terminal|B
2876|8267|한국적|명|韓國的|B
2877|8282|환영02|명|歡迎|B
2878|8290|간식02|명|間食|B
2879|8293|감01|명|과일|B
2880|8324|남04|명|南|B
2881|8328|네거리|명||B
2882|8330|녹음하다|동|錄音-|B
2883|8355|등산로|명|登山路|B
2884|8358|마사지|명|massage|B
2885|8361|먹히다|동||B
2886|8364|몸살01|명|~이 걸리다|B
2887|8367|무더위|명||B
2888|8375|박스|명|box|B
2889|8381|밥솥|명||B
2890|8388|베개|명||B
2891|8389|벨트|명|belt|B
2892|8391|복사하다03|동|複寫-|B
2893|8407|사계절|명|四季節|B
2894|8408|사과하다02|동|謝過-|B
2895|8467|여대생|명|女大生|B
2896|8482|외할머니|명|外-|B
2897|8499|음악가|명|音樂家|B
2898|8512|인삼|명|人蔘|B
2899|8513|인상01|명|人相|B
2900|8536|점원01|명|店員|B
2901|8562|찻잔|명|茶盞|B
2902|8591|큰길|명||B
2903|8626|홈페이지|명|homepage|B
2904|8633|횡단보도|명|橫斷步道|B
2905|8651|강당|명|講堂|B
2906|8668|고모부|명|姑母夫|B
2907|8699|녹음03|명|錄音|B
2908|8736|마중01|명||B
2909|8753|밝다|동||B
2910|8754|밤중|명|-中|B
2911|8756|배드민턴|명|badminton|B
2912|8759|버튼|명|button|B
2913|8798|서투르다|형||B
2914|8811|손뼉|명||B
2915|8813|송편|명|松-|B
2916|8828|신혼부부|명|新婚夫婦|B
2917|8830|싱겁다|형||B
2918|8863|옛날이야기|명||B
2919|8865|오븐|명|oven|B
2920|8867|와인|명|wine|B
2921|8874|우승하다|동|優勝-|B
2922|8877|웃어른|명||B
2923|8893|인사말|명|人事-|B
2924|8904|자판기|명|自販機|B
2925|8910|저녁때|명||B
2926|8918|적어지다|동||B
2927|8960|치과|명|齒科|B
2928|8964|테스트|명|test|B
2929|8968|퇴근하다|동|退勤-|B
2930|8981|피로하다02|형|疲勞-|B
2931|8998|화나다|동|火-|B
2932|9014|가로01|명|~와 세로|B
2933|9018|갈아타다|동||B
2934|9084|단맛|명||B
2935|9089|담요|명||B
2936|9149|밤새다|동||B
2937|9167|부잣집|명|富者-|B
2938|9177|사진기02|명|寫眞機|B
2939|9184|상추01|명||B
2940|9193|섭씨|명|攝氏|B
2941|9195|소시지|명|sausage|B
2942|9213|스케줄|명|schedule|B
2943|9222|시외01|명|市外|B
2944|9250|양배추|명|洋-|B
2945|9253|얕다|형||B
2946|9254|어두워지다|동||B
2947|9260|엊그제|부||B
2948|9261|여고생|명|女高生|B
2949|9271|예약|명|豫約|B
2950|9294|이곳저곳|명||B
2951|9305|일회용품|명|一回用品|B
2952|9306|읽히다01|동|'읽다'의 피동사|B
2953|9325|저런02|감||B
2954|9328|점심때|명|點心-|B
2955|9345|즐거워하다|동||B
2956|9370|초보01|명|初步|B
2957|9409|해외여행|명|海外旅行|B
2958|9500|깜빡|부||B
2959|9527|대중교통|명|大衆交通|B
2960|9529|데려오다|동||B
2961|9542|뛰어오다|동||B
2962|9557|명함|명|名銜|B
2963|9616|사자11|명|獅子|B
2964|9628|새소리|명||B
2965|9660|시부모|명|媤父母|B
2966|9670|실수하다|동|失手-|B
2967|9714|외출하다|동|外出-|B
2968|9724|위아래|명||B
2969|9738|이발소|명|理髮所|B
2970|9757|재작년|명|再昨年|B
2971|9758|재채기|명||B
2972|9769|정거장|명|停車場|B
2973|9778|존댓말|명|尊待-|B
2974|9811|초보자|명|初步者|B
2975|9812|초청장|명|招請狀|B
2976|9816|카레|명|curry|B
2977|9823|킬로|의|kilo|B
2978|9830|티셔츠|명|T-shirts|B
2979|9855|한둘|수||B
2980|9901|거리02|의|반찬~|B
2981|9916|고춧가루|명||B
2982|9934|국립|명|國立|B
2983|9968|농구07|명|籠球|B
2984|9995|디자이너|명|designer|B
2985|9998|뛰어나가다|동||B
2986|10041|밤낮|명||B
2987|10043|배구06|명|排球|B
2988|10068|부지런하다|형||B
2989|10100|선풍기|명|扇風機|B
2990|10105|세로01|명||B
2991|10136|싫어지다|동||B
2992|10153|여직원|명|女職員|B
2993|10159|열리다01|동|열매가 ~|B
2994|10162|옆방|명|-房|B
2995|10167|오피스텔|명|office hotel|B
2996|10182|원피스|명|one-piece|B
2997|10196|이혼하다|동|離婚-|B
2998|10245|종이컵|명|-cup|B
2999|10292|코끼리|명||B
3000|10293|콘서트|명|concert|B
3001|10294|큰소리01|명||B
3002|10314|평일|명|平日|B
3003|10384|걱정되다|동||B
3004|10482|된장찌개|명|-醬-|B
3005|10505|목걸이01|명||B
3006|10634|스키장|명|ski場|B
3007|10658|쓰다06|형|나물이 ~|B
3008|10808|책방01|명|冊房|B
3009|11024|나흘|명||B
3010|11043|다이어트|명|diet|B
3011|11408|중국집|명|中國-|B
3012|11424|지하도|명|地下道|B
3013|11580|고속버스|명|高速bus|B
3014|11721|뚱뚱하다|형||B
3015|11884|소포01|명|小包|B
3016|11888|손녀|명|孫女|B
3017|11936|아래층|명|-層|B
3018|12049|잠옷|명||B
3019|12051|장갑01|명|掌匣|B
3020|12428|동물원|명|動物園|B
3021|12460|모레|명||B
3022|12576|생신02|명|生辰|B
3023|12628|시내버스|명|市內bus|B
3024|12746|우표|명|郵票|B
3025|13235|독일어|명|獨逸語|B
3026|13255|떡볶이|명||B
3027|13671|이따가|부||B
3028|14028|강아지|명||B
3029|14205|닷새|명||B
3030|14862|주차04|명|駐車|B
3031|15078|홍차|명|紅茶|B
3032|15856|연락처|명|連絡處|B
3033|15860|연세02|명|年歲|B
3034|15946|위층|명|-層|B
3035|15996|인삼차|명|人蔘茶|B
3036|16217|초록색|명|草綠色|B
3037|16227|축구공|명|蹴球-|B
3038|16599|김치찌개|명||B
3039|16643|녹차01|명|綠茶|B
3040|16774|만두01|명|饅頭|B
3041|16889|발음하다01|동|發音-|B
3042|16943|복습하다|동|復習-|B
3043|17164|스케이트|명|skate|B
3044|18638|복습|명|復習|B
3045|18828|성함|명|姓銜|B
3046|18841|세탁소|명|洗濯所|B
3047|19150|운동복|명|運動服|B
3048|19443|주차하다01|동|駐車-|B
3049|19549|청소기80|명|淸掃機|B
3050|19748|필통|명|筆筒|B
3051|19755|학생증|명|學生證|B
3052|20070|공항버스|명|空港bus|B
3053|23197|메일|명|mail|B
3054|23601|빗01|명|~으로 빗다|B
3055|23768|설렁탕|명|-湯|B
3056|26135|까만색|명|-色|B
3057|27910|시아버지|명|媤-|B
3058|28312|영상03|명|零上|B
3059|28328|예매하다01|동|豫買-|B
3060|34770|억04|수|億|B
3061|38470|갈비탕|명|-湯|B
3062|38923|검정색|명|-色|B
3063|57151|하얀색|명|-色|B
3064||강원도|고|江原道|B
3065||경기도|고|京畿道|B
3066||경상도|고|慶尙道|B
3067||광주|고|光州|B
3068||그렇게|불|그러하게|B
3069||김포공항|고|金浦空港|B
3070||남산|고|南山|B
3071||뉴욕|고|New York|B
3072||대구|고|大邱|B
3073||대전|고|大田|B
3074||대한민국|고|大韓民國|B
3075||덕수궁|고|德壽宮|B
3076||도쿄(동경)|고|東京|B
3077||동대문|고|東大門|B
3078||동대문시장|고|東大門市場|B
3079||런던|고|London|B
3080||베이징(북경)|고|北京|B
3081||북한|고|北韓|B
3082||아시아|고|Asia|B
3083||아프리카|고|Africa|B
3084||울산|고|蔚山|B
3085||유럽|고|Europe|B
3086||이렇게|불|이러하게|B
3087||인천공항|고|仁川空港|B
3088||저렇게|불|저러하게|B
3089||전라도|고|全羅道|B
3090||종로|고|鍾路|B
3091||충청도|고|忠淸道|B
3092||파리|고|Paris|B
3093||한라산|고|漢拏山|B
3094|69|그녀|대|-女|C
3095|79|그러다|동||C
3096|136|정부08|명|政府|C
3097|180|새롭다|형||C
3098|188|과정03|명|過程|C
3099|189|삶|명||C
3100|236|생명|명|生命|C
3101|244|사건01|명|事件|C
3102|262|작품01|명|作品|C
3103|263|상황02|명|狀況|C
3104|268|따라서|부||C
3105|269|상태01|명|狀態|C
3106|271|당시02|명|當時|C
3107|273|더욱|부||C
3108|279|채09|의|옷을 입은 ~로|C
3109|280|현실02|명|現實|C
3110|292|기업01|명|企業|C
3111|300|선거04|명|選擧|C
3112|325|현상04|명|現象|C
3113|337|듯01|의||C
3114|347|듯하다|보||C
3115|350|구조08|명|構造|C
3116|355|오히려|부||C
3117|360|남01|명||C
3118|374|의식03|명|意識|C
3119|388|알아보다|동||C
3120|392|산업|명|産業|C
3121|421|형태|명|形態|C
3122|424|작업01|명|作業|C
3123|434|바03|의||C
3124|442|시13|명|詩|C
3125|448|비하다|동|比-|C
3126|449|기관11|명|機關|C
3127|450|입장04|명|立場|C
3128|451|만하다|보||C
3129|454|방식01|명|方式|C
3130|455|영향04|명|影響|C
3131|463|내09|의|內|C
3132|471|단계03|명|段階|C
3133|472|올리다01|동||C
3134|474|교사09|명|敎師|C
3135|477|지니다|동||C
3136|492|의원05|명|議員|C
3137|507|주민|명|住民|C
3138|510|존재|명|存在|C
3139|517|분야|명|分野|C
3140|521|행위|명|行爲|C
3141|522|수준|명|水準|C
3142|527|대06|의|代|C
3143|531|기능03|명|機能|C
3144|543|연극|명|演劇|C
3145|547|노동03|명|勞動|C
3146|550|가치06|명|價値|C
3147|552|집단|명|集團|C
3148|556|장관02|명|長官|C
3149|569|대로01|의||C
3150|578|우주02|명|宇宙|C
3151|579|시기05|명|時機|C
3152|582|생산|명|生産|C
3153|597|농민|명|農民|C
3154|598|드러나다|동||C
3155|630|자세02|명|姿勢|C
3156|643|면05|명|面. 양쪽 ~|C
3157|656|원인02|명|原因|C
3158|667|언어01|명|言語|C
3159|671|감독02|명|監督|C
3160|675|당하다01|동|當-|C
3161|676|삼다02|동|친구로 ~|C
3162|681|일단01|부|一旦|C
3163|683|조직|명|組織|C
3164|703|달리01|부||C
3165|706|인물|명|人物|C
3166|712|전07|관|全. ~ 국민|C
3167|713|다만01|부||C
3168|724|대다01|동|귀에 ~|C
3169|727|무대06|명|舞臺|C
3170|729|주장03|명|主張|C
3171|731|인하다01|동|因-|C
3172|737|잇다01|동||C
3173|744|대책03|명|對策|C
3174|752|결코|부|決-|C
3175|762|경쟁|명|競爭|C
3176|768|회08|의|回|C
3177|771|실시하다03|동|實施-|C
3178|778|규모|명|規模|C
3179|782|셈01|의||C
3180|784|갖추다|동||C
3181|789|현장03|명|現場|C
3182|790|건설|명|建設|C
3183|798|존재하다|동|存在-|C
3184|804|한마디|명||C
3185|805|유지하다02|동|維持-|C
3186|806|이데올로기|명|&독Ideologie|C
3187|811|만01|의|십 년 ~에|C
3188|818|피하다|동|避-|C
3189|819|거치다01|동||C
3190|820|나아가다|동||C
3191|822|지식02|명|知識|C
3192|824|여전히|부|如前-|C
3193|827|선14|명|線|C
3194|828|인류01|명|人類|C
3195|832|형식01|명|形式|C
3196|837|걸치다|동||C
3197|838|겪다|동||C
3198|839|관점02|명|觀點|C
3199|848|놈01|의||C
3200|853|구성07|명|構成|C
3201|855|실제로|부|實際-|C
3202|861|달다05|보|빌려 다오|C
3203|863|비롯하다|동||C
3204|865|과연01|부|果然|C
3205|870|인정하다|동|認定-|C
3206|871|자18|의|者|C
3207|872|중앙01|명|中央|C
3208|874|불구하다02|동|不拘-|C
3209|893|평가03|명|評價|C
3210|900|비다01|동||C
3211|901|삼국|명|三國|C
3212|907|수26|명|數. ~를 세다|C
3213|912|물질02|명|物質|C
3214|915|살아가다|동||C
3215|918|배09|명|倍|C
3216|932|제시하다01|동|提示-|C
3217|934|불과하다|형|不過-|C
3218|937|엄청나다|형||C
3219|939|편04|의|바람이 부는 ~|C
3220|941|파악하다|동|把握-|C
3221|943|실천01|명|實踐|C
3222|955|방안01|명|方案|C
3223|958|분명하다01|형|分明-|C
3224|959|분석02|명|分析|C
3225|962|차03|의|次|C
3226|967|관계자|명|關係者|C
3227|970|이어지다|동||C
3228|976|지적하다|동|指摘-|C
3229|979|요구03|명|要求|C
3230|987|등장하다01|동|登場-|C
3231|994|차다01|동|가득 ~|C
3232|1003|한계|명|限界|C
3233|1005|바탕01|명||C
3234|1010|갈등|명|葛藤|C
3235|1014|의지06|명|意志|C
3236|1017|초기04|명|初期|C
3237|1022|신경04|명|神經|C
3238|1025|미14|명|美|C
3239|1027|시선03|명|視線|C
3240|1028|아무런|관||C
3241|1029|언론|명|言論|C
3242|1030|투자02|명|投資|C
3243|1032|지원02|명|支援|C
3244|1037|성장01|명|成長|C
3245|1049|피해01|명|被害|C
3246|1050|한06|명|限|C
3247|1063|여기다|동||C
3248|1064|이04|의||C
3249|1081|작용01|명|作用|C
3250|1083|골14|명|goal|C
3251|1084|공업01|명|工業|C
3252|1091|출신|명|出身|C
3253|1093|경향02|명|傾向|C
3254|1094|기록02|명|記錄|C
3255|1095|나름|의||C
3256|1097|반면02|명|反面|C
3257|1099|움직임|명||C
3258|1101|터지다|동||C
3259|1102|특성01|명|特性|C
3260|1103|교장03|명|校長|C
3261|1106|입시04|명|入試|C
3262|1114|다루다01|동||C
3263|1123|업체|명|業體|C
3264|1126|국회|명|國會|C
3265|1136|세월02|명|歲月|C
3266|1139|깨닫다|동||C
3267|1141|신09|명|神|C
3268|1148|거리08|명|距離|C
3269|1154|부정02|명|不正|C
3270|1155|사정07|명|事情|C
3271|1158|도대체|부|都大體|C
3272|1174|처리02|명|處理|C
3273|1176|꼴01|명|모양새|C
3274|1183|그리하여|부||C
3275|1190|내부04|명|內部|C
3276|1191|다소01|부|多少|C
3277|1197|그저|부||C
3278|1198|도05|의|度|C
3279|1202|부담01|명|負擔|C
3280|1211|위원01|명|委員|C
3281|1219|법칙|명|法則|C
3282|1222|오염|명|汚染|C
3283|1225|참여하다|동|參與-|C
3284|1226|탓|명||C
3285|1232|범죄|명|犯罪|C
3286|1233|위05|의|位|C
3287|1236|논리|명|論理|C
3288|1240|감각02|명|感覺|C
3289|1244|인사03|명|人事|C
3290|1250|기구15|명|機構|C
3291|1256|후보04|명|候補|C
3292|1260|근거|명|根據|C
3293|1264|시각04|명|視角|C
3294|1265|이끌다|동||C
3295|1274|수단01|명|手段|C
3296|1281|형성01|명|形成|C
3297|1282|기울이다|동||C
3298|1284|장면04|명|場面|C
3299|1293|더불다|동||C
3300|1296|개방04|명|開放|C
3301|1299|앞서|부||C
3302|1307|소프트웨어|명|software|C
3303|1309|반응|명|反應|C
3304|1314|비판01|명|批判|C
3305|1316|세대02|명|世代|C
3306|1338|공개02|명|公開|C
3307|1345|매체|명|媒體|C
3308|1349|영역03|명|領域|C
3309|1350|체험|명|體驗|C
3310|1351|구속02|명|拘束|C
3311|1353|때로|부||C
3312|1355|극복하다01|동|克服-|C
3313|1356|불법01|명|不法|C
3314|1359|쓰이다03|동|농사에 기계가 ~|C
3315|1360|일정하다|형|一定-|C
3316|1361|다지다|동||C
3317|1362|밝혀지다|동||C
3318|1365|이념|명|理念|C
3319|1372|치르다|동||C
3320|1378|성07|명|性|C
3321|1390|문화재|명|文化財|C
3322|1395|이래03|의|以來|C
3323|1397|구성되다|동|構成-|C
3324|1398|독특하다|형|獨特-|C
3325|1400|사례05|명|事例|C
3326|1403|추진하다02|동|推進-|C
3327|1405|틀01|명||C
3328|1406|평균|명|平均|C
3329|1408|훈련|명|訓鍊|C
3330|1409|흐름|명||C
3331|1421|위기01|명|危機|C
3332|1422|정당07|명|政黨|C
3333|1425|폭력|명|暴力|C
3334|1426|혹시01|부|或是|C
3335|1430|절차02|명|節次|C
3336|1441|증가하다01|동|增加-|C
3337|1446|외치다01|동||C
3338|1450|평02|의|坪|C
3339|1451|권리|명|權利|C
3340|1457|자원04|명|資源|C
3341|1459|넘기다|동||C
3342|1461|물체|명|物體|C
3343|1463|시위04|명|示威|C
3344|1467|제외하다|동|除外-|C
3345|1470|견해02|명|見解|C
3346|1474|안정01|명|安定|C
3347|1477|어쨌든|부||C
3348|1482|눈길01|명|~을 피하다|C
3349|1489|주어지다|동||C
3350|1492|널리|부||C
3351|1499|소재05|명|素材|C
3352|1500|전망03|명|展望|C
3353|1502|형성되다|동|形成-|C
3354|1513|결론02|명|結論|C
3355|1515|들이다02|동|'들다'의 사동사|C
3356|1523|자녀01|명|子女|C
3357|1526|판결|명|判決|C
3358|1534|비로소|부||C
3359|1537|서구02|명|西歐|C
3360|1538|소유03|명|所有|C
3361|1547|부문06|명|部門|C
3362|1552|규정04|명|規定|C
3363|1557|아예|부||C
3364|1558|어찌|부||C
3365|1560|작용하다01|동|作用-|C
3366|1562|개선01|명|改善|C
3367|1565|바람직하다|형||C
3368|1572|마련|의||C
3369|1575|신화04|명|神話|C
3370|1576|양25|의|孃|C
3371|1579|거두다|동||C
3372|1582|범위|명|範圍|C
3373|1584|철학|명|哲學|C
3374|1587|근본적|명|根本的|C
3375|1589|대형04|명|大型|C
3376|1592|본격적|명|本格的|C
3377|1596|퍼지다|동||C
3378|1601|백성|명|百姓|C
3379|1602|상당히|부|相當-|C
3380|1606|자네01|대||C
3381|1607|기13|명|氣|C
3382|1613|군사04|명|軍事|C
3383|1617|마당|명||C
3384|1621|지적05|명|指摘|C
3385|1622|짝01|명|~이 맞다|C
3386|1623|참으로|부||C
3387|1628|앞두다|동||C
3388|1629|예산02|명|豫算|C
3389|1630|온갖|관||C
3390|1631|우려01|명|憂慮|C
3391|1639|보호하다|동|保護-|C
3392|1641|시스템|명|system|C
3393|1645|참여|명|參與|C
3394|1651|애쓰다|동||C
3395|1652|올바르다|형||C
3396|1655|흔하다|형||C
3397|1659|단위02|명|單位|C
3398|1661|뛰어나다|형||C
3399|1665|소득|명|所得|C
3400|1666|수도09|명|首都|C
3401|1667|역06|명|役|C
3402|1668|인식하다|동|認識-|C
3403|1669|자14|명|字. 이름 석 ~|C
3404|1674|맺다|동||C
3405|1675|수요06|명|需要|C
3406|1682|지도자|명|指導者|C
3407|1684|구성하다|동|構成-|C
3408|1685|대체로|부|大體-|C
3409|1686|때리다01|동||C
3410|1688|문득01|부||C
3411|1690|위원장|명|委員長|C
3412|1694|효과적|명|效果的|C
3413|1699|생산하다|동|生産-|C
3414|1702|의도02|명|意圖|C
3415|1703|저지르다|동||C
3416|1704|줄어들다|동||C
3417|1707|건04|의|件|C
3418|1709|대개03|부|大槪|C
3419|1711|외부02|명|外部|C
3420|1713|한때|명||C
3421|1720|살아오다|동||C
3422|1721|상대적|명|相對的|C
3423|1726|조13|의|條|C
3424|1736|조미료|명|調味料|C
3425|1738|강력하다|형|强力-|C
3426|1751|법률|명|法律|C
3427|1757|현04|관|現|C
3428|1758|화면05|명|畵面|C
3429|1764|이어01|부||C
3430|1766|진리|명|眞理|C
3431|1772|공급02|명|供給|C
3432|1774|동료|명|同僚|C
3433|1778|균형|명|均衡|C
3434|1779|기본적|명|基本的|C
3435|1785|접근|명|接近|C
3436|1786|지켜보다|동||C
3437|1788|개성03|명|個性|C
3438|1792|띄다01|동|눈에 ~|C
3439|1793|무너지다|동||C
3440|1797|이러다|동||C
3441|1798|일어서다|동||C
3442|1799|죄03|명|罪|C
3443|1802|핵심|명|核心|C
3444|1803|후반01|명|後半|C
3445|1815|동작03|명|動作|C
3446|1816|뜻하다|동||C
3447|1823|중세02|명|中世|C
3448|1825|통합|명|統合|C
3449|1828|꼬리01|명||C
3450|1831|양식04|명|樣式|C
3451|1835|주식03|명|株式|C
3452|1839|끊임없이|부||C
3453|1842|상식06|명|常識|C
3454|1843|상표02|명|商標|C
3455|1845|아니하다|보||C
3456|1847|의식하다02|동|意識-|C
3457|1850|둘러싸다|동||C
3458|1854|민주화|명|民主化|C
3459|1855|보도04|명|報道|C
3460|1856|살피다01|동||C
3461|1864|거부하다|동|拒否-|C
3462|1870|실시03|명|實施|C
3463|1871|운명01|명|運命|C
3464|1873|재정05|명|財政|C
3465|1874|차라리|부||C
3466|1875|학자01|명|學者|C
3467|1878|대규모|명|大規模|C
3468|1879|동09|관|同|C
3469|1880|민간|명|民間|C
3470|1881|법원01|명|法院|C
3471|1883|사실상|부|事實上|C
3472|1884|아끼다|동||C
3473|1888|지대07|명|地帶|C
3474|1890|판단하다|동|判斷-|C
3475|1894|실천하다01|동|實踐-|C
3476|1898|용어02|명|用語|C
3477|1899|익히다02|동|기술을 ~|C
3478|1902|지위04|명|地位|C
3479|1903|풍부하다|형|豊富-|C
3480|1907|식량03|명|食糧|C
3481|1908|실험|명|實驗|C
3482|1909|용기02|명|勇氣|C
3483|1914|핵|명|核|C
3484|1920|상당하다02|형|相當-|C
3485|1922|수석02|명|首席|C
3486|1930|적절하다|형|適切-|C
3487|1932|제사07|명|祭祀|C
3488|1934|지혜02|명|智慧|C
3489|1935|참새01|명|동물|C
3490|1942|농산물|명|農産物|C
3491|1947|사고14|명|思考|C
3492|1951|올02|관|올해|C
3493|1952|위대하다01|형|偉大-|C
3494|1954|지배하다01|동|支配-|C
3495|1955|틈01|명||C
3496|1956|가령05|부|假令|C
3497|1958|거대하다|형|巨大-|C
3498|1960|드물다|형||C
3499|1962|매달리다|동||C
3500|1967|토대|명|土臺|C
3501|1973|목숨|명||C
3502|1977|빠져나가다|동||C
3503|1979|여론02|명|輿論|C
3504|1980|의복01|명|衣服|C
3505|1981|체조02|명|體操|C
3506|1984|현실적|명|現實的|C
3507|1985|화제07|명|話題|C
3508|1988|공격02|명|攻擊|C
3509|1990|물가02|명|物價|C
3510|1991|민주주의|명|民主主義|C
3511|1993|소중하다|형|所重-|C
3512|1995|의문02|명|疑問|C
3513|2005|빛나다|동||C
3514|2007|실리다01|동|'싣다'의 피동사|C
3515|2008|압력|명|壓力|C
3516|2010|예상되다|동|豫想-|C
3517|2014|증권01|명|證券|C
3518|2015|직후|명|直後|C
3519|2016|차량01|명|車輛|C
3520|2017|출산02|명|出産|C
3521|2025|선진국|명|先進國|C
3522|2030|재판06|명|裁判|C
3523|2032|제자01|명|弟子|C
3524|2036|회복|명|回復|C
3525|2037|구역04|명|區域|C
3526|2038|대응02|명|對應|C
3527|2040|발휘하다|동|發揮-|C
3528|2041|소비05|명|消費|C
3529|2042|심장02|명|心臟|C
3530|2048|중소기업|명|中小企業|C
3531|2049|직접적|명|直接的|C
3532|2050|진실02|명|眞實|C
3533|2051|필자02|명|筆者|C
3534|2052|협력|명|協力|C
3535|2054|계층|명|階層|C
3536|2057|담당|명|擔當|C
3537|2062|보도하다02|동|報道-|C
3538|2066|인상03|명|引上|C
3539|2068|철저하다|형|徹底-|C
3540|2069|태아02|명|胎兒|C
3541|2077|두르다|동||C
3542|2078|드디어|부||C
3543|2080|민주02|명|民主|C
3544|2085|여인01|명|女人|C
3545|2086|운영하다|동|運營-|C
3546|2089|평가하다|동|評價-|C
3547|2091|필요성|명|必要性|C
3548|2092|감추다|동||C
3549|2095|모15|대|某|C
3550|2096|부위04|명|部位|C
3551|2097|비우다01|동||C
3552|2098|설치하다01|동|設置-|C
3553|2101|아울러|부||C
3554|2103|지시02|명|指示|C
3555|2106|형성하다|동|形成-|C
3556|2110|덧붙이다|동||C
3557|2113|무기05|명|武器|C
3558|2118|일종03|명|一種|C
3559|2119|처지|명|處地|C
3560|2121|타다01|동|장작이 ~|C
3561|2123|형편01|명|形便|C
3562|2128|본질02|명|本質|C
3563|2129|비치다01|동||C
3564|2131|서서히|부|徐徐-|C
3565|2132|스승01|명||C
3566|2133|신분02|명|身分|C
3567|2134|실시되다|동|實施-|C
3568|2146|증거|명|證據|C
3569|2147|초점03|명|焦點|C
3570|2151|강화하다02|동|强化-|C
3571|2152|공포08|명|恐怖|C
3572|2153|권위|명|權威|C
3573|2157|미루다|동||C
3574|2162|실정04|명|實情|C
3575|2163|영양05|명|營養|C
3576|2164|육체03|명|肉體|C
3577|2171|그이01|대||C
3578|2174|대기07|명|大氣|C
3579|2175|독립|명|獨立|C
3580|2186|해당하다04|동|該當-|C
3581|2187|간부05|명|幹部|C
3582|2189|관념02|명|觀念|C
3583|2195|도입|명|導入|C
3584|2198|비추다|동||C
3585|2202|여건01|명|與件|C
3586|2205|통제02|명|統制|C
3587|2213|못지않다|형||C
3588|2214|반영하다|동|反映-|C
3589|2217|성장하다01|동|成長-|C
3590|2218|소속01|명|所屬|C
3591|2221|제작02|명|製作|C
3592|2224|추진02|명|推進|C
3593|2229|구입하다03|동|購入-|C
3594|2233|마련|명||C
3595|2235|선장06|명|船長|C
3596|2239|시점02|명|時點|C
3597|2241|의사02|명|意思|C
3598|2244|코드02|명|code|C
3599|2251|세계관|명|世界觀|C
3600|2254|의존하다|동|依存-|C
3601|2263|건설하다|동|建設-|C
3602|2264|경쟁력|명|競爭力|C
3603|2267|연락02|명|連絡|C
3604|2281|문자02|명|文字|C
3605|2283|비롯되다|동||C
3606|2286|여겨지다|동||C
3607|2290|위주|명|爲主|C
3608|2295|전환03|명|轉換|C
3609|2296|지경02|의|地境|C
3610|2297|진행02|명|進行|C
3611|2299|통증|명|痛症|C
3612|2301|하천02|명|河川|C
3613|2303|화학01|명|化學|C
3614|2306|거칠다|형||C
3615|2307|그나마|부||C
3616|2308|그야말로|부||C
3617|2310|남부01|명|南部|C
3618|2321|연기자|명|演技者|C
3619|2322|워낙|부||C
3620|2334|더욱이|부||C
3621|2335|별도01|명|別途|C
3622|2336|비극|명|悲劇|C
3623|2339|솜씨|명||C
3624|2352|극05|명|劇|C
3625|2353|나란히|부||C
3626|2354|다방02|명|茶房|C
3627|2358|수행하다02|동|遂行-|C
3628|2360|실로01|부|實-|C
3629|2367|인연03|명|因緣|C
3630|2368|일행01|명|一行|C
3631|2372|지도09|명|指導|C
3632|2373|지식인|명|知識人|C
3633|2374|진지하다|형|眞摯-|C
3634|2375|치다10|동|셈을 맞추다|C
3635|2376|호흡|명|呼吸|C
3636|2377|흔들리다|동||C
3637|2378|근본|명|根本|C
3638|2392|일부러|부||C
3639|2395|접근하다|동|接近-|C
3640|2400|흩어지다|동||C
3641|2404|기후05|명|氣候|C
3642|2407|대응하다|동|對應-|C
3643|2417|심정01|명|心情|C
3644|2421|이룩하다|동||C
3645|2430|형사02|명|刑事|C
3646|2431|희곡|명|戱曲|C
3647|2443|물기|명|-氣|C
3648|2459|특정하다|형|特定-|C
3649|2461|경계04|명|境界|C
3650|2462|공식01|명|公式|C
3651|2469|머물다|동||C
3652|2470|명예01|명|名譽|C
3653|2471|뱃사람|명||C
3654|2479|지원하다01|동|支援-|C
3655|2486|침묵|명|沈默|C
3656|2487|텍스트|명|text|C
3657|2488|표면|명|表面|C
3658|2490|객관적|명|客觀的|C
3659|2494|구석01|명||C
3660|2497|둥지|명||C
3661|2500|부대08|명|部隊|C
3662|2502|서클|명|circle|C
3663|2504|실체02|명|實體|C
3664|2506|엄격하다02|형|嚴格-|C
3665|2508|완전하다01|형|完全-|C
3666|2513|증가01|명|增加|C
3667|2514|출연02|명|出演|C
3668|2518|후기03|명|後期|C
3669|2525|버티다|동||C
3670|2527|분포하다02|동|分布-|C
3671|2528|비중01|명|比重|C
3672|2531|아이디어|명|idea|C
3673|2533|예컨대|부|例-|C
3674|2535|전개02|명|展開|C
3675|2536|접촉|명|接觸|C
3676|2543|경기05|명|景氣|C
3677|2544|계곡01|명|溪谷|C
3678|2546|다투다|동||C
3679|2548|도저히|부|到底-|C
3680|2555|앞장서다|동||C
3681|2556|요청하다|동|要請-|C
3682|2558|일치하다|동|一致-|C
3683|2560|정치권|명|政治權|C
3684|2561|처녀|명|處女|C
3685|2565|개발되다|동|開發-|C
3686|2568|대비하다04|동|對備-|C
3687|2576|쓰러지다|동||C
3688|2578|영상01|명|映像|C
3689|2579|영혼02|명|靈魂|C
3690|2580|운전사|명|運轉士|C
3691|2584|적용되다|동|適用-|C
3692|2586|지속적|명|持續的|C
3693|2588|차별|명|差別|C
3694|2590|구분06|명|區分|C
3695|2595|분노|명|憤怒|C
3696|2598|소위06|부|所謂|C
3697|2599|스치다01|동|살짝 닿다|C
3698|2605|의무01|명|義務|C
3699|2620|동일하다|형|同一-|C
3700|2634|설치02|명|設置|C
3701|2637|업종01|명|業種|C
3702|2638|연출02|명|演出|C
3703|2640|트이다|동||C
3704|2646|관리01|명|官吏|C
3705|2647|국제화|명|國際化|C
3706|2648|근육|명|筋肉|C
3707|2650|깔리다01|동||C
3708|2653|사전13|명|事前|C
3709|2661|연합03|명|聯合|C
3710|2663|인격|명|人格|C
3711|2670|총06|관|總|C
3712|2672|표02|명|表|C
3713|2673|품목01|명|品目|C
3714|2677|논01|명||C
3715|2684|비난|명|非難|C
3716|2691|위협|명|威脅|C
3717|2696|잠기다02|동|물에 ~|C
3718|2698|주고받다|동||C
3719|2700|지지06|명|支持|C
3720|2702|경고04|명|警告|C
3721|2703|공개하다|동|公開-|C
3722|2708|논쟁|명|論爭|C
3723|2712|성명10|명|聲明|C
3724|2714|수십|관|數十|C
3725|2723|전개되다|동|展開-|C
3726|2729|품질03|명|品質|C
3727|2730|회견|명|會見|C
3728|2731|훔치다02|동|물건을 ~|C
3729|2732|흔적|명|痕跡|C
3730|2733|고전02|명|古典|C
3731|2735|구분하다03|동|區分-|C
3732|2739|뇌03|명|腦|C
3733|2743|사설04|명|社說|C
3734|2744|승리|명|勝利|C
3735|2748|좌우01|명|左右|C
3736|2749|주03|관|主. ~ 고객|C
3737|2760|굽히다|동||C
3738|2777|의학02|명|醫學|C
3739|2783|창조03|명|創造|C
3740|2787|홍보01|명|弘報|C
3741|2793|내다보다|동||C
3742|2795|대량01|명|大量|C
3743|2796|동행01|명|同行|C
3744|2798|떼01|명|양 ~|C
3745|2799|마땅하다|형||C
3746|2800|바로잡다|동||C
3747|2801|박히다|동||C
3748|2809|제거하다|동|除去-|C
3749|2815|특수02|명|特殊|C
3750|2818|호기심|명|好奇心|C
3751|2823|기획01|명|企劃|C
3752|2824|대충01|부||C
3753|2830|박다01|동||C
3754|2831|본성02|명|本性|C
3755|2833|생산력|명|生産力|C
3756|2839|이르다02|동|말하다|C
3757|2842|장비07|명|裝備|C
3758|2843|정치인|명|政治人|C
3759|2847|처벌|명|處罰|C
3760|2850|검토|명|檢討|C
3761|2853|기법01|명|技法|C
3762|2860|두드러지다|형||C
3763|2864|살아남다|동||C
3764|2865|살인|명|殺人|C
3765|2866|성질|명|性質|C
3766|2873|인02|명|人|C
3767|2874|잇따르다|동||C
3768|2876|자판01|명|字板|C
3769|2877|적용|명|適用|C
3770|2878|전기09|명|前期|C
3771|2879|중반03|명|中盤|C
3772|2880|지시하다|동|指示-|C
3773|2884|가르침|명||C
3774|2896|무리08|명|無理|C
3775|2906|정면01|명|正面|C
3776|2914|개국01|의|個國|C
3777|2918|근원|명|根源|C
3778|2929|사회주의|명|社會主義|C
3779|2930|설치되다01|동|設置-|C
3780|2931|수도권|명|首都圈|C
3781|2936|자극01|명|刺戟|C
3782|2944|짚다01|동||C
3783|2946|총리01|명|總理|C
3784|2954|대출03|명|貸出|C
3785|2955|덕05|명|德|C
3786|2960|바치다01|동|드리다|C
3787|2962|발표되다|동|發表-|C
3788|2963|부정하다06|동|否定-|C
3789|2964|불러일으키다|동||C
3790|2966|소유자|명|所有者|C
3791|2971|액수03|명|額數|C
3792|2978|직전02|명|直前|C
3793|2979|짐작하다|동|斟酌-|C
3794|2981|택하다|동|擇-|C
3795|2982|터01|명||C
3796|2986|가구03|명|家口|C
3797|2989|거꾸로|부||C
3798|2990|궁극적|명|窮極的|C
3799|2991|극히|부|極-|C
3800|2992|기여하다|동|寄與-|C
3801|2993|꼭02|부|힘을 주는 모양|C
3802|2995|대륙01|명|大陸|C
3803|2997|뒤따르다|동||C
3804|3001|범인02|명|犯人|C
3805|3002|변동|명|變動|C
3806|3003|불가피하다|형|不可避-|C
3807|3008|손해|명|損害|C
3808|3009|숨지다|동||C
3809|3010|아유01|감||C
3810|3015|자존심|명|自尊心|C
3811|3016|주저앉다|동||C
3812|3017|증권사|명|證券社|C
3813|3019|초원04|명|草原|C
3814|3020|최종|명|最終|C
3815|3025|검사02|명|檢事|C
3816|3032|대신하다|동|代身-|C
3817|3034|두렵다01|형||C
3818|3035|등장01|명|登場|C
3819|3037|마디01|명||C
3820|3038|미처|부||C
3821|3040|비율02|명|比率|C
3822|3042|생물01|명|生物|C
3823|3043|소음06|명|騷音|C
3824|3044|양국01|명|兩國|C
3825|3045|얼핏|부||C
3826|3047|웬01|관||C
3827|3049|조각01|명|얼음 ~|C
3828|3051|중부03|명|中部|C
3829|3056|침01|명|~을 뱉다|C
3830|3059|항의01|명|抗議|C
3831|3060|해당05|명|該當|C
3832|3061|확보01|명|確保|C
3833|3062|환경오염|명|環境汚染|C
3834|3063|가치관|명|價値觀|C
3835|3067|기원전|명|紀元前|C
3836|3068|기타01|명|其他|C
3837|3069|긴급|명|緊急|C
3838|3070|꺾다|동||C
3839|3072|무려02|부|無慮|C
3840|3073|묻히다02|동|땅에 ~|C
3841|3076|실태02|명|實態|C
3842|3077|아쉽다|형||C
3843|3078|애정02|명|愛情|C
3844|3084|장르|명|&프genre|C
3845|3086|접하다01|동|接-|C
3846|3087|정성11|명|精誠|C
3847|3088|제약01|명|制約|C
3848|3089|쫓다|동||C
3849|3091|추가02|명|追加|C
3850|3095|품01|명|옷이 ~이 크다|C
3851|3097|해석03|명|解析|C
3852|3098|확인되다|동|確認-|C
3853|3099|가하다01|동|加-|C
3854|3101|강의02|명|講義|C
3855|3105|과04|명|科|C
3856|3112|동포02|명|同胞|C
3857|3113|뚫다|동||C
3858|3116|상02|명|上|C
3859|3117|새01|명|사이|C
3860|3126|외면하다|동|外面-|C
3861|3127|원고03|명|原稿|C
3862|3130|줄곧|부||C
3863|3131|지출01|명|支出|C
3864|3133|차08|명|差|C
3865|3136|향03|명|香|C
3866|3137|개선하다01|동|改善-|C
3867|3138|계좌02|명|計座|C
3868|3141|도10|명|道. ~를 깨치다|C
3869|3144|말기05|명|末期|C
3870|3145|말없이|부||C
3871|3146|망하다|동|亡-|C
3872|3147|문서|명|文書|C
3873|3153|성립되다|동|成立-|C
3874|3157|실습|명|實習|C
3875|3160|일찍이|부||C
3876|3161|자율|명|自律|C
3877|3163|집중되다|동|集中-|C
3878|3164|창조적|명|創造的|C
3879|3166|천장02|명|天障|C
3880|3168|파다01|동||C
3881|3169|하긴|부||C
3882|3170|해결되다|동|解決-|C
3883|3171|향상01|명|向上|C
3884|3173|가라앉다|동||C
3885|3174|감싸다|동||C
3886|3175|고작02|부||C
3887|3178|기구14|명|器具|C
3888|3180|깔다|동||C
3889|3181|다짐하다|동||C
3890|3183|대합실|명|待合室|C
3891|3185|매장06|명|賣場|C
3892|3187|명칭02|명|名稱|C
3893|3190|상업02|명|商業|C
3894|3191|생산되다|동|生産-|C
3895|3192|숨기다|동||C
3896|3196|엉덩이|명||C
3897|3199|이달01|명||C
3898|3200|인체|명|人體|C
3899|3201|저고리01|명||C
3900|3205|진단02|명|診斷|C
3901|3206|질병02|명|疾病|C
3902|3207|짜다01|동|관을 ~|C
3903|3208|체력|명|體力|C
3904|3211|헤아리다|동||C
3905|3213|각기02|부|各其|C
3906|3216|관찰01|명|觀察|C
3907|3219|군사01|명|軍士|C
3908|3220|귀신01|명|鬼神|C
3909|3221|귀하다|형|貴-|C
3910|3222|그토록|부||C
3911|3223|기초하다03|동|基礎-|C
3912|3229|대가06|명|代價|C
3913|3231|되찾다|동||C
3914|3232|말리다03|동|빨래를 ~|C
3915|3233|무덤|명||C
3916|3234|물결|명||C
3917|3235|밥상|명|-床|C
3918|3236|보장하다01|동|保障-|C
3919|3238|사귀다|동||C
3920|3241|솟다01|동||C
3921|3243|예상하다|동|豫想-|C
3922|3244|예외|명|例外|C
3923|3245|완전01|명|完全|C
3924|3248|절대적|명|絶對的|C
3925|3249|제작하다02|동|製作-|C
3926|3251|최대한|명|最大限|C
3927|3254|품다01|동|가슴에 ~|C
3928|3258|휴식02|명|休息|C
3929|3259|굳다|형||C
3930|3260|굳어지다|동||C
3931|3261|굶다|동||C
3932|3263|기기13|명|機器|C
3933|3265|나침반|명|羅針盤|C
3934|3267|농부01|명|農夫|C
3935|3270|도달하다01|동|到達-|C
3936|3271|뒤늦다|형||C
3937|3272|뒤지다02|동|가방을 ~|C
3938|3274|디스크|명|disk|C
3939|3275|맛보다01|동||C
3940|3279|묻다02|동|시체를 ~|C
3941|3283|상23|명|像|C
3942|3284|상상력01|명|想像力|C
3943|3288|영업|명|營業|C
3944|3289|예01|명|~나 지금이나|C
3945|3290|예방02|명|豫防|C
3946|3291|완성01|명|完成|C
3947|3292|유리하다01|형|有利-|C
3948|3293|자연환경|명|自然環境|C
3949|3296|증명하다|동|證明-|C
3950|3297|지적되다|동|指摘-|C
3951|3299|철저히|부|徹底-|C
3952|3300|코스|명|course|C
3953|3301|학부모|명|學父母|C
3954|3302|합리적|명|合理的|C
3955|3304|해석하다02|동|解釋-|C
3956|3305|힘쓰다|동||C
3957|3306|거듭|부||C
3958|3309|날리다02|동|'날다'의 사동사|C
3959|3313|덜다01|동||C
3960|3315|뛰어넘다|동||C
3961|3316|마누라01|명||C
3962|3317|맞이하다|동||C
3963|3320|신고하다01|동|申告-|C
3964|3321|연속02|명|連續|C
3965|3323|욕02|명|辱|C
3966|3324|원장07|명|院長|C
3967|3325|유물04|명|遺物|C
3968|3326|저절로|부||C
3969|3328|정비05|명|整備|C
3970|3330|주의07|명|注意|C
3971|3333|집어넣다|동||C
3972|3334|통계04|명|統計|C
3973|3336|판01|의|마지막 ~|C
3974|3337|피해자|명|被害者|C
3975|3338|필수적|명|必須的|C
3976|3339|학용품|명|學用品|C
3977|3341|환하다01|형||C
3978|3344|강남|명|江南|C
3979|3346|구속되다|동|拘束-|C
3980|3348|돌아다니다|동||C
3981|3349|등등01|의|等等|C
3982|3350|멋지다|형||C
3983|3351|반발01|명|反撥|C
3984|3353|방지04|명|防止|C
3985|3354|배다01|동|땀이 ~|C
3986|3356|보장01|명|保障|C
3987|3357|빠져나오다|동||C
3988|3358|새다01|동|비가 ~|C
3989|3364|억울하다|형|抑鬱-|C
3990|3366|요구되다|동|要求-|C
3991|3367|음성02|명|音聲|C
3992|3368|이윽고|부||C
3993|3370|장식05|명|裝飾|C
3994|3371|전개하다02|동|展開-|C
3995|3373|전반적|명|全般的|C
3996|3377|척하다01|보||C
3997|3380|풍습01|명|風習|C
3998|3381|한가운데|명||C
3999|3382|한정되다|동|限定-|C
4000|3383|해내다|동||C
4001|3384|흉내|명||C
4002|3385|감옥02|명|監獄|C
4003|3386|갚다|동||C
4004|3388|건전하다|형|健全-|C
4005|3392|광장02|명|廣場|C
4006|3395|꽉|부||C
4007|3396|끼우다01|동||C
4008|3399|다듬다|동||C
4009|3400|다름없다|형||C
4010|3401|당당하다|형|堂堂-|C
4011|3402|댐02|명|dam|C
4012|3403|덩어리|명||C
4013|3404|두뇌|명|頭腦|C
4014|3406|모처럼|부||C
4015|3407|물리학|명|物理學|C
4016|3408|벌06|명|罰|C
4017|3410|부정적|명|否定的|C
4018|3411|북부01|명|北部|C
4019|3412|분리04|명|分離|C
4020|3413|상당04|명|相當|C
4021|3420|애초01|명|-初|C
4022|3423|에02|감||C
4023|3425|오염되다|동|汚染-|C
4024|3426|오해02|명|誤解|C
4025|3431|의식04|명|儀式|C
4026|3432|의지하다|동|依支-|C
4027|3436|제한하다|동|制限-|C
4028|3437|존중하다|동|尊重-|C
4029|3440|채10|부|말이 ~ 끝나기도 전에|C
4030|3441|책임지다|동||C
4031|3442|청춘01|명|靑春|C
4032|3443|초반01|명|初盤|C
4033|3446|트럭|명|truck|C
4034|3448|폭넓다|형|幅-|C
4035|3449|표현되다|동|表現-|C
4036|3450|학번|명|學番|C
4037|3452|허가01|명|許可|C
4038|3453|헤매다|동||C
4039|3454|가장07|명|家長|C
4040|3459|곡02|명|曲|C
4041|3460|곡식|명|穀食|C
4042|3462|꽂다|동||C
4043|3466|두려움|명||C
4044|3467|망설이다|동||C
4045|3468|무리01|명|~를 이루다|C
4046|3471|별다르다|형|別-|C
4047|3472|보편적|명|普遍的|C
4048|3473|부품|명|部品|C
4049|3476|뻔하다02|형||C
4050|3477|뽑히다|동||C
4051|3478|상담01|명|相談|C
4052|3479|서부01|명|西部|C
4053|3481|속담|명|俗談|C
4054|3482|시중03|명|市中|C
4055|3484|심사08|명|審査|C
4056|3486|앞세우다|동||C
4057|3488|유사하다03|형|類似-|C
4058|3490|의욕|명|意欲|C
4059|3491|인근|명|隣近|C
4060|3493|일반인|명|一般人|C
4061|3494|작성하다|동|作成-|C
4062|3497|정기07|명|定期|C
4063|3498|제의04|명|提議|C
4064|3502|차림|명||C
4065|3503|창조하다|동|創造-|C
4066|3507|펴내다|동||C
4067|3509|하드웨어|명|hardware|C
4068|3510|화장02|명|化粧|C
4069|3514|강렬하다02|형|强烈-|C
4070|3523|되풀이하다01|동||C
4071|3524|딱02|부|멎는 모양|C
4072|3525|리02|의|里|C
4073|3527|면하다01|동|免-|C
4074|3528|모색하다02|동|摸索-|C
4075|3530|붙잡다|동||C
4076|3531|빛깔|명||C
4077|3533|사방03|명|四方|C
4078|3534|살림01|명||C
4079|3537|실현|명|實現|C
4080|3538|아냐|감||C
4081|3539|연예인|명|演藝人|C
4082|3544|이내03|부||C
4083|3550|차츰|부||C
4084|3553|투표01|명|投票|C
4085|3554|파괴하다|동|破壞-|C
4086|3555|하느님|명||C
4087|3557|해당되다|동|該當-|C
4088|3559|홀로|부||C
4089|3563|감히|부|敢-|C
4090|3564|강요하다|동|强要-|C
4091|3565|개미03|명|곤충|C
4092|3566|관습|명|慣習|C
4093|3567|광경|명|光景|C
4094|3571|금세01|부||C
4095|3572|낮추다|동||C
4096|3574|내주다|동||C
4097|3578|명의02|명|名義|C
4098|3580|물러나다|동||C
4099|3581|밀접하다|형|密接-|C
4100|3583|분량|명|分量|C
4101|3584|불과01|부|不過|C
4102|3585|뻔하다01|보||C
4103|3589|소박하다01|형|素朴-|C
4104|3590|수없이|부|數-|C
4105|3591|승진03|명|昇進|C
4106|3592|양07|관|兩|C
4107|3596|열매01|명||C
4108|3600|적히다|동||C
4109|3603|제한되다|동|制限-|C
4110|3605|지속되다|동|持續-|C
4111|3606|쫓기다|동||C
4112|3607|쭉|부||C
4113|3613|평가되다|동|評價-|C
4114|3614|하도01|부||C
4115|3615|한창01|부||C
4116|3616|해안02|명|海岸|C
4117|3617|호박01|명||C
4118|3619|흑인|명|黑人|C
4119|3620|간08|명|肝|C
4120|3621|갇히다|동||C
4121|3628|근로02|명|勤勞|C
4122|3629|눈동자|명|-瞳子|C
4123|3631|닥치다01|동|다다르다|C
4124|3634|뜯다|동||C
4125|3636|몸짓|명||C
4126|3638|부담하다01|동|負擔-|C
4127|3640|부회장|명|副會長|C
4128|3642|빼앗다|동||C
4129|3643|삼키다|동||C
4130|3645|성실하다02|형|誠實-|C
4131|3646|스튜디오|명|studio|C
4132|3647|실제02|부|實際|C
4133|3650|이상적01|명|理想的|C
4134|3652|일쑤|명||C
4135|3653|일체01|명|一切|C
4136|3655|잦다03|형|왕래가 ~|C
4137|3656|절망02|명|絶望|C
4138|3657|접다01|동||C
4139|3659|제시되다|동|提示-|C
4140|3660|주방05|명|廚房|C
4141|3662|진출하다02|동|進出-|C
4142|3666|통과하다|동|通過-|C
4143|3667|투명하다02|형|透明-|C
4144|3671|확산되다|동|擴散-|C
4145|3672|경력02|명|經歷|C
4146|3674|고통스럽다|형|苦痛-|C
4147|3675|곤란하다|형|困難-|C
4148|3676|공중03|명|空中|C
4149|3677|공해01|명|公害|C
4150|3679|귀찮다|형||C
4151|3680|기대다01|동|의지하다|C
4152|3681|깨어나다|동||C
4153|3682|꼽히다01|동||C
4154|3683|대다수|명|大多數|C
4155|3685|듯싶다|보||C
4156|3686|먹이|명||C
4157|3688|무료01|명|無料|C
4158|3690|발레|명|&프ballet|C
4159|3693|상징하다|동|象徵-|C
4160|3694|실현하다|동|實現-|C
4161|3695|아깝다|형||C
4162|3696|안정되다|동|安定-|C
4163|3698|어리석다|형||C
4164|3699|엎드리다|동||C
4165|3700|여럿|명||C
4166|3702|연설02|명|演說|C
4167|3704|염려01|명|念慮|C
4168|3706|우습다|형||C
4169|3709|일자05|명|日子|C
4170|3712|전달되다|동|傳達-|C
4171|3719|칸01|명||C
4172|3720|한05|명|恨|C
4173|3723|갈수록|부||C
4174|3725|갖가지|명||C
4175|3726|거절하다01|동|拒絶-|C
4176|3731|구별하다|동|區別-|C
4177|3735|다행|명|多幸|C
4178|3737|동의02|명|同意|C
4179|3740|마무리|명||C
4180|3741|마주치다|동||C
4181|3742|막상01|부||C
4182|3744|몸통|명||C
4183|3745|못01|명|벽에 ~을 박다|C
4184|3746|묘사하다|동|描寫-|C
4185|3750|베다02|동|목을 ~|C
4186|3751|보장되다|동|保障-|C
4187|3752|볼01|명|뺨|C
4188|3753|부분적|명|部分的|C
4189|3755|불리다07|동|물에 ~|C
4190|3756|불행|명|不幸|C
4191|3757|비명02|명|悲鳴|C
4192|3759|순수03|명|純粹|C
4193|3760|시각03|명|時刻|C
4194|3761|실질적|명|實質的|C
4195|3762|안개|명||C
4196|3765|오로지|부||C
4197|3766|완성하다01|동|完成-|C
4198|3767|이런저런|관||C
4199|3769|임무01|명|任務|C
4200|3770|자연히|부|自然-|C
4201|3772|장난|명||C
4202|3774|전용04|명|專用|C
4203|3778|지극히|부|至極-|C
4204|3779|청하다|동|請-|C
4205|3783|확정02|명|確定|C
4206|3784|가상05|명|假想|C
4207|3786|간혹|부|間或|C
4208|3787|개방하다03|동|開放-|C
4209|3791|관계되다|동|關係-|C
4210|3792|국산|명|國産|C
4211|3800|도11|명|道. 전국 각 ~|C
4212|3802|리그01|명|league|C
4213|3803|마이크|명|mike|C
4214|3805|메우다02|동|'메다'의 사동사|C
4215|3806|면적|명|面積|C
4216|3809|반성01|명|反省|C
4217|3810|벌떡|부||C
4218|3811|보상02|명|補償|C
4219|3812|분리되다|동|分離-|C
4220|3813|빚|명||C
4221|3814|새기다01|동|문신을 ~|C
4222|3815|서민|명|庶民|C
4223|3816|석10|의|席|C
4224|3817|선정하다03|동|選定-|C
4225|3820|세다02|동|돈을 ~|C
4226|3821|소수08|명|少數|C
4227|3826|연간02|명|年間|C
4228|3827|영화제|명|映畵祭|C
4229|3828|예측하다|동|豫測-|C
4230|3829|용도02|명|用途|C
4231|3830|의심03|명|疑心|C
4232|3831|이동하다|동|移動-|C
4233|3832|자극하다|동|刺戟-|C
4234|3833|재빨리|부||C
4235|3835|적합하다|형|適合-|C
4236|3837|조절하다02|동|調節-|C
4237|3838|조정09|명|調整|C
4238|3839|중얼거리다|동||C
4239|3841|지급하다01|동|支給-|C
4240|3845|확장|명|擴張|C
4241|3846|힘차다|형||C
4242|3849|건조04|명|乾燥|C
4243|3851|고요하다|형||C
4244|3852|그대|대||C
4245|3854|긋다01|동|금을 ~|C
4246|3855|기둥01|명||C
4247|3857|날카롭다|형||C
4248|3859|논하다|동|論-|C
4249|3861|도덕|명|道德|C
4250|3862|동부05|명|東部|C
4251|3863|뒷모습|명||C
4252|3866|만만하다01|형|대적할 만함|C
4253|3867|못되다|형||C
4254|3869|보고하다02|동|報告-|C
4255|3870|사무소|명|事務所|C
4256|3874|상인07|명|商人|C
4257|3875|선언하다|동|宣言-|C
4258|3876|소원04|명|所願|C
4259|3879|엿보다|동||C
4260|3880|완성되다|동|完成-|C
4261|3881|유적08|명|遺跡|C
4262|3883|일생01|명|一生|C
4263|3884|입히다|동||C
4264|3885|잡아먹다|동||C
4265|3886|정보화|명|情報化|C
4266|3887|종종04|부|種種. ~ 놀러 오세요|C
4267|3890|차다03|동|시계를 ~|C
4268|3891|창작|명|創作|C
4269|3892|축소02|명|縮小|C
4270|3893|취향01|명|趣向|C
4271|3897|탄생하다|동|誕生-|C
4272|3899|학급|명|學級|C
4273|3900|해군01|명|海軍|C
4274|3903|효율적|명|效率的|C
4275|3905|간01|명|음식의 ~을 보다|C
4276|3906|간판02|명|看板|C
4277|3907|건드리다|동||C
4278|3909|관리하다|동|管理-|C
4279|3910|괴로움|명||C
4280|3912|근거하다|동|根據-|C
4281|3913|금액02|명|金額|C
4282|3916|달래다01|동||C
4283|3922|말리다02|동|싸움을 ~|C
4284|3923|맘01|명|마음|C
4285|3929|밝혀내다|동||C
4286|3930|부서지다|동||C
4287|3932|비행03|명|飛行|C
4288|3934|상관없다|형|相關-|C
4289|3936|성립하다|동|成立-|C
4290|3937|수명05|명|壽命|C
4291|3938|시즌|명|season|C
4292|3939|신기하다01|형|神奇-|C
4293|3940|업다|동||C
4294|3943|예감03|명|豫感|C
4295|3944|음식물02|명|飮食物|C
4296|3946|자신감|명|自信感|C
4297|3948|죄인|명|罪人|C
4298|3949|주의하다01|동|注意-|C
4299|3952|천01|명|실로 짠 물건|C
4300|3956|쾌감|명|快感|C
4301|3957|탄생|명|誕生|C
4302|3958|튀다|동||C
4303|3960|하필02|부|何必|C
4304|3963|활용|명|活用|C
4305|3967|거액|명|巨額|C
4306|3969|고집하다|동|固執-|C
4307|3970|곧잘|부||C
4308|3971|골짜기01|명||C
4309|3973|교훈02|명|敎訓|C
4310|3974|구르다01|동|바위가 ~|C
4311|3979|단편01|명|短篇|C
4312|3981|대처하다02|동|對處-|C
4313|3984|명확하다|형|明確-|C
4314|3986|발걸음|명||C
4315|3987|발길|명||C
4316|3991|빼앗기다|동||C
4317|3994|생산자|명|生産者|C
4318|3995|선진03|명|先進|C
4319|3998|소매01|명||C
4320|4001|시멘트|명|cement|C
4321|4002|신규|명|新規|C
4322|4003|신청하다01|동|申請-|C
4323|4004|실은|부|實-|C
4324|4005|심판02|명|審判|C
4325|4006|안기다02|동|'안다'의 사동사|C
4326|4007|양심02|명|良心|C
4327|4009|이사장|명|理事長|C
4328|4010|이자05|명|利子|C
4329|4013|자세하다01|형|仔細-|C
4330|4017|제비02|명|동물|C
4331|4018|제안02|명|提案|C
4332|4019|제안하다02|동|提案-|C
4333|4022|지난날|명||C
4334|4024|진급|명|進級|C
4335|4028|튀어나오다|동||C
4336|4029|표준01|명|標準|C
4337|4030|항구03|명|港口|C
4338|4032|허용|명|許容|C
4339|4033|헬기|명|helicopter機|C
4340|4034|간신히|부|艱辛-|C
4341|4036|감다03|동|실을 ~|C
4342|4038|같이하다|동||C
4343|4040|거품|명||C
4344|4043|공군02|명|空軍|C
4345|4046|기술자|명|技術者|C
4346|4048|년생80|의|年生. 80~|C
4347|4050|달리기|명||C
4348|4054|도전04|명|挑戰|C
4349|4058|면04|명|面. 행정 단위|C
4350|4060|보조02|명|補助|C
4351|4061|불리하다|형|不利-|C
4352|4062|불편01|명|不便|C
4353|4063|비비다|동||C
4354|4064|사과08|명|謝過|C
4355|4066|살아나다|동||C
4356|4074|속이다|동||C
4357|4075|수면07|명|睡眠|C
4358|4076|수천07|관|數千|C
4359|4079|승부03|명|勝負|C
4360|4080|시기04|명|時期|C
4361|4082|신념01|명|信念|C
4362|4086|여간|부|如干|C
4363|4089|영향력|명|影響力|C
4364|4090|예의06|명|禮儀|C
4365|4093|이내05|명|以內|C
4366|4094|이리저리02|부|~ 돌아다니다|C
4367|4095|인간적|명|人間的|C
4368|4097|임금01|명||C
4369|4099|잘나다|형||C
4370|4100|재능|명|才能|C
4371|4102|지불하다01|동|支拂-|C
4372|4107|파출소|명|派出所|C
4373|4108|판08|명|板|C
4374|4110|한문03|명|漢文|C
4375|4112|건네주다|동||C
4376|4113|결승01|명|決勝|C
4377|4114|공공02|명|公共|C
4378|4115|교양02|명|敎養|C
4379|4116|국왕|명|國王|C
4380|4118|극복01|명|克服|C
4381|4120|내려지다|동||C
4382|4121|냉동|명|冷凍|C
4383|4122|녹다01|동||C
4384|4124|대개03|명|大槪|C
4385|4135|수집하다02|동|蒐集-|C
4386|4136|승객|명|乘客|C
4387|4137|싱싱하다|형||C
4388|4146|외모02|명|外貌|C
4389|4149|인공01|명|人工|C
4390|4151|잠자리01|명|~를 바꾸다|C
4391|4153|저마다|부||C
4392|4154|전국적|명|全國的|C
4393|4155|전반03|명|全般|C
4394|4160|제자리|명||C
4395|4161|지루하다01|형||C
4396|4162|척08|의|隻|C
4397|4172|학술|명|學術|C
4398|4173|혈액|명|血液|C
4399|4174|화살01|명||C
4400|4175|화재01|명|火災|C
4401|4177|가르다|동||C
4402|4179|간격02|명|間隔|C
4403|4181|고함01|명|高喊|C
4404|4182|공격하다|동|攻擊-|C
4405|4183|그놈|대||C
4406|4185|기록되다|동|記錄-|C
4407|4186|끝없다|형||C
4408|4187|끼어들다|동||C
4409|4189|노선01|명|路線|C
4410|4191|답03|명|答|C
4411|4193|대사17|명|臺詞|C
4412|4195|도망치다|동|逃亡-|C
4413|4197|동15|의|棟|C
4414|4198|동의하다01|동|同意-|C
4415|4200|딱딱하다01|형|굳다|C
4416|4201|땅속|명||C
4417|4203|벌금|명|罰金|C
4418|4205|복13|명|福|C
4419|4206|봉사03|명|奉仕|C
4420|4207|부서12|명|部署|C
4421|4212|성08|명|城|C
4422|4213|소형03|명|小型|C
4423|4214|신인07|명|新人|C
4424|4218|악몽|명|惡夢|C
4425|4219|안내01|명|案內|C
4426|4221|언덕|명||C
4427|4223|열정02|명|熱情|C
4428|4224|오페라|명|opera|C
4429|4229|입맛|명||C
4430|4230|재즈|명|jazz|C
4431|4232|적응하다02|동|適應-|C
4432|4233|절대05|명|絶對|C
4433|4236|제공04|명|提供|C
4434|4237|지나치다|동||C
4435|4240|참가01|명|參加|C
4436|4242|추석01|명|秋夕|C
4437|4243|충돌|명|衝突|C
4438|4244|통로|명|通路|C
4439|4247|해소03|명|解消|C
4440|4248|행해지다|동|行-|C
4441|4250|현대인|명|現代人|C
4442|4251|혜택|명|惠澤|C
4443|4253|확02|부||C
4444|4258|골고루|부||C
4445|4259|구석구석|명||C
4446|4261|그제서야|부||C
4447|4268|등록증|명|登錄證|C
4448|4273|반복되다|동|反復-|C
4449|4274|발전02|명|發電|C
4450|4275|방해01|명|妨害|C
4451|4277|벼01|명||C
4452|4279|본인|명|本人|C
4453|4281|상점|명|商店|C
4454|4285|수백04|관|數百|C
4455|4288|실장|명|室長|C
4456|4289|쓸쓸하다|형||C
4457|4291|애01|명|~가 타다|C
4458|4292|어지럽다|형||C
4459|4293|어찌하다|동||C
4460|4294|예정되다|동|豫定-|C
4461|4296|이중03|명|二重|C
4462|4299|인정받다|동|認定-|C
4463|4303|자랑01|명||C
4464|4311|착각03|명|錯覺|C
4465|4312|창09|명|窓|C
4466|4313|친정04|명|親庭|C
4467|4315|타입02|명|type|C
4468|4319|행하다|동|行-|C
4469|4320|활짝|부||C
4470|4322|개별|명|個別|C
4471|4325|공식적|명|公式的|C
4472|4326|그런대로|부||C
4473|4328|기독교|명|基督敎|C
4474|4329|깨달음|명||C
4475|4334|눈부시다|형||C
4476|4339|마음먹다|동||C
4477|4340|목록|명|目錄|C
4478|4342|반성하다01|동|反省-|C
4479|4345|별명01|명|別名|C
4480|4346|보전03|명|保全|C
4481|4348|불어오다|동||C
4482|4352|소유하다01|동|所有-|C
4483|4354|스위치|명|switch|C
4484|4355|신세02|명|~를 망치다|C
4485|4357|알아내다|동||C
4486|4360|야단01|명|惹端|C
4487|4361|얘02|감||C
4488|4364|연결01|명|連結|C
4489|4365|연관06|명|聯關|C
4490|4368|용서하다|동|容恕-|C
4491|4369|우정02|명|友情|C
4492|4371|육군02|명|陸軍|C
4493|4372|음식점|명|飮食店|C
4494|4373|의논하다|동|議論-|C
4495|4380|주요하다|형|主要-|C
4496|4383|차마|부||C
4497|4384|참조02|명|參照|C
4498|4388|타고나다|동||C
4499|4392|행사02|명|行使|C
4500|4394|허용되다|동|許容-|C
4501|4397|가입|명|加入|C
4502|4398|가정07|명|假定|C
4503|4403|교체01|명|交替|C
4504|4407|꼬마|명||C
4505|4408|끝없이|부||C
4506|4409|나르다01|동||C
4507|4411|놀리다01|동|흉을 보다|C
4508|4412|늘어놓다|동||C
4509|4415|대표하다|동|代表-|C
4510|4419|두려워하다|동||C
4511|4420|뜻밖|명||C
4512|4421|막걸리|명||C
4513|4422|맡다02|동|냄새를 ~|C
4514|4424|미스03|명|Miss|C
4515|4425|밀리다01|동|방세가 ~|C
4516|4430|부러지다|동||C
4517|4436|상대성|명|相對性|C
4518|4437|설문01|명|設問|C
4519|4443|쓸다02|동|마당을 ~|C
4520|4445|안팎|명||C
4521|4448|예방하다01|동|豫防-|C
4522|4449|올02|명|올해|C
4523|4451|유의하다02|동|留意-|C
4524|4453|이해되다|동|理解-|C
4525|4454|인하01|명|引下|C
4526|4456|작성01|명|作成|C
4527|4457|잘리다01|동||C
4528|4459|전달03|명|傳達|C
4529|4460|전시회|명|展示會|C
4530|4462|전환하다02|동|轉換-|C
4531|4463|정치학|명|政治學|C
4532|4467|주문04|명|注文|C
4533|4468|집안일|명||C
4534|4469|체계적|명|體系的|C
4535|4471|크림|명|cream|C
4536|4472|탁월하다|형|卓越-|C
4537|4473|텅01|부|~ 비다|C
4538|4474|토하다|동|吐-|C
4539|4479|한순간|명|-瞬間|C
4540|4483|가사09|명|歌詞|C
4541|4484|가입자|명|加入者|C
4542|4485|감소하다|동|減少-|C
4543|4487|결과적|명|結果的|C
4544|4489|괴롭히다|동||C
4545|4490|구별02|명|區別|C
4546|4495|깨우다01|동||C
4547|4496|끈01|명||C
4548|4497|끊기다|동||C
4549|4498|끊임없다|형||C
4550|4500|넉넉하다|형||C
4551|4505|두어|관||C
4552|4508|마약|명|痲藥|C
4553|4512|밑바닥|명||C
4554|4514|보도되다|동|報道-|C
4555|4515|보리01|명||C
4556|4516|본부03|명|本部|C
4557|4517|부17|명|富|C
4558|4523|성숙하다|동|成熟-|C
4559|4524|소극적|명|消極的|C
4560|4525|소용07|명|所用|C
4561|4526|손질하다|동||C
4562|4528|순식간|명|瞬息間|C
4563|4530|시도07|명|試圖|C
4564|4532|시집03|명|詩集|C
4565|4533|아무개|대||C
4566|4534|약점01|명|弱點|C
4567|4536|어째서|불|어찌하여서|C
4568|4537|어쩌다02|부||C
4569|4540|연령01|명|年齡|C
4570|4541|예비02|명|豫備|C
4571|4542|울음소리|명||C
4572|4543|이놈01|대||C
4573|4544|이력서|명|履歷書|C
4574|4545|인정되다|동|認定-|C
4575|4553|주년02|의|周年|C
4576|4554|중단하다|동|中斷-|C
4577|4555|중대하다01|형|重大-|C
4578|4556|중심지|명|中心地|C
4579|4560|집중적|명|集中的|C
4580|4562|참되다|형||C
4581|4563|초청01|명|招請|C
4582|4564|출판사|명|出版社|C
4583|4566|탁자01|명|卓子|C
4584|4570|퍽02|부|~ 궁금하다|C
4585|4571|풍속01|명|風俗|C
4586|4573|핑계|명||C
4587|4574|한층|부|-層|C
4588|4575|행운02|명|幸運|C
4589|4576|가로막다|동||C
4590|4577|간섭|명|干涉|C
4591|4578|갈증|명|渴症|C
4592|4580|갑작스럽다|형||C
4593|4582|교환하다01|동|交換-|C
4594|4586|그래야|불|그리하여야|C
4595|4587|기원05|명|起源|C
4596|4589|난리02|명|亂離|C
4597|4591|내버리다|동||C
4598|4594|달리하다01|동||C
4599|4598|뛰어가다|동||C
4600|4601|미사일|명|missile|C
4601|4607|보존|명|保存|C
4602|4608|보호되다|동|保護-|C
4603|4615|상관03|명|相關|C
4604|4616|설명되다|동|說明-|C
4605|4617|섭섭하다01|형||C
4606|4618|세07|의|世|C
4607|4619|세련되다|형|洗練-|C
4608|4620|손쉽다|형||C
4609|4628|열기07|명|熱氣|C
4610|4630|옷차림|명||C
4611|4632|위로하다|동|慰勞-|C
4612|4633|이같이|부||C
4613|4638|일치01|명|一致|C
4614|4641|재생01|명|再生|C
4615|4652|찢어지다|동||C
4616|4653|철학자|명|哲學者|C
4617|4658|컬러01|명|color|C
4618|4659|통화04|명|通話|C
4619|4661|특이하다|형|特異-|C
4620|4662|필연적|명|必然的|C
4621|4663|하룻밤|명||C
4622|4666|흘러내리다|동||C
4623|4669|강도05|명|强度|C
4624|4676|급히|부|急-|C
4625|4677|기념02|명|記念|C
4626|4679|나아지다|동||C
4627|4680|넘어오다|동||C
4628|4685|되돌리다|동||C
4629|4687|띄우다02|동|배를 ~|C
4630|4690|매너|명|manner|C
4631|4693|민속01|명|民俗|C
4632|4696|버려지다|동||C
4633|4705|설득하다|동|說得-|C
4634|4707|손질|명||C
4635|4712|아르바이트|명|&독Arbeit|C
4636|4717|외로움|명||C
4637|4725|입대01|명|入隊|C
4638|4730|적성05|명|適性|C
4639|4731|전망하다02|동|展望-|C
4640|4736|집단적|명|集團的|C
4641|4738|차이점|명|差異點|C
4642|4741|철도|명|鐵道|C
4643|4742|총각01|명|總角|C
4644|4747|캠페인|명|campaign|C
4645|4750|한눈01|명|~에 반하다|C
4646|4753|홍수02|명|洪水|C
4647|4755|가뭄|명||C
4648|4756|간접|명|間接|C
4649|4757|강력히|부|强力-|C
4650|4758|개선되다01|동|改善-|C
4651|4760|건네다|동||C
4652|4761|게01|명|동물|C
4653|4763|결심01|명|決心|C
4654|4767|곧장|부||C
4655|4769|교직04|명|敎職|C
4656|4770|구속하다01|동|拘束-|C
4657|4772|귀중하다01|형|貴重-|C
4658|4773|긁다|동||C
4659|4779|내쉬다|동||C
4660|4781|늘어지다|동||C
4661|4782|단독02|명|單獨|C
4662|4788|마당|의||C
4663|4789|마음껏|부||C
4664|4790|몰려들다|동||C
4665|4794|바04|명|bar|C
4666|4795|바퀴01|의|네 ~|C
4667|4796|발자국|명||C
4668|4797|뱉다|동||C
4669|4798|벌어지다01|동|틈이 ~|C
4670|4799|보너스|명|bonus|C
4671|4803|생기01|명|生氣|C
4672|4805|서적02|명|書籍|C
4673|4807|소화06|명|消化|C
4674|4808|수험생|명|受驗生|C
4675|4810|신세대|명|新世代|C
4676|4813|안기다01|동|'안다'의 피동사|C
4677|4814|어기다01|동||C
4678|4817|연구원01|명|硏究員|C
4679|4819|연애05|명|戀愛|C
4680|4821|요약하다02|동|要約-|C
4681|4824|위성06|명|衛星|C
4682|4826|의외로|부|意外-|C
4683|4828|자살01|명|自殺|C
4684|4833|제시02|명|提示|C
4685|4834|제외되다|동|除外-|C
4686|4838|찍히다02|동|도장이 ~|C
4687|4841|철06|명|鐵|C
4688|4846|타락02|명|墮落|C
4689|4847|통화03|명|通貨|C
4690|4848|틀림없이|부||C
4691|4856|회관|명|會館|C
4692|4864|공연장|명|公演場|C
4693|4868|국적02|명|國籍|C
4694|4871|근래|명|近來|C
4695|4874|나뉘다|동||C
4696|4875|낱말02|명|단어|C
4697|4876|내외02|명|內外.남녀|C
4698|4878|늑대|명|동물|C
4699|4879|늘어서다|동||C
4700|4880|다정하다|형|多情-|C
4701|4882|달려들다|동||C
4702|4888|망원경|명|望遠鏡|C
4703|4890|모범02|명|模範|C
4704|4891|무리하다|형|無理-|C
4705|4892|묶이다|동||C
4706|4896|방해하다|동|妨害-|C
4707|4898|벌02|의|옷 한 ~|C
4708|4906|상류|명|上流|C
4709|4907|석02|관|~ 달|C
4710|4909|선명하다02|형|鮮明-|C
4711|4910|선호하다01|동|選好-|C
4712|4911|성공적|명|成功的|C
4713|4912|소규모|명|小規模|C
4714|4914|수시로|부|隨時-|C
4715|4915|시야03|명|視野|C
4716|4917|실현되다|동|實現-|C
4717|4919|어느덧|부||C
4718|4922|오르내리다|동||C
4719|4923|왕자01|명|王子|C
4720|4929|유형07|명|類型|C
4721|4930|으레01|부||C
4722|4933|일상적|명|日常的|C
4723|4934|일일이02|부|一一-|C
4724|4936|전공하다01|동|專攻-|C
4725|4938|전후01|명|前後|C
4726|4939|정상02|명|正常|C
4727|4940|정상적|명|正常的|C
4728|4942|질적|명|質的|C
4729|4944|척01|의|못 이기는 ~|C
4730|4947|충격적|명|衝擊的|C
4731|4948|치아02|명|齒牙|C
4732|4950|판01|명|~이 벌어지다|C
4733|4951|편의02|명|便宜|C
4734|4952|폐지02|명|廢止|C
4735|4955|해설03|명|解說|C
4736|4962|흑백|명|黑白|C
4737|4963|희생|명|犧牲|C
4738|4968|경비02|명|經費|C
4739|4969|경제력|명|經濟力|C
4740|4976|금하다02|동|禁-|C
4741|4977|기대되다|동|期待-|C
4742|4980|깊숙이|부||C
4743|4984|넘어뜨리다|동||C
4744|4985|농사짓다|동|農事-|C
4745|4987|단단하다|형||C
4746|4988|담당자|명|擔當者|C
4747|4989|답변|명|答辯|C
4748|4990|대비10|명|對備|C
4749|4991|대체02|부|大體|C
4750|4992|더욱더|부||C
4751|4993|도심04|명|都心|C
4752|4995|둘러싸이다|동||C
4753|4997|마찰|명|摩擦|C
4754|4998|마크|명|mark|C
4755|4999|만족01|명|滿足|C
4756|5000|망치다|동||C
4757|5003|모금01|의|한 ~|C
4758|5005|묘사02|명|描寫|C
4759|5007|문화적|명|文化的|C
4760|5008|묻히다01|동|옷에 흙을 ~|C
4761|5009|미혼01|명|未婚|C
4762|5010|발전되다|동|發展-|C
4763|5011|방송사|명|放送社|C
4764|5012|방지하다01|동|防止-|C
4765|5016|사표07|명|辭表|C
4766|5019|삼가다|동||C
4767|5020|생방송|명|生放送|C
4768|5024|소홀히|부|疏忽-|C
4769|5031|쌍둥이|명|雙-|C
4770|5033|앉히다|동||C
4771|5038|옆구리|명||C
4772|5042|웬만하다|형||C
4773|5046|이어서|부||C
4774|5049|자정01|명|子正|C
4775|5052|종합하다|동|綜合-|C
4776|5057|짜다02|동|빨래를 ~|C
4777|5058|참03|의|집에 가던 ~에|C
4778|5059|채08|의|집 한 ~|C
4779|5061|최후|명|最後|C
4780|5062|취재02|명|取材|C
4781|5063|치다05|동|그물을 ~|C
4782|5064|테러|명|terror|C
4783|5065|토론회|명|討論會|C
4784|5069|호주머니|명|胡-|C
4785|5071|가난01|명||C
4786|5077|관계없이|부|關係-|C
4787|5080|군06|명|郡|C
4788|5085|기다01|동||C
4789|5087|다툼|명||C
4790|5090|대01|의|담배 한 ~|C
4791|5092|대낮|명||C
4792|5096|돌멩이|명||C
4793|5098|되돌아오다|동||C
4794|5099|두께01|명||C
4795|5104|모조리01|부||C
4796|5108|변경04|명|變更|C
4797|5110|부지런히|부||C
4798|5114|사슴01|명||C
4799|5118|상당수|명|相當數|C
4800|5124|손실|명|損失|C
4801|5125|슬쩍|부||C
4802|5126|시나리오|명|scenario|C
4803|5128|실컷|부||C
4804|5131|엔진|명|engine|C
4805|5132|용09|명|龍|C
4806|5133|운행02|명|運行|C
4807|5135|이대로|부||C
4808|5136|인간성|명|人間性|C
4809|5138|인상적|명|印象的|C
4810|5140|전시04|명|展示|C
4811|5142|조그마하다|형||C
4812|5144|주한02|명|駐韓|C
4813|5145|중년01|명|中年|C
4814|5147|지다04|동|그늘이 ~|C
4815|5148|찌꺼기|명||C
4816|5160|포함02|명|包含|C
4817|5163|형식적|명|形式的|C
4818|5164|호남02|명|湖南|C
4819|5168|가입하다|동|加入-|C
4820|5170|감소01|명|減少|C
4821|5181|구분되다|동|區分-|C
4822|5182|구입03|명|購入|C
4823|5184|기여04|명|寄與|C
4824|5185|기호01|명|記號|C
4825|5186|꾸리다01|동||C
4826|5189|낭비|명|浪費|C
4827|5191|내외01|명|內外.안팎|C
4828|5195|대략|부|大略|C
4829|5198|덮이다|동||C
4830|5199|도리어|부||C
4831|5202|라인01|명|line|C
4832|5207|멸치|명||C
4833|5210|바람02|명|소원|C
4834|5213|방울01|명|물~|C
4835|5216|벌03|명|곤충|C
4836|5217|보관01|명|保管|C
4837|5218|보살피다|동||C
4838|5219|보완하다|동|補完-|C
4839|5220|보존하다|동|保存-|C
4840|5223|빨다01|동|젖을 ~|C
4841|5224|빼놓다|동||C
4842|5225|사상01|명|史上|C
4843|5226|사춘기|명|思春期|C
4844|5227|상반기|명|上半期|C
4845|5230|선전03|명|宣傳|C
4846|5231|설립하다|동|設立-|C
4847|5234|수집02|명|蒐集|C
4848|5235|수필04|명|隨筆|C
4849|5237|신기하다04|형|新奇-|C
4850|5238|신비02|명|神秘|C
4851|5239|신설03|명|新設|C
4852|5240|실감|명|實感|C
4853|5241|실망02|명|失望|C
4854|5244|쓰다듬다|동||C
4855|5246|알루미늄|명|aluminium|C
4856|5247|알아주다|동||C
4857|5258|용기03|명|容器|C
4858|5260|유발하다|동|誘發-|C
4859|5261|유지되다|동|維持-|C
4860|5266|잡아당기다|동||C
4861|5273|점검|명|點檢|C
4862|5277|조기05|명|早期|C
4863|5278|존경하다|동|尊敬-|C
4864|5279|종13|명|鐘|C
4865|5281|종소리|명|鐘-|C
4866|5283|중순|명|中旬|C
4867|5284|지각04|명|知覺|C
4868|5285|직선01|명|直線|C
4869|5288|참외01|명|식물|C
4870|5291|체하다01|보||C
4871|5292|체험하다|동|體驗-|C
4872|5294|총03|명|銃|C
4873|5295|칭찬하다|동|稱讚-|C
4874|5296|코치|명|coach|C
4875|5298|통일하다|동|統一-|C
4876|5302|프린터|명|printer|C
4877|5303|피디|명|PD|C
4878|5304|하나하나|부||C
4879|5305|학위|명|學位|C
4880|5308|회의05|명|懷疑|C
4881|5311|가로등|명|街路燈|C
4882|5312|감12|명|感|C
4883|5313|개개인|명|個個人|C
4884|5314|걷다03|동|소매를 ~|C
4885|5316|고집02|명|固執|C
4886|5324|급격히|부|急激-|C
4887|5325|기능01|명|技能|C
4888|5326|기막히다|형|氣-|C
4889|5327|나누어지다|동||C
4890|5330|넘겨주다|동||C
4891|5331|논리적01|명|論理的|C
4892|5334|다가서다|동||C
4893|5337|대기하다04|동|待機-|C
4894|5339|대접05|명|待接|C
4895|5342|두리번거리다|동||C
4896|5343|말다01|동|감다|C
4897|5347|면07|명|綿|C
4898|5349|박10|의|泊|C
4899|5351|밤하늘|명||C
4900|5352|변명01|명|辨明|C
4901|5353|보자기02|명|褓-|C
4902|5356|부상05|명|負傷|C
4903|5359|분리하다03|동|分離-|C
4904|5360|붙들다|동||C
4905|5362|사들이다|동||C
4906|5365|상관없이|부|相關-|C
4907|5368|선원06|명|船員|C
4908|5369|설사02|부|設使|C
4909|5372|실망하다02|동|失望-|C
4910|5375|아쉬움|명||C
4911|5377|약해지다|동|弱-|C
4912|5379|엉망|명||C
4913|5383|연출하다|동|演出-|C
4914|5384|열중하다|동|熱中-|C
4915|5385|영웅|명|英雄|C
4916|5388|유산07|명|遺産|C
4917|5391|의도적|명|意圖的|C
4918|5392|이따금|부||C
4919|5393|임신부|명|妊娠婦|C
4920|5395|장기적|명|長期的|C
4921|5396|재주01|명||C
4922|5399|전설04|명|傳說|C
4923|5401|절08|명|節|C
4924|5403|젖|명||C
4925|5406|조르다02|동|요구하다|C
4926|5411|지겹다|형||C
4927|5414|짐작|명|斟酌|C
4928|5415|쫓겨나다|동||C
4929|5416|찢다|동||C
4930|5422|취업|명|就業|C
4931|5423|칠하다|동|漆-|C
4932|5424|타오르다|동||C
4933|5425|탁01|부||C
4934|5426|판10|명|版|C
4935|5427|평03|명|評|C
4936|5428|평화롭다|형|平和-|C
4937|5429|표시01|명|表示|C
4938|5430|표시02|명|標示|C
4939|5431|하반기|명|下半期|C
4940|5432|한구석|명||C
4941|5433|한하다02|동|限-|C
4942|5435|해답|명|解答|C
4943|5436|해소하다01|동|解消-|C
4944|5437|허락하다|동|許諾-|C
4945|5438|확립하다|동|確立-|C
4946|5439|확신하다|동|確信-|C
4947|5441|흥분|명|興奮|C
4948|5442|흥분하다|동|興奮-|C
4949|5443|힘겹다|형||C
4950|5445|감수성02|명|感受性|C
4951|5447|거들다01|동||C
4952|5460|급속히|부|急速-|C
4953|5461|급증하다|동|急增-|C
4954|5463|깔끔하다|형||C
4955|5464|꼼꼼하다|형||C
4956|5465|낮아지다|동||C
4957|5470|단순02|명|單純|C
4958|5471|대사04|명|大使|C
4959|5475|때02|명|더러운 물질|C
4960|5476|매01|명|~를 맞다|C
4961|5478|먹고살다|동||C
4962|5479|멎다01|동||C
4963|5481|면담|명|面談|C
4964|5485|모집|명|募集|C
4965|5486|모퉁이|명||C
4966|5488|바구니|명||C
4967|5489|바싹01|부||C
4968|5490|발달되다|동|發達-|C
4969|5492|방울02|명|~이 울리다|C
4970|5493|보름01|명||C
4971|5498|부딪히다|동||C
4972|5500|비상01|명|非常|C
4973|5502|뿌리치다|동||C
4974|5503|사업자|명|事業者|C
4975|5505|상대편|명|相對便|C
4976|5506|세트|명|set|C
4977|5507|소망03|명|所望|C
4978|5508|수동적02|명|受動的|C
4979|5511|슬그머니|부||C
4980|5513|시장03|명|市長|C
4981|5514|시청률|명|視聽率|C
4982|5519|여군02|명|女軍|C
4983|5520|연인06|명|戀人|C
4984|5521|연장05|명|延長|C
4985|5524|예선02|명|豫選|C
4986|5528|원12|명|圓. ~을 그리다|C
4987|5530|은행나무|명|銀杏-|C
4988|5535|자부심|명|自負心|C
4989|5537|장차02|부|將次|C
4990|5540|저편|대|-便|C
4991|5547|정신과|명|精神科|C
4992|5549|제도적|명|制度的|C
4993|5551|조절02|명|調節|C
4994|5552|주거02|명|住居|C
4995|5555|중단되다|동|中斷-|C
4996|5556|중요시하다|동|重要視-|C
4997|5557|지점01|명|支店|C
4998|5559|진단하다|동|診斷-|C
4999|5568|타다04|동|월급을 ~|C
5000|5570|편견|명|偏見|C
5001|5575|환율|명|換率|C
5002|5576|활기02|명|活氣|C
5003|5577|강사04|명|講師|C
5004|5578|강수량|명|降水量|C
5005|5582|교대01|명|交代|C
5006|5583|구청02|명|區廳|C
5007|5584|국내외|명|國內外|C
5008|5586|금지되다|동|禁止-|C
5009|5587|기도하다02|동|祈禱-|C
5010|5588|기성08|명|旣成|C
5011|5589|깨뜨리다|동||C
5012|5590|꼼짝|부||C
5013|5595|농사일|명|農事-|C
5014|5596|농장05|명|農場|C
5015|5598|데이트|명|date|C
5016|5602|되돌아가다|동||C
5017|5604|들이켜다01|동||C
5018|5605|따라다니다|동||C
5019|5606|라운드|명|round|C
5020|5608|마음가짐|명||C
5021|5610|머리칼|명||C
5022|5613|모15|관|某|C
5023|5615|바퀴01|명|수레 ~|C
5024|5619|번개01|명||C
5025|5620|변화되다|동|變化-|C
5026|5622|부재03|명|不在|C
5027|5626|사망04|명|死亡|C
5028|5628|생02|명|生|C
5029|5629|서늘하다|형||C
5030|5631|성경03|명|聖經|C
5031|5633|소요되다|동|所要-|C
5032|5634|소화하다01|동|消化-|C
5033|5637|순간적|명|瞬間的|C
5034|5638|시집가다|동|媤-|C
5035|5641|싶어지다|보||C
5036|5642|씌우다01|동|아이에게 모자를 ~|C
5037|5644|야간|명|夜間|C
5038|5646|엇갈리다|동||C
5039|5649|엷다01|형||C
5040|5650|오락01|명|娛樂|C
5041|5654|우아하다|형|優雅-|C
5042|5657|이슬|명||C
5043|5658|인간관계|명|人間關係|C
5044|5660|장기간|명|長期間|C
5045|5662|전선10|명|戰線|C
5046|5666|정지06|명|停止|C
5047|5667|제의하다|동|提議-|C
5048|5668|조명06|명|照明|C
5049|5669|조화되다|동|調和-|C
5050|5673|줄거리01|명||C
5051|5674|중단04|명|中斷|C
5052|5679|차선03|명|車線|C
5053|5680|착각하다|동|錯覺-|C
5054|5684|초상화|명|肖像畵|C
5055|5687|쿠데타|명||C
5056|5691|특수성|명|特殊性|C
5057|5694|항공기|명|航空機|C
5058|5698|활발히|부|活潑-|C
5059|5702|흥미롭다|형|興味-|C
5060|5706|각오01|명|覺悟|C
5061|5708|개방되다|동|開放-|C
5062|5711|겨자01|명||C
5063|5712|경고하다02|동|警告-|C
5064|5713|경제학|명|經濟學|C
5065|5720|관심사|명|關心事|C
5066|5722|구별되다|동|區別-|C
5067|5723|국사03|명|國史|C
5068|5724|굳히다|동||C
5069|5726|그간|명|-間|C
5070|5727|그럴듯하다|형||C
5071|5728|극작가|명|劇作家|C
5072|5730|기23|명|旗|C
5073|5732|기울다|동||C
5074|5733|기적03|명|奇跡|C
5075|5736|끌리다|동||C
5076|5737|내보내다|동||C
5077|5739|담01|명|~을 쌓다|C
5078|5742|동서04|명|東西|C
5079|5743|들여놓다|동||C
5080|5744|따스하다|형||C
5081|5746|말투|명|-套|C
5082|5748|명령어|명|命令語|C
5083|5753|미끄러지다|동||C
5084|5755|변신01|명|變身|C
5085|5757|부친|명|父親|C
5086|5759|붙잡히다|동||C
5087|5760|브랜드|명|brand|C
5088|5763|사소하다01|형|些少-|C
5089|5764|상04|명|床|C
5090|5767|상쾌하다|형|爽快-|C
5091|5771|손길|명||C
5092|5774|순위|명|順位|C
5093|5778|쌍02|명|雙|C
5094|5779|썰렁하다|형||C
5095|5783|암시01|명|暗示|C
5096|5784|앞날|명||C
5097|5787|역사상02|명|歷史上|C
5098|5788|연주06|명|演奏|C
5099|5793|울리다02|동|아기를 ~|C
5100|5796|육상02|명|陸上|C
5101|5797|음주|명|飮酒|C
5102|5798|이별|명|離別|C
5103|5800|인재02|명|人材|C
5104|5801|인종01|명|人種|C
5105|5802|일시적|명|一時的|C
5106|5804|재밌다|형|재미있다|C
5107|5805|전문적|명|專門的|C
5108|5808|젊음|명||C
5109|5809|점잖다|형||C
5110|5812|조개01|명|동물|C
5111|5819|중계방송|명|中繼放送|C
5112|5820|중독01|명|中毒|C
5113|5821|지급01|명|支給|C
5114|5822|진실하다|형|眞實-|C
5115|5823|차창|명|車窓|C
5116|5826|초청하다|동|招請-|C
5117|5827|출발점|명|出發點|C
5118|5828|출판02|명|出版|C
5119|5829|출현하다|동|出現-|C
5120|5830|클럽|명|club|C
5121|5831|키스|명|kiss|C
5122|5833|탈출하다02|동|脫出-|C
5123|5836|판사01|명|判事|C
5124|5839|허락|명|許諾|C
5125|5841|확신01|명|確信|C
5126|5851|건설되다|동|建設-|C
5127|5857|고개02|명|~ 너머|C
5128|5866|그제야|부||C
5129|5870|기성세대|명|旣成世代|C
5130|5871|기술하다01|동|記述-|C
5131|5872|까치01|명||C
5132|5876|남북|명|南北|C
5133|5877|납득하다|동|納得-|C
5134|5881|단06|명|段|C
5135|5886|독창적|명|獨創的|C
5136|5887|되풀이되다|동||C
5137|5889|떠나가다|동||C
5138|5890|떠들썩하다02|형|떠들다|C
5139|5891|뜻대로|부||C
5140|5893|로봇|명|robot|C
5141|5896|만점|명|滿點|C
5142|5897|매달|부|每-|C
5143|5899|모여들다|동||C
5144|5902|묵다01|동|오래된 상태|C
5145|5904|바깥쪽|명||C
5146|5911|보수06|명|保守|C
5147|5912|보안01|명|保安|C
5148|5915|부15|명|部|C
5149|5917|비웃다|동||C
5150|5919|사나이|명||C
5151|5925|상징적|명|象徵的|C
5152|5926|색다르다|형|色-|C
5153|5930|세미나|명|seminar|C
5154|5931|세제04|명|洗劑|C
5155|5932|속삭이다|동||C
5156|5935|시일04|명|時日|C
5157|5936|시합01|명|試合|C
5158|5939|신속하다02|형|迅速-|C
5159|5940|신제품|명|新製品|C
5160|5941|신중하다|형|愼重-|C
5161|5944|썩01|부||C
5162|5946|암컷|명||C
5163|5952|예고하다|동|豫告-|C
5164|5953|위반하다02|동|違反-|C
5165|5954|윗몸|명||C
5166|5956|은은하다02|형|隱隱-|C
5167|5958|이해관계|명|利害關係|C
5168|5959|익히다01|동|고기를 ~|C
5169|5960|일대01|관|一大|C
5170|5961|입력|명|入力|C
5171|5962|자연현상|명|自然現象|C
5172|5968|정신없이|부|精神-|C
5173|5969|정직하다01|형|正直-|C
5174|5971|조정하다06|동|調整-|C
5175|5973|주름01|명||C
5176|5981|최신|명|最新|C
5177|5985|캐릭터|명|character|C
5178|5995|해롭다|형|害-|C
5179|5998|현관문|명|玄關門|C
5180|6000|활발해지다|동|活潑-|C
5181|6001|회복되다|동|回復-|C
5182|6002|희생하다|동|犧牲-|C
5183|6003|가능해지다|동|可能-|C
5184|6017|공연히02|부|空然-|C
5185|6018|과정04|명|課程|C
5186|6023|국제적|명|國際的|C
5187|6025|그루01|의||C
5188|6026|그전|명|-前|C
5189|6029|금고02|명|金庫|C
5190|6031|꾸중|명||C
5191|6032|끌어당기다|동||C
5192|6033|끼01|명|끼니|C
5193|6035|능동적|명|能動的|C
5194|6038|당분간|부|當分間|C
5195|6042|도움말|명||C
5196|6045|되살리다|동||C
5197|6052|몰려오다|동||C
5198|6054|물질적|명|物質的|C
5199|6058|믿어지다|동||C
5200|6059|반죽|명||C
5201|6063|배치03|명|配置|C
5202|6064|백인01|명|白人|C
5203|6068|본03|관|本|C
5204|6069|본사03|명|本社|C
5205|6072|불평등하다|형|不平等-|C
5206|6077|빠뜨리다|동||C
5207|6079|새로이|부||C
5208|6082|서양인|명|西洋人|C
5209|6084|소지품|명|所持品|C
5210|6086|쇠01|명||C
5211|6088|수컷|명||C
5212|6089|승리하다|동|勝利-|C
5213|6096|씨앗|명||C
5214|6099|얻어먹다|동||C
5215|6100|엄숙하다|형|嚴肅-|C
5216|6101|여가03|명|餘暇|C
5217|6104|연상하다02|동|聯想-|C
5218|6110|올려다보다|동||C
5219|6112|외다02|동|주문을 ~|C
5220|6113|외침01|명||C
5221|6118|이해03|명|利害|C
5222|6122|일손|명||C
5223|6126|잠바|명|jumper|C
5224|6127|잠수함02|명|潛水艦|C
5225|6128|장수01|명|사과 ~|C
5226|6130|재다02|동|저울로 ~|C
5227|6137|지도하다|동|指導-|C
5228|6138|지적01|명|知的|C
5229|6139|진로02|명|進路|C
5230|6140|진행자|명|進行者|C
5231|6143|찾아다니다|동||C
5232|6144|책임감|명|責任感|C
5233|6146|체온|명|體溫|C
5234|6152|통과|명|通過|C
5235|6155|포장마차|명|布帳馬車|C
5236|6156|푸다01|동||C
5237|6158|피망|명|&프piment|C
5238|6160|한결|부||C
5239|6163|한여름|명||C
5240|6165|항공|명|航空|C
5241|6168|회전04|명|回轉|C
5242|6170|가려지다|동||C
5243|6180|곧다01|형||C
5244|6181|골치01|명||C
5245|6189|그때그때|부||C
5246|6195|내달|명|來-|C
5247|6201|놔두다|동|놓아두다|C
5248|6202|늦어지다|동||C
5249|6212|독하다|형|毒-|C
5250|6218|뜰01|명||C
5251|6219|뜻밖에|부||C
5252|6221|만02|의|화를 낼 ~도 하다|C
5253|6222|명단01|명|名單|C
5254|6224|무의미하다|형|無意味-|C
5255|6225|문구01|명|文句|C
5256|6228|뭣|대||C
5257|6230|미만01|명|未滿|C
5258|6240|백색01|명|白色|C
5259|6249|비바람|명||C
5260|6251|사기01|명|士氣|C
5261|6252|사망하다01|동|死亡-|C
5262|6253|사무직|명|事務職|C
5263|6260|소질03|명|素質|C
5264|6261|솜|명||C
5265|6267|시디롬|명|CD-ROM|C
5266|6268|식생활|명|食生活|C
5267|6271|실01|명|~을 감다|C
5268|6275|연구실|명|硏究室|C
5269|6281|유머|명|humor|C
5270|6284|의류|명|衣類|C
5271|6294|잊혀지다|동||C
5272|6297|적응02|명|適應|C
5273|6302|정리되다|동|整理-|C
5274|6303|조15|의|組|C
5275|6312|창피하다|형|猖披-|C
5276|6324|토론하다|동|討論-|C
5277|6335|하나하나|명||C
5278|6337|합하다|동|合-|C
5279|6339|핸드백|명|handbag|C
5280|6349|가정교사|명|家庭敎師|C
5281|6362|공통적|명|共通的|C
5282|6363|교육자|명|敎育者|C
5283|6364|교재01|명|敎材|C
5284|6374|길어지다|동||C
5285|6375|깨소금|명||C
5286|6382|놓아두다|동||C
5287|6387|대접하다|동|待接-|C
5288|6399|뛰어내리다|동||C
5289|6405|무궁화|명|無窮花|C
5290|6411|바이러스|명|virus|C
5291|6413|방바닥|명|房-|C
5292|6415|번거롭다|형||C
5293|6426|사냥|명||C
5294|6429|사회생활|명|社會生活|C
5295|6451|심리적|명|心理的|C
5296|6458|연기05|명|延期|C
5297|6463|위로02|명|慰勞|C
5298|6465|이용자|명|利用者|C
5299|6468|입력하다|동|入力-|C
5300|6470|자격증|명|資格證|C
5301|6489|진료|명|診療|C
5302|6495|창가01|명|窓-|C
5303|6498|초조하다|형|焦燥-|C
5304|6500|타다03|동|물에 ~|C
5305|6508|함께하다|동||C
5306|6509|합격하다|동|合格-|C
5307|6516|화장지01|명|化粧紙|C
5308|6524|힘껏|부||C
5309|6541|공통되다|동|共通-|C
5310|6553|김04|의||C
5311|6559|나들이01|명||C
5312|6562|녹이다|동||C
5313|6565|눈가|명||C
5314|6572|도망02|명|逃亡|C
5315|6575|동기04|명|同期|C
5316|6585|미니02|명|mini|C
5317|6590|방면01|명|方面|C
5318|6592|법적01|명|法的|C
5319|6593|벤치|명|bench|C
5320|6597|보수11|명|補修|C
5321|6609|비행02|명|非行|C
5322|6610|빗줄기|명||C
5323|6614|사회학|명|社會學|C
5324|6619|성적01|명|性的|C
5325|6627|순진하다01|형|純眞-|C
5326|6634|심심하다01|형|지루하다|C
5327|6640|어려워지다|동||C
5328|6647|올라서다|동||C
5329|6656|은04|명|銀|C
5330|6664|자리02|명|~를 깔다|C
5331|6671|장애인|명|障碍人|C
5332|6672|재활용품|명|再活用品|C
5333|6673|저러다|동||C
5334|6677|정반대|명|正反對|C
5335|6680|조15|명|組|C
5336|6689|진동03|명|振動|C
5337|6707|추천03|명|推薦|C
5338|6720|학점|명|學點|C
5339|6721|한가하다02|형|閑暇-|C
5340|6730|환영하다|동|歡迎-|C
5341|6735|간접적|명|間接的|C
5342|6746|경영하다01|동|經營-|C
5343|6752|그리움|명||C
5344|6754|그사이|명||C
5345|6757|기념하다|동|記念-|C
5346|6770|대강02|부|大綱|C
5347|6775|독립하다|동|獨立-|C
5348|6779|들이마시다02|동|숨을 ~|C
5349|6780|뛰어오르다|동||C
5350|6790|문밖|명|門-|C
5351|6796|방송하다01|동|放送-|C
5352|6802|보충하다|동|補充-|C
5353|6812|불완전하다|형|不完全-|C
5354|6813|불평01|명|不平|C
5355|6815|붐비다|동||C
5356|6826|서명03|명|署名|C
5357|6830|손등01|명||C
5358|6842|역사학|명|歷史學|C
5359|6844|영03|부|~ 딴판이다|C
5360|6848|요리사|명|料理師|C
5361|6851|원02|감||C
5362|6852|원서05|명|願書|C
5363|6861|이론적|명|理論的|C
5364|6864|이제야|부||C
5365|6871|임신하다|동|妊娠-|C
5366|6876|자취01|명||C
5367|6877|잠그다01|동|서랍을 ~|C
5368|6880|장례02|명|葬禮|C
5369|6894|지금껏|부|只今-|C
5370|6896|지름길|명||C
5371|6897|지진02|명|地震|C
5372|6901|참석자|명|參席者|C
5373|6902|창구01|명|窓口|C
5374|6907|최저01|명|最低|C
5375|6915|코미디|명|comedy|C
5376|6918|튀기다01|동|물방울을 ~|C
5377|6926|필수02|명|必須|C
5378|6939|횟수|명|回數|C
5379|6941|흐리다01|동|물을 ~|C
5380|6942|가능|명|可能|C
5381|6946|값싸다|형||C
5382|6969|긴장감|명|緊張感|C
5383|6970|김01|명|~이 서리다|C
5384|6989|뒤편|명|-便|C
5385|6994|매달다|동||C
5386|6995|매주01|부|每週|C
5387|7002|문제되다|동|問題-|C
5388|7026|불이익|명|不利益|C
5389|7027|불필요하다|형|不必要-|C
5390|7034|산부인과|명|産婦人科|C
5391|7036|새우다01|동|밤을 ~|C
5392|7038|서명하다01|동|署名-|C
5393|7045|수02|명|방법|C
5394|7054|신부04|명|神父|C
5395|7057|쓸데없다|형||C
5396|7060|아스팔트|명|asphalt|C
5397|7061|아하|감||C
5398|7066|알코올|명|alcohol|C
5399|7079|요03|관|~ 근방|C
5400|7082|웃음소리|명||C
5401|7102|인쇄|명|印刷|C
5402|7107|잔디|명||C
5403|7110|전세07|명|傳貰|C
5404|7116|조깅|명|jogging|C
5405|7133|치다01|동|폭풍우가 ~|C
5406|7139|퇴직금|명|退職金|C
5407|7158|가만있다|동||C
5408|7160|간편하다|형|簡便-|C
5409|7161|감동적|명|感動的|C
5410|7185|교복01|명|校服|C
5411|7188|귀가하다01|동|歸家-|C
5412|7201|날아다니다|동||C
5413|7211|더더욱|부||C
5414|7225|마음씨|명||C
5415|7238|몸매|명||C
5416|7240|무관심|명|無關心|C
5417|7246|반짝이다|동||C
5418|7256|부인04|명|婦人|C
5419|7258|분주하다05|형|奔走-|C
5420|7264|비판적|명|批判的|C
5421|7266|뺏다|동||C
5422|7280|소중히|부|所重-|C
5423|7283|수도꼭지|명|水道-|C
5424|7292|싸구려|명||C
5425|7303|어찌나|부||C
5426|7304|엉터리|명||C
5427|7323|위법01|명|違法|C
5428|7325|육체적|명|肉體的|C
5429|7327|음력02|명|陰曆|C
5430|7353|잔디밭|명||C
5431|7355|저기02|감||C
5432|7358|전문직|명|專門職|C
5433|7366|제출02|명|提出|C
5434|7383|쪽03|의|부분|C
5435|7385|찌다05|동|떡을 ~|C
5436|7387|채점|명|採點|C
5437|7397|침착하다02|형|沈着-|C
5438|7398|캄캄하다|형||C
5439|7401|타자기|명|打字機|C
5440|7410|포인트|명|point|C
5441|7411|포크01|명|fork|C
5442|7417|한밤중|명|-中|C
5443|7430|효도01|명|孝道|C
5444|7453|관람객|명|觀覽客|C
5445|7459|귀가03|명|歸家|C
5446|7460|그리워하다|동||C
5447|7497|뒷문|명|-門|C
5448|7500|딸아이|명||C
5449|7505|만족스럽다|형|滿足-|C
5450|7516|미움|명||C
5451|7518|바가지01|명||C
5452|7521|발끝|명||C
5453|7524|병실02|명|病室|C
5454|7527|봉사하다01|동|奉仕-|C
5455|7536|비행장|명|飛行場|C
5456|7564|습기02|명|濕氣|C
5457|7583|예보|명|豫報|C
5458|7588|용감하다|형|勇敢-|C
5459|7594|위험성|명|危險性|C
5460|7599|익다02|형|손에 ~|C
5461|7606|재학02|명|在學|C
5462|7610|전기12|명|傳記|C
5463|7612|전시하다01|동|展示-|C
5464|7616|정기적|명|定期的|C
5465|7619|종교적|명|宗敎的|C
5466|7620|주관적|명|主觀的|C
5467|7629|직장인|명|職場人|C
5468|7630|진심01|명|眞心|C
5469|7643|천국01|명|天國|C
5470|7651|큰절01|명||C
5471|7663|학과01|명|學科|C
5472|7678|후회01|명|後悔|C
5473|7683|강조02|명|强調|C
5474|7687|게시판|명|揭示板|C
5475|7696|공통점|명|共通點|C
5476|7701|과외|명|課外|C
5477|7703|교내01|명|校內|C
5478|7705|구15|명|區|C
5479|7728|내적01|명|內的|C
5480|7753|뜨다03|동|떠나다|C
5481|7756|마라톤|명|marathon|C
5482|7759|매스컴|명|mass communication|C
5483|7767|무08|명|無|C
5484|7769|묵다02|동|머무르다|C
5485|7778|밤새02|명|~ 안녕하셨습니까|C
5486|7784|별일|명|別-|C
5487|7785|보내오다|동||C
5488|7789|부채01|명||C
5489|7791|불법02|명|佛法|C
5490|7800|사업가|명|事業家|C
5491|7811|세상에|감|世上-|C
5492|7816|수고01|명||C
5493|7823|시금치|명||C
5494|7828|신청서|명|申請書|C
5495|7836|아랫사람|명||C
5496|7840|앨범|명|album|C
5497|7841|양05|명|羊|C
5498|7848|여전하다|형|如前-|C
5499|7853|영남|명|嶺南|C
5500|7857|옥상03|명|屋上|C
5501|7868|위06|명|胃|C
5502|7884|일자리|명||C
5503|7890|자매03|명|姉妹|C
5504|7900|전시장|명|展示場|C
5505|7904|절약|명|節約|C
5506|7907|정오01|명|正午|C
5507|7909|제대하다|동|除隊-|C
5508|7918|즉석|명|卽席|C
5509|7920|지방09|명|脂肪|C
5510|7924|차차01|부|次次|C
5511|7930|추측|명|推測|C
5512|7933|충고|명|忠告|C
5513|7943|턱04|의|알 ~이 없다|C
5514|7946|팩시밀리|명|facsimile|C
5515|7956|한낮|명||C
5516|7971|가득히|부||C
5517|7977|간호|명|看護|C
5518|7979|갑05|명|匣|C
5519|7984|건너01|명||C
5520|7985|걷다04|동|빨래를 ~|C
5521|7987|겁나다02|동|怯-|C
5522|8018|금메달|명|金medal|C
5523|8033|눈감다|동||C
5524|8034|눈뜨다|동||C
5525|8043|대입01|명|大入|C
5526|8045|도마01|명||C
5527|8050|동화책|명|童話冊|C
5528|8054|땅바닥|명||C
5529|8064|모집하다|동|募集-|C
5530|8076|밤색|명|-色|C
5531|8079|배우자02|명|配偶者|C
5532|8120|속상하다02|형|-傷-|C
5533|8126|수만|관|數萬|C
5534|8129|수입되다02|동|輸入-|C
5535|8130|수입품02|명|輸入品|C
5536|8140|식기01|명|食器|C
5537|8146|싼값|명||C
5538|8153|안04|명|案|C
5539|8154|안부01|명|安否|C
5540|8157|양주04|명|洋酒|C
5541|8168|영화배우|명|映畵俳優|C
5542|8173|용서01|명|容恕|C
5543|8177|우편04|명|郵便|C
5544|8205|정장04|명|正裝|C
5545|8210|좁히다01|동||C
5546|8212|좋아|감||C
5547|8218|죽03|부|줄을 ~ 긋다|C
5548|8224|지워지다|동||C
5549|8225|지저분하다|형||C
5550|8226|진통01|명|陣痛|C
5551|8229|찬성하다|동|贊成-|C
5552|8231|참석|명|參席|C
5553|8238|최고급|명|最高級|C
5554|8239|최상02|명|最上|C
5555|8240|최악|명|最惡|C
5556|8242|출국|명|出國|C
5557|8246|친해지다|동|親-|C
5558|8248|코끝|명||C
5559|8275|햄04|명|ham|C
5560|8286|가로수|명|街路樹|C
5561|8296|개다01|동|날이 ~|C
5562|8305|고급스럽다|형|高級-|C
5563|8307|고소하다01|형|맛이 ~|C
5564|8313|공주01|명|公主|C
5565|8322|깨어지다|동||C
5566|8342|대여섯|관||C
5567|8349|되돌아보다|동||C
5568|8369|무용가|명|舞踊家|C
5569|8377|반기다|동||C
5570|8400|붓다01|동|얼굴이 ~|C
5571|8401|비19|명|碑|C
5572|8411|사투리|명||C
5573|8416|상금04|명|賞金|C
5574|8438|수저01|명||C
5575|8444|식욕|명|食慾|C
5576|8457|앞바다|명||C
5577|8458|얄밉다|형||C
5578|8459|양상추|명|洋-|C
5579|8471|연기하다01|동|延期-|C
5580|8478|온라인|명|on-line|C
5581|8481|외갓집|명|外家-|C
5582|8489|유능하다|형|有能-|C
5583|8493|유적지|명|遺跡地|C
5584|8500|응답하다|동|應答-|C
5585|8503|이롭다02|형|利-|C
5586|8518|입사04|명|入社|C
5587|8520|자01|명|~로 재다|C
5588|8527|재활용|명|再活用|C
5589|8539|제삿날|명|祭祀-|C
5590|8546|주름살|명||C
5591|8561|참고하다|동|參考-|C
5592|8568|철학적|명|哲學的|C
5593|8572|초대04|명|初代|C
5594|8579|추천하다02|동|推薦-|C
5595|8598|판매되다|동|販賣-|C
5596|8600|편05|의|기차 ~|C
5597|8602|포근하다|형||C
5598|8605|하나님|명||C
5599|8610|학력02|명|學歷|C
5600|8613|한정하다01|동|限定-|C
5601|8619|향상되다|동|向上-|C
5602|8645|가톨릭|명|Catholic|C
5603|8659|건조하다02|형|乾燥-|C
5604|8660|걷기|명||C
5605|8673|공통|명|共通|C
5606|8674|과거02|명|科擧|C
5607|8682|국가적|명|國家的|C
5608|8685|귓속|명||C
5609|8686|그래픽|명|graphic|C
5610|8687|근교|명|近郊|C
5611|8690|기초적|명|基礎的|C
5612|8704|다양성|명|多樣性|C
5613|8710|대상자03|명|對象者|C
5614|8718|동그라미|명||C
5615|8727|떠나오다|동||C
5616|8731|레이저|명|laser|C
5617|8768|보수적|명|保守的|C
5618|8779|불확실하다|형|不確實-|C
5619|8781|비만01|명|肥滿|C
5620|8785|빗방울|명||C
5621|8791|사회자|명|司會者|C
5622|8812|손수01|부||C
5623|8822|시들다|동||C
5624|8823|시디01|명|콤팩트디스크|C
5625|8826|신사16|명|紳士|C
5626|8832|쓸데없이|부||C
5627|8840|야하다01|형|冶-|C
5628|8845|어쩌다가|부||C
5629|8866|온종일|명|-終日|C
5630|8869|왕비|명|王妃|C
5631|8875|운반02|명|運搬|C
5632|8906|장모님|명|丈母-|C
5633|8914|저울01|명||C
5634|8943|지폐|명|紙幣|C
5635|8945|진실로|부|眞實-|C
5636|8952|촛불|명||C
5637|8956|출퇴근|명|出退勤|C
5638|8967|통역|명|通譯|C
5639|8978|표시하다02|동|標示-|C
5640|8982|하04|명|下|C
5641|8985|한데03|부||C
5642|8997|혼잣말|명||C
5643|9002|효도하다|동|孝道-|C
5644|9013|힘없이|부||C
5645|9030|건넌방|명|-房|C
5646|9044|곧이어|부||C
5647|9047|공기07|명|空器|C
5648|9052|굉장하다|형|宏壯-|C
5649|9066|기업인|명|企業人|C
5650|9069|긴장되다|동|緊張-|C
5651|9072|깨끗해지다|동||C
5652|9075|낚싯대|명||C
5653|9080|냇물|명||C
5654|9082|단골01|명||C
5655|9091|대01|명|줄기|C
5656|9095|더러워지다|동||C
5657|9101|데우다01|동||C
5658|9105|동그랗다|형||C
5659|9114|뛰어나오다|동||C
5660|9115|레저|명|leisure|C
5661|9116|로터리|명|rotary|C
5662|9129|무덥다|형||C
5663|9136|뭘01|감||C
5664|9144|반대편|명|反對便|C
5665|9145|발바닥|명||C
5666|9146|발톱|명||C
5667|9148|밝아지다|동||C
5668|9169|분명해지다|동|分明-|C
5669|9179|산길02|명|山-|C
5670|9208|수업03|명|修業|C
5671|9231|심각해지다|동|深刻-|C
5672|9233|싹02|부||C
5673|9238|씻기다01|동|비에 ~|C
5674|9241|안심하다|동|安心-|C
5675|9247|약01|명|~이 오르다|C
5676|9248|약수04|명|藥水|C
5677|9249|약품|명|藥品|C
5678|9251|양보03|명|讓步|C
5679|9252|양옆|명|兩-|C
5680|9257|어쩜|부||C
5681|9263|여왕|명|女王|C
5682|9265|연기되다01|동|延期-|C
5683|9275|올라타다|동||C
5684|9296|이다음|명||C
5685|9317|잡수다|동||C
5686|9319|장사꾼|명||C
5687|9340|주일03|의|週日|C
5688|9354|집중하다02|동|集中-|C
5689|9357|짜증스럽다|형||C
5690|9364|천재03|명|天才|C
5691|9371|초여름|명|初-|C
5692|9372|초저녁|명|初-|C
5693|9377|충돌하다|동|衝突-|C
5694|9380|코트03|명|court|C
5695|9395|피곤|명|疲困|C
5696|9398|학비|명|學費|C
5697|9407|해11|명|害|C
5698|9421|효자01|명|孝子|C
5699|9431|감소되다|동|減少-|C
5700|9433|강변01|명|江邊|C
5701|9462|공연되다|동|公演-|C
5702|9474|괴로워하다|동||C
5703|9475|교시03|의|校時|C
5704|9484|그리로|부||C
5705|9498|까먹다|동||C
5706|9501|깡패|명|-牌|C
5707|9503|꾸다02|동|돈을 ~|C
5708|9505|낚시꾼|명||C
5709|9517|다양해지다|동|多樣-|C
5710|9537|등록하다01|동|登錄-|C
5711|9541|뛰놀다|동||C
5712|9544|라켓|명|racket|C
5713|9546|리터01|의|liter|C
5714|9547|마요네즈|명|&프mayonnaise|C
5715|9549|만세04|명|萬歲|C
5716|9551|만화가|명|漫畵家|C
5717|9552|맘대로|부|마음대로|C
5718|9554|머리말|명||C
5719|9555|면접|명|面接|C
5720|9558|몸속|명||C
5721|9563|무책임하다|형|無責任-|C
5722|9570|반짝거리다|동||C
5723|9572|밤새우다|동||C
5724|9578|번지03|명|番地|C
5725|9611|사립04|명|私立|C
5726|9612|사생활|명|私生活|C
5727|9615|사이사이|명||C
5728|9631|생활수준|명|生活水準|C
5729|9632|서툴다|형||C
5730|9634|석사01|명|碩士|C
5731|9637|성당03|명|聖堂|C
5732|9645|속마음|명||C
5733|9647|손잡다|동||C
5734|9653|숙녀|명|淑女|C
5735|9655|순하다02|형|順-|C
5736|9658|시댁|명|媤宅|C
5737|9666|신체적|명|身體的|C
5738|9675|쓴맛|명||C
5739|9685|야옹01|부||C
5740|9690|얼마간|명|-間|C
5741|9709|올여름|명||C
5742|9713|외제05|명|外製|C
5743|9719|욕하다|동|辱-|C
5744|9730|음반|명|音盤|C
5745|9732|의논|명|議論|C
5746|9734|이래서|불|이리하여서|C
5747|9748|자살하다01|동|自殺-|C
5748|9749|자연적|명|自然的|C
5749|9751|장례식|명|葬禮式|C
5750|9755|재수03|명|財數|C
5751|9762|전구10|명|電球|C
5752|9765|전문점|명|專門店|C
5753|9767|전통문화|명|傳統文化|C
5754|9783|주전자|명|酒煎子|C
5755|9788|지우다05|동|짐을 ~|C
5756|9800|찬성01|명|贊成|C
5757|9813|촌스럽다|형|村-|C
5758|9817|컨디션|명|condition|C
5759|9819|코스모스01|명|cosmos|C
5760|9825|토론자|명|討論者|C
5761|9829|튼튼히|부||C
5762|9838|페인트02|명|paint|C
5763|9842|평상시|명|平常時|C
5764|9853|학교생활|명|學校生活|C
5765|9859|해물|명|海物|C
5766|9871|형05|명|型|C
5767|9876|혼나다|동|魂-|C
5768|9888|가만|부||C
5769|9892|감정적01|명|感情的|C
5770|9894|강북|명|江北|C
5771|9911|고무신|명||C
5772|9923|관람|명|觀覽|C
5773|9930|교외01|명|郊外|C
5774|9931|교육비|명|敎育費|C
5775|9942|금02|명|~을 긋다|C
5776|9945|기억되다|동|記憶-|C
5777|9949|까다01|동|마늘을 ~|C
5778|9951|꽃씨|명||C
5779|9952|꾸준하다|형||C
5780|9957|난방02|명|暖房|C
5781|9963|내용물|명|內容物|C
5782|9966|녹화03|명|錄畵|C
5783|9979|달다04|동|무게를 ~|C
5784|9992|뒷골목|명||C
5785|9994|들어주다|동||C
5786|9996|따로따로01|부||C
5787|9999|뛰어놀다|동||C
5788|10002|라이벌|명|rival|C
5789|10013|매번|부|每番|C
5790|10015|먹다01|동|귀를 ~|C
5791|10024|무관심하다|형|無關心-|C
5792|10027|무사하다04|형|無事-|C
5793|10051|번역하다|동|飜譯-|C
5794|10058|병아리|명||C
5795|10070|부피|명||C
5796|10077|비기다01|동||C
5797|10093|생활용품|명|生活用品|C
5798|10106|섹시하다|형|sexy-|C
5799|10110|소비하다|동|消費-|C
5800|10119|수리하다02|동|修理-|C
5801|10131|식료품|명|食料品|C
5802|10132|식히다|동||C
5803|10138|씻기다02|동|아이를 ~|C
5804|10149|얼리다03|동|물을 ~|C
5805|10168|올가을|명||C
5806|10169|와이셔츠|명|white shirts|C
5807|10184|윗사람|명||C
5808|10193|이민03|명|移民|C
5809|10194|이성10|명|異性|C
5810|10198|인제01|명||C
5811|10204|입사하다04|동|入社-|C
5812|10218|재우다01|동|고기를 양념에 ~|C
5813|10226|전시되다|동|展示-|C
5814|10242|졸리다01|동|자고 싶다|C
5815|10243|졸음01|명||C
5816|10247|주문03|명|呪文|C
5817|10254|지능|명|知能|C
5818|10265|쩔쩔매다|동||C
5819|10273|철02|명|~이 들다|C
5820|10280|추가되다|동|追加-|C
5821|10286|치료법|명|治療法|C
5822|10287|치우다01|보||C
5823|10295|큰아들|명||C
5824|10311|특급02|명|特級|C
5825|10321|풀어지다|동||C
5826|10329|한겨울|명||C
5827|10331|한평생01|명|-平生|C
5828|10333|해수욕장|명|海水浴場|C
5829|10337|허허01|부||C
5830|10343|호실01|명|號室|C
5831|10355|흐려지다|동||C
5832|10356|희망하다|동|希望-|C
5833|10357|힘들어하다|동||C
5834|10371|강의하다02|동|講義-|C
5835|10400|공연하다02|동|公演-|C
5836|10419|귤|명|橘|C
5837|10449|내과01|명|內科|C
5838|10517|무지개|명||C
5839|10519|문법01|명|文法|C
5840|10549|볶음|명||C
5841|10551|볼링|명|bowling|C
5842|10565|비둘기|명||C
5843|10592|생활비|명|生活費|C
5844|10637|시대적|명|時代的|C
5845|10669|앞문|명|-門|C
5846|10731|인도02|명|보도|C
5847|10822|추가하다|동|追加-|C
5848|10840|탁구|명|卓球|C
5849|10903|현대적|명|現代的|C
5850|11040|늦가을|명||C
5851|11104|못생기다|형||C
5852|11308|영화관01|명|映畵館|C
5853|11311|예술적|명|藝術的|C
5854|11360|장모01|명|丈母|C
5855|11478|튀김01|명||C
5856|11578|고궁01|명|古宮|C
5857|11684|단추01|명||C
5858|11691|대중적|명|大衆的|C
5859|11768|미역02|명||C
5860|11775|반말|명|半-|C
5861|11819|분홍색|명|粉紅色|C
5862|12048|작은아버지|명||C
5863|12141|초순01|명|初旬|C
5864|12175|퇴원하다|동|退院-|C
5865|12197|하순01|명|下旬|C
5866|12347|기혼02|명|旣婚|C
5867|12423|도장17|명|圖章|C
5868|12569|삼계탕|명|蔘鷄湯|C
5869|12720|예약하다|동|豫約-|C
5870|12913|천둥|명||C
5871|12961|퇴원01|명|退院|C
5872|13080|게으르다|형||C
5873|13162|기념품|명|記念品|C
5874|13214|단풍01|명|丹楓|C
5875|13326|문학적|명|文學的|C
5876|13330|미끄럽다|형||C
5877|13378|복숭아|명||C
5878|13623|외아들|명||C
5879|13715|장인02|명|丈人|C
5880|14242|동서남북|명|東西南北|C
5881|14690|외할아버지|명|外-|C
5882|14774|입국02|명|入國|C
5883|14922|체육관|명|體育館|C
5884|14932|최소01|명|最小|C
5885|14950|칼국수|명||C
5886|14960|큰아버지|명||C
5887|15251|국민적|명|國民的|C
5888|15255|국제선|명|國際線|C
5889|15425|동양인|명|東洋人|C
5890|15800|안과02|명|眼科|C
5891|15879|예식장|명|禮式場|C
5892|15942|월세|명|月貰|C
5893|16173|진찰02|명|診察|C
5894|16252|큰딸|명||C
5895|16464|결석01|명|缺席|C
5896|16709|독감01|명|毒感|C
5897|16935|보라색|명|-色|C
5898|17294|연두색|명|軟豆色|C
5899|17329|온돌|명|溫突|C
5900|17710|출입국|명|出入國|C
5901|17752|클래식|명|classic|C
5902|17797|팝송|명|pop song|C
5903|17800|팩스|명|fax|C
5904|18114|국내선|명|國內線|C
5905|18402|떡국|명||C
5906|18933|시외버스|명|市外bus|C
5907|19003|야구장|명|野球場|C
5908|19302|작은아들|명||C
5909|19306|잠자리02|명|곤충|C
5910|19808|형수01|명|兄嫂|C
5911|20077|관광버스|명|觀光bus|C
5912|20155|그저께|명||C
5913|20268|냉방|명|冷房|C
5914|20303|눈병|명|-病|C
5915|20677|배추김치|명||C
5916|20933|색연필|명|色鉛筆|C
5917|21016|소아과|명|小兒科|C
5918|21230|양력02|명|陽曆|C
5919|21595|작은어머니|명||C
5920|21959|축구장|명|蹴球場|C
5921|22156|한글날|명||C
5922|22159|한식04|명|韓食|C
5923|22829|넉01|관|~ 달|C
5924|23452|복사기|명|複寫機|C
5925|24058|아드님|명||C
5926|25684|결석하다|동|缺席-|C
5927|26081|기념일|명|記念日|C
5928|26255|내후년|명|來後年|C
5929|26587|따님|명||C
5930|27929|식품점|명|食品店|C
5931|28129|약혼녀|명|約婚女|C
5932|28175|어저께|명||C
5933|28337|예습|명|豫習|C
5934|28338|예습하다|동|豫習-|C
5935|29478|출석하다|동|出席-|C
5936|29578|큰어머니|명||C
5937|32365|멍멍01|부||C
5938|33246|분필03|명|粉筆|C
5939|34677|약혼자01|명|約婚者|C
5940|34701|양식03|명|洋食|C
5941|35141|외과01|명|外科|C
5942|36191|제과점|명|製菓店|C
5943|36464|중식80|명|中食. 중국 음식|C
5944|37160|케첩|명|ketchup|C
5945|37520|편의점|명|便宜店|C
5946|44499|미용실|명|美容室|C
5947|52043|일식04|명|日食. 일본 음식|C
5948|52406|작은딸|명||C
5949|55056|초등학생|명|初等學生|C
5950||고구려|고|高句麗|C
5951||고려|고|高麗|C
5952||금강산|고|金剛山|C
5953||깍두기|명||C
5954||남미|고|南美|C
5955||대학로|고|大學路|C
5956||백두산|고|白頭山|C
5957||백제|고|百濟|C
5958||세종대왕|고|世宗大王|C
5959||신라|고|新羅|C
5960||안동|고|安東|C
5961||전주|고|全州|C
5962||조선05|고|朝鮮|C
5963||지리산|고|智異山|C
5964||평양|고|平壤|C
5965||한반도|고|韓半島|C
