|1|것01|의||A|thing|좋은 *것*|good thing|먹을 *것*|something to eat|내 *것*|my thing
|2|하다01|동||A|to do|공부를 *하다*|to study|운동을 *하다*|to exercise|말을 *하다*|to speak
|3|있다01|보||A|to be (progressive)|앉아 *있다*|to be sitting|살아 *있다*|to be alive|깨어 *있다*|to be awake
|4|있다01|형||A|to have/exist|돈이 *있다*|to have money|집에 *있다*|to be at home|재미가 *있다*|to be interesting
|5|되다01|동|어른이 ~|A|to become|어른이 *되다*|to become an adult|선생님이 *되다*|to become a teacher|다 *됐다*|it is all done
|6|수02|의|방법|A|ability/way|할 *수* 있다|can do|갈 *수* 없다|cannot go|그럴 *수*도 있다|it could be so
|7|하다01|보||A|to do (auxiliary)|깨끗하게 *하다*|to make clean|공부를 *하게* 하다|to make someone study|따뜻하게 *하다*|to make warm
|8|나03|대||A|I (informal)|*나*는 학생이다|I am a student|*나*의 가방|my bag|*나*랑 놀자|play with me
|9|그01|관||A|that|*그* 사람|that person|*그* 책|that book|*그* 일|that matter
|10|없다01|형||A|to not have/exist|시간이 *없다*|to not have time|집에 *없다*|to not be at home|자신이 *없다*|to lack confidence
|11|않다|보||A|to not do|가지 *않다*|to not go|먹지 *않았다*|did not eat|보지 *않다*|to not see
|12|사람|명||A|person|좋은 *사람*|good person|한국 *사람*|Korean person|많은 *사람*|many people
|13|우리03|대||A|we/our|*우리* 나라|our country|*우리* 엄마|my/our mom|*우리* 집|our house
|14|이05|관||A|this|*이* 사과|this apple|*이* 근처|near here|*이* 영화|this movie
|15|그01|대||A|he/that|*그*도 왔다|he came too|*그*를 믿다|to believe him|*그*의 이름|his name
|16|아니다|형||A|to not be|학생이 *아니다*|to not be a student|사실이 *아니다*|to not be true|꿈이 *아니야*|it's not a dream
|17|보다01|동||A|to see|영화를 *보다*|to watch a movie|책을 *보다*|to read a book|친구를 *보다*|to see a friend
|19|때01|명|시간|A|time/when|어릴 *때*|when young|점심 *때*|at lunchtime|그럴 *때*|at times like that
|20|거01|의|것|A|thing (shortened)|내 *거*야|it's mine|맛있는 *거*|something delicious|할 *거*예요|I will do it
|21|보다01|보||A|to try (doing)|먹어 *보다*|to try eating|입어 *보다*|to try on (clothes)|가 *봤다*|have been there
|22|같다|형||A|to be like/same|친구 *같다*|to be like a friend|우리 집 *같다*|to be like my house|생각과 *같다*|to be as thought
|23|주다01|보||A|to do for (someone)|도와 *주다*|to help out|빌려 *주다*|to lend|알려 *주세요*|please let me know
|25|가다01|동||A|to go|학교에 *가다*|to go to school|집에 *갔다*|went home|멀리 *가다*|to go far
|26|년02|의|年|A|year|이 *년* 동안|for two years|일 *년* 뒤|one year later|매 *년*|every year
|27|한01|관||A|one/single|*한* 번|once|*한* 사람|one person|*한* 시간|one hour
|28|말01|명|~과 글|A|speech/language|한국 *말*|Korean language|*말*을 듣다|to listen|*말*이 통하다|to understand each other
|29|일01|명||A|work/matter|*일*을 하다|to do work|무슨 *일*?|what matter?|잘된 *일*|a good thing
|30|이05|대||A|this (thing)|*이*게 뭐야?|what is this?|*이*를 어쩌나|what should I do|*이*쪽으로 오세요|come this way
|31|때문|의||A|because of|비 *때문에*|because of rain|너 *때문이다*|it's because of you|돈 *때문에*|due to money
|32|말하다|동||A|to speak|솔직히 *말하다*|to speak honestly|영어로 *말하다*|to speak in English|크게 *말해*|speak loudly
31|34|그러나|부||A|but/however|*그러나* 사실은|but the truth is|*그러나* 이미 늦었다|but it's already late|어렵다. *그러나* 해보자|it's hard. but let's try
|35|오다01|동||A|to come|집에 *오다*|to come home|학교에 *왔어*|came to school|빨리 *오세요*|please come quickly
|36|알다|동||A|to know|이름을 *알다*|to know the name|잘 *알아요*|I know well|다 *알다*|to know everything
|37|씨07|의|氏|A|Mr./Ms.|철수 *씨*|Mr. Cheolsu|김 선생님 *씨*|Mr. Kim|그 *씨*|that person
|38|그렇다|형||A|to be so|*그럴* 수도 있다|it could be so|정말 *그래요*?|is it really so?|*그렇게* 하자|let's do that
|39|크다01|형||A|to be big|키가 *크다*|to be tall|소리가 *크다*|the sound is loud|집이 *커요*|the house is big
|40|또|부||A|again/also|*또* 만나요|see you again|*또* 시작이다|here we go again|*또* 다른 이유|yet another reason
|41|일07|의|하루|A|day|삼 *일* 동안|for three days|십 *일* 후|ten days later|며칠 *일*?|which day?
|43|많다|형||A|to be many/much|사람이 *많다*|many people|돈이 *많아요*|have much money|경험이 *많은*|with much experience
|44|안02|부|아니|A|not|*안* 먹어요|I don't eat|*안* 가요|I'm not going|*안* 좋아하다|to not like
|45|좋다01|형||A|to be good|날씨가 *좋다*|weather is good|기분이 *좋아*|to feel good|*좋은* 생각|good idea
|46|더01|부||A|more|*더* 주세요|please give me more|조금 *더*|a little more|*더* 높게|higher
|47|받다01|동|선물을 ~|A|to receive|선물을 *받다*|to receive a gift|칭찬을 *받다*|to be praised|전화를 *받다*|to answer the phone
|48|그것|대||A|that thing|*그것*은 비밀이다|that is a secret|*그것*을 보여줘|show me that|*그것* 참 좋네|that's really good
|49|집01|명||A|house/home|우리 *집*|my house|*집*에 가다|to go home|큰 *집*|big house
|50|나오다|동||A|to come out|밖으로 *나오다*|to come outside|결과가 *나왔다*|results came out|TV에 *나오다*|to appear on TV
|52|그리고|부||A|and|*그리고* 또|and also|빵 *그리고* 우유|bread and milk|*그리고* 나서|and then
|53|문제06|명|問題|A|problem/question|시험 *문제*|exam question|*문제*가 생기다|a problem arises|어려운 *문제*|difficult problem
|55|살다01|동||A|to live|서울에 *살다*|to live in Seoul|오래 *살다*|to live long|행복하게 *살다*|to live happily
|56|저03|대|일인칭 대명사|A|I (polite)|*저*는 학생입니다|I am a student|*제* 이름은|my name is|*저*도 가요|I am going too
|57|못하다|보||A|cannot|하지 *못하다*|to be unable to do|가지 *못했다*|couldn't go|말을 *못하다*|to be unable to speak
|58|생각하다|동||A|to think|깊이 *생각하다*|to think deeply|그렇게 *생각해요*|I think so|다시 *생각하다*|to think again
|59|모르다|동||A|to not know|잘 *모르다*|to not know well|아무것도 *모르다*|to know nothing|이유를 *모르겠어요*|I don't know the reason
|60|속01|명||A|inside|마음 *속*|inside one's heart|가방 *속*|inside the bag|물 *속*|underwater
|61|만들다|동||A|to make|음식을 *만들다*|to make food|친구를 *만들다*|to make friends|인형을 *만들었다*|made a doll
|63|두01|관||A|two|*두* 사람|two people|*두* 시간|two hours|*두* 명|two persons (count)
|64|앞|명||A|front|학교 *앞*|in front of school|*앞*으로 가다|to go forward|*앞* 모습|front view
|67|어떤|관||A|what kind of/which|*어떤* 사람?|what kind of person?|*어떤* 음식?|what kind of food?|*어떤* 것?|which one?
|68|잘02|부||A|well|*잘* 했어요|well done|*잘* 먹겠습니다|I will eat well|*잘* 자요|sleep well
|70|먹다02|동|밥을 ~|A|to eat|밥을 *먹다*|to eat rice/meal|많이 *먹어*|eat a lot|약도 *먹었다*|took medicine too
|71|오다01|보||A|to keep (doing)|해 *오다*|to have been doing|비가 *오다*|rain comes (raining)|다 *왔다*|we're almost there
|74|원01|의|화폐 단위|A|Won (currency)|천 *원*|one thousand won|백 *원*|one hundred won|오만 *원*|fifty thousand won
|75|생각01|명||A|thought|좋은 *생각*|good idea|*생각*이 나다|to remember|내 *생각*에는|in my opinion
|76|어떻다|형||A|to be how|기분이 *어때요*?|how do you feel?|맛이 *어떻다*|how the taste is|*어떻게* 가요?|how do I go?
|77|명03|의|名. 한 ~|A|person (counter)|세 *명*|three people|몇 *명*?|how many people?|한 *명*씩|one person at a time
|81|다시01|부||A|again|*다시* 말하다|to say again|*다시* 시도하다|to try again|*다시* 오다|to come back
|82|다른|관||A|other/different|*다른* 사람|other person|*다른* 길|another way|*다른* 것|something else
68|83|이런01|관||A|this kind of|*이런* 일|this kind of matter|*이런* 사람|this kind of person|*이런* 기회|this kind of opportunity
|84|여자02|명|女子|A|woman/female|젊은 *여자*|young woman|*여자* 친구|girlfriend|*여자* 옷|women's clothes
|85|개10|의|개|A|item (counter)|사과 세 *개*|three apples|한 *개* 더|one more item|몇 *개* 있어요?|how many items are there?
|87|뒤01|명||A|behind/back|건물 *뒤*|behind the building|*뒤*를 보다|to look back|삼 년 *뒤*|three years later
|88|듣다01|동|소리를 ~|A|to listen/hear|음악을 *듣다*|to listen to music|말을 *듣다*|to listen to advice|소리를 *들었다*|heard a sound
|89|다03|부||A|all/everything|*다* 했어요|did it all|*다* 먹다|to eat everything|*다* 왔다|arrived completely
|90|좀02|부|조금|A|a little|*좀* 비싸요|it's a little expensive|*좀* 도와주세요|please help a little|*좀* 쉬다|to rest a bit
|91|들다01|동|여관에 ~|A|to enter/join|마음에 *들다*|to like (enter heart)|잠이 *들다*|to fall asleep|보험에 *들다*|to get insurance
|92|싶다|보||A|to want to|가고 *싶다*|to want to go|보고 *싶어*|I miss you|먹고 *싶다*|to want to eat
|94|가지다|동||A|to have/take|가방을 *가지다*|to have a bag|용기를 *가지다*|to have courage|물건을 *가지러*|to go get things
78|95|함께|부||A|together|가족과 *함께*|together with family|*함께* 가다|to go together|우리 *함께*|we together
|96|아이01|명||A|child/kid|어린 *아이*|young child|*아이*를 키우다|to raise a child|착한 *아이*|good child
|98|많이|부||A|a lot/much|*많이* 드세요|please eat a lot|*많이* 아파요?|does it hurt a lot?|사람이 *많이* 오다|many people come
|99|시간04|명|時間|A|time|*시간*이 없다|no time|점심 *시간*|lunch time|약속 *시간*|appointment time
|100|너01|대||A|you (informal)|*너*는 누구니?|who are you?|*너*의 이름|your name|*너*랑 나|you and I
|101|주다01|동||A|to give|물을 *주다*|to give water|돈을 *주다*|to give money|선물을 *주었다*|gave a gift
84|104|나다01|동||A|to occur/arise|생각이 *나다*|to remember|불이 *나다*|a fire breaks out|냄새가 *나다*|to smell
|105|이렇다|형||A|to be like this|*이렇게* 하세요|do it like this|상황이 *이렇다*|the situation is like this|정말 *이래요*|it's really like this
|106|어머니01|명||A|mother|우리 *어머니*|my mother|*어머니*의 손|mother's hand|친절한 *어머니*|kind mother
|107|눈01|명|신체의 일부|A|eye|*눈*이 크다|to have big eyes|*눈*을 감다|to close eyes|*눈*이 높다|to have high standards
|108|뭐|대||A|what|이게 *뭐*야?|what is this?|*뭐* 먹을래?|what do you want to eat?|*뭐*라고 했어?|what did you say?
|112|다음01|명||A|next|*다음* 시간|next time|*다음* 정거장|next stop|그 *다음*에|after that
|114|누구|대||A|who|*누구*세요?|who are you?|*누구*랑 갔어?|who did you go with?|*누구*의 책?|whose book?
|115|전08|명|前|A|before/ago|식사 *전*|before a meal|삼 년 *전*|three years ago|잠자기 *전*|before sleeping
|116|곳01|명||A|place|좋은 *곳*|good place|가고 싶은 *곳*|place I want to go|여러 *곳*|several places
93|117|여러|관||A|several/various|*여러* 나라|several countries|*여러* 번|several times|*여러* 가지|various kinds
|118|안01|명|집 ~|A|inside|집 *안*|inside the house|가방 *안*|inside the bag|건물 *안*|inside the building
|119|하나|수||A|one|사과 *하나*|one apple|*하나*만 주세요|give me only one|*하나*부터 열까지|from A to Z
96|121|버리다01|보||A|to end up (doing)|잊어 *버리다*|to completely forget|먹어 *버렸다*|ended up eating it|잃어 *버리다*|to lose (something)
|122|위01|명|~아래|A|above/top|책상 *위*|on the desk|머리 *위*|above the head|산 *위*|top of the mountain
|123|운동02|명|運動|A|exercise/sports|매일 *운동*|daily exercise|*운동*을 하다|to exercise|*운동* 선수|athlete
|124|퍼센트|의|percent|A|percent|백 *퍼센트*|one hundred percent|오십 *퍼센트*|fifty percent|몇 *퍼센트*?|what percent?
|125|학교|명|學校|A|school|*학교*에 가다|to go to school|우리 *학교*|our school|*학교* 생활|school life
101|127|가장01|부||A|most|*가장* 빠르다|to be the fastest|*가장* 좋아하다|to like the most|*가장* 큰 문제|the biggest problem
|130|들다04|동|꽃을 ~|A|to hold/lift|손을 *들다*|to raise one's hand|가방을 *들다*|to carry a bag|고개를 *들다*|to lift one's head
|131|시작하다01|동|始作-|A|to start|공부를 *시작하다*|to start studying|수업이 *시작했다*|class started|이제 *시작하자*|let's start now
|132|바로02|부||A|immediately/rightly|*바로* 출발하다|to depart immediately|*바로* 그 사람|exactly that person|*바로* 잡다|to correct/fix
|133|어느01|관||A|which/some|*어느* 나라 사람?|person from which country?|*어느* 날|one day|*어느* 쪽이에요?|which way is it?
|134|그래서|부||A|so/therefore|*그래서* 늦었어요|so I was late|*그래서* 어쨌어?|so what happened?|비가 왔다. *그래서* 집에 있었다|It rained. So I stayed home.
|135|무엇|대||A|what|*무엇*을 할까?|what shall we do?|이름이 *무엇*입니까?|what is your name?|*무엇*보다 중요하다|it's more important than anything
|137|모든|관||A|all/every|*모든* 사람|every person|*모든* 준비|all preparations|*모든* 것이 좋다|everything is good
|138|번04|의|番|A|time/turn|한 *번* 더|one more time|여러 *번*|several times|첫 *번째*|the first time
|139|그거|대||A|that thing|*그거* 알아?|do you know that?|*그거* 주세요|please give me that|*그거* 참 예쁘다|that is really pretty
|140|돈01|명||A|money|*돈*을 벌다|to earn money|*돈*이 많다|to have much money|*돈*을 쓰다|to spend money
|142|그런데|부||A|but/by the way|*그런데* 말이야|but you see|*그런데* 누구세요?|but who are you?|맛있다. *그런데* 비싸다|It's delicious. But it's expensive.
|143|날01|명|어느 ~|A|day|좋은 *날*|a good day|쉬는 *날*|a day off|어느 *날* 갑자기|one day suddenly
|144|여기01|대||A|here|*여기* 앉으세요|sit here|*여기* 있어요|it's here|*여기*가 어디예요?|where is this place?
|145|모두01|부||A|all/everyone|*모두* 모이다|everyone gather|*모두* 끝났다|all finished|*모두* 얼마예요?|how much is it in total?
|147|친구02|명|親舊|A|friend|친한 *친구*|close friend|*친구*를 만나다|to meet a friend|남자 *친구*|boyfriend
|148|마음01|명||A|heart/mind|*마음*에 들다|to like something|*마음*이 아프다|to be heartbroken|*마음*을 먹다|to make up one's mind
|149|후08|명|後|A|after|식사 *후*|after a meal|한 시간 *후*|one hour later|퇴근 *후*에|after work
|150|가다01|보||A|to keep doing/progress|변해 *가다*|to keep changing|늙어 *가다*|to be getting older|해가 저물어 *간다*|the sun is setting
|151|놓다01|보||A|to do ahead/for later|열어 *놓다*|to leave open|준비해 *놓다*|to have prepared|써 *놓은* 글|a writing written in advance
|153|아버지|명||A|father|우리 *아버지*|my father|*아버지*를 닮다|to look like father|*아버지*의 함자|father's name
|154|남자02|명|男子|A|man/male|젊은 *남자*|young man|*남자*답다|to be manly|멋진 *남자*|cool guy
|155|어디01|대||A|where|*어디* 가요?|where are you going?|*어디*에 있어요?|where is it?|*어디* 보자|let's see
|156|몸01|명||A|body|*몸*이 약하다|to have a weak body|*몸*을 챙기다|to take care of one's health|*몸* 상태|body condition
|157|얼굴01|명||A|face|*얼굴*이 예쁘다|to have a pretty face|*얼굴*을 씻다|to wash one's face|모르는 *얼굴*|an unfamiliar face
|158|들어가다01|동||A|to enter|방에 *들어가다*|to enter the room|학교에 *들어갔다*|started school|안으로 *들어가세요*|please go inside
|159|왜02|부||A|why|*왜* 울어?|why are you crying?|*왜* 그랬어?|why did you do that?|이유가 *왜*?|what's the reason?
|161|말다03|보||A|to stop/not do|걱정하지 *마세요*|don't worry|가지 *말자*|let's not go|잊지 *말아줘*|please don't forget
|163|다르다01|형||A|to be different|성격이 *다르다*|to have different personalities|예전과 *다르다*|to be different from before|*다른* 점|different point
|165|물01|명|바닷~|A|water|*물*을 마시다|to drink water|*물*에 빠지다|to fall into water|시원한 *물*|cool water
|166|만나다|동||A|to meet|친구를 *만나다*|to meet a friend|우연히 *만났다*|met by chance|사람을 *만나다*|to meet people
132|167|내다02|동|길을 ~|A|to make/produce|소리를 *내다*|to make a sound|시간을 *내다*|to make time|길을 *내다*|to clear a path
|169|쓰다01|동|글씨를 ~|A|to write|이름을 *쓰다*|to write a name|편지를 *썼다*|wrote a letter|글씨를 *쓰다*|to write characters
|170|이것|대||A|this thing|*이것* 좀 봐|look at this|*이것*은 얼마예요?|how much is this?|*이것* 말고|not this one
|172|이번01|명|-番|A|this time|*이번* 주|this week|*이번* 시험|this exam|*이번* 기회|this opportunity
|173|길01|명|도로|A|road/path|*길*을 잃다|to get lost|*길*을 건너다|to cross the road|좁은 *길*|narrow path
|174|생활|명|生活|A|life/living|학교 *생활*|school life|*생활*비|living expenses|*생활*이 어렵다|life is difficult
|175|쓰다03|동|약을 ~|A|to use|컴퓨터를 *쓰다*|to use a computer|돈을 *쓰다*|to spend money|힘을 *쓰다*|to use strength
|176|지금03|명|只今|A|now/the present|*지금*부터|from now on|*지금* 이 순간|this moment now|*지금*까지|until now
140|178|사이01|명||A|between/relationship|친구 *사이*|between friends|건물 *사이*|between buildings|둘 *사이*가 좋다|they have a good relationship
|181|우리나라|명||A|our country (Korea)|*우리나라* 역사|our country's history|*우리나라* 사람|person of our country|*우리나라*를 사랑하다|to love our country
142|182|내다02|보|참아 ~|A|to manage to do|끝내 *내다*|to finish off|이겨 *내다*|to overcome|참아 *냈다*|managed to endure
|183|앉다|동||A|to sit|의자에 *앉다*|to sit on a chair|자리에 *앉으세요*|please take a seat|옆에 *앉다*|to sit next to
|184|처음|명||A|first/beginning|*처음* 뵙겠습니다|pleased to meet you (first time)|*처음* 사랑|first love|*처음*부터 다시|again from the beginning
|185|손01|명|신체의 일부|A|hand|*손*을 씻다|to wash hands|*손*을 잡다|to hold hands|*손*이 크다|to be generous (big hand)
|186|몇|관||A|some/how many|*몇* 시예요?|what time is it?|*몇* 명?|how many people?|*몇* 일 뒤|a few days later
|187|그때|명||A|then/at that time|*그때* 그 사람|that person at that time|*그때*가 좋았다|those were the good days|*그때* 알았다|found out then
|191|찾다|동||A|to find/seek|길을 *찾다*|to find a way|친구를 *찾다*|to look for a friend|돈을 *찾다*|to withdraw money
|193|시10|의|時|A|o'clock/hour|한 *시*|one o'clock|몇 *시*예요?|what time is it?|두 *시* 삼십 분|2:30
|195|지금03|부|只今|A|now|*지금* 가요|I'm going now|*지금* 바로|right now|*지금* 뭐 해?|what are you doing now?
|196|나가다|동||A|to go out|밖으로 *나가다*|to go outside|대회에 *나가다*|to enter a contest|집을 *나갔다*|left home
|197|이야기|명||A|story/talk|재미있는 *이야기*|interesting story|*이야기*를 나누다|to have a talk|어릴 적 *이야기*|childhood story
|199|사다|동||A|to buy|책을 *사다*|to buy a book|물건을 *샀다*|bought an item|비싸게 *사다*|to buy at a high price
|201|아직01|부||A|yet/still|*아직* 안 왔다|hasn't come yet|*아직* 자요?|are you still sleeping?|*아직* 멀었다|still a long way to go
|202|잡다01|동||A|to catch/hold|기회를 *잡다*|to grab an opportunity|손을 *잡다*|to hold hands|도둑을 *잡다*|to catch a thief
|203|같이|부||A|together/like|나랑 *같이* 가|go together with me|*같이* 먹자|let's eat together|가족과 *같이*|like family
|204|선생님|명|先生-|A|teacher|한국어 *선생님*|Korean teacher|*선생님*의 말씀|teacher's words|김 *선생님*|Mr. Kim
|206|서다01|동||A|to stand|길에 *서다*|to stand on the street|줄을 *서다*|to stand in line|자리에 *서다*|to stand in one's place
|207|못04|부||A|cannot|*못* 가요|I can't go|*못* 먹다|to be unable to eat|*못* 하다|to be bad at
160|208|역사04|명|歷史|A|history|한국의 *역사*|history of Korea|오랜 *역사*|long history|*역사*를 배우다|to learn history
|209|읽다|동||A|to read|책을 *읽다*|to read a book|신문을 *읽었다*|read the newspaper|크게 *읽으세요*|read loudly
162|210|이제01|부||A|now|*이제* 그만|stop now|*이제* 다 됐다|it's all done now|*이제* 어디 가?|where are you going now?
|213|물론01|부|勿論|A|of course|*물론*이지|of course it is|*물론* 가능하다|certainly possible|*물론* 알고 있다|know it of course
|214|동안01|명|시간의 길이|A|during/for|방학 *동안*|during vacation|며칠 *동안*|for several days|한 시간 *동안*|for an hour
|215|책01|명|冊|A|book|*책*을 읽다|to read a book|재미있는 *책*|interesting book|*책*을 빌리다|to borrow a book
|216|일어나다|동||A|to wake up/happen|아침에 *일어나다*|to wake up in the morning|사건이 *일어났다*|an incident happened|자리에서 *일어나다*|to stand up from a seat
|218|시장04|명|市場|A|market|*시장*에 가다|to go to the market|전통 *시장*|traditional market|*시장*에서 장보다|to shop at the market
|219|넣다|동||A|to put in|가방에 *넣다*|to put in a bag|설탕을 *넣다*|to add sugar|주머니에 *넣었다*|put in a pocket
|220|중요하다02|형|重要-|A|to be important|*중요한* 약속|important appointment|가장 *중요하다*|to be most important|건강이 *중요해*|health is important
|221|무슨|관||A|what/what kind of|*무슨* 일이야?|what's the matter?|*무슨* 색?|what color?|*무슨* 뜻이에요?|what does it mean?
|223|어렵다|형||A|to be difficult|시험이 *어렵다*|the exam is hard|*어려운* 문제|difficult problem|생활이 *어렵다*|life is tough
|224|힘01|명||A|strength/power|*힘*이 세다|to be strong|*힘*을 내다|to cheer up/gain strength|*힘*이 없다|to have no energy
|225|너무01|부||A|too/so much|*너무* 비싸요|it's too expensive|*너무* 좋다|it's so good|*너무* 많이 먹다|to eat too much
|226|나라01|명||A|country|우리 *나라*|our country|외국 *나라*|foreign country|*나라*를 지키다|to protect the country
|227|부르다01|동|이름을 ~|A|to call/sing|이름을 *부르다*|to call a name|노래를 *부르다*|to sing a song|택시를 *부르자*|let's call a taxi
|229|자리01|명|~가 없다|A|seat/spot|빈 *자리*|empty seat|*자리*에 앉다|to sit in a seat|*자리*가 없다|no seats available
|231|죽다01|동|굶어 ~|A|to die|갑자기 *죽다*|to die suddenly|배고파 *죽겠다*|I'm starving to death|*죽은* 사람|dead person
|233|쪽05|의|방향|A|side/direction|오른 *쪽*|right side|어느 *쪽*?|which side?|반대 *쪽*|opposite side
|237|얘기|명|이야기|A|talk/story|*얘기*를 듣다|to listen to a story|어제 한 *얘기*|the talk we had yesterday|재미있는 *얘기*|funny story
|238|학생|명|學生|A|student|초등 *학생*|elementary student|*학생*증|student ID|공부하는 *학생*|student who studies
|240|엄마|명||A|mom|우리 *엄마*|my mom|*엄마* 보고 싶어|I miss mom|*엄마* 손|mom's hand
|241|이름|명||A|name|내 *이름*|my name|*이름*을 적다|to write down a name|*이름*이 뭐예요?|what is your name?
|242|하나|명||A|one (thing)|그중 *하나*|one of them|*하나*뿐인|the only one|*하나*가 되다|to become one
184|243|내리다01|동|눈이 ~|A|to fall/get off|비가 *내리다*|it's raining|버스에서 *내리다*|to get off the bus|값이 *내렸다*|the price fell
|246|쉽다|형||A|to be easy|문제가 *쉽다*|the question is easy|*쉬운* 길|easy path|*쉽게* 설명하다|to explain easily
|251|필요하다|형|必要-|A|to be necessary|돈이 *필요하다*|to need money|*필요한* 물건|necessary item|도움이 *필요해*|I need help
|253|생기다|동||A|to occur/look like|일이 *생기다*|something happened|잘 *생겼다*|to be handsome|돈이 *생겼어*|got some money
|254|사용하다03|동|使用-|A|to use|방을 *사용하다*|to use a room|*사용하는* 방법|how to use|카드를 *사용하다*|to use a card
|255|남편01|명|男便|A|husband|친구의 *남편*|friend's husband|*남편*과 아내|husband and wife|내 *남편*|my husband
|256|들어오다|동||A|to come in|집에 *들어오다*|to come home|안으로 *들어오세요*|please come inside|돈이 *들어오다*|money comes in
|257|밖|명||A|outside|문 *밖*|outside the door|*밖*으로 나가다|to go outside|*밖*에 비 와요|it's raining outside
|259|작다01|형||A|to be small|소리가 *작다*|sound is small|*작은* 방|small room|키가 *작아요*|to be short (height)
|260|타다02|동|버스에 ~|A|to ride|버스를 *타다*|to ride a bus|자전거를 *타다*|to ride a bicycle|지하철을 *탔다*|took the subway
|261|대학01|명|大學|A|university|*대학*에 가다|to go to university|*대학*생|university student|*대학* 졸업|university graduation
|264|가운데|명||A|middle/center|방 *가운데*|middle of the room|셋 *가운데*|among the three|*가운데* 손가락|middle finger
|265|보내다|동||A|to send/spend|편지를 *보내다*|to send a letter|시간을 *보내다*|to spend time|택배를 *보냈다*|sent a parcel
|274|아주01|부||A|very/completely|*아주* 많다|very many|*아주* 멀다|very far|*아주* 가 버렸다|gone for good
|276|밤01|명|어두운 때|A|night|늦은 *밤*|late night|어제 *밤*|last night|*밤*을 새우다|to stay up all night
|277|높다|형||A|to be high/tall|산이 *높다*|mountain is high|점수가 *높다*|score is high|목소리가 *높아요*|voice is loud/high
|282|컴퓨터|명|computer|A|computer|*컴퓨터*를 켜다|to turn on the computer|*컴퓨터* 게임|computer game|*컴퓨터*로 일하다|to work with a computer
|283|먼저|부||A|firstly/ahead|*먼저* 가세요|please go ahead|*먼저* 시작하다|to start first|무엇보다 *먼저*|before anything else
|284|다니다|동||A|to attend/go around|학교에 *다니다*|to attend school|회사를 *다니고* 있어요|I am working at a company|여기저기 *다니다*|to go here and there
|285|얼마나|부||A|how much/many|*얼마나* 기다렸어요?|how long did you wait?|값이 *얼마나* 해요?|how much is the price?|*얼마나* 예쁜지 몰라요|you don't know how pretty it is
|287|열다02|동|문을 ~|A|to open|문을 *열다*|to open the door|창문을 *열어* 줘|open the window for me|마음을 *열다*|to open one's heart
|288|머리01|명||A|head/hair|*머리*가 아프다|to have a headache|*머리*를 자르다|to get a haircut|*머리*가 좋다|to be smart
206|289|묻다03|동|길을 ~|A|to ask|길을 *묻다*|to ask for directions|선생님께 *물어보자*|let's ask the teacher|이름을 *물었다*|asked the name
|293|거기01|대||A|there|*거기* 누구 없어요?|is anyone there?|*거기* 앉으세요|sit there|*거기*가 어디예요?|where is that place?
|295|아들|명||A|son|하나뿐인 *아들*|only son|*아들*을 낳다|to give birth to a son|착한 *아들*|good son
|297|아02|감||A|oh/ah|*아*, 그렇군요|oh, I see|*아*, 깜빡했다|ah, I forgot|*아*, 다행이다|oh, what a relief
|298|기다리다|동||A|to wait|친구를 *기다리다*|to wait for a friend|조금만 *기다려*|wait just a bit|오래 *기다렸어요*|I waited a long time
|302|분08|의|10시 20~|A|minute|십 *분* 뒤|ten minutes later|오 *분*만 더|just five more minutes|이십 *분* 걸려요|it takes 20 minutes
|307|곧01|부||A|soon/shortly|*곧* 도착해요|arriving soon|*곧* 시작합니다|starting shortly|*곧* 돌아올게|I'll be back soon
|310|오늘|명||A|today|*오늘* 날씨|today's weather|*오늘*은 여기까지|that's it for today|*오늘*이 생일이에요|today is the birthday
214|311|서로01|부||A|each other|*서로* 돕다|to help each other|*서로* 사랑하다|to love each other|*서로* 다른 생각|different thoughts from each other
|314|이거01|대||A|this (thing)|*이거* 얼마예요?|how much is this?|*이거* 먹어 봐|try eating this|*이거* 진짜 좋아|this is really good
|318|방07|명|房|A|room|내 *방*|my room|*방*을 치우다|to clean the room|빈 *방*|empty room
|323|아침|명||A|morning/breakfast|*아침* 일찍|early morning|*아침*을 먹다|to eat breakfast|내일 *아침*|tomorrow morning
|324|웃다|동||A|to laugh/smile|환하게 *웃다*|to smile brightly|보고 *웃었다*|saw and laughed|소리 내어 *웃다*|to laugh out loud
219|327|떠나다|동||A|to leave|여행을 *떠나다*|to go on a trip (leave for travel)|고향을 *떠나다*|to leave one's hometown|멀리 *떠났다*|left for a far place
|330|그래01|감||A|yes/okay (informal)|*그래*, 알았어|okay, I got it|*그래*서?|and so?|*그래*도 좋아|it's still good
|332|아름답다|형||A|to be beautiful|*아름다운* 풍경|beautiful scenery|목소리가 *아름답다*|voice is beautiful|마음이 *아름다워요*|the heart is beautiful
|333|끝01|명||A|end/finish|*끝*까지 하다|to do until the end|이제 *끝*이다|it's the end now|*끝*이 보이다|the end is in sight
|338|입|명||A|mouth|*입*을 벌리다|to open one's mouth|*입*이 무겁다|to be good at keeping secrets|*입*을 다물다|to shut one's mouth
|339|뭐|감||A|what (exclamation)|*뭐*? 정말이야?|what? is it real?|*뭐*라고?|pardon? (what did you say?)|*뭐* 할 수 없지|well, nothing can be done
|341|영화01|명|映畵|A|movie/film|*영화*를 보다|to watch a movie|공포 *영화*|horror movie|재미있는 *영화*|interesting movie
|342|필요|명|비요|A|need/necessity|*필요*가 없다|there is no need|도움이 *필요*하다|to need help|*필요*한 물건|necessary items
|344|하늘01|명||A|sky|파란 *하늘*|blue sky|*하늘*을 날다|to fly in the sky|*하늘*나라|heaven
|349|정말01|부|正-|A|really/truly|*정말* 맛있어|it's really delicious|*정말* 고마워요|thank you truly|*정말*입니까?|is it for real?
|353|밥01|명|~을 먹다|A|rice/meal|*밥* 먹었어?|did you eat?|*밥*을 짓다|to cook rice|따뜻한 *밥*|warm meal
|354|입다01|동|옷을 ~|A|to wear/put on|코트를 *입다*|to wear a coat|따뜻하게 *입어*|dress warmly|새 옷을 *입었다*|put on new clothes
|357|네03|감||A|yes (polite)|*네*, 맞아요|yes, that's right|*네*, 알겠습니다|yes, I understand|*네*? 뭐라고요?|yes? what did you say?
|362|그림01|명||A|picture/painting|*그림*을 그리다|to draw a picture|예쁜 *그림*|pretty painting|*그림* 같은 집|house like a picture
|365|마시다|동||A|to drink|물을 *마시다*|to drink water|차 한 잔 *마셔요*|let's drink a cup of tea|술을 *마시다*|to drink alcohol
|366|치다02|동|얼굴을 ~|A|to hit/play|피아노를 *치다*|to play the piano|박수를 *치다*|to clap|공을 *치다*|to hit a ball
|367|혼자01|명||A|alone|*혼자* 살다|to live alone|*혼자*서 가다|to go by oneself|나 *혼자*|me alone
|368|나가다|보||A|to continue/go out|버텨 *나가다*|to hold out|살아 *나가다*|to go on living|이겨 *나갑시다*|let's overcome (and move forward)
237|370|이제01|명||A|now/the present|*이제*부터 시작|starting from now|*이제*야 알았다|just found out now|*이제* 그만해|stop it now
238|371|교수06|명|敎授|A|professor|대학 *교수*|university professor|*교수*님 말씀|professor's words|*교수*직|professorship
|372|술01|명|~을 먹다|A|alcohol/liquor|*술*을 마시다|to drink alcohol|*술*에 취하다|to get drunk|*술*자리|drinking gathering
|373|사랑01|명||A|love|*사랑*에 빠지다|to fall in love|영원한 *사랑*|eternal love|*사랑*을 고백하다|to confess one's love
|375|전화07|명|電話|A|telephone/call|*전화*를 걸다|to make a call|*전화*를 받다|to answer the phone|휴대 *전화*|mobile phone
|376|끝나다|동||A|to end/finish|수업이 *끝나다*|class ends|드디어 *끝났다*|finally finished|*끝나고* 보자|see you after it ends
243|377|돌아오다|동||A|to return/come back|집에 *돌아오다*|to come home|제자리로 *돌아오다*|to return to one's place|곧 *돌아올게*|I'll come back soon
|379|아빠|명||A|dad|우리 *아빠*|my dad|*아빠* 보고 싶어|I miss dad|*아빠* 힘내세요|cheer up dad
|382|한번|명|-番|A|once/one time|*한번* 해 보자|let's try it once|딱 *한번*만|just once|*한번*은 이런 일이|once this happened
|383|커피|명|coffee|A|coffee|*커피*를 마시다|to drink coffee|따뜻한 *커피*|warm coffee|아이스 *커피*|iced coffee
|384|가슴01|명||A|chest/heart|*가슴*이 아프다|to have a chest pain (or be heartbroken)|*가슴*이 뛰다|heart beats|*가슴* 속에|in one's heart
|386|길다02|형|밤이 ~|A|to be long|머리가 *길다*|hair is long|다리가 *길어요*|legs are long|줄이 *길다*|the line is long
|389|회사04|명|會社|A|company/office|*회사*에 가다|to go to work|*회사* 생활|company life|큰 *회사*|big company
|390|맛01|명||A|taste/flavor|*맛*이 있다|to be tasty|*맛*을 보다|to taste|무슨 *맛*?|what flavor?
251|393|매우01|부||A|very/greatly|*매우* 중요하다|very important|*매우* 덥다|very hot|*매우* 기쁘다|very happy
|394|오르다|동||A|to go up/climb|산에 *오르다*|to climb a mountain|물가가 *오르다*|prices go up|무대에 *오르다*|to go on stage
|395|음식|명|飮食|A|food|맛있는 *음식*|delicious food|*음식*을 만들다|to make food|한국 *음식*|Korean food
|397|꼭03|부|반드시|A|surely/exactly|*꼭* 오세요|please be sure to come|*꼭* 닮았다|to look exactly like|*꼭* 필요한 것|absolutely necessary thing
|399|요즘|명||A|these days/lately|*요즘* 바빠요|busy lately|*요즘* 애들|kids these days|*요즘* 날씨|weather lately
|400|계획01|명|計劃|A|plan|*계획*을 세우다|to make a plan|여행 *계획*|travel plan|*계획*대로|according to plan
|402|얼마|명||A|how much/some amount|이거 *얼마*예요?|how much is this?|*얼마* 안 남았다|not much left|*얼마*의 돈|some amount of money
|405|계속04|부|繼續|A|continuously/keep|*계속* 하세요|please keep going|*계속* 비가 오다|it keeps raining|*계속* 공부하다|to continue studying
|408|아내01|명||A|wife|친구의 *아내*|friend's wife|사랑하는 *아내*|beloved wife|*아내*와 자식|wife and children
|409|가족01|명|家族|A|family|*가족* 사진|family photo|*가족*과 함께|with family|우리 *가족*|my family
|413|세01|관|~ 권|A|three (determiner)|*세* 명|three people|*세* 시 삼십 분|3:30|*세* 권의 책|three books
|415|놓다01|동||A|to put/release|여기에 *놓다*|to put here|손을 *놓다*|to let go of hands|가방을 *놓았다*|placed the bag
|417|차06|명|車|A|car/tea|*차*를 마시다|to drink tea|*차*를 타다|to ride a car|*차*가 막히다|traffic is heavy
|418|놀다01|동||A|to play/hang out|친구랑 *놀다*|to hang out with a friend|밖에서 *놀아*|play outside|신나게 *놀았다*|had a fun time playing
|423|도시03|명|都市|A|city|큰 *도시*|big city|*도시* 생활|city life|*도시*를 떠나다|to leave the city
|429|나이01|명||A|age|*나이*를 먹다|to get older|*나이*가 많다|to be old|*나이*가 어떻게 되세요?|how old are you? (polite)
|432|바꾸다|동||A|to change/exchange|기분을 *바꾸다*|to change one's mood|전화 *바꿔* 주세요|please put (the other person) on the phone|옷을 *바꿨다*|exchanged clothes
|438|좋아하다|동||A|to like|너를 *좋아해*|I like you|한국 음식을 *좋아하다*|to like Korean food|가장 *좋아하는*|favorite
269|439|그리다02|동|그림을 ~|A|to draw/paint|그림을 *그리다*|to draw a picture|얼굴을 *그렸다*|drew a face|지도에 *그리다*|to draw on a map
|441|배우다01|동||A|to learn|한국어를 *배우다*|to learn Korean|열심히 *배워요*|I'm learning hard|운전을 *배웠다*|learned to drive
|444|옆|명||A|side/next to|친구 *옆*|beside a friend|*옆* 동네|next neighborhood|*옆*에 앉아|sit next to me
|446|어02|감||A|uh/huh|*어*, 그래|uh, okay|*어*? 진짜?|huh? really?|*어*, 알았어|uh, I got it
|453|아래01|명||A|below/bottom|나무 *아래*|under the tree|*아래* 층|floor below|위 *아래*|up and down
|457|그럼01|부|'그러면'의 준말|A|then/so|*그럼* 내일 봐|then see you tomorrow|*그럼* 어떡해?|then what should I do?|*그럼* 시작하자|so let's start
|460|저04|관|멀리 있는 대상|A|that (over there)|*저* 산|that mountain (over there)|*저* 사람|that person (over there)|*저* 건물|that building (over there)
|462|배02|명|~를 띄우다|A|boat/ship|*배*를 타다|to ride a boat|큰 *배*|big ship|*배*가 뜨다|the boat floats
|465|산01|명|山|A|mountain|높은 *산*|high mountain|*산*에 오르다|to climb a mountain|*산*책|mountain walk
|466|새06|관||A|new|*새* 옷|new clothes|*새* 신발|new shoes|*새*로운 시작|new start
|467|하지만|부||A|but/however|*하지만* 괜찮아|but it's okay|*하지만* 너무 비싸|but it's too expensive|어렵다. *하지만* 해보자|It's hard. But let's try.
|469|문05|명|門|A|door/gate|*문*을 열다|to open the door|*문*을 닫다|to close the door|교문 *문*|school gate
|470|꽃01|명||A|flower|예쁜 *꽃*|pretty flower|*꽃*이 피다|flowers bloom|*꽃* 선물|flower gift
|473|그동안|명||A|meantime/during that time|*그동안* 잘 지냈어?|have you been well lately?|*그동안* 고마웠어|thanks for everything until now|*그동안*의 노력|effort during that time
|475|갑자기|부||A|suddenly|*갑자기* 비가 오다|suddenly it rains|*갑자기* 나타나다|to appear suddenly|*갑자기* 왜 그래?|why are you like this all of a sudden?
|478|바람01|명|~이 불다|A|wind|*바람*이 불다|the wind blows|시원한 *바람*|cool breeze|*바람*을 쐬다|to get some fresh air
|479|잘하다|동||A|to be good at/do well|축구를 *잘하다*|to be good at soccer|공부 *잘해*?|do you study well?|노래를 *잘했다*|sang well
|487|노래01|명||A|song|*노래*를 부르다|to sing a song|슬픈 *노래*|sad song|좋아하는 *노래*|favorite song
|488|바다|명||A|sea/ocean|깊은 *바다*|deep sea|*바다*에 가다|to go to the sea|*바다* 냄새|smell of the ocean
|489|힘들다|형||A|to be hard/tiring|일이 *힘들다*|the work is hard|정말 *힘들어요*|it's really tiring|*힘든* 시간|difficult time
|490|공부01|명|工夫|A|study|시험 *공부*|exam study|*공부*를 하다|to study|*공부* 벌레|study bug (nerd)
|495|못하다|동||A|to be poor at/cannot|노래를 *못하다*|to be bad at singing|어찌할 줄 *못하다*|to not know what to do|음식을 *못해요*|I'm not good at cooking
|497|언니|명||A|older sister (female speaker)|우리 *언니*|my older sister|친*언니*|biological older sister|*언니*라고 불러|call me 'Unnie'
|499|분01|의|한 ~|A|person (honorific counter)|세 *분*|three people (honorific)|어느 *분*?|which person? (honorific)|손님 한 *분*|one guest
|506|불01|명||A|fire/light|*불*이 나다|a fire breaks out|*불*을 켜다|to turn on the light|*불*을 끄다|to turn off the light
294|512|학년|명|學年|A|school grade/year|일 *학년*|first grade|저*학년*|lower grades|*학년*이 올라가다|to move up a grade
295|513|신문10|명|新聞|A|newspaper|*신문*을 읽다|to read the newspaper|오늘 *신문*|today's paper|*신문* 기자|newspaper reporter
296|514|가지다|보||A|to keep (progressive)|살아 *가지고*|to be living|돈을 *가져* 가다|to take money|그걸 *가지고*|with that
|515|이해하다02|동|理解-|A|to understand|말을 *이해하다*|to understand words|상황을 *이해해요*|I understand the situation|충분히 *이해했다*|understood fully
|518|선생01|명|先生|A|teacher/mister|김 *선생*|Mr. Kim|*선생* 노릇|acting as a teacher|그 *선생*|that teacher
|519|돌아가다|동||A|to go back/return|집으로 *돌아가다*|to go back home|다시 *돌아가*|go back again|고향에 *돌아갔다*|returned to hometown
|525|기분01|명|氣分|A|mood/feeling|*기분*이 좋다|to be in a good mood|*기분*이 나빠요|to feel bad|*기분* 전환|change of mood
|530|옷01|명||A|clothes|*옷*을 입다|to put on clothes|*옷*을 벗다|to take off clothes|예쁜 *옷*|pretty clothes
|534|전08|관|前|A|former/ex-|*전* 대통령|former president|*전* 남편|ex-husband|*전* 여자 친구|ex-girlfriend
|535|꿈01|명||A|dream|*꿈*을 꾸다|to dream|*꿈*을 이루다|to achieve a dream|나쁜 *꿈*|bad dream
|536|할머니|명||A|grandmother|친*할머니*|paternal grandmother|우리 *할머니*|my grandmother|*할머니* 댁|grandmother's house
|537|회의04|명|會議|A|meeting|*회의*를 하다|to have a meeting|*회의* 중|in a meeting|긴급 *회의*|emergency meeting
|539|이야기하다|동||A|to talk/chat|친구와 *이야기하다*|to talk with a friend|나중에 *이야기하자*|let's talk later|진지하게 *이야기하다*|to talk seriously
|540|나무01|명||A|tree/wood|*나무*를 심다|to plant a tree|큰 *나무*|big tree|*나무* 의자|wooden chair
|541|자다01|동||A|to sleep|낮잠을 *자다*|to take a nap|푹 *자요*|sleep well|늦게까지 *자다*|to sleep in late
|544|오늘|부||A|today|*오늘* 만나자|let's meet today|*오늘* 바로|today right away|*오늘*따라|especially today
|546|걷다02|동|느릿느릿 ~|A|to walk|천천히 *걷다*|to walk slowly|공원을 *걷다*|to walk in the park|함께 *걸어요*|let's walk together
|551|이때|명||A|at this time|*이때* 나타났다|appeared at this time|바로 *이때*|right at this moment|*이때*를 기다렸다|waited for this time
|551|시간04|의|時間|A|hour (duration)|한 *시간*|one hour|기다린 *시간*|the time spent waiting|몇 *시간* 동안?|for how many hours?
|560|물건|명|物件|A|object/thing|*물건*을 사다|to buy an item|무거운 *물건*|heavy object|내 *물건*|my stuff
314|564|발01|명|신체의 일부|A|foot|*발*이 크다|to have big feet|*발*을 씻다|to wash one's feet|*발*을 다치다|to hurt one's foot
|572|빨리|부||A|quickly/fast|*빨리* 오세요|please come quickly|*빨리* 먹다|to eat fast|최대한 *빨리*|as fast as possible
|573|시작되다01|동|始作-|A|to begin|수업이 *시작되다*|class begins|공사가 *시작되었다*|construction began|곧 *시작될* 영화|movie that will start soon
|575|둘01|수||A|two|*둘* 중에 하나|one of the two|우리 *둘*|the two of us|사과 *둘*|two apples
318|576|말다03|동|그만두다|A|to stop/quit|하기로 하다가 *말다*|to start then stop|그만 *두고* 말았다|ended up quitting|하다 *말* 거면 하지 마|if you're going to quit halfway, don't do it
|577|설명하다|동|說明-|A|to explain|자세히 *설명하다*|to explain in detail|이유를 *설명해*|explain the reason|방법을 *설명하다*|to explain the method
|581|살04|의|한 ~|A|years old|스무 *살*|twenty years old|여섯 *살* 아이|six-year-old child|몇 *살*이에요?|how old are you?
|586|음악01|명|音樂|A|music|*음악*을 듣다|to listen to music|클래식 *음악*|classical music|*음악* 감상|appreciating music
|589|아프다|형||A|to be painful/sick|머리가 *아프다*|to have a headache|몸이 *아파요*|to be sick|마음이 *아픈*|heartbreaking
323|590|적다02|형|경험이 ~|A|to be few/little|사람이 *적다*|to be few people|돈이 *적다*|to be little money|양이 *적어요*|the amount is small
|592|비01|명|~가 내리다|A|rain|*비*가 오다|it's raining|*비*를 맞다|to get rained on|*비*가 그치다|the rain stops
|593|고향02|명|故鄕|A|hometown|*고향*에 내려가다|to go down to one's hometown|*고향* 친구|hometown friend|그리운 *고향*|missed hometown
|594|놀라다|동||A|to be surprised|깜짝 *놀라다*|to be startled|보고 *놀랐다*|was surprised to see|소리에 *놀라다*|to be surprised by a sound
|596|울다01|동|울음을 ~|A|to cry|아이처럼 *울다*|to cry like a child|소리 내어 *울다*|to cry out loud|슬퍼서 *울었다*|cried because I was sad
|599|은행02|명|銀行|A|bank|*은행*에 가다|to go to the bank|*은행* 계좌|bank account|*은행*에서 돈을 찾다|to withdraw money from the bank
|600|지내다01|동||A|to spend time/live|잘 *지내요*|I'm doing well|함께 *지내다*|to stay together|어떻게 *지냈어*?|how have you been?
|601|결혼|명|結婚|A|marriage|*결혼*을 하다|to get married|*결혼* 기념일|wedding anniversary|*결혼*식|wedding ceremony
|602|동생01|명||A|younger sibling|남*동생*|younger brother|여*동생*|younger sister|친*동생*|one's biological younger sibling
|605|예06|감||A|yes (polite)|*예*, 알겠습니다|yes, I understand|*예*, 맞아요|yes, that's right|*예*, 선생님|yes, teacher
|606|오후02|명|午後|A|afternoon|*오후* 두 시|2:00 PM|오늘 *오후*|this afternoon|*오후* 내내|all afternoon
|613|빠르다|형||A|to be fast/early|걸음이 *빠르다*|to be fast-paced|말이 *빨라요*|to speak fast|시간이 정말 *빨라*|time is really fast
|615|아기01|명||A|baby|귀여운 *아기*|cute baby|*아기*가 잠들다|the baby falls asleep|*아기* 옷|baby clothes
|616|아저씨|명||A|middle-aged man/mister|옆집 *아저씨*|the man next door|모르는 *아저씨*|an unfamiliar man|식당 *아저씨*|the man at the restaurant
|617|옛날|명||A|old days/past|*옛날* 이야기|old story/folktale|*옛날* 사람|people from the past|*옛날* 아주 먼 옛날|once upon a time
|620|달05|의||A|month (counter)|한 *달* 동안|for one month|몇 *달* 뒤|a few months later|세 *달*째|the third month
339|622|참01|부|참으로|A|really/truly|*참* 예쁘다|really pretty|*참* 좋은 사람|truly good person|*참* 잘했어요|very well done
|624|이곳|대||A|this place|*이곳*은 처음이다|it's my first time here|*이곳*에 살다|to live here|*이곳*을 떠나다|to leave this place
|625|딸01|명||A|daughter|큰 *딸*|eldest daughter|*딸*을 낳다|to give birth to a daughter|하나뿐인 *딸*|only daughter
|626|마지막|명||A|last/final|*마지막* 기회|last chance|*마지막*으로 한 번 더|one last time|*마지막* 인사|final farewell
|628|병원02|명|病院|A|hospital|*병원*에 가다|to go to the hospital|*병원* 예약|hospital appointment|*병원*에 입원하다|to be hospitalized
|632|경찰04|명|警察|A|police|*경찰*에 신고하다|to report to the police|*경찰* 아저씨|police officer|*경찰*관|police officer
|634|저녁|명||A|evening/dinner|*저녁*을 먹다|to eat dinner|늦은 *저녁*|late evening|오늘 *저녁*에 봐|see you tonight
|636|그러면|부||A|then/if so|*그러면* 안 돼|you shouldn't do that|*그러면* 다행이다|that's a relief then|*그러면* 내일 봐|then see you tomorrow
|638|넓다|형||A|to be wide/spacious|방이 *넓다*|the room is spacious|어깨가 *넓은*|broad-shouldered|마음이 *넓다*|to be generous (wide heart)
|639|시험03|명|試驗|A|exam/test|*시험*을 보다|to take an exam|*시험* 기간|exam period|*시험*에 합격하다|to pass an exam
|640|잠01|명||A|sleep|*잠*이 오다|to feel sleepy|*잠*을 자다|to sleep|*잠*이 부족하다|to lack sleep
|647|건강03|명|健康|A|health|*건강*을 챙기다|to take care of health|*건강*이 최고다|health is the most important|*건강*한 음식|healthy food
|648|가깝다|형||A|to be close/near|거리가 *가깝다*|the distance is close|*가까운* 사이|close relationship|집에서 *가까워요*|it's near home
|649|건물03|명|建物|A|building|높은 *건물*|tall building|*건물* 안으로|into the building|학교 *건물*|school building
|651|외국02|명|外國|A|foreign country|*외국*에 나가다|to go abroad|*외국* 친구|foreign friend|*외국*어 공부|studying a foreign language
|652|밑01|명||A|bottom/below|책상 *밑*|under the desk|나무 *밑*에서|under the tree|맨 *밑*에|at the very bottom
355|653|어른01|명||A|adult|*어른*이 되다|to become an adult|*어른* 말씀을 듣다|to listen to adults|공경해야 할 *어른*|elders to respect
|657|팔다|동||A|to sell|물건을 *팔다*|to sell goods|비싸게 *팔았다*|sold it at a high price|과일을 *파는* 곳|place that sells fruit
|660|열심히|부|熱心-|A|hard/diligently|*열심히* 공부하다|to study hard|*열심히* 일하다|to work diligently|*열심히* 살다|to live life to the fullest
|661|일하다|동||A|to work|회사에서 *일하다*|to work at a company|열심히 *일해요*|I work hard|밤늦게까지 *일하다*|to work until late at night
|663|조금01|명||A|a little bit|*조금*만 더|just a little more|*조금*의 여유|a bit of leisure|*조금* 남았다|a little bit is left
|664|팀01|명|team|A|team|우리 *팀*|our team|*팀*을 나누다|to divide into teams|*팀* 프로젝트|team project
|665|부모01|명|父母|A|parents|*부모*님 말씀|parents' words|*부모*님께 효도하다|to be filial to parents|사랑하는 *부모*님|dear parents
|669|올라가다|동||A|to go up|계단을 *올라가다*|to go up the stairs|성적이 *올라갔다*|grades went up|옥상으로 *올라가세요*|please go up to the rooftop
|672|그날|명||A|that day|*그날* 이후|after that day|*그날*의 기억|memory of 그날|바로 *그날*|that very day
|674|자주01|부||A|often|*자주* 만나요|let's meet often|*자주* 가는 카페|a cafe I often go to|*자주* 아프다|to get sick often
|679|담배|명||A|cigarette/tobacco|*담배*를 피우다|to smoke|*담배*를 끊다|to quit smoking|*담배* 냄새|cigarette smell
|682|할아버지|명||A|grandfather|외*할아버지*|maternal grandfather|우리 *할아버지*|my grandfather|*할아버지* 댁|grandfather's house
|684|태어나다|동||A|to be born|서울에서 *태어나다*|to be born in Seoul|딸로 *태어났다*|was born as a daughter|*태어난* 날|the day one was born
|686|벌써|부||A|already|*벌써* 끝났어?|is it already over?|*벌써* 열 시다|it's already 10 o'clock|*벌써* 도착했다|already arrived
369|689|환자03|명|患者|A|patient|병원의 *환자*|hospital patient|*환자*를 치료하다|to treat a patient|중환자실의 *환자*|patient in the ICU
|697|재미있다|형||A|to be interesting/fun|영화가 *재미있다*|the movie is fun|*재미있는* 사람|funny person|정말 *재미있어요*|it's really interesting
|698|가르치다01|동||A|to teach|한국어를 *가르치다*|to teach Korean|선생님이 *가르쳐* 주다|the teacher teaches me|노래를 *가르치다*|to teach a song
372|699|대화06|명|對話|A|conversation|*대화*를 나누다|to have a conversation|*대화*가 안 통하다|cannot communicate|진지한 *대화*|serious conversation
373|701|올해|명||A|this year|*올해* 목표|this year's goal|*올해* 들어|since the start of this year|*올해* 스무 살|twenty years old this year
|702|형01|명|兄|A|older brother (male speaker)|우리 *형*|my older brother|친*형*|biological older brother|*형*이라고 불러|call me 'Hyung'
|708|모두01|명||A|everyone/all|*모두*가 왔다|everyone came|*모두*의 바람|everyone's wish|그들 *모두*|all of them
376|716|걸다02|동|옷을 ~|A|to hang|옷을 *걸다*|to hang clothes|전화를 *걸다*|to make a phone call|그림을 *걸었다*|hung a painting
377|718|멀다02|형|갈 길이 ~|A|to be far|거리가 *멀다*|the distance is far|집에서 *멀어요*|it's far from home|*먼* 훗날|the distant future
|719|버스02|명|bus|A|bus|*버스*를 타다|to ride a bus|*버스* 정류장|bus stop|시내 *버스*|city bus
379|722|잠시|부|暫時|A|for a moment|*잠시*만 기다리세요|please wait a moment|*잠시* 쉬다|to rest for a while|*잠시* 뒤에|after a short while
|728|사진07|명|寫眞|A|photo/picture|*사진*을 찍다|to take a photo|가족 *사진*|family photo|*사진* 속에|in the photo
|733|제일04|명|第一|A|the first/most|*제일* 좋아하다|to like the most|*제일* 큰 것|the biggest one|세계 *제일*|best in the world
|735|아마01|부||A|perhaps/maybe|*아마* 그럴 거야|maybe it's so|*아마* 안 올 거야|maybe they won't come|*아마*도|probably
|736|얘기하다|동||A|to talk|어제 *얘기하다*|talked yesterday|솔직히 *얘기해*|speak honestly|나중에 *얘기하자*|let's talk later
|738|조금01|부||A|a little|*조금* 더|a little more|*조금* 비싸다|a little expensive|*조금*만 주세요|just a little, please
|747|다리01|명|신체의 일부|A|leg|*다리*가 길다|to have long legs|*다리*를 다치다|to hurt one's leg|*다리*가 붓다|legs are swollen
|748|아무01|관||A|any|*아무* 사람이나|any person|*아무* 것도 없다|there is nothing|*아무* 일도 아니다|it's nothing
|754|항상|부|恒常|A|always|*항상* 고맙다|always thankful|*항상* 똑같다|always the same|*항상* 웃다|to always smile
|755|해01|명||A|sun/year|*해*가 뜨다|the sun rises|올 *해*|this year|*해*가 지다|the sun sets
389|756|잃다|동||A|to lose|길을 *잃다*|to get lost|돈을 *잃었다*|lost money|희망을 *잃다*|to lose hope
|760|비슷하다02|형||A|to be similar|생김새가 *비슷하다*|to look similar|생각이 *비슷해요*|thoughts are similar|서로 *비슷한*|similar to each other
|763|달러|의|dollar|A|dollar|백 *달러*|one hundred dollars|*달러* 환율|dollar exchange rate|일 *달러* 지폐|one-dollar bill
|764|사랑하다|동||A|to love|너를 *사랑해*|I love you|가족을 *사랑하다*|to love one's family|*사랑하는* 사람|the person one loves
|766|여름01|명||A|summer|더운 *여름*|hot summer|*여름* 방학|summer vacation|*여름* 옷|summer clothes
|776|싫다01|형||A|to dislike/be unpleasant|공부가 *싫다*|to hate studying|가기 *싫어요*|I don't want to go|*싫은* 소리|unpleasant words
|785|그러니까|부||A|so/therefore|*그러니까* 내 말은|so what I mean is|*그러니까* 조심해|so be careful|*그러니까* 말이야|exactly (that's what I'm saying)
|788|값|명||A|price/value|물건 *값*|price of an item|*값*이 비싸다|the price is high|*값*을 깎다|to bargain/lower the price
397|794|언제나|부||A|always/anytime|*언제나* 환영이다|always welcome|*언제나* 변함없다|always the same/unchanging|*언제나* 그 자리에|always in that spot
|796|자동차|명|自動車|A|car/automobile|*자동차*를 타다|to ride a car|*자동차* 운전|driving a car|*자동차* 사고|car accident
|799|개월|의|個月|A|month (duration)|육 *개월* 동안|for six months|삼 *개월* 뒤|three months later|몇 *개월* 됐어?|how many months has it been?
400|802|어린이01|명||A|child|*어린이* 공원|children's park|*어린이*날|Children's Day|*어린이* 도서관|children's library
|807|공부하다|동|工夫-|A|to study|열심히 *공부하다*|to study hard|한국어를 *공부해요*|I study Korean|밤새 *공부하다*|to study all night
|810|닦다01|동||A|to wipe/brush|이를 *닦다*|to brush one's teeth|구두를 *닦다*|to shine shoes|책상을 *닦다*|to wipe the desk
|812|말씀|명||A|word/speech (honorific)|*말씀* 하세요|please speak|선생님 *말씀*|teacher's words|*말씀* 낮추세요|please speak comfortably (lower your speech)
|813|괜찮다|형||A|to be okay|정말 *괜찮아요*|it's really okay|*괜찮은* 방법|a decent way|몸은 *괜찮니*?|is your body (health) okay?
|814|눈물01|명||A|tear|*눈물*이 나다|to cry (tears come out)|*눈물을* 닦다|to wipe away tears|기쁨의 *눈물*|tears of joy
|817|아니01|부||A|no|*아니*, 됐어|no, it's fine|*아니* 이게 뭐야?|no, what is this?|*아니*라고 말하다|to say no
|825|주인01|명|主人|A|owner/host|가게 *주인*|shop owner|집 *주인*|landlord|*주인* 없는 물건|ownerless object
408|834|드리다01|보|도와 ~|A|to do (honorific aux)|도와 *드리다*|to help (honorific)|말씀 *드리다*|to tell (honorific)|선물해 *드렸다*|gave a gift (honorific)
|834|반07|명|半|A|half|*반*으로 나누다|to divide in half|한 시간 *반*|one and a half hours|*반*만 주세요|please give me only half
|840|귀01|명||A|ear|*귀*가 밝다|to have sharp hearing|*귀*를 기울이다|to listen carefully|*귀*가 아프다|ears hurt
|843|미터02|의|meter|A|meter|백 *미터* 달리기|100-meter dash|몇 *미터*예요?|how many meters is it?|오백 *미터* 앞|500 meters ahead
412|845|어떠하다|형||A|to be how/what|상태가 *어떠하니*?|how is the condition?|마음이 *어떠해*?|how do you feel?|*어떠한* 경우에도|in any case
|850|배01|명|신체의 일부|A|stomach/belly|*배*가 고프다|to be hungry|*배*가 나오다|to have a belly|*배*가 아파요|I have a stomachache
|851|아파트|명|apartment|A|apartment|*아파트*에 살다|to live in an apartment|새 *아파트*|new apartment|*아파트* 단지|apartment complex
|852|가끔|부||A|sometimes|*가끔* 만나요|we meet sometimes|*가끔* 생각나다|to remember occasionally|*가끔*은 그럴 때도|sometimes it's like that
|854|술06|의|밥 한 ~|A|spoonful|밥 한 *술*|a spoonful of rice|한 *술* 뜨다|to take a spoonful|딱 한 *술*만|just one spoonful
|856|짧다|형||A|to be short|머리가 *짧다*|hair is short|*짧은* 치마|short skirt|시간이 *짧아요*|time is short
|857|고맙다01|형||A|to be thankful|정말 *고맙습니다*|thank you so much|도와줘서 *고마워*|thanks for helping|*고마운* 마음|thankful heart
|860|그곳|대||A|that place|*그곳*에 가다|to go to that place|*그곳*은 어디예요?|where is that place?|*그곳*의 날씨|the weather there
|862|보다02|부|한층 더|A|more/even more|*보다* 나은 미래|a better future|*보다* 빠르게|even faster|*보다* 멀리|even further
|868|바쁘다|형||A|to be busy|요즘 *바빠요*|I'm busy lately|*바쁜* 사람|busy person|일 때문에 *바쁘다*|to be busy with work
|873|나쁘다01|형||A|to be bad|기분이 *나쁘다*|to feel bad|성적이 *나빠요*|grades are bad|*나쁜* 습관|bad habit
|877|게임|명|game|A|game|*게임*을 하다|to play a game|컴퓨터 *게임*|computer game|재미있는 *게임*|fun game
|884|잔03|명|盞|A|cup/glass (counter)|커피 한 *잔*|a cup of coffee|맥주 두 *잔*|two glasses of beer|*잔*을 비우다|to empty the glass
|888|있다01|동||A|to stay/remain|집에 *있어라*|stay at home|가만히 *있어*|stay still|여기 *있을게*|I'll stay here
|891|언제01|부||A|when|*언제* 와요?|when are you coming?|*언제* 시작해?|when does it start?|*언제* 만날까?|when shall we meet?
|894|내려오다|동||A|to come down|계단으로 *내려오다*|to come down the stairs|산에서 *내려왔다*|came down from the mountain|아래로 *내려오세요*|please come down
|902|손님|명||A|guest/customer|반가운 *손님*|welcome guest|*손님*을 맞다|to greet a guest|식당 *손님*|restaurant customer
|908|아무01|대||A|anyone/anything|*아무*나 오세요|anyone can come|*아무* 것도 몰라요|I don't know anything|*아무* 데나 앉아|sit anywhere
|914|뉴스|명|news|A|news|*뉴스*를 보다|to watch the news|오늘의 *뉴스*|today's news|*뉴스*에 나오다|to appear on the news
|919|수업04|명|授業|A|class/lesson|*수업*에 가다|to go to class|*수업* 시간|class time|한국어 *수업*|Korean class
|920|겨울|명||A|winter|추운 *겨울*|cold winter|*겨울* 방학|winter vacation|*겨울* 옷|winter clothes
|922|층02|명|層|A|floor/layer|이 *층* 건물|two-story building|삼 *층*으로 오세요|come to the 3rd floor|매 *층*마다|on every floor
434|925|장22|의|張. 종이 한 ~|A|sheet (counter)|종이 한 *장*|a sheet of paper|수건 두 *장*|two towels|표 한 *장*|one ticket
435|928|식사03|명|食事|A|meal|*식사* 하셨어요?|have you had your meal?|맛있는 *식사*|delicious meal|*식사* 시간|mealtime
|929|안다01|동||A|to hug/hold|아이를 *안다*|to hold a child|꼭 *안아* 주다|to give a big hug|가슴에 *안다*|to hold in one's chest
|931|잊다01|동||A|to forget|약속을 *잊다*|to forget an appointment|이름을 *잊었다*|forgot the name|꿈을 *잊지* 마|don't forget your dreams
|933|반11|명|班|A|class/group|우리 *반* 친구|classmate|*반*이 바뀌다|the class changes|일 *반* 학생|Class 1 student
|940|텔레비전|명|television|A|television|*텔레비전*을 켜다|to turn on the TV|*텔레비전* 시청|watching television|큰 *텔레비전*|big television
|947|씻다|동||A|to wash|손을 *씻다*|to wash hands|얼굴을 *씻어요*|I wash my face|깨끗이 *씻다*|to wash cleanly
|949|늦다|형||A|to be late|시간이 *늦다*|time is late|*늦은* 밤|late night|약속에 *늦었어요*|I'm late for the appointment
|952|편지02|명|便紙|A|letter|*편지*를 쓰다|to write a letter|*편지*를 보내다|to send a letter|연애 *편지*|love letter
|956|센티미터|의|centimeter|A|centimeter|오 *센티미터*|five centimeters|키가 몇 *센티미터*?|how many cm tall?|*센티미터* 단위|centimeter units
444|957|팔01|명|신체의 일부|A|arm|*팔*이 길다|to have long arms|*팔*을 다치다|to hurt one's arm|*팔*짱을 끼다|to cross one's arms
|965|설명|명|說明|A|explanation|자세한 *설명*|detailed explanation|*설명*을 듣다|to listen to an explanation|제품 *설명*|product description
|969|세13|의|歲|A|years old (formal)|이십 *세*|20 years of age|몇 *세*입니까?|how many years old?|만 육 *세*|full six years old
|971|티브이|명|TV|A|TV|*티브이*를 보다|to watch TV|*티브이* 채널|TV channel|*티브이* 프로|TV program
|972|봄01|명||A|spring|따뜻한 *봄*|warm spring|*봄* 나들이|spring outing|*봄*이 오다|spring is coming
449|974|낮다|형||A|to be low|온도가 *낮다*|temperature is low|*낮은* 산|low mountain|점수가 *낮아요*|the score is low
|975|어깨01|명||A|shoulder|*어깨*가 넓다|to have broad shoulders|*어깨*를 주무르다|to massage shoulders|*어깨*동무|putting arms around shoulders
|977|부부03|명|夫婦|A|married couple|잉꼬 *부부*|lovebirds (devoted couple)|*부부* 싸움|couple's quarrel|신혼 *부부*|newlyweds
452|978|오래02|부||A|long/for a long time|*오래* 기다렸어요|I waited a long time|*오래* 살다|to live long|*오래*된 책|old book
|984|여행02|명|旅行|A|travel/trip|*여행*을 가다|to go on a trip|세계 *여행*|world travel|*여행* 가방|suitcase
|988|공01|명|축구~|A|ball|*공*을 던지다|to throw a ball|*공*을 차다|to kick a ball|축구 *공*|soccer ball
|991|오월01|명|五月|A|May|*오월* 초|early May|*오월*의 신부|May bride|*오월*은 가정의 달|May is family month
|992|쉬다03|동|편안히 ~|A|to rest|집에서 *쉬다*|to rest at home|잠시 *쉬어* 가다|to take a short break|푹 *쉬세요*|get plenty of rest
|996|과10|명|課|A|lesson/chapter|제 일 *과*|Lesson 1|*과*를 공부하다|to study a chapter|다음 *과*|the next lesson
|1000|오빠|명||A|older brother (female speaker)|우리 *오빠*|my older brother|친*오빠*|biological older brother|*오빠*라고 불러|call me 'Oppa'
459|1002|즐겁다|형||A|to be pleasant/joyful|*즐거운* 시간|pleasant time|노래가 *즐겁다*|the song is joyful|*즐겁게* 놀다|to have fun playing
|1006|사월02|명|四月|A|April|*사월* 한달|the month of April|*사월* 초파리|April showers (contextual)|*사월*의 꽃|April flowers
461|1007|싸우다|동||A|to fight/quarrel|친구와 *싸우다*|to fight with a friend|말다툼하며 *싸웠다*|fought with words|그만 *싸워*|stop fighting
|1008|언제01|대||A|when/anytime|*언제*든 괜찮아|anytime is fine|*언제*가 좋니?|when is a good time?|도대체 *언제*?|when on earth?
|1009|예쁘다|형||A|to be pretty|얼굴이 *예쁘다*|face is pretty|*예쁜* 꽃|pretty flower|옷이 참 *예쁘네*|the clothes are so pretty
|1018|나중01|명||A|later|*나중*에 봐요|see you later|*나중*으로 미루다|to postpone until later|결국 *나중*에는|ultimately in the end
|1020|맛있다|형||A|to be delicious|음식이 *맛있다*|the food is delicious|정말 *맛있어요*|it's really tasty|*맛있는* 냄새|delicious smell
|1021|며칠|명||A|a few days/what date|*며칠* 동안|for a few days|오늘이 *며칠*이지?|what date is it today?|*며칠* 뒤에 봐|see you in a few days
467|1040|작년|명|昨年|A|last year|*작년* 여름|last summer|*작년*부터 시작했다|started from last year|*작년* 이맘때|this time last year
|1041|내려가다|동||A|to go down|계단으로 *내려가다*|to go down the stairs|지하로 *내려가다*|to go down to the basement|성적이 *내려갔다*|grades went down
|1046|쓰레기|명||A|trash/garbage|*쓰레기*를 버리다|to throw away trash|*쓰레기* 봉투|trash bag|*쓰레기*통|trash can
|1055|고기01|명||A|meat|*고기*를 굽다|to grill meat|맛있는 *고기*|delicious meat|*고기* 반찬|meat side dish
|1060|가져오다|동||A|to bring|우산을 *가져오다*|to bring an umbrella|책을 *가져왔니*?|did you bring the book?|이쪽으로 *가져오세요*|please bring it here
472|1068|남녀|명|男女|A|men and women|*남녀* 노소|men and women of all ages|*남녀* 평등|gender equality|*남녀* 관계|relationship between man and woman
|1074|준비|명|準備|A|preparation|*준비* 끝!|preparation finished!|시험 *준비*|exam preparation|*준비* 운동|warm-up exercise
|1076|구월02|명|九月|A|September|*구월*의 가을|September autumn|*구월* 학기|September semester|*구월* 초순|early September
475|1077|맑다01|형||A|to be clear/pure|날씨가 *맑다*|the weather is clear|*맑은* 공기|fresh air|*맑은* 물|clear water
|1080|유월01|명|六월|A|June|*유월* 중순|mid-June|*유월*의 장미|June roses|*유월* 한여름|the middle of June
|1082|허리01|명||A|waist/lower back|*허리*가 아프다|to have a backache|*허리*를 펴다|to straighten one's back|*허리* 치수|waist size
|1089|새03|명|날짐승|A|bird|*새*가 날다|a bird flies|*새* 소리|birdsong|작은 *새*|small bird
|1090|영어02|명|英語|A|English (language)|*영어* 선생님|English teacher|*영어* 공부|studying English|*영어*로 말하다|to speak in English
|1096|대답하다|동|對答-|A|to answer|질문에 *대답하다*|to answer a question|크게 *대답해*|answer loudly|*대답하지* 않았다|didn't answer
|1104|벗다|동||A|to take off|옷을 *벗다*|to take off clothes|신발을 *벗으세요*|please take off your shoes|모자를 *벗다*|to take off a hat
|1107|준비하다|동|準備-|A|to prepare|식사를 *준비하다*|to prepare a meal|미리 *준비해요*|I prepare in advance|갈 *준비하자*|let's get ready to go
|1109|돕다|동||A|to help|친구를 *돕다*|to help a friend|서로 *돕고* 살다|to live helping each other|집안일을 *도와요*|I help with housework
|1115|달05|명||A|moon|*달*이 뜨다|the moon rises|밝은 *달*|bright moon|초승*달*|crescent moon
485|1116|사장15|명|社長|A|boss/president|우리 회사의 *사장*|our company's president|*사장*님을 뵙다|to see the boss|*사장*실|CEO's office
|1117|삼월|명|三월|A|March|*삼월*의 봄|March spring|*삼월* 개학|March school start|*삼월* 한 달|the month of March
487|1120|그렇지만|부||A|but/however|*그렇지만* 사실은|but the truth is|*그렇지만* 이미 늦었어|but it's already late|덥다. *그렇지만* 즐거워|It's hot. But I'm happy.
|1124|키01|명|신장|A|height|*키*가 크다|to be tall|*키*를 재다|to measure height|*키*가 작아요|to be short
|1129|걱정|명||A|worry/anxiety|*걱정*이 태산|a mountain of worries|*걱정*하지 마세요|don't worry|*걱정*을 끼치다|to cause worry
|1130|결혼하다|동|結婚-|A|to get married|연애하고 *결혼하다*|to date then marry|내년에 *결혼해요*|getting married next year|일찍 *결혼했다*|married early
|1140|누나01|명||A|older sister (male speaker)|우리 *누나*|my older sister|친*누나*|biological older sister|*누나*랑 같이 가|go with your sister
|1144|질문|명|質問|A|question|*질문*이 있어요|I have a question|*질문*에 답하다|to answer a question|날카로운 *질문*|sharp question
|1151|근처|명|近處|A|nearby/vicinity|학교 *근처*|near school|우리 집 *근처*|near my house|*근처* 공원|nearby park
|1160|부모님|명|父母-|A|parents (polite)|*부모님*께 인사|greeting parents|*부모님*을 닮다|to look like one's parents|효성 지극한 *부모님*|devoted parents
495|1163|계시다|동||A|to be/stay (honorific)|선생님이 *계시다*|the teacher is there|집에 *계세요*|stay at home (honorific)|건강히 *계십시오*|stay healthy (formal)
|1164|그02|감||A|well/um|*그*, 저기|well, that is|*그*, 글쎄요|well, I'm not sure|*그*, 뭐라고 할까?|well, how should I say?
|1168|마리01|의||A|animal (counter)|개 세 *마리*|three dogs|한 *마리*만 주세요|give me just one (animal)|고양이 몇 *마리*?|how many cats?
|1171|비행기|명|飛行機|A|airplane|*비행기*를 타다|to ride an airplane|*비행기* 표|airplane ticket|*비행기* 안에서|on the plane
|1178|뜨겁다|형||A|to be hot (touch)|커피가 *뜨겁다*|the coffee is hot|*뜨거운* 여름|hot summer|날씨가 *뜨겁네요*|the weather is roasting
|1184|낮|명||A|daytime|*낮*과 밤|day and night|*낮*에 만나다|to meet during the day|긴 *낮*|long daytime
|1186|일찍|부||A|early|*일찍* 일어나다|to wake up early|*일찍* 도착하다|to arrive early|아침 *일찍*|early in the morning
|1188|찍다02|동|서류에 도장을 ~|A|to stamp|도장을 *찍다*|to stamp a seal|서류에 *찍다*|to stamp a document|지문을 *찍다*|to take a fingerprint
503|1189|가볍다|형||A|to be light|가방이 *가볍다*|the bag is light|*가벼운* 마음|a light heart|발걸음이 *가볍다*|steps are light
|1193|오전02|명|午前|A|morning / a.m.|*오전* 열 시|10 a.m.|*오전* 수업|morning class|오늘 *오전*|this morning
|1195|가게|명||A|store / shop|옷 *가게*|clothing store|*가게*를 열다|to open a shop|동네 *가게*|neighborhood store
|1203|약속|명|約束|A|appointment / promise|*약속*을 하다|to make a promise|*약속* 시간|appointment time|*약속*을 지키다|to keep a promise
|1204|인사02|명|人事|A|greeting|*인사*를 하다|to greet|새해 *인사*|New Year's greeting|*인사*를 나누다|to exchange greetings
|1221|소금01|명||A|salt|*소금*을 넣다|to add salt|*소금*과 후추|salt and pepper|굵은 *소금*|coarse salt
509|1224|자전거|명|自轉車|A|bicycle|*자전거*를 타다|to ride a bicycle|*자전거* 여행|bicycle trip|두 발 *자전거*|two-wheeled bicycle
|1229|그래03|불|그리하여|A|yes / okay|응, *그래*|yeah, okay|*그래*, 알았어|okay, I got it|*그래*?|really?
511|1230|목01|명||A|neck / throat|*목*이 아프다|throat hurts|*목*이 마르다|to be thirsty|*목*을 돌리다|to turn one's neck
512|1239|피우다01|동||A|to light / to smoke|담배를 *피우다*|to smoke a cigarette|불을 *피우다*|to light a fire|모닥불을 *피우다*|to light a campfire
513|1249|교통01|명|交通|A|transportation / traffic|대중*교통*|public transportation|*교통* 사고|traffic accident|*교통*이 편리하다|transportation is convenient
|1258|거리01|명|길~|A|street|*거리*를 걷다|to walk the street|번화한 *거리*|busy street|*거리*의 사람들|people on the street
515|1263|불다01|동|바람이 ~|A|to blow|바람이 *불다*|the wind blows|피리를 *불다*|to play the flute|풍선을 *불다*|to blow up a balloon
|1267|한글01|명||A|Hangul / Korean alphabet|*한글*을 배우다|to learn Hangul|*한글*로 쓰다|to write in Hangul|*한글*날|Hangul Day
|1268|가을01|명||A|autumn / fall|*가을* 날씨|autumn weather|*가을*이 오다|autumn comes|*가을* 소풍|autumn picnic
|1270|내일|명|來日|A|tomorrow|*내일* 만나다|to meet tomorrow|*내일* 아침|tomorrow morning|*내일*로 미루다|to postpone until tomorrow
|1272|매일|부|每日|A|everyday|*매일* 운동하다|to exercise everyday|*매일* 아침|every morning|*매일* 일기를 쓰다|to write a diary everyday
|1273|손가락|명||A|finger|*손가락*을 다치다|to hurt one's finger|다섯 *손가락*|five fingers|*손가락*으로 가리키다|to point with a finger
|1289|급04|명|級|A|class / grade / level|한국어 1*급*|Korean level 1|고*급* 수준|advanced level|초*급*반|beginner class
|1291|날씨01|명||A|weather|*날씨*가 좋다|the weather is good|추운 *날씨*|cold weather|오늘 *날씨*|today's weather
|1294|동물|명|動物|A|animal|야생 *동물*|wild animal|*동물*원|zoo|애완*동물*|pet
|1295|의사12|명|醫師|A|doctor|*의사* 선생님|doctor|*의사*가 되다|to become a doctor|치과 *의사*|dentist
|1297|건강하다02|형|健康-|A|to be healthy|몸이 *건강하다*|body is healthy|*건강하게* 자라다|to grow up healthy|*건강한* 생활|healthy lifestyle
|1300|여러분|대||A|everyone|*여러분*, 안녕하세요|hello, everyone|*여러분*의 생각|everyone's opinion|참가자 *여러분*|all participants
|1301|왜냐하면|부||A|because|안 돼요. *왜냐하면*...|No. Because...|*왜냐하면* 바빠서요|because I am busy|*왜냐하면* 비가 와서|because it's raining
|1304|네02|관||A|four|*네* 사람|four people|*네* 시|four o'clock|*네* 가지|four kinds
|1305|도착하다01|동|到着-|A|to arrive|집에 *도착하다*|to arrive home|일찍 *도착하다*|to arrive early|기차가 *도착했다*|the train arrived
|1306|병04|명|病|A|disease / illness|*병*에 걸리다|to catch a disease|마음의 *병*|mental illness|*병*을 치료하다|to cure a disease
|1312|따뜻하다|형||A|to be warm|날씨가 *따뜻하다*|the weather is warm|*따뜻한* 물|warm water|*따뜻하게* 입다|to dress warmly
|1317|축구04|명|蹴球|A|soccer|*축구*를 하다|to play soccer|*축구* 경기|soccer match|*축구* 선수|soccer player
|1322|밝다|형||A|to be bright|방이 *밝다*|the room is bright|*밝은* 색|bright color|성격이 *밝다*|personality is bright
534|1325|장소05|명|場所|A|place / location|약속 *장소*|meeting place|*장소*를 정하다|to decide a place|안전한 *장소*|safe place
535|1334|적다01|동|답을 ~|A|to write down|이름을 *적다*|to write down a name|메모를 *적다*|to write a memo|수첩에 *적어두다*|to jot down in a notebook
|1335|코01|명||A|nose|*코*가 높다|nose is high|*코*를 풀다|to blow one's nose|*코*가 막히다|nose is stuffed
|1337|고등학교|명|高等學校|A|high school|*고등학교*에 입학하다|to enter high school|*고등학교* 학생|high school student|*고등학교*를 졸업하다|to graduate from high school
|1339|교실|명|敎室|A|classroom|*교실*에 들어가다|to enter the classroom|영어 *교실*|English classroom|빈 *교실*|empty classroom
|1346|별01|명||A|star|*별*이 빛나다|stars shine|하늘의 *별*|stars in the sky|*별*을 보다|to look at the stars
|1347|복잡하다|형|複雜-|A|to be complicated|머리가 *복잡하다*|mind is complicated|길이 *복잡하다*|road is congested|*복잡한* 문제|complicated problem
|1358|색03|명|色|A|color|빨간 *색*|red color|*색*이 진하다|color is dark|무슨 *색*|what color
|1376|똑같다|형||A|to be exactly the same|모양이 *똑같다*|the shape is exactly the same|나와 *똑같은* 옷|the exact same clothes as mine|맛이 *똑같다*|the taste is exactly the same
|1381|말씀하다|동||A|to speak / to tell (honorific)|선생님께서 *말씀하시다*|the teacher speaks|다시 *말씀해* 주세요|please tell me again|*말씀하신* 대로|as you said
|1392|보통|명|普通|A|usually / normal|*보통* 사람|ordinary person|*보통*으로 하다|to do normally|*보통*이 아니다|not to be ordinary
|1393|식당|명|食堂|A|restaurant|한국 *식당*|Korean restaurant|*식당*에서 밥을 먹다|to eat at a restaurant|학생 *식당*|student cafeteria
|1401|소개하다01|동|紹介-|A|to introduce|친구를 *소개하다*|to introduce a friend|자신을 *소개하다*|to introduce oneself|가족을 *소개할게요*|I will introduce my family
|1404|칠월|명|七月|A|July|*칠월* 칠석|Chilseok (7th day of 7th month)|*칠월* 초|early July|올해 *칠월*|July of this year
|1410|십이월|명|十二月|A|December|*십이월* 말|end of December|*십이월* 이십오일|December 25th|추운 *십이월*|cold December
|1414|컵|명|cup|A|cup|물 한 *컵*|a cup of water|종이*컵*|paper cup|*컵*을 씻다|to wash a cup
|1423|종이01|명||A|paper|*종이* 한 장|a piece of paper|*종이*를 접다|to fold paper|*종이*에 쓰다|to write on paper
|1432|계시다|보||A|to be (honorific)|집에 *계시다*|to be at home|기다리고 *계시다*|to be waiting|안녕히 *계세요*|goodbye / stay in peace
|1439|재미01|명||A|fun / interest|*재미*가 있다|to be fun|*재미*를 느끼다|to feel interest|무슨 *재미*로|for what fun
|1443|떡01|명||A|rice cake|*떡*을 먹다|to eat rice cake|*떡*볶이|tteokbokki|가래*떡*|cylindrical rice cake
|1452|끝내다|동||A|to finish|일을 *끝내다*|to finish work|숙제를 *끝냈다*|finished homework|빨리 *끝내주세요*|please finish quickly
|1453|대답|명|對答|A|answer / reply|*대답*을 하다|to answer|*대답*이 없다|there is no answer|질문에 *대답*하다|to answer a question
|1454|시작01|명|始作|A|start / beginning|*시작*이 반이다|starting is half the battle|*시작* 시간|start time|방학의 *시작*|start of vacation
|1456|일주일|명|一週日|A|one week|*일주일* 내내|all week long|*일주일* 후|one week later|*일주일* 동안|for a week
|1458|춤01|명||A|dance|*춤*을 추다|to dance|*춤*을 배우다|to learn a dance|멋진 *춤*|cool dance
|1460|드리다01|동|인사를 ~|A|to give / to offer (honorific)|인사를 *드리다*|to give a greeting|말씀을 *드리다*|to speak to a senior|용돈을 *드리다*|to give pocket money to a senior
|1471|깨끗하다|형||A|to be clean|방이 *깨끗하다*|the room is clean|*깨끗한* 물|clean water|*깨끗하게* 청소하다|to clean up thoroughly
|1483|물어보다|동||A|to ask|길을 *물어보다*|to ask for directions|친구에게 *물어봤다*|asked a friend|이름을 *물어보다*|to ask one's name
|1484|미안하다|형|未安-|A|to be sorry|늦어서 *미안해*|sorry for being late|*미안한* 마음|sorry feeling|정말 *미안합니다*|I am really sorry
|1486|스트레스|명|stress|A|stress|*스트레스*를 받다|to get stressed|*스트레스*가 풀리다|stress is relieved|*스트레스* 해소|stress relief
564|1488|인사01|명|人士|A|public figure / personage|유명 *인사*|celebrity / famous person|주요 *인사*|key figure|사회 *인사*|public figure
|1491|과일01|명||A|fruit|*과일*을 깎다|to peel a fruit|제철 *과일*|seasonal fruit|신선한 *과일*|fresh fruit
|1505|눈04|명|~이 내리다|A|snow|*눈*이 오다|it snows|하얀 *눈*|white snow|*눈*사람을 만들다|to make a snowman
|1509|시월01|명|十月|A|October|*시월* 구일|October 9th|*시월*의 마지막 밤|the last night of October|이번 *시월*|this October
568|1517|박물관|명|博物館|A|museum|*박물관*에 가다|to go to a museum|역사 *박물관*|history museum|국립 *박물관*|national museum
569|1522|어서01|부||A|quickly / please|*어서* 오세요|welcome / come in quickly|*어서* 먹어라|eat quickly|*어서* 들어오세요|please come in
|1527|팔월|명|八月|A|August|*팔월* 십오일|August 15th|더운 *팔월*|hot August|*팔월* 휴가|August vacation
|1530|가방01|명|~을 메다|A|bag|*가방*을 메다|to carry a bag|무거운 *가방*|heavy bag|책*가방*|school bag
|1544|호14|의|號|A|room number / issue|백일 *호*|room 101|아파트 백사 *호*|apartment room 104|이번 *호* 잡지|this issue of the magazine
|1551|해01|의||A|year|한 *해* 동안|for one year|매 *해*|every year|두 *해* 전|two years ago
|1563|그릇01|명||A|bowl / dish|밥 한 *그릇*|a bowl of rice|*그릇*을 씻다|to wash dishes|빈 *그릇*|empty bowl
|1569|개03|명|동물|A|dog|*개*를 키우다|to raise a dog|귀여운 *개*|cute dog|*개*가 짖다|a dog barks
|1571|라디오|명|radio|A|radio|*라디오*를 듣다|to listen to the radio|*라디오* 방송|radio broadcast|*라디오*를 켜다|to turn on the radio
|1581|방학|명|放學|A|school vacation|여름 *방학*|summer vacation|*방학*을 하다|to have school break|겨울 *방학*|winter vacation
578|1598|남쪽|명|南-|A|south|*남쪽* 지방|southern region|*남쪽*으로 가다|to go south|따뜻한 *남쪽*|warm south
|1603|색깔|명|色-|A|color|*색깔*이 예쁘다|the color is pretty|무슨 *색깔*|what color|다양한 *색깔*|various colors
|1604|요리05|명|料理|A|cooking / dish|*요리*를 하다|to cook|한국 *요리*|Korean dish|*요리* 학원|cooking school
|1605|유명하다01|형|有名-|A|to be famous|*유명한* 식당|famous restaurant|세계적으로 *유명하다*|to be world-famous|가수로 *유명하다*|famous as a singer
|1611|외국인|명|外國人|A|foreigner|*외국인* 관광객|foreign tourist|*외국인* 등록증|alien registration card|*외국인* 친구|foreign friend
583|1619|부인01|명|夫人|A|wife / Mrs.|선생님의 *부인*|teacher's wife|사장님 *부인*|boss's wife|그의 *부인*|his wife
|1626|뛰다02|동|빨리 나아가다|A|to run|빠르게 *뛰다*|to run fast|운동장을 *뛰다*|to run on the playground|땀이 나도록 *뛰었다*|ran until sweating
|1627|숙제03|명|宿題|A|homework|*숙제*를 하다|to do homework|밀린 *숙제*|overdue homework|영어 *숙제*|English homework
|1632|우산01|명|雨傘|A|umbrella|*우산*을 쓰다|to use an umbrella|*우산*을 챙기다|to pack an umbrella|비닐 *우산*|plastic umbrella
|1643|지난달|명||A|last month|*지난달*에 만났다|met last month|*지난달* 요금|last month's bill|*지난달* 말|the end of last month
|1653|책상01|명|冊床|A|desk|*책상* 앞에 앉다|to sit at a desk|*책상* 서랍|desk drawer|*책상*을 정리하다|to organize a desk
|1654|춥다|형||A|to be cold|날씨가 *춥다*|the weather is cold|*추운* 겨울|cold winter|바람이 불어서 *춥다*|it's cold because the wind blows
|1660|둘째|수||A|second|*둘째* 아들|second son|*둘째* 주|second week|첫째와 *둘째*|the first and the second
|1662|무겁다|형||A|to be heavy|가방이 *무겁다*|the bag is heavy|*무거운* 짐|heavy load|발걸음이 *무겁다*|steps are heavy
592|1663|바람01|의|눈이 오는 ~에|A|because of (result)|늦잠을 자는 *바람에*|because I overslept|비가 오는 *바람에*|because it rained|서두르는 *바람에*|because I rushed
|1670|침대02|명|寢臺|A|bed|*침대*에 눕다|to lie on a bed|*침대*에서 일어나다|to get out of bed|*침대* 커버|bed cover
|1672|권01|의|卷|A|volume / book (counter)|책 한 *권*|one book|두 *권*의 책|two books|마지막 *권*|the last volume
|1677|시계01|명|時計|A|clock / watch|손목*시계*|wristwatch|*시계*를 보다|to look at a watch|알람 *시계*|alarm clock
|1680|잎01|명||A|leaf|나뭇*잎*|tree leaf|푸른 *잎*|green leaf|*잎*이 떨어지다|leaves fall
|1683|천천히|부||A|slowly|*천천히* 걷다|to walk slowly|*천천히* 말해주세요|please speak slowly|*천천히* 드세요|please take your time eating
|1689|스포츠|명|sports|A|sports|겨울 *스포츠*|winter sports|*스포츠* 중계|sports broadcast|*스포츠*를 즐기다|to enjoy sports
|1692|저기01|대||A|over there|*저기* 좀 봐|look over there|*저기*에 있다|it is over there|*저기요*|excuse me
600|1708|교회02|명|敎會|A|church|*교회*에 다니다|to go to church|*교회* 종소리|church bell ringing|일요일엔 *교회*에|to church on Sunday
601|1714|화06|명|~를 내다|A|anger|*화*가 나다|to be angry|*화*를 내다|to express anger|*화*가 풀리다|anger is relieved
|1725|일월01|명|一月|A|January|추운 *일월*|cold January|*일월* 일일|January 1st|*일월* 초순|early January
|1728|첫째|수||A|first|*첫째* 아들|first son|*첫째* 번|the first time|*첫째*로 중요하다|to be first in importance
604|1732|도서관|명|圖書館|A|library|학교 *도서관*|school library|*도서관*에서 빌리다|to borrow from a library|*도서관* 열람실|library reading room
|1741|선물03|명|膳物|A|gift|생일 *선물*|birthday present|*선물*을 주다|to give a gift|*선물*을 포장하다|to wrap a gift
|1743|아주머니|명||A|middle-aged woman|옆집 *아주머니*|the lady next door|친절한 *아주머니*|kind lady|*아주머니*라고 부르다|to call someone 'ajumoni'
|1744|위험|명|危險|A|danger|*위험*에 빠지다|to fall into danger|*위험* 요소|danger factor|*위험*을 경고하다|to warn of danger
608|1745|지하|명|地下|A|basement|*지하* 주차장|underground parking lot|*지하* 일 층|basement level 1|*지하* 상가|underground shopping mall
|1755|지하철|명|地下鐵|A|subway|*지하철*을 타다|to take the subway|*지하철* 역|subway station|*지하철* 노선도|subway map
610|1781|사무실|명|事務室|A|office|*사무실* 가구|office furniture|개인 *사무실*|private office|*사무실*에 출근하다|to go to the office
|1783|이월01|명|二月|A|February|*이월* 중순|mid-February|*이월* 졸업식|February graduation|올해 *이월*|February of this year
|1784|일요일|명|日曜日|A|Sunday|*일요일* 아침|Sunday morning|이번 주 *일요일*|this Sunday|*일요일*마다 쉬다|to rest every Sunday
|1795|쓰다02|동|모자를 ~|A|to wear|모자를 *쓰다*|to wear a hat|안경을 *쓰다*|to wear glasses|우산을 *쓰다*|to use an umbrella
|1812|강01|명|江|A|river|한*강* 시민공원|Han River Park|*강*을 건너다|to cross a river|*강*물이 흐르다|river water flows
|1819|비싸다|형||A|to be expensive|값이 *비싸다*|the price is high|*비싼* 옷|expensive clothes|너무 *비싸요*|it is too expensive
|1822|왼쪽|명||A|left side|*왼쪽* 눈|left eye|*왼쪽*으로 돌다|to turn left|길 *왼쪽*|left side of the road
|1824|택시|명|taxi|A|taxi|*택시*를 잡다|to catch a taxi|*택시* 승강장|taxi stand|*택시* 기사|taxi driver
|1844|시원하다|형||A|to be cool|*시원한* 바람|cool breeze|국물이 *시원하다*|the soup is refreshing|속이 *시원하다*|to feel relieved
|1846|어디01|감||A|well / let's see|*어디* 보자|let's see|*어디* 아파요?|are you hurting somewhere?|*어디* 좀 봅시다|let me take a look
|1852|뛰다01|동|심장이 ~|A|to beat|심장이 *뛰다*|heart beats|가슴이 *뛴다*|heart flutters|맥박이 *뛰다*|pulse beats
|1859|않다|동||A|to not do|가지 *않다*|to not go|하지 *않다*|to not do|먹지 *않았다*|did not eat
622|1862|잡지|명|雜誌|A|magazine|패션 *잡지*|fashion magazine|*잡지*를 읽다|to read a magazine|월간 *잡지*|monthly magazine
623|1867|댁01|명|宅|A|house (honorific)|선생님 *댁*|teacher's house|할머니 *댁*|grandmother's house|*댁*이 어디세요?|where is your home?
624|1868|반갑다|형||A|to be glad|만나서 *반갑다*|glad to meet you|*반가운* 소식|welcome news|*반갑게* 맞이하다|to welcome gladly
|1876|다녀오다|동||A|to go and come back|잘 *다녀오세요*|have a good trip|학교에 *다녀오다*|to be back from school|군대에 *다녀왔다*|served in the military
|1882|비디오|명|video|A|video|*비디오* 테이프|video tape|*비디오*를 보다|to watch a video|*비디오* 카메라|video camera
|1885|이쪽02|대||A|this way / this side|*이쪽*으로 오세요|please come this way|*이쪽* 방|this room|*이쪽*이 더 크다|this side is bigger
|1896|연습03|명|練習|A|practice|발음 *연습*|pronunciation practice|*연습*을 하다|to practice|피아노 *연습*|piano practice
|1897|오른쪽|명||A|right side|*오른쪽* 다리|right leg|*오른쪽*으로 꺾다|to turn right|*오른쪽* 귀|right ear
|1901|지도03|명|地圖|A|map|세계 *지도*|world map|*지도*를 그리다|to draw a map|*지도*를 확인하다|to check a map
|1904|화장실|명|化粧室|A|restroom|*화장실*에 가다|to go to the restroom|남자 *화장실*|men's restroom|*화장실* 청소|cleaning the restroom
|1933|주말02|명|週末|A|weekend|즐거운 *주말*|pleasant weekend|*주말* 여행|weekend trip|*주말*에 쉬다|to rest on the weekend
|1941|내년|명|來年|A|next year|*내년* 봄|next spring|*내년* 계획|next year's plan|*내년*이면 졸업이다|graduating next year
|1944|대학생|명|大學生|A|university student|평범한 *대학생*|ordinary college student|*대학생* 할인|student discount|*대학생* 시절|college days
|1959|닫다02|동||A|to close|문을 *닫다*|to close the door|창문을 *닫다*|to close the window|뚜껑을 *닫다*|to close a lid
|1963|생일02|명|生日|A|birthday|*생일* 파티|birthday party|*생일* 축하해|happy birthday|오늘 내 *생일*|today is my birthday
|1970|걸어가다|동||A|to walk|학교에 *걸어가다*|to walk to school|천천히 *걸어가다*|to walk over slowly|집까지 *걸어갔다*|walked all the way home
|1974|백화점|명|百貨店|A|department store|*백화점* 세일|department store sale|*백화점*에서 쇼핑하다|to shop at a department store|*백화점* 정문|department store main entrance
|1976|병05|명|甁|A|bottle|맥주 한 *병*|a bottle of beer|콜라 *병*|cola bottle|*병*에 담다|to put in a bottle
|1978|안녕하다|형|安寧-|A|to be well|*안녕히* 계세요|goodbye (stay well)|*안녕히* 주무세요|good night|모두 *안녕하신지*|if everyone is well
|1982|출발하다|동|出發-|A|to depart|공항으로 *출발하다*|to depart for the airport|정시에 *출발하다*|to depart on time|버스가 *출발했다*|the bus departed
|1987|고양이|명||A|cat|*고양이*를 키우다|to raise a cat|길*고양이*|stray cat|검은 *고양이*|black cat
|1996|중학교|명|中學校|A|middle school|*중학교* 친구|middle school friend|*중학교*를 다니다|to attend middle school|*중학교* 교복|middle school uniform
|1999|흰색|명|-色|A|white color|*흰색* 셔츠|white shirt|*흰색*으로 칠하다|to paint in white|눈처럼 *흰색*|white as snow
|2000|가수11|명|歌手|A|singer|유명한 *가수*|famous singer|인기 *가수*|popular singer|*가수*가 노래하다|a singer sings
|2027|약07|명|藥|A|medicine|*약*을 먹다|to take medicine|감기 *약*|cold medicine|*약*을 바르다|to apply ointment
|2031|저쪽|대||A|that way / that side|*저쪽*으로 가다|to go that way|*저쪽* 방|that room over there|*저쪽*이 더 멀다|that side is farther
|2033|창문|명|窓門|A|window|*창문*을 열다|to open the window|*창문*을 닫다|to close the window|*창문* 밖|outside the window
|2065|우유02|명|牛乳|A|milk|*우유*를 마시다|to drink milk|초코 *우유*|chocolate milk|신선한 *우유*|fresh milk
|2090|표04|명|票|A|ticket|기차 *표*|train ticket|*표*를 사다|to buy a ticket|영화 *표*|movie ticket
|2099|십일월|명|十一月|A|November|*십일월* 말|end of November|*십일월* 축제|November festival|늦은 *십일월*|late November
|2109|거울01|명||A|mirror|*거울*을 보다|to look in the mirror|전신 *거울*|full-length mirror|*거울*에 비치다|to be reflected in the mirror
|2130|빵01|명||A|bread|*빵*을 굽다|to bake bread|단팥*빵*|red bean bread|*빵*집|bakery
|2138|어제01|부||A|yesterday|*어제* 만났다|met yesterday|*어제*보다 덥다|hotter than yesterday|*어제* 아침|yesterday morning
|2141|위험하다|형|危險-|A|to be dangerous|길이 *위험하다*|the road is dangerous|*위험한* 행동|dangerous behavior|밤길이 *위험하다*|the night road is dangerous
|2145|졸업하다|동|卒業-|A|to graduate|대학을 *졸업하다*|to graduate from university|일찍 *졸업하다*|to graduate early|작년에 *졸업했다*|graduated last year
|2159|부엌|명||A|kitchen|*부엌*데기|kitchen maid|*부엌*에서 요리하다|to cook in the kitchen|*부엌* 가구|kitchen furniture
658|2179|북쪽|명|北-|A|north|*북쪽* 하늘|northern sky|*북쪽*으로 향하다|to head north|추운 *북쪽*|cold north
659|2181|쇠고기|명||A|beef|*쇠고기*를 굽다|to grill beef|*쇠고기* 국|beef soup|*쇠고기* 스테이크|beef steak
|2183|주26|명|週|A|week|이번 *주*|this week|다음 *주*|next week|한 *주* 동안|for a week
|2184|카드|명|card|A|card|신용 *카드*|credit card|생일 *카드*|birthday card|*카드*를 긁다|to swipe a card
|2192|단어|명|單語|A|word|새로운 *단어*|new word|*단어*를 외우다|to memorize words|어려운 *단어*|difficult word
|2194|도와주다|동||A|to help|일을 *도와주다*|to help with work|할머니를 *도와드렸다*|helped grandmother|좀 *도와주세요*|please help me
|2199|신발|명||A|shoes|*신발*을 신다|to put on shoes|*신발*을 벗다|to take off shoes|예쁜 *신발*|pretty shoes
|2207|김치01|명||A|Kimchi|*김치*를 담그다|to make Kimchi|매운 *김치*|spicy Kimchi|*김치* 찌개|Kimchi stew
|2230|날다01|동||A|to fly|하늘을 *날다*|to fly in the sky|새가 *날다*|a bird flies|비행기가 *날아오르다*|a plane takes off
|2236|설탕|명|雪糖|A|sugar|*설탕*을 뿌리다|to sprinkle sugar|달콤한 *설탕*|sweet sugar|*설탕* 한 스푼|a spoonful of sugar
|2240|싸다05|형|집값이 ~|A|to be cheap|물건이 *싸다*|the item is cheap|값이 *싼* 가게|a cheap shop|생각보다 *싸다*|cheaper than I thought
|2252|어제01|명|어저께|A|yesterday|*어제*의 일|yesterday's event|*어제*가 생일이었다|yesterday was the birthday|*어제*와 다르다|different from yesterday
|2256|점심|명|點心|A|lunch|*점심*을 먹다|to eat lunch|*점심* 시간|lunch time|맛있는 *점심*|delicious lunch
|2273|칼01|명|베는 도구|A|knife|*칼*로 자르다|to cut with a knife|날카로운 *칼*|sharp knife|과일 *칼*|fruit knife
|2284|슬프다|형||A|to be sad|마음이 *슬프다*|heart is sad|*슬픈* 영화|sad movie|너무 *슬퍼요*|I'm so sad
|2292|의자03|명|椅子|A|chair|*의자*에 앉다|to sit on a chair|편안한 *의자*|comfortable chair|*의자*를 옮기다|to move a chair
|2298|카메라|명|camera|A|camera|디지털 *카메라*|digital camera|*카메라*를 켜다|to turn on the camera|*카메라*로 찍다|to take a photo with a camera
|2327|토요일|명|土曜日|A|Saturday|*토요일* 오후|Saturday afternoon|이번 주 *토요일*|this Saturday|*토요일*에 만나요|see you on Saturday
676|2329|경찰관|명|警察官|A|police officer|*경찰관*이 되다|to become a police officer|*경찰관* 아저씨|policeman|*경찰관*에게 신고하다|to report to a police officer
|2331|극장|명|劇場|A|theater|*극장*에서 영화 보다|to watch a movie at a theater|*극장* 입구|theater entrance|*극장*을 가다|to go to the theater
|2390|오랜만|명||A|long time|*오랜만*에 만났다|met after a long time|정말 *오랜만*이에요|it's been a really long time|*오랜만*의 휴가|a vacation after a long time
|2410|백05|관|百|A|hundred|*백* 명|hundred people|*백* 점|hundred points|*백* 미터|hundred meters
|2419|아줌마|명||A|middle-aged woman (informal)|옆집 *아줌마*|the lady next door|*아줌마*라고 부르지 마|don't call me 'ajumma'|식당 *아줌마*|restaurant lady
|2426|추다02|동|춤을 ~|A|to dance|춤을 *추다*|to dance|신나게 *추었다*|danced excitedly|잘 *추는* 사람|someone who dances well
|2427|켜다01|동|성냥을 ~|A|to turn on / to light|불을 *켜다*|to turn on the light|라디오를 *켜다*|to turn on the radio|컴퓨터를 *켰다*|turned on the computer
|2433|공항02|명|空港|A|airport|*공항*에 가다|to go to the airport|국제 *공항*|international airport|*공항* 면세점|airport duty-free shop
684|2434|군인|명|軍人|A|soldier|*군인*이 되다|to become a soldier|늠름한 *군인*|gallant soldier|*군인* 아저씨|soldier mister
|2447|아니요|감||A|no|*아니요*, 괜찮아요|no, it's okay|*아니요*, 아니에요|no, it isn't|*아니요*, 싫어요|no, I don't want to
686|2457|치마01|명||A|skirt|*치마*를 입다|to wear a skirt|짧은 *치마*|short skirt|긴 *치마*|long skirt
|2460|호텔|명|hotel|A|hotel|*호텔*에 묵다|to stay at a hotel|오성급 *호텔*|five-star hotel|*호텔* 예약|hotel reservation
688|2465|깎다|동||A|to cut / to peel / to discount|사과를 *깎다*|to peel an apple|머리를 *깎다*|to cut hair|값을 *깎다*|to cut the price
689|2466|다리02|명|교량|A|bridge|*다리*를 건너다|to cross a bridge|큰 *다리*|big bridge|한강 *다리*|Han River bridge
|2484|청소06|명|淸掃|A|cleaning|방 *청소*|cleaning the room|*청소*를 하다|to clean|대*청소*|general cleaning
|2491|걱정하다|동||A|to worry|부모님이 *걱정하신다*|parents worry|너무 *걱정하지* 마세요|don't worry too much|시험을 *걱정하다*|to worry about an exam
|2493|구름01|명||A|cloud|*구름*이 끼다|to get cloudy|하얀 *구름*|white cloud|*구름*이 걷히다|clouds clear away
|2495|끄다01|동|불을 ~|A|to turn off|불을 *끄다*|to turn off the light|티비를 *끄다*|to turn off the TV|컴퓨터를 *껐다*|turned off the computer
|2520|계절01|명|季節|A|season|사*계절*|four seasons|좋아하는 *계절*|favorite season|*계절*이 바뀌다|seasons change
695|2534|운동장|명|運動場|A|playground|*운동장*에서 놀다|to play on the playground|넓은 *운동장*|wide playground|학교 *운동장*|school playground
696|2569|동쪽|명|東-|A|east|*동쪽* 하늘|eastern sky|*동쪽*으로 가다|to go east|해 뜨는 *동쪽*|east where the sun rises
|2582|잠깐|명||A|moment|*잠깐* 기다려|wait a moment|*잠깐* 동안|for a short while|*잠깐*만요|just a moment
|2585|주26|의|週|A|week (counter)|한 *주*|one week|삼 *주* 동안|for three weeks|몇 *주* 전|several weeks ago
699|2603|요즈음|명||A|these days|*요즈음* 날씨|the weather these days|*요즈음* 어때?|how are you these days?|*요즈음* 바빠요|I am busy lately
|2606|잃어버리다|동||A|to lose|지갑을 *잃어버리다*|to lose a wallet|길을 *잃어버렸다*|lost the way|기회를 *잃어버리다*|to lose an opportunity
|2607|잠깐|부||A|for a moment|*잠깐* 쉬다|to rest for a moment|*잠깐* 기다려 주세요|please wait a moment|*잠깐* 나갔다 오다|to go out for a moment
|2610|조용하다01|형||A|to be quiet|교실이 *조용하다*|the classroom is quiet|*조용한* 노래|quiet song|*조용히* 하세요|please be quiet
|2614|한복|명|韓服|A|Hanbok|*한복*을 입다|to wear Hanbok|*한복*이 잘 어울리다|Hanbok looks good on (you)|예쁜 *한복*|pretty Hanbok
|2623|라면01|명|&일ramen|A|ramen|*라면*을 끓이다|to cook ramen|매운 *라면*|spicy ramen|*라면* 한 그릇|a bowl of ramen
|2627|바지01|명||A|pants|긴 *바지*|long pants|*바지*를 입다|to wear pants|청*바지*|blue jeans
|2636|싫어하다|동||A|to dislike|공부를 *싫어하다*|to dislike studying|청소를 *싫어한다*|to hate cleaning|*싫어하는* 음식|food one dislikes
|2639|테이블|명|table|A|table|*테이블* 위에 놓다|to put on the table|식당 *테이블*|restaurant table|*테이블*을 닦다|to wipe the table
|2641|피곤하다|형|疲困-|A|to be tired|몸이 *피곤하다*|the body is tired|*피곤한* 하루|tiring day|눈이 *피곤하다*|eyes are tired
|2642|한국어|명|韓國語|A|Korean language|*한국어* 선생님|Korean teacher|*한국어*를 배우다|to learn Korean|*한국어* 능력|Korean language ability
|2643|한자02|명|漢字|A|Chinese characters|*한자*를 쓰다|to write Chinese characters|어려운 *한자*|difficult Chinese characters|*한자* 교육|Hanja education
|2657|시06|명|市|A|city|서울*시*|Seoul city|*시*청 건물|city hall building|*시* 중심|city center
712|2659|안경03|명|眼鏡|A|glasses|*안경*을 쓰다|to wear glasses|*안경*을 맞추다|to get glasses made|*안경*을 벗다|to take off glasses
|2660|약속하다|동|約束-|A|to promise|만나기로 *약속하다*|to promise to meet|지키겠다고 *약속했다*|promised to keep (it)|꼭 *약속할게*|I will surely promise
|2671|취미04|명|趣味|A|hobby|*취미* 생활|hobby life|*취미*가 뭐예요?|what is your hobby?|독서가 *취미*이다|reading is a hobby
|2678|덥다01|형||A|to be hot|날씨가 *덥다*|the weather is hot|*더운* 여름|hot summer|집 안이 *덥다*|it's hot inside the house
|2679|둘째|관||A|second|*둘째* 아들|second son|*둘째* 자리|second seat|*둘째* 줄|second row
|2688|야구02|명|野球|A|baseball|*야구* 경기|baseball game|*야구* 선수|baseball player|*야구*를 보다|to watch baseball
|2692|이03|명|신체|A|tooth|*이*를 닦다|to brush one's teeth|*이*가 아프다|tooth hurts|앞*니*|front tooth
719|2705|구경01|명||A|sightseeing|꽃 *구경*|flower viewing|*구경*을 가다|to go sightseeing|사람 *구경*|people watching
|2706|그분|대||A|that person (honorific)|*그분*은 누구세요?|who is that person?|*그분*께 드리다|to give to that person|*그분*을 뵙다|to see that person
|2715|신다|동||A|to wear (shoes)|양말을 *신다*|to put on socks|구두를 *신다*|to wear dress shoes|운동화를 *신었다*|put on sneakers
|2724|죄송하다|형|罪悚-|A|to be sorry (honorific)|늦어서 *죄송합니다*|I am sorry for being late|*죄송한* 마음|feeling of apology|정말 *죄송해요*|I am really sorry
|2726|크다01|동||A|to grow|키가 *크다*|to grow tall|나무가 *크다*|trees grow|쑥쑥 *커요*|growing up fast
|2736|그럼02|감||A|then / of course|*그럼*, 당연하지|then, of course|*그럼* 안녕히 계세요|well then, goodbye|*그럼* 시작합시다|then, let's start
|2771|셋|수||A|three|사과 *셋*|three apples|*셋*까지 세다|to count to three|*셋*이서 가다|three of us go
726|2803|생선|명|生鮮|A|fish|*생선*을 굽다|to grill fish|*생선* 찌개|fish stew|신선한 *생선*|fresh fish
727|2812|지우다01|동|낙서를 ~|A|to erase|글씨를 *지우다*|to erase writing|화장을 *지우다*|to remove makeup|칠판을 *지웠다*|erased the blackboard
|2834|셋째|수||A|third|*셋째* 아들|third son|*셋째* 번|third time|*셋째*로 크다|third largest
|2845|졸업|명|卒業|A|graduation|*졸업* 파티|graduation party|*졸업* 선물|graduation gift|고등학교 *졸업*|high school graduation
|2857|닭|명||A|chicken|*닭*을 키우다|to raise chickens|*닭*고기 요리|chicken dish|*닭*이 울다|a rooster crows
|2861|맥주|명|麥酒|A|beer|*맥주* 한 잔|a glass of beer|시원한 *맥주*|cold beer|*맥주*를 마시다|to drink beer
732|2887|교과서|명|敎科書|A|textbook|수학 *교과서*|math textbook|*교과서*를 읽다|to read a textbook|*교과서* 위주로|based on textbooks
|2893|돼지|명||A|pig|*돼지* 저금통|piggy bank|*돼지* 꿈|dream about pigs|*돼지*를 기르다|to raise pigs
|2899|수영02|명|水泳|A|swimming|*수영*을 하다|to swim|*수영* 선수|swimmer|*수영* 대회|swimming competition
|2905|잊어버리다|동||A|to forget|이름을 *잊어버리다*|to forget a name|약속을 *잊어버렸다*|forgot an appointment|전혀 *잊어버렸어*|forgot completely
|2919|기차01|명|汽車|A|train|*기차*를 타다|to take a train|*기차* 여행|train trip|*기차*가 도착하다|the train arrives
737|2932|식탁|명|食卓|A|dining table|*식탁*을 차리다|to set the table|*식탁*에 앉다|to sit at the table|나무 *식탁*|wooden dining table
|2950|공원03|명|公園|A|park|*공원* 산책|stroll in the park|집 근처 *공원*|park near house|*공원*에서 놀다|to play in the park
739|2970|안되다01|동|공부가 ~|A|to not work out|일이 *안되다*|work is not going well|공부가 잘 *안된다*|studies aren't going well|얼굴이 *안됐네*|you look unwell
|2994|날짜01|명||A|date|오늘 *날짜*|today's date|*날짜*를 잡다|to set a date|*날짜*가 지나다|the date has passed
|3005|샌드위치|명|sandwich|A|sandwich|*샌드위치*를 먹다|to eat a sandwich|햄 *샌드위치*|ham sandwich|*샌드위치*를 만들다|to make a sandwich
|3027|그쪽|대||A|you / that side|*그쪽* 생각|your opinion|*그쪽*으로 가다|to go that way|*그쪽*은 어때요?|how is it on your side?
|3052|차09|명|茶|A|tea|따뜻한 *차*|warm tea|녹*차* 한 잔|a cup of green tea|*차*를 마시다|to drink tea
|3064|검은색|명|-色|A|black color|*검은색* 양복|black suit|*검은색* 머리|black hair|*검은색*으로 칠하다|to paint in black
|3081|여보세요|감||A|hello (on phone)|*여보세요*, 정우니?|Hello, is this Jung-woo?|*여보세요*, 누구세요?|Hello, who is this?|*여보세요*, 거기 누구 없어요?|Hello, is anyone there?
|3090|천03|관|千|A|thousand|*천* 명의 사람들|thousand people|*천* 원|thousand won|*천* 미터|thousand meters
|3102|거01|대|것|A|thing / stuff|내 *거*야|it's mine|맛있는 *거*|something delicious|그 *거* 주세요|give me that thing
748|3152|서쪽|명|西-|A|west|*서쪽* 바다|western sea|*서쪽*으로 지다|to set in the west|*서쪽* 하늘|western sky
|3214|경찰서|명|警察署|A|police station|*경찰서*에 신고하다|to report to a police station|*경찰서* 위치|location of the police station|근처 *경찰서*|nearby police station
|3217|구두01|명||A|shoes|가죽 *구두*|leather shoes|*구두*를 신다|to put on shoes|검은 *구두*|black dress shoes
|3237|사과05|명|沙果|A|apple|*사과*를 깎다|to peel an apple|빨간 *사과*|red apple|*사과* 주스|apple juice
752|3287|여학생|명|女學生|A|female student|고등학교 *여학생*|high school girl|친절한 *여학생*|kind female student|*여학생* 교복|female student uniform
|3311|냉장고|명|冷藏庫|A|refrigerator|*냉장고*에 넣다|to put in the fridge|김치 *냉장고*|Kimchi refrigerator|*냉장고*를 열다|to open the fridge
|3343|감기04|명|感氣|A|cold (illness)|*감기*에 걸리다|to catch a cold|*감기* 기운|symptoms of a cold|독한 *감기*|bad cold
|3389|결혼식|명|結婚式|A|wedding ceremony|*결혼식*장|wedding hall|*결혼식*에 가다|to go to a wedding|친구의 *결혼식*|friend's wedding
|3398|노래하다|동||A|to sing|기쁘게 *노래하다*|to sing joyfully|무대에서 *노래하다*|to sing on stage|노래를 *노래해요*|singing a song
|3520|내일|부|來日|A|tomorrow|*내일* 오다|to come tomorrow|*내일* 만나|see you tomorrow|*내일* 봐요|see you tomorrow
|3630|늦다|동||A|to be late|시간에 *늦다*|to be late for time|학교에 *늦었다*|was late for school|약속에 *늦지* 마|don't be late for the appointment
759|3703|연필|명|鉛筆|A|pencil|*연필*로 쓰다|to write with a pencil|*연필*을 깎다|to sharpen a pencil|진한 *연필*|dark pencil
760|3707|운전02|명|運轉|A|driving|음주 *운전*|drunk driving|*운전* 면허증|driver's license|*운전*을 배우다|to learn driving
|3743|몇|수||A|how many / a few|*몇* 개예요?|how many are there?|*몇* 명입니까?|how many people?|*몇* 번이나 말했다|said several times
|3754|불고기|명||A|Bulgogi|*불고기* 2인분|two servings of Bulgogi|*불고기*를 먹다|to eat Bulgogi|맛있는 *불고기*|delicious Bulgogi
763|3808|목욕|명|沐浴|A|bath|*목욕*을 하다|to take a bath|*목욕* 가방|bath bag|매일 *목욕*해요|taking a bath every day
|3836|전화번호|명|電話番號|A|phone number|*전화번호*를 묻다|to ask for a phone number|*전화번호*가 바뀌다|phone number changed|*전화번호*부|phone book
|3847|감사하다05|형|感謝-|A|to be thankful|도움에 *감사합니다*|thank you for the help|*감사한* 마음|thankful heart|정말 *감사해요*|I'm truly thankful
|3865|만06|관|萬|A|ten thousand|*만* 원|ten thousand won|*만* 명|ten thousand people|*만* 삼천|thirteen thousand
|3888|지갑03|명|紙匣|A|wallet|*지갑*을 잃어버리다|to lose a wallet|가죽 *지갑*|leather wallet|*지갑*에 넣다|to put in a wallet
768|3894|친절하다|형|親切-|A|to be kind|사람들이 *친절하다*|people are kind|*친절한* 안내|kind guidance|*친절하게* 대하다|to treat kindly
769|3924|먹다02|보|잊어 ~|A|to do (auxiliary)|잊어 *먹다*|to completely forget|빌려 *먹다*|to borrow (and consume)|욕을 얻어 *먹다*|to be cursed at
|3927|못하다|형||A|to be bad at|노래를 *못하다*|to be bad at singing|영어를 *못해요*|I'm not good at English|요리를 *못하다*|to be bad at cooking
|4015|저거01|대||A|that thing|*저거* 얼마예요?|how much is that?|*저거* 주세요|give me that|*저거* 내 책이야|that's my book
|4041|걸어오다01|동|집까지 ~|A|to walk (to here)|집까지 *걸어오다*|to walk home|멀리서 *걸어오다*|to walk from afar|학교에서 *걸어왔다*|walked from school
|4059|모자08|명|帽子|A|hat / cap|*모자*를 쓰다|to wear a hat|빨간 *모자*|red hat|*모자*를 벗다|to take off a hat
|4073|소파06|명|sofa|A|sofa|*소파*에 앉다|to sit on the sofa|가죽 *소파*|leather sofa|편안한 *소파*|comfortable sofa
|4078|스무|관||A|twenty|*스무* 명|twenty people|*스무* 살|twenty years old|*스무* 마리|twenty animals
|4087|역14|명|驛|A|station|서울*역*|Seoul Station|*역*에서 만나다|to meet at the station|지하철 *역*|subway station
|4096|인사하다|동|人事-|A|to greet|선생님께 *인사하다*|to greet the teacher|반갑게 *인사했다*|greeted gladly|처음 *인사하는* 자리|a place to greet for the first time
778|4142|여권02|명|旅券|A|passport|*여권*을 만들다|to make a passport|*여권* 사진|passport photo|*여권* 만료|passport expiration
779|4143|열쇠|명||A|key|방 *열쇠*|room key|*열쇠*로 열다|to open with a key|차 *열쇠*|car key
|4145|오렌지|명|orange|A|orange|*오렌지* 주스|orange juice|*오렌지*를 까다|to peel an orange|신선한 *오렌지*|fresh orange
|4266|다03|명||A|all / everything|*다* 먹다|to eat all|*다* 했어요|I'm all done|그게 *다*예요|that is all
|4276|번호02|명|番號|A|number|전화*번호*|phone number|*번호*를 누르다|to press the number|비밀*번호*|password
|4304|저것|대||A|that thing over there|*저것*을 보다|to look at that|*저것*도 좋다|that is also good|*저것*은 산이다|that is a mountain
|4353|수박01|명|과일|A|watermelon|달콤한 *수박*|sweet watermelon|*수박* 한 통|a whole watermelon|*수박*을 자르다|to cut a watermelon
|4386|첫째|관||A|first|*첫째* 아이|first child|*첫째* 일요일|first Sunday|*첫째* 골목|first alley
|4402|과자02|명|菓子|A|snack / cracker|달콤한 *과자*|sweet snack|*과자*를 먹다|to eat snacks|봉지 *과자*|bagged snacks
|4416|대학교|명|大學校|A|university|*대학교* 축제|university festival|*대학교*에 다니다|to go to university|유명한 *대학교*|famous university
|4418|돼지고기|명||A|pork|*돼지고기* 구이|grilled pork|매운 *돼지고기*|spicy pork|*돼지고기* 찌개|pork stew
|4444|안녕히|부|安寧-|A|peacefully|*안녕히* 계세요|stay in peace (goodbye)|*안녕히* 가세요|go in peace (goodbye)|*안녕히* 주무셨어요?|did you sleep peacefully?
|4461|전화하다02|동|電話-|A|to call|친구에게 *전화하다*|to call a friend|자주 *전화할게*|I'll call often|*전화하는* 중|calling right now
|4527|수건|명|手巾|A|towel|*수건*으로 닦다|to wipe with a towel|깨끗한 *수건*|clean towel|젖은 *수건*|wet towel
|4535|양복01|명|洋服|A|suit|*양복*을 입다|to wear a suit|멋진 *양복*|cool suit|*양복* 한 벌|a suit
|4547|잠자다|동||A|to sleep|일찍 *잠자다*|to sleep early|곤히 *잠잤다*|slept soundly|*잠자는* 아기|sleeping baby
|4550|젓가락|명||A|chopsticks|*젓가락*질|using chopsticks|*젓가락*을 놓다|to set down chopsticks|나무 *젓가락*|wooden chopsticks
|4572|피아노01|명|piano|A|piano|*피아노*를 치다|to play the piano|*피아노* 학원|piano academy|*피아노* 소리|piano sound
|4656|축하하다|동|祝賀-|A|to congratulate|생일을 *축하하다*|to congratulate on a birthday|진심으로 *축하해요*|congratulations sincerely|합격을 *축하했다*|congratulated on passing
797|4776|기숙사|명|寄宿舍|A|dormitory|학교 *기숙사*|school dorm|*기숙사* 생활|dorm life|*기숙사*에 살다|to live in a dorm
|4802|산책|명|散策|A|walk / stroll|*산책*을 하다|to take a walk|아침 *산책*|morning walk|공원 *산책*|park stroll
|4822|운동하다|동|運動-|A|to exercise|매일 *운동하다*|to exercise daily|공원에서 *운동해요*|exercising in the park|열심히 *운동했다*|exercised hard
|4823|월요일|명|日曜日|A|Monday|*월요일* 아침|Monday morning|다가오는 *월요일*|coming Monday|*월요일*마다 만나요|see you every Monday
801|4836|주소01|명|住所|A|address|집 *주소*|home address|*주소*를 쓰다|to write an address|*주소*가 바뀌다|the address has changed
|4849|파티|명|party|A|party|생일 *파티*|birthday party|*파티*를 열다|to throw a party|*파티*에 초대하다|to invite to a party
|4881|달다07|형|맛|A|to be sweet|맛이 *달다*|the taste is sweet|*단* 음식|sweet food|사과가 아주 *달아요*|the apple is very sweet
|4946|청소하다03|동|淸掃-|A|to clean|방을 *청소하다*|to clean a room|집안을 *청소해요*|cleaning the house|함께 *청소합시다*|let's clean together
|4966|감사하다05|동|感謝-|A|to thank|도움에 *감사하다*|to thank for help|깊이 *감사드립니다*|I am deeply grateful|친절에 *감사해요*|thank you for your kindness
|4996|등산|명|登山|A|hiking|*등산*을 가다|to go hiking|*등산*화|hiking boots|주말 *등산*|weekend hiking
|5002|메뉴|명|menu|A|menu|*메뉴*판을 보다|to look at the menu|인기 *메뉴*|popular menu|*메뉴*를 고르다|to choose from the menu
|5040|셋째|관||A|third|*셋째* 아들|third son|*셋째* 딸|third daughter|*셋째* 칸|third compartment
|5040|외국어|명|外國語|A|foreign language|*외국어* 공부|studying a foreign language|*외국어*를 배우다|to learn a foreign language|유창한 *외국어*|fluent foreign language
|5048|자장면|명|&중Zhajiangmian|A|black bean noodles|*자장면*을 시키다|to order jajangmyeon|맛있는 *자장면*|delicious jajangmyeon|*자장면* 곱배기|double serving of jajangmyeon
|5053|중학생|명|中學生|A|middle school student|*중학생* 시절|middle school days|*중학생* 아들|middle school son|평범한 *중학생*|ordinary middle school student
|5070|휴일|명|休日|A|holiday|즐거운 *휴일*|pleasant holiday|*휴일*에 쉬다|to rest on a holiday|공식 *휴일*|official holiday
813|5088|달력|명|-曆|A|calendar|*달력*을 보다|to look at a calendar|탁상 *달력*|desk calendar|새해 *달력*|new year calendar
814|5121|소풍02|명|逍風|A|picnic|가을 *소풍*|autumn picnic|*소풍*을 가다|to go on a picnic|*소풍* 도시락|picnic lunch box
|5154|춤추다|동||A|to dance|노래하며 *춤추다*|to sing and dance|무대에서 *춤춰요*|dancing on stage|함께 *춤춥시다*|let's dance together
|5157|테니스|명|tennis|A|tennis|*테니스*를 치다|to play tennis|*테니스* 라켓|tennis racket|*테니스* 경기|tennis match
|5179|공책01|명|空冊|A|notebook|*공책*에 적다|to write in a notebook|줄 *공책*|lined notebook|새 *공책*|new notebook
818|5201|똑바로|부||A|straight|*똑바로* 앉다|to sit up straight|*똑바로* 가다|to go straight|*똑바로* 서다|to stand straight
|5215|배03|명|열매|A|pear|달콤한 *배*|sweet pear|*배*를 깎다|to peel a pear|시원한 *배*|refreshing pear
820|5229|서점03|명|書店|A|bookstore|중고 *서점*|used bookstore|*서점*에서 살다|to live at the bookstore|대형 *서점*|large bookstore
|5248|양말01|명|洋襪|A|socks|*양말*을 신다|to put on socks|*양말*을 벗다|to take off socks|두꺼운 *양말*|thick socks
|5293|초대하다02|동|招待-|A|to invite|친구를 *초대하다*|to invite a friend|집으로 *초대해요*|inviting to the house|저녁 식사에 *초대받다*|to be invited to dinner
|5382|연습하다03|동|練習-|A|to practice|발음을 *연습하다*|to practice pronunciation|매일 *연습해요*|practicing every day|피아노를 *연습하다*|to practice the piano
824|5452|경치02|명|景致|A|scenery|*경치*가 좋다|the scenery is good|아름다운 *경치*|beautiful scenery|*경치*를 구경하다|to see the sights
|5491|발음01|명|發音|A|pronunciation|*발음*이 좋다|pronunciation is good|정확한 *발음*|accurate pronunciation|*발음*을 연습하다|to practice pronunciation
|5538|재미없다|형||A|to be uninteresting|영화가 *재미없다*|the movie is boring|*재미없는* 이야기|uninteresting story|정말 *재미없어요*|it's really no fun
|5553|주스|명|juice|A|juice|사과 *주스*|apple juice|*주스*를 마시다|to drink juice|오렌지 *주스*|orange juice
|5567|콜라|명|cola|A|cola|*콜라* 한 병|a bottle of cola|시원한 *콜라*|cold cola|*콜라*를 마시다|to drink cola
|5594|남학생|명|男學生|A|male student|*남학생* 교복|male student uniform|성실한 *남학생*|sincere male student|*남학생*들|male students
|5777|식사하다02|동|食事-|A|to have a meal|같이 *식사하다*|to have a meal together|맛있게 *식사하세요*|enjoy your meal|*식사했어*?|did you eat?
831|5791|우체국|명|郵遞局|A|post office|*우체국*에 가다|to go to the post office|근처 *우체국*|nearby post office|*우체국* 택배|post office parcel service
|5860|고프다|형||A|to be hungry|배가 *고프다*|to be hungry|배가 *고파요*|I am hungry|너무 *고프다*|to be very hungry
833|5883|대사관|명|大使館|A|embassy|한국 *대사관*|Korean Embassy|*대사관*에 가다|to go to the embassy|미국 *대사관*|US Embassy
|5905|배고프다|형||A|to be hungry|너무 *배고프다*|to be very hungry|*배고픈* 아이|hungry child|배가 너무 *배고파요*|I'm so hungry
|5923|삼06|수|三|A|three|*삼* 개월|three months|*삼* 층|third floor|*삼* 번|number three
|5949|여행하다01|동|旅行-|A|to travel|해외를 *여행하다*|to travel abroad|혼자 *여행해요*|traveling alone|세계를 *여행하다*|to travel the world
837|5966|정류장|명|停留場|A|bus stop|버스 *정류장*|bus stop|*정류장*에서 기다리다|to wait at the stop|다음 *정류장*|next stop
|6050|맵다|형||A|to be spicy|음식이 *맵다*|the food is spicy|*매운* 김치|spicy Kimchi|너무 *매워요*|it's too spicy
|6102|여동생|명|女同生|A|younger sister|친한 *여동생*|close younger sister|*여동생*이 있다|to have a younger sister|귀여운 *여동생*|cute younger sister
840|6108|오래간만|명||A|long time|*오래간만*에 만나다|to meet after a long time|*오래간만*의 인사|greeting after a long time|*오래간만*이라 반갑다|glad because it's been a long time
|6132|점심시간|명|點心時間|A|lunchtime|즐거운 *점심시간*|pleasant lunchtime|*점심시간*이 되다|it's lunchtime|*점심시간*에 봐요|see you at lunchtime
|6169|휴지02|명|休紙|A|tissue|*휴지*를 쓰다|to use a tissue|화장실 *휴지*|toilet paper|*휴지* 한 통|a box of tissues
|6198|넷째|수||A|fourth|*넷째* 아들|fourth son|*넷째* 번|the fourth time|*넷째*로 중요하다|fourth in importance
|6321|태권도|명|跆拳道|A|Taekwondo|*태권도*를 배우다|to learn Taekwondo|*태권도* 도장|Taekwondo gym|*태권도* 선수|Taekwondo athlete
|6340|햄버거|명|hamburger|A|hamburger|*햄버거*를 먹다|to eat a hamburger|치즈 *햄버거*|cheeseburger|*햄버거* 세트|hamburger set
|6352|감사08|명|感謝|A|gratitude|*감사* 인사를 하다|to express gratitude|*감사*의 뜻|meaning of gratitude|*감사*를 표하다|to show thanks
|6447|슈퍼마켓|명|supermarket|A|supermarket|*슈퍼마켓*에서 사다|to buy at the supermarket|동네 *슈퍼마켓*|neighborhood supermarket|*슈퍼마켓* 주인|supermarket owner
|6608|비누|명||A|soap|*비누*로 씻다|to wash with soap|향기로운 *비누*|fragrant soap|*비누* 거품|soap bubbles
|6621|세수04|명|洗手|A|washing face|*세수*를 하다|to wash one's face|아침 *세수*|morning wash|*세수*하고 올게|I'll be back after washing up
|6693|찌개01|명||A|stew|김치*찌개*|Kimchi stew|된장*찌개*|soybean paste stew|*찌개*를 끓이다|to boil a stew
|6766|넥타이|명|necktie|A|necktie|*넥타이*를 매다|to tie a necktie|멋진 *넥타이*|cool necktie|*넥타이*를 풀다|to loosen a necktie
|6784|매일|명|每日|A|every day|*매일*의 생활|daily life|*매일*이 즐겁다|every day is fun|*매일*을 보람차게|making every day meaningful
|6854|월02|의|月|A|month (counter)|삼 *월*|March|십이 *월*|December|몇 *월*입니까?|what month is it?
854|6878|잡수시다|동||A|to eat (honorific)|맛있게 *잡수시다*|to eat deliciously|많이 *잡수세요*|please eat a lot|저녁을 *잡수셨어요*?|have you eaten dinner?
|6930|한국말|명|韓國-|A|Korean language|*한국말*을 잘하다|to be good at Korean|*한국말*로 말해요|speak in Korean|*한국말* 공부|Korean language study
|6951|계란|명|鷄卵|A|egg|*계란* 프라이|fried egg|*계란*을 삶다|to boil an egg|*계란* 한 판|a tray of eggs
|6980|넷01|수||A|four|사과 *넷*|four apples|*넷*을 세다|to count four|*넷*이서 같이|the four of us together
|7071|에어컨|명|air conditioner|A|air conditioner|*에어컨*을 켜다|to turn on the AC|*에어컨* 바람|AC breeze|*에어컨*을 끄다|to turn off the AC
859|7129|초대06|명|招待|A|invitation|*초대*를 받다|to receive an invitation|생일 *초대*|birthday invitation|*초대*에 감사하다|to thank for the invitation
860|7270|사전22|명|辭典|A|dictionary|전자 *사전*|electronic dictionary|*사전*을 찾다|to look up in a dictionary|국어 *사전*|Korean dictionary
|7291|실례01|명|失禮|A|discourtesy|*실례*가 많았습니다|I have been very rude|*실례*를 무릅쓰고|taking the liberty|*실례*지만 누구세요?|excuse me, but who are you?
|7294|안녕|감|安寧|A|hello/goodbye|친구야, *안녕*!|hello, friend!|그럼 *안녕*|well then, goodbye|*안녕*히 가세요|goodbye (go in peace)
|7298|약국02|명|藥局|A|pharmacy|*약국*에 들르다|to stop by a pharmacy|근처 *약국*|nearby pharmacy|*약국*에서 약 사다|to buy medicine at a pharmacy
|7371|지난주|명|-週|A|last week|*지난주* 금요일|last Friday|*지난주*에 만났다|met last week|*지난주* 소식|last week's news
|7438|간호사|명|看護師|A|nurse|*간호사* 선생님|nurse|*간호사*가 되다|to become a nurse|친절한 *간호사*|kind nurse
|7445|고등학생|명|高等學生|A|high school student|*고등학생* 시절|high school days|평범한 *고등학생*|ordinary high school student|*고등학생* 아들|high school son
|7476|다섯|수||A|five|손가락 *다섯*|five fingers|*다섯*을 세다|to count five|*다섯* 명이 오다|five people come
|7478|닭고기|명||A|chicken meat|*닭고기* 샐러드|chicken salad|*닭고기*를 굽다|to grill chicken|맛있는 *닭고기*|delicious chicken
|7561|숟가락|명||A|spoon|*숟가락*을 들다|to pick up a spoon|*숟가락*으로 먹다|to eat with a spoon|*숟가락*과 젓가락|spoon and chopsticks
|7586|요일|명|曜日|A|day of the week|무슨 *요일*이에요?|what day of the week is it?|*요일*을 잊다|to forget the day|좋아하는 *요일*|favorite day of the week
|7600|일05|수|一|A|one|제*일*|the first|*일* 킬로미터|one kilometer|*일* 층|first floor
|7608|저04|대|멀리 있는 대상|A|that (over there)|*저* 사람|that person|*저* 건물|that building|*저*기 봐요|look over there
|7634|질문하다|동|質問-|A|to ask a question|선생님께 *질문하다*|to ask the teacher a question|궁금해서 *질문해요*|asking because I'm curious|다시 *질문하다*|to ask a question again
874|7649|치약|명|齒藥|A|toothpaste|*치약*을 짜다|to squeeze toothpaste|매운 *치약*|spicy toothpaste|*치약*과 칫솔|toothpaste and toothbrush
|7714|금요일|명|金曜日|A|Friday|*금요일* 밤|Friday night|이번 주 *금요일*|this Friday|*금요일*마다 만나요|see you every Friday
|7720|김밥|명||A|Kimbap|*김밥*을 말다|to roll kimbap|참치 *김밥*|tuna kimbap|*김밥* 한 줄|one roll of kimbap
|7773|바나나|명|banana|A|banana|노란 *바나나*|yellow banana|*바나나* 껍질|banana peel|*바나나* 우유|banana milk
|7818|수요일|명|水曜日|A|Wednesday|*수요일* 오후|Wednesday afternoon|지난 *수요일*|last Wednesday|*수요일*에 봐요|see you on Wednesday
|7864|운전하다|동|運轉-|A|to drive|차를 *운전하다*|to drive a car|조심해서 *운전해요*|driving carefully|직접 *운전하다*|to drive oneself
|8031|노트02|명|note|A|notebook|*노트* 필기|taking notes|*노트*를 사다|to buy a notebook|비밀 *노트*|secret notebook
|8053|딸기|명||A|strawberry|빨간 *딸기*|red strawberry|*딸기* 잼|strawberry jam|*딸기*를 씻다|to wash strawberries
|8235|초콜릿|명|chocolate|A|chocolate|달콤한 *초콜릿*|sweet chocolate|*초콜릿*을 먹다|to eat chocolate|*초콜릿* 케이크|chocolate cake
|8264|피자|명|&이pizza|A|pizza|*피자* 한 판|a whole pizza|*피자*를 배달하다|to deliver pizza|치즈 *피자*|cheese pizza
884|8329|노란색|명|-色|A|yellow|*노란색* 옷|yellow clothes|*노란색* 꽃|yellow flower|*노란색*으로 칠하다|to paint in yellow
|8336|달러|명|dollar|A|dollar|백 *달러*|one hundred dollars|*달러* 환율|dollar exchange rate|*달러*로 바꾸다|to change into dollars
|8359|만06|수|萬|A|ten thousand|일 *만*|ten thousand|*만* 원|ten thousand won|*만* 가지 생각|ten thousand thoughts
|8505|이분01|대||A|this person (honorific)|*이분*은 누구세요?|who is this person?|*이분*께 여쭤봐|ask this person|*이분*이 사장님이야|this person is the CEO
888|8589|칫솔|명|齒-|A|toothbrush|*칫솔*을 바꾸다|to change a toothbrush|부드러운 *칫솔*|soft toothbrush|*칫솔*에 치약을 짜다|to squeeze toothpaste onto a toothbrush
|8603|포도06|명|葡萄|A|grape|달콤한 *포도*|sweet grape|*포도* 한 송이|a bunch of grapes|*포도* 주스|grape juice
890|8672|공중전화|명|公衆電話|A|public phone|*공중전화* 박스|public phone booth|*공중전화*를 걸다|to make a call from a public phone|추억의 *공중전화*|nostalgic public phone
|8757|배부르다|형||A|to be full|*배부르게* 먹다|to eat until full|정말 *배부르다*|I'm really full|*배부른* 소리|complaining despite having enough
|8795|샤워|명|shower|A|shower|*샤워*를 하다|to take a shower|아침 *샤워*|morning shower|*샤워*실|shower room
893|8809|세탁기|명|洗濯機|A|washing machine|*세탁기*를 돌리다|to run the washing machine|드럼 *세탁기*|drum-style washing machine|*세탁기*가 고장 나다|the washing machine is broken
|9061|그래서|불|그리하여서|A|and so|*그래서* 그랬구나|so that's why|*그래서* 결론이 뭐야?|so what's the conclusion?|비가 와요. *그래서* 못 가요|It's raining. So I can't go.
|9077|남동생|명|男-|A|younger brother|친한 *남동생*|close younger brother|*남동생*과 놀다|to play with a younger brother|내 *남동생*|my younger brother
|9103|도착01|명|到着|A|arrival|*도착* 시간|arrival time|서울 *도착*|arrival in Seoul|*도착*을 알리다|to announce arrival
|9202|쇼핑|명|shopping|A|shopping|인터넷 *쇼핑*|internet shopping|*쇼핑*을 가다|to go shopping|*쇼핑* 카트|shopping cart
|9214|스키|명|ski|A|ski|*스키*를 타다|to ski|*스키*장|ski resort|*스키*복|ski suit
|9266|열03|수||A|ten|*열* 명|ten people|*열* 번 찍다|to strike ten times|*열* 시|ten o'clock
|9285|운동화|명|運動靴|A|sneakers|*운동화*를 신다|to wear sneakers|편한 *운동화*|comfortable sneakers|*운동화* 끈|shoelaces
|9356|짜다03|형|음식이 ~|A|to be salty|국이 *짜다*|the soup is salty|너무 *짠* 음식|too salty food|*짜게* 먹지 마|don't eat salty food
|9369|초등학교|명|初等學校|A|elementary school|*초등학교* 교사|elementary school teacher|*초등학교*를 졸업하다|to graduate from elementary school|*초등학교* 친구|elementary school friend
903|9466|공휴일|명|公休日|A|public holiday|법정 *공휴일*|statutory holiday|*공휴일*은 쉽니다|closed on public holidays|내일은 *공휴일*이다|tomorrow is a public holiday
904|9548|마흔|수||A|forty|나이 *마흔*|forty years old|*마흔* 명의 학생|forty students|*마흔* 살|forty years old
|9583|볼펜02|명|ball pen|A|ballpoint pen|*볼펜*으로 쓰다|to write with a pen|검은색 *볼펜*|black ballpoint pen|*볼펜*을 빌리다|to borrow a pen
|9605|빨간색|명|-色|A|red color|*빨간색* 사과|red apple|*빨간색*으로 칠하다|to paint in red|예쁜 *빨간색*|pretty red color
|9733|이09|수|二|A|two|제*이* 장|chapter two|*이* 층 건물|two-story building|*이* 번|number two
|10126|스물|수||A|twenty|*스물* 살|twenty years old|*스물* 마리|twenty (animals)|*스물* 명이 넘다|over twenty people
909|10274|청바지|명|靑-|A|jeans|*청바지*를 입다|to wear jeans|낡은 *청바지*|worn-out jeans|편한 *청바지*|comfortable jeans
|10334|핸드폰|명|hand phone|A|cell phone|*핸드폰*을 잃어버리다|to lose a cell phone|*핸드폰* 번호|cell phone number|*핸드폰* 결제|cell phone payment
|10353|휴지통|명|休紙桶|A|trash can|*휴지통*에 버리다|to throw in the trash can|책상 밑 *휴지통*|trash can under the desk|비어 있는 *휴지통*|empty trash can
|10452|넷째|관||A|fourth|*넷째* 날|fourth day|*넷째* 손가락|fourth finger (ring finger)|*넷째* 골목|fourth alley
913|10833|칠판|명|漆板|A|blackboard|*칠판*을 닦다|to erase the blackboard|*칠판*에 쓰다|to write on the blackboard|*칠판*을 보다|to look at the blackboard
|10839|크리스마스|명|Christmas|A|Christmas|즐거운 *크리스마스*|Merry Christmas|*크리스마스* 선물|Christmas gift|*크리스마스* 트리|Christmas tree
|10999|구01|수|九|A|nine|*구* 개월 동안|for nine months|제*구* 회|the 9th session|*구* 시|nine o'clock
|11099|목요일|명|木曜日|A|Thursday|*목요일* 오후|Thursday afternoon|매주 *목요일*|every Thursday|*목요일*에 만나요|see you on Thursday
917|11421|지우개|명||A|eraser|*지우개*로 지우다|to erase with an eraser|부드러운 *지우개*|soft eraser|*지우개* 똥|eraser crumbs
|11837|사11|수|四|A|four|제*사* 분기|the fourth quarter|*사* 년|four years|*사* 층|fourth floor
|11896|수영장|명|수영장|A|swimming pool|실내 *수영장*|indoor swimming pool|*수영장*에 가다|to go to the swimming pool|*수영장* 물|pool water
|12030|일본어|명|日本語|A|Japanese language|*일본어* 전공|Japanese major|*일본어*를 공부하다|to study Japanese|*일본어* 회화|Japanese conversation
|12246|갈비01|명||A|galbi / ribs|*갈비*를 먹다|to eat ribs|소*갈비* 찜|braised short ribs|*갈비* 양념|galbi marinade
922|12580|서른|수||A|thirty|*서른* 살|thirty years old|나이 *서른*|the age of thirty|*서른* 명|thirty people
|12669|아홉|수||A|nine|*아홉* 살|nine years old|*아홉* 마리|nine (animals)|*아홉* 시|nine o'clock
924|12818|장미05|명|薔薇|A|rose|빨간 *장미*|red rose|*장미* 한 송이|a single rose|*장미* 꽃다발|bouquet of roses
925|12965|파란색|명|-색|A|blue color|*파란색* 바다|blue sea|*파란색* 셔츠|blue shirt|*파란색*으로 그리다|to draw in blue
|13192|냉면|명|冷麵|A|naengmyeon / cold noodles|물 *냉면*|cold noodle soup|*냉면*을 비비다|to mix cold noodles|시원한 *냉면*|refreshing cold noodles
|13411|비빔밥|명||A|bibimbap|*비빔밥*을 먹다|to eat bibimbap|전주 *비빔밥*|Jeonju bibimbap|*비빔밥*을 비비다|to mix bibimbap
928|13584|여든|수||A|eighty|나이 *여든*|eighty years old|*여든* 살|eighty years old|*여든* 명|eighty people
929|13695|일흔|수||A|seventy|나이 *일흔*|seventy years old|*일흔* 살|seventy years old|*일흔* 명|seventy people
|13987|화요일|명|火曜日|A|Tuesday|지난 *화요일*|last Tuesday|*화요일* 아침|Tuesday morning|*화요일*마다|every Tuesday
|14518|선물하다|동|膳물-|A|to give a gift|꽃을 *선물하다*|to give flowers as a gift|친구에게 *선물했어요*|I gave a gift to a friend|부모님께 *선물하다*|to give a gift to parents
|14611|아이스크림|명|ice-cream|A|ice cream|*아이스크림* 가게|ice cream shop|*아이스크림*을 먹다|to eat ice cream|달콤한 *아이스크림*|sweet ice cream
|14695|요리하다02|동|料理-|A|to cook|직접 *요리하다*|to cook oneself|저녁을 *요리해요*|cooking dinner|주방에서 *요리하다*|to cook in the kitchen
|14947|칠01|수|七|A|seven|제*칠* 회|the 7th session|*칠* 년|seven years|*칠* 층|seventh floor
|15360|다섯째|수||A|fifth|*다섯째* 아들|fifth son|*다섯째* 번|fifth time|*다섯째*로 크다|the fifth largest
|15475|맛없다|형||A|to be tasteless|음식이 *맛없다*|food is not tasty|*맛없는* 식당|bad restaurant|정말 *맛없어요*|it really tastes bad
|15575|백05|수|百|A|hundred|*백* 원|one hundred won|*백* 년|one hundred years|*백* 점|one hundred points
|15648|사십|수|四十|A|forty|*사십* 명|forty people|*사십* 킬로미터|forty kilometers|제*사십* 회|the 40th session
|16291|팔03|수|八|A|eight|*팔* 개월|eight months|제*팔* 과|lesson eight|*팔* 층|eighth floor
|17194|실례하다|동|失禮-|A|to excuse oneself|잠시 *실례하겠습니다*|excuse me for a moment|*실례합니다*, 말씀 좀...|excuse me, may I speak...|어른께 *실례했다*|to be rude to an elder
|17283|여섯|수||A|six|*여섯* 마리|six (animals)|*여섯* 살|six years old|*여섯* 시|six o'clock
|17406|육02|수|六|A|six|제*육* 감|sixth sense|*육* 개월|six months|*육* 학년|sixth grade
|17461|일곱|수||A|seven|*일곱* 살|seven years old|*일곱* 명|seven people|*일곱* 시|seven o'clock
|18764|삼십|수|三十|A|thirty|*삼십* 분|thirty minutes|*삼십* 일|thirty days|*삼십* 층|thirtieth floor
|19100|오십|수|五十|A|fifty|*오십* 프로|fifty percent|*오십* 대|one's fifties|*오십* 개|fifty items
|19454|중국어|명|中國語|A|Chinese language|*중국어*를 배우다|to learn Chinese|*중국어* 선생님|Chinese teacher|*중국어* 회화|Chinese conversation
|19607|칠십|수|七十|A|seventy|*칠십* 명|seventy people|나이 *칠십*|seventy years of age|*칠십* 개|seventy items
|20314|다섯째|관||A|fifth|*다섯째* 딸|fifth daughter|*다섯째* 줄|fifth row|*다섯째* 주|fifth week
949|20886|사탕02|명|沙糖|A|candy|달콤한 *사탕*|sweet candy|*사탕*을 먹다|to eat candy|*사탕* 한 봉지|a bag of candy
950|21340|예순|수||A|sixty|나이 *예순*|sixty years old|*예순* 살|sixty years old|*예순* 명|sixty people
|21348|오04|수|五|A|five|제*오* 절|section five|*오* 년 동안|for five years|*오* 시|five o'clock
|24036|십|수|十|A|ten|*십* 킬로미터|ten kilometers|*십* 분 전|ten minutes ago|제*십* 회|the 10th session
|24937|천03|수|千|A|thousand|*천* 명의 군인|thousand soldiers|*천* 원짜리|one thousand won bill|수*천* 마리|thousands of animals
954|27846|쉰|수||A|fifty|나이 *쉰*|fifty years old|*쉰* 살|fifty years old|*쉰* 명|fifty people
|28580|육십|수|六十|A|sixty|*육십* 개|sixty items|제*육십* 회|the 60th session|*육십* 대|one's sixties
|29719|팔십|수|八十|A|eighty|*팔십* 점|eighty points|*팔십* 대|one's eighties|*팔십* 마리|eighty (animals)
|34841|여덟|수||A|eight|*여덟* 살|eight years old|*여덟* 시|eight o'clock|*여덟* 명|eight people
958|49265|아흔|수||A|ninety|*아흔* 살|ninety years old|*아흔* 명|ninety people|나이 *아흔*|ninety years of age
|51771|이십|수|二十|A|twenty|*이십* 대|one's twenties|*이십* 불|twenty dollars|*이십* 명|twenty people
|52763|저곳|대||A|that place over there|*저곳*에 살다|to live in that place|*저곳*은 학교이다|that place is a school|*저곳*으로 가다|to go to that place over there
961||경복궁|고|景福宮|A|Gyeongbokgung Palace|*경복궁* 나들이|outing to Gyeongbokgung|*경복궁*에 가다|to go to Gyeongbokgung|*경복궁* 근정전|Geunjeongjeon of Gyeongbokgung
||경주|고|慶州|A|Gyeongju|*경주* 여행|trip to Gyeongju|*경주* 불국사|Bulguksa in Gyeongju|*경주*를 방문하다|to visit Gyeongju
||구십|수|九十|A|ninety|*구십* 점|ninety points|*구십* 대 할머니|grandmother in her nineties|*구십* 킬로|ninety kilos
||남대문|고|南大門|A|Namdaemun|*남대문* 시장|Namdaemun Market|*남대문*을 보다|to see Namdaemun|*남대문* 근처|near Namdaemun
||남대문시장|고|南大門市場|A|Namdaemun Market|*남대문시장* 먹거리|food at Namdaemun Market|*남대문시장* 쇼핑|shopping at Namdaemun Market|*남대문시장* 구경|looking around Namdaemun Market
||독일|고|獨逸|A|Germany|*독일* 맥주|German beer|*독일* 유학|studying in Germany|*독일*어|German language
||러시아|고|Russia|A|Russia|*러시아* 인형|Russian doll|*러시아*어|Russian language|*러시아* 여행|travel to Russia
||미국|고|美國|A|USA / America|*미국* 사람|American|*미국* 대학교|American university|*미국*에 가다|to go to the US
||부산|고|釜山|A|Busan|*부산* 바다|Busan sea|*부산*행 기차|train bound for Busan|*부산* 사투리|Busan dialect
||서울|고||A|Seoul|*서울* 시내|downtown Seoul|*서울* 사람|Seoulite|*서울*로 이사하다|to move to Seoul
||서울역|고|-驛|A|Seoul Station|*서울역* 광장|Seoul Station square|*서울역*에서 만나다|to meet at Seoul Station|*서울역* 환승|transferring at Seoul Station
972||설악산|고|雪嶽山|A|Seoraksan Mountain|*설악산* 등산|climbing Seoraksan|가을 *설악산*|Seoraksan in autumn|*설악산* 국립공원|Seoraksan National Park
||영국|고|英國|A|UK / Britain|*영국* 영어|British English|*영국* 신사|British gentleman|*영국* 여행|trip to the UK
||인천|고|仁川|A|Incheon|*인천* 국제공항|Incheon International Airport|*인천* 바다|Incheon sea|*인천* 차이나타운|Incheon Chinatown
||일본|고|日本|A|Japan|*일본* 음식|Japanese food|*일본* 여행|trip to Japan|*일본*어|Japanese language
||제주도|고|濟州島|A|Jeju Island|*제주도* 여행|trip to Jeju Island|*제주도* 한라산|Hallasan on Jeju Island|*제주도*로 떠나다|to leave for Jeju Island
||중국|고|中國|A|China|*중국* 요리|Chinese cuisine|*중국* 인구|Chinese population|*중국*에 가다|to go to China
||캐나다|고|Canada|A|Canada|*캐나다* 오로라|Canada aurora|*캐나다* 유학|studying in Canada|*캐나다* 달러|Canadian dollar
||프랑스|고|France|A|France|*프랑스* 와인|French wine|*프랑스* 파리|Paris, France|*프랑스*어|French language
||한강|고|漢江|A|Han River|*한강* 공원|Han River Park|*한강* 다리|Han River bridge|*한강* 유람선|Han River cruise
||한국|고|韓國|A|Korea|*한국* 문화|Korean culture|*한국* 음식|Korean food|*한국*어 배우기|learning Korean
||호주|고|濠洲|A|Australia|*호주* 여행|trip to Australia|*호주* 캥거루|Australian kangaroo|*호주* 시드니|Sydney, Australia
|18|등05|의|等|B|etc.|사과, 배 *등*|apples, pears, etc.|*등* 여러 가지|etc., various kinds|성적 일 *등*|first place in grades
984|24|대하다02|동|對-|B|to treat / to face|사람을 *대하다*|to treat a person|문제를 *대하는* 태도|attitude toward a problem|나를 따뜻하게 *대하다*|to treat me warmly
|33|위하다01|동|爲-|B|for the sake of|건강을 *위하다*|for the sake of health|나라를 *위하는* 마음|heart for one's country|너를 *위해서*야|it's for you
986|42|사회07|명|社會|B|society|한국 *사회*|Korean society|*사회* 문제|social issues|*사회*에 나가다|to go out into society
|51|따르다01|동|뒤를 ~|B|to follow|앞차를 *따르다*|to follow the car in front|유행을 *따르다*|to follow a trend|선생님을 *따라가다*|to follow the teacher
|54|그런01|관||B|such / that kind of|*그런* 일|such a thing|*그런* 사람|that kind of person|*그런* 법이 어디 있어?|how can that be?
|62|데01|의||B|place / spot|갈 *데*가 없다|no place to go|아픈 *데*|painful spot|좋은 *데*|good place
990|65|경우03|명|境遇|B|case / situation|비가 올 *경우*|in case of rain|그런 *경우*가 많다|there are many such cases|이런 *경우*에는|in this case
|66|중04|의|中|B|middle / among|회의 *중*|during a meeting|셋 *중*의 하나|one of the three|사용 *중*이다|it is in use
992|72|자신01|명|自身|B|oneself|*자신*이 없다|to lack confidence|*자신*을 믿다|to believe in oneself|*자신*의 일|one's own work
993|73|문화01|명|文化|B|culture|전통 *문화*|traditional culture|*문화* 차이|cultural difference|*문화* 생활|cultural life
994|78|통하다|동|通-|B|to communicate / to pass|말이 *통하다*|to understand each other|공기가 *통하다*|to be well-ventilated|영어로 *통했다*|communicated in English
|80|소리01|명||B|sound / voice|큰 *소리*|loud sound|*소리*를 지르다|to shout|무슨 *소리*야?|what are you saying?
996|86|정도11|명|程度|B|degree / about|어느 *정도*|to some degree|한 달 *정도*|about a month|심할 *정도*로|to an extreme degree
|93|보이다01|동|'보다'의 피동사|B|to be seen / to show|멀리 *보이다*|to be seen in the distance|사진을 *보여주다*|to show a photo|예쁘게 *보이다*|to look pretty
|97|지나다|동||B|to pass|시간이 *지나다*|time passes|십 년이 *지났다*|ten years have passed|길을 *지나가다*|to pass through the street
|102|인간01|명|人間|B|human / person|*인간* 관계|human relations|평범한 *인간*|ordinary human|*인간*의 도리|human duty
|103|사실04|명|事實|B|fact / truth|*사실*을 말하다|to tell the truth|*사실*이 아니다|it is not true|알고 보니 *사실*이다|turned out to be true
|109|점10|명|點|B|point / aspect|중요한 *점*|important point|공통*점*을 찾다|to find common ground|그런 *점*에서|in that aspect
1002|110|의하다01|동|依-|B|to be due to / based on|법에 *의하다*|to be according to the law|소문에 *의하면*|according to rumors|조사에 *의한* 결과|results based on the survey
1003|111|시대02|명|時代|B|era / age|조선 *시대*|Joseon dynasty era|평화로운 *시대*|a peaceful era|*시대*가 변하다|the times are changing
1004|113|이러하다|형||B|to be like this|사정이 *이러하다*|the situation is like this|*이러한* 이유로|for this reason|세상은 *이러해요*|the world is like this
|120|세계02|명|世界|B|world|*세계* 일주|world tour|*세계* 평화|world peace|넓은 *세계*|a wide world
1006|126|자기04|대|自己|B|oneself|*자기* 소개|self-introduction|*자기* 주도|self-directed|*자기*밖에 모르다|to care only for oneself
1007|128|대통령|명|大統領|B|president|*대통령* 선거|presidential election|한국 *대통령*|South Korean president|*대통령*이 되다|to become president
1008|129|가지04|의|한 ~|B|kind / sort / type|여러 *가지*|various kinds|한 *가지* 일|one type of work|세 *가지* 색|three kinds of colors
1009|141|국가01|명|國家|B|nation / state|*국가* 안보|national security|선진 *국가*|developed nation|*국가* 대표|national representative
1010|146|여성01|명|女性|B|woman / female|*여성*복 매장|women's clothing store|현대 *여성*|modern woman|*여성*의 권리|women's rights
1011|152|관계05|명|關係|B|relationship / connection|인간 *관계*|human relations|상관 *관계*|correlation|*관계*가 깊다|to be deeply related
1012|160|나타나다|동||B|to appear / to emerge|효과가 *나타나다*|for effects to show|앞에 *나타나다*|to appear in front|증상이 *나타났다*|symptoms appeared
1013|162|지역03|명|地域|B|region / area|서울 *지역*|Seoul area|낙후된 *지역*|underdeveloped region|특수 *지역*|special area
1014|164|모습01|명||B|appearance / figure|옛 *모습*|old appearance|웃는 *모습*|the way (one) looks when laughing|*모습*을 드러내다|to reveal oneself
|168|보이다02|동|'보다'의 사동사|B|to show / to let see|길을 *보여주다*|to show the way|사진을 *보여줄게*|I'll show you the photo|성적을 *보이다*|to show one's grades
|171|없이|부||B|without|끊임*없이* 노력하다|to try without ceasing|말도 *없이* 가다|to leave without a word|예외 *없이*|without exception
1017|177|뿐01|의||B|only / just|너*뿐*이야|it's only you|그*뿐*만 아니라|not only that|소문일 *뿐*이다|it's just a rumor
|179|방법|명|방법|B|method / way|해결 *방법*|method of solution|좋은 *방법*|a good way|*방법*을 찾다|to find a way
|190|갖다01|동|가지다|B|to have / to hold|꿈을 *갖다*|to have a dream|관심을 *갖다*|to have interest|시간을 *갖자*|let's have some time
|192|특히|부|特-|B|especially / particularly|*특히* 맵다|to be especially spicy|*특히* 좋아하는 곡|an especially favorite song|여름, *특히* 팔월|summer, especially August
|194|이상05|명|以上|B|more than / above|기대 *이상*|more than expected|초등학생 *이상*|elementary student or older|삼만 원 *이상*|30,000 won or more
1022|198|교육|명|敎育|B|education|의무 *교육*|compulsory education|*교육* 제도|education system|아이를 *교육하다*|to educate a child
1023|200|경제04|명|經濟|B|economy|*경제* 성장|economic growth|가정 *경제*|household economy|*경제*가 어렵다|the economy is struggling
|205|예술|명|藝術|B|art|현대 *예술*|modern art|*예술* 작품|work of art|*예술*가로 살다|to live as an artist
1025|211|결과02|명|結果|B|result / outcome|시험 *결과*|exam results|노력의 *결과*|result of effort|*결과*를 기다리다|to wait for the result
|212|내용02|명|內容|B|content / substance|책의 *내용*|content of the book|상세 *내용*|detailed contents|*내용*을 파악하다|to understand the content
|217|당신02|대|當身|B|you / dear|*당신*은 누구십니까?|Who are you?|나의 사랑하는 *당신*|my dear whom I love|*당신* 생각이 맞아요|your thought is correct
|222|느끼다02|동|추위를 ~|B|to feel / to sense|행복을 *느끼다*|to feel happiness|추위를 *느꼈다*|felt the cold|책임을 *느끼다*|to feel responsibility
|228|의미02|명|意味|B|meaning / significance|삶의 *의미*|meaning of life|*의미* 없는 말|meaningless words|단어의 *의미*|meaning of a word
1030|230|밝히다|동||B|to reveal / to light up|사실을 *밝히다*|to reveal the truth|방을 환하게 *밝히다*|to light up a room|입장을 *밝혔다*|revealed one's position
|232|이미01|부||B|already|*이미* 늦었다|it's already late|*이미* 다 먹었어|already ate it all|*이미* 알고 있다|already know
1032|234|정치03|명|政治|B|politics|*정치* 경제|politics and economy|*정치*에 참여하다|to participate in politics|*정치*가 혼란스럽다|politics are chaotic
1033|235|국민|명|國民|B|citizen / the people|대한민국 *국민*|Korean citizen|*국민*의 의무|duty of the citizens|전 *국민*의 관심|interest of the whole nation
1034|239|연구03|명|硏究|B|research / study|학술 *연구*|academic research|*연구*를 진행하다|to conduct research|*연구* 결과|research results
|245|및|부||B|and / as well as|서울 *및* 수도권|Seoul and the capital area|학생 *및* 학부모|students as well as parents|국내 *및* 해외|domestic and overseas
1036|247|짓다01|동||B|to build / to make|집을 *짓다*|to build a house|미소를 *짓다*|to make a smile|밥을 *지었다*|made rice
1037|248|또한|부||B|also / furthermore|*또한* 기쁜 소식|also good news|가난하고 *또한* 아프다|to be poor and also sick|편리하며 *또한* 빠르다|convenient and also fast
|249|이유04|명|理由|B|reason|특별한 *이유*|special reason|거절할 *이유*|reason to refuse|*이유*를 묻다|to ask for the reason
1039|250|또는|부||B|or|연필 *또는* 볼펜|pencil or ballpoint pen|월요일 *또는* 화요일|Monday or Tuesday|사랑 *또는* 우정|love or friendship
|252|글|명||B|writing / text|*글*을 쓰다|to write|감동적인 *글*|moving writing|*글*을 읽다|to read a text
1041|258|세상01|명|世上|B|world / society|*세상* 밖으로|out into the world|*세상*에 이런 일이|how can this happen in the world|힘든 *세상*|a difficult world
|266|두다01|동||B|to put / to leave|가방을 책상에 *두다*|to put a bag on the desk|멀리 *두다*|to leave at a distance|한 발 *뒤처지다*|to be a step behind
1043|267|즉01|부|卽|B|in other words / namely|일주일, *즉* 칠일|one week, namely seven days|*즉* 말하자면|in other words|*즉* 다시 말해|that is to say
|270|이후02|명|以後|B|after / since then|개교 *이후*|since the school opening|졸업 *이후*|after graduation|그 *이후*로|from that point on
1045|272|문학01|명|文學|B|literature|한국 *문학*|Korean literature|*문학* 소녀|literary girl|현대 *문학*|modern literature
1046|275|지방05|명|地方|B|region / countryside|*지방* 자치|local autonomy|*지방*으로 내려가다|to go down to the provinces|강원도 *지방*|Gangwon-do region
|278|최근|명|最近|B|recently / lately|*최근* 소식|recent news|*최근* 들어|lately|*최근*의 변화|recent changes
1048|281|환경02|명|環境|B|environment|자연 *환경*|natural environment|*환경* 보호|environmental protection|주거 *환경*|living environment
1049|286|자체02|명|自體|B|itself|문제 *자체*|the problem itself|*자체* 제작|produced in-house|그 *자체*로 아름답다|beautiful in itself
|290|남다01|동||B|to remain / to be left|기억에 *남다*|to remain in memory|돈이 *남았다*|money was left over|혼자 *남겨지다*|to be left alone
|291|부분01|명|部分|B|part / portion|일*부분*|a portion|상당 *부분*|a considerable part|이 *부분*을 고치다|to fix this part
1052|294|변화|명|變化|B|change|심경의 *변화*|change of heart|*변화*를 시도하다|to try a change|날씨의 *변화*|change in weather
|296|뜻|명||B|meaning / will|단어의 *뜻*|meaning of a word|내 *뜻*대로|as I wish|좋은 *뜻*에서|with good intentions
|299|떨어지다|동||B|to fall / to drop|나뭇잎이 *떨어지다*|leaves fall|기온이 *떨어졌다*|temperature dropped|시험에 *떨어지다*|to fail an exam
1055|301|관하다02|동|關-|B|to concern / related to|정치에 *관한* 책|book about politics|사건에 *관하여*|regarding the case|이에 *관해* 말하다|to speak about this
|303|그냥|부||B|just / as it is|*그냥* 웃다|to just laugh|*그냥* 두세요|leave it as it is|*그냥* 해봤어|I just tried it
1057|304|나누다|동||B|to divide / to share|음식을 *나누다*|to share food|대화를 *나누었다*|exchanged conversation|반으로 *나누다*|to divide in half
|305|이용하다01|동|利用-|B|to use / to utilize|대중교통을 *이용하다*|to use public transport|공간을 *이용해요*|utilizing the space|시설을 *이용하다*|to use facilities
|306|거의01|부||B|almost / nearly|*거의* 다 왔다|almost there|*거의* 매일|nearly every day|*거의* 다 했어|almost finished
1060|308|중심01|명|中心|B|center / core|마을 *중심*|village center|*중심* 인물|central figure|*중심*을 잡다|to find one's balance
1061|309|활동02|명|活動|B|activity|봉사 *활동*|volunteer activity|*활동*이 왕성하다|to be very active|경제 *활동*|economic activity
1062|312|관심01|명|關心|B|interest|*관심*을 끌다|to attract interest|*관심*이 없다|to have no interest|많은 *관심* 부탁드려요|please give us much interest
1063|313|역시01|부|亦是|B|as expected / also|*역시* 최고다|as expected, (it's) the best|너 *역시* 마찬가지야|you too are the same|*역시* 어렵네|it's difficult as expected
1064|315|애02|명|아이|B|kid / child|*애*가 울다|a kid is crying|우리 *애*|my kid|*애*를 키우다|to raise a child
1065|316|광고02|명|廣告|B|advertisement|TV *광고*|TV commercial|*광고*를 내다|to place an ad|과장 *광고*|exaggerated advertising
1066|317|나다01|보||B|to end up (aux)|죽고 *나다*|to have died|끝나고 *나서*|after it's over|다 먹고 *나면*|once I finish eating
1067|319|정신12|명|精神|B|spirit / mind|*정신* 건강|mental health|*정신*을 차리다|to collect one's senses|시대 *정신*|spirit of the times
1068|320|이르다01|동|도착하다|B|to reach / to arrive|정상에 *이르다*|to reach the summit|결론에 *이르렀다*|reached a conclusion|목적지에 *이르다*|to arrive at a destination
|321|땅01|명||B|land / ground|*땅*에 묻다|to bury in the ground|넓은 *땅*|wide land|*땅*이 굳다|the ground is firm
1070|322|이루다01|동||B|to achieve / to form|꿈을 *이루다*|to achieve a dream|가족을 *이루다*|to start a family|성공을 *이루었다*|achieved success
1071|326|두다01|보||B|to do (aux)|먹어 *두다*|to eat beforehand|알아 *두세요*|please keep in mind|적어 *두다*|to write down for later
1072|328|기술01|명|技術|B|technology / skill|과학 *기술*|science and technology|운전 *기술*|driving skill|*기술*을 배우다|to learn a technique
1073|329|전체01|명|全體|B|whole / entire|학급 *전체*|the whole class|*전체* 회의|full meeting|*전체*적인 분위기|overall atmosphere
1074|331|얻다01|동||B|to get / to gain|정보를 *얻다*|to get information|용기를 *얻었다*|gained courage|허락을 *얻다*|to get permission
1075|334|민족|명|民族|B|ethnic group / nation|한*민족*|the Korean people|*민족* 예술|folk art|*민족* 대이동|mass migration of the nation
1076|335|간10|의|間. 서울과 부산 ~|B|between / during|부부 *간*|between husband and wife|장기간 *간*|for a long period|서울과 부산 *간*|between Seoul and Busan
1077|336|조사30|명|調査|B|investigation / survey|실태 *조사*|investigation of the actual state|*조사*를 받다|to be under investigation|만족도 *조사*|satisfaction survey
1078|340|그대로|부||B|as it is|있는 *그대로*|just as it is|말한 *그대로*|exactly as said|*그대로* 멈춰라|stop right there
1079|343|줄04|의|방법|B|how to / way|할 *줄* 알다|to know how to do|갈 *줄* 몰랐어|didn't know (I) would go|수영할 *줄* 안다|knows how to swim
1080|345|년대|의|年代|B|era / the 's (years)|1990*년대*|the 1990s|80*년대* 패션|80s fashion|각 *년대*별|by each decade
1081|346|과학|명|과학|B|science|*과학* 기술|science and technology|*과학*적인 방법|scientific method|*과학* 잡지|science magazine
|348|자연01|명|自然|B|nature|*자연* 보호|nature conservation|*자연*스러운 현상|natural phenomenon|*자연*으로 돌아가다|to return to nature
|352|결국|명|結局|B|final result / end|긴 싸움의 *결국*|the end of a long fight|*결국*이 좋지 않다|the final result is not good|사건의 *결국*|the conclusion of the case
|356|프로그램|명|program|B|program|TV *프로그램*|TV program|교육 *프로그램*|educational program|*프로그램*을 설치하다|to install a program
1085|359|이루어지다|동||B|to consist of / to be achieved|꿈이 *이루어지다*|dreams come true|삼위로 *이루어지다*|to consist of three parts|합의가 *이루어졌다*|an agreement was reached
|361|하루01|명||B|day|*하루* 종일|all day long|*하루* 삼 시 세끼|three meals a day|힘든 *하루*|a tough day
1087|363|적03|의||B|time / occasion|어릴 *적*|when (I) was young|그럴 *적*마다|every time that happens|갈 *적*에|when going
1088|364|터02|의||B|plan / expectation|가려던 *터*에|was just about to go|먹을 *터*이지|must be going to eat|그럴 *터*이다|it is expected to be so
|387|맞다01|동|답이 ~|B|to be correct|답이 *맞다*|the answer is right|내 말이 *맞지*?|am I right?|계산이 딱 *맞다*|the calculation is exactly correct
|380|걸리다01|동|'걸다'의 피동사|B|to be hung / to take (time)|그림이 *걸리다*|a picture is hung|시간이 *걸리다*|to take time|병에 *걸리다*|to fall ill
|381|지키다01|동||B|to keep / to protect|약속을 *지키다*|to keep a promise|나라를 *지키다*|to protect the country|비밀을 *지켰다*|kept a secret
1092|387|바라보다|동||B|to look at / to watch|바다를 *바라보다*|to look out at the sea|물끄러미 *바라봤다*|stared blankly|희망을 *바라보다*|to look toward hope
1093|391|대부분|명|大部分|B|most / majority|학생 *대부분*|most of the students|*대부분*의 사람|most people|*대부분*이 찬성하다|the majority agrees
1094|396|표정03|명|表情|B|expression / look|밝은 *표정*|bright expression|*표정*이 어둡다|to have a dark look|무표정한 *표정*|blank expression
1095|398|일부02|명|一部|B|part / portion|주민의 *일부*|some of the residents|*일부* 지역|certain areas|금액의 *일부*|part of the amount
|401|느낌|명||B|feeling / impression|좋은 *느낌*|a good feeling|*느낌*이 오다|to get a feeling|첫 *느낌*|first impression
1097|403|고개01|명|~를 돌리다|B|head / neck|*고개*를 숙이다|to bow one's head|*고개*를 끄덕이다|to nod|*고개*를 돌리다|to turn one's head
1098|404|성격02|명|性格|B|personality / character|*성격*이 급하다|to be short-tempered|밝은 *성격*|bright personality|*성격* 차이|personality difference
1099|406|세기03|명|世紀|B|century|21*세기*|21st century|수*세기* 동안|for several centuries|*세기*의 대결|match of the century
1100|407|세우다01|동||B|to set up / to stop|계획을 *세우다*|to make a plan|차를 *세우다*|to stop the car|기록을 *세웠다*|set a record
1101|411|현재02|부|現在|B|currently|*현재* 진행 중|currently in progress|*현재*까지의 상황|situation until now|*현재* 살고 있는|currently living
1102|416|발전01|명|發展|B|development|경제 *발전*|economic development|기술의 *발전*|development of technology|*발전*을 거듭하다|to keep developing
1103|419|향하다|동|向-|B|to head toward|서울로 *향하다*|to head toward Seoul|남쪽을 *향해*|toward the south|성공을 *향한* 길|the road toward success
1104|420|관련|명|關聯|B|relation / connection|업무 *관련*|work-related|*관련*이 있다|to have a connection|*관련* 내용을 확인하다|to check related details
1105|422|각01|관|各|B|each / every|*각* 부서|each department|*각* 나라의 문화|culture of each country|*각* 가정에|to every household
1106|425|분위기|명|雰圍氣|B|atmosphere / mood|좋은 *분위기*|good atmosphere|*분위기*가 밝다|the mood is bright|카페 *분위기*|cafe atmosphere
1107|426|그러하다|형||B|to be so|사정이 *그러하다*|the situation is so|*그러한* 사실|such a fact|항상 *그러하지* 않다|it is not always so
1108|427|자기04|명|自己|B|oneself|*자기* 주관|one's own opinion|*자기* 발전을 위해|for self-development|*자기* 일을 하다|to do one's own work
1109|430|우선02|부|于先|B|first of all|*우선* 먹자|let's eat first|*우선* 급한 불|first, the urgent matter|무엇보다 *우선*|first of all
|431|믿다|동||B|to believe / to trust|나를 *믿어*|believe me|친구를 *믿다*|to trust a friend|*믿기* 어려운 일|something hard to believe
1111|433|낳다01|동||B|to give birth|아기를 *낳다*|to give birth to a baby|알을 *낳다*|to lay an egg|결과를 *낳다*|to produce a result
1112|435|정보06|명|情報|B|information|유익한 *정보*|useful information|*정보*를 얻다|to get information|개인 *정보*|personal information
1113|436|열리다02|동|문이 ~|B|to be opened|문이 *열리다*|the door opens|창문이 *열려* 있다|the window is open|행사가 *열리다*|the event is held
|440|만큼|의||B|as much as / to the extent|노력한 *만큼*|as much as one tried|죽을 *만큼*|to the extent of dying|기다린 *만큼*|as much as (I) waited
1115|443|역할|명|役割|B|role|중요한 *역할*|important role|*역할*을 맡다|to take on a role|주인공 *역할*|role of the protagonist
|445|행동|명|行動|B|behavior / action|바른 *행동*|proper behavior|*행동*으로 옮기다|to put into action|돌발 *행동*|unexpected behavior
1117|447|국내02|명|國內|B|domestic / within the country|*국내* 시장|domestic market|*국내* 여행|domestic travel|*국내*외 정세|domestic and international situation
1118|452|예08|명|例|B|example|*예*를 들다|to give an example|*예*외적인 경우|exceptional case|좋은 *예*|a good example
1119|458|나서다|동||B|to step forward / to set out|앞에 *나서다*|to step forward|길을 *나서다*|to set out on a journey|문제를 해결하러 *나섰다*|stepped forward to solve the problem
1120|459|흐르다01|동||B|to flow / to pass|강물이 *흐르다*|river water flows|시간이 *흐르다*|time passes|눈물이 *흐르다*|tears flow
|461|깊다|형||B|to be deep|수심이 *깊다*|the water is deep|*깊은* 생각|deep thought|잠이 *깊이* 들다|to fall into a deep sleep
|464|모양02|명|模樣|B|shape / appearance|동그란 *모양*|round shape|*모양*이 예쁘다|the shape is pretty|갈 *모양*이다|it looks like (one) will go
1123|468|조건02|명|條件|B|condition|계약 *조건*|contract conditions|필수 *조건*|essential condition|*조건*을 제시하다|to propose conditions
1124|476|넘다01|동||B|to cross over / to exceed|산을 *넘다*|to cross a mountain|백 명을 *넘다*|to exceed a hundred people|담을 *넘다*|to climb over a wall
|480|마을01|명||B|village / town|작은 *마을*|small village|우리 *마을*|our village|*마을* 사람|villager
|481|어리다03|형|나이가 적다|B|to be young|나이가 *어리다*|to be young|*어린* 아이|young child|생각이 *어리다*|to be immature
|482|대표|명|代表|B|representative|학생 *대표*|student representative|한국 *대표*|Korean representative|*대표*적인 사례|representative case
1128|483|가능성|명|可能性|B|possibility|*가능성*이 있다|there is a possibility|희박한 *가능성*|slim possibility|성공 *가능성*|possibility of success
1129|484|방향01|명|方向|B|direction|*방향*을 돌리다|to turn direction|반대 *방향*|opposite direction|진행 *방향*|direction of progress
1130|485|대회02|명|大會|B|competition / meeting|운동 *대회*|sports competition|*대회*에 참가하다|to participate in a competition|전국 *대회*|national competition
|486|목소리|명||B|voice|*목소리*가 크다|voice is loud|익숙한 *목소리*|familiar voice|*목소리*를 낮추다|to lower one's voice
1132|491|움직이다|동||B|to move|몸을 *움직이다*|to move one's body|천천히 *움직여요*|moving slowly|마음을 *움직이다*|to touch one's heart
1133|494|노력01|명|努力|B|effort|*노력*을 하다|to make an effort|끊임없는 *노력*|ceaseless effort|*노력*이 결실을 맺다|effort bears fruit
1134|496|전혀01|부|全-|B|not at all|*전혀* 모르다|to not know at all|*전혀* 다르다|to be completely different|*전혀* 상관없다|to not matter at all
1135|498|단체02|명|團體|B|group / organization|시민 *단체*|civic group|*단체* 행동|group action|*단체* 손님|group of guests
1136|500|알려지다|동||B|to become known|세상에 *알려지다*|to be known to the world|이름이 *알려지다*|the name became famous|잘 *알려진* 사실|well-known fact
1137|501|가능하다|형|可能-|B|to be possible|이용이 *가능하다*|use is possible|*가능한* 빨리|as soon as possible|실현 *가능한*|feasible
1138|502|능력02|명|能力|B|ability / capability|업무 *능력*|work ability|*능력*이 뛰어나다|to have great ability|*능력*을 발휘하다|to show one's capability
1139|503|주장하다01|동|主張-|B|to insist / to claim|권리를 *주장하다*|to claim rights|강력히 *주장했다*|strongly insisted|자기 의견을 *주장하다*|to assert one's opinion
1140|504|자식01|명|子息|B|children / offspring|*자식* 농사|raising children|*자식*을 기르다|to raise children|금쪽같은 *자식*|precious child
1141|505|돌리다04|동|팽이를 ~|B|to turn / to spin|고개를 *돌리다*|to turn one's head|팽이를 *돌리다*|to spin a top|시선을 *돌리다*|to turn one's gaze
1142|508|모으다|동||B|to gather / to collect|돈을 *모으다*|to save money|사람을 *모으다*|to gather people|우표를 *모으다*|to collect stamps
1143|509|자료03|명|資料|B|data / material|참고 *자료*|reference material|*자료*를 찾다|to look for data|조사 *자료*|survey data
1144|516|제품02|명|製品|B|product|신*제품* 출시|launch of new product|전자 *제품*|electronic products|*제품*을 홍보하다|to promote a product
1145|520|사업04|명|事業|B|business / enterprise|*사업*을 시작하다|to start a business|개인 *사업*|private business|*사업* 계획|business plan
1146|523|지난해|명||B|last year|*지난해* 여름|last year's summer|*지난해* 말|end of last year|*지난해*와 비교하다|to compare with last year
1147|524|표현|명|表現|B|expression|감정 *표현*|expression of emotion|*표현*을 잘하다|to be good at expressing|말이나 *표현*|words or expressions
1148|528|젊다|형||B|to be young|나이가 *젊다*|to be young|*젊은* 시절|youthful days|생각이 *젊다*|to have a young mindset
1149|529|동시02|명|同時|B|the same time|*동시* 상영|simultaneous screening|*동시*에 일어나다|to happen at the same time|*동시* 통역|simultaneous interpretation
1150|532|순간03|명|瞬間|B|moment / instant|결정적인 *순간*|decisive moment|그 *순간*에|at that moment|찰나의 *순간*|a split second
1151|533|전쟁|명|戰爭|B|war|*전쟁*이 나다|a war breaks out|말 *전쟁*|war of words|*전쟁*을 막다|to prevent war
|538|방송01|명|放送|B|broadcast|라디오 *방송*|radio broadcast|*방송*에 나오다|to appear on broadcast|생*방송* 중|on live air
1153|545|마찬가지|명||B|the same|나도 *마찬가지*야|I am the same|어디나 *마찬가지*다|it's the same everywhere|어제와 *마찬가지*로|same as yesterday
1154|549|과거03|명|過去|B|past|*과거*의 일|thing of the past|*과거*를 잊다|to forget the past|화려한 *과거*|glamorous past
1155|553|현대01|명|現代|B|modern times|*현대* 사회|modern society|*현대* 미술|modern art|*현대*적인 디자인|modern design
1156|555|살펴보다|동||B|to examine / to look around|꼼꼼히 *살펴보다*|to examine thoroughly|주위를 *살펴봤다*|looked around the surroundings|서류를 *살펴보다*|to look through documents
1157|557|차이|명|差異|B|difference|온도 *차이*|temperature difference|*차이*가 크다|the difference is big|생각의 *차이*|difference in thought
|558|풀다|동||B|to solve / to untie|문제를 *풀다*|to solve a problem|신발끈을 *풀다*|to untie shoelaces|오해를 *풀다*|to resolve a misunderstanding
1159|559|시절01|명|時節|B|days / time / season|학생 *시절*|student days|어린 *시절*|childhood days|좋았던 *시절*|the good old days
|561|직접|부|直接|B|directly / in person|*직접* 만들다|to make it oneself|*직접* 만나다|to meet in person|*직접* 확인하다|to check directly
|562|개인02|명|個人|B|individual / personal|*개인* 사정|personal circumstances|*개인*의 자유|individual freedom|*개인*적인 의견|personal opinion
|563|근데01|부|그런데|B|but / anyway|*근데* 있잖아|but you know|*근데* 왜?|but why?|*근데* 진짜야?|but is it for real?
1163|565|작가01|명|作家|B|writer / author|소설 *작가*|novel writer|인기 *작가*|popular author|*작가*가 되다|to become a writer
1164|566|효과01|명|效果|B|effect|광고 *효과*|advertising effect|*효과*가 좋다|to be effective|부작용 *효과*|side effect
1165|567|불교|명|佛敎|B|Buddhism|*불교* 사원|Buddhist temple|한국의 *불교*|Korean Buddhism|*불교* 신자|Buddhist believer
1166|568|끌다|동||B|to pull / to attract|가트를 *끌다*|to pull a cart|관심을 *끌다*|to attract interest|시간을 *끌다*|to stall for time
1167|580|마치03|부||B|as if|*마치* 꿈같다|as if it were a dream|*마치* 영화처럼|just like a movie|*마치* 아는 것처럼|as if knowing
1168|583|바라다01|동||B|to hope / to wish|합격을 *바라다*|to hope to pass|행복하길 *바래요*|I hope you are happy|간절히 *바라다*|to wish earnestly
1169|584|강하다02|형|强-|B|to be strong|바람이 *강하다*|the wind is strong|*강한* 의지|strong will|정신력이 *강하다*|to be mentally strong
|585|경험|명|經驗|B|experience|다양한 *경험*|diverse experiences|*경험*을 쌓다|to gain experience|실무 *경험*|practical experience
1171|587|최고02|명|最高|B|the best / peak|*최고* 기록|best record|기분이 *최고*다|to feel great|*최고*의 품질|the best quality
1172|588|나타내다|동||B|to express / to show|뜻을 *나타내다*|to express a meaning|수치로 *나타내다*|to show in numbers|슬픔을 *나타내다*|to show sadness
|595|다양하다01|형|多樣-|B|to be diverse|색깔이 *다양하다*|colors are diverse|*다양한* 메뉴|diverse menu|종류가 *다양해요*|the types are varied
1174|603|법01|명|法|B|law|*법*을 지키다|to obey the law|*법*대로 해라|do it by the law|*법*에 어긋나다|to go against the law
1175|604|소설03|명|小說|B|novel|단편 *소설*|short story|*소설*을 쓰다|to write a novel|연애 *소설*|romance novel
1176|607|질서03|명|秩序|B|order / discipline|*질서*를 지키다|to keep order|사회 *질서*|social order|공공 *질서*|public order
1177|609|담다01|동|넣다|B|to put in / to contain|그릇에 *담다*|to put in a bowl|진심을 *담다*|to put one's heart into|카메라에 *담다*|to capture on camera
|610|모이다01|동||B|to gather / to assemble|광장에 *모이다*|to gather at the square|돈이 *모이다*|money is being saved|모두 *모였어*?|is everyone gathered?
1179|611|시민|명|市民|B|citizen|서울 *시민*|Seoul citizen|*시민*의 의식|civic consciousness|보통 *시민*|ordinary citizen
1180|612|회장07|명|會長|B|chairman / president|학생회 *회장*|student council president|그룹 *회장*님|group chairman|*회장*으로 선출되다|to be elected as president
|614|스스로|부||B|by oneself|*스스로* 공부하다|to study by oneself|*스스로* 결정하다|to decide on one's own|*스스로* 해결하다|to solve by oneself
|618|이날|명||B|this day|*이날* 아침|the morning of this day|*이날* 이후로|after this day|*이날*을 기다렸다|waited for this day
1183|619|제대로|부||B|properly|*제대로* 하다|to do properly|*제대로* 먹다|to eat properly|말이 *제대로* 안 나와|cannot speak properly
1184|621|던지다|동||B|to throw|공을 *던지다*|to throw a ball|질문을 *던지다*|to pose a question|시선을 *던지다*|to cast a look
1185|623|공간05|명|空間|B|space|개인 *공간*|personal space|*공간*을 차지하다|to occupy space|생활 *공간*|living space
1186|627|벌이다|동||B|to start / to open|잔치를 *벌이다*|to hold a feast|사업을 *벌이다*|to start a business|싸움을 *벌이다*|to start a fight
1187|631|강조하다|동|强調-|B|to emphasize|중요성을 *강조하다*|to emphasize importance|반복해서 *강조했다*|emphasized repeatedly|실천을 *강조하다*|to emphasize practice
1188|633|맡다01|동|담임을 ~|B|to take charge of|일을 *맡다*|to take charge of work|책임을 *맡다*|to take responsibility|역할을 *맡았다*|took on a role
1189|635|한편|부|-便|B|on the other hand / meanwhile|*한편*으로는 걱정이다|on one hand, I'm worried|*한편* 그 시각에|meanwhile at that time|*한편* 다른 의견은|on the other hand, another opinion is
1190|637|기자05|명|記者|B|reporter|신문 *기자*|newspaper reporter|방송 *기자*|broadcast reporter|*기자* 회견|press conference
1191|641|주로01|부|主-|B|mostly / mainly|*주로* 집에서|mostly at home|*주로* 이용하는|mainly used|*주로* 먹는 음식|food mainly eaten
1192|642|훨씬|부||B|much more|*훨씬* 좋다|to be much better|*훨씬* 빠르다|to be much faster|*훨씬* 더 크게|much bigger
1193|645|통일02|명|統一|B|unification|조국 *통일*|unification of the fatherland|*통일*을 이루다|to achieve unification|의견 *통일*|unification of opinions
1194|646|들어서다|동||B|to enter / to step in|방에 *들어서다*|to step into the room|건물이 *들어서다*|a building is built|입구에 *들어서다*|to enter the entrance
|650|시설03|명|施設|B|facility|편의 *시설*|convenience facilities|*시설*을 이용하다|to use facilities|공공 *시설*|public facilities
|654|주변04|명|周邊|B|surroundings / around|학교 *주변*|around the school|*주변*을 살피다|to check the surroundings|내 *주변* 사람들|people around me
|655|대신03|명|代身|B|instead|너 *대신*|instead of you|밥 *대신* 빵|bread instead of rice|*대신* 일해주다|to work instead of (someone)
1198|658|차례01|명|次例|B|turn / order / time|내 *차례*|my turn|여러 *차례*|several times|*차례*를 기다리다|to wait for one's turn
1199|659|군05|명|軍|B|military / army|*군* 복무|military service|*군*에 가다|to go into the military|공*군* 소속|belonging to the Air Force
1200|662|재산|명|財産|B|property / wealth|개인 *재산*|personal property|*재산*을 모으다|to accumulate wealth|막대한 *재산*|huge fortune
1201|666|약간|부|若干|B|slightly|*약간* 늦다|to be slightly late|*약간*의 차이|a slight difference|소금을 *약간* 넣다|to add a bit of salt
1202|668|요구하다|동|要求-|B|to demand|사과를 *요구하다*|to demand an apology|권리를 *요구하다*|to demand rights|대책을 *요구하고* 있다|are demanding measures
|670|첫|관||B|first|*첫* 만남|first meeting|*첫* 번째|the first one|*첫* 눈에 반하다|to fall in love at first sight
|673| 사실04|부|事實|B|actually|*사실*은 몰랐어요|actually, I didn't know|*사실* 별로예요|to be honest, it's not great|그게 *사실*입니까?|is that actually true?
|677|약03|관|約|B|about|*약* 한 달|about a month|*약* 백 명|about a hundred people|*약* 두 시|about two o'clock
1206|678|기간07|명|期間|B|period|시험 *기간*|exam period|일정한 *기간*|a fixed period|*기간*이 만료되다|the period has expired
1207|680|일으키다|동||B|to cause / to raise|문제를 *일으키다*|to cause a problem|사고를 *일으키다*|to cause an accident|아이를 *일으키다*|to help a child up
1208|685|공장02|명|工場|B|factory|자동차 *공장*|car factory|*공장*을 가동하다|to operate a factory|*공장* 근로자|factory worker
1209|687|즐기다01|동||B|to enjoy|음악을 *즐기다*|to enjoy music|여가를 *즐기다*|to enjoy one's leisure|게임은 *즐거워요*|games are fun to enjoy
1210|688|지02|의|만난 ~ 오래되다|B|since|떠난 *지* 일 년|a year since leaving|이사 온 *지* 얼마 안 됐다|not long since moving in|먹은 *지* 오래되다|it's been a long time since eating
1211|690|변하다|동|變-|B|to change|색이 *변하다*|color changes|마음이 *변했다*|one's mind has changed|세상이 *변하고* 있다|the world is changing
|691|사고12|명|事故|B|accident|교통 *사고*|traffic accident|*사고*가 나다|an accident happens|안전 *사고* 예방|prevention of safety accidents
|692|그래도|불|그리하여도|B|still / yet|*그래도* 괜찮아|it's still okay|*그래도* 가야 해|I still have to go|힘들지만 *그래도* 기쁘다|it's hard, but still joyful
1214|693|아무리|부||B|no matter how|*아무리* 바빠도|no matter how busy|*아무리* 생각해도|no matter how much I think|*아무리* 멀어도|no matter how far
1215|695|맞추다01|동||B|to adjust / to match|시계를 *맞추다*|to set/adjust a clock|답을 *맞추다*|to check answers|입을 *맞추다*|to kiss / to align stories
|695|쌀|명||B|rice|*쌀*을 씻다|to wash rice|*쌀* 가마니|rice sack|*쌀*로 밥을 짓다|to cook rice with rice grains
|696|일반02|명|一般|B|general / common|*일반*인 출입 금지|no entry for the general public|*일반*적인 생각|a general thought|*일반*적으로 그렇다|it is generally so
1218|700|막다01|동||B|to block / to prevent|길을 *막다*|to block the road|바람을 *막다*|to block the wind|유행을 *막을* 수 없다|cannot prevent the trend
|704|버리다01|동||B|to throw away|쓰레기를 *버리다*|to throw away trash|미련을 *버리다*|to give up lingering attachment|다 잊어 *버리다*|to forget it all
|705|붙이다|동||B|to stick / to attach|우표를 *붙이다*|to stick a stamp|이름을 *붙이다*|to give a name|불을 *붙이다*|to light a fire
1221|707|늘|부||B|always|*늘* 고마워|always thankful|*늘* 그 자리에|always in that spot|*늘* 하던 대로|always as usual
1222|709|전국03|명|全國|B|nationwide|*전국* 각지|all over the country|*전국* 대회|nationwide competition|*전국*적으로 비|rain nationwide
1223|711|마치다02|동||B|to finish|일을 *마치다*|to finish work|수업을 *마쳤다*|finished class|모든 과정을 *마치다*|to complete the entire course
|714|도움|명||B|help|*도움*을 주다|to give help|*도움*을 요청하다|to request help|큰 *도움*이 되다|to be a great help
1225|715|가정06|명|家庭|B|home / family|화목한 *가정*|harmonious family|*가정* 방문|home visit|*가정*을 꾸리다|to start a family
1226|717|빠지다02|동|물에 ~|B|to fall into|물에 *빠지다*|to fall into water|함정에 *빠졌다*|fell into a trap|사랑에 *빠지다*|to fall in love
1227|721|오늘날|명||B|today / nowadays|*오늘날*의 사회|today's society|*오늘날*에 이르러|reaching the present day|*오늘날*의 과학 기술|science and technology of today
1228|723|농업|명|農業|B|agriculture|*농업* 종사자|agricultural worker|*농업* 생산량|agricultural production|전통적인 *농업*|traditional agriculture
1229|725|식04|의|式|B|style / way|한국 *식*|Korean style|옛날 *식*|old-fashioned way|이런 *식*으로|in this way
1230|726|의견01|명|意見|B|opinion|*의견*을 나누다|to share opinions|개인적인 *의견*|personal opinion|*의견*이 다르다|to have different opinions
1231|730|표현하다|동|表現-|B|to express|말로 *표현하다*|to express in words|감정을 *표현했다*|expressed emotions|그림으로 *표현하다*|to express through a drawing
|732|이상하다|형|異常-|B|to be strange|기분이 *이상하다*|to feel strange|*이상한* 소리|strange sound|냄새가 *이상해요*|the smell is weird
|734|붙다|동||B|to stick / to pass|벽에 *붙다*|to stick to the wall|시험에 *붙었다*|passed the exam|불이 *붙다*|to catch fire
1234|739|경기11|명|競技|B|match / game|축구 *경기*|soccer match|*경기*에서 이기다|to win a game|*경기*를 관람하다|to watch a match
1235|740|목적03|명|目的|B|purpose|방문 *목적*|purpose of visit|*목적*이 분명하다|the purpose is clear|공부할 *목적*으로|with the purpose of studying
1236|741|태도03|명|態度|B|attitude|긍정적인 *태도*|positive attitude|*태도*가 나쁘다|to have a bad attitude|삶에 대한 *태도*|attitude toward life
|742|남성01|명|男性|B|male / man|*남성* 정장|men's suit|*남성* 호르몬|male hormone|*남성*다운 모습|manly appearance
1238|743|주위02|명|周圍|B|surroundings / around|집 *주위*|around the house|*주위*가 시끄럽다|the surroundings are noisy|*주위* 사람들의 시선|the eyes of people around
|745|그만02|부|그 정도까지만|B|no more / stop|*그만* 먹어|stop eating|*그만*두고 싶다|to want to quit|장난은 이제 *그만*|stop the pranks now
1240|746|발생하다|동|發生-|B|to occur|사건이 *발생하다*|an incident occurs|화재가 *발생했다*|a fire broke out|문제가 *발생할* 수 있다|problems may occur
1241|749|어쩌다01|동||B|to happen to / by chance|*어쩌다가* 만났다|met by chance|*어쩌면* 좋을까|what should I do|*어쩌다* 보니 그렇게 됐다|it just happened that way
|750|재료01|명|材料|B|material / ingredient|요리 *재료*|cooking ingredients|천연 *재료*|natural materials|*재료*를 준비하다|to prepare ingredients
1243|751|각각01|부|各各|B|each / respectively|*각각* 다르다|to be each different|*각각* 한 개씩|one of each|*각각*의 장단점|pros and cons of each
|753|옮기다|동||B|to move / to transfer|짐을 *옮기다*|to move luggage|자리를 *옮겼다*|moved seats|한국어로 *옮기다*|to translate/transfer into Korean
|757|자유03|명|自由|B|freedom|언론의 *자유*|freedom of the press|*자유*를 누리다|to enjoy freedom|개인 *자유* 침해|violation of personal freedom
1246|758|책임|명|責任|B|responsibility|*책임*을 지다|to take responsibility|무거운 *책임*|heavy responsibility|*책임*이 막중하다|responsibility is great
|759|바뀌다|동||B|to be changed|계획이 *바뀌다*|the plan changes|번호가 *바뀌었다*|the number changed|주인이 *바뀌다*|the owner changes
1248|761|심하다|형|甚-|B|to be severe|정도가 *심하다*|the degree is severe|*심한* 장난|severe prank|기침이 *심해요*|the cough is severe
|765|아니02|감||B|what / no|*아니*, 이게 뭐야?|What, what is this?|*아니*, 진짜야?|No, really?|*아니*, 그럴 리가|No, that can't be
1250|767|자라다01|동|커지다|B|to grow|무럭무럭 *자라다*|to grow quickly|꿈을 먹고 *자란다*|growing up with dreams|키가 많이 *자랐네*|you've grown tall
1251|769|구체적|명|具體的|B|concrete / specific|*구체적*인 계획|specific plan|*구체적*으로 설명하다|to explain specifically|내용이 *구체적*이다|the content is concrete
1252|770|기회03|명|機會|B|opportunity|좋은 *기회*|good opportunity|*기회*를 놓치다|to miss an opportunity|마지막 *기회*|last chance
1253|773|지구04|명|地球|B|Earth|*지구* 온난화|global warming|*지구*를 지키다|to protect the Earth|*지구* 한 바퀴|around the Earth
|774|번째|의|番-|B|times (counter)|두 *번째*|the second time|몇 *번째*예요?|which one is it?|마지막 *번째*| the last one
1255|775|소비자|명|消費者|B|consumer|*소비자* 고발|consumer report|*소비자* 보호|consumer protection|현명한 *소비자*|wise consumer
1256|779|기준03|명|基準|B|standard / criteria|선발 *기준*|selection criteria|*기준*에 맞다|to meet the standard|*기준*을 세우다|to set a standard
1257|780|말11|의|末|B|end|학기 *말*|end of the semester|이번 달 *말*|end of this month|세기 *말*|end of the century
1258|781|반드시|부||B|surely / certainly|*반드시* 성공하다|to surely succeed|*반드시* 오세요|be sure to come|*반드시* 필요한 것|absolutely necessary thing
1259|787|받아들이다|동||B|to accept|사실을 *받아들이다*|to accept the fact|제안을 *받아들였다*|accepted the proposal|문화를 *받아들이다*|to embrace a culture
1260|791|꺼내다|동||B|to take out|돈을 *꺼내다*|to take out money|말을 *꺼내다*|to bring up a topic|주머니에서 *꺼냈다*|took out from the pocket
1261|792|노동자|명|勞動者|B|worker / laborer|외국인 *노동자*|foreign worker|*노동자*의 권리|rights of workers|육체 *노동자*|manual laborer
1262|793|동네|명|洞-|B|neighborhood|우리 *동네*|my neighborhood|*동네* 한 바퀴|around the neighborhood|*동네* 사람들|neighbors
1263|795|완전히|부|完全-|B|completely|*완전히* 잊다|to completely forget|*완전히* 달라지다|to become completely different|*완전히* 망했다|to be completely ruined
1264|797|전하다|동|傳-|B|to deliver / to tell|소식을 *전하다*|to deliver news|안부를 *전해* 줘|say hello (deliver regards)|뜻을 *전하다*|to convey a meaning
1265|800|맞다02|동|손님을 ~|B|to greet / to welcome|손님을 *맞다*|to greet a guest|새해를 *맞다*|to welcome the new year|공항에서 *맞이하다*|to meet at the airport
|801|별로01|부|別-|B|not really|*별로* 안 매워요|it's not really spicy|*별로* 마음에 안 들어|I don't really like it|*별로* 한 일이 없다|didn't really do much
1267|803|정하다03|동|定-|B|to decide / to set|날짜를 *정하다*|to set a date|규칙을 *정했다*|set the rules|마음을 *정하다*|to make up one's mind
1268|808|대중02|명|大衆|B|the public|*대중* 교통|public transportation|*대중* 문화|popular culture|*대중*의 인기|popularity among the public
1269|809|늘어나다|동||B|to increase / to stretch|인구가 *늘어나다*|population increases|체중이 *늘어났다*|weight increased|시간이 *늘어나다*|time is extended
1270|815|각종|명|各種|B|various kinds|*각종* 사고|various accidents|*각종* 행사|various events|*각종* 비타민|various vitamins
1271|816|빛|명||B|light|햇*빛*|sunlight|달*빛*|moonlight|희망의 *빛*|light of hope
|821|야04|감||B|hey|*야*, 조용히 해|Hey, be quiet|*야*, 너 어디야?|Hey, where are you?|*야*, 오랜만이다|Hey, long time no see
1273|823|현재02|명|現在|B|the present|*현재*와 과거|the present and the past|*현재*에 충실하다|to be faithful to the present|*현재* 시각|current time
1274|826|발견하다01|동|發見-|B|to discover|신대륙을 *발견하다*|to discover a new continent|재능을 *발견했다*|discovered talent|오류를 *발견하다*|to find an error
1275|829|특징|명|特徵|B|characteristic|지리적 *특징*|geographical features|*특징*이 뚜렷하다|characteristics are distinct|개인적 *특징*|personal characteristic
1276|831|선수05|명|選手|B|athlete / player|축구 *선수*|soccer player|국가대표 *선수*|national team player|*선수* 보호 차원|for the sake of protecting players
1277|833|마련하다|동||B|to prepare / to arrange|돈을 *마련하다*|to raise money|자리를 *마련했다*|arranged a seat/spot|대책을 *마련하다*|to prepare measures
|835|발표하다|동|發表-|B|to announce|결과를 *발표하다*|to announce results|신곡을 *발표했다*|released/announced a new song|의견을 *발표하다*|to present an opinion
1279|836|주제04|명|主題|B|topic / theme|토론 *주제*|discussion topic|연구 *주제*|research theme|*주제* 파악|understanding the core theme
1280|842|기본|명|基本|B|basis / basic|*기본* 예절|basic etiquette|*기본*에 충실하다|to stick to the basics|*기본* 원칙|basic principle
|844|사라지다|동||B|to disappear|안개가 *사라지다*|fog disappears|통증이 *사라졌다*|the pain went away|자취를 *감추다*|to vanish without a trace
1282|846|감정06|명|感情|B|emotion / feeling|*감정* 조절|emotional control|*감정*이 풍부하다|to be very emotional|부정적인 *감정*|negative emotion
|847|기억02|명|記憶|B|memory|좋은 *기억*|good memory|*기억*이 나다|to remember|*기억*을 되살리다|to revive a memory
1284|849|인기01|명|人氣|B|popularity|*인기* 가수|popular singer|*인기*가 많다|to be very popular|*인기*를 끌다|to gain popularity
|858|관리04|명|管理|B|management|자기 *관리*|self-management|고객 *관리*|customer management|*관리*를 잘하다|to manage well
|866|들리다03|동|소리가 ~|B|to be heard|소리가 *들리다*|a sound is heard|잘 안 *들려요*|I can't hear well|노래가 *들려오다*|to hear a song coming
1287|867|달리다04|동|말을 ~|B|to run|빨리 *달리다*|to run fast|운동장을 *달렸다*|ran on the playground|앞만 보고 *달리다*|to run looking only forward
1288|869|이전03|명|以前|B|before / previous|사고 *이전*|before the accident|일주일 *이전*|more than a week ago|그 *이전*의 삶|life before that
1289|876|시키다01|동||B|to make (someone do) / to order|일을 *시키다*|to make (someone) work|심부름을 *시켰다*|ordered an errand|커피를 *시키다*|to order coffee
1290|878|국제02|명|國際|B|international|*국제* 공항|international airport|*국제* 관계|international relations|*국제* 전화|international call
|879|그룹01|명|group|B|group|아이돌 *그룹*|idol group|*그룹* 활동|group activity|대기업 *그룹*|conglomerate group
|880|인생01|명|人生|B|life|즐거운 *인생*|joyful life|*인생*의 목표|goal of life|*인생*을 즐기다|to enjoy life
1293|881|전통06|명|傳統|B|tradition|*전통* 문화|traditional culture|*전통*을 잇다|to carry on a tradition|*전통* 의상|traditional clothing
1294|882|기르다|동||B|to raise / to grow|꽃을 *기르다*|to grow flowers|강아지를 *기르다*|to raise a puppy|능력을 *길렀다*|developed/grew an ability
1295|885|조사하다12|동|調査-|B|to investigate|원인을 *조사하다*|to investigate the cause|철저히 *조사했다*|investigated thoroughly|실태를 *조사하다*|to survey the actual condition
1296|886|커다랗다|형||B|to be huge|*커다란* 나무|huge tree|구멍이 *커다랗다*|the hole is huge|*커다랗게* 웃다|to laugh loudly
1297|890|시인10|명|詩人|B|poet|유명한 *시인*|famous poet|*시인*이 되다|to become a poet|서정 *시인*|lyric poet
1298|892|외04|의|外|B|except / other than|그 *외*의 것|things other than that|예상 *외*|unexpected|전공 *외* 과목|subjects outside the major
|895|위치01|명|位置|B|location / position|지리적 *위치*|geographical location|*위치*를 파악하다|to locate/find a position|중요한 *위치*|important position
1300|896|줄이다|동||B|to reduce / to shorten|비용을 *줄이다*|to reduce costs|거리를 *줄였다*|shortened the distance|말수를 *줄이다*|to talk less
1301|898|가격03|명|價格|B|price|*가격*이 오르다|price rises|*가격*을 깎다|to cut the price|저렴한 *가격*|low price
1302|899|달라지다|동||B|to change / to vary|세상이 *달라지다*|the world changes|태도가 *달라졌다*|attitude has changed|어제와 *달라진* 모습|appearance different from yesterday
|903|원하다02|동|願-|B|to want / to desire|평화를 *원하다*|to want peace|*원하는* 대로|as one wishes|성공을 *간절히* 원하다|to dearly want success
1304|904|통신01|명|通信|B|communication|정보 *통신*|information communication|*통신* 수단|means of communication|*통신*이 끊기다|communication is cut off
|905|확인하다|동|確認-|B|to check / to confirm|예약을 *확인하다*|to check a reservation|사실을 *확인했다*|confirmed the fact|직접 *확인하세요*|please check it yourself
|906|모임01|명||B|gathering / meeting|가족 *모임*|family gathering|*모임*을 가지다|to have a meeting|정기적인 *모임*|regular gathering
|909|웃음|명||B|laughter / smile|*웃음*이 나다|to burst into laughter|환한 *웃음*|bright smile|*웃음*을 짓다|to give a smile
1308|910|기계07|명|機械|B|machine|세탁 *기계*|washing machine|*기계*를 고치다|to fix a machine|*기계*처럼 일하다|to work like a machine
1309|911|모양02|의|模樣|B|appearance / likely to|비가 올 *모양*이다|it looks like it will rain|아픈 *모양*이야|it seems (he) is sick|모르는 *모양*이네|it seems you don't know
1310|913|아나운서|명|announcer|B|announcer / news anchor|뉴스 *아나운서*|news anchor|*아나운서*가 꿈이다|dream of being an announcer|유명한 *아나운서*|famous announcer
1311|916|펴다|동||B|to unfold / to spread|책을 *펴다*|to open a book|허리를 *펴다*|to straighten one's back|날개를 *펴다*|to spread wings
1312|921|종교|명|宗敎|B|religion|*종교*가 있나요?|do you have a religion?|*종교*적인 이유|religious reasons|*종교*의 자유|freedom of religion
1313|924|자연스럽다|형|自然-|B|to be natural|*자연스러운* 연기|natural acting|말투가 *자연스럽다*|way of speaking is natural|*자연스럽게* 행동하다|to act naturally
1314|927|돌다|동||B|to turn / to spin|바퀴가 *돌다*|wheels turn|동네를 한 바퀴 *돌다*|to go around the neighborhood|머리가 *돌다*|to feel dizzy
|930|이해06|명|理解|B|understanding|*이해*가 가다|to understand|서로를 *이해*하다|to understand each other|깊은 *이해*|deep understanding
1316|936|혹은|부|或-|B|or / or else|사과 *혹은* 배|apples or pears|오늘 *혹은* 내일|today or tomorrow|전화 *혹은* 문자|phone call or text
1317|942|편09|의|篇|B|volume (counter for books/films)|영화 한 *편*|one movie|논문 여러 *편*|several papers|시 한 *편*|one poem
1318|944|노력하다01|동|努力-|B|to strive / to try hard|열심히 *노력하다*|to try hard|성공하려고 *노력했다*|strove to succeed|*노력하는* 사람|person who makes an effort
1319|945|보호01|명|保護|B|protection|환경 *보호*|environmental protection|아동 *보호*|child protection|*보호*를 받다|to be protected
1320|948|한편|명|-便|B|one side / one way|*한편*의 이야기|one story|마음 *한편*이 아프다|one side of my heart hurts|영화 한 *편*|one film
1321|951|이웃|명||B|neighbor|*이웃* 사촌|close neighbor (like family)|*이웃*집 사람|the person next door|*이웃*을 돕다|to help neighbors
1322|953|공동02|명|共同|B|joint / community|*공동* 주택|community housing|*공동*으로 관리하다|to manage jointly|*공동* 목표|joint goal
1323|954|까닭|명||B|reason / cause|그럴 *까닭*이 없다|no reason for that|무슨 *까닭*인지|for some reason|모르는 *까닭*에|because (I) don't know
1324|960|소녀02|명|少女|B|girl|어린 *소녀*|young girl|*소녀* 같은 감성|girl-like sensitivity|열일곱 살 *소녀*|seventeen-year-old girl
1325|961|지나가다|동||B|to pass by|차들이 *지나가다*|cars pass by|시간이 *지나갔다*|time has passed|그냥 *지나가지* 마세요|please don't just pass by
1326|963|상품03|명|商品|B|product / prize|인기 *상품*|popular product|*상품*을 타다|to win a prize|*상품*권|gift certificate
1327|966|훌륭하다|형||B|to be excellent / great|*훌륭한* 사람|great person|경치가 *훌륭하다*|the view is magnificent|성적이 *훌륭하네요*|the grades are excellent
|968|새로|부||B|newly / anew|*새로* 사다|to buy new|*새로* 시작하다|to start anew|*새로* 지은 건물|newly built building
1329|973|종류02|명|種類|B|kind / type|여러 *종류*|various types|꽃의 *종류*|types of flowers|*종류*별로 분류하다|to classify by type
1330|980|키우다|동||B|to raise / to grow|아이를 *키우다*|to raise a child|꿈을 *키우다*|to nurture a dream|덩치를 *키웠다*|built up one's physique
1331|981|눕다01|동||B|to lie down|침대에 *눕다*|to lie on the bed|잠시 *누워* 쉬다|to lie down and rest for a bit|바닥에 *누웠다*|lied on the floor
1332|982|발달하다|동|發達-|B|to develop / to advance|근육이 *발달하다*|muscles develop|정신이 *발달했다*|mind has developed|교통이 *발달한* 도시|city with developed transport
1333|983|발전하다01|동|發展-|B|to progress / to develop|경제가 *발전하다*|economy develops|관계가 *발전했다*|relationship progressed|크게 *발전하는* 중|developing significantly
1334|985|죽음01|명||B|death|갑작스러운 *죽음*|sudden death|*죽음*을 두려워하다|to fear death|삶과 *죽음*|life and death
1335|986|고통|명|苦痛|B|pain / suffering|*고통*을 느끼다|to feel pain|심한 *고통*|severe suffering|*고통*에서 벗어나다|to escape from pain
1336|989|듯이01|의||B|as if|비가 오*듯이*|as if it's raining|보*듯이* 알다|to know just by looking|미친 *듯이* 달리다|to run like crazy
1337|990|어울리다|동||B|to match / to hang out|옷이 잘 *어울리다*|clothes match well|친구들과 *어울리다*|to hang out with friends|분위기에 *어울리게*|matching the atmosphere
|993|알리다|동||B|to inform / to make known|사실을 *알리다*|to inform of the fact|전화로 *알렸다*|informed via phone|이름을 *알리는* 계기|chance to make one's name known
|997|멀리01|부||B|far away|*멀리* 보이다|to be seen far away|*멀리* 떠나다|to go far away|*멀리*서 오다|to come from afar
|998|빼다01|동|가시를 ~|B|to pull out / to subtract|살을 *빼다*|to lose weight|가시를 *빼다*|to pull out a thorn|이름을 *빼다*|to leave out/remove a name
1341|999|예정02|명|豫定|B|schedule / plan|출발 *예정*|scheduled departure|*예정*대로 진행하다|to proceed as planned|*예정*보다 늦다|later than scheduled
1342|1004|흔히|부||B|commonly / often|*흔히* 있는 일|common occurrence|*흔히* 말하기를|as is often said|*흔히* 볼 수 있다|can be commonly seen
1343|1011|느껴지다|동||B|to be felt|추위가 *느껴지다*|to feel the cold|사랑이 *느껴졌다*|love was felt|슬프게 *느껴지다*|to feel sad
1344|1015|전문08|명|專門|B|specialty / professional|*전문* 분야|field of expertise|*전문* 지식|professional knowledge|*전문*으로 다루다|to handle professionally
1345|1016|정확하다01|형|正確-|B|to be accurate|*정확한* 시간|accurate time|발음이 *정확하다*|pronunciation is accurate|*정확하게* 계산하다|to calculate accurately
1346|1019|등01|명|신체의 일부|B|back (body part)|*등*이 가렵다|back is itchy|*등*을 돌리다|to turn one's back|*등*에 업다|to carry on one's back
1347|1023|찾아오다|동||B|to visit / to come over|집으로 *찾아오다*|to visit the house|손님이 *찾아왔다*|a guest came over|봄이 *찾아오다*|spring arrives
|1026|사용04|명|使用|B|use / usage|*사용* 방법|how to use|*사용*을 금지하다|to ban usage|컴퓨터 *사용*|computer use
1349|1033|결정하다01|동|決定-|B|to decide|진로를 *결정하다*|to decide on a career|혼자 *결정했다*|decided alone|빨리 *결정하세요*|please decide quickly
1350|1034|경영02|명|經營|B|management / operation|기업 *경영*|business management|*경영*학과|department of business|*경영*을 맡다|to take over management
|1036|목표|명|目標|B|goal / target|*목표*를 세우다|to set a goal|인생의 *목표*|life goal|*목표*에 도달하다|to reach the target
1352|1038|숲01|명||B|forest / woods|깊은 *숲*|deep forest|*숲*길을 걷다|to walk in the forest|*숲*이 우거지다|the forest is thick
1353|1039|없어지다|동||B|to disappear / to be gone|물건이 *없어지다*|the item is gone|통증이 *없어졌다*|the pain disappeared|기회가 *없어지다*|to lose an opportunity
1354|1042|떠오르다|동||B|to rise / to come to mind|해공에 *떠오르다*|to rise in the sky|좋은 생각이 *떠오르다*|a good idea comes to mind|얼굴이 *떠올랐다*|a face came to mind
1355|1044|미치다02|동|닿다|B|to reach / to influence|영향을 *미치다*|to influence|손이 *미치지* 않는 곳|place out of reach|기대에 *미치다*|to meet expectations
1356|1045|새벽01|명||B|dawn / early morning|*새벽* 공기|dawn air|*새벽*까지 일하다|to work until dawn|*새벽*에 일어나다|to wake up at dawn
1357|1047|얼른02|부||B|quickly / right away|*얼른* 와라|come quickly|*얼른* 먹어|eat up right away|*얼른* 대답해|answer quickly
1358|1048|임금03|명|賃金|B|wage / pay|최저 *임금*|minimum wage|*임금* 협상|wage negotiation|*임금*을 올리다|to raise wages
1359|1051|무섭다|형||B|to be scary|귀신이 *무섭다*|scared of ghosts|*무서운* 영화|scary movie|밤길이 *무서워요*|night roads are scary
1360|1052|직장05|명|職場|B|workplace|*직장* 상사|workplace boss|*직장*을 구하다|to look for a job|*직장* 생활|working life
1361|1053|참다|동||B|to endure / to hold back|웃음을 *참다*|to hold back laughter|화가 나도 *참다*|to endure despite anger|꾹 *참았다*|held it back firmly
|1054|크기|명||B|size|방의 *크기*|size of the room|적당한 *크기*|appropriate size|*크기*가 다르다|sizes are different
|1056|남기다|동||B|to leave (behind)|음식을 *남기다*|to leave food|이름을 *남기다*|to leave one's name|메모를 *남겼다*|left a memo
1364|1057|서양|명|西洋|B|the West / Western|*서양* 역사|Western history|*서양* 음식|Western food|*서양* 사람들|Westerners
1365|1058|주요01|명|主要|B|major / main|*주요* 원인|main cause|*주요* 인물|major figure|*주요* 도시|major cities
1366|1059|지나치다|형||B|to be excessive|농담이 *지나치다*|the joke is too much|*지나친* 운동|excessive exercise|욕심이 *지나쳐요*|greed is excessive
|1061|냄새|명||B|smell / odor|맛있는 *냄새*|delicious smell|꽃 *냄새*|flower scent|담배 *냄새*|cigarette smell
|1062|부드럽다|형||B|to be soft / smooth|피부가 *부드럽다*|skin is soft|*부드러운* 빵|soft bread|목소리가 *부드러워요*|the voice is smooth
1369|1067|공연02|명|公演|B|performance / show|연극 *공연*|theater performance|*공연*을 보다|to see a show|무료 *공연*|free performance
1370|1069|내놓다|동||B|to put out / to release|물건을 밖에 *내놓다*|to put items outside|신제품을 *내놓았다*|released a new product|의견을 *내놓다*|to put forward an opinion
1371|1070|떼다01|동||B|to detach / to take off|스티커를 *떼다*|to peel off a sticker|눈을 *떼지* 마|don't take your eyes off|영수증을 *떼었다*|detached a receipt
|1071|만들어지다|동||B|to be made|나무로 *만들어지다*|to be made of wood|전통 방식으로 *만들어졌다*|made in the traditional way|계획이 *만들어지다*|a plan is formed
1373|1072|속도01|명|速度|B|speed|*속도*를 줄이다|to slow down|빠른 *속도*|fast speed|*속도* 제한|speed limit
1374|1073|심각하다02|형|深刻-|B|to be serious|문제가 *심각하다*|the problem is serious|*심각한* 표정|serious look|상황이 *심각해요*|the situation is serious
1375|1075|계속되다02|동|繼續-|B|to continue|비가 *계속되다*|the rain continues|전쟁이 *계속되었다*|the war continued|토론이 *계속되는* 중|the discussion is continuing
1376|1078|소년01|명|少年|B|boy|어린 *소년*|young boy|시골 *소년*|country boy|*소년*의 꿈|a boy's dream
1377|1079|소식04|명|消息|B|news / word|기쁜 *소식*|good news|*소식*을 듣다|to hear news|*소식*이 없다|no word (from someone)
|1085|그중|명|-中|B|among them|*그중* 하나|one of them|*그중*에서 제일|the best among them|*그중* 가장 비싼|the most expensive among them
1379|1086|노인01|명|老人|B|elderly person|동네 *노인*|village elder|*노인* 문제|elderly issues|*노인*을 공경하다|to respect the elderly
1380|1087|벌다02|동|돈을 ~|B|to earn / to make (money)|돈을 *벌다*|to earn money|생활비를 *벌었다*|earned living expenses|많이 *벌고* 싶다|want to earn a lot
|1088|살리다|동||B|to save / to revive|목숨을 *살리다*|to save a life|기운을 *살리다*|to cheer up/revive spirits|불씨를 *살렸다*|revived the flame
1382|1092|결정01|명|決定|B|decision|*결정*을 내리다|to make a decision|중요한 *결정*|important decision|*결정*을 미루다|to postpone a decision
1383|1098|썰다01|동||B|to slice / to chop|고기를 *썰다*|to slice meat|채소를 *썰었다*|chopped vegetables|칼로 *썰다*|to slice with a knife
|1100|이미지|명|image|B|image|좋은 *이미지*|good image|*이미지*가 나쁘다|the image is bad|*이미지*를 개선하다|to improve one's image
1385|1105|업무02|명|業務|B|business / work|*업무*를 보다|to do work|공식 *업무*|official business|*업무* 시간|work hours
1386|1108|청소년|명|靑少年|B|youth / teenager|*청소년*기|adolescence|*청소년* 할인|teenager discount|*청소년*을 위한 캠프|camp for youth
|1110|응01|감||B|yes / yeah|*응*, 알았어|yeah, got it|*응*, 그래|yeah, okay|*응*, 마음에 들어|yeah, I like it
1388|1111|이기다01|동|적에게 ~|B|to win / to beat|경기에서 *이기다*|to win the game|적을 *이겼다*|beat the enemy|자신을 *이기다*|to overcome oneself
|1112|찾아보다|동||B|to look up / to search|사전을 *찾아보다*|to look up in a dictionary|인터넷에서 *찾아봤다*|searched on the internet|자료를 *찾아보다*|to look for data
1390|1113|취하다01|동|取-|B|to take / to adopt|조치를 *취하다*|to take measures|태도를 *취했다*|adopted an attitude|휴식을 *취하다*|to take a rest
|1122|선배|명|先輩|B|senior|학교 *선배*|school senior|직장 *선배*님|workplace senior|*선배*를 존경하다|to respect a senior
|1125|구하다01|동|求-|B|to seek / to rescue|일자리를 *구하다*|to look for a job|사람을 *구했다*|rescued a person|도움을 *구하다*|to ask for help
1393|1127|그러므로|부||B|therefore|비가 온다. *그러므로*...|It's raining. Therefore...|*그러므로* 취소했다|therefore, (I) canceled it|*그러므로* 주의가 필요하다|therefore, caution is needed
1394|1128|포함하다02|동|包含-|B|to include|세금을 *포함하다*|to include tax|전부를 *포함했다*|included everything|나를 *포함하여* 다섯 명|five people including me
1395|1134|만약|명|萬若|B|if / in case|*만약*의 사태|emergency situation|*만약* 비가 오면|if it happens to rain|*만약*에 대비하다|"to prepare for the ""if"""
1396|1135|바르다03|형|굽은 데가 없다|B|to be straight / upright|자세가 *바르다*|posture is straight|*바른* 생활|upright living|마음씨가 *바르다*|to be right-minded
1397|1137|숨01|명||B|breath|*숨*을 쉬다|to breathe|*숨*이 차다|to be out of breath|*숨*을 죽이다|to hold one's breath
1398|1138|행사01|명|行事|B|event / function|축제 *행사*|festival event|*행사*를 열다|to hold an event|학교 *행사*|school function
|1142|왕04|명|王|B|king|세종 *대왕*|King Sejong the Great|*왕*이 다스리다|the king rules|*왕*이 되다|to become king
|1143|점점01|부|漸漸|B|gradually / increasingly|*점점* 더워지다|getting gradually hotter|*점점* 좋아지고 있다|getting better bit by bit|*점점* 멀어지다|to move further away gradually
|1145|특별|명|特別|B|special|*특별*한 날|special day|*특별* 관리|special management|*특별* 대우를 받다|to receive special treatment
1402|1146|판단|명|判斷|B|judgment|올바른 *판단*|correct judgment|*판단*을 내리다|to make a judgment|*판단*이 서다|to come to a judgment
1403|1147|해결하다|동|解決-|B|to solve|문제를 *해결하다*|to solve a problem|갈등을 *해결했다*|resolved the conflict|스스로 *해결해라*|solve it yourself
1404|1149|계속하다03|동|繼續-|B|to continue|공부를 *계속하다*|to continue studying|행진을 *계속했다*|continued the march|말을 *계속해* 보세요|please keep speaking
1405|1150|그치다|동||B|to stop|비가 *그치다*|the rain stops|울음을 *그치다*|to stop crying|웃음이 *그치지* 않다|laughter doesn't stop
1406|1152|너무나|부||B|so / too|*너무나* 감사하다|to be so grateful|*너무나* 아름다운 풍경|such a beautiful scenery|*너무나* 보고 싶다|to miss someone so much
1407|1153|높이다|동||B|to raise / to heighten|목소리를 *높이다*|to raise one's voice|효율을 *높였다*|increased efficiency|가치를 *높이다*|to heighten the value
1408|1159|막02|부|마구|B|carelessly / at random|*막* 사용하다|to use carelessly|*막* 던지다|to throw at random|*막* 말하지 마라|don't speak without thinking
1409|1161|수출03|명|輸出|B|export|*수출* 품목|export items|*수출*을 늘리다|to increase exports|자동차 *수출*|car exports
1410|1166|자르다01|동||B|to cut|머리를 *자르다*|to cut hair|종이를 *자르다*|to cut paper|관계를 *잘랐다*|cut off a relationship
1411|1167|데리다|동||B|to take / to bring (person)|아이를 *데려오다*|to bring a child|강아지를 *데리고* 가다|to go with a dog|나를 *데려가* 줘|please take me with you
1412|1169|무척01|부||B|very / extremely|*무척* 기쁘다|to be very happy|*무척* 힘들었다|it was extremely hard|*무척* 아끼는 옷|clothes (I) cherish very much
|1170|비용03|명|費用|B|cost / expense|여행 *비용*|travel expenses|*비용*이 들다|to cost money|*비용*을 절감하다|to reduce costs
1414|1172|옳다01|형||B|to be right / correct|*옳은* 일|the right thing|판단이 *옳다*|the judgment is correct|그 말이 *옳아요*|those words are right
1415|1173|원래01|명|元來|B|originally / by nature|*원래* 모습|original appearance|*원래* 성격|original personality|*원래*부터 알고 있었다|knew it from the beginning
1416|1175|최초|명|最初|B|the first|*최초* 발견자|the first discoverer|세계 *최초*|the world's first|*최초*의 기록|the first record
|1177|놀이01|명||B|play / game|민속 *놀이*|folk game|아이들의 *놀이*|children's play|물*놀이*를 하다|to play in the water
1418|1179|뿌리|명||B|root|깊은 *뿌리*|deep roots|*뿌리*를 내리다|to take root|나무 *뿌리*|tree roots
1419|1180|수입02|명|輸入|B|import|*수입* 자동차|imported car|원자재 *수입*|import of raw materials|*수입*을 금지하다|to ban imports
1420|1181|초03|의|初|B|beginning / early|학기 *초*|beginning of the semester|이십 세기 *초*|early 20th century|오월 *초*|early May
1421|1187|직원03|명|職員|B|employee / staff|회사 *직원*|company employee|신입 *직원*|new staff member|*직원*을 채용하다|to hire employees
1422|1192|상대04|명|相對|B|opponent / partner|결혼 *상대*|marriage partner|*상대* 팀|opponent team|*상대*를 존중하다|to respect the other person
|1194|피부02|명|皮膚|B|skin|*피부*가 좋다|skin is good|*피부* 관리|skin care|민감한 *피부*|sensitive skin
1424|1196|가득01|부|~ 차다|B|full / to the brim|*가득* 담다|to fill up|희망이 *가득*하다|to be full of hope|교실에 *가득* 찬 학생들|students filling the classroom
|1199|벽06|명|壁|B|wall|*벽*에 걸다|to hang on the wall|단단한 *벽*|solid wall|마음의 *벽*|wall in one's heart
1426|1200|장군04|명|將軍|B|general / admiral|이순신 *장군*|General Yi Sun-sin|용감한 *장군*|brave general|*장군*이 지휘하다|the general commands
1427|1201|무역02|명|貿易|B|trade|자유 *무역*|free trade|*무역*을 하다|to trade|*무역* 회사|trading company
|1205|줄01|명|~로 감다|B|rope / line|*줄*을 서다|to stand in line|긴 *줄*|long rope|*줄*을 당기다|to pull the line
1429|1206|쳐다보다|동||B|to look at / to gaze|거울을 *쳐다보다*|to look in the mirror|나를 *쳐다봤다*|gazed at me|하늘을 *쳐다보다*|to look up at the sky
1430|1207|충분히|부|充分-|B|sufficiently / enough|*충분히* 설명하다|to explain sufficiently|*충분히* 자다|to sleep enough|*충분히* 이해해요|I understand perfectly
1431|1208|대15|의|臺|B|unit (counter for machines)|차 세 *대*|three cars|에어컨 한 *대*|one air conditioner|기계 몇 *대*|several machines
1432|1209|신체02|명|身體|B|body|*신체* 검사|physical examination|*신체*의 일부|part of the body|건강한 *신체*|healthy body
|1210|에너지|명|energy|B|energy|*에너지* 절약|energy saving|태양 *에너지*|solar energy|*에너지*가 넘치다|to be full of energy
|1212|정리하다|동|整理-|B|to organize / to tidy|방을 *정리하다*|to tidy the room|생각을 *정리했다*|organized one's thoughts|관계를 *정리하다*|to end/settle a relationship
1435|1213|집안01|명||B|household / family|*집안* 일|housework|우리 *집안*|our family|*집안*이 화목하다|the family is harmonious
1436|1214|배경01|명|背景|B|background|역사적 *배경*|historical background|사진 *배경*|photo background|성장 *배경*|upbringing background
|1215|죽이다01|동|굶겨 ~|B|to kill|불을 *죽이다*|to lower the fire (metaphorical)|해충을 *죽이다*|to kill pests|기를 *죽였다*|discouraged (someone)
1438|1217|단순하다|형|單純-|B|to be simple|*단순한* 구조|simple structure|생각이 *단순하다*|to be simple-minded|*단순하게* 생각하다|to think simply
|1218|반대03|명|反對|B|opposite / opposition|*반대* 방향|opposite direction|*반대* 의견|opposing opinion|*반대*를 무릅쓰다|to brave opposition
1440|1220|빠지다01|동|머리가 ~|B|to fall out / to be missing|머리가 *빠지다*|hair falls out|못이 *빠졌다*|the nail came out|단추가 *빠지다*|a button is missing
1441|1227|푸르다|형||B|to be blue / green|*푸른* 하늘|blue sky|*푸른* 들판|green field|눈이 *푸르다*|eyes are blue
1442|1228|걔|불|그 아이|B|that kid / he / she|*걔*는 누구야?|Who is that kid?|*걔*랑 친해|I'm close with him/her|*걔*가 그랬어|He/she did that
|1231|발표01|명|發表|B|announcement / presentation|결과 *발표*|announcement of results|과제 *발표*|homework presentation|*발표*를 준비하다|to prepare a presentation
1444|1234|흔들다|동||B|to shake / to wave|손을 *흔들다*|to wave one's hand|꼬리를 *흔들다*|to wag a tail|몸을 *흔들었다*|shook one's body
1445|1235|기초06|명|基礎|B|foundation / basic|*기초* 지식|basic knowledge|*기초*가 튼튼하다|the foundation is strong|*기초*를 닦다|to lay the foundation
|1237|드라마|명|drama|B|drama / TV show|한국 *드라마*|Korean drama|*드라마*를 시청하다|to watch a drama|*드라마* 주인공|drama protagonist
|1238|뽑다|동||B|to pull / to select|이를 *뽑다*|to pull a tooth|직원을 *뽑다*|to hire/select employees|번호를 *뽑았다*|drew a number
|1242|미리01|부||B|in advance|*미리* 예약하다|to reserve in advance|*미리* 말해 줘|tell me beforehand|*미리* 준비하다|to prepare in advance
1449|1243|부족하다|형|不足-|B|to be insufficient|잠이 *부족하다*|to lack sleep|실력이 *부족하다*|to lack skill|경험이 *부족해요*|experience is insufficient
|1245|저희01|대||B|we / our (humble)|*저희* 집|our house|*저희* 학교|our school|*저희*가 할게요|we will do it
1451|1246|진행되다|동|進行-|B|to proceed / to progress|회의가 *진행되다*|the meeting is proceeding|순조롭게 *진행되었다*|progressed smoothly|공사가 *진행되는* 중|the construction is underway
1452|1252|법01|의|法|B|way / bound to|그럴 *법*하다|to be likely/plausible|이기기 마련인 *법*|bound to win|잊기 마련인 *법*|bound to forget
1453|1254|오랜|관||B|long-time / for a long time|*오랜* 친구|long-time friend|*오랜* 시간|long time|*오랜* 기다림|long wait
1454|1255|젊은이|명||B|youth / young person|건강한 *젊은이*|healthy youth|*젊은이*들의 유행|trends among young people|*젊은이*답게 살다|to live like a young person
1455|1259|과제04|명|課題|B|task / assignment|어려운 *과제*|difficult task|*과제*를 제출하다|to submit an assignment|당면한 *과제*|immediate task
1456|1261|기록하다|동|記錄-|B|to record|점수를 *기록하다*|to record the score|매일 *기록했다*|recorded every day|일기에 *기록하다*|to record in a diary
1457|1262|다가오다|동||B|to approach / to come closer|추석이 *다가오다*|Chuseok is approaching|가까이 *다가왔다*|came closer|기회가 *다가오다*|an opportunity approaches
1458|1266|종합|명|綜合|B|synthesis / general|*종합* 병원|general hospital|*종합* 점수|overall score|*종합*해서 판단하다|to synthesize and judge
1459|1269|개발하다|동|開發-|B|to develop|기술을 *개발하다*|to develop technology|신제품을 *개발했다*|developed a new product|재능을 *개발하다*|to develop talent
1460|1271|떨다01|동||B|to tremble / to shake|추위에 *떨다*|to tremble with cold|목소리를 *떨다*|voice trembles|겁에 *떨었다*|shook with fear
|1277|자04|감||B|now / well|*자*, 시작합시다|now, let's start|*자*, 보거라|now, look|*자*, 다 됐어|well, it's all done
1462|1278|자유롭다|형|自由-|B|to be free|사고가 *자유롭다*|thought is free|*자유로운* 영혼|free spirit|*자유롭게* 이용하다|to use freely
1463|1279|적극적|명|積極적|B|active / proactive|*적극적*인 참여|active participation|*적극적*으로 돕다|to help proactively|성격이 *적극적*이다|personality is proactive
1464|1280|판매|명|販賣|B|sale / selling|*판매* 가격|selling price|*판매*를 중단하다|to stop sales|인기리에 *판매* 중|on sale with great popularity
1465|1283|길이01|명||B|length|치마 *길이*|skirt length|*길이*를 재다|to measure the length|*길이*가 길다|the length is long
1466|1285|점차02|부|漸次|B|gradually|*점차* 나아지다|to get gradually better|*점차* 늘어나다|to increase gradually|*점차* 잊혀 가다|to be gradually forgotten
1467|1286|톤01|의|ton|B|ton (unit)|오 *톤* 트럭|five-ton truck|수천 *톤*의 쓰레기|thousands of tons of trash|무게가 일 *톤*이다|weight is one ton
1468|1288|관련되다|동|關聯-|B|to be related|범죄와 *관련되다*|to be related to a crime|*관련된* 서류|related documents|직접 *관련되어* 있다|to be directly related
1469|1290|나머지|명||B|the rest / remainder|*나머지* 공부|extra study (remainder)|*나머지* 돈|the rest of the money|*나머지*는 나중에|the rest later
1470|1298|미래02|명|未來|B|future|*미래*의 꿈|future dream|밝은 *미래*|bright future|*미래*를 준비하다|to prepare for the future
1471|1302|인구01|명|人口|B|population|세계 *인구*|world population|*인구*가 감소하다|population decreases|도시 *인구*|city population
1472|1303|기대하다|동|期待-|B|to expect / to look forward to|성공을 *기대하다*|to expect success|내일을 *기대했다*|looked forward to tomorrow|너무 *기대하지* 마|don't expect too much
1473|1308|흘리다|동||B|to spill / to shed|눈물을 *흘리다*|to shed tears|땀을 *흘렸다*|sweated|침을 *흘리다*|to drool
1474|1310|주인공|명|主人公|B|protagonist / hero|소설의 *주인공*|protagonist of the novel|오늘의 *주인공*|hero of today|영화 *주인공*|movie lead
1475|1311|당연하다01|형|當然-|B|to be natural / obvious|*당연한* 결과|obvious result|성공은 *당연하다*|success is natural|질문은 *당연해요*|it's natural to ask questions
1476|1313|따로|부||B|separately|*따로* 계산하다|to pay separately|*따로* 챙기다|to pack separately|*따로* 보관하다|to store separately
|1315|빌리다|동||B|to borrow / to rent|돈을 *빌리다*|to borrow money|책을 *빌렸다*|borrowed a book|힘을 *빌리다*|to borrow someone's strength
|1318|형님|명|兄-|B|older brother / senior|우리 *형님*|my older brother|*형님*이라 부르다|to call someone 'hyeongnim'|무서운 *형님*|scary senior
|1319|놓이다|동||B|to be placed / to be relieved|탁자 위에 *놓이다*|to be placed on the table|마음이 *놓이다*|to be relieved (mind is placed)|다리가 *놓였다*|a bridge was built
1480|1320|당장02|명|當場|B|right now / immediately|*당장* 나가라|get out right now|*당장* 필요한 것|thing needed immediately|*당장*은 어렵다|it's difficult for now
1481|1321|무렵|의||B|around the time|해 질 *무렵*|around sunset|퇴근할 *무렵*|around the time of leaving work|어릴 *무렵*|around the time (I) was young
1482|1323|사물10|명|事物|B|object / thing|주변의 *사물*|surrounding objects|*사물*을 관찰하다|to observe objects|무생물 *사물*|inanimate object
1483|1324|일반적|명|一般的|B|general|*일반적*인 특징|general characteristic|*일반적*으로 쓰이다|to be used generally|생각이 *일반적*이다|the thought is common/general
1484|1326|곱다02|형|아름답다|B|to be beautiful / soft|마음씨가 *곱다*|to have a kind heart|색깔이 *곱다*|the color is beautiful|*고운* 목소리|soft/pretty voice
1485|1327|바닥01|명||B|floor / bottom|방 *바닥*|room floor|*바닥*에 앉다|to sit on the floor|신발 *바닥*|sole of a shoe
|1329|새끼02|명|자식~|B|baby (animal) / youngling|개*새끼*|puppy (also used as an insult)|고양이 *새끼*|kitten|내 *새끼*|my baby (endearing)
1487|1330|생각되다|동||B|to be considered / to be thought|중요하다고 *생각되다*|to be considered important|사실로 *생각되었다*|was thought to be a fact|위험하다고 *생각되는* 곳|place considered dangerous
|1331|서비스|명|service|B|service|고객 *서비스*|customer service|*서비스*가 좋다|the service is good|*서비스*로 주다|to give as a freebie
|1332|선택하다|동|選擇-|B|to choose / to select|전공을 *선택하다*|to choose a major|메뉴를 *선택했다*|selected a menu|신중히 *선택하세요*|please choose carefully
1490|1333|심다01|동||B|to plant|나무를 *심다*|to plant a tree|꽃을 *심었다*|planted flowers|희망을 *심어주다*|to plant hope
|1336|간단하다02|형|簡單-|B|to be simple / brief|*간단한* 식사|simple meal|*간단하게* 설명하다|to explain briefly|구조가 *간단해요*|the structure is simple
|1340|스스로|명||B|oneself|*스스로*의 힘으로|by one's own power|*스스로*를 믿다|to believe in oneself|*스스로*가 대견하다|proud of oneself
1493|1341|견디다|동||B|to endure / to bear|추위를 *견디다*|to endure the cold|고통을 *견뎠다*|bore the pain|끝까지 *견디다*|to endure until the end
1494|1342|기사10|명|記事|B|article / report|신문 *기사*|newspaper article|*기사*를 읽다|to read a report|특종 *기사*|scoop/exclusive article
|1344|막히다|동||B|to be blocked / to be clogged|길이 *막히다*|the road is blocked|코가 *막혔다*|nose is stuffed|말문이 *막히다*|to be speechless
1496|1348|뿌리다|동||B|to sprinkle / to spray|향수를 *뿌리다*|to spray perfume|씨를 *뿌렸다*|sowed seeds|소금을 *뿌리다*|to sprinkle salt
1497|1354|어쩌면|부||B|maybe / perhaps|*어쩌면* 사실일지 몰라|maybe it's true|*어쩌면* 그렇게 예뻐?|how can you be so pretty?|*어쩌면* 좋을까|what should I do?
|1357|비밀|명|秘密|B|secret|*비밀*을 지키다|to keep a secret|우리만의 *비밀*|our own secret|공개된 *비밀*|open secret
1499|1363|아까|부||B|a while ago|*아까* 만났다|met a while ago|*아까* 한 말|what (I) said earlier|*아까*보다 낫다|better than before
1500|1364|알맞다|형||B|to be suitable / fit|용도에 *알맞다*|to be fit for the use|*알맞은* 크기|suitable size|격식에 *알맞게*|fittingly for the formality
1501|1366|희다|형||B|to be white|*흰* 구름|white clouds|머리가 *희다*|hair is white|*하얗고* *희다*|to be pure white
1502|1367|가리키다01|동||B|to point at|손가락으로 *가리키다*|to point with a finger|시계가 12시를 *가리키다*|the clock points to 12|방향을 *가리키다*|to point in a direction
1503|1368|모시다|동||B|to attend to|부모님을 *모시다*|to take care of parents|손님을 *모시다*|to escort a guest|선생님을 *모시고* 가다|to go with a teacher
1504|1369|발달|명|發達|B|development|경제 *발달*|economic development|기술의 *발달*|development of technology|문명이 *발달하다*|civilization develops
1505|1370|수많다|형|數-|B|to be numerous|*수많은* 사람들|numerous people|*수많은* 별|countless stars|*수많이* 널려 있다|to be scattered numerously
1506|1371|잘못|명||B|mistake|*잘못*을 저지르다|to commit a mistake|*잘못*을 빌다|to apologize for a mistake|내 *잘못*이다|it is my fault
1507|1373|평화02|명|平和|B|peace|*평화*를 유지하다|to maintain peace|세계 *평화*|world peace|*평화*로운 나라|peaceful country
1508|1374|공사02|명|工事|B|construction|도로 *공사*|road construction|*공사* 중|under construction|*공사*를 시작하다|to start construction
1509|1375|돌02|명|~멩이|B|stone|*돌*을 던지다|to throw a stone|*돌*에 걸리다|to trip over a stone|*돌*담길|stone wall path
1510|1377|박사01|명|博士|B|doctor (PhD)|*박사* 학위|doctoral degree|경제학 *박사*|PhD in economics|*박사*가 되다|to become a doctor
1511|1379|전문|명|專門家|B|expert|분야의 *전문가*|an expert in the field|*전문가*의 조언|expert advice|*전문가*를 부르다|to call an expert
1512|1380|단지04|부|但只|B|merely|*단지* 농담이다|it's merely a joke|*단지* 상상일 뿐|it's only an imagination|*단지* 알고 싶다|just want to know
1513|1382|무용03|명|舞踊|B|dance|현대 *무용*|modern dance|*무용* 공연|dance performance|*무용*을 배우다|to learn dancing
1514|1383|불리다04|동|'부르다'의 피동사|B|to be called|천재라 *불리다*|to be called a genius|노래가 *불리다*|a song is sung|이름이 *불리다*|name is called
1515|1384|싸움|명||B|fight|말*싸움*|verbal argument|*싸움*을 멈추다|to stop fighting|큰 *싸움*이 나다|a big fight breaks out
1516|1385|자꾸01|부||B|repeatedly|*자꾸* 잊어버려요|I keep forgetting|*자꾸* 웃음이 나다|keep laughing|*자꾸* 전화를 하다|to call repeatedly
1517|1386|차리다|동||B|to prepare|정신을 *차리다*|to pull oneself together|상을 *차리다*|to set the table|가게를 *차리다*|to set up a shop
1518|1387|해외|명|海外|B|overseas|*해외* 여행|overseas travel|*해외* 시장|overseas market|*해외*로 나가다|to go abroad
1519|1388|그리02|부|그러한 모양|B|so (that)|*그리* 멀지 않다|not that far|*그리* 쉽지 않다|not so easy|*그리* 반갑지 않다|not so welcome
1520|1389|뜨다01|동|솟아오르다|B|to rise|해가 *뜨다*|the sun rises|물에 *뜨다*|to float on water|풍선이 *뜨다*|a balloon floats up
1521|1391|미소05|명|微笑|B|smile|밝은 *미소*|bright smile|*미소*를 짓다|to put on a smile|*미소*로 답하다|to answer with a smile
1522|1394|의미하다02|동|意味-|B|to mean|무엇을 *의미합니까*|what does it mean|사랑을 *의미하다*|to mean love|중요한 것을 *의미하다*|to signify something important
1523|1396|체육|명|體育|B|physical education|*체육* 시간|PE class|*체육* 대회|athletic meet|*체육*관에서 운동하다|to exercise in the gym
1524|1399|땀01|명||B|sweat|*땀*을 흘리다|to sweat|*땀*이 나다|to be sweating|*땀*을 닦다|to wipe off sweat
1525|1402|잘되다|동||B|to go well|일이 *잘되다*|work goes well|공부가 *잘되다*|studying goes well|다 *잘될* 거야|everything will be fine
1526|1411|쌓이다|동||B|to be piled up|눈이 *쌓이다*|snow piles up|먼지가 *쌓이다*|dust gathers|스트레스가 *쌓이다*|stress builds up
1527|1412|이익02|명|利益|B|profit|*이익*을 얻다|to gain profit|*이익*이 남다|profit remains|공동의 *이익*|common interest
1528|1413|쥐다01|동|주먹을 ~|B|to hold|손에 *쥐다*|to hold in hand|주먹을 *쥐다*|to clench one's fist|기회를 *쥐다*|to seize an opportunity
1529|1415|게다가|부||B|besides|춥고 *게다가* 배고프다|it's cold and besides, hungry|*게다가* 비까지 왔다|moreover, it even rained|친절하고 *게다가* 예쁘다|kind and furthermore, pretty
1530|1416|끓이다01|동||B|to boil|물을 *끓이다*|to boil water|라면을 *끓이다*|to cook ramen|찌개를 *끓이다*|to boil stew
1531|1417|논문|명|論文|B|thesis|졸업 *논문*|graduation thesis|*논문*을 쓰다|to write a paper|학술 *논문*|academic paper
1532|1418|멈추다|동||B|to stop|차를 *멈추다*|to stop the car|울음을 *멈추다*|to stop crying|비가 *멈추다*|the rain stops
1533|1419|사용되다|동|使用-|B|to be used|재료로 *사용되다*|to be used as material|다양하게 *사용되다*|to be used in various ways|약으로 *사용되다*|to be used as medicine
1534|1420|오랫동안|명||B|for a long time|*오랫동안* 기다리다|to wait for a long time|*오랫동안* 사귀다|to date for a long time|*오랫동안* 꿈꿔온 일|a long-held dream
1535|1424|찾아가다|동||B|to visit|친구를 *찾아가다*|to go visit a friend|집을 *찾아가다*|to find one's way home|물건을 *찾아가다*|to pick up an item
1536|1427|늘다01|동||B|to increase|실력이 *늘다*|skills improve|인구가 *늘다*|population increases|몸무게가 *늘다*|weight increases
1537|1428|양20|명|量|B|amount|*양*을 줄이다|to reduce the amount|적은 *양*|small quantity|충분한 *양*|sufficient amount
|1431|진짜|부|眞-|B|really|*진짜* 맛있다|it's really delicious|*진짜* 몰랐어요|I really didn't know|*진짜*입니까|is it true
|1433|공기06|명|空氣|B|air|맑은 *공기*|fresh air|*공기* 오염|air pollution|*공기*가 차갑다|the air is cold
1540|1434|닿다01|동||B|to touch|손이 *닿다*|hands touch|발이 땅에 *닿다*|feet touch the ground|연락이 *닿다*|to get in touch
1541|1435|물론01|명|勿論|B|of course|*물론*이지요|of course|*물론*이고 말고|certainly|*물론* 힘들겠지만|of course it's hard but
1542|1436|속하다02|동|屬-|B|to belong to|그룹에 *속하다*|to belong to a group|어디에 *속해요*|where do you belong|범주에 *속하다*|to fall under a category
|1437|올림픽|명|Olympic|B|Olympics|*올림픽* 경기|Olympic games|*올림픽* 개최|hosting the Olympics|금메달을 *따다*|to win a gold medal
1544|1438|이외01|명|以外|B|besides|이것 *이외*에도|besides this|가족 *이외*의 사람|people other than family|그 *이외*에는 없다|there's nothing besides that
1545|1440|제공하다02|동|提供-|B|to provide|정보를 *제공하다*|to provide information|서비스를 *제공하다*|to provide service|기회를 *제공하다*|to provide an opportunity
1546|1442|기대03|명|期待|B|expectation|*기대*를 하다|to have expectations|*기대*에 어긋나다|to fail expectations|큰 *기대*|high expectations
1547|1444|식물02|명|植物|B|plant|*식물*을 키우다|to grow plants|희귀 *식물*|rare plant|*식물*원|botanical garden
|1445|옛01|관||B|old|*옛* 친구|old friend|*옛* 추억|old memories|*옛*날 이야기|old story
1549|1447|적어도|부||B|at least|*적어도* 세 번|at least three times|*적어도* 한 시간|at least one hour|*적어도* 밥은 먹자|let's at least eat
|1449|편하다|형|便-|B|to be comfortable|마음이 *편하다*|mind is at ease|입기 *편한* 옷|comfortable clothes to wear|*편하게* 앉으세요|please sit comfortably
1551|1455|어려움|명||B|difficulty|*어려움*을 겪다|to experience difficulty|*어려움*을 이겨내다|to overcome difficulty|생활의 *어려움*|hardship in life
1552|1462|분명히|부|分明-|B|clearly|*분명히* 말하다|to say clearly|*분명히* 보이다|to be clearly visible|*분명히* 그럴 것이다|it will certainly be so
|1464|아무것|명||B|anything|*아무것*도 없다|there is nothing|*아무것*이나 먹다|to eat anything|*아무것*도 몰라요|I don't know anything
1554|1465|온01|관||B|all|*온* 세상|the whole world|*온* 몸|entire body|*온* 힘을 다하다|to do with all one's might
1555|1466|젖다01|동||B|to get wet|비에 *젖다*|to get wet in the rain|땀에 *젖다*|to be soaked in sweat|눈시울이 *젖다*|eyes get misty
1556|1468|최대|명|最大|B|maximum|*최대* 규모|maximum scale|*최대* 수량|maximum quantity|*최대*로 줄이다|to reduce to the maximum
1557|1469|평소|명|平素|B|usual times|*평소*와 다르다|different from usual|*평소*처럼|as usual|*평소* 실력|one's usual ability
1558|1472|농사01|명|農事|B|farming|*농사*를 짓다|to farm|풍년 *농사*|a good harvest|*농사*일|farm work
1559|1473|더구나01|부||B|moreover|*더구나* 비까지 오네|moreover, it's even raining|*더구나* 시간이 없다|furthermore, there's no time|친절하고 *더구나* 똑똑하다|kind and moreover, smart
1560|1475|어둠|명||B|darkness|*어둠* 속에서|in the darkness|*어둠*이 깔리다|darkness falls|*어둠*을 뚫고|through the darkness
|1476|어둡다|형||B|to be dark|방이 *어둡다*|the room is dark|표정이 *어둡다*|expression is dark|앞길이 *어둡다*|the future is bleak
|1478|주택|명|住宅|B|house|단독 *주택*|detached house|*주택* 단지|housing complex|*주택*가|residential area
1563|1480|고장01|명|지역|B|hometown/region|내 고향 *고장*|my home region|낯선 *고장*|unfamiliar place|이 *고장* 특산물|local specialty of this region
1564|1481|관련하다|동|關聯-|B|to be related|사건과 *관련하다*|to be related to the case|서로 *관련된* 일|mutually related matters|*관련해서* 묻다|to ask in relation to
1565|1485|밀다01|동||B|to push|문을 *밀다*|to push the door|뒤에서 *밀다*|to push from behind|수염을 *밀다*|to shave one's beard
|1466|음01|감||B|well/umm|*음*, 글쎄요|well, I'm not sure|*음*, 알겠습니다|umm, I see|*음*, 맛있네요|umm, it's delicious
1567|1490|고려하다01|동|考慮-|B|to consider|상황을 *고려하다*|to consider the situation|의견을 *고려하다*|to consider the opinion|충분히 *고려하다*|to give enough consideration
1568|1493|농촌|명|農村|B|rural village|*농촌* 생활|rural life|*농촌* 지역|farming area|*농촌*으로 떠나다|to leave for the countryside
1569|1494|올라오다|동||B|to come up|위로 *올라오다*|to come up to the top|서울로 *올라오다*|to come up to Seoul|소식이 *올라오다*|news comes up
1570|1495|챙기다|동||B|to take care of|짐을 *챙기다*|to pack one's bags|건강을 *챙기다*|to take care of health|동생을 *챙기다*|to look after a sibling
1571|1496|고르다01|동|뽑다|B|to choose|물건을 *고르다*|to pick an item|답을 *고르다*|to choose an answer|옷을 *고르다*|to pick out clothes
1572|1497|바르다01|동|벽지를 ~|B|to apply|약을 *바르다*|to apply medicine|벽지를 *바르다*|to put up wallpaper|화장품을 *바르다*|to apply cosmetics
1573|1498|벌어지다02|동|싸움이 ~|B|to happen/open|싸움이 *벌어지다*|a fight breaks out|간격이 *벌어지다*|the gap widens|사건이 *벌어지다*|an incident occurs
|1501|포기하다01|동|抛棄-|B|to give up|꿈을 *포기하다*|to give up on a dream|중도에 *포기하다*|to give up halfway|권리를 *포기하다*|to waive one's rights
1575|1503|고치다01|동||B|to fix|시계를 *고치다*|to fix a watch|버릇을 *고치다*|to fix a habit|병을 *고치다*|to cure a disease
1576|1504|그림자|명||B|shadow|*그림자*가 생기다|a shadow forms|*그림자*를 밟다|to step on a shadow|자신의 *그림자*|one's own shadow
1577|1506|다하다|동||B|to do one's best/end|정성을 *다하다*|to do with sincerity|수명이 *다하다*|to come to the end of life|최선을 *다하다*|to do one's best
1578|1507|마침내|부||B|finally|*마침내* 해냈다|finally did it|*마침내* 도착했다|finally arrived|*마침내* 밝혀지다|finally be revealed
|1508|비교하다|동|比較-|B|to compare|둘을 *비교하다*|to compare the two|가격권을 *비교하다*|to compare prices|남과 *비교하다*|to compare with others
1580|1510|커지다|동||B|to grow larger|목소리가 *커지다*|voice gets louder|몸집이 *커지다*|body grows larger|문제가 *커지다*|the problem grows
1581|1511|한쪽|명||B|one side|*한쪽* 눈|one eye|*한쪽* 방향|one direction|*한쪽*으로 치우치다|to lean to one side
1582|1512|검사03|명|檢査|B|examination|신체 *검사*|physical exam|혈액 *검사*|blood test|*검사*를 받다|to get an examination
1583|1516|맡기다|동||B|to entrust|일을 *맡기다*|to entrust a task|아이를 *맡기다*|to leave a child (with someone)|운명에 *맡기다*|to leave to fate
1584|1519|소문02|명|所聞|B|rumor|*소문*이 나다|a rumor spreads|이상한 *소문*|strange rumor|*소문*을 듣다|to hear a rumor
1585|1520|싣다01|동||B|to load|짐을 *싣다*|to load luggage|차에 *싣다*|to load in a car|기사를 *싣다*|to carry an article
1586|1521|쌓다|동||B|to pile up/build|담을 *쌓다*|to build a wall|경력을 *쌓다*|to build experience|실력을 *쌓다*|to build skills
|1524|제목02|명|題目|B|title|영화 *제목*|movie title|책의 *제목*|title of a book|*제목*을 정하다|to decide on a title
1588|1525|짓01|명||B|act/behavior|나쁜 *짓*|bad behavior|무슨 *짓*이야|what are you doing|바보 같은 *짓*|foolish act
1589|1528|하얗다|형||B|to be white|눈이 *하얗다*|the snow is white|얼굴이 *하얗다*|face is pale|*하얀* 종이|white paper
1590|1529|희망|명|希望|B|hope|*희망*을 가지다|to have hope|*희망*이 보이다|to see hope|새로운 *희망*|new hope
1591|1531|군대03|명|軍隊|B|military|*군대*에 가다|to go to the military|*군대* 생활|military life|*군대*를 제대하다|to be discharged from the army
|1532|그만큼|부||B|that much|*그만큼* 중요하다|it's that much important|*그만큼* 먹었다|ate that much|*그만큼* 노력하다|to effort that much
|1533|무어01|대||B|what|*무어*라고 했니|what did you say|*무어*가 문제야|what is the problem|*무어*든 괜찮다|anything is fine
1594|1536|상대방02|명|相對方|B|the other party|*상대방*의 의견|the other's opinion|*상대방*을 배려하다|to consider the other party|*상대방* 전화번호|the other person's number
1595|1539|시골|명||B|countryside|*시골* 풍경|countryside scenery|*시골*에서 살다|to live in the country|고향 *시골*|hometown countryside
|1540|실수01|명|失手|B|mistake|*실수*를 하다|to make a mistake|말*실수*|slip of the tongue|작은 *실수*|small mistake
1597|1541|잘못되다|동||B|to go wrong|일이 *잘못되다*|things go wrong|계산이 *잘못되다*|calculation is wrong|태도가 *잘못되다*|attitude is wrong
1598|1542|치료|명|治療|B|treatment|병을 *치료*하다|to treat a disease|치과 *치료*|dental treatment|*치료*를 받다|to receive treatment
1599|1543|폭06|명|幅|B|width|*폭*이 넓다|to be wide in width|길의 *폭*|width of a road|*폭*이 좁다|to be narrow in width
1600|1545|내밀다|동||B|to stick out|손을 *내밀다*|to reach out a hand|혀를 *내밀다*|to stick out one's tongue|고개를 *내밀다*|to poke one's head out
1601|1546|맞다03|동|매를 ~|B|to be hit|매를 *맞다*|to be beaten|비를 *맞다*|to get rained on|주사를 *맞다*|to get an injection
|1548|시리즈|명|series|B|series|드라마 *시리즈*|drama series|*시리즈*로 연재되다|to be serialized|새로운 *시리즈*|new series
1603|1549|임신02|명|妊娠|B|pregnancy|*임신* 6개월|six months pregnant|*임신* 사실을 알다|to know about the pregnancy|*임신*을 축하하다|to congratulate on the pregnancy
1604|1550|잡히다02|동|'잡다'의 피동사|B|to be caught|도둑이 *잡혔다*|the thief was caught|기회가 *잡히다*|an opportunity is seized|냄새가 *잡히다*|the smell is removed
1605|1553|그램|의|gram|B|gram|백 *그램*|one hundred grams|*그램* 단위로 재다|to measure in grams|무게가 몇 *그램*인가요|how many grams is the weight
1606|1554|밭01|명||B|field|고구마 *밭*|sweet potato field|*밭*에서 일하다|to work in the field|*밭*을 갈다|to plow a field
1607|1555|분석하다02|동|分析-|B|to analyze|데이터를 *분석하다*|to analyze data|원인을 *분석하다*|to analyze the cause|꼼꼼히 *분석하다*|to analyze thoroughly
1608|1556|식구01|명|食口|B|family member|우리 집 *식구*|my family members|*식구*가 많다|to have a large family|한 *식구*처럼 지내다|to live like one family
1609|1559|울리다01|동|종이 ~|B|to ring|벨이 *울리다*|the bell rings|천둥이 *울리다*|thunder rumbles|전화가 *울리다*|the phone rings
1610|1561|확실하다|형|確實-|B|to be certain|*확실한* 증거|certain evidence|승리가 *확실하다*|victory is certain|*확실하게* 결정하다|to decide definitely
1611|1564|글자|명|-字|B|letter|*글자*를 쓰다|to write letters|큰 *글자*|large font|한 *글자*씩 읽다|to read letter by letter
1612|1566|연구하다02|동|硏究-|B|to research|암을 *연구하다*|to research cancer|새로운 기술을 *연구하다*|to research new technology|깊이 *연구하다*|to study deeply
|1567|착하다|형||B|to be good-hearted|*착한* 아이|a good child|마음이 *착하다*|to be kind-hearted|*착하게* 살다|to live a good life
|1574|부동산|명|不動産|B|real estate|*부동산* 시장|real estate market|*부동산* 투기|real estate speculation|*부동산* 중개소|real estate agency
|1577|점10|의|點|B|point/aspect|좋은 *점*|good point|주의할 *점*|point to note|공통된 *점*|common aspect
1616|1578|직업|명|職業|B|job|*직업*을 갖다|to have a job|전문적인 *직업*|professional occupation|*직업*을 바꾸다|to change careers
1617|1583|조상07|명|祖上|B|ancestor|*조상* 대대로|for generations of ancestors|*조상*을 모시다|to honor ancestors|*조상*의 지혜|wisdom of ancestors
1618|1585|검다02|형|색깔이 ~|B|to be black|머리가 *검다*|hair is black|*검은* 정장|black suit|눈동자가 *검다*|eyes are dark
1619|1586|곁01|명||B|side|내 *곁*에 있어|stay by my side|*곁*을 지키다|to stay by someone's side|*곁*으로 다가가다|to approach someone
|1588|너희|대||B|you (plural)|*너희* 둘|you two|*너희* 집|your house|*너희*가 해라|you guys do it
1621|1590|따다01|동|떼다|B|to pick|사과를 *따다*|to pick an apple|자격증을 *따다*|to get a certificate|점수를 *따다*|to score points
1622|1591|문제점|명|問題點|B|problematic point|*문제점*을 지적하다|to point out a problem|심각한 *문제점*|serious problem|*문제점*을 해결하다|to solve a problem
1623|1593|불가능하다|형|不可能-|B|to be impossible|거의 *불가능하다*|to be almost impossible|실현 *불가능한* 꿈|an impossible dream|*불가능해* 보이다|to look impossible
1624|1594|인제01|부||B|now|*인제* 가야지|I should go now|*인제* 다 됐다|it's all done now|*인제* 와서 뭐해|what's the use now
1625|1595|충격02|명|衝擊|B|shock|*충격*을 받다|to be shocked|정신적 *충격*|mental shock|*충격*적인 소식|shocking news
1626|1597|금방01|부|今方|B|soon|*금방* 올게요|I'll be right back|*금방* 끝나요|it will finish soon|*금방* 잊어버리다|to forget quickly
1627|1599|누르다01|동|힘을 가하다|B|to press|버튼을 *누르다*|to press a button|벨을 *누르다*|to ring the doorbell|꾹 *누르다*|to press hard
|1600|미술|명|美術|B|fine arts|*미술* 학원|art academy|*미술* 작품|work of art|*미술*을 전공하다|to major in art
|1608|꽤01|부||B|quite|*꽤* 비싸다|it's quite expensive|*꽤* 오래되다|it's been quite a while|*꽤* 잘하다|to do quite well
1630|1610|서로01|명||B|each other|*서로* 돕다|to help each other|*서로* 다른 의견|different opinions from each other|*서로* 사랑하다|to love each other
1631|1612|한참|명||B|a long while|*한참* 동안|for a good while|*한참*을 기다리다|to wait for a long time|*한참* 바쁠 때|when one is very busy
1632|1614|끊다|동||B|to cut/quit|담배를 *끊다*|to quit smoking|전화를 *끊다*|to hang up the phone|관계를 *끊다*|to break off a relationship
1633|1615|넘어가다01|동||B|to cross over|고개를 *넘어가다*|to cross a hill|페이지를 *넘어가다*|to turn a page|위기를 *넘어가다*|to get past a crisis
1634|1616|담기다01|동|담다|B|to be contained|병에 *담기다*|to be contained in a bottle|진심이 *담긴* 편지|a letter filled with sincerity|접시에 *담기다*|to be put on a plate
1635|1620|서두르다|동||B|to hurry|출근을 *서두르다*|to hurry to work|너무 *서두르지* 마세요|don't rush too much|*서둘러* 나가다|to go out in a hurry
1636|1624|충분하다01|형|充分-|B|to be enough|시간이 *충분하다*|there is enough time|*충분한* 휴식|sufficient rest|*충분히* 설명하다|to explain sufficiently
|1625|기쁘다|형||B|to be happy|만나서 *기쁘다*|happy to meet you|정말 *기쁜* 소식|really happy news|마음이 *기쁘다*|to feel joyful
1638|1633|기쁨|명||B|joy|*기쁨*을 나누다|to share joy|승리의 *기쁨*|the joy of victory|*기쁨*에 넘치다|to be overflowing with joy
1639|1634|깊이02|부||B|deeply|*깊이* 생각하다|to think deeply|*깊이* 잠들다|to fall into a deep sleep|*깊이* 반성하다|to reflect deeply
1640|1635|꾸미다|동||B|to decorate|방을 *꾸미다*|to decorate a room|예쁘게 *꾸미다*|to dress up prettily|이야기를 *꾸미다*|to make up a story
1641|1636|늘리다|동||B|to increase|체중을 *늘리다*|to increase weight|시간을 *늘리다*|to extend time|실력을 *늘리다*|to improve one's skill
1642|1637|무릎|명||B|knee|*무릎*을 꿇다|to kneel down|*무릎*이 아프다|knees hurt|*무릎* 위에 놓다|to put on one's lap
1643|1638|발견되다|동|發見-|B|to be discovered|시신이 *발견되다*|a body is found|새로운 사실이 *발견되다*|a new fact is discovered|유물이 *발견되다*|artifacts are discovered
1644|1642|이용01|명|利用|B|use|대중교통 *이용*|use of public transport|시설 *이용*|use of facilities|*이용*을 권장하다|to encourage use
1645|1644|지르다03|동|소리를 ~|B|to shout|소리를 *지르다*|to scream|고함을 *지르다*|to yell|비명을 *지르다*|to shriek
1646|1647|걸음|명||B|step|첫 *걸음*|the first step|*걸음*을 멈추다|to stop walking|*걸음*이 빠르다|to be a fast walker
1647|1648|겨우|부||B|barely|*겨우* 도착했다|barely arrived|*겨우* 세 명|only three people|*겨우* 살아나다|barely survived
1648|1649|마르다01|동||B|to dry|빨래가 *마르다*|laundry dries|입술이 *마르다*|lips are dry|몸이 *마르다*|to be thin
1649|1650|비교적|부|比較的|B|relatively|*비교적* 쉽다|relatively easy|*비교적* 최근의 일|relatively recent event|*비교적* 잘하다|to do relatively well
1650|1657|높아지다|동||B|to get higher|파도가 *높아지다*|waves get higher|목소리가 *높아지다*|voice gets louder|관심이 *높아지다*|interest increases
1651|1658|늙다|동||B|to age|나이가 *늙다*|to get old|*늙은* 호박|aged pumpkin|*늙어* 보이다|to look old
1652|1664|상상07|명|想像|B|imagination|*상상*을 초월하다|to go beyond imagination|즐거운 *상상*|pleasant imagination|*상상*도 못 하다|cannot even imagine
1653|1673|뜨다05|동|눈을 ~|B|to open (eyes)|눈을 *뜨다*|to open one's eyes|번쩍 눈을 *뜨다*|to snap one's eyes open|잠에서 *뜨다*|to wake up
1654|1676|스타|명|star|B|star|인기 *스타*|popular star|*스타*가 되다|to become a star|스포츠 *스타*|sports star
1655|1679|입술|명||B|lips|*입술*을 깨물다|to bite one's lips|붉은 *입술*|red lips|*입술*이 부르트다|lips are chapped
1656|1681|중간01|명|中間|B|middle|*중간* 지점|middle point|*중간* 고사|midterm exam|*중간*에 그만두다|to quit halfway
1657|1687|몹시|부||B|extremely|날씨가 *몹시* 춥다|the weather is extremely cold|*몹시* 괴로워하다|to suffer greatly|*몹시* 서두르다|to be in a huge hurry
1658|1693|특별하다|형|特別-|B|to be special|*특별한* 이유|special reason|날이 *특별하다*|the day is special|*특별하게* 대우하다|to treat specially
1659|1695|가까이|부||B|nearby|*가까이* 오세요|come closer|우리 집 *가까이*|near my house|*가까이* 지내다|to stay close to someone
1660|1696|낫다02|형|더 좋다|B|to be better|어제보다 *낫다*|better than yesterday|형보다 *나은* 아우|a younger brother better than the older|이게 훨씬 *낫다*|this is much better
1661|1697|넘어서다|동||B|to go beyond|한계를 *넘어서다*|to exceed the limit|백 명을 *넘어서다*|to exceed one hundred people|고개를 *넘어서다*|to cross over a hill
|1698|볶다|동||B|to stir-fry|밥을 *볶다*|to stir-fry rice|야채를 *볶다*|to stir-fry vegetables|달달 *볶다*|to pester (idiom)
1663|1700|언젠가|부||B|someday|*언젠가* 만날 거야|we will meet someday|*언젠가* 가본 곳|a place visited once|*언젠가는* 성공한다|will succeed eventually
1664|1701|예술가|명|藝術家|B|artist|위대한 *예술가*|great artist|*예술가*의 혼|artist's soul|가난한 *예술가*|poor artist
1665|1706|가만히|부||B|still|*가만히* 앉아 있다|to sit still|*가만히* 지켜보다|to watch quietly|*가만히* 있어라|stay still
1666|1712|한두|관||B|one or two|*한두* 번이 아니다|not just once or twice|*한두* 개만 주세요|please give me just one or two|*한두* 명씩 모이다|gathering one by one or two by two
1667|1715|흙01|명||B|soil/dirt|*흙*을 파다|to dig the soil|*흙* 묻은 신발|shoes covered in dirt|*흙*으로 돌아가다|to return to the earth
1668|1716|가난하다|형||B|to be poor|*가난한* 시절|poor days|살림이 *가난하다*|to be poor in living|*가난하게* 살다|to live poorly
1669|1717|고객04|명|顧客|B|customer|*고객* 만족|customer satisfaction|단골 *고객*|regular customer|*고객* 서비스|customer service
1670|1718|과학자|명|科學者|B|scientist|천재 *과학자*|genius scientist|*과학자*가 꿈이다|dreaming of being a scientist|미래의 *과학자*|future scientist
1671|1719|관광02|명|觀光|B|tourism|*관광* 명소|tourist attraction|*관광*객|tourist|제주도 *관광*|Jeju Island tour
1672|1722|수술05|명|手術|B|surgery|*수술*을 받다|to undergo surgery|성형 *수술*|plastic surgery|*수술*이 성공하다|surgery is successful
1673|1723|식품01|명|食品|B|food|건강 *식품*|health food|가공 *식품*|processed food|*식품* 가게|grocery store
1674|1724|연기10|명|演技|B|acting|훌륭한 *연기*|excellent acting|*연기*를 잘하다|to be good at acting|*연기*력|acting ability
1675|1730|회원|명|會員|B|member|*회원* 가입|joining as a member|*회원* 번호|member number|정*회원*|full member
1676|1733|들려오다|동||B|to be heard|소문이 *들려오다*|rumors are heard|음악 소리가 *들려오다*|sound of music is heard|멀리서 *들려오다*|to be heard from afar
|1735|조금씩|부||B|little by little|*조금씩* 나아지다|to improve little by little|*조금씩* 먹다|to eat bit by bit|*조금씩* 자주|frequently in small amounts
1678|1737|풀리다|동||B|to be untied/solved|문제가 *풀리다*|the problem is solved|오해가 *풀리다*|misunderstanding is cleared|날씨가 *풀리다*|weather gets milder
1679|1739|들여다보다|동||B|to look into|안을 *들여다보다*|to look inside|거울을 *들여다보다*|to look in a mirror|자세히 *들여다보다*|to look closely
1680|1740|마늘|명||B|garlic|*마늘* 한 쪽|a clove of garlic|*마늘*을 까다|to peel garlic|*마늘* 냄새|smell of garlic
1681|1742|습관|명|習慣|B|habit|나쁜 *습관*|bad habit|*습관*을 고치다|to fix a habit|*습관*이 되다|to become a habit
1682|1746|활용하다|동|活用-|B|to utilize|시간을 *활용하다*|to utilize time|공간을 *활용하다*|to use space|적극적으로 *활용하다*|to utilize actively
1683|1747|가꾸다|동||B|to cultivate|정원을 *가꾸다*|to tend a garden|외모를 *가꾸다*|to groom oneself|텃밭을 *가꾸다*|to cultivate a small patch
|1748|고민|명|苦悶|B|worry/concern|*고민*에 빠지다|to fall into deep worry|심각한 *고민*|serious concern|*고민*을 털어놓다|to share one's worries
1685|1749|떠올리다|동||B|to recall|옛 추억을 *떠올리다*|to recall old memories|이름을 *떠올리다*|to think of a name|생각을 *떠올리다*|to come up with an idea
1686|1750|맨01|관||B|the very/front|*맨* 앞줄|the very front row|*맨* 처음|the very first|*맨* 끝|the very end
1687|1752|상처02|명|傷處|B|wound/hurt|*상처*를 입다|to get hurt|마음의 *상처*|emotional wound|*상처*가 나다|to get a scar
1688|1754|좁다01|형||B|to be narrow|길이 *좁다*|the road is narrow|폭이 *좁다*|the width is narrow|속이 *좁다*|to be narrow-minded
1689|1756|집다01|동||B|to pick up|물건을 *집다*|to pick up an object|젓가락으로 *집다*|to pick up with chopsticks|손으로 *집다*|to pick up with hands
1690|1759|군04|의|君|B|Mr. (young man)|김 *군*|Mr. Kim|이 *군*|Mr. Lee|사랑하는 *군*|dear young man
1691|1760|대표적|명|대표적|B|representative|*대표적*인 사례|representative case|*대표적*으로 꼽히다|to be cited as a representative|한국의 *대표적*인 음식|representative Korean food
1692|1761|만일01|명|萬一|B|if/by any chance|*만일*의 사태|in case of emergency|*만일* 비가 오면|if it rains by any chance|*만일*을 대비하다|to prepare for the unexpected
1693|1762|사회적|명|社會적|B|social|*사회적* 동물|social animal|*사회적* 이슈|social issue|*사회적* 지위|social status
1694|1763|생겨나다|동||B|to emerge|새로운 게 *생겨나다*|something new emerges|문제가 *생겨나다*|a problem arises|생각이 *생겨나다*|an idea comes up
1695|1765|주부03|명|主婦|B|housewife|전업 *주부*|full-time housewife|베테랑 *주부*|veteran housewife|*주부*의 일상|housewife's daily life
1696|1767|태양02|명|太陽|B|sun|뜨거운 *태양*|hot sun|*태양* 에너지|solar energy|*태양*이 뜨다|the sun rises
1697|1768|틀림없다|형||B|to be certain|범인이 *틀림없다*|must be the culprit|사실임이 *틀림없다*|is certainly true|그럴 리 *틀림없다*|undoubtedly so
1698|1769|프로03|명|professional|B|professional|*프로* 선수|professional athlete|*프로* 정신|professionalism|*프로* 무대|professional stage
1699|1770|피다01|동|꽃이 ~|B|to bloom|꽃이 *피다*|flowers bloom|웃음꽃이 *피다*|to be full of smiles|담배를 *피우다*|to smoke (causative)
1700|1773|도로07|명|道路|B|road|*도로* 확장|road expansion|*도로*가 막히다|the road is blocked|왕복 4차선 *도로*|four-lane road
|1775|잘못|부||B|incorrectly|계산을 *잘못* 하다|to calculate incorrectly|*잘못* 알아듣다|to misunderstand|*잘못* 찾아오다|to come to the wrong place
1702|1776|지다05|동|등에 ~|B|to carry on back|짐을 *지다*|to carry a load|책임을 *지다*|to take responsibility|가방을 어깨에 *지다*|to carry a bag on shoulders
1703|1777|채우다03|동|자리를 ~|B|to fill|잔을 *채우다*|to fill a glass|부족함을 *채우다*|to fill a deficiency|정원을 *채우다*|to fill the quota
1704|1780|부족05|명|部族|B|tribe|원시 *부족*|primitive tribe|*부족* 간의 전쟁|war between tribes|유목 *부족*|nomadic tribe
1705|1790|달리다01|동|문에 종이 ~|B|to hang|종이 *달려* 있다|a bell is hanging|조건이 *달리다*|to have conditions attached|꼬리가 *달리다*|to have a tail
1706|1791|더하다|동||B|to add|힘을 *더하다*|to add strength|숫자를 *더하다*|to add numbers|기쁨이 *더해지다*|joy increases (is added)
|1794|보통|부|普通|B|usually|*보통* 8시에 일어나요|I usually wake up at 8|*보통* 사람|ordinary person|*보통* 때와 같다|to be the same as usual
|1800|참01|감|이것 ~|B|oh/really|이것 *참* 큰일이네|Oh, this is a big problem|*참* 예쁘다|really pretty|*참* 잘했어요|very well done
1709|1801|총장01|명|總長|B|president/chancellor|대학교 *총장*|university president|*총장* 임명|appointment of the chancellor|*총장* 발령|assignment of the president
1710|1804|단순히|부|單純-|B|simply|*단순히* 생각하다|to think simply|*단순히* 말해서|simply put|*단순히* 우연이다|it is simply a coincidence
1711|1805|달려가다|동||B|to run|학교로 *달려가다*|to run to school|품으로 *달려가다*|to run into someone's arms|급히 *달려가다*|to run in a hurry
1712|1806|방문03|명|訪問|B|visit|*방문* 일정|visit schedule|공식 *방문*|official visit|첫 *방문*|first visit
1713|1807|불만|명|不滿|B|dissatisfaction|*불만*을 품다|to harbor dissatisfaction|*불만*이 생기다|to become dissatisfied|*불만* 섞인 목소리|a voice full of discontent
1714|1808|불편하다01|형|不便-|B|to be uncomfortable|교통이 *불편하다*|transportation is inconvenient|마음이 *불편하다*|to feel uneasy|자세가 *불편하다*|the posture is uncomfortable
1715|1809|실제02|명|實際|B|reality|*실제* 상황|real situation|*실제*와 다르다|to be different from reality|*실제* 나이|actual age
1716|1810|종09|명|種|B|kind/species|여러 *종*의 식물|various species of plants|이런 *종*의 사람|this kind of person|멸종 위기 *종*|endangered species
|1811|피02|명|~를 흘리다|B|blood|*피*를 흘리다|to bleed|*피*가 나다|to bleed|*피* 검사|blood test
1718|1814|관객|명|觀客|B|audience|*관객* 수|number of audience members|*관객*이 꽉 차다|to be packed with audience|영화 *관객*|moviegoers
1719|1817|막01|부|바로 지금|B|just|*막* 도착했다|just arrived|*막* 시작하려던 참이다|was just about to start|*막* 떠나다|to leave just now
|1818|밀리미터|의|millimeter|B|millimeter|몇 *밀리미터*|how many millimeters|10 *밀리미터*|ten millimeters|*밀리미터* 단위|millimeter unit
1721|1820|숫자|명|數字|B|number|*숫자*를 세다|to count numbers|네 자리 *숫자*|four-digit number|*숫자*에 밝다|to be good with numbers
1722|1821|열07|명|熱|B|fever/heat|*열*이 나다|to have a fever|*열*을 식히다|to cool down the heat|*열*을 재다|to take one's temperature
1723|1827|계산01|명|計算|B|calculation|*계산*이 틀리다|the calculation is wrong|*계산*을 하다|to pay the bill/calculate|정확한 *계산*|accurate calculation
1724|1829|놀랍다|형||B|to be surprising|*놀라운* 소식|surprising news|발전이 *놀랍다*|development is amazing|*놀랍도록* 빠르다|to be surprisingly fast
1725|1832|예전01|명||B|the past|*예전* 친구|friend from the past|*예전*만 못하다|not as good as before|*예전*에 살던 곳|place where I used to live
1726|1833|저05|감||B|uh/well|*저*, 실례합니다|Uh, excuse me|*저*, 기운 내세요|Well, cheer up|*저*, 혹시|Uh, by any chance
1727|1834|전기15|명|電氣|B|electricity|*전기*가 끊기다|the electricity is cut off|*전기* 요금|electricity bill|*전기* 절약|saving electricity
1728|1837|틀리다01|동|답이 ~|B|to be wrong|답이 *틀리다*|the answer is wrong|계산이 *틀렸다*|the calculation was wrong|글자가 *틀리다*|the letter is incorrect
|1840|모델|명|model|B|model|패션 *모델*|fashion model|새로운 *모델*|new model|*모델*하우스|model home
1730|1841|붓다02|동|물을 ~|B|to pour|컵에 물을 *붓다*|to pour water into a cup|기름을 *붓다*|to pour oil|적금을 *붓다*|to pay into an installment savings account
1731|1848|고모01|명|姑母|B|paternal aunt|우리 *고모*|my aunt|*고모* 댁|aunt's house|*고모*부|husband of paternal aunt
|1849|궁금하다01|형||B|to be curious|안부가 *궁금하다*|to be curious how one is doing|내용이 *궁금하다*|to be curious about the content|*궁금한* 점|curious points
|1851|딱03|부|바라진 모양|B|exactly/perfectly|*딱* 맞다|to fit perfectly|*딱* 한 번|exactly once|*딱* 잘라 말하다|to say flatly
1734|1860|약하다01|형|弱-|B|to be weak|몸이 *약하다*|to be physically weak|마음이 *약하다*|to be soft-hearted|불이 *약하다*|the fire is weak
|1861|잘못하다|동||B|to do wrong|내가 *잘못했다*|I did wrong|*잘못한* 일|something done wrong|말을 *잘못하다*|to say something wrong
1736|1865|공무원|명|公務員|B|civil servant|국가 *공무원*|national civil servant|*공무원* 시험|civil service exam|*공무원*이 되다|to become a civil servant
|1866|그만두다|동||B|to quit|회사를 *그만두다*|to quit the company|공부를 *그만두다*|to stop studying|이제 *그만두자*|let's stop now
1738|1869|부족01|명|不足|B|shortage/lack|수면 *부족*|lack of sleep|일손 *부족*|labor shortage|경험이 *부족하다*|to lack experience
1739|1877|달다03|동|단추를 ~|B|to attach|단추를 *달다*|to sew on a button|간판을 *달다*|to hang a sign|이름표를 *달다*|to attach a name tag
1740|1891|행복하다|형|幸福-|B|to be happy|정말 *행복하다*|to be truly happy|*행복하게* 살다|to live happily|*행복한* 가정|happy family
1741|1892|굽다01|동|익히다|B|to roast/bake|고기를 *굽다*|to grill meat|빵을 *굽다*|to bake bread|생선을 *굽다*|to grill fish
1742|1893|기름01|명||B|oil|*기름*을 넣다|to put in oil (gas)|식용 *기름*|cooking oil|*기름*진 음식|oily food
1743|1895|쏟아지다|동||B|to pour out|비가 *쏟아지다*|the rain pours down|눈물이 *쏟아지다*|tears pour out|박수가 *쏟아지다*|applause pours out
1744|1905|기억하다02|동|記憶-|B|to remember|이름을 *기억하다*|to remember a name|나를 *기억하니*|do you remember me|똑똑히 *기억하다*|to remember clearly
1745|1912|토론01|명|討論|B|discussion/debate|열띤 *토론*|heated debate|*토론*에 참여하다|to participate in a discussion|*토론* 주제|debate topic
1746|1915|고급02|명|高級|B|high grade/luxury|*고급* 호텔|luxury hotel|*고급* 인력|high-level manpower|*고급* 승용차|high-end car
1747|1916|고생|명|苦生|B|hardship|*고생*을 하다|to suffer hardship|*고생*이 많다|to go through much trouble|그동안 *고생*했다|you've worked hard
1748|1918|미치다01|동|정신에 이상이 생기다|B|to go crazy|미치지 않고서야|unless one is crazy|*미친* 사람|crazy person|보고 싶어 *미치겠다*|I'm crazy to see you
1749|1919|밟다|동||B|to step on|발을 *밟다*|to step on a foot|낙엽을 *밟다*|to step on fallen leaves|엑셀을 *밟다*|to step on the gas
1750|1921|섞다|동||B|to mix|술과 물을 *섞다*|to mix alcohol and water|농담을 *섞다*|to mix in jokes|카드를 *섞다*|to shuffle cards
1751|1925|없애다|동||B|to remove|냄새를 *없애다*|to get rid of a smell|스트레스를 *없애다*|to relieve stress|증거를 *없애다*|to destroy evidence
1752|1928|이뤄지다|동||B|to be achieved|꿈이 *이뤄지다*|a dream comes true|합의가 *이뤄지다*|an agreement is reached|조직이 *이뤄지다*|to be composed of
1753|1931|정상11|명|頂上|B|summit/peak|산 *정상*|mountain peak|*정상* 회담|summit talk|*정상*에 오르다|to reach the top
1754|1936|화장품|명|化粧品|B|cosmetics|기초 *화장품*|basic cosmetics|*화장품*을 바르다|to apply cosmetics|여성용 *화장품*|cosmetics for women
1755|1937|굵다|형||B|to be thick|팔뚝이 *굵다*|forearms are thick|빗줄기가 *굵다*|raindrops are thick|글씨가 *굵다*|the handwriting is bold/thick
1756|1939|깨끗이|부||B|cleanly|*깨끗이* 씻다|to wash cleanly|*깨끗이* 잊다|to forget completely|방을 *깨끗이* 치우다|to clean the room thoroughly
1757|1940|낡다01|형||B|to be worn out|*낡은* 옷|worn-out clothes|생각이 *낡다*|to have outdated ideas|*낡은* 건물|old building
1758|1943|눈앞|명||B|before one's eyes|*눈앞*에 나타나다|to appear before one's eyes|시험이 *눈앞*이다|the exam is just around the corner|*눈앞*의 이익|immediate profit
1759|1945|방문하다|동|訪問-|B|to visit|친구 집을 *방문하다*|to visit a friend's house|한국을 *방문하다*|to visit Korea|현장을 *방문하다*|to visit the site
1760|1946|붉다01|형||B|to be red|얼굴이 *붉다*|face is red|*붉은* 노을|red sunset|단풍이 *붉다*|maple leaves are red
1761|1948|순서|명|順序|B|order/sequence|*순서*를 기다리다|to wait for one's turn|번호 *순서*대로|in numerical order|*순서*가 바뀌다|the order is changed
1762|1949|아무래도|부||B|anyway/likely|*아무래도* 이상하다|it's strange no matter what|*아무래도* 안 되겠다|it's probably not going to work|*아무래도* 상관없다|it doesn't matter anyway
1763|1950|연구소|명|硏究所|B|research institute|과학 *연구소*|science research center|기업 부설 *연구소*|corporate research lab|*연구소*에서 근무하다|to work at a research institute
1764|1953|이사14|명|移徙|B|moving (house)|*이사*를 가다|to move out|*이사* 비용|moving costs|*이사* 짐|moving boxes/luggage
1765|1961|들르다|동||B|to stop by|서점에 *들르다*|to drop by a bookstore|잠시 *들르다*|to stop by for a moment|집에 *들렀다* 가다|to stop by home before going
1766|1964|섬03|명||B|island|무인도 *섬*|uninhabited island|*섬*에 살다|to live on an island|아름다운 *섬*|beautiful island
1767|1765|이하02|명|以下|B|below|19세 *이하*|19 years old and under|기대 *이하*|below expectations|0도 *이하*|below zero
1768|1966|참석하다|동|參席-|B|to attend|회의에 *참석하다*|to attend a meeting|결혼식에 *참석하다*|to attend a wedding|전원 *참석하다*|everyone attends
1769|1968|해결02|명|解決|B|solution/settlement|문제 *해결*|problem solving|사건 *해결*|settlement of a case|*해결* 방안|solution plan
|1969|행복02|명|幸福|B|happiness|*행복*을 찾다|to find happiness|가족의 *행복*|family happiness|*행복*한 삶|happy life
1771|1971|근로자|명|勤勞者|B|worker|외국인 *근로자*|foreign worker|*근로자*의 날|Labor Day|생산직 *근로자*|production worker
1772|1972|글쎄01|감||B|well/I'm not sure|*글쎄*, 잘 모르겠어|Well, I don't really know|*글쎄* 말이야|I'm telling you/Exactly|*글쎄*, 그게 말이지|Well, you see...
1773|1975|변화하다|동|變化-|B|to change|세상이 *변화하다*|the world changes|날씨가 *변화하다*|the weather changes|급격히 *변화하다*|to change rapidly
1774|1986|결정되다01|동|決定-|B|to be decided|우승이 *결정되다*|the winner is decided|날짜가 *결정되다*|the date is decided|아직 안 *결정됐다*|it hasn't been decided yet
1775|1992|불안01|명|不安|B|anxiety/uneasiness|*불안*을 느끼다|to feel anxious|마음의 *불안*|mental uneasiness|*불안*에 떨다|to tremble with anxiety
1776|1994|여유|명|餘裕|B|affordance/room|시간적 *여유*|spare time|*여유*를 가지다|to take it easy|금전적 *여유*|financial leeway
1777|1997|킬로미터|의|kilometer|B|kilometer|10 *킬로미터*|ten kilometers|*킬로미터*당 요금|rate per kilometer|먼 *킬로미터*|far kilometers
1778|1998|파도|명|波濤|B|wave|*파도*가 치다|waves are crashing|높은 *파도*|high waves|*파도*를 타다|to surf (ride the waves)
1779|2001|단09|관|單|B|only/single|*단* 한 명|only one person|*단* 5분|just five minutes|*단* 한 번의 기회|only one chance
1780|2004|방송국|명|放送局|B|broadcasting station|*방송국* 피디|station producer|*방송국* 견학|station tour|지역 *방송국*|local broadcasting station
1781|2006|숨다01|동||B|to hide|커튼 뒤에 *숨다*|to hide behind curtains|꼭꼭 *숨다*|to hide well|산속에 *숨다*|to hide in the mountains
1782|2009|예금01|명|預金|B|deposit|은행 *예금*|bank deposit|*예금*을 찾다|to withdraw a deposit|*예금* 이자|deposit interest
1783|2012|입학|명|入學|B|admission|*입학* 시험|entrance exam|학교 *입학*|school admission|*입학*을 축하하다|to congratulate on admission
1784|2024|물다02|동|담배를 ~|B|to hold in mouth|담배를 *물다*|to hold a cigarette in mouth|사탕을 *물다*|to have a candy in mouth|입에 *물다*|to hold in one's mouth
1785|2028|어느새|부||B|already/unawares|*어느새* 겨울이다|it's already winter|*어느새* 다 컸네|you've grown up so fast|*어느새* 해가 졌다|the sun has set already
|2034|초07|의|秒|B|second|10 *초*|ten seconds|몇 *초* 남았니|how many seconds left|*초*읽기|countdown (second-reading)
1787|2035|치즈|명|cheese|B|cheese|*치즈*를 얹다|to put cheese on top|녹은 *치즈*|melted cheese|*치즈* 케이크|cheesecake
1788|2039|반대하다01|동|反對-|B|to oppose|계획에 *반대하다*|to oppose a plan|강력히 *반대하다*|to strongly oppose|의견에 *반대하다*|to disagree with an opinion
1789|2043|아이고|감||B|oh my/oops|*아이고*, 깜짝이야|Oh my, you scared me|*아이고*, 허리야|Oh, my back|*아이고*, 죄송합니다|Oops, I'm sorry
1790|2047|조용히|부||B|quietly|*조용히* 해 주세요|please be quiet|*조용히* 나가다|to go out quietly|*조용히* 살다|to live a quiet life
|2053|가스|명|gas|B|gas|*가스* 레인지|gas stove|*가스*가 새다|gas is leaking|*가스* 요금|gas bill
1792|2055|구멍|명||B|hole|바지에 *구멍*|hole in pants|*구멍*이 나다|a hole is formed|작은 *구멍*|small hole
1793|2059|만화10|명|漫畵|B|comic/cartoon|*만화* 잡지|comic magazine|*만화* 영화|animated movie|*만화*를 그리다|to draw comics
1794|2060|먹이다|동||B|to feed|아이를 *먹이다*|to feed a child|사료를 *먹이다*|to feed fodder|우유를 *먹이다*|to feed milk
1795|2061|무시하다|동|無視-|B|to ignore|나를 *무시하다*|to ignore me|의견을 *무시하다*|to disregard an opinion|빨간불을 *무시하다*|to ignore a red light
1796|2063|살짝01|부||B|slightly/stealthily|*살짝* 웃다|to smile slightly|*살짝* 열다|to open a little bit|*살짝* 데치다|to blanch slightly
1797|2064|생각나다|동||B|to remember|갑자기 *생각나다*|to suddenly remember|이름이 *생각나다*|to recall a name|고향이 *생각나다*|to be reminded of home
1798|2067|차갑다|형||B|to be cold|손이 *차갑다*|hands are cold|*차가운* 물|cold water|태도가 *차갑다*|attitude is cold
1799|2070|관찰하다|동|觀察-|B|to observe|식물을 *관찰하다*|to observe plants|자세히 *관찰하다*|to observe closely|행동을 *관찰하다*|to observe behavior
1800|2071|괜히|부||B|in vain/for no reason|*괜히* 왔다|came for nothing|*괜히* 걱정했다|worried for no reason|*괜히* 심술부리다|to be cranky for no reason
1801|2072|끼다03|동|끼우다|B|to put in/insert|장갑을 *끼다*|to put on gloves|안경을 *낀* 사람|a person wearing glasses|반지를 *끼다*|to put on a ring
1802|2073|날개01|명||B|wing|새의 *날개*|bird's wing|비행기 *날개*|airplane wing|*날개*를 펴다|to spread wings
1803|2074|녀석|의||B|fellow/guy|못된 *녀석*|bad fellow|귀여운 *녀석*|cute little guy|이 *녀석*아|hey you (buddy/kid)
1804|2075|눈빛01|명|~이 매섭다|B|look/glance|따뜻한 *눈빛*|warm look|매서운 *눈빛*|fierce look|*눈빛*을 주고받다|to exchange glances
1805|2076|단지08|명|團地|B|complex/estate|아파트 *단지*|apartment complex|주택 *단지*|housing estate|산업 *단지*|industrial complex
1806|2079|물속|명||B|underwater|*물속*으로 들어가다|to go into the water|*물속*에서 숨참기|holding breath underwater|*물속*이 훤히 보이다|to see clearly underwater
1807|2082|성공하다|동|成功-|B|to succeed|시험에 *성공하다*|to succeed in an exam|사업에 *성공하다*|to succeed in business|마침내 *성공했다*|finally succeeded
1808|2083|소나무|명||B|pine tree|푸른 *소나무*|green pine tree|*소나무* 숲|pine forest|*소나무*를 심다|to plant a pine tree
1809|2084|여기저기|명||B|here and there|*여기저기* 다니다|to go here and there|*여기저기* 아프다|to ache all over|*여기저기* 흩어져 있다|to be scattered everywhere
1810|2094|머무르다|동||B|to stay|호텔에 *머무르다*|to stay at a hotel|잠시 *머무르다*|to stay for a while|기억에 *머무르다*|to stay in one's memory
1811|2100|싸다01|동|보자기에 ~|B|to wrap/pack|도시락을 *싸다*|to pack a lunch|선물을 *싸다*|to wrap a gift|짐을 *싸다*|to pack bags
1812|2107|형제01|명|兄弟|B|brothers/siblings|*형제*가 어떻게 되세요|how many siblings do you have|사이좋은 *형제*|brothers who get along|*형제* 사이|relationship between brothers
1813|2108|화려하다|형|華麗-|B|to be splendid/fancy|*화려한* 드레스|fancy dress|조명이 *화려하다*|lights are splendid|*화려하게* 장식하다|to decorate splendidly
1814|2111|딴03|관|~ 일|B|other/different|*딴* 생각|other thoughts|*딴* 사람|different person|*딴* 데로 가다|to go somewhere else
1815|2112|몇몇|관||B|some/several|*몇몇* 사람들|some people|*몇몇* 학생들|several students|*몇몇* 곳|some places
1816|2114|세계적|명|世界的|B|world-class/global|*세계적*인 가수|world-class singer|*세계적*으로 유명하다|to be globally famous|*세계적*인 추세|global trend
1817|2115|안전03|명|安全|B|safety|*안전*을 확인하다|to check safety|*안전*한 장소|safe place|교통 *안전*|traffic safety
1818|2116|양파|명|洋-|B|onion|*양파*를 까다|to peel an onion|*양파*를 볶다|to stir-fry onions|*양파* 냄새|onion smell
1819|2117|이상12|명|異常|B|abnormality|기계에 *이상*이 있다|something is wrong with the machine|*이상* 증세|abnormal symptoms|몸에 *이상*을 느끼다|to feel something's wrong with the body
1820|2120|촬영|명|撮影|B|filming/shooting|영화 *촬영*|movie filming|*촬영* 중|now filming|*촬영*을 금지하다|to ban filming
1821|2122|틀다|동||B|to turn/twist|라디오를 *틀다*|to turn on the radio|방향을 *틀다*|to change direction|수도꼭지를 *틀다*|to turn on the faucet
1822|2124|가지01|명|~를 치다|B|branch|나무 *가지*|tree branch|*가지*를 꺾다|to break a branch|*가지*가 뻗다|branches are spreading
1823|2125|감다01|동|눈을 ~|B|to close (eyes)|눈을 *감다*|to close one's eyes|눈을 *감고* 생각하다|to think with eyes closed|눈을 꼭 *감다*|to close eyes tightly
|2126|고추01|명||B|red pepper|매운 *고추*|hot pepper|*고추*를 말리다|to dry peppers|*고추*장|red pepper paste
1825|2127|규칙02|명|規則|B|rule|*규칙*을 지키다|to follow rules|*규칙*적인 생활|regular life|교통 *규칙*|traffic rules
|2135|아마도|부||B|perhaps|*아마도* 그럴 것이다|perhaps it is so|*아마도* 사실일걸요|maybe it's true|*아마도* 내일쯤|perhaps around tomorrow
1827|2136|안방02|명|-房|B|main bedroom|*안방* 마님|lady of the house|*안방*에서 자다|to sleep in the master bedroom|*안방* 가구|master bedroom furniture
1828|2137|앓다|동||B|to suffer from|병을 *앓다*|to suffer from a disease|앓느니 죽지|better to die than suffer|가슴을 *앓다*|to be heartsick
1829|2140|오직01|부||B|only/solely|*오직* 당신뿐|only you|*오직* 한 길|the only path|*오직* 진실만을|only the truth
1830|2143|자신02|명|自信|B|confidence|*자신*을 얻다|to gain confidence|*자신*이 없다|to have no confidence|*자신*감이 넘치다|to overflow with confidence
1831|2144|잠시|명|暫時|B|a moment|*잠시* 기다려 주세요|please wait a moment|*잠시* 동안|for a short while|*잠시* 쉬어 가다|to take a short break
1832|2148|포함되다01|동|包含-|B|to be included|목록에 *포함되다*|to be included in the list|가격에 *포함되다*|to be included in the price|세금도 *포함된다*|tax is also included
1833|2150|호랑이|명|虎狼-|B|tiger|무서운 *호랑이*|scary tiger|*호랑이* 굴|tiger's den|*호랑이*도 제 말 하면 온다|speak of the devil (tiger)
1834|2154|덜01|부||B|less|*덜* 맵게 해주세요|please make it less spicy|어제보다 *덜* 춥다|it's less cold than yesterday|밥을 *덜* 먹다|to eat less rice
1835|2155|둥글다01|형||B|to be round|*둥근* 달|round moon|지구는 *둥글다*|the earth is round|성격이 *둥글다*|to have a well-rounded personality
1836|2158|본래|명|본래|B|originally|*본래*의 모습|original appearance|*본래*부터 그랬다|it was like that from the start|*본래* 취지|original intent
1837|2160|세금01|명|稅金|B|tax|*세금*을 내다|to pay taxes|*세금*이 비싸다|taxes are high|소득 *세금*|income tax
1838|2165|입구02|명|入口|B|entrance|건물 *입구*|building entrance|*입구*를 찾다|to look for the entrance|*입구*에서 만나다|to meet at the entrance
1839|2166|잔뜩|부||B|full/extremely|하늘에 구름이 *잔뜩* 끼다|the sky is full of clouds|*잔뜩* 기대하다|to be full of expectations|*잔뜩* 긴장하다|to be very nervous
1840|2167|적극|명|積極|B|active/enthusiasm|*적극* 추천하다|to strongly recommend|*적극*적인 자세|active attitude|*적극* 참여하다|to participate actively
1841|2168|최소한|명|最小限|B|at least|*최소한*의 노력|minimum effort|*최소한* 일주일|at least one week|*최소한*의 예의|minimum courtesy
1842|2169|펼쳐지다|동||B|to spread out|눈앞에 *펼쳐진* 풍경|scenery spread out before eyes|책이 *펼쳐져* 있다|the book is open|미래가 *펼쳐지다*|the future unfolds
1843|2170|경험하다|동|經驗-|B|to experience|외국 문화를 *경험하다*|to experience foreign culture|직접 *경험한* 일|something experienced firsthand|실패를 *경험하다*|to experience failure
1844|2172|넘치다|동||B|to overflow|물이 *넘치다*|water overflows|자신감이 *넘치다*|to overflow with confidence|정이 *넘치는* 마을|a village overflowing with kindness
1845|2173|놓치다|동||B|to miss|버스를 *놓치다*|to miss the bus|기회를 *놓치다*|to miss an opportunity|범인을 *놓치다*|to lose the culprit
1846|2176|돌아보다|동||B|to look back|뒤를 *돌아보다*|to look behind|지난날을 *돌아보다*|to look back on the past|주위를 *돌아보다*|to look around
1847|2177|또다시|부||B|once again|*또다시* 시작하다|to start once again|*또다시* 실패했다|failed yet again|*또다시* 만납시다|let's meet again
1848|2178|머릿속|명||B|inside one's head|*머릿속*이 복잡하다|one's head is complicated/full|*머릿속*에 떠오르다|to come to mind|*머릿속*이 하얘지다|one's mind goes blank
1849|2180|불안하다|형|不安-|B|to be anxious|마음이 *불안하다*|to feel anxious|미래가 *불안하다*|the future is uncertain|*불안해서* 잠을 못 자다|cannot sleep due to anxiety
1850|2182|위반03|명|違反|B|violation|규칙 *위반*|rule violation|주차 *위반*|parking violation|법을 *위반하다*|to violate the law
1851|2185|평생|명|平生|B|lifetime|*평생* 동안|during one's whole life|*평생* 잊지 못할 선물|a gift I won't forget my whole life|*평생* 직장|lifetime workplace
1852|2190|굉장히|부|宏壯-|B|very/greatly|*굉장히* 덥다|it's very hot|*굉장히* 넓은 집|an extremely spacious house|*굉장히* 유명한 사람|a very famous person
1853|2193|덮다|동||B|to cover|이불을 *덮다*|to cover with a blanket|뚜껑을 *덮다*|to put on a lid|책을 *덮다*|to close a book
1854|2196|몰다01|동||B|to drive/steer|차를 *몰다*|to drive a car|양을 *몰다*|to herd sheep|구석으로 *몰다*|to corner someone
1855|2197|배우01|명|俳優|B|actor/actress|영화 *배우*|movie actor|*배우*가 꿈이다|dream of becoming an actor|주연 *배우*|lead actor
1856|2200|알01|명||B|egg/grain|새의 *알*|bird's egg|안경 *알*|eyeglass lens|달걀 *알*|chicken egg
1857|2201|앞서다|동||B|to precede/lead|남보다 *앞서다*|to lead others|생각이 *앞서다*|thoughts get ahead of one|시대를 *앞선* 생각|ideas ahead of the time
1858|2203|오래전|명|-前|B|long ago|*오래전* 이야기|a story from long ago|이미 *오래전*에|already a long time ago|*오래전*부터 알던 사람|someone I've known since long ago
1859|2204|자격04|명|資格|B|qualification|*자격*이 충분하다|to be well-qualified|*자격*을 얻다|to get a qualification|부모 될 *자격*|qualification to be a parent
1860|2206|계단04|명|階段|B|stairs|*계단*을 오르다|to go up stairs|*계단*에서 넘어지다|to fall on the stairs|비상 *계단*|emergency stairs
1861|2208|끄덕이다|동||B|to nod|고개를 *끄덕이다*|to nod one's head|알았다고 *끄덕이다*|to nod in understanding|천천히 *끄덕이다*|to nod slowly
1862|2209|낯설다|형||B|to be unfamiliar|*낯선* 동네|unfamiliar neighborhood|*낯선* 사람|stranger|환경이 *낯설다*|the environment is unfamiliar
1863|2210|높이01|명||B|height|*높이*를 재다|to measure the height|건물의 *높이*|height of a building|하늘 *높이* 날다|to fly high in the sky
1864|2211|닮다|동||B|to resemble|엄마를 *닮다*|to resemble one's mother|서로 *닮았다*|to look like each other|목소리가 *닮다*|to have a similar voice
1865|2212|마음속|명||B|inside one's heart|*마음속*으로 빌다|to pray in one's heart|*마음속* 깊이|deep in one's heart|*마음속* 이야기를 하다|to talk about what's in one's heart
|2216|뼈|명||B|bone|*뼈*가 부러지다|to break a bone|*뼈*만 남다|to be skin and bones|생선 *뼈*|fish bone
1867|2219|연결되다|동|連結-|B|to be connected|인터넷이 *연결되다*|to be connected to the internet|선이 *연결되다*|the lines are connected|하나로 *연결된* 마음|hearts connected as one
1868|2220|장사01|명||B|business|*장사*를 시작하다|to start a business|*장사*가 잘되다|business is going well|물건 *장사*|selling goods
1869|2222|제한01|명|制限|B|restriction|인원 *제한*|limit on number of people|속도 *제한*|speed limit|*제한*을 두다|to place a restriction
1870|2223|차다02|동|공을 ~|B|to kick|공을 *차다*|to kick a ball|발로 *차다*|to kick with a foot|문차고 나가다|to kick the door open and leave
1871|2225|취하다03|동|醉-|B|to get drunk|술에 *취하다*|to get drunk on alcohol|분위기에 *취하다*|to be intoxicated by the atmosphere|잠에 *취하다*|to be overcome by sleep
1872|2226|콩01|명||B|bean|*콩*을 심다|to plant beans|*콩* 한 쪽도 나눠 먹다|to share even a single bean|*콩*나물 국|bean sprout soup
1873|2227|한숨02|명|~을 쉬다|B|sigh|깊은 *한숨*|deep sigh|*한숨*을 쉬다|to let out a sigh|*한숨*이 나오다|to find oneself sighing
1874|2228|헤어지다|동||B|to part/break up|친구와 *헤어지다*|to part with a friend|여자친구와 *헤어지다*|to break up with a girlfriend|여기서 *헤어집시다*|let's part here
1875|2231|너머|명||B|beyond/over|담장 *너머*|beyond the wall|산 *너머* 마을|village over the mountain|창문 *너머*로 보다|to look through the window
1876|2232|동기07|명|動機|B|motivation|범행 *동기*|motive for a crime|학습 *동기*|motivation for learning|*동기*가 확실하다|motive is clear
1877|2234|살01|명|~을 빼다|B|flesh/weight|*살*이 찌다|to gain weight|*살*을 빼다|to lose weight|*살*이 부드럽다|flesh is soft
1878|2237|순수하다02|형|純粹-|B|to be pure|*순수한* 아이|pure child|마음이 *순수하다*|to be pure-hearted|*순수한* 의도|pure intention
1879|2238|스타일|명|style|B|style|옷 *스타일*|clothing style|내 *스타일*이다|it's my style|머리 *스타일*|hair style
1880|2243|집중02|명|集中|B|concentration|*집중*이 안 되다|cannot concentrate|공부에 *집중*하다|to focus on studies|관심이 *집중*되다|attention is focused
1881|2245|큰일01|명|중대한 일|B|big deal/trouble|*큰일*이 나다|to be in big trouble|*큰일*을 치르다|to go through a major event|*큰일*을 해내다|to achieve a great thing
1882|2246|거짓말|명||B|lie|*거짓말*을 하다|to tell a lie|새빨간 *거짓말*|a blatant lie|*거짓말*처럼 들리다|to sound like a lie
1883|2248|대단하다|형||B|to be great/huge|*대단한* 실력|great skill|용기가 *대단하다*|courage is great|인기가 *대단하다*|popularity is huge
1884|2249|대단히|부||B|very much|*대단히* 감사합니다|thank you very much|*대단히* 중요하다|it's very important|*대단히* 죄송합니다|I'm very sorry
1885|2250|마주01|부||B|face to face|*마주* 앉다|to sit face to face|*마주* 보고 웃다|to look at each other and laugh|*마주* 서다|to stand facing each other
1886|2253|온통|부||B|entirely/wholly|*온통* 하얀 눈|wholly white snow|머릿속이 *온통* 그 생각뿐|head is entirely full of that thought|옷이 *온통* 젖었다|clothes are completely wet
1887|2255|자세히|부|仔細-|B|in detail|*자세히* 설명하다|to explain in detail|*자세히* 보다|to look closely|*자세히* 적다|to write down in detail
1888|2257|정확히01|부|正確-|B|exactly/correctly|*정확히* 맞다|to be exactly right|*정확히* 12시|exactly 12 o'clock|시간을 *정확히* 지키다|to keep time accurately
1889|2258|지치다01|동|일에 ~|B|to get tired|일이 힘들어 *지치다*|to be worn out from hard work|몸과 마음이 *지치다*|body and soul are tired|기다리다 *지쳤다*|tired of waiting
1890|2259|청년|명|靑年|B|young man|열정적인 *청년*|passionate young man|*청년* 실업|youth unemployment|*청년* 시절|days of youth
1891|2260|혀01|명||B|tongue|*혀*를 깨물다|to bite one's tongue|*혀*를 내밀다|to stick out one's tongue|*혀*가 짧다|to be tongue-tied
1892|2261|확대하다02|동|擴大-|B|to expand/enlarge|사진을 *확대하다*|to enlarge a photo|사업을 *확대하다*|to expand business|범위를 *확대하다*|to expand the scope
1893|2262|후춧가루|명||B|black pepper powder|*후춧가루*를 뿌리다|to sprinkle pepper|*후춧가루* 냄새|smell of pepper|매콤한 *후춧가루*|spicy pepper powder
1894|2265|마침02|부||B|just/luckily|*마침* 잘 왔다|you came at just the right time|*마침* 집에 없었다|happened to be not at home|*마침* 필요했던 물건|the very item I needed
1895|2266|신용01|명|信用|B|credit/trust|*신용*을 잃다|to lose trust|*신용* 카드|credit card|*신용*이 좋다|to have good credit
1896|2268|온몸|명||B|whole body|*온몸*이 아프다|my whole body aches|*온몸*이 땀에 젖다|whole body is soaked in sweat|*온몸*으로 막다|to block with one's whole body
1897|2269|정20|명|情|B|affection/bond|*정*이 들다|to grow fond of|*정*이 많다|to be warm-hearted|*정*을 나누다|to share affection
1898|2270|정신적|명|精神的|B|mental|*정신적* 충격|mental shock|*정신적* 지주|spiritual pillar|*정신적* 고통|mental suffering
1899|2271|증상01|명|症狀|B|symptom|감기 *증상*|cold symptoms|*증상*이 심하다|symptoms are severe|*증상*을 확인하다|to check the symptoms
1900|2272|출연하다02|동|出演-|B|to appear (in film/TV)|영화에 *출연하다*|to star in a movie|방송에 *출연하다*|to appear on a broadcast|조연으로 *출연하다*|to appear as a supporting actor
1901|2274|한꺼번에|부||B|all at once|짐을 *한꺼번에* 옮기다|to move luggage all at once|*한꺼번에* 쏟아지다|to pour out all at once|*한꺼번에* 일을 처리하다|to handle tasks all at once
1902|2275|강제01|명|强制|B|compulsion|*강제*로 시키다|to make someone do something by force|*강제* 퇴거|forced eviction|*강제*적인 동원|compulsory mobilization
1903|2276|건너다|동||B|to cross|길을 *건너다*|to cross the street|강을 *건너다*|to cross a river|횡단보도를 *건너다*|to cross at a crosswalk
1904|2277|깨다01|동|술이 ~|B|to wake up/sober up|잠에서 *깨다*|to wake up from sleep|술이 *깨다*|to sober up|꿈에서 *깨다*|to wake up from a dream
|2278|낚시|명||B|fishing|바다 *낚시*|sea fishing|*낚시*를 가다|to go fishing|*낚시* 바늘|fishing hook
1906|2279|다가가다|동||B|to approach|가까이 *다가가다*|to approach closely|그녀에게 *다가가다*|to approach her|먼저 *다가가다*|to approach first
1907|2280|뛰어들다|동||B|to jump in|물속으로 *뛰어들다*|to jump into the water|불길에 *뛰어들다*|to jump into flames|사건에 *뛰어들다*|to jump into an incident
1908|2282|묻다01|동|옷에 흙이 ~|B|to be stained|옷에 흙이 *묻다*|dirt gets on clothes|손에 피가 *묻다*|blood gets on hands|입술에 초콜릿이 *묻다*|chocolate gets on lips
1909|2285|신부10|명|新婦|B|bride|아름다운 *신부*|beautiful bride|*신부* 입장|entrance of the bride|*신부* 들러리|bridesmaid
1910|2287|오징어|명||B|squid|*오징어* 볶음|stir-fried squid|마른 *오징어*|dried squid|*오징어*를 굽다|to grill squid
1911|2288|요금01|명|料金|B|fee/fare|버스 *요금*|bus fare|전기 *요금*|electricity bill|*요금*을 내다|to pay a fee
1912|2289|용돈|명|用-|B|allowance|*용돈*을 받다|to receive an allowance|*용돈*을 아껴 쓰다|to save one's pocket money|*용돈*이 부족하다|to be short on allowance
|2291|음료|명|飮料|B|beverage|탄산 *음료*|carbonated drink|시원한 *음료*|cool beverage|*음료*를 주문하다|to order a drink
1914|2293|전자06|명|電子|B|electronics|*전자* 제품|electronic products|삼성 *전자*|Samsung Electronics|*전자* 상거래|e-commerce
1915|2294|전해지다|동|傳-|B|to be delivered/transmitted|소식이 *전해지다*|news is delivered|전설이 *전해지다*|a legend is passed down|마음이 *전해지다*|one's feelings are conveyed
1916|2300|편리하다|형|便利-|B|to be convenient|교통이 *편리하다*|transportation is convenient|사용하기 *편리하다*|to be convenient to use|*편리한* 생활|convenient life
|2302|현금04|명|現金|B|cash|*현금* 결제|cash payment|*현금*을 찾다|to withdraw cash|*현금* 인출기|ATM (cash dispenser)
1918|2304|활발하다|형|活潑-|B|to be active/lively|활동이 *활발하다*|activity is vigorous|성격이 *활발하다*|to have a lively personality|교류가 *활발하다*|exchange is active
1919|2305|가리다03|동|시비를 ~|B|to distinguish/choose|시비를 *가리다*|to distinguish right from wrong|낯을 *가리다*|to be shy with strangers|음식을 *가리다*|to be a picky eater
1920|2309|껍질|명||B|skin/shell|사과 *껍질*|apple peel|조개 *껍질*|seashell|*껍질*을 벗기다|to peel the skin
1921|2311|명령01|명|命令|B|order/command|*명령*을 내리다|to give an order|*명령*을 따르다|to follow a command|군대 *명령*|military order
1922|2312|몰래01|부||B|secretly|*몰래* 나가다|to go out secretly|*몰래* 카메라|hidden camera|아무도 모르게 *몰래*|secretly without anyone knowing
1923|2313|무조건|부|無條件|B|unconditionally|*무조건* 믿다|to believe unconditionally|*무조건* 항복|unconditional surrender|*무조건* 가야 한다|must go no matter what
1924|2314|반장08|명|班長|B|class president|학급 *반장*|class president|*반장*으로 뽑히다|to be elected as class president|*반장* 선거|class president election
1925|2315|부근03|명|附近|B|vicinity|학교 *부근*|near the school|역 *부근*|vicinity of the station|집 *부근*을 산책하다|to walk around the neighborhood
|2316|선택|명|選擇|B|choice/selection|*선택*을 하다|to make a choice|최선의 *선택*|the best choice|메뉴 *선택*|menu selection
1927|2319|역사가|명|歷史家|B|historian|유명한 *역사가*|famous historian|*역사가*의 관점|historian's perspective|*역사가*가 기록하다|a historian records
1928|2320|연구자|명|硏究者|B|researcher|과학 *연구자*|scientific researcher|*연구자*의 자세|researcher's attitude|책임 *연구자*|lead researcher
1929|2323|정리09|명|整理|B|arrangement/cleanup|방 *정리*|room cleanup|생각 *정리*|organizing thoughts|*정리*를 잘하다|to be good at organizing
1930|2324|조그맣다|형||B|to be tiny|*조그만* 선물|a small gift|몸집이 *조그맣다*|to be small-built|*조그맣게* 보이다|to look tiny
1931|2325|줄기01|명||B|stem/stream|식물 *줄기*|plant stem|한 *줄기* 빛|a ray of light|물*줄기*|stream of water
1932|2326|찾아내다|동||B|to find out|원인을 *찾아내다*|to find out the cause|잘못을 *찾아내다*|to find a mistake|숨은 그림을 *찾아내다*|to find a hidden picture
1933|2330|권하다|동|勸-|B|to recommend/advise|참여를 *권하다*|to recommend participating|차를 *권하다*|to offer tea|정중히 *권하다*|to suggest politely
1934|2332|끝내|부||B|finally/to the end|*끝내* 거절하다|to refuse to the end|*끝내* 이뤄내다|to finally achieve|*끝내* 나타나지 않았다|didn't show up in the end
1935|2333|대문03|명|大門|B|main gate|집 *대문*|house gate|*대문*을 열다|to open the main gate|*대문* 앞에 서다|to stand in front of the gate
1936|2340|시내03|명|市內|B|downtown|*시내* 구경|downtown sightseeing|*시내* 버스|city bus|*시내*에 나가다|to go downtown
1937|2341|신02|명|~이 나다|B|excitement|*신*이 나다|to be excited|*신*나게 놀다|to play with excitement|*신*을 내다|to cheer up/get excited
1938|2343|실내|명|室內|B|indoors|*실내* 디자인|interior design|*실내* 낚시터|indoor fishing spot|*실내*에서 금연|no smoking indoors
1939|2344|쏟다|동||B|to pour/devote|물을 *쏟다*|to spill water|정성을 *쏟다*|to devote sincerity|눈물을 *쏟다*|to shed tears
1940|2345|연결하다01|동|連結-|B|to connect|선을 *연결하다*|to connect a line|인터넷을 *연결하다*|to connect to the internet|전화를 *연결하다*|to connect a call
1941|2346|외교01|명|外交|B|diplomacy|*외교* 관계|diplomatic relations|*외교* 정책|foreign policy|*외교*관|diplomat
1942|2348|주머니|명||B|pocket|바지 *주머니*|pants pocket|*주머니*에 넣다|to put in a pocket|*주머니* 사정|financial situation (pocket status)
1943|2350|계약|명|契約|B|contract|*계약*을 맺다|to sign a contract|*계약* 기간|contract period|전세 *계약*|lease contract
1944|2351|과장07|명|課長|B|manager/section chief|김 *과장*님|Manager Kim|*과장* 승진|promotion to manager|영업 *과장*|sales manager
1945|2356|부끄럽다|형||B|to be ashamed/shy|낯을 가려 *부끄럽다*|to be shy with strangers|행동이 *부끄럽다*|to be ashamed of behavior|*부끄러운* 과거|shameful past
1946|2357|성공01|명|成功|B|success|*성공* 비결|secret to success|*성공*을 거두다|to achieve success|사회적 *성공*|social success
1947|2359|신청01|명|申請|B|application|가입 *신청*|membership application|*신청* 기간|application period|서비스를 *신청하다*|to apply for service
1948|2361|아픔|명||B|pain|이별의 *아픔*|pain of parting|*아픔*을 겪다|to experience pain|몸의 *아픔*|physical pain
1949|2362|알아듣다|동||B|to understand|말을 *알아듣다*|to understand what is said|쉽게 *알아듣다*|to understand easily|잘 못 *알아들었어요*|I didn't understand well
1950|2363|약간|명|若干|B|a little bit|*약간*의 차이|a slight difference|*약간* 늦다|to be a little late|*약간* 맵다|to be slightly spicy
1951|2364|연기09|명|煙氣|B|smoke|담배 *연기*|cigarette smoke|*연기*가 나다|smoke is rising|*연기*를 마시다|to inhale smoke
1952|2366|이동03|명|移動|B|movement/transfer|위치 *이동*|change of position|*이동* 수단|means of transportation|다른 곳으로 *이동하다*|to move to another place
1953|2379|기온|명|氣溫|B|temperature|평균 *기온*|average temperature|*기온*이 오르다|temperature rises|최저 *기온*|minimum temperature
1954|2380|날아가다|동||B|to fly away|새가 *날아가다*|a bird flies away|모자가 *날아가다*|a hat flies off|기회가 *날아가다*|an opportunity vanishes
1955|2381|많아지다|동||B|to increase|인구가 *많아지다*|population increases|일이 *많아지다*|workload increases|걱정이 *많아지다*|worries increase
1956|2382|바위01|명||B|rock/boulder|큰 *바위*|large rock|*바위* 위에 앉다|to sit on a rock|*바위*산|rocky mountain
1957|2383|버릇01|명||B|habit|나쁜 *버릇*|bad habit|*버릇*을 고치다|to fix a habit|*버릇* 없는 행동|rude behavior
1958|2384|비판하다|동|批判-|B|to criticize|정부를 *비판하다*|to criticize the government|냉정하게 *비판하다*|to criticize coldly|행동을 *비판하다*|to criticize behavior
1959|2385|빨갛다|형||B|to be red|얼굴이 *빨갛다*|face is red|*빨간* 사과|red apple|입술이 *빨갛다*|lips are red
1960|2386|세워지다|동||B|to be established/set up|계획이 *세워지다*|a plan is made|건물이 *세워지다*|a building is erected|나라가 *세워지다*|a country is founded
1961|2387|술집|명||B|bar/pub|단골 *술집*|regular bar|*술집*에 가다|to go to a pub|동네 *술집*|neighborhood bar
1962|2388|쉬다04|동|숨을 ~|B|to breathe|숨을 *쉬다*|to breathe|깊게 숨을 *쉬다*|to take a deep breath|숨을 *쉴* 수 없다|cannot breathe
1963|2393|전체적|명|全體的|B|overall|*전체적*인 분위기|overall atmosphere|*전체적*으로 검토하다|to review overall|*전체적*인 흐름|overall flow
1964|2394|절반|명|折半|B|half|*절반*으로 나누다|to divide in half|*절반* 가격|half price|*절반* 이상|more than half
1965|2397|편안하다01|형|便安-|B|to be comfortable|마음이 *편안하다*|to be at peace|*편안한* 자세|comfortable posture|*편안하게* 쉬다|to rest comfortably
1966|2398|풍경01|명|風景|B|scenery|아름다운 *풍경*|beautiful scenery|겨울 *풍경*|winter landscape|*풍경* 사진|scenery photo
1967|2399|확실히|부|確實-|B|certainly/clearly|*확실히* 말하다|to say clearly|*확실히* 다르다|to be certainly different|*확실히* 끝내다|to finish definitely
1968|2401|갈다02|동|문지르다|B|to grind/sharpen|칼을 *갈다*|to sharpen a knife|이를 *갈다*|to grind one's teeth|커피를 *갈다*|to grind coffee
1969|2402|교류01|명|交流|B|exchange|문화 *교류*|cultural exchange|정보 *교류*|information exchange|*교류*를 확대하다|to expand exchange
1970|2403|글쓰기|명||B|writing|*글쓰기* 연습|writing practice|창의적 *글쓰기*|creative writing|*글쓰기* 숙제|writing assignment
1971|2405|내내01|부||B|throughout|방학 *내내*|throughout the vacation|하루 *내내*|all day long|일 년 *내내*|all year round
1972|2406|대기업|명|大企業|B|large corporation|*대기업* 취업|employment at a large firm|*대기업* 위주|conglomerate-oriented|국내 *대기업*|domestic large corporation
1973|2408|도구10|명|道具|B|tool|필기 *도구*|writing tools|요리 *도구*|cooking utensils|*도구*를 사용하다|to use a tool
1974|2409|매력|명|魅力|B|charm|*매력*이 넘치다|to be full of charm|*매력*적인 목소리|charming voice|그녀의 *매력*|her attraction
1975|2411|보험|명|保險|B|insurance|건강 *보험*|health insurance|*보험*에 가입하다|to take out insurance|자동차 *보험*|car insurance
1976|2412|부럽다|형||B|to be envious|네가 정말 *부럽다*|I'm so envious of you|*부러운* 눈빛|envious look|남이 *부럽지* 않다|not envious of others
1977|2413|부장07|명|部長|B|department head|영업 *부장*|sales department head|*부장* 승진|promotion to department head|박 *부장*님|Department Head Park
1978|2414|섞이다|동||B|to be mixed|물이 *섞이다*|to be mixed with water|인파에 *섞이다*|to be mixed in a crowd|웃음이 *섞인* 목소리|a voice mixed with laughter
|2415|소03|명|동물|B|cow/ox|*소*를 키우다|to raise cattle|*소*고기|beef|*소* 잃고 외양간 고친다|mend the barn after losing the cow
1980|2416|심리01|명|心理|B|psychology|군중 *심리*|mob psychology|*심리* 치료|psychotherapy|소비자 *심리*|consumer psychology
1981|2418|쏘다01|동||B|to shoot|총을 *쏘다*|to shoot a gun|화살을 *쏘다*|to shoot an arrow|눈총을 *쏘다*|to give a sharp look
1982|2420|위치하다|동|位置-|B|to be located|중심에 *위치하다*|to be located in the center|산기슭에 *위치한* 집|a house located at the foot of a mountain|어디에 *위치합니까*|where is it located
1983|2422|이틀01|명|시간|B|two days|*이틀* 동안|for two days|*이틀* 뒤에|after two days|*이틀*을 쉬다|to rest for two days
1984|2424|전달하다02|동|傳達-|B|to deliver/convey|메시지를 *전달하다*|to deliver a message|물건을 *전달하다*|to deliver an item|의미를 *전달하다*|to convey meaning
1985|2425|정말로|부|正-|B|really|*정말로* 미안해|I'm really sorry|*정말로* 맛있다|it's really delicious|*정말로* 믿기지 않는다|truly unbelievable
1986|2428|코너|명|corner|B|corner|화장품 *코너*|cosmetics corner|*코너*를 돌다|to turn a corner|코너에 *몰리다*|to be cornered
1987|2429|행동하다|동|行動-|B|to act/behave|바르게 *행동하다*|to behave correctly|말보다 먼저 *행동하다*|to act before speaking|신중하게 *행동하다*|to act cautiously
1988|2432|감동02|명|感動|B|emotion/impression|깊은 *감동*|deep impression|*감동*을 주다|to touch someone's heart|*감동*적인 영화|moving movie
1989|2435|굳이|부||B|obstinately/purposely|*굳이* 갈 필요 없다|no need to go purposely|*굳이* 말하자면|if I have to say it|*굳이* 사양하다|to decline obstinately
1990|2436|그늘|명||B|shade|나무 *그늘*|tree shade|*그늘*에 앉다|to sit in the shade|*그늘*진 곳|shaded place
1991|2437|급하다|형|急-|B|to be urgent/hurried|성격이 *급하다*|to be impatient|일이 *급하다*|the matter is urgent|마음이 *급하다*|to be in a hurry (mentally)
1992|2438|달걀|명||B|egg|*달걀* 프라이|fried egg|*달걀*을 삶다|to boil an egg|*달걀* 한 판|a carton of eggs
1993|2439|대중문화|명|大衆文化|B|pop culture|한국 *대중문화*|Korean pop culture|*대중문화*의 영향|influence of pop culture|*대중문화*를 즐기다|to enjoy popular culture
1994|2440|마련되다|동||B|to be prepared|자리가 *마련되다*|a seat/place is prepared|예산이 *마련되다*|budget is arranged|대책이 *마련되다*|measures are prepared
1995|2441|마루03|명|~를 닦다|B|wooden floor|*마루*를 닦다|to wipe the floor|대청*마루*|main hall floor|*마루*에 앉다|to sit on the wooden floor
1996|2442|무게|명||B|weight|*무게*를 재다|to measure weight|몸*무게*|body weight|*무게*가 나가다|to be heavy
1997|2444|성적04|명|成績|B|grade/result|*성적*이 오르다|grades improve|학기 *성적*|semester grades|*성적*표|report card
1998|2445|솔직히|부|率直-|B|honestly|*솔직히* 말해서|to be honest|*솔직히* 인정하다|to admit honestly|*솔직히* 고백하다|to confess truthfully
1999|2446|시도하다03|동|試圖-|B|to try/attempt|새로운 것을 *시도하다*|to try something new|탈출을 *시도하다*|to attempt an escape|끊임없이 *시도하다*|to try constantly
2000|2449|예절|명|禮節|B|etiquette|예의 *예절*|manners and etiquette|식사 *예절*|table manners|*예절*을 지키다|to follow etiquette
2001|2451|인상06|명|印象|B|impression|첫 *인상*|first impression|강한 *인상을* 주다|to give a strong impression|*인상이* 좋다|to have a good impression
2002|2452|인터넷|명|internet|B|internet|*인터넷* 검색|internet search|*인터넷*을 연결하다|to connect to the internet|*인터넷* 뱅킹|internet banking
2003|2454|적용하다|동|適用-|B|to apply|법을 *적용하다*|to apply the law|기술을 *적용하다*|to apply technology|새 규정을 *적용하다*|to apply new regulations
2004|2455|전통적|명|傳統的|B|traditional|*전통적* 방식|traditional method|*전통적* 가치|traditional values|매우 *전통적이다*|to be very traditional
2005|2456|참가하다01|동|參加-|B|to participate|대회에 *참가하다*|to participate in a contest|모임에 *참가하다*|to join a meeting|축제에 *참가하다*|to participate in a festival
2006|2458|친척|명|親戚|B|relative|가까운 *친척*|close relative|*친척* 집|relative's house|*친척*들을 만나다|to meet relatives
2007|2463|그다지|부||B|not particularly|*그다지* 크지 않다|not that big|*그다지* 좋지 않다|not particularly good|*그다지* 멀지 않다|not so far
2008|2464|긴장|명|緊張|B|tension|*긴장을* 풀다|to relax|*긴장* 속에 살다|to live in tension|몹시 *긴장되다*|to be very nervous
2009|2468|따라가다|동||B|to follow|앞차를 *따라가다*|to follow the car in front|유행을 *따라가다*|to follow a trend|엄마를 *따라가다*|to follow one's mother
2010|2472|부처04|명|部處|B|government department|정부 *부처*|government department|해당 *부처*|the relevant department|여러 *부처*|various departments
2011|2473|숙이다|동||B|to lower|고개를 *숙이다*|to lower one's head|허리를 *숙이다*|to bend at the waist|몸을 *숙이다*|to lean down
2012|2474|아가씨|명||B|young lady|동네 *아가씨*|neighborhood young lady|예쁜 *아가씨*|pretty young lady|모르는 *아가씨*|unknown young lady
2013|2475|온도|명|溫度|B|temperature|바깥 *온도*|outside temperature|*온도가* 높다|temperature is high|*온도를* 조절하다|to adjust the temperature
2014|2476|이마01|명||B|forehead|*이마가* 넓다|to have a wide forehead|*이마를* 짚다|to feel someone's forehead|*이마에* 땀|sweat on the forehead
2015|2477|절대로|부|絶對-|B|never|*절대로* 안 된다|absolutely not|*절대로* 잊지 마|never forget|*절대로* 비밀이다|it is an absolute secret
2016|2478|지붕|명||B|roof|빨간 *지붕*|red roof|*지붕* 위에|on the roof|*지붕을* 고치다|to fix a roof
2017|2480|진짜|명|眞-|B|really|*진짜* 보석|real jewel|*진짜* 맛있다|really delicious|*진짜* 사실이다|it is truly the truth
2018|2482|짙다02|형||B|to be thick|안개가 *짙다*|fog is thick|색이 *짙다*|color is deep|화장이 *짙다*|makeup is heavy
2019|2483|창밖|명|窓-|B|outside the window|*창밖을* 내다보다|to look out the window|*창밖* 풍경|scenery outside the window|*창밖으로* 던지다|to throw out the window
2020|2489|햇살|명||B|sunlight|눈부신 *햇살*|dazzling sunlight|따스한 *햇살*|warm sunshine|*햇살이* 비치다|sunlight shines
2021|2492|경제적|명|經濟的|B|economical|*경제적* 어려움|economic difficulty|*경제적* 이익|economic benefit|매우 *경제적이다*|to be very economical
2022|2496|담당하다|동|擔當-|B|to be in charge|업무를 *담당하다*|to handle tasks|사건을 *담당하다*|to be in charge of a case|안내를 *담당하다*|to be responsible for guidance
2023|2499|벗기다02|동||B|to take off|껍질을 *벗기다*|to peel the skin|옷을 *벗기다*|to undress someone|신발을 *벗기다*|to take off someone's shoes
2024|2501|불빛|명||B|light|밝은 *불빛*|bright light|가로등 *불빛*|street light|멀리 보이는 *불빛*|light seen in the distance
2025|2503|시청자|명|視聽者|B|viewer|*시청자* 게시판|viewer bulletin board|많은 *시청자*|many viewers|*시청자* 의견|viewer opinion
2026|2507|완벽하다|형|完璧-|B|to be perfect|*완벽한* 계획|perfect plan|준비가 *완벽하다*|preparation is perfect|영어가 *완벽하다*|English is perfect
2027|2510|절01|명|사찰|B|Buddhist temple|*절에* 다니다|to go to a temple|조용한 *절*|quiet temple|유명한 *절*|famous temple
2028|2512|종업원|명|從業員|B|employee|식당 *종업원*|restaurant server|친절한 *종업원*|kind employee|*종업원을* 부르다|to call a staff member
2029|2515|학기02|명|學期|B|semester|이번 *학기*|this semester|새 *학기* 시작|start of a new semester|지난 *학기* 성적|grades from last semester
2030|2516|한동안|명||B|for a while|*한동안* 못 봤다|haven't seen for a while|*한동안* 조용하다|to be quiet for a while|*한동안* 쉬다|to rest for a while
2031|2522|만지다|동||B|to touch|손으로 *만지다*|to touch with hands|기계를 *만지다*|to handle a machine|돈을 *만지다*|to touch money
2032|2523|목사05|명|牧師|B|pastor|교회 *목사*|church pastor|*목사*님의 설교|pastor's sermon|*목사가* 되다|to become a pastor
2033|2524|바늘|명||B|needle|*바늘*과 실|needle and thread|*바늘에* 찔리다|to be pricked by a needle|*바늘* 구멍|eye of a needle
2034|2530|부15|의|部|B|unit|한 *부* 주다|to give one copy|신문 세 *부*|three copies of newspaper|서류 열 *부*|ten copies of documents
2035|2530|수입01|명|收入|B|income|월 *수입*|monthly income|*수입이* 적다|income is low|*수입이* 늘다|income increases
2036|2532|양쪽|명|兩-|B|both sides|*양쪽* 다리|both legs|*양쪽* 길|both paths|*양쪽* 모두|both sides
2037|2538|짐01|명||B|luggage|*짐을* 싸다|to pack luggage|무거운 *짐*|heavy load|*짐을* 옮기다|to move luggage
2038|2539|풀02|명|~을 베다|B|grass|*풀을* 베다|to cut grass|*풀이* 자라다|grass grows|푸른 *풀*|green grass
2039|2540|해마다|부||B|every year|*해마다* 열리다|to be held every year|*해마다* 다르다|to be different every year|*해마다* 증가하다|to increase every year
2040|2541|후배06|명|後輩|B|junior|학교 *후배*|school junior|아끼는 *후배*|dear junior|*후배를* 챙기다|to look after a junior
2041|2542|휴가01|명|休暇|B|vacation|여름 *휴가*|summer vacation|*휴가를* 가다|to go on vacation|*휴가* 기간|vacation period
2042|2545|국회의원|명|國會議員|B|assembly member|*국회의원* 선거|assembly member election|젊은 *국회의원*|young assembly member|*국회의원이* 되다|to become an assembly member
2043|2551|뻗다|동||B|to stretch out|손을 *뻗다*|to reach out one's hand|다리를 *뻗다*|to stretch one's legs|길이 *뻗다*|the road extends
2044|2552|생활하다|동|生活-|B|to live|성실히 *생활하다*|to live diligently|외국에서 *생활하다*|to live abroad|함께 *생활하다*|to live together
2045|2553|솔직하다|형|率直-|B|to be honest|*솔직한* 대답|honest answer|*솔직하게* 말하다|to speak honestly|기분이 *솔직하다*|to be honest about feelings
2046|2554|안타깝다|형||B|to be pitiful|정말 *안타깝다*|it's really a pity|*안타까운* 소식|sad news|마음이 *안타깝다*|to feel sorry for
2047|2557|이르다03|형|빠르다|B|to be early|시간이 *이르다*|it is early|*이른* 아침|early morning|포기하기에는 *이르다*|it is too early to give up
2048|2559|젓다01|동||B|to stir|커피를 *젓다*|to stir coffee|손을 *젓다*|to wave one's hand|노를 *젓다*|to row a boat
2049|2562|축제01|명|祝祭|B|festival|지역 *축제*|local festival|*축제를* 즐기다|to enjoy a festival|학교 *축제*|school festival
2050|2563|터뜨리다|동||B|to burst|풍선을 *터뜨리다*|to pop a balloon|울음을 *터뜨리다*|to burst into tears|웃음을 *터뜨리다*|to burst out laughing
2051|2564|학습|명|學習|B|learning|자기 *학습*|self-learning|*학습* 내용|learning content|언어 *학습*|language learning
2052|2566|높이02|부||B|high|*높이* 날다|to fly high|*높이* 쌓다|to pile up high|*높이* 뛰다|to jump high
2053|2567|당연히01|부|當然-|B|naturally|*당연히* 해야지|naturally should do it|*당연히* 알다|to know of course|*당연히* 그렇다|it is naturally so
2054|2570|떨리다01|동|흔들리다|B|to tremble|목소리가 *떨리다*|voice trembles|손이 *떨리다*|hands are shaking|가슴이 *떨리다*|heart flutters
2055|2571|마구01|부||B|recklessly|*마구* 쓰다|to use recklessly|*마구* 달리다|to run wildly|돈을 *마구* 쓰다|to spend money blindly
2056|2572|만남|명||B|meeting|첫 *만남*|first meeting|우연한 *만남*|chance encounter|*만남의* 광장|meeting plaza
2057|2573|미디어|명|media|B|media|소셜 *미디어*|social media|*미디어* 교육|media education|대중 *미디어*|mass media
2058|2574|복도04|명|複道|B|hallway|*복도를* 지나다|to pass through the hallway|긴 *복도*|long corridor|*복도* 끝|end of the hallway
2059|2575|수상09|명|首相|B|prime minister|일본 *수상*|Prime Minister of Japan|*수상* 회담|summit of prime ministers|영국 *수상*|British Prime Minister
2060|2581|자랑스럽다|형||B|to be proud|부모님이 *자랑스럽다*|to be proud of parents|*자랑스러운* 아들|proud son|내가 *자랑스럽다*|to be proud of myself
2061|2583|적당하다02|형|適當-|B|to be suitable|온도가 *적당하다*|temperature is suitable|*적당한* 크기|appropriate size|*적당하게* 먹다|to eat moderately
2062|2587|진행하다|동|進行-|B|to proceed|공사를 *진행하다*|to carry out construction|회의를 *진행하다*|to conduct a meeting|순조롭게 *진행하다*|to proceed smoothly
2063|2589|곳곳|명||B|here and there|전국 *곳곳*|all over the country|*곳곳에* 피다|to bloom here and there|길 *곳곳이*|every part of the road
2064|2591|금지04|명|禁止|B|prohibition|출입 *금지*|no entry|사용 *금지*|prohibited use|주차 *금지*|no parking
2065|2592|내지01|부|乃至|B|or|두 명 *내지* 세 명|two or three people|천 원 *내지* 이천 원|1,000 to 2,000 won|국내 *내지* 국외|domestic or overseas
2066|2593|달려오다|동||B|to come running|멀리서 *달려오다*|to come running from afar|집으로 *달려오다*|to rush home|내게 *달려오다*|to run towards me
2067|2594|둘러보다|동||B|to look around|가게를 *둘러보다*|to look around a shop|주위를 *둘러보다*|to look around the surroundings|한번 *둘러보다*|to take a look around
2068|2596|비교01|명|比較|B|comparison|가격 *비교*|price comparison|*비교가* 안 되다|beyond comparison|상대와 *비교*|comparison with opponent
2069|2601|역사적|명|歷史的|B|historical|*역사적* 사건|historical event|*역사적* 배경|historical background|매우 *역사적이다*|to be very historical
2070|2602|열차02|명|列車|B|train|급행 *열차*|express train|*열차* 시간|train time|*열차에* 타다|to board a train
2071|2604|유난히|부||B|unusually|*유난히* 덥다|to be unusually hot|*유난히* 밝다|to be exceptionally bright|*유난히* 예쁘다|to be exceptionally pretty
2072|2608|잠들다|동||B|to fall asleep|깊이 *잠들다*|to fall into a deep sleep|금방 *잠들다*|to fall asleep quickly|아기가 *잠들다*|the baby falls asleep
2073|2609|정식01|명|正式|B|formal|*정식* 절차|formal procedure|*정식* 직원|regular employee|*정식으로* 사과하다|to apologize formally
2074|2611|즉시|명|卽時|B|immediately|*즉시* 보고하다|to report immediately|*즉시* 실행하다|to execute immediately|*즉시* 대답하다|to answer at once
2075|2612|최선02|명|最善|B|the best|*최선을* 다하다|to do one's best|*최선의* 방법|the best way|*최선이* 아니다|it is not the best
2076|2613|탑02|명|塔|B|tower|높은 *탑*|high tower|*탑을* 쌓다|to build a tower|석 *탑*|stone pagoda
2077|2615|활동하다01|동|活動-|B|to be active|활발히 *활동하다*|to be actively active|가수로 *활동하다*|to be active as a singer|사회에서 *활동하다*|to be active in society
2078|2616|건축01|명|建築|B|architecture|현대 *건축*|modern architecture|*건축* 설계|architectural design|*건축* 공사|construction work
2079|2617|귀엽다|형||B|to be cute|아이가 *귀엽다*|the child is cute|*귀여운* 강아지|cute puppy|행동이 *귀엽다*|to act cute
2080|2618|답답하다|형||B|to be frustrated|가슴이 *답답하다*|to feel heavy in the chest|*답답한* 공기|stuffy air|속이 *답답하다*|to feel frustrated inside
2081|2619|당황하다|동|唐慌-|B|to be flustered|몹시 *당황하다*|to be very flustered|*당황한* 표정|flustered look|갑자기 *당황하다*|to be suddenly flustered
2082|2621|떨어뜨리다|동||B|to drop|지갑을 *떨어뜨리다*|to drop a wallet|성적을 *떨어뜨리다*|to lower grades|컵을 *떨어뜨리다*|to drop a cup
2083|2622|똑같이|부||B|equally|*똑같이* 나누다|to divide equally|둘이 *똑같이*|both exactly the same|*똑같이* 생기다|to look exactly the same
2084|2624|말05|명|동물|B|horse|*말을* 타다|to ride a horse|*말* 농장|horse farm|빠른 *말*|fast horse
2085|2625|밀가루|명||B|flour|*밀가루* 반죽|flour dough|*밀가루* 음식|flour-based food|*밀가루를* 묻히다|to coat with flour
2086|2626|바깥|명||B|outside|*바깥* 날씨|outside weather|*바깥으로* 나가다|to go outside|*바깥* 구경|looking outside
2087|2628|벌리다01|동|입을 ~|B|to open|입을 *벌리다*|to open one's mouth|간격을 *벌리다*|to widen a gap|팔을 *벌리다*|to spread one's arms
2088|2629|보고서|명|報告書|B|report|결과 *보고서*|result report|*보고서를* 쓰다|to write a report|*보고서를* 제출하다|to submit a report
2089|2630|보관하다|동|保管-|B|to store|짐을 *보관하다*|to store luggage|서류를 *보관하다*|to keep documents|냉장고에 *보관하다*|to store in a refrigerator
2090|2631|부딪치다|동||B|to bump into|차에 *부딪치다*|to crash into a car|벽에 *부딪치다*|to bump into a wall|난관에 *부딪치다*|to face a difficulty
2091|2632|빨래|명||B|laundry|*빨래를* 하다|to do the laundry|*빨래를* 널다|to hang the laundry|*빨래* 바구니|laundry basket
2092|2633|상하다02|동|傷-|B|to go bad|음식이 *상하다*|food goes bad|기분이 *상하다*|to feel hurt|피부가 *상하다*|skin is damaged
2093|2635|식용유|명|食用油|B|cooking oil|*식용유를* 두르다|to grease with oil|콩 *식용유*|soybean oil|*식용유* 한 통|a bottle of cooking oil
2094|2644|겁05|명|怯|B|fear|*겁이* 나다|to be scared|*겁을* 주다|to frighten someone|*겁이* 많다|to be very fearful
2095|2654|산소03|명|酸素|B|oxygen|*산소* 부족|lack of oxygen|*산소를* 공급하다|to supply oxygen|신선한 *산소*|fresh oxygen
2096|2655|석유01|명|石油|B|oil|*석유* 가격|oil price|*석유*가 나오다|to produce oil|*석유* 난로|oil heater
2097|2656|소리치다|동||B|to shout|큰 소리로 *소리치다*|to shout loudly|도와달라고 *소리치다*|to scream for help|이름을 *소리치다*|to call out a name
2098|2658|신선하다03|형|新鮮-|B|to be fresh|*신선한* 채소|fresh vegetables|공기가 *신선하다*|air is fresh|생선이 *신선하다*|fish is fresh
2099|2664|장25|명|章|B|chapter|제 일 *장*|Chapter 1|마지막 *장*|final chapter|다음 *장을* 읽다|to read the next chapter
2100|2665|적13|명|敵|B|enemy|*적을* 물리치다|to defeat the enemy|*적이* 되다|to become enemies|공공의 *적*|public enemy
2101|2666|조심하다02|동|操心-|B|to be careful|차를 *조심하다*|to be careful of cars|감기 *조심하세요*|please be careful not to catch a cold|말을 *조심하다*|to be careful with one's words
2102|2667|질08|명|質|B|quality|*질이* 좋다|quality is good|제품의 *질*|quality of a product|*질을* 높이다|to improve the quality
2103|2668|찌르다|동||B|to pierce|바늘로 *찌르다*|to prick with a needle|가슴을 *찌르다*|to pierce the heart|옆구리를 *찌르다*|to poke in the side
2104|2669|책임자|명|責任者|B|person in charge|현장 *책임자*|site manager|*책임자를* 부르다|to call the person in charge|최고 *책임자*|chief executive
2105|2674|확대되다02|동|擴大-|B|to be expanded|범위가 *확대되다*|the scope is expanded|수입이 *확대되다*|imports are expanded|조직이 *확대되다*|the organization is expanded
2106|2675|거실02|명|居室|B|living room|*거실* 소파|living room sofa|*거실에서* 쉬다|to rest in the living room|넓은 *거실*|spacious living room
2107|2680|바보|명||B|fool|*바보* 같은 짓|foolish act|나를 *바보로* 알다|to take me for a fool|웃음 많은 *바보*|a smiling fool
2108|2681|별02|관|別|B|particular|*별* 일 없지요?|nothing particular going on?|*별* 대화 없이|without much conversation|*별* 맛이 없다|no particular taste
2109|2682|보람|명||B|worth|*보람을* 느끼다|to feel a sense of worth|일한 *보람*|worth of working|찾는 *보람이* 있다|it is worth looking for
2110|2683|부작용|명|副作用|B|side effect|약의 *부작용*|side effect of medicine|*부작용이* 심하다|side effects are severe|*부작용을* 줄이다|to reduce side effects
2111|2687|신고01|명|申告|B|report|경찰에 *신고*|report to the police|혼인 *신고*|marriage registration|사망 *신고*|death report
2112|2689|어떡하다|불|어떠하게 하다|B|what to do|이제 *어떡하지*?|what do I do now?|*어떡할* 거예요?|what are you going to do?|나보고 *어떡하라고*|what do you want me to do
2113|2690|예상02|명|豫想|B|expectation|*예상* 밖의 결과|unexpected result|성공을 *예상하다*|to expect success|*예상* 시나리오|expected scenario
2114|2694|이상09|명|理想|B|ideal|*이상과* 현실|ideal and reality|*이상적인* 남편|ideal husband|높은 *이상*|high ideal
2115|2699|주먹|명||B|fist|*주먹을* 쥐다|to clench one's fist|*주먹으로* 치다|to hit with a fist|작은 *주먹*|small fist
2116|2701|털다|동||B|to dust off|먼지를 *털다*|to shake off dust|옷을 *털다*|to brush off clothes|가게를 *털다*|to rob a store
2117|2704|과목02|명|科目|B|subject|전공 *과목*|major subject|선택 *과목*|elective subject|좋아하는 *과목*|favorite subject
2118|2707|근무|명|勤務|B|work|*근무* 시간|working hours|야간 *근무*|night shift|*근무* 환경|work environment
2119|2710|달아나다|동||B|to run away|멀리 *달아나다*|to flee far away|범인이 *달아나다*|the criminal escapes|기회가 *달아나다*|opportunity slips away
2120|2711|묶다|동||B|to tie|끈을 *묶다*|to tie a string|머리를 *묶다*|to tie one's hair|신발 끈을 *묶다*|to tie shoelaces
2121|2713|소스01|명|sauce|B|sauce|스테이크 *소스*|steak sauce|*소스를* 뿌리다|to pour sauce|매콤한 *소스*|spicy sauce
2122|2716|우리말|명||B|our language|*우리말* 교육|Korean language education|아름다운 *우리말*|beautiful Korean language|*우리말을* 쓰다|to use our native tongue
2123|2717|유교02|명|儒敎|B|Confucianism|*유교* 문화|Confucian culture|*유교* 사상|Confucian ideas|*유교* 국가|Confucian state
2124|2718|이불01|명||B|blanket|*이불을* 덮다|to cover with a blanket|두꺼운 *이불*|thick duvet|*이불을* 펴다|to spread out a blanket
2125|2719|이성08|명|理性|B|reason|*이성이* 마비되다|reason is paralyzed|*이성적으로* 판단하다|to judge rationally|감정보다 *이성*|reason over emotion
2126|2720|일상04|명|日常|B|daily life|*일상* 생활|daily life|*일상의* 소소함|small things in daily life|평범한 *일상*|ordinary daily life
2127|2721|자동01|명|自動|B|automatic|*자동* 문|automatic door|*자동* 응답|automatic response|*자동으로* 꺼지다|to turn off automatically
2128|2722|장래|명|將來|B|future|*장래* 희망|future hope|*장래* 계획|future plans|촉망받는 *장래*|promising future
2129|2725|중요성|명|重要性|B|importance|*중요성을* 깨닫다|to realize the importance|교육의 *중요성*|importance of education|*중요성이* 커지다|importance grows
2130|2727|탤런트|명|talent|B|TV actor|유명 *탤런트*|famous TV actor|*탤런트* 공채|open recruitment for actors|*탤런트로* 데뷔하다|to debut as an actor
2131|2728|특별히|부|特別-|B|specially|*특별히* 주문하다|to order specially|*특별히* 잘해주다|to treat extra well|오늘은 *특별히*|specially for today
2132|2734|과학적|명|科學적|B|scientific|*과학적* 근거|scientific evidence|*과학적* 연구|scientific research|매우 *과학적이다*|to be very scientific
2133|2741|봉투02|명|封套|B|envelope|편지 *봉투*|letter envelope|쓰레기 *봉투*|trash bag|*봉투에* 넣다|to put in an envelope
2134|2742|분명01|부|分明|B|clearly|*분명* 들었다|I clearly heard it|*분명* 알다|to know for certain|*분명* 잘못했다|definitely did wrong
2135|2751|지다02|동|해가 ~|B|to set|해가 *지다*|the sun sets|달이 *지다*|the moon sets|꽃이 *지다*|flowers wither
2136|2752|추억|명|追憶|B|memory|어린 시절 *추억*|childhood memory|*추억에* 남다|to remain in memory|좋은 *추억*|good memory
2137|2753|하여튼|부|何如-|B|anyway|*하여튼* 알겠어|anyway, I get it|*하여튼* 고마워|anyway, thanks|*하여튼* 가보자|let's go anyway
2138|2754|함부로|부||B|thoughtlessly|*함부로* 말하다|to speak thoughtlessly|*함부로* 버리다|to throw away carelessly|*함부로* 대하다|to treat disrespectfully
2139|2755|향기01|명|香氣|B|scent|꽃 *향기*|flower scent|좋은 *향기*|good fragrance|*향기가* 나다|to have a scent
2140|2756|현지03|명|現地|B|local|*현지* 음식|local food|*현지* 가이드|local guide|*현지에서* 구입하다|to buy locally
2141|2757|가늘다|형||B|to be thin|실처럼 *가늘다*|to be thin as a thread|다리가 *가늘다*|legs are thin|목소리가 *가늘다*|voice is faint
2142|2758|개인적|명|個人的|B|personal|*개인적* 소견|personal opinion|*개인적* 문제|personal matter|매우 *개인적이다*|to be very personal
2143|2759|겉01|명||B|surface|*겉과* 속|outside and inside|*겉모습만* 보고|looking only at the appearance|*겉에* 바르다|to apply on the surface
2144|2761|근무하다|동|勤務-|B|to work|회사에서 *근무하다*|to work at a company|성실히 *근무하다*|to work diligently|오랫동안 *근무하다*|to work for a long time
2145|2762|깜짝02|부|놀라는 모양|B|startled|*깜짝* 놀라다|to be startled|*깜짝* 파티|surprise party|*깜짝* 등장|surprise appearance
2146|2763|넓히다|동||B|to widen|도로를 *넓히다*|to widen the road|시야를 *넓히다*|to broaden one's perspective|지식을 *넓히다*|to expand knowledge
2147|2764|대11|의|對. 개인 ~ 개인|B|versus|일 *대* 일|one on one|한국 *대* 일본|Korea vs Japan|백 *대* 영|one hundred to zero
2148|2765|떠들다01|동|말하다|B|to chatter|시끄럽게 *떠들다*|to chatter noisily|교실에서 *떠들다*|to make noise in class|친구와 *떠들다*|to chat with a friend
2149|2767|매년|부|每年|B|every year|*매년* 열리다|to be held annually|*매년* 반복되다|to repeat every year|*매년* 성장하다|to grow every year
2150|2768|발생|명|發生|B|occurrence|사고 *발생*|occurrence of an accident|화재 *발생*|outbreak of fire|문제 *발생*|occurrence of a problem
2151|2772|소주05|명|燒酒|B|Soju|*소주* 한 병|a bottle of soju|*소주를* 마시다|to drink soju|*소주* 안주|soju snacks
2152|2773|손바닥|명||B|palm|*손바닥* 위에|on the palm|*손바닥을* 치다|to clap palms|작은 *손바닥*|small palm
2153|2774|승용차|명|乘用車|B|passenger car|검은색 *승용차*|black passenger car|*승용차를* 타다|to ride in a car|소형 *승용차*|small passenger car
2154|2775|어색하다02|형|語塞-|B|to be awkward|분위기가 *어색하다*|atmosphere is awkward|*어색한* 미소|awkward smile|말투가 *어색하다*|the way of speaking is awkward
2155|2776|얹다|동||B|to place|위에 *얹다*|to place on top|책상에 *얹다*|to put on the desk|손을 *얹다*|to place a hand
2156|2779|장점02|명|長點|B|strength|*장점을* 살리다|to utilize strengths|나의 *장점*|my merit|*장점이* 많다|to have many advantages
2157|2780|적당히|부|適當-|B|moderately|*적당히* 먹다|to eat moderately|*적당히* 섞다|to mix appropriately|*적당히* 하다|to do it just right
2158|2781|줍다01|동||B|to pick up|쓰레기를 *줍다*|to pick up trash|돈을 *줍다*|to pick up money|떨어진 것을 *줍다*|to pick up something fallen
2159|2782|진출02|명|進出|B|advancement|해외 *진출*|overseas expansion|결승 *진출*|advancing to the finals|사회 *진출*|entry into society
2160|2784|킬로그램|의|kilogram|B|kilogram|오 *킬로그램*|five kilograms|몸무게 *킬로그램*|weight in kilograms|수십 *킬로그램*|dozens of kilograms
2161|2785|평범하다|형|平凡-|B|to be ordinary|*평범한* 사람|ordinary person|외모가 *평범하다*|appearance is average|*평범하게* 살다|to live an ordinary life
2162|2786|프로04|명|program|B|program|인기 *프로*|popular program|뉴스 *프로*|news program|어린이 *프로*|children's program
2163|2788|확인02|명|確認|B|confirmation|예약 *확인*|booking confirmation|사실 *확인*|fact check|*확인을* 거치다|to go through confirmation
2164|2789|가루01|명|분필 ~|B|powder|고춧 *가루*|chili powder|*가루로* 만들다|to turn into powder|분필 *가루*|chalk dust
2165|2790|건지다|동||B|to pull out|물에서 *건지다*|to pull out of water|목숨을 *건지다*|to save a life|건더기를 *건지다*|to scoop out solids
2166|2792|깨지다|동|깨어지다|B|to be broken|컵이 *깨지다*|the cup breaks|기록이 *깨지다*|the record is broken|약속이 *깨지다*|the promise is broken
2167|2797|들01|명||B|field|넓은 *들*|vast field|*들에* 나가다|to go out to the field|푸른 *들*|green field
2168|2802|방금01|부|方今|B|just now|*방금* 도착했다|just arrived|*방금* 한 말|what was just said|*방금* 나갔다|just went out
2169|2804|슬픔|명||B|sadness|*슬픔에* 잠기다|to be lost in sadness|큰 *슬픔*|deep sorrow|*슬픔을* 나누다|to share sadness
2170|2805|아무렇다|형||B|to be any|*아무렇지도* 않다|to be perfectly fine|*아무렇게나* 하다|to do it any which way|*아무런* 말도 없이|without any word
2171|2806|이용되다|동|利用-|B|to be used|수단으로 *이용되다*|to be used as a means|널리 *이용되다*|to be widely used|공원에 *이용되다*|to be used for the park
2172|2807|이튿날|명||B|the next day|*이튿날* 아침|the next morning|그 *이튿날*|the day after that|기다리던 *이튿날*|the awaited next day
2173|2808|임시02|명|臨時|B|temporary|*임시* 휴일|temporary holiday|*임시* 정부|provisional government|*임시로* 빌리다|to borrow temporarily
2174|2810|줄다|동||B|to decrease|체중이 *줄다*|weight decreases|인구가 *줄다*|population decreases|수입이 *줄다*|income decreases
2175|2811|지구03|명|地區|B|district|주택 *지구*|residential district|상업 *지구*|commercial district|특수 *지구*|special zone
2176|2813|참기름|명||B|sesame oil|*참기름* 냄새|smell of sesame oil|*참기름을* 넣다|to add sesame oil|고소한 *참기름*|fragrant sesame oil
2177|2814|통10|명|桶|B|container|쓰레기 *통*|trash can|물 *통*|water bucket|나무 *통*|wooden barrel
2178|2816|팬03|명|pan|B|pan|프라이 *팬*|frying pan|*팬에* 굽다|to grill in a pan|뜨거운 *팬*|hot pan
2179|2817|합치다|동|合-|B|to combine|힘을 *합치다*|to join forces|하나로 *합치다*|to combine into one|의견을 *합치다*|to unite opinions
2180|2821|골목01|명||B|alley|좁은 *골목*|narrow alley|*골목* 어귀|entrance of an alley|*골목을* 지나다|to pass through an alley
2181|2822|기운01|명||B|energy|*기운이* 없다|to have no energy|새로운 *기운*|new energy|*기운을* 내다|to cheer up
2182|2825|돌아서다|동||B|to turn around|뒤로 *돌아서다*|to turn back|등을 *돌아서다*|to turn one's back|마음이 *돌아서다*|mind changes
2183|2826|동화07|명|童話|B|fairy tale|*동화* 책|fairy tale book|*동화* 속 주인공|character in a fairy tale|*동화가* 구연되다|fairy tale is told
2184|2827|두껍다|형||B|to be thick|책이 *두껍다*|book is thick|입술이 *두껍다*|lips are thick|얼음이 *두껍다*|ice is thick
2185|2828|맞서다|동||B|to oppose|적과 *맞서다*|to face the enemy|의견에 *맞서다*|to oppose an opinion|당당히 *맞서다*|to stand up boldly
2186|2829|모자라다|동||B|to be insufficient|시간이 *모자라다*|time is short|돈이 *모자라다*|money is lacking|일손이 *모자라다*|short-handed
2187|2832|상상하다03|동|想像-|B|to imagine|미래를 *상상하다*|to imagine the future|*상상하기* 힘들다|hard to imagine|마음껏 *상상하다*|to imagine to heart's content
2188|2835|안전하다|형|安全-|B|to be safe|장소가 *안전하다*|the place is safe|*안전한* 길|safe road|비교적 *안전하다*|to be relatively safe
2189|2838|유학04|명|留學|B|study abroad|*유학* 생활|life studying abroad|*유학을* 가다|to go study abroad|해외 *유학*|studying overseas
2190|2844|정치적|명|政治的|B|political|*정치적* 입장|political stance|*정치적* 혼란|political chaos|매우 *정치적이다*|to be very political
2191|2848|카페|명|&프cafe|B|cafe|분위기 좋은 *카페*|cafe with a good vibe|*카페에서* 만나다|to meet at a cafe|디저트 *카페*|dessert cafe
2192|2849|콤플렉스|명|complex|B|complex|외모 *콤플렉스*|appearance complex|*콤플렉스를* 극복하다|to overcome a complex|열등 *콤플렉스*|inferiority complex
2193|2852|그다음|명||B|after that|*그다음* 순서|the next step|*그다음* 날|the day after that|*그다음은* 뭐야?|what's next?
2194|2854|끓다|동||B|to boil|물이 *끓다*|water boils|찌개가 *끓다*|stew boils|열이 *끓다*|to have a high fever
2195|2855|날아오다|동||B|to fly in|공이 *날아오다*|a ball flies in|새가 *날아오다*|a bird flies in|편지가 *날아오다*|a letter arrives (flies in)
2196|2856|농담01|명|弄談|B|joke|*농담을* 하다|to tell a joke|*농담* 섞인 말|words mixed with jokes|가벼운 *농담*|light joke
2197|2858|담임|명|擔任|B|homeroom teacher|*담임* 선생님|homeroom teacher|*담임을* 맡다|to take charge of a class|우리 반 *담임*|my class's homeroom teacher
2198|2859|도중04|명|途中|B|on the way|가는 *도중*|on the way there|회의 *도중에*|during the meeting|*도중* 하차|getting off midway
2199|2862|모래01|명||B|sand|*모래* 사장|sandy beach|*모래* 놀이|playing with sand|*모래* 시계|hourglass
2200|2868|신호01|명|信號|B|signal|교통 *신호*|traffic signal|*신호를* 보내다|to send a signal|*신호를* 지키다|to obey the signal
2201|2870|아버님|명||B|father|친구 *아버님*|friend's father|*아버님*께 인사드리다|to greet one's father-in-law|우리 *아버님*|our father
2202|2872|의심하다|동|疑心-|B|to doubt|능력을 *의심하다*|to doubt one's ability|거짓말인지 *의심하다*|to suspect it's a lie|사람을 *의심하다*|to be suspicious of a person
2203|2875|자랑하다01|동||B|to boast|자식을 *자랑하다*|to boast about one's children|실력을 *자랑하다*|to show off one's skills|차를 *자랑하다*|to brag about a car
2204|2881|출발|명|出發|B|departure|*출발* 시간|departure time|서울역 *출발*|departure from Seoul Station|*출발이* 늦다|departure is late
2205|2882|허용하다|동|許容-|B|to allow|출입을 *허용하다*|to allow entry|오차를 *허용하다*|to allow for error|사용을 *허용하다*|to permit use
2206|2885|각국|명|各國|B|each country|세계 *각국*|countries around the world|*각국의* 정상들|leaders of each country|*각국* 대표|representatives of each country
2207|2888|그려지다|동||B|to be drawn|벽에 *그려진* 그림|picture drawn on the wall|만화로 *그려지다*|to be drawn as a cartoon|생생하게 *그려지다*|to be vividly depicted
2208|2889|꾸준히|부||B|steadily|*꾸준히* 노력하다|to make steady efforts|*꾸준히* 운동하다|to exercise consistently|성적이 *꾸준히* 오르다|grades rise steadily
2209|2890|년도|의|年度|B|year|졸업 *년도*|year of graduation|제작 *년도*|year of production|이천이십 *년도*|the year 2020
2210|2891|다수|명|多數|B|majority|*다수의* 의견|majority opinion|*다수가* 찬성하다|the majority agrees|*다수* 인원|large number of people
2211|2892|덕분|명|德分|B|thanks to|선생님 *덕분*입니다|it's thanks to the teacher|도움 *덕분에*|thanks to the help|*덕분을* 보다|to benefit from
2212|2894|두드리다|동||B|to knock|문을 *두드리다*|to knock on the door|어깨를 *두드리다*|to tap someone's shoulder|북을 *두드리다*|to beat a drum
2213|2897|물음01|명||B|question|선생님의 *물음*|teacher's question|*물음에* 답하다|to answer a question|어려운 *물음*|difficult question
2214|2898|빌다01|동|소원을 ~|B|to wish|소원을 *빌다*|to make a wish|복을 *빌다*|to wish for good luck|성공을 *빌다*|to pray for success
2215|2900|스님|명||B|Buddhist monk|큰 *스님*|venerable monk|*스님이* 되다|to become a monk|*스님*의 말씀|monk's words
2216|2901|썩다|동||B|to rot|과일이 *썩다*|fruit rots|이빨이 *썩다*|tooth decays|정신이 *썩다*|one's spirit is corrupt
2217|2902|어머님|명||B|mother|친구 *어머님*|friend's mother|*어머님* 전상서|letter to mother|우리 *어머님*|our mother
2218|2903|엉뚱하다|형||B|to be eccentric|*엉뚱한* 대답|off-the-wall answer|생각이 *엉뚱하다*|to have eccentric thoughts|*엉뚱한* 사람|whimsical person
2219|2904|여보01|감||B|honey|*여보*, 나 왔어요|honey, I'm home|*여보*라고 부르다|to call someone "honey"|*여보*세요?|hello? (phone)
2220|2907|조각05|명|彫刻|B|sculpture|*조각* 작품|sculpture work|*조각을* 전공하다|to major in sculpture|나무 *조각*|wood carving
2221|2910|태우다01|동|쓰레기를 ~|B|to burn|쓰레기를 *태우다*|to burn trash|종이를 *태우다*|to burn paper|마음을 *태우다*|to be very worried
2222|2911|해석04|명|解釋|B|interpretation|꿈의 *해석*|interpretation of a dream|잘못된 *해석*|wrong interpretation|문장 *해석*|sentence translation
2223|2913|가리다02|동|시야를 ~|B|to block|눈을 *가리다*|to cover one's eyes|시야를 *가리다*|to block the view|구름이 해를 *가리다*|clouds hide the sun
2224|2916|계산하다|동|計算-|B|to calculate|가격을 *계산하다*|to calculate the price|음식값을 *계산하다*|to pay for the food|잘못 *계산하다*|to miscalculate
2225|2920|담그다|동||B|to soak|김치를 *담그다*|to make (soak) kimchi|술을 *담그다*|to brew liquor|발을 물에 *담그다*|to soak feet in water
2226|2921|마음대로|부||B|as one pleases|*마음대로* 하세요|do as you please|*마음대로* 쓰다|to use freely|*마음대로* 되다|to go as intended
2227|2923|며느리|명||B|daughter-in-law|큰 *며느리*|eldest daughter-in-law|착한 *며느리*|kind daughter-in-law|*며느리를* 삼다|to take as a daughter-in-law
2228|2924|믿음|명||B|belief|강한 *믿음*|strong faith|*믿음이* 가다|to feel trust|*믿음을* 저버리다|to betray trust
2229|2925|발견01|명|發見|B|discovery|신대륙 *발견*|discovery of a new continent|새로운 사실 *발견*|discovery of a new fact|시체 *발견*|discovery of a body
2230|2926|보고03|명|報告|B|report|진행 상황 *보고*|progress report|*보고를* 받다|to receive a report|결과 *보고*|reporting results
2231|2927|부탁하다|동|付託-|B|to ask a favor|도움을 *부탁하다*|to ask for help|친구에게 *부탁하다*|to ask a friend for a favor|간절히 *부탁하다*|to plead for a favor
2232|2928|사용자|명|使用者|B|user|컴퓨터 *사용자*|computer user|*사용자* 설명서|user manual|초보 *사용자*|novice user
2233|2933|실패하다01|동|失敗-|B|to fail|시험에 *실패하다*|to fail an exam|사업에 *실패하다*|to fail in business|완전히 *실패하다*|to fail completely
2234|2934|영원하다|형|永遠-|B|to be eternal|*영원한* 사랑|eternal love|기억이 *영원하다*|memory lasts forever|우정은 *영원하다*|friendship is forever
2235|2935|우연히|부|偶然-|B|by chance|*우연히* 만나다|to meet by chance|*우연히* 듣다|to hear by accident|*우연히* 발견하다|to find by chance
2236|2939|정해지다|동|定-|B|to be decided|날짜가 *정해지다*|the date is set|순서가 *정해지다*|the order is decided|장소가 *정해지다*|the place is fixed
2237|2942|직접|명|直接|B|directly|*직접* 만들다|to make it oneself|*직접* 물어보다|to ask directly|*직접* 가 보다|to go in person
2238|2947|칭찬|명|稱讚|B|praise|*칭찬을* 듣다|to receive praise|선생님의 *칭찬*|teacher's praise|*칭찬을* 아끼지 않다|to not spare praise
2239|2948|튼튼하다|형||B|to be sturdy|몸이 *튼튼하다*|to have a strong body|가구가 *튼튼하다*|furniture is sturdy|건물이 *튼튼하다*|building is solid
2240|2949|햇빛|명||B|sunlight|*햇빛이* 강하다|sunlight is strong|*햇빛을* 쬐다|to bask in the sun|따뜻한 *햇빛*|warm sunshine
2241|2952|긍정적|명|肯定的|B|positive|*긍정적* 태도|positive attitude|*긍정적* 영향|positive influence|매우 *긍정적이다*|to be very positive
2242|2953|논의하다|동|論議-|B|to discuss|문제를 *논의하다*|to discuss a problem|심각하게 *논의하다*|to discuss seriously|대책을 *논의하다*|to discuss measures
2243|2956|돌보다|동||B|to take care of|아이를 *돌보다*|to look after a child|환자를 *돌보다*|to care for a patient|집을 *돌보다*|to tend to the house
2244|2957|뒤집다|동||B|to turn over|옷을 *뒤집다*|to turn clothes inside out|결과를 *뒤집다*|to reverse the result|부침개를 *뒤집다*|to flip a pancake
2245|2958|먼지01|명||B|dust|*먼지가* 쌓이다|dust piles up|*먼지를* 털다|to dust off|미세 *먼지*|fine dust
2246|2959|바닷가|명||B|seashore|*바닷가* 산책|walk by the seaside|*바닷가에* 살다|to live by the sea|시원한 *바닷가*|cool seashore
2247|2961|반하다03|동|反-|B|to be contrary to|기대에 *반하다*|to go against expectations|사실에 *반하다*|to be contrary to the facts|원칙에 *반하다*|to violate principles
2248|2965|사원04|명|社員|B|employee|신입 *사원*|new employee|일반 *사원*|regular staff|회사 *사원*|company employee
2249|2968|씹다01|동||B|to chew|껌을 *씹다*|to chew gum|잘게 *씹다*|to chew finely|고기를 *씹다*|to chew meat
2250|2969|아무튼|부||B|anyway|*아무튼* 고마워|thanks anyway|*아무튼* 가보자|let's go anyway|*아무튼* 사실이다|it is true anyway
2251|2972|왠지|부||B|somewhat|*왠지* 슬프다|somehow feel sad|*왠지* 모르게|for some reason|*왠지* 불안하다|somewhat uneasy
2252|2973|욕심|명|欲心|B|greed|*욕심이* 많다|to be greedy|*욕심을* 부리다|to act out of greed|끝없는 *욕심*|endless greed
2253|2974|우승05|명|優勝|B|victory|*우승* 후보|candidate for victory|*우승을* 차지하다|to take the victory|월드컵 *우승*|World Cup win
2254|2975|익다01|동|감이 ~|B|to ripen|과일이 *익다*|fruit ripens|벼가 *익다*|rice ripens|김치가 *익다*|kimchi ferments (ripens)
2255|2976|제출하다02|동|提出-|B|to submit|서류를 *제출하다*|to submit documents|숙제를 *제출하다*|to hand in homework|보고서를 *제출하다*|to submit a report
2256|2977|조심스럽다|형|操心-|B|to be cautious|*조심스러운* 태도|cautious attitude|*조심스럽게* 묻다|to ask cautiously|행동이 *조심스럽다*|to be careful in action
2257|2984|피시03|명|PC|B|PC|개인용 *피시*|personal computer|*피시* 게임|PC game|*피시*를 고치다|to fix a PC
2258|2985|흘러나오다|동||B|to flow out|음악이 *흘러나오다*|music flows out|물이 *흘러나오다*|water flows out|소문이 *흘러나오다*|rumors leak out
2259|2987|간단히|부|簡單-|B|simply|*간단히* 말하다|to speak briefly|*간단히* 먹다|to eat a simple meal|*간단히* 해결하다|to solve easily
2260|2988|강물|명|江-|B|river water|*강물이* 흐르다|river water flows|*강물에* 비치다|to be reflected in the river|맑은 *강물*|clear river water
2261|2996|되게|부||B|very|*되게* 비싸다|to be very expensive|*되게* 춥다|to be very cold|*되게* 빠르다|to be very fast
2262|2998|리듬|명|rhythm|B|rhythm|*리듬을* 타다|to follow the rhythm|빠른 *리듬*|fast rhythm|생활 *리듬*|rhythm of life
2263|3000|모니터|명|monitor|B|monitor|컴퓨터 *모니터*|computer monitor|*모니터를* 보다|to look at the monitor|밝은 *모니터*|bright monitor
2264|3004|삶다|동||B|to boil|계란을 *삶다*|to boil an egg|고기를 *삶다*|to boil meat|국수를 *삶다*|to boil noodles
2265|3006|서류02|명|書類|B|document|중요한 *서류*|important document|*서류를* 정리하다|to organize documents|필요한 *서류*|required documents
2266|3011|요청|명|要請|B|request|도움 *요청*|request for help|*요청을* 받다|to receive a request|자료 *요청*|request for data
2267|3012|운06|명|運|B|luck|*운이* 좋다|to be lucky|*운이* 없다|to be unlucky|*운에* 맡기다|to leave to luck
2268|3014|일상생활|명|日常生活|B|daily life|*일상생활* 속에서|in daily life|*일상생활이* 힘들다|daily life is hard|*일상생활* 용품|daily necessities
2269|3018|진하다01|형|津-|B|to be thick|커피가 *진하다*|coffee is strong|화장이 *진하다*|makeup is heavy|색이 *진하다*|color is deep
2270|3022|회복하다|동|回復-|B|to recover|건강을 *회복하다*|to recover health|관계를 *회복하다*|to restore a relationship|경기가 *회복하다*|economy recovers
2271|3023|흘러가다|동||B|to flow away|세월이 *흘러가다*|time flows by|강물이 *흘러가다*|river flows away|구름이 *흘러가다*|clouds drift by
2272|3024|흥미|명|興味|B|interest|*흥미를* 느끼다|to feel interest|*흥미가* 없다|to have no interest|*흥미로운* 이야기|interesting story
2273|3028|꾸다01|동|꿈을 ~|B|to dream|꿈을 *꾸다*|to dream|무서운 꿈을 *꿨다*|had a scary dream|길몽을 *꾸다*|to have a lucky dream
2274|3029|내려다보다|동||B|to look down|아래를 *내려다보다*|to look down below|창밖을 *내려다보다*|to look down out of the window|산을 *내려다보다*|to look down from the mountain
2275|3030|눈썹|명||B|eyebrow|짙은 *눈썹*|thick eyebrows|*눈썹을* 그리다|to draw eyebrows|긴 *눈썹*|long eyelashes (or eyebrows)
2276|3036|디자인|명|design|B|design|옷 *디자인*|clothing design|*디자인이* 예쁘다|the design is pretty|웹 *디자인*|web design
2277|3039|비닐|명|vinyl|B|vinyl|*비닐* 봉지|plastic (vinyl) bag|*비닐* 하우스|greenhouse (vinyl house)|*비닐* 장갑|vinyl gloves
2278|3046|오래되다|동||B|to be old|*오래된* 건물|old building|친구가 된 지 *오래되었다*|it's been a long time since we became friends|*오래된* 습관|old habit
2279|3053|채소|명|菜蔬|B|vegetable|싱싱한 *채소*|fresh vegetables|*채소를* 씻다|to wash vegetables|*채소* 시장|vegetable market
2280|3057|털|명||B|hair|강아지 *털*|dog fur|*털이* 많다|to be hairy|부드러운 *털*|soft fur
2281|3058|판매하다|동|販賣-|B|to sell|물건을 *판매하다*|to sell goods|할인 *판매하다*|to sell at a discount|온라인으로 *판매하다*|to sell online
2282|3065|고생하다|동|苦生-|B|to suffer|마음 *고생하다*|to suffer mentally|돈 때문에 *고생하다*|to suffer because of money|정말 *고생했다*|did a lot of hard work
2283|3071|꿈꾸다|동||B|to dream|미래를 *꿈꾸다*|to dream of the future|가수를 *꿈꾸다*|to dream of being a singer|행복을 *꿈꾸다*|to dream of happiness
2284|3075|수표01|명|手票|B|check|백만 원권 *수표*|one million won check|*수표를* 발행하다|to issue a check|가짜 *수표*|fake check
2285|3079|얘03|불|이 아이|B|this kid|*얘*야, 이리 와|hey (child), come here|*얘*가 그랬어요|this kid did it|착한 *얘*|good kid
2286|3080|어머|감||B|oh my|*어머*, 세상에|oh my god|*어머*, 깜짝이야|oh, you startled me|*어머*, 예뻐라|oh, how pretty
2287|3083|일정03|명|日程|B|schedule|여행 *일정*|travel itinerary|*일정을* 잡다|to set a schedule|빡빡한 *일정*|tight schedule
2288|3085|저렇다|형||B|to be like that|모습이 *저렇다*|the look is like that|*저런* 사람|that kind of person|왜 *저러지*?|why is he like that?
2289|3093|테이프|명|tape|B|tape|박스 *테이프*|box tape|*테이프를* 붙이다|to stick tape|카세트 *테이프*|cassette tape
2290|3100|간장01|명|-醬|B|soy sauce|*간장을* 찍다|to dip in soy sauce|짠 *간장*|salty soy sauce|*간장* 게장|soy sauce marinated crab
2291|3104|고민하다|동|苦悶-|B|to worry|진로를 *고민하다*|to worry about a career path|혼자 *고민하다*|to worry alone|심각하게 *고민하다*|to worry seriously
2292|3107|교환01|명|交換|B|exchange|의견 *교환*|exchange of opinions|물건 *교환*|exchange of goods|*교환* 학생|exchange student
2293|3108|국어01|명|國語|B|national language|*국어* 시간|Korean language class|*국어* 선생님|Korean teacher|*국어를* 공부하다|to study the national language
2294|3109|노랗다|형||B|to be yellow|개나리가 *노랗다*|forsythia is yellow|*노란* 우산|yellow umbrella|얼굴이 *노랗다*|face is pale (yellowish)
2295|3110|다치다01|동||B|to get hurt|다리를 *다치다*|to hurt one's leg|심하게 *다치다*|to be seriously injured|마음을 *다치다*|to get one's feelings hurt
2296|3111|동양03|명|東洋|B|the East|*동양* 문화|Oriental culture|*동양* 사람|Asian person|*동양* 철학|Eastern philosophy
2297|3122|악기05|명|樂器|B|musical instrument|*악기를* 연주하다|to play an instrument|다양한 *악기*|various instruments|좋아하는 *악기*|favorite instrument
2298|3124|연말02|명|年末|B|year-end|*연말* 연시|year-end and New Year|*연말* 파티|year-end party|바쁜 *연말*|busy year-end
2299|3125|올려놓다|동||B|to put up|책상 위에 *올려놓다*|to put on the desk|선반에 *올려놓다*|to place on a shelf|자료를 *올려놓다*|to upload (post) data
2300|3129|정말01|명|正-|B|truth|*정말로* 믿다|to really believe|*정말* 같은 거짓말|a lie that sounds like truth|이게 *정말*이야?|is this the truth?
2301|3134|치우다01|동||B|to clean up|방을 *치우다*|to clean up a room|그릇을 *치우다*|to clear the dishes|자리를 *치우다*|to clear a space
2302|3135|피로02|명|疲勞|B|fatigue|*피로가* 쌓이다|fatigue builds up|*피로를* 풀다|to relieve fatigue|만성 *피로*|chronic fatigue
2303|3140|당기다01|동||B|to pull|문을 *당기다*|to pull the door|줄을 *당기다*|to pull a rope|입맛을 *당기다*|to whet the appetite
2304|3142|들다01|보|따지고 ~|B|to start|따지고 *들다*|to start nitpicking|덤벼 *들다*|to pounce on|파고 *들다*|to dig into
2305|3143|따르다02|동|물을 ~|B|to pour|물을 *따르다*|to pour water|술을 *따르다*|to pour alcohol|잔에 *따르다*|to pour into a glass
2306|3148|박수02|명|拍手|B|applause|*박수를* 치다|to clap|큰 *박수*|loud applause|*박수* 갈채|cheers and applause
2307|3150|부자08|명|富者|B|rich person|*부자가* 되다|to become rich|동네 *부자*|the richest person in town|마음의 *부자*|rich in spirit
2308|3151|사흘|명||B|three days|*사흘* 동안|for three days|*사흘* 뒤에|three days later|*사흘* 연속|three days in a row
2309|3154|손자01|명|孫子|B|grandson|귀여운 *손자*|cute grandson|*손자를* 보다|to get a grandson|*손자* 녀석|that grandson of mine
2310|3156|신랑02|명|新郞|B|groom|새 *신랑*|new groom|멋진 *신랑*|handsome groom|*신랑* 친구|friend of the groom
2311|3162|제법01|부||B|quite|*제법* 잘하다|to do quite well|*제법* 춥다|to be quite cold|*제법* 맛있다|to be quite tasty
2312|3172|화가03|명|畵家|B|painter|유명한 *화가*|famous painter|*화가가* 되다|to become an artist|천재 *화가*|genius painter
2313|3176|구경하다|동||B|to sightsee|시내를 *구경하다*|to sightsee downtown|꽃 *구경하다*|to look at flowers|싸움을 *구경하다*|to watch a fight
2314|3177|국물|명||B|soup|*국물이* 시원하다|the broth is refreshing|*국물을* 마시다|to drink the soup|고기 *국물*|meat broth
2315|3184|말씀드리다|동||B|to tell (honorific)|선생님께 *말씀드리다*|to tell the teacher|솔직히 *말씀드리다*|to tell honestly|부모님께 *말씀드려라*|tell your parents
2316|3186|멀어지다|동||B|to grow distant|사이가 *멀어지다*|to grow apart|점점 *멀어지다*|to get further away|기회가 *멀어지다*|opportunity drifts away
2317|3188|불쌍하다|형||B|to be pitiful|정말 *불쌍하다*|to be truly pitiful|*불쌍한* 사람|pitiful person|아이를 *불쌍히* 여기다|to feel sorry for a child
2318|3193|실력02|명|實力|B|skill|한국어 *실력*|Korean language skill|*실력이* 늘다|skills improve|*실력을* 발휘하다|to show one's ability
2319|3194|야채|명|野菜|B|vegetable|신선한 *야채*|fresh vegetables|*야채* 샐러드|vegetable salad|*야채를* 볶다|to stir-fry vegetables
2320|3197|울음|명||B|crying|*울음이* 터지다|to burst into tears|아이의 *울음*|child's crying|*울음을* 그치다|to stop crying
2321|3202|전부05|명|全部|B|all|그게 *전부*예요|that's all|돈을 *전부* 쓰다|to spend all the money|*전부가* 아니다|it's not everything
2322|3203|즐거움|명||B|joy|사는 *즐거움*|joy of living|큰 *즐거움*|great pleasure|*즐거움을* 주다|to give joy
2323|3204|지다03|동|전쟁에 ~|B|to lose|경기에 *지다*|to lose a game|싸움에서 *지다*|to lose a fight|가위바위보에 *지다*|to lose at rock-paper-scissors
2324|3209|친하다|형|親-|B|to be close|*친한* 친구|close friend|둘이 아주 *친하다*|the two are very close|*친하게* 지내다|to be on close terms
2325|3215|곧바로|부||B|straightaway|집으로 *곧바로* 가다|to go straight home|*곧바로* 시작하다|to start immediately|*곧바로* 대답하다|to answer right away
2326|3224|깊이01|명||B|depth|물의 *깊이*|depth of water|*깊이를* 재다|to measure depth|생각의 *깊이*|depth of thought
2327|3225|나뭇가지|명||B|tree branch|*나뭇가지에* 앉다|to sit on a branch|부러진 *나뭇가지*|broken tree branch|*나뭇가지를* 꺾다|to break a branch
2328|3226|낫다01|동|병이 ~|B|to recover|병이 다 *낫다*|to be fully recovered|빨리 *나으세요*|get well soon|감기가 *나았다*|cold got better
2329|3228|답하다|동|答-|B|to answer|질문에 *답하다*|to answer a question|메일에 *답하다*|to reply to an email|짧게 *답하다*|to answer briefly
2330|3230|더위|명||B|the heat|*더위를* 먹다|to suffer from heatstroke|여름 *더위*|summer heat|*더위를* 식히다|to cool off from the heat
2331|3240|서너|관||B|three or four|사과 *서너* 개|three or four apples|*서너* 명|three or four people|*서너* 번|three or four times
2332|3242|실패02|명|失敗|B|failure|계획의 *실패*|failure of a plan|*실패를* 두려워하다|to fear failure|*실패로* 끝나다|to end in failure
2333|3246|웃기다|동||B|to be funny|정말 *웃기다*|to be really funny|사람을 *웃기다*|to make people laugh|*웃기는* 이야기|funny story
2334|3247|유리10|명|琉璃|B|glass|*유리* 창문|glass window|*유리가* 깨지다|glass breaks|*유리* 컵|glass cup
2335|3250|쥐02|명|동물|B|mouse|*쥐를* 잡다|to catch a mouse|생*쥐*|field mouse|*쥐* 구멍|mouse hole
2336|3252|턱01|명|신체의 일부|B|jaw|*턱을* 괴다|to rest one's chin on hands|*턱이* 아프다|jaw hurts|뾰족한 *턱*|pointed chin
2337|3253|팔리다|동||B|to be sold|잘 *팔리다*|to sell well|전부 *팔렸다*|everything is sold out|비싸게 *팔리다*|to be sold at a high price
2338|3255|하하01|부||B|haha|*하하* 웃다|to laugh haha|*하하* 즐겁다|haha happy|큰 소리로 *하하*|haha loudly
2339|3257|형부01|명|兄夫|B|brother-in-law|우리 *형부*|my brother-in-law|*형부와* 언니|brother-in-law and older sister|새 *형부*|new brother-in-law
2340|3262|금년|명|今年|B|this year|*금년* 운세|this year's fortune|*금년* 여름|this summer|*금년에* 졸업하다|to graduate this year
2341|3264|까맣다|형||B|to be black|머리가 *까맣다*|hair is black|*까만* 봉지|black plastic bag|속이 *까맣게* 타다|to be very worried
2342|3268|대학원|명|大學院|B|graduate school|*대학원에* 진학하다|to go to graduate school|*대학원* 학생|graduate student|*대학원* 졸업|graduate school graduation
2343|3269|더럽다|형||B|to be dirty|손이 *더럽다*|hands are dirty|방이 *더럽다*|room is messy|기분이 *더럽다*|to feel terrible
2344|3273|등록01|명|登錄|B|registration|수강 *등록*|course registration|*등록을* 마치다|to finish registration|회원 *등록*|membership registration
2345|3277|무늬|명||B|pattern|꽃 *무늬*|flower pattern|*무늬가* 화려하다|the pattern is fancy|줄무늬 *무늬*|striped pattern
2346|3278|문장02|명|文章|B|sentence|쉬운 *문장*|easy sentence|*문장을* 만들다|to make a sentence|긴 *문장*|long sentence
2347|3280|변호사|명|辯護士|B|lawyer|*변호사를* 선임하다|to hire a lawyer|유능한 *변호사*|capable lawyer|*변호사가* 되다|to become a lawyer
2348|3298|지점03|명|地點|B|point|출발 *지점*|starting point|사고 *지점*|location of the accident|도착 *지점*|arrival point
2349|3307|귀국하다|동|歸國-|B|to return to one's country|한국으로 *귀국하다*|to return to Korea|조만간 *귀국하다*|to return home soon|어제 *귀국했다*|returned to the country yesterday
2350|3308|기뻐하다|동||B|to be happy|진심으로 *기뻐하다*|to be sincerely happy|합격을 *기뻐하다*|to rejoice at passing|아이처럼 *기뻐하다*|to be happy like a child
2351|3310|내려놓다|동||B|to put down|짐을 *내려놓다*|to put down luggage|컵을 *내려놓다*|to set down a cup|부담을 *내려놓다*|to let go of a burden
2352|3312|당근|명||B|carrot|*당근을* 썰다|to chop carrots|말린 *당근*|dried carrot|볶은 *당근*|stir-fried carrot
2353|3318|불행하다|형|不幸-|B|to be unhappy|*불행한* 사고|unfortunate accident|정말 *불행하다*|to be truly unhappy|*불행하게* 살다|to live unhappily
2354|3322|외롭다|형||B|to be lonely|혼자라 *외롭다*|to be lonely alone|*외로운* 사람|lonely person|밤마다 *외롭다*|to be lonely every night
2355|3327|절02|명|~을 하다|B|bow|큰 *절을* 올리다|to make a big bow|세배 *절*|New Year's bow|*절을* 하다|to bow
2356|3331|지난번|명|-番|B|last time|*지난번* 약속|last appointment|*지난번에* 만났다|met last time|*지난번* 일|what happened last time
2357|3335|파일03|명|file|B|file|*파일을* 열다|to open a file|*파일을* 삭제하다|to delete a file|압축 *파일*|compressed file
2358|3340|화분01|명|花盆|B|flower pot|*화분을* 키우다|to grow a flower pot|예쁜 *화분*|pretty flower pot|*화분에* 물주기|watering the pot
2359|3342|갈색|명|褐色|B|brown|*갈색* 머리|brown hair|*갈색* 구두|brown shoes|짙은 *갈색*|dark brown
2360|3352|반찬|명|飯饌|B|side dish|맛있는 *반찬*|delicious side dish|*반찬을* 만들다|to make side dishes|밑*반찬*|basic side dishes
2361|3360|소개되다|동|紹介-|B|to be introduced|책에 *소개되다*|to be introduced in a book|뉴스로 *소개되다*|to be featured on the news|널리 *소개되다*|to be widely introduced
2362|3361|씨01|명|~를 심다|B|seed|*씨를* 심다|to plant a seed|수박 *씨*|watermelon seed|*씨가* 없다|to be seedless
2363|3362|안쪽|명||B|inner side|집 *안쪽*|inside the house|*안쪽에* 앉다|to sit on the inside|*안쪽* 주머니|inner pocket
2364|3365|오가다|동||B|to come and go|사람들이 *오가다*|people come and go|자주 *오가다*|to come and go often|소식이 *오가다*|news goes back and forth
2365|3372|전날|명|前-|B|the day before|사고 *전날*|the day before the accident|*전날* 밤|the previous night|떠나기 *전날*|the day before leaving
2366|3390|계산기|명|計算器|B|calculator|전자 *계산기*|electronic calculator|*계산기로* 두드리다|to use a calculator|*계산기가* 필요하다|to need a calculator
2367|3393|그렇지|감||B|right|*그렇지*, 맞아|right, that's it|*그렇지* 않아|it's not like that|*그렇지*?|right?
2368|3394|깨다02|동|그릇을 ~|B|to break|그릇을 *깨다*|to break a dish|기록을 *깨다*|to break a record|침묵을 *깨다*|to break the silence
2369|3405|등04|의|等. 1~|B|grade|일 *등*|first place|수학 이 *등*|second place in math|꼴 *등*|last place
2370|3415|세다03|형|기운이 ~|B|to be strong|힘이 *세다*|to be strong|바람이 *세다*|wind is strong|고집이 *세다*|to be stubborn
2371|3416|소개02|명|紹介|B|introduction|자기 *소개*|self-introduction|친구 *소개*|introduction of a friend|*소개*팅|blind date
2372|3417|수화기|명|受話器|B|telephone receiver|*수화기를* 들다|to pick up the receiver|*수화기를* 놓다|to hang up|*수화기* 너머|over the receiver
2373|3419|애인02|명|愛人|B|lover|*애인이* 있다|to have a lover|옛 *애인*|ex-lover|*애인과* 헤어지다|to break up with a lover
2374|3421|얇다|형||B|to be thin|종이가 *얇다*|paper is thin|옷이 *얇다*|clothes are thin|입술이 *얇다*|lips are thin
2375|3422|양념|명||B|seasoning|*양념을* 하다|to season|고기 *양념*|meat seasoning|*양념* 치킨|seasoned chicken
2376|3428|웬일|명||B|what matter|이게 *웬일*이야?|what's going on?|*웬일로* 왔어?|what brings you here?|*웬일인지* 모르다|not know why
2377|3433|일기12|명|日記|B|diary|*일기를* 쓰다|to write a diary|그림 *일기*|picture diary|*일기*장|diary book
2378|3434|절대05|부|絶對|B|never|*절대* 안 돼|absolutely not|*절대* 비밀|top secret|*절대* 잊지 마|never forget
2379|3439|창고01|명|倉庫|B|warehouse|물건 *창고*|storage warehouse|*창고에* 쌓다|to stack in the warehouse|오래된 *창고*|old warehouse
2380|3447|파01|명|식물|B|green onion|*파를* 썰다|to chop green onions|*파* 한 단|a bundle of green onions|대*파*|large green onion
2381|3451|학원02|명|學院|B|private academy|영어 *학원*|English academy|*학원에* 다니다|to go to an academy|태권도 *학원*|Taekwondo academy
2382|3470|버터|명|butter|B|butter|*버터를* 바르다|to spread butter|*버터* 냄새|smell of butter|*버터로* 굽다|to grill with butter
2383|3485|아이02|감||B|oh|*아이*, 깜짝이야|oh, you startled me|*아이*, 몰라|oh, I don't know|*아이*, 참|oh, really
2384|3489|유치원|명|幼稚園|B|kindergarten|*유치원* 교사|kindergarten teacher|*유치원에* 가다|to go to kindergarten|*유치원* 아이들|kindergarten kids
2385|3495|전공05|명|專攻|B|major|*전공* 서적|major books|수학을 *전공하다*|to major in math|*전공이* 뭐야?|what's your major?
2386|3499|종일01|명|終日|B|all day|하루 *종일*|all day long|*종일* 비가 오다|it rains all day|*종일* 기다리다|to wait all day
2387|3500|좋아지다|동||B|to get better|기분이 *좋아지다*|to feel better|건강이 *좋아지다*|health improves|날씨가 *좋아지다*|weather gets better
2388|3504|추위01|명||B|cold|겨울 *추위*|winter cold|*추위를* 타다|to be sensitive to cold|매서운 *추위*|biting cold
2389|3505|토마토|명|tomato|B|tomato|*토마토* 주스|tomato juice|잘 익은 *토마토*|ripe tomato|방울 *토마토*|cherry tomato
2390|3506|파랗다|형||B|to be blue|하늘이 *파랗다*|the sky is blue|*파란* 신호등|blue (green) light|얼굴이 *파랗게* 질리다|to turn pale
2391|3512|가져가다|동||B|to take|우산을 *가져가다*|to take an umbrella|짐을 *가져가다*|to take luggage|집으로 *가져가다*|to take home
2392|3513|감자01|명||B|potato|찐 *감자*|steamed potato|*감자* 칩|potato chips|*감자를* 깎다|to peel a potato
2393|3516|갖다01|보|가지다|B|to have|관심을 *갖다*|to have interest|용기를 *갖다*|to have courage|희망을 *갖다*|to have hope
2394|3516|괴롭다|형||B|to be painful|마음이 *괴롭다*|to be distressed|몸이 *괴롭다*|body is in pain|*괴로운* 일|painful thing
2395|3517|교통사고|명|交通事故|B|traffic accident|*교통사고가* 나다|a car accident occurs|심각한 *교통사고*|serious car accident|*교통사고* 예방|prevention of traffic accidents
2396|3519|군데|의||B|place|여러 *군데*|several places|두 *군데*|two places|한 *군데*만|only one place
2397|3526|메시지|명|message|B|message|문자 *메시지*|text message|*메시지를* 남기다|to leave a message|*메시지를* 보내다|to send a message
2398|3532|뺨|명||B|cheek|*뺨을* 때리다|to slap a cheek|붉은 *뺨*|red cheeks|*뺨에* 뽀뽀하다|to kiss on the cheek
2399|3540|영원히|부|永遠-|B|forever|*영원히* 사랑해|love you forever|*영원히* 기억하다|to remember forever|*영원히* 남다|to remain forever
2400|3541|월급|명|월급|B|salary|*월급* 날|payday|*월급을* 받다|to get paid|*월급이* 오르다|salary increases
2401|3542|유행02|명|流行|B|fashion|*유행을* 따르다|to follow a trend|최근 *유행하는* 옷|recently trendy clothes|*유행이* 지나다|to be out of fashion
2402|3545|이리04|부|~ 오너라|B|this way|*이리로* 오세요|please come this way|*이리* 줘 봐|give it to me here|*이리저리* 살피다|to look here and there
2403|3547|제발01|부||B|please|*제발* 도와주세요|please, help me|*제발* 그만해|please stop it|*제발* 부탁이야|I'm begging you
2404|3560|가까이|명||B|near|집 *가까이*|near the house|*가까이* 오지 마|don't come close|*가까이서* 보다|to look from nearby
2405|3561|가득하다01|형||B|to be full|자신감이 *가득하다*|to be full of confidence|물이 *가득한* 컵|a cup full of water|기쁨이 *가득하다*|to be filled with joy
2406|3562|각자02|부|各自|B|each|*각자* 내다|to pay individually|*각자* 준비하다|to prepare respectively|*각자* 맡은 일|the task each person took
2407|3579|물고기|명||B|fish|*물고기를* 잡다|to catch a fish|키우는 *물고기*|pet fish|바다 *물고기*|sea fish
2408|3582|부탁|명|付託|B|favor|*부탁을* 들어주다|to grant a favor|어려운 *부탁*|difficult request|*부탁* 하나 해도 될까?|can I ask a favor?
2409|3587|상자10|명|箱子|B|box|종이 *상자*|paper box|*상자에* 담다|to put in a box|커다란 *상자*|large box
2410|3588|새해|명||B|New Year|*새해* 복 많이 받으세요|Happy New Year|*새해* 계획|New Year's plan|*새해* 아침|New Year's morning
2411|3593|얼음01|명||B|ice|*얼음이* 얼다|ice freezes|*얼음을* 넣다|to add ice|차가운 *얼음*|cold ice
2412|3602|점수06|명|點數|B|score|시험 *점수*|test score|*점수가* 높다|score is high|*점수를* 매기다|to grade
2413|3611|통장02|명|通帳|B|bankbook|*통장을* 만들다|to open an account|*통장* 잔고|bankbook balance|은행 *통장*|bankbook
2414|3623|결심하다01|동|決心-|B|to decide|유학을 *결심하다*|to decide to study abroad|새롭게 *결심하다*|to make a new resolution|가기로 *결심했다*|decided to go
2415|3624|경기장|명|競技場|B|stadium|축구 *경기장*|soccer stadium|*경기장에* 모이다|to gather at the stadium|넓은 *경기장*|vast stadium
2416|3625|고장11|명|故障|B|breakdown|컴퓨터 *고장*|computer breakdown|*고장이* 나다|to break down|*고장을* 고치다|to fix a breakdown
2417|3633|도시락|명||B|lunch box|*도시락을* 싸다|to pack a lunch|엄마표 *도시락*|mom's lunch box|*도시락* 통|lunch box container
2418|3649|요새01|명||B|these days|*요새* 바쁘니?|are you busy lately?|*요새* 유행|current trend|*요새* 들어 자주|often these days
2419|3654|자꾸만|부||B|repeatedly|*자꾸만* 생각나다|to keep thinking of it|*자꾸만* 늦다|to keep being late|눈물이 *자꾸만* 나다|tears keep falling
2420|3663|짜증|명||B|irritation|*짜증이* 나다|to get annoyed|*짜증을* 내다|to show irritation|심한 *짜증*|heavy irritation
2421|3664|첫날|명||B|first day|출근 *첫날*|first day at work|여행 *첫날*|first day of the trip|수업 *첫날*|first day of class
2422|3687|무02|명|식물|B|radish|*무를* 썰다|to slice a radish|매운 *무*|spicy radish|*무* 김치|radish kimchi
2423|3689|밉다|형||B|to be hateful|그가 정말 *밉다*|I really hate him|*미운* 사람|hateful person|말투가 *밉다*|the way of speaking is unpleasant
2424|3708|익숙하다|형||B|to be familiar|일이 *익숙하다*|to be used to the work|*익숙한* 얼굴|familiar face|분위기가 *익숙하다*|the atmosphere is familiar
2425|3710|잔치01|명||B|feast|생일 *잔치*|birthday party|*잔치를* 벌이다|to hold a feast|마을 *잔치*|village festival
2426|3713|전부05|부|全部|B|all|*전부* 먹다|to eat everything|*전부* 버리다|to throw away all|*전부* 얼마예요?|how much is it in total?
2427|3716|차다04|형|날씨가 ~|B|to be cold|손이 *차다*|hands are cold|*찬* 바람|cold wind|공기가 *차다*|the air is chilly
2428|3718|치료하다|동|治療-|B|to treat|환자를 *치료하다*|to treat a patient|병을 *치료하다*|to cure a disease|상처를 *치료하다*|to treat a wound
2429|3730|관광객|명|觀光客|B|tourist|외국인 *관광객*|foreign tourist|많은 *관광객*|many tourists|*관광객들로* 붐비다|to be crowded with tourists
2430|3732|국01|명|음식|B|soup|미역*국*|seaweed soup|*국을* 끓이다|to make soup|따뜻한 *국*|warm soup
2431|3748|미술관|명|美術館|B|art gallery|*미술관* 관람|visiting an art gallery|현대 *미술관*|modern art museum|*미술관에* 가다|to go to an art museum
2432|3764|여름철|명||B|summertime|*여름철* 날씨|summer weather|*여름철* 휴가|summer vacation|무더운 *여름철*|sweltering summertime
2433|3773|저런01|관||B|that kind of|*저런* 사람|that kind of person|*저런* 옷|clothes like those|*저런* 일|that sort of thing
2434|3785|각자02|명|各自|B|each person|*각자의* 생각|each person's thought|*각자가* 책임지다|each takes responsibility|*각자* 다르다|each is different
2435|3794|그해|명||B|that year|*그해* 여름|the summer of that year|*그해* 겨울|the winter of that year|*그해* 졸업했다|graduated that year
2436|3796|꼭대기|명||B|top|산 *꼭대기*|mountain top|건물 *꼭대기*|top of the building|*꼭대기에* 올라가다|to go to the very top
2437|3795|꺼지다01|동|불이 ~|B|to go out|불이 *꺼지다*|the fire/light goes out|전등이 *꺼지다*|the lamp turns off|컴퓨터가 *꺼졌다*|the computer turned off
2438|3797|끊어지다|동||B|to be cut|줄이 *끊어지다*|the string breaks|연락이 *끊어지다*|to lose contact|전화가 *끊어졌다*|the call was cut off
2439|3804|만족하다|형|滿足-|B|to be satisfied|결과에 *만족하다*|to be satisfied with the result|생활에 *만족하다*|to be content with life|충분히 *만족한다*|to be fully satisfied
2440|3822|쇼02|명|show|B|show|패션 *쇼*|fashion show|마술 *쇼*|magic show|*쇼를* 보다|to watch a show
2441|3823|수학05|명|數學|B|math|*수학* 문제|math problem|*수학* 시간|math class|*수학을* 포기하다|to give up on math
2442|3824|시어머니|명|媤-|B|mother-in-law|우리 *시어머니*|my mother-in-law|*시어머니와* 며느리|mother-in-law and daughter-in-law|무서운 *시어머니*|scary mother-in-law
2443|3825|시집01|명|媤-|B|in-laws' house|*시집* 식구들|in-law family|*시집을* 가다|to get married (for a woman)|*시집*살이|living with in-laws
2444|3853|그립다|형||B|to miss|고향이 *그립다*|to miss one's hometown|*그리운* 얼굴|longed-for face|부모님이 *그립다*|to miss one's parents
2445|3856|긴장하다|동|緊張-|B|to be nervous|면접이라 *긴장하다*|to be nervous for an interview|너무 *긴장해서*|because I'm so nervous|몸이 *긴장하다*|body tenses up
2446|3860|느리다01|형||B|to be slow|걸음이 *느리다*|to be slow-footed|말투가 *느리다*|the way of speaking is slow|진행이 *느리다*|progress is slow
2447|3864|똑똑하다|형||B|to be smart|머리가 *똑똑하다*|to be smart|*똑똑한* 아이|smart child|행동이 *똑똑하다*|to act clever
2448|3871|사촌|명|四寸|B|cousin|*사촌* 동생|younger cousin|*사촌* 형|older male cousin|가까운 *사촌*|close cousin
2449|3872|상25|명|賞|B|prize|*상을* 받다|to win a prize|최우수 *상*|grand prize|*상을* 타다|to get an award
2450|3877|수입하다02|동|輸入-|B|to import|과일을 *수입하다*|to import fruit|쌀을 *수입하다*|to import rice|외국에서 *수입하다*|to import from abroad
2451|3878|식다01|동||B|to cool down|국이 *식다*|the soup cools down|차 마시기 전에 *식다*|to cool down before drinking tea|사랑이 *식다*|love cools off
2452|3895|카운터01|명|계산대|B|counter|*카운터에서* 계산하다|to pay at the counter|*카운터* 직원|counter staff|호텔 *카운터*|hotel counter
2453|3898|하숙집|명|下宿-|B|boarding house|*하숙집* 아주머니|boarding house lady|*하숙집에* 살다|to live in a boarding house|근처 *하숙집*|nearby boarding house
2454|3904|가슴속|명||B|inside the chest|*가슴속* 깊이|deep in one's heart|*가슴속에* 묻다|to keep in one's heart|*가슴속이* 답답하다|to feel heavy in the chest
2455|3915|다행히|부|多幸-|B|fortunately|*다행히* 비가 안 온다|fortunately it's not raining|*다행히* 살았다|fortunately survived|*다행히* 늦지 않았다|fortunately not late
2456|3920|동아리02|명||B|club|축구 *동아리*|soccer club|*동아리에* 가입하다|to join a club|*동아리* 활동|club activity
2457|3921|따라오다|동||B|to follow along|뒤를 *따라오다*|to follow behind|강아지가 *따라오다*|the puppy follows along|나를 *따라오너라*|follow me
2458|3926|명절01|명|名節|B|holiday|민족 *명절*|traditional holiday|*명절* 선물|holiday gift|*명절을* 쇠다|to celebrate a holiday
2459|3928|바이올린|명|violin|B|violin|*바이올린을* 켜다|to play the violin|*바이올린* 연주|violin performance|*바이올린* 레슨|violin lesson
2460|3950|준비물|명|準備物|B|supplies|수업 *준비물*|class supplies|*준비물을* 챙기다|to get supplies ready|시험 *준비물*|test materials
2461|3955|출입|명|出入|B|entry|*출입* 금지|no entry|*출입이* 잦다|to frequent|*출입* 구역|entrance area
2462|3964|회색01|명|灰色|B|gray|*회색* 정장|gray suit|*회색* 하늘|gray sky|짙은 *회색*|dark gray
2463|3968|고교04|명|高校|B|high school|*고교* 시절|high school days|*고교* 졸업생|high school graduate|*고교* 야구|high school baseball
2464|3976|글씨|명||B|handwriting|*글씨를* 쓰다|to write letters|예쁜 *글씨*|pretty handwriting|*글씨가* 엉망이다|handwriting is a mess
2465|3977|노래방|명|-房|B|karaoke|*노래방에* 가다|to go to a karaoke room|친구와 *노래방*|karaoke with a friend|신나는 *노래방*|exciting karaoke
2466|3980|달다05|동|돈을 다오|B|to give|돈 좀 *다오*|please give me some money|물 좀 *다오*|give me some water|연필을 *달라고* 하다|to ask to give a pencil
2467|3982|매다01|동|끈을 ~|B|to tie|넥타이를 *매다*|to tie a tie|신발 끈을 *매다*|to tie shoelaces|안전벨트를 *매다*|to fasten a seatbelt
2468|3983|머리카락|명||B|hair|*머리카락이* 빠지다|hair falls out|긴 *머리카락*|long hair|*머리카락을* 자르다|to cut hair
2469|3988|벌레01|명||B|insect|*벌레가* 나오다|an insect appears|*벌레를* 잡다|to catch a bug|작은 *벌레*|small insect
2470|3997|성인01|명|成人|B|adult|*성인* 영화|adult movie|*성인이* 되다|to become an adult|*성인* 요금|adult fare
2471|4011|익숙해지다|동||B|to get used to|일에 *익숙해지다*|to get used to the work|환경에 *익숙해지다*|to get used to the environment|점점 *익숙해졌다*|gradually became familiar
2472|4016|저축03|명|貯蓄|B|savings|*저축을* 하다|to save money|은행 *저축*|bank savings|*저축* 금액|savings amount
2473|4021|증세01|명|症勢|B|symptom|감기 *증세*|cold symptoms|*증세가* 나타나다|symptoms appear|심한 *증세*|severe symptoms
2474|4027|콩나물|명||B|bean sprouts|*콩나물* 국|bean sprout soup|*콩나물을* 무치다|to season bean sprouts|*콩나물* 비빔밥|bean sprout bibimbap
2475|4035|갈아입다|동||B|to change clothes|옷을 *갈아입다*|to change clothes|교복으로 *갈아입다*|to change into a school uniform|깨끗하게 *갈아입다*|to change into clean clothes
2476|4039|거짓|명||B|lie|*거짓* 정보|false information|*거짓말* 하지 마|don't lie|*거짓이* 없다|to be truthful (no lies)
2477|4047|나물01|명||B|wild greens|*나물을* 무치다|to season greens|산*나물*|wild mountain greens|맛있는 *나물*|tasty greens
2478|4051|대도시|명|大都市|B|large city|*대도시* 생활|life in a big city|복잡한 *대도시*|crowded large city|*대도시로* 이사하다|to move to a big city
2479|4052|도둑01|명||B|thief|*도둑을* 잡다|to catch a thief|*도둑이* 들다|a thief breaks in|물건 *도둑*|item thief
2480|4083|신입생|명|新入生|B|freshman|대학교 *신입생*|college freshman|*신입생* 환영회|welcoming party for freshmen|새로운 *신입생*|new freshmen
2481|4084|어린아이|명||B|child|*어린아이* 같은|childlike|*어린아이를* 키우다|to raise a child|귀여운 *어린아이*|cute child
2482|4085|어쩐지|부||B|somehow|*어쩐지* 이상하다|somehow it's strange|*어쩐지* 춥더라|no wonder it was cold|*어쩐지* 기분이 좋다|somehow feel good
2483|4088|연락하다02|동|連絡-|B|to contact|친구에게 *연락하다*|to contact a friend|자주 *연락하다*|to contact often|전화로 *연락하다*|to contact by phone
2484|4117|규칙적|명|規則的|B|regular|*규칙적* 생활|regular life|*규칙적* 운동|regular exercise|매우 *규칙적이다*|to be very regular
2485|4119|글쎄요|감||B|well|*글쎄요*, 잘 모르겠어요|well, I'm not sure|*글쎄요*, 글쎄|well, let me see|*글쎄요*, 그럴까요?|well, do you think so?
2486|4129|배추01|명||B|cabbage|*배추* 김치|cabbage kimchi|*배추를* 절이다|to salt cabbage|싱싱한 *배추*|fresh cabbage
2487|4132|센터02|명|center|B|center|고객 *센터*|customer center|문화 *센터*|cultural center|*센터* 방문|visit to the center
2488|4134|수염04|명|鬚髥|B|beard|*수염을* 깎다|to shave one's beard|긴 *수염*|long beard|*수염이* 나다|to grow a beard
2489|4139|아아01|감||B|ah|*아아*, 알겠다|ah, I see|*아아*, 그렇구나|ah, I get it|*아아*, 슬프다|ah, so sad
2490|4141|어리다01|동|눈물이 ~|B|to form|눈물이 *어리다*|tears well up|이슬이 *어리다*|dew forms|눈가에 *어린* 눈물|tears in the eyes
2491|4152|장남03|명|長男|B|eldest son|집안의 *장남*|eldest son of the family|*장남으로* 태어나다|to be born as the eldest son|든든한 *장남*|reliable eldest son
2492|4170|포도주|명|葡萄酒|B|wine|레드 *포도주*|red wine|*포도주를* 마시다|to drink wine|달콤한 *포도주*|sweet wine
2493|4178|각각01|명|各各|B|each|*각각의* 특징|each characteristic|*각각* 만 원|10,000 won each|*각각* 다르다|each is different
2494|4196|독서03|명|讀書|B|reading|*독서* 습관|reading habit|*독서를* 즐기다|to enjoy reading|*독서* 감상문|book report
2495|4220|앞뒤|명||B|front and back|*앞뒤* 맥락|context (front and back)|*앞뒤로* 흔들다|to shake back and forth|*앞뒤가* 안 맞다|to be inconsistent
2496|4234|접시|명||B|plate|예쁜 *접시*|pretty plate|*접시에* 담다|to put on a plate|빈 *접시*|empty plate
2497|4241|체중01|명|體重|B|weight|*체중을* 재다|to weigh oneself|*체중이* 늘다|to gain weight|*체중* 조절|weight control
2498|4246|포장01|명|包裝|B|packaging|선물 *포장*|gift wrapping|*포장* 마차|street food stall|*포장해* 주세요|please wrap it up (take out)
2499|4249|현관01|명|玄關|B|entrance|*현관* 문|front door|*현관에서* 신발을 벗다|to take off shoes at the entrance|아파트 *현관*|apartment entrance
2500|4252|호수07|명|湖水|B|lake|깊은 *호수*|deep lake|*호수*가 산책|walk by the lake|맑은 *호수*|clear lake
2501|4255|건너가다|동||B|to cross over|길을 *건너가다*|to cross the road|다리를 *건너가다*|to cross a bridge|강을 *건너가다*|to cross a river
2502|4262|껌|명|gum|B|chewing gum|*껌*을 씹다|to chew gum|*껌*을 뱉다|to spit out gum|단맛이 나는 *껌*|sweet tasting gum
2503|4265|녹색|명|綠色|B|green|*녹색* 신호등|green traffic light|*녹색* 채소|green vegetables|*녹색* 옷을 입다|to wear green clothes
2504|4269|막내|명||B|the youngest|집안의 *막내*|the youngest in the family|*막내* 아들|youngest son|*막내* 동생|youngest sibling
2505|4290|악수06|명|握手|B|handshake|*악수*를 나누다|to shake hands|반갑게 *악수*하다|to shake hands gladly|*악수*를 청하다|to offer a handshake
2506|4298|인원|명|人員|B|number of people|*인원*을 점검하다|to check the headcount|제한된 *인원*|limited number of people|참석 *인원*|number of attendees
2507|4300|인터뷰|명|interview|B|interview|*인터뷰*를 하다|to do an interview|기자와 *인터뷰*|interview with a reporter|*인터뷰*에 응하다|to agree to an interview
2508|4302|입학하다|동|入學-|B|to enter school|대학교에 *입학하다*|to enter university|초등학교에 *입학하다*|to start elementary school|장학금을 받고 *입학하다*|to enter with a scholarship
2509|4305|정문03|명|正門|B|main gate|학교 *정문*|school main gate|*정문*에서 만나다|to meet at the main gate|*정문*을 통과하다|to pass through the main gate
2510|4314|켜지다|동||B|to be turned on|불이 *켜지다*|light comes on|TV가 *켜지다*|TV turns on|컴퓨터가 *켜지다*|computer is turned on
2511|4317|팩03|명|pack|B|face mask/pack|얼굴에 *팩*하다|to do a face mask|우유 *팩*|milk carton|마스크 *팩*|sheet mask
2512|4318|표시하다01|동|表示-|B|to mark or indicate|지도에 *표시하다*|to mark on a map|의사를 *표시하다*|to express one's intention|빨간색으로 *표시하다*|to mark in red
2513|4321|감상하다04|동|鑑賞-|B|to appreciate|음악을 *감상하다*|to appreciate music|영화를 *감상하다*|to enjoy a movie|그림을 *감상하다*|to view a painting
2514|4331|끼다02|동|구름이 ~|B|to be foggy/cloudy|안개가 *끼다*|to be foggy|구름이 *끼다*|to be cloudy|먼지가 *끼다*|to be dusty
2515|4332|넘어지다|동||B|to fall down|길에서 *넘어지다*|to fall in the street|뒤로 *넘어지다*|to fall backward|계단에서 *넘어지다*|to fall on the stairs
2516|4335|단점01|명|短點|B|weakness|장점과 *단점*|strengths and weaknesses|*단점*을 고치다|to fix a weakness|*단점*이 많다|to have many disadvantages
2517|4337|들려주다|동||B|to tell or play|이야기를 *들려주다*|to tell a story|노래를 *들려주다*|to play a song|비밀을 *들려주다*|to tell a secret
2518|4338|뚜껑|명||B|lid|병 *뚜껑*|bottle cap|*뚜껑*을 열다|to open the lid|*뚜껑*을 닫다|to close the lid
2519|4341|반복하다01|동|反復-|B|to repeat|같은 말을 *반복하다*|to repeat the same words|훈련을 *반복하다*|to repeat training|실수를 *반복하다*|to repeat a mistake
2520|4356|아까|명||B|a little while ago|*아까* 본 사람|person I saw earlier|*아까* 먹은 밥|meal I ate a while ago|*아까*부터 기다리다|to wait since a while ago
2521|4358|암08|명|癌|B|cancer|폐*암* 환자|lung cancer patient|*암*을 치료하다|to treat cancer|*암*에 걸리다|to get cancer
2522|4363|엔01|의|&일en|B|yen|백 *엔*|one hundred yen|*엔*화 환율|yen exchange rate|*엔*으로 계산하다|to pay in yen
2523|4374|인분80|의|人分. 3~|B|servings|삼 *인분* 주세요|three servings, please|일 *인분* 양|amount for one person|몇 *인분*이에요?|how many servings is it?
2524|4381|죽07|명|粥|B|porridge|호박*죽*을 먹다|to eat pumpkin porridge|*죽*을 끓이다|to cook porridge|따뜻한 *죽*|warm porridge
2525|4389|태우다02|동|차에 ~|B|to give a ride|차에 *태우다*|to give a ride in a car|친구를 *태워다* 주다|to drop off a friend|뒷자리에 *태우다*|to have someone sit in back
2526|4393|향수04|명|香水|B|perfume|*향수*를 뿌리다|to spray perfume|*향수* 냄새|scent of perfume|비싼 *향수*|expensive perfume
2527|4405|김03|명|해초|B|seaweed|*김*을 굽다|to roast seaweed|*김*에 싸 먹다|to wrap and eat with seaweed|*김*밥용 김|seaweed for kimbap
2528|4413|닫히다|동||B|to be closed|문이 *닫히다*|door closes|창문이 *닫히다*|window is closed|굳게 *닫히다*|to be shut tightly
2529|4417|도로01|부||B|back|*도로* 가져가다|to take it back|*도로* 아미타불|all in vain|*도로* 제자리에 두다|to put back in its place
2530|4426|밥그릇|명||B|rice bowl|*밥그릇*을 비우다|to empty the rice bowl|사기 *밥그릇*|ceramic rice bowl|*밥그릇*에 담다|to put in a rice bowl
2531|4427|방문02|명|房門|B|room door|*방문*을 열다|to open the room door|*방문*을 잠그다|to lock the room door|*방문* 앞|in front of the room door
2532|4429|병들다|동|病-|B|to fall ill|몸이 *병들다*|body falls ill|*병든* 강아지|sick puppy|마음이 *병들다*|mind becomes weary/sick
2533|4433|불꽃01|명||B|flame|*불꽃*이 튀다|sparks fly|*불꽃*놀이 축제|fireworks festival|뜨거운 *불꽃*|hot flame
2534|4438|소설가|명|小說家|B|novelist|유명한 *소설가*|famous novelist|*소설가*가 되다|to become a novelist|현대 *소설가*|modern novelist
2535|4452|유학06|명|儒學|B|Confucianism|*유학* 사상|Confucian thought|*유학*을 공부하다|to study Confucianism|한국의 *유학*|Korean Confucianism
2536|4464|좌석|명|座席|B|seat|빈 *좌석*|empty seat|*좌석* 번호|seat number|*좌석*을 예약하다|to reserve a seat
2537|4470|출근|명|出勤|B|going to work|*출근* 시간|commuting hour|*출근*을 서두르다|to rush to work|매일 *출근*하다|to go to work every day
2538|4478|푹01|부||B|deeply/well|*푹* 자다|to sleep deeply|*푹* 쉬다|to rest well|*푹* 고은 국물|well-boiled broth
2539|4486|개구리|명||B|frog|청*개구리*|tree frog|*개구리*가 울다|a frog croaks|*개구리* 소년|frog boy
2540|4503|동전05|명|銅錢|B|coin|*동전*을 던지다|to toss a coin|*동전*으로 바꾸다|to change into coins|오백 원짜리 *동전*|five-hundred-won coin
2541|4538|얼다01|동||B|to freeze|강물이 *얼다*|river freezes|손이 *꽁꽁* 얼다|hands are frozen solid|날씨가 추워 *얼다*|to freeze due to cold weather
2542|4539|여07|명|女|B|female|남*여* 공용|unisex|*여*직원|female employee|*여*학생|female student
2543|4567|토끼|명||B|rabbit|산*토끼*|wild rabbit|*토끼*를 키우다|to raise a rabbit|*토끼*처럼 뛰다|to jump like a rabbit
2544|4588|길가|명||B|roadside|*길가*에 세우다|to pull over at the roadside|*길가*를 걷다|to walk along the road|*길가*의 꽃|flowers by the road
2545|4590|남매|명|男妹|B|brother and sister|다정한 *남매*|affectionate siblings|일남일녀 *남매*|a brother and a sister|*남매* 사이|relationship between siblings
2546|4602|발가락|명||B|toe|엄지*발가락*|big toe|*발가락*이 아프다|toes hurt|*발가락*을 다치다|to hurt a toe
2547|4609|뵙다|동||B|to see/meet (honorific)|선생님을 *뵙다*|to see a teacher|부모님을 *뵙다*|to meet parents|처음 *뵙겠습니다*|nice to meet you (first time)
2548|4611|부치다02|동|편지를 ~|B|to send|편지를 *부치다*|to mail a letter|짐을 *부치다*|to ship luggage|택배를 *부치다*|to send a parcel
2549|4623|안주04|명|按酒|B|side dish for drinks|술과 *안주*|alcohol and snacks|*안주*를 먹다|to eat side dishes with drinks|맛있는 *안주*|tasty bar snacks
2550|4624|어린애|명||B|child/kid|*어린애* 같은 행동|childish behavior|*어린애*를 돌보다|to take care of a child|아직 *어린애*다|to still be a kid
2551|4636|인형01|명|人形|B|doll/toy|*인형*을 사다|to buy a doll|곰 *인형*|teddy bear|*인형*처럼 예쁘다|to be pretty like a doll
2552|4643|전철04|명|電鐵|B|subway/train|*전철*을 타다|to take the subway|*전철* 노선도|subway map|*전철*역|subway station
2553|4668|가짜|명|假-|B|fake|*가짜* 돈|fake money|*가짜* 뉴스|fake news|*가짜*로 꾸미다|to fake/fabricate
2554|4671|곰03|명|동물|B|bear|북극*곰*|polar bear|*곰* 인형|teddy bear|미련한 *곰*|foolish bear (idiom)
2555|4701|빗물|명||B|rainwater|*빗물*이 고이다|rainwater puddles|*빗물*을 닦다|to wipe off rainwater|*빗물* 소리|sound of rain
2556|4702|사위01|명||B|son-in-law|첫째 *사위*|first son-in-law|사랑받는 *사위*|beloved son-in-law|*사위*를 맞다|to welcome a son-in-law
2557|4704|설날|명||B|Lunar New Year|*설날* 아침|Lunar New Year morning|*설날* 연휴|Lunar New Year holidays|*설날*에 떡국|rice cake soup on New Year
2558|4708|손톱01|명||B|fingernail|*손톱*을 깎다|to clip fingernails|긴 *손톱*|long fingernails|*손톱*이 부러지다|to break a nail
2559|4711|식빵|명|食-|B|plain bread/loaf|*식빵* 한 봉지|a bag of bread|*식빵*을 굽다|to toast bread|*식빵*에 잼|jam on bread
2560|4718|외우다01|동||B|to memorize|단어를 *외우다*|to memorize words|시를 *외우다*|to memorize a poem|전화번호를 *외우다*|to memorize a phone number
2561|4720|운전자|명|運轉者|B|driver|초보 *운전자*|novice driver|*운전자* 부주의|driver's negligence|*운전자* 보호|driver protection
2562|4721|유리창01|명|琉璃窓|B|glass window|*유리창*을 닦다|to clean the window|*유리창*이 깨지다|window is broken|*유리창* 너머|beyond the glass window
2563|4740|찬물01|명||B|cold water|*찬물*을 마시다|to drink cold water|*찬물*로 씻다|to wash with cold water|*찬물*을 끼얹다|to pour cold water
2564|4748|태풍|명|颱風|B|typhoon|*태풍*이 오다|typhoon is coming|*태풍* 피해|typhoon damage|강력한 *태풍*|powerful typhoon
2565|4751|햇볕|명||B|sunshine|따스한 *햇볕*|warm sunshine|*햇볕*을 쬐다|to bask in the sun|*햇볕*이 내리쬐다|the sun shines down
2566|4774|금지하다|동|禁止-|B|to prohibit|출입을 *금지하다*|to prohibit entry|주차를 *금지하다*|to prohibit parking|흡연을 *금지하다*|to prohibit smoking
2567|4775|기사02|명|技士|B|engineer/technician|수리 *기사*|repair technician|전기 *기사*|electrical engineer|*기사* 자격증|engineer certificate
2568|4778|나뭇잎|명||B|leaf|초록색 *나뭇잎*|green leaf|*나뭇잎*이 떨어지다|leaves are falling|*나뭇잎*이 흔들리다|leaves are swaying
2569|4780|넓어지다|동||B|to widen|길이 *넓어지다*|road widens|시야가 *넓어지다*|one's view broadens|범위가 *넓어지다*|scope expands
2570|4793|미팅|명|meeting|B|meeting/blind date|업무 *미팅*|business meeting|단체 *미팅*|group blind date|*미팅*을 잡다|to schedule a meeting
2571|4809|시끄럽다|형||B|to be noisy|교실이 *시끄럽다*|classroom is noisy|소리가 *시끄럽다*|the sound is noisy|*시끄러운* 음악|noisy music
2572|4815|어때|불|어떠해|B|how about|기분이 *어때*?|how do you feel?|맛이 *어때*?|how does it taste?|이건 *어때*?|how about this one?
2573|4816|엘리베이터|명|elevator|B|elevator|*엘리베이터*를 타다|to take the elevator|*엘리베이터*가 고장나다|elevator is broken|*엘리베이터* 버튼|elevator button
2574|4820|연휴02|명|連休|B|long holiday|황금 *연휴*|golden holiday|*연휴* 기간|holiday period|설 *연휴*|Lunar New Year holiday
2575|4827|이모02|명|姨母|B|maternal aunt|큰*이모*|eldest maternal aunt|*이모*네 집|aunt's house|우리 *이모*|my aunt
2576|4835|조카|명||B|nephew/niece|귀여운 *조카*|cute nephew/niece|*조카* 선물|gift for a nephew/niece|*조카*를 돌보다|to look after one's nephew/niece
2577|4844|취직|명|就職|B|getting a job|회사에 *취직*하다|to get a job at a company|*취직* 준비|preparing for a job|*취직*에 성공하다|to succeed in finding a job
2578|4862|계획하다01|동|計劃-|B|to plan|여행을 *계획하다*|to plan a trip|미래를 *계획하다*|to plan the future|꼼꼼히 *계획하다*|to plan meticulously
2579|4877|냄비|명||B|pot|*냄비*에 끓이다|to boil in a pot|뜨거운 *냄비*|hot pot|*냄비* 뚜껑|pot lid
2580|4897|뱀|명||B|snake|독*뱀*|poisonous snake|*뱀*이 기어가다|a snake crawls|*뱀*을 무서워하다|to be afraid of snakes
2581|4903|뵈다01|동|보이다|B|to be seen|산이 잘 *뵈다*|the mountain is clearly seen|희미하게 *뵈다*|to be seen dimly|안 보여서 안 *뵈다*|cannot be seen because it's invisible
2582|4918|아니야|감||B|no|그건 *아니야*|that's not it|절대 *아니야*|absolutely not|꿈이 *아니야*|it's not a dream
2583|4924|우수하다02|형|優秀-|B|to be excellent|성적이 *우수하다*|grades are excellent|*우수한* 인재|excellent talent|품질이 *우수하다*|quality is excellent
2584|4926|유명01|명|有名|B|fame/famous|*유명* 인사|famous person|*유명* 브랜드|famous brand|*유명*해지다|to become famous
2585|4945|철01|명|계절|B|season|단풍 드는 *철*|autumn foliage season|*철*이 바뀌다|seasons change|딸기 *철*|strawberry season
2586|4956|헌|관||B|old/used|*헌* 옷|old clothes|*헌* 책방|used bookstore|*헌* 신발|old shoes
2587|4964|가까워지다|동||B|to get closer|사이거 *가까워지다*|to become closer (relationship)|목표에 *가까워지다*|to get closer to the goal|집에 *가까워지다*|to get closer to home
2588|4967|강도06|명|强盜|B|robber|*강도*를 잡다|to catch a robber|*강도* 사건|robbery case|무장 *강도*|armed robber
2589|4982|꿀|명||B|honey|달콤한 *꿀*|sweet honey|*꿀*을 따다|to gather honey|*꿀*차를 마시다|to drink honey tea
2590|4994|된장|명|-醬|B|soybean paste|*된장*을 담그다|to make soybean paste|*된장*찌개|soybean paste stew|*된장* 냄새|smell of soybean paste
2591|5025|손발|명||B|hands and feet|*손발*이 차다|hands and feet are cold|*손발*을 맞추다|to work in harmony|*손발*이 붓다|hands and feet are swollen
2592|5032|안내하다|동|案內-|B|to guide|길을 *안내하다*|to guide the way|전시장을 *안내하다*|to guide through the exhibition|친절히 *안내하다*|to guide kindly
2593|5037|영하|명|零下|B|below zero|*영하* 십 도|ten degrees below zero|*영하*로 떨어지다|to drop below zero|추운 *영하* 날씨|cold sub-zero weather
2594|5039|외교관|명|外交官|B|diplomat|*외교관*이 꿈이다|to dream of being a diplomat|유능한 *외교관*|competent diplomat|*외교관* 여권|diplomatic passport
2595|5043|유행하다01|동|流行-|B|to be in fashion|독감이 *유행하다*|flu is going around|패션이 *유행하다*|fashion is in style|전 세계적으로 *유행하다*|to be popular worldwide
2596|5045|으응|감||B|yes/okay (informal)|*으응*, 알았어|yes, I got it|*으응*, 그래|yeah, okay|*으응*, 알겠어|uh-huh, I see
2597|5067|한잔|명|-盞|B|a glass/a drink|커피 *한잔*|a cup of coffee|술 *한잔* 하다|to have a drink|시원하게 *한잔*|a refreshing drink
2598|5072|가죽01|명||B|leather|*가죽* 장갑|leather gloves|*가죽* 가방|leather bag|진짜 *가죽*|real leather
2599|5094|데려가다|동||B|to take (someone)|집에 *데려가다*|to take someone home|아이를 *데려가다*|to take a child|강아지를 *데려가다*|to take a puppy
2600|5095|도자기|명|陶瓷器|B|pottery/ceramics|고려 *도자기*|Goryeo ceramics|*도자기*를 굽다|to bake pottery|예쁜 *도자기*|pretty pottery
2601|5100|뒤쪽01|명||B|the back|건물 *뒤쪽*|the back of the building|*뒤쪽*으로 가다|to go toward the back|*뒤쪽* 좌석|back seat
2602|5117|삼촌|명|三寸|B|uncle|막내 *삼촌*|youngest uncle|*삼촌* 댁|uncle's house|우리 *삼촌*|my uncle
2603|5122|속옷|명||B|underwear|*속옷*을 갈아입다|to change underwear|면 *속옷*|cotton underwear|따뜻한 *속옷*|warm underwear
2604|5123|손목|명||B|wrist|*손목* 시계|wrist watch|*손목*을 다치다|to hurt one's wrist|가느다란 *손목*|thin wrist
2605|5127|신문지|명|新聞紙|B|newspaper sheet|*신문지*를 깔다|to spread out newspaper|*신문지*에 싸다|to wrap in newspaper|*신문지* 뭉치|bundle of newspapers
2606|5129|양보하다|동|讓步-|B|to yield|자리를 *양보하다*|to yield a seat|순서를 *양보하다*|to give up one's turn|서로 *양보하다*|to yield to each other
2607|5139|자라나다|동||B|to grow up|건강하게 *자라나다*|to grow up healthy|꿈이 *자라나다*|dreams grow|시골에서 *자라나다*|to grow up in the countryside
2608|5143|주차장|명|駐車場|B|parking lot|지하 *주차장*|underground parking lot|*주차장*에 세우다|to park in the parking lot|공영 *주차장*|public parking lot
2609|5158|파리01|명||B|fly|*파리*를 잡다|to catch a fly|*파리*가 날아다니다|a fly is flying around|*파리*채|flyswatter
2610|5159|포스터01|명|poster|B|poster|*포스터*를 붙이다|to put up a poster|영화 *포스터*|movie poster|*포스터*를 디자인하다|to design a poster
2611|5166|후회하다|동|後悔-|B|to regret|결정을 *후회하다*|to regret a decision|뒤늦게 *후회하다*|to regret late|*후회하지* 않다|to not regret
2612|5167|가이드|명|guide|B|guide|여행 *가이드*|travel guide|현지 *가이드*|local guide|*가이드*의 설명|guide's explanation
2613|5175|고르다03|형|차이가 없다|B|to be even|치아가 *고르다*|to have even teeth|호흡이 *고르다*|to breathe evenly|간격이 *고르다*|intervals are even
2614|5176|고속도로|명|高速道路|B|highway|*고속도로*를 달리다|to drive on the highway|*고속도로* 통행료|highway toll|경부 *고속도로*|Gyeongbu Expressway
2615|5203|렌즈|명|lens|B|lens|콘택트 *렌즈*|contact lenses|*렌즈*를 닦다|to wipe a lens|카메라 *렌즈*|camera lens
2616|5206|멋있다|형||B|to be cool|정말 *멋있다*|to be really cool|*멋있는* 남자|cool man|목소리가 *멋있다*|voice is cool
2617|5211|발목01|명||B|ankle|*발목*을 삐다|to sprain an ankle|*발목* 양말|ankle socks|*발목*까지 오다|to reach the ankles
2618|5212|밤늦다|형||B|to be late at night|*밤늦은* 시간|late hour at night|*밤늦게* 귀가하다|to return home late|어제 *밤늦도록*|until late last night
2619|5249|여우01|명|동물|B|fox|사막 *여우*|desert fox|*여우*처럼 영악하다|to be as cunning as a fox|붉은 *여우*|red fox
2620|5252|와02|감||B|wow|*와*, 멋지다!|Wow, it's cool!|*와* 하고 소리치다|to shout "Wow"|*와* 소리가 나다|to hear a "Wow"
2621|5257|외출|명|外出|B|going out|잠시 *외출* 중|out for a moment|*외출* 준비|getting ready to go out|*외출*을 금지하다|to ban going out
2622|5259|웨이터|명|waiter|B|waiter|*웨이터*를 부르다|to call a waiter|친절한 *웨이터*|kind waiter|*웨이터*로 일하다|to work as a waiter
2623|5264|자가용|명|自家用|B|private car|*자가용* 운전|driving one's own car|*자가용*을 이용하다|to use a private car|*자가용* 비행기|private jet
2624|5275|정말01|감|正-|B|really|*정말* 고마워요|Thank you so much|*정말* 맛있네요|It's really delicious|*정말* 사실이야?|Is that really true?
2625|5276|정원06|명|庭園|B|garden|아름다운 *정원*|beautiful garden|*정원*을 가꾸다|to tend to a garden|집 앞 *정원*|front yard garden
2626|5301|패션01|명|fashion|B|fashion|최신 *패션*|latest fashion|*패션* 감각|fashion sense|*패션* 쇼|fashion show
2627|5323|금06|명|金|B|gold|*금* 반지|gold ring|순*금* 목걸이|pure gold necklace|*금*을 캐다|to mine gold
2628|5328|낙엽|명|落葉|B|fallen leaves|*낙엽*이 떨어지다|leaves are falling|*낙엽*을 밟다|to step on fallen leaves|거리의 *낙엽*|leaves on the street
2629|5341|동창01|명|同窓|B|alumni|고등학교 *동창*|high school alumni|*동창* 모임|alumni reunion|*동창*을 만나다|to meet a schoolmate
2630|5344|맞은편|명|-便|B|opposite side|길 *맞은편*|across the street|학교 *맞은편*|opposite the school|*맞은편*에 앉다|to sit across
2631|5346|멋01|명||B|style/charm|*멋*을 내다|to dress up|*멋*이 있다|to have style|*멋*부리는 사람|stylish person
2632|5367|새우02|명||B|shrimp|*새우* 튀김|fried shrimp|*새우*를 까다|to peel shrimp|작은 *새우*|small shrimp
2633|5373|심해지다|동|甚-|B|to become severe|병이 *심해지다*|the illness worsens|갈등이 *심해지다*|conflict deepens|증상이 *심해지다*|symptoms become severe
2634|5374|씨름|명||B|Ssireum (wrestling)|*씨름* 경기|Ssireum match|*씨름*을 하다|to do Korean wrestling|*씨름* 선수|Ssireum wrestler
2635|5376|앞길01|명|앞에 있는 길|B|path ahead|*앞길*이 구만리|a long road ahead|*앞길*을 막다|to block the way|*앞길*을 축복하다|to bless one's future
2636|5378|어젯밤|명||B|last night|*어젯밤* 꿈|last night's dream|*어젯밤* 늦게|late last night|*어젯밤* 일|what happened last night
2637|5380|여관03|명|旅館|B|inn/motel|낡은 *여관*|old inn|*여관*에 묵다|to stay at an inn|*여관* 주인|innkeeper
2638|5381|여쭈다|동||B|to ask (honorific)|선생님께 *여쭈다*|to ask a teacher|어른께 *여쭈어* 보다|to try asking an elder|한 가지 *여쭐게요*|I will ask one thing
2639|5386|오02|감||B|oh|*오*, 그렇군요|Oh, I see|*오*, 놀라워라|Oh, how surprising|*오*, 반가워요|Oh, nice to see you
2640|5408|주문하다01|동|注文-|B|to order|음식을 *주문하다*|to order food|커피를 *주문하다*|to order coffee|온라인으로 *주문하다*|to order online
2641|5409|주사13|명|注射|B|injection|*주사*를 맞다|to get a shot|예방 *주사*|vaccination|*주사*를 놓다|to give an injection
2642|5417|채널|명|channel|B|channel|*채널*을 돌리다|to change the channel|인기 *채널*|popular channel|고정 *채널*|fixed channel
2643|5420|출근하다|동|出勤-|B|to go to work|회사에 *출근하다*|to go to work|정시에 *출근하다*|to arrive at work on time|일찍 *출근하다*|to go to work early
2644|5421|취소하다01|동|取消-|B|to cancel|예약을 *취소하다*|to cancel a reservation|주문을 *취소하다*|to cancel an order|일정을 *취소하다*|to cancel a schedule
2645|5448|건너편|명|-便|B|opposite side|강 *건너편*|the other side of the river|역 *건너편*|across from the station|*건너편* 건물|building across the way
2646|5473|두세|관||B|two or three|*두세* 마리|two or three (animals)|*두세* 번|two or three times|*두세* 명|two or three people
2647|5496|봉지06|명|封紙|B|bag/sack|과자 *봉지*|snack bag|비닐 *봉지*|plastic bag|한 *봉지* 사다|to buy a bag
2648|5501|비서05|명|秘書|B|secretary|사장님 *비서*|president's secretary|*비서*로 일하다|to work as a secretary|개인 *비서*|personal secretary
2649|5509|술잔|명|-盞|B|wine glass|*술잔*을 비우다|to empty the glass|*술잔*을 올리다|to offer a cup of alcohol|*술잔*을 채우다|to fill the glass
2650|5516|신문사|명|新聞社|B|newspaper company|중앙 *신문사*|central newspaper office|*신문사* 기자|newspaper reporter|*신문사*에 취직하다|to work for a newspaper
2651|5523|열흘|명||B|ten days|*열흘* 동안|for ten days|*열흘* 전|ten days ago|*열흘*이 걸리다|to take ten days
2652|5527|옥수수|명||B|corn|찐 *옥수수*|steamed corn|*옥수수* 밭|cornfield|*옥수수* 수염|corn silk
2653|5532|이웃집|명||B|neighbor's house|*이웃집* 사람|neighbor|*이웃집*에 살다|to live next door|*이웃집* 아이|neighbor's kid
2654|5554|준비되다|동|準備-|B|to be prepared|식사가 *준비되다*|meal is ready|모든 게 *준비되다*|everything is prepared|*준비된* 자세|prepared attitude
2655|5572|플라스틱|명|plastic|B|plastic|*플라스틱* 용기|plastic container|*플라스틱* 빨대|plastic straw|*플라스틱* 재활용|plastic recycling
2656|5603|두부01|명|豆腐|B|tofu|*두부* 한 모|a block of tofu|*두부* 조림|braised tofu|*두부*를 넣다|to add tofu
2657|5621|부러워하다|동||B|to envy|친구를 *부러워하다*|to envy a friend|성공을 *부러워하다*|to be envious of success|남을 *부러워하지* 마라|don't envy others
2658|5639|시청01|명|市廳|B|city hall|서울 *시청*|Seoul City Hall|*시청* 광장|City Hall Plaza|*시청*에서 일하다|to work at city hall
2659|5651|오른손|명||B|right hand|*오른손* 잡이|right-handed person|*오른손*을 들다|to raise the right hand|*오른손*으로 쓰다|to write with the right hand
2660|5656|이것저것|명||B|this and that|*이것저것* 사다|to buy this and that|*이것저것* 물어보다|to ask about various things|*이것저것* 다 해보다|to try everything
2661|5661|저자05|명|著者|B|author|책의 *저자*|author of a book|*저자* 직강|lecture by the author|유명한 *저자*|famous author
2662|5686|출장01|명|出張|B|business trip|해외 *출장*|overseas business trip|*출장*을 가다|to go on a business trip|*출장* 보고서|business trip report
2663|5690|퇴근|명|退勤|B|leaving work|*퇴근* 시간|time to leave work|*퇴근*을 하다|to leave the office|칼*퇴근*|leaving work exactly on time
2664|5700|회화05|명|繪畵|B|painting/drawing|동양 *회화*|Oriental painting|*회화* 작품|painting work|*회화*를 전공하다|to major in painting
2665|5704|가져다주다|동||B|to bring/deliver|물을 *가져다주다*|to bring water|선물을 *가져다주다*|to bring a gift|집까지 *가져다주다*|to deliver to the house
2666|5717|골프|명|golf|B|golf|*골프*를 치다|to play golf|*골프* 선수|golf player|*골프* 레슨|golf lesson
2667|5725|귀국02|명|歸國|B|return to one's country|*귀국*을 환영하다|to welcome back home|조기 *귀국*|early return to home country|*귀국* 날짜|return date
2668|5749|목욕탕|명|沐浴湯|B|public bathhouse|동네 *목욕탕*|neighborhood bathhouse|*목욕탕*에 가다|to go to the bathhouse|남녀 공용 *목욕탕*|unisex bathhouse
2669|5754|바닷물|명||B|seawater|*바닷물*이 차다|seawater is cold|*바닷물*에 들어가다|to go into the sea|짠 *바닷물*|salty seawater
2670|5761|빨다02|동|옷을 ~|B|to wash (clothes)|빨래를 *빨다*|to wash laundry|손으로 *빨다*|to wash by hand|깨끗이 *빨다*|to wash cleanly
2671|5762|사무05|명|事務|B|office work|*사무* 보조|office assistant|*사무*실|office|*사무*를 보다|to do office work
2672|5768|성06|명|姓|B|last name|*성*이 무엇입니까?|What is your last name?|*성*과 이름|surname and first name|*성*을 따르다|to follow the surname
2673|5790|우울하다|형|憂鬱-|B|to be depressed|기분이 *우울하다*|to feel depressed|*우울한* 날씨|gloomy weather|마음이 *우울할* 때|when one feels down
2674|5816|주무시다|동||B|to sleep (honorific)|안녕히 *주무세요*|Good night|할머니께서 *주무시다*|grandmother is sleeping|낮잠을 *주무시다*|to take a nap (honorific)
2675|5845|흐리다02|형|날이 ~|B|to be cloudy/dim|날씨가 *흐리다*|weather is cloudy|기억이 *흐리다*|memory is dim|눈앞이 *흐리다*|vision is blurry
2676|5850|걱정스럽다|형||B|to be worried|*걱정스러운* 표정|worried look|미래가 *걱정스럽다*|to be worried about the future|*걱정스럽게* 쳐다보다|to look at with concern
2677|5868|금연01|명|禁煙|B|no smoking|*금연* 구역|no smoking zone|*금연*을 결심하다|to decide to quit smoking|건물 내 *금연*|no smoking in the building
2678|5873|꿈속|명||B|inside a dream|*꿈속*에 나타나다|to appear in a dream|*꿈속*의 연인|lover in a dream|*꿈속*에서 헤매다|to wander in a dream
2679|5874|나비03|명||B|butterfly|*나비*가 날다|a butterfly flies|호랑*나비*|tiger butterfly|*나비* 넥타이|bowtie
2680|5892|레스토랑|명|&프restaurant|B|restaurant|이탈리안 *레스토랑*|Italian restaurant|고급 *레스토랑*|fancy restaurant|*레스토랑* 예약|restaurant reservation
2681|5906|버섯02|명||B|mushroom|독*버섯*|poisonous mushroom|*버섯*을 따다|to pick mushrooms|*버섯* 전골|mushroom hot pot
2682|5914|뵈다02|동|웃어른을 보다|B|to see/meet (honorific)|어른을 *뵈러* 가다|to go see an elder|내일 *뵙겠습니다*|See you tomorrow|부모님을 *뵈다*|to meet one's parents
2683|5918|비키다|동||B|to move aside|옆으로 *비키다*|to move to the side|길을 *비켜* 주다|to make way|잠시 *비켜* 보세요|please move aside for a moment
2684|5921|사모님|명|師母-|B|madam/teacher's wife|*사모님* 안녕하세요|Hello, madam|우아한 *사모님*|elegant lady|목사님 *사모님*|pastor's wife
2685|5974|중요02|명|重要|B|importance|*중요* 인물|important person|*중요*한 정보|important information|*중요*성을 깨닫다|to realize the importance
2686|5978|챔피언|명|champion|B|champion|세계 *챔피언*|world champion|*챔피언* 벨트|champion belt|*챔피언*이 되다|to become a champion
2687|5982|축하|명|祝賀|B|congratulation|생일 *축하*|birthday congratulations|*축하* 인사를 전하다|to convey congratulations|합격 *축하* 파티|celebration party for passing
2688|5983|취소01|명|取消|B|cancellation|예약 *취소*|reservation cancellation|*취소* 수수료|cancellation fee|갑작스러운 *취소*|sudden cancellation
2689|5987|커튼|명|curtain|B|curtain|*커튼*을 치다|to draw the curtains|*커튼*을 걷다|to open the curtains|암막 *커튼*|blackout curtains
2690|5992|팬01|명|애호가|B|fan|열혈 *팬*|passionate fan|*팬* 미팅|fan meeting|*팬*들의 사랑|love from fans
2691|6009|겨울철|명||B|winter season|추운 *겨울철*|cold winter season|*겨울철* 옷|winter clothes|*겨울철* 별미|winter delicacy
2692|6014|고추장|명|-醬|B|red chili paste|*고추장* 양념|red chili paste seasoning|*고추장*을 넣다|to add red chili paste|매콤한 *고추장*|spicy chili paste
2693|6015|골프장|명|golf場|B|golf course|*골프장* 예약|golf course reservation|실내 *골프장*|indoor golf range|*골프장*에 가다|to go to the golf course
2694|6022|국수01|명||B|noodles|잔치*국수*|banquet noodles|*국수*를 삶다|to boil noodles|시원한 *국수*|refreshing noodles
2695|6036|달빛|명||B|moonlight|밝은 *달빛*|bright moonlight|*달빛* 아래서|under the moonlight|*달빛*이 비치다|moonlight is shining
2696|6046|뒷산|명|-山|B|mountain behind|동네 *뒷산*|mountain behind the neighborhood|*뒷산*에 오르다|to climb the back mountain|*뒷산* 산책|walk on the back mountain
2697|6047|땜03|의|때문|B|because of|너 *땜*에|because of you (informal)|일 *땜*에 바쁘다|busy because of work|비 *땜*에 못 갔다|couldn't go because of rain
2698|6049|만족하다|동|滿足-|B|to be satisfied|결과에 *만족하다*|to be satisfied with the result|삶에 *만족하다*|to be satisfied with life|매우 *만족하는* 손님|very satisfied customer
2699|6051|메다02|동|총을 ~|B|to shoulder/carry|가방을 *메다*|to shoulder a bag|배낭을 *메다*|to wear a backpack|카메라를 *메다*|to carry a camera
2700|6056|미인01|명|美人|B|beautiful woman|절세 *미인*|incomparable beauty|*미인* 대회|beauty pageant|전형적인 *미인*|typical beauty
2701|6060|반지02|명|半指|B|ring|금 *반지*|gold ring|*반지*를 끼다|to wear a ring|커플 *반지*|couple rings
2702|6062|밤02|명|열매|B|chestnut|*밤*을 까다|to peel a chestnut|군*밤*|roasted chestnuts|*밤*나무|chestnut tree
2703|6070|부르다02|형|배가 ~|B|to be full|배가 *부르다*|to be full|배*부르게* 먹다|to eat until full|너무 *불러서* 못 먹다|to be too full to eat
2704|6075|비타민|명|vitamin|B|vitamin|*비타민* 보충제|vitamin supplement|*비타민*이 풍부하다|to be rich in vitamins|종합 *비타민*|multivitamin
2705|6076|빌딩|명|building|B|building|높은 *빌딩*|tall building|*빌딩* 숲|forest of buildings|사무용 *빌딩*|office building
2706|6078|산속|명|山-|B|in the mountains|깊은 *산속*|deep in the mountains|*산속*을 헤매다|to wander in the mountains|*산속* 공기|mountain air
2707|6085|송이01|명|꽃 한 ~|B|bunch/counter for flowers|장미 한 *송이*|a single rose|포도 한 *송이*|a bunch of grapes|꽃*송이*|flower bud
2708|6091|식초|명|食醋|B|vinegar|*식초*를 치다|to add vinegar|사과 *식초*|apple vinegar|*식초* 맛|vinegar taste
2709|6095|심부름|명||B|errand|*심부름*을 시키다|to send on an errand|엄마 *심부름*|mother's errand|*심부름*을 다녀오다|to run an errand
2710|6098|야외|명|野外|B|outdoors|*야외* 공연장|outdoor theater|*야외* 활동|outdoor activity|*야외*에서 먹다|to eat outdoors
2711|6107|옆집|명||B|house next door|*옆집* 이웃|next-door neighbor|*옆집*으로 이사 오다|to move in next door|*옆집* 강아지|the neighbor's dog
2712|6109|오래도록|부||B|for a long time|*오래도록* 기억하다|to remember for a long time|*오래도록* 남다|to remain for a long time|*오래도록* 사랑하다|to love forever
2713|6117|이빨|명||B|teeth|*이빨*을 닦다|to brush teeth|*이빨*이 빠지다|a tooth falls out|*이빨* 자국|teeth marks
2714|6129|장학금|명|奬學金|B|scholarship|*장학금*을 받다|to receive a scholarship|*장학금* 신청|scholarship application|성적 *장학금*|merit scholarship
2715|6131|쟤|불|저 아이|B|that kid|*쟤*는 누구니?|Who is that kid?|*쟤*가 그랬어|He/she did it|*쟤*랑 놀다|to play with that kid
2716|6142|쪽02|명|면|B|page|다음 *쪽*|next page|백 *쪽*을 펴다|to open to page 100|마지막 *쪽*|the last page
2717|6147|초밥|명|醋-|B|sushi|모둠 *초밥*|assorted sushi|*초밥*을 먹다|to eat sushi|회 *초밥*|raw fish sushi
2718|6149|출구01|명|出口|B|exit|비상 *출구*|emergency exit|*출구*로 나가다|to go out through the exit|지하철 *출구*|subway exit
2719|6150|출입문|명|出入門|B|entrance door|*출입문*을 열다|to open the entrance door|*출입문* 근처|near the entrance|정문 *출입문*|main entrance door
2720|6157|풀01|명|~을 바르다|B|glue|*풀*로 붙이다|to stick with glue|딱*풀*|glue stick|물*풀*|liquid glue
2721|6159|필름|명|film|B|film|영화 *필름*|movie film|*필름* 카메라|film camera|*필름*이 끊기다|to black out (drinking)
2722|6166|호선80|의|號線. 1~|B|subway line|지하철 일 *호선*|subway line 1|삼 *호선*을 타다|to take line 3|환승하는 *호선*|transfer line
2723|6172|가위01|명|기구|B|scissors|*가위*로 자르다|to cut with scissors|주방용 *가위*|kitchen scissors|*가위*바위보|rock-paper-scissors
2724|6178|고속02|명|高速|B|high speed|*고속* 주행|high-speed driving|*고속* 엘리베이터|high-speed elevator|*고속*으로 회전하다|to rotate at high speed
2725|6187|구하다03|동|救-|B|to save|생명을 *구하다*|to save a life|물에 빠진 사람을 *구하다*|to save a drowning person|나라를 *구하다*|to save the country
2726|6210|도망가다|동|逃亡-|B|to run away|멀리 *도망가다*|to run far away|범인이 *도망가다*|the criminal runs away|몰래 *도망갔다*|ran away secretly
2727|6215|땅콩|명||B|peanut|볶은 *땅콩*|roasted peanuts|*땅콩* 버터|peanut butter|*땅콩* 알레르기|peanut allergy
2728|6269|신호등|명|信號燈|B|traffic light|*신호등*이 바뀌다|the light changes|*신호등*을 기다리다|to wait for the traffic light|빨간 *신호등*|red traffic light
2729|6270|신혼여행|명|新婚旅行|B|honeymoon|*신혼여행*을 떠나다|to go on a honeymoon|*신혼여행*지 추천|honeymoon destination recommendation|즐거운 *신혼여행*|pleasant honeymoon
2730|6272|씩씩하다02|형||B|to be brave|*씩씩한* 어린이|brave child|*씩씩하게* 걷다|to walk vigorously|목소리가 *씩씩하다*|voice is spirited
2731|6279|월드컵|명|World Cup|B|World Cup|*월드컵* 경기|World Cup match|*월드컵* 우승|World Cup victory|*월드컵* 개최지|World Cup host
2732|6293|입원01|명|入院|B|hospitalization|*입원* 수속|hospitalization procedure|*입원* 중이다|to be hospitalized|병원에 *입원*|staying in the hospital
2733|6295|잘살다|동||B|to live well|부자로 *잘살다*|to live wealthily|행복하게 *잘살다*|to live happily|평화롭게 *잘살다*|to live peacefully
2734|6296|장가01|명|~가다|B|taking a wife|*장가* 가다|to get married (for a man)|*장가* 보낼 아들|son to be married off|일찍 *장가* 들다|to marry early (for a man)
2735|6307|졸업생|명|卒業生|B|graduate|이번 *졸업생*|this year's graduates|고등학교 *졸업생*|high school graduates|*졸업생* 대표|valedictorian
2736|6308|죽다01|보|심심해 ~|B|to death (to be very)|심심해 *죽다*|to be bored to death|피곤해 *죽다*|to be tired to death|보고 싶어 *죽겠어*|I'm dying to see you
2737|6318|친절|명|親切|B|kindness|*친절*을 베풀다|to show kindness|*친절*한 미소|kind smile|과잉 *친절*|excessive kindness
2738|6319|침실|명|寢室|B|bedroom|*침실* 가구|bedroom furniture|안방 *침실*|main bedroom|*침실*을 꾸미다|to decorate a bedroom
2739|6372|기타02|명|guitar|B|guitar|*기타*를 치다|to play the guitar|전자 *기타*|electric guitar|*기타* 줄|guitar strings
2740|6379|나빠지다|동||B|to worsen|건강이 *나빠지다*|health worsens|기분이 *나빠지다*|mood gets bad|시력이 *나빠지다*|eyesight gets worse
2741|6380|남02|명|男|B|male|*남*녀 공용|unisex|*남*학생|male student|성인 *남*성|adult male
2742|6394|두통|명|頭痛|B|headache|심한 *두통*|severe headache|*두통*약|headache medicine|*두통*이 있다|to have a headache
2743|6435|설거지|명||B|washing dishes|*설거지*를 하다|to wash dishes|*설거지* 거리|dirty dishes|깨끗한 *설거지*|clean dishwashing
2744|6441|수년02|명|數년|B|several years|*수년* 동안|for several years|*수년* 전|several years ago|*수년*에 걸쳐|over several years
2745|6445|수출하다03|동|輸出-|B|to export|상품을 *수출하다*|to export products|외국으로 *수출하다*|to export abroad|반도체를 *수출하다*|to export semiconductors
2746|6446|숙소02|명|宿所|B|lodging|*숙소*를 정하다|to decide on lodging|깔끔한 *숙소*|clean accommodation|*숙소*에 도착하다|to arrive at the lodging
2747|6507|한잔하다|동|­盞-|B|to have a drink|가볍게 *한잔하다*|to have a light drink|친구와 *한잔하다*|to have a drink with a friend|나중에 *한잔합시다*|let's have a drink later
2748|6526|가요02|명|歌謠|B|popular song|최신 *가요*|latest K-pop/popular song|*가요* 프로그램|music chart program|*가요*를 부르다|to sing a popular song
2749|6530|감상05|명|鑑賞|B|appreciation|영화 *감상*|movie appreciation|음악 *감상*실|music listening room|예술 *감상*|art appreciation
2750|6540|공짜|명|空-|B|free|*공짜* 선물|free gift|세상에 *공짜*는 없다|nothing is free in this world|*공짜*로 주다|to give for free
2751|6550|그만하다|형||B|to be about that much|그 정도면 *그만하다*|that's about enough|실력이 *그만하다*|skill is about at that level|어려움이 *그만하다*|the difficulty is about that much
2752|6582|모기01|명||B|mosquito|*모기*에 물리다|to get a mosquito bite|*모기*를 잡다|to catch a mosquito|*모기*향을 피우다|to light a mosquito coil
2753|6603|볼일|명||B|business/errand|*볼일*이 있다|to have business to do|급한 *볼일*|urgent business|*볼일*을 보다|to take care of business/to use restroom
2754|6605|부끄러움|명||B|shyness/shame|*부끄러움*을 타다|to be shy|*부끄러움*을 느끼다|to feel ashamed|*부끄러움* 없는 행동|shameless behavior
2755|6628|스웨터|명|sweater|B|sweater|털 *스웨터*|wool sweater|*스웨터*를 입다|to wear a sweater|빨간 *스웨터*|red sweater
2756|6642|여행사|명|旅行社|B|travel agency|*여행사* 직원|travel agency employee|*여행사* 상품|travel agency package|*여행사*를 통하다|to go through a travel agency
2757|6649|왼손|명||B|left hand|*왼손* 잡이|left-handed person|*왼손*을 쓰다|to use the left hand|*왼손*에 들다|to hold in the left hand
2758|6655|유학생01|명|留學生|B|international student|교환 *유학생*|exchange student|*유학생* 비자|student visa|외국인 *유학생*|foreign student
2759|6668|잘생기다|형||B|to be handsome|정말 *잘생겼다*|to be really handsome|*잘생긴* 얼굴|handsome face|키 크고 *잘생기다*|to be tall and handsome
2760|6674|저리01|부|저곳으로|B|that way|*저리* 가세요|go that way/go away|*저리* 비켜|get out of that way|*저리* 옮기다|to move it over there
2761|6676|절약하다|동|節約-|B|to save/conserve|전기를 *절약하다*|to save electricity|시간을 *절약하다*|to save time|돈을 *절약하다*|to save money
2762|6725|합격|명|合格|B|passing|시험 *합격*|passing the exam|*합격* 통지서|acceptance letter|*합격*을 축하해|congrats on passing
2763|6736|갈다01|동|바꾸다|B|to change/replace|타이어를 *갈다*|to change a tire|전구를 *갈다*|to replace a lightbulb|옷을 *갈아* 입다|to change clothes
2764|6758|기도03|명|祈禱|B|prayer|*기도*를 드리다|to offer a prayer|간절한 *기도*|earnest prayer|*기도*하는 마음|praying heart
2765|6760|길거리|명||B|street|*길거리* 공연|street performance|*길거리* 음식|street food|*길거리*를 헤매다|to wander the streets
2766|6761|꽃잎|명||B|petal|*꽃잎*이 떨어지다|petals are falling|분홍색 *꽃잎*|pink petal|*꽃잎*을 말리다|to dry petals
2767|6776|돌려주다|동||B|to give back|책을 *돌려주다*|to return a book|빌린 돈을 *돌려주다*|to give back borrowed money|제자리에 *돌려주다*|to return to its place
2768|6781|라이터|명|lighter|B|lighter|*라이터*로 불을 켜다|to light with a lighter|가스 *라이터*|gas lighter|*라이터*를 빌리다|to borrow a lighter
2769|6824|생활환경|명|生活環境|B|living environment|*생활환경*이 좋다|living environment is good|도시의 *생활환경*|urban living environment|*생활환경* 개선|improving the living environment
2770|6846|오리03|명|동물|B|duck|*오리* 고기|duck meat|*오리*가 헤엄치다|a duck swims|청둥*오리*|mallard duck
2771|6872|입원하다01|동|入院-|B|to be hospitalized|병원에 *입원하다*|to be admitted to hospital|교통사고로 *입원하다*|to be hospitalized due to accident|잠시 *입원하다*|to be hospitalized briefly
2772|6879|장난감|명||B|toy|*장난감* 자동차|toy car|어린이 *장난감*|children's toy|*장난감*을 가지고 놀다|to play with toys
2773|6884|전기밥솥|명||B|electric rice cooker|*전기밥솥*에 쌀을 안치다|to put rice in the cooker|*전기밥솥* 버튼|rice cooker button|압력 *전기밥솥*|pressure rice cooker
2774|6928|하품01|명||B|yawn|*하품*이 나오다|to yawn|입을 벌려 *하품*하다|to yawn with mouth open|자꾸 *하품*하다|to yawn repeatedly
2775|6961|교문01|명|校門|B|school gate|*교문* 앞에 서다|to stand in front of the school gate|*교문*을 통과하다|to pass through the gate|학교 *교문*|school gate
2776|6963|권투01|명|拳鬪|B|boxing|*권투* 경기|boxing match|*권투*를 배우다|to learn boxing|*권투* 선수|boxer
2777|7013|받침|명||B|support/base|받침대 *받침*|support base|컵 *받침*|coaster|한글 *받침*|final consonant (in Hangeul)
2778|7023|북07|명|北|B|north|*북*쪽 방향|north direction|*북*한|North Korea|*북*서풍|northwesterly wind
2779|7046|수고하다01|동||B|to work hard|오늘도 *수고하셨습니다*|good job today|애쓰며 *수고하다*|to work hard with effort|모두 *수고하셨어요*|everyone worked hard
2780|7049|수학03|명|修學|B|study|*수학* 능력 시험|CSAT (ability test)|*수학* 여행|school field trip|학문을 *수학*하다|to study academic disciplines
2781|7058|아뇨01|감||B|no|*아뇨*, 괜찮아요|No, I'm okay|*아뇨*, 처음입니다|No, it's my first time|*아뇨*, 아닙니다|No, it is not
2782|7059|아래쪽|명||B|the bottom/lower side|*아래쪽*을 보다|to look down|건물 *아래쪽*|the lower part of building|표의 *아래쪽*|bottom of the table
2783|7068|액세서리|명|accessory|B|accessory|예쁜 *액세서리*|pretty accessory|*액세서리*를 착용하다|to wear accessories|금속 *액세서리*|metal accessory
2784|7074|염려하다01|동|念慮-|B|to worry|부모님이 *염려하시다*|parents worry|건강을 *염려하다*|to worry about health|크게 *염려하지* 마세요|don't worry too much
2785|7076|오이01|명||B|cucumber|*오이* 소박이|stuffed cucumber kimchi|*오이*를 썰다|to slice cucumber|시원한 *오이*|cool cucumber
2786|7078|외삼촌|명|外三寸|B|maternal uncle|*외삼촌* 댁|maternal uncle's house|우리 *외삼촌*|my maternal uncle|*외삼촌*과 외숙모|maternal uncle and aunt
2787|7086|위쪽|명||B|the top/upper side|*위쪽*을 쳐다보다|to look up|화면 *위쪽*|top of the screen|*위쪽*으로 올라가다|to go toward the top
2788|7093|음료수|명|飮料水|B|drink/beverage|시원한 *음료수*|cold drink|*음료수*를 주문하다|to order a beverage|탄산 *음료수*|soda
2789|7134|캠퍼스|명|campus|B|campus|대학 *캠퍼스*|university campus|*캠퍼스* 커플|campus couple (CC)|넓은 *캠퍼스*|spacious campus
2790|7136|터널|명|tunnel|B|tunnel|*터널*을 지나다|to pass through a tunnel|어두운 *터널*|dark tunnel|긴 *터널*|long tunnel
2791|7138|통12|의|通|B|counter for letters/calls|편지 한 *통*|one letter|전화 세 *통*|three phone calls|서류 한 *통*|one document
2792|7153|환갑02|명|還甲|B|60th birthday|*환갑* 잔치|60th birthday party|올해가 *환갑*이다|to be 60 this year|*환갑*을 맞다|to turn 60
2793|7167|건너오다|동||B|to come across|다리를 *건너오다*|to come across the bridge|이쪽으로 *건너오다*|to come across to this side|강을 *건너오다*|to come across the river
2794|7182|관광지|명|觀光地|B|tourist attraction|유명한 *관광지*|famous tourist spot|*관광지*를 둘러보다|to look around attractions|인기 *관광지*|popular tourist destination
2795|7186|교포02|명|僑胞|B|overseas Korean|재미 *교포*|Korean-American|*교포* 학생|Korean expatriate student|한국계 *교포*|person of Korean descent
2796|7221|등록금|명|登錄金|B|tuition|대학교 *등록금*|college tuition|*등록금*을 내다|to pay tuition|비싼 *등록금*|expensive tuition
2797|7224|뛰어다니다|동||B|to run around|운동장을 *뛰어다니다*|to run around the playground|바쁘게 *뛰어다니다*|to run around busily|아이들이 *뛰어다니다*|children run around
2798|7226|만07|관|滿. ~ 3개월|B|full/international age|*만* 십팔 세|full 18 years old|*만* 삼 개월|full three months|*만*으로 계산하다|to calculate in international age
2799|7231|메모|명|memo|B|memo/note|*메모*를 남기다|to leave a note|작은 *메모*지|small memo pad|*메모*를 하다|to take a note
2800|7234|몇십|관||B|dozens|*몇십* 년|dozens of years|*몇십* 명|dozens of people|*몇십* 번|dozens of times
2801|7239|몸무게|명||B|weight|*몸무게*가 늘다|to gain weight|*몸무게*를 재다|to measure one's weight|줄어든 *몸무게*|decreased weight
2802|7249|배달02|명|配達|B|delivery|음식 *배달*|food delivery|*배달*을 시키다|to order delivery|*배달* 사고|delivery accident
2803|7250|번역|명|飜譯|B|translation|영어 *번역*|English translation|*번역*을 맡기다|to request a translation|*번역*이 매끄럽다|translation is smooth
2804|7262|비닐봉지|명|vinyl封紙|B|plastic bag|*비닐봉지*에 담다|to put in a plastic bag|검은 *비닐봉지*|black plastic bag|*비닐봉지* 사용 제한|plastic bag use restriction
2805|7274|서랍|명||B|drawer|책상 *서랍*|desk drawer|*서랍*을 열다|to open a drawer|*서랍* 속에 넣다|to put inside a drawer
2806|7278|소나기01|명||B|rain shower|갑작스러운 *소나기*|sudden rain shower|*소나기*를 피하다|to avoid a rain shower|*소나기*가 그치다|the shower stops
2807|7281|손잡이|명||B|handle/knob|문 *손잡이*|door handle|*손잡이*를 돌리다|to turn the knob|버스의 *손잡이*|bus handrail
2808|7295|안되다02|형|마음이 언짢다|B|to be sorry/pitiable|참 *안됐다*|that's too bad|*안된* 마음|sorry feeling|사정이 *안되다*|circumstances are pitiful
2809|7311|연하다01|형|軟-|B|to be soft/light|고기가 *연하다*|meat is tender|*연한* 색깔|light color|*연하게* 타다|to make (coffee/tea) weak
2810|7321|원숭이|명||B|monkey|*원숭이*가 나무에 오르다|a monkey climbs a tree|*원숭이* 엉덩이|monkey's butt|*원숭이*처럼 흉내 내다|to mimic like a monkey
2811|7339|이혼03|명|離婚|B|divorce|*이혼*을 하다|to get a divorce|*이혼* 소송|divorce lawsuit|합의 *이혼*|divorce by agreement
2812|7343|일회용|명|一回用|B|disposable|*일회용* 컵|disposable cup|*일회용*품 사용|use of disposables|*일회용* 렌즈|disposable lenses
2813|7360|전화기|명|電話機|B|telephone|*전화기*를 들다|to pick up the phone|공중 *전화기*|public telephone|*전화기*가 고장 나다|the phone is broken
2814|7378|진달래|명||B|azalea|*진달래* 꽃|azalea flower|*진달래*가 피다|azaleas bloom|분홍색 *진달래*|pink azalea
2815|7386|차남02|명|次남|B|second son|집안의 *차남*|the second son of the family|*차남*으로 태어나다|to be born as the second son|장남과 *차남*|first and second son
2816|7407|팬티|명|panties|B|panties/underwear|*팬티*를 입다|to wear underwear|남자용 *팬티*|men's underwear|삼각 *팬티*|briefs
2817|7409|편히|부|便-|B|comfortably|*편히* 쉬다|to rest comfortably|*편히* 앉으세요|please sit comfortably|*편히* 잠들다|to sleep peacefully
2818|7434|가구04|명|家具|B|furniture|새 *가구*|new furniture|*가구*를 배치하다|to arrange furniture|*가구*점|furniture store
2819|7440|개나리01|명||B|forsythia|노란 *개나리*|yellow forsythia|*개나리*가 만개하다|forsythias are in full bloom|봄의 *개나리*|forsythia of spring
2820|7448|골목길|명||B|alleyway|좁은 *골목길*|narrow alleyway|*골목길*을 걷다|to walk through an alley|동네 *골목길*|neighborhood alley
2821|7464|기억나다|동|記憶-|B|to remember|갑자기 *기억나다*|to suddenly remember|이름이 *기억났다*|remembered the name|전혀 *기억나지* 않다|to not remember at all
2822|7466|기침01|명||B|cough|*기침*을 하다|to cough|심한 *기침*|severe cough|*기침*이 멈추다|the cough stops
2823|7474|노랫소리|명||B|singing sound|즐거운 *노랫소리*|joyful sound of singing|*노랫소리*가 들리다|singing is heard|아름다운 *노랫소리*|beautiful singing voice
2824|7487|대학교수|명|大學敎授|B|university professor|명예 *대학교수*|professor emeritus|*대학교수*가 되다|to become a professor|현직 *대학교수*|incumbent professor
2825|7503|레몬|명|lemon|B|lemon|*레몬* 한 조각|a slice of lemon|*레몬*처럼 시다|to be sour like a lemon|*레몬*에이드|lemonade
2826|7523|배꼽|명||B|belly button|*배꼽*을 보이다|to show one's navel|*배꼽* 빠지게 웃다|to laugh extremely hard|*배꼽* 주위|around the belly button
2827|7539|사랑스럽다|형||B|to be lovely|*사랑스러운* 눈빛|lovely gaze|행동이 *사랑스럽다*|behavior is lovely|정말 *사랑스러워요*|really lovely
2828|7562|술병02|명|-甁|B|liquor bottle|빈 *술병*|empty liquor bottle|*술병*을 따다|to open a bottle|*술병*이 쌓이다|bottles pile up
2829|7571|쓰이다01|동|글이 ~|B|to be written|책에 *쓰이다*|to be written in a book|이름이 *쓰인* 종이|paper with a name written|영어로 *쓰이다*|to be written in English
2830|7581|엽서02|명|葉書|B|postcard|그림 *엽서*|picture postcard|*엽서*를 보내다|to send a postcard|크리스마스 *엽서*|Christmas postcard
2831|7587|욕실|명|浴室|B|bathroom|*욕실* 청소|cleaning the bathroom|*욕실* 용품|bathroom supplies|*욕실*에 들어가다|to enter the bathroom
2832|7592|운전기사|명|運轉技士|B|driver|택시 *운전기사*|taxi driver|친절한 *운전기사*|kind driver|*운전기사*를 구하다|to look for a driver
2833|7605|장마01|명||B|rainy season|*장마*철|rainy season period|*장마*가 시작되다|the rainy season begins|긴 *장마*|long rainy season
2834|7637|짧아지다|동||B|to become short|머리가 *짧아지다*|hair gets shorter|해가 *짧아지다*|days get shorter|간격이 *짧아지다*|the interval shortens
2835|7638|찌다01|동|살이 ~|B|to gain (weight)|살이 *찌다*|to gain weight|통통하게 *찌다*|to get chubby|갑자기 살이 *쪘다*|suddenly gained weight
2836|7640|책가방|명|冊-|B|school bag|*책가방*을 메다|to carry a school bag|무거운 *책가방*|heavy school bag|*책가방*을 열다|to open a school bag
2837|7731|놀이터|명||B|playground|어린이 *놀이터*|children's playground|*놀이터*에서 놀다|to play at the playground|동네 *놀이터*|neighborhood playground
2838|7736|다녀가다|동||B|to stop by|집에 *다녀가다*|to stop by home|잠시 *다녀가세요*|please stop by for a moment|누가 *다녀갔니*?|who stopped by?
2839|7738|답장|명|答狀|B|reply|*답장*을 보내다|to send a reply|빠른 *답장*|quick reply|*답장*을 기다리다|to wait for a reply
2840|7749|때때로|부||B|sometimes|*때때로* 생각나다|to remember sometimes|*때때로* 비가 오다|it rains occasionally|*때때로* 힘들다|to be difficult at times
2841|7776|발등|명||B|top of foot|*발등*을 다치다|to hurt the top of one's foot|*발등*에 불이 떨어지다|to be pressed for time|*발등*이 붓다|top of the foot is swollen
2842|7795|블라우스|명|blouse|B|blouse|실크 *블라우스*|silk blouse|*블라우스*를 입다|to wear a blouse|하얀 *블라우스*|white blouse
2843|7801|사이좋다|형||B|to be on good terms|*사이좋은* 친구|friends on good terms|*사이좋게* 지내다|to get along well|형제가 *사이좋다*|siblings get along well
2844|7822|슬퍼하다|동||B|to feel sad|죽음을 *슬퍼하다*|to mourn the death|너무 *슬퍼하지* 마세요|don't be too sad|헤어짐을 *슬퍼하다*|to be sad about parting
2845|7835|쓰레기통|명|-桶|B|trash can|*쓰레기통*에 버리다|to throw in the trash|비어 있는 *쓰레기통*|empty trash can|*쓰레기통*을 비우다|to empty the trash can
2846|7838|앞쪽|명||B|the front|*앞쪽*으로 오세요|please come to the front|건물 *앞쪽*|the front of the building|*앞쪽* 좌석|front seat
2847|7860|왼발|명||B|left foot|*왼발*을 내디디다|to step with the left foot|*왼발* 잡이|left-footed|*왼발*이 아프다|left foot hurts
2848|7883|일기11|명|日氣|B|weather|*일기* 예보|weather forecast|*일기* 불순|inclement weather|오늘의 *일기*|today's weather
2849|7897|저번02|명|這番|B|last time|*저번* 주|last week|*저번*에 본 영화|the movie I saw last time|*저번* 일|what happened last time
2850|7906|정답|명|正答|B|correct answer|*정답*을 맞히다|to get the right answer|시험 *정답*|exam answer|*정답*이 뭐예요?|what is the correct answer?
2851|7913|졸다01|동||B|to doze off|수업 시간에 *졸다*|to doze off in class|꾸벅꾸벅 *졸다*|to nod off|졸려서 *졸다*|to doze because of sleepiness
2852|7939|코피01|명||B|nosebleed|*코피*가 나다|to have a nosebleed|*코피*를 쏟다|to bleed from the nose|피곤해서 *코피* 나다|to get a nosebleed from fatigue
2853|7958|할인01|명|割引|B|discount|가격 *할인*|price discount|*할인* 혜택|discount benefits|*할인*을 받다|to get a discount
2854|7996|고구마|명||B|sweet potato|찐 *고구마*|steamed sweet potato|군*고구마*|roasted sweet potato|*고구마*를 캐다|to dig up sweet potatoes
2855|8014|국기07|명|國旗|B|national flag|한국 *국기*|Korean national flag|*국기*를 게양하다|to hoist the flag|*국기*에 대한 경례|salute to the flag
2856|8044|대화하다02|동|對話-|B|to converse|친구와 *대화하다*|to talk with a friend|진지하게 *대화하다*|to converse seriously|함께 *대화해요*|let's talk together
2857|8071|미워하다|동||B|to hate/dislike|남을 *미워하다*|to hate others|*미워하지* 마세요|don't hate|거짓말을 *미워하다*|to dislike lies
2858|8077|밥맛|명||B|appetite|*밥맛*이 없다|to have no appetite|*밥맛*이 좋다|to have a good appetite|*밥맛* 떨어지다|to lose one's appetite
2859|8085|복사09|명|複寫|B|copying/photocopy|*복사* 용지|copy paper|*복사*를 하다|to make a copy|컬러 *복사*|color copy
2860|8090|볶음밥|명||B|fried rice|김치 *볶음밥*|Kimchi fried rice|*볶음밥*을 만들다|to make fried rice|맛있는 *볶음밥*|delicious fried rice
2861|8113|성별01|명|性別|B|gender|*성별* 구분|gender distinction|*성별*을 적다|to write one's gender|나이와 *성별*|age and gender
2862|8116|세탁|명|洗濯|B|laundry/washing|*세탁*을 하다|to do laundry|*세탁*물|laundry (items)|드라이*세탁*|dry cleaning
2863|8117|소문나다|동|所聞-|B|to be rumored|맛집으로 *소문나다*|to be known as a good restaurant|소문이 *나다*|to get rumored|동네에 *소문났다*|rumors spread in town
2864|8118|소용없다|형|소용-|B|to be useless|이제와서 *소용없다*|it's useless now|말해도 *소용없어*|no use in talking|*소용없는* 일|useless task
2865|8121|손수건|명|-手巾|B|handkerchief|*손수건*을 꺼내다|to take out a handkerchief|땀을 *손수건*으로 닦다|to wipe sweat with a handkerchief|실크 *손수건*|silk handkerchief
2866|8122|송아지|명||B|calf|어린 *송아지*|young calf|*송아지*가 울다|a calf lows|황소와 *송아지*|bull and calf
2867|8124|수돗물|명|水道-|B|tap water|*수돗물*을 마시다|to drink tap water|*수돗물*이 나오다|tap water comes out|*수돗물* 값|water bill
2868|8134|술자리|명||B|drinking session|*술자리*를 가지다|to have a drinking gathering|즐거운 *술자리*|pleasant drinking session|*술자리*에 참석하다|to attend a drinking party
2869|8160|어린이날|명||B|Children's Day|*어린이날* 선물|Children's Day gift|*어린이날* 행사|Children's Day event|내일은 *어린이날*|tomorrow is Children's Day
2870|8169|오른발|명||B|right foot|*오른발*을 다치다|to hurt one's right foot|*오른발*로 차다|to kick with the right foot|*오른발* 신발|right shoe
2871|8189|이사하다01|동|移徙-|B|to move house|옆집으로 *이사하다*|to move next door|새집으로 *이사하다*|to move to a new house|주말에 *이사해요*|moving this weekend
2872|8191|일등|명|一等|B|first place|*일등*을 차지하다|to take first place|*일등* 항해사|first mate|성적이 *일등*이다|to be first in grades
2873|8198|작아지다|동||B|to become small|옷이 *작아지다*|clothes get smaller|목소리가 *작아지다*|voice gets lower|키가 *작아진* 기분|feeling like getting shorter
2874|8219|줄무늬|명||B|stripe pattern|*줄무늬* 티셔츠|striped T-shirt|파란색 *줄무늬*|blue stripes|*줄무늬*가 있는 옷|clothes with stripes
2875|8250|터미널|명|terminal|B|terminal|버스 *터미널*|bus terminal|*터미널*에 도착하다|to arrive at the terminal|국제선 *터미널*|international terminal
2876|8267|한국적|명|韓國的|B|Korean style/nature|*한국적*인 미|Korean beauty|가장 *한국적*인 것|the most Korean thing|*한국적* 정서|Korean sentiment
2877|8282|환영02|명|歡迎|B|welcome|*환영* 인사를 하다|to give a welcome speech|신입생 *환영*회|welcome party for freshmen|뜨겁게 *환영*하다|to welcome warmly
2878|8290|간식02|명|間食|B|snack|*간식*을 먹다|to eat a snack|아이들 *간식*|snacks for kids|맛있는 *간식*|tasty snack
2879|8293|감01|명|과일|B|persimmon|달콤한 *감*|sweet persimmon|*감*을 따다|to pick persimmons|홍시 *감*|soft persimmon
2880|8324|남04|명|南|B|south|*남*쪽 방향|south direction|*남*한|South Korea|*남*서풍|southwesterly wind
2881|8328|네거리|명||B|crossroads|*네거리*에서 꺾다|to turn at the crossroads|교통 체증이 심한 *네거리*|congested intersection|*네거리* 신호등|crossroads traffic light
2882|8330|녹음하다|동|錄音-|B|to record (sound)|목소리를 *녹음하다*|to record a voice|수업을 *녹음하다*|to record a class|*녹음한* 소리|recorded sound
2883|8355|등산로|명|登山路|B|hiking trail|험한 *등산로*|steadow hiking trail|*등산로*를 따라 걷다|to walk along the trail|새로운 *등산로*|new hiking trail
2884|8358|마사지|명|massage|B|massage|전신 *마사지*|full body massage|*마사지*를 받다|to get a massage|발 *마사지*|foot massage
2885|8361|먹히다|동||B|to be eaten/to work|사자에게 *먹히다*|to be eaten by a lion|농담이 *먹히다*|the joke works/is accepted|잘 *먹히는* 방법|method that works well
2886|8364|몸살01|명|~이 걸리다|B|body ache from fatigue|*몸살*이 나다|to suffer from body aches|감기 *몸살*|flu with body aches|*몸살*로 눕다|to be bedridden with fatigue
2887|8367|무더위|명||B|sweltering heat|여름 *무더위*|summer sweltering heat|*무더위*가 계속되다|sweltering heat continues|*무더위*를 식히다|to cool off the heat
2888|8375|박스|명|box|B|box|종이 *박스*|paper box|*박스*를 포장하다|to pack a box|과자 한 *박스*|a box of snacks
2889|8381|밥솥|명||B|rice pot/cooker|*밥솥*을 열다|to open the rice pot|압력 *밥솥*|pressure cooker|*밥솥*에 쌀을 넣다|to put rice in the pot
2890|8388|베개|명||B|pillow|푹신한 *베개*|soft pillow|*베개*를 베다|to rest one's head on a pillow|*베개* 잇|pillowcase
2891|8389|벨트|명|belt|B|belt|가죽 *벨트*|leather belt|안전 *벨트*를 매다|to fasten a seatbelt|*벨트*가 꽉 끼다|the belt is tight
2892|8391|복사하다03|동|複寫-|B|to copy/photocopy|문서를 *복사하다*|to copy a document|기계로 *복사하다*|to photocopy with a machine|파일을 *복사하다*|to copy a file
2893|8407|사계절|명|四季節|B|four seasons|한국의 *사계절*|Korea's four seasons|*사계절* 내내|throughout the four seasons|*사계절*이 뚜렷하다|the four seasons are distinct
2894|8408|사과하다02|동|謝過-|B|to apologize|진심으로 *사과하다*|to sincerely apologize|잘못을 *사과하다*|to apologize for a mistake|친구에게 *사과하다*|to apologize to a friend
2895|8467|여대생|명|女大生|B|female college student|평범한 *여대생*|ordinary female college student|*여대생* 시절|college girl days|똑똑한 *여대생*|smart female college student
2896|8482|외할머니|명|外-|B|maternal grandmother|우리 *외할머니*|my maternal grandmother|*외할머니* 댁|maternal grandmother's house|*외할머니* 손맛|maternal grandmother's cooking
2897|8499|음악가|명|音樂家|B|musician|천재 *음악가*|genius musician|클래식 *음악가*|classical musician|*음악가*의 길|path of a musician
2898|8512|인삼|명|人蔘|B|ginseng|*인삼*을 달이다|to brew ginseng|고려 *인삼*|Korean ginseng|*인삼*차|ginseng tea
2899|8513|인상01|명|人相|B|impression/look|첫*인상*|first impression|*인상*이 좋다|to have a good look/impression|*인상*을 쓰다|to frown
2900|8536|점원01|명|店員|B|clerk/shop assistant|친절한 *점원*|kind clerk|백화점 *점원*|department store clerk|*점원*에게 묻다|to ask a clerk
2901|8562|찻잔|명|茶盞|B|teacup|예쁜 *찻잔*|pretty teacup|*찻잔*에 차를 따르다|to pour tea into a teacup|*찻잔*을 놓다|to set down a teacup
2902|8591|큰길|명||B|main road|*큰길*로 나가다|to go out to the main road|*큰길*가에 위치하다|to be located on a main road|집 앞 *큰길*|the main road in front of the house
2903|8626|홈페이지|명|homepage|B|homepage|*홈페이지*를 개설하다|to open a homepage|*홈페이지* 주소|homepage address|공식 *홈페이지*|official homepage
2904|8633|횡단보도|명|橫斷步道|B|crosswalk|*횡단보도를* 건너다|to cross the crosswalk|*횡단보도* 앞에서 기다리다|to wait in front of the crosswalk|녹색 불에 *횡단보도*를 건너다|to cross the crosswalk on the green light
2905|8651|강당|명|講堂|B|auditorium|학교 *강당*|school auditorium|*강당*에 모이다|to gather in the auditorium|*강당*에서 행사를 하다|to hold an event in the auditorium
2906|8668|고모부|명|姑母夫|B|uncle (husband of paternal aunt)|*고모부* 댁|paternal aunt's husband's house|친절한 *고모부*|kind uncle (paternal aunt's husband)|우리 *고모부*|my uncle
2907|8699|녹음03|명|錄音|B|recording|목소리 *녹음*|voice recording|*녹음* 상태|recording quality|*녹음*을 시작하다|to start recording
2908|8736|마중01|명||B|meeting/greeting|*마중*을 나가다|to go out to meet someone|공항 *마중*|meeting someone at the airport|손님 *마중*|greeting a guest
2909|8753|밝다|동||B|to dawn|날이 *밝다*|the day dawns|희망이 *밝아* 오다|hope is dawning|새해가 *밝았다*|the new year has dawned
2910|8754|밤중|명|-中|B|middle of the night|깊은 *밤중*|the middle of the night|*밤중*에 전화하다|to call in the middle of the night|한*밤중*에 깨다|to wake up at midnight
2911|8756|배드민턴|명|badminton|B|badminton|*배드민턴*을 치다|to play badminton|*배드민턴* 라켓|badminton racket|*배드민턴* 경기|badminton match
2912|8759|버튼|명|button|B|button|*버튼*을 누르다|to press a button|엘리베이터 *버튼*|elevator button|전원 *버튼*|power button
2913|8798|서투르다|형||B|to be unskilled|운전이 *서투르다*|to be poor at driving|한국말이 *서투르다*|to be clumsy in Korean|일이 *서툴러서* 걱정이다|to worry because one is unskilled at work
2914|8811|손뼉|명||B|palms (clapping)|*손뼉*을 치다|to clap one's hands|신나게 *손뼉* 치다|to clap hands excitedly|*손뼉* 소리|sound of clapping
2915|8813|송편|명|松-|B|Songpyeon (rice cake)|*송편*을 빚다|to make Songpyeon|추석 때 먹는 *송편*|Songpyeon eaten during Chuseok|달콤한 *송편*|sweet Songpyeon
2916|8828|신혼부부|명|新婚夫婦|B|newlyweds|*신혼부부* 집들|newlyweds' housewarming|*신혼부부* 여행|newlyweds' trip|다정한 *신혼부부*|affectionate newlyweds
2917|8830|싱겁다|형||B|to be bland|국이 *싱겁다*|the soup is bland|간이 *싱거워서* 소금을 넣다|to add salt because it's bland|*싱거운* 음식|bland food
2918|8863|옛날이야기|명||B|old story/folktale|*옛날이야기*를 들려주다|to tell an old story|할머니의 *옛날이야기*|grandmother's folktale|재미있는 *옛날이야기*|interesting old story
2919|8865|오븐|명|oven|B|oven|*오븐*에 굽다|to bake in the oven|*오븐* 요리|oven cooking|*오븐* 온도를 조절하다|to adjust the oven temperature
2920|8867|와인|명|wine|B|wine|레드 *와인*|red wine|*와인*을 마시다|to drink wine|*와인* 잔|wine glass
2921|8874|우승하다|동|優勝-|B|to win|대회에서 *우승하다*|to win a competition|경기에서 *우승했다*|won the game|결승에서 *우승하다*|to win the final
2922|8877|웃어른|명||B|elders|*웃어른*을 공경하다|to respect one's elders|*웃어른*께 인사하다|to greet an elder|*웃어른*의 말씀|words of an elder
2923|8893|인사말|명|人事-|B|greeting words|환영 *인사말*|welcoming remarks|*인사말*을 나누다|to exchange greetings|짧은 *인사말*|short greeting
2924|8904|자판기|명|自販機|B|vending machine|커피 *자판기*|coffee vending machine|*자판기*에서 뽑다|to get (something) from a vending machine|음료수 *자판기*|drink vending machine
2925|8910|저녁때|명||B|evening time|*저녁때* 만나자|let's meet in the evening|어느덧 *저녁때*가 되었다|it's already evening|*저녁때*의 노을|sunset in the evening
2926|8918|적어지다|동||B|to decrease|인원이 *적어지다*|the number of people decreases|말수가 *적어지다*|to become less talkative|수입이 *적어졌다*|income decreased
2927|8960|치과|명|齒科|B|dentist|*치과*에 가다|to go to the dentist|*치과* 치료|dental treatment|*치과* 의사|dentist (person)
2928|8964|테스트|명|test|B|test|실력 *테스트*|proficiency test|*테스트*를 받다|to take a test|새 제품 *테스트*|new product test
2929|8968|퇴근하다|동|退勤-|B|to leave work|여섯 시에 *퇴근하다*|to leave work at 6:00|일찍 *퇴근하다*|to leave work early|*퇴근하는* 길|on the way home from work
2930|8981|피로하다02|형|疲勞-|B|to be tired|몸이 *피로하다*|the body is fatigued|*피로한* 기색|tired look|눈이 *피로하다*|eyes are tired
2931|8998|화나다|동|火-|B|to get angry|갑자기 *화나다*|to suddenly get angry|거짓말에 *화났다*|got angry at the lie|*화가 나는* 상황|infuriating situation
2932|9014|가로01|명|~와 세로|B|width/horizontal|*가로* 길이|horizontal length|*가로*로 놓다|to lay horizontally|*가로*와 세로|width and height
2933|9018|갈아타다|동||B|to transfer (transport)|지하철을 *갈아타다*|to transfer subways|버스로 *갈아타다*|to transfer to a bus|이호선에서 *갈아타다*|to transfer from Line 2
2934|9084|단맛|명||B|sweet flavor|*단맛*이 나다|to taste sweet|*단맛*을 더하다|to add sweetness|*단맛*이 강한 과일|fruit with a strong sweet taste
2935|9089|담요|명||B|blanket|따뜻한 *담요*|warm blanket|*담요*를 덮다|to cover with a blanket|무릎 *담요*|lap blanket
2936|9149|밤새다|동||B|to stay up all night|공부하느라 *밤새다*|to stay up all night studying|*밤새* 기다리다|to wait all night|뜬눈으로 *밤샜다*|stayed up all night with eyes wide open
2937|9167|부잣집|명|富者-|B|rich family's house|*부잣집* 아들|son of a rich family|*부잣집*에서 태어나다|to be born into a wealthy family|크고 으리으리한 *부잣집*|a large and grand rich house
2938|9177|사진기02|명|寫眞機|B|camera|디지털 *사진기*|digital camera|*사진기*로 찍다|to take with a camera|비싼 *사진기*|expensive camera
2939|9184|상추01|명||B|lettuce|*상추* 쌈|lettuce wrap|*상추*를 씻다|to wash lettuce|고기와 *상추*|meat and lettuce
2940|9193|섭씨|명|攝氏|B|Celsius|*섭씨* 삼십 도|30 degrees Celsius|*섭씨*와 화씨|Celsius and Fahrenheit|*섭씨* 온도|Celsius temperature
2941|9195|소시지|명|sausage|B|sausage|*소시지*를 굽다|to grill sausages|반찬으로 나온 *소시지*|sausage served as a side dish|*소시지* 빵|sausage roll
2942|9213|스케줄|명|schedule|B|schedule|*스케줄*을 짜다|to make a schedule|빡빡한 *스케줄*|tight schedule|*스케줄*이 비다|to have a free schedule
2943|9222|시외01|명|市外|B|out of city/suburbs|*시외* 버스 터미널|intercity bus terminal|*시외*로 나가다|to go out of the city|*시외* 통화|out-of-city call
2944|9250|양배추|명|洋-|B|cabbage|*양배추* 샐러드|cabbage salad|*양배추*를 썰다|to shred cabbage|몸에 좋은 *양배추*|healthy cabbage
2945|9253|얕다|형||B|to be shallow|물이 *얕다*|the water is shallow|지식이 *얕다*|knowledge is shallow|생각이 *얕다*|thinking is superficial
2946|9254|어두워지다|동||B|to get dark|밖이 *어두워지다*|it's getting dark outside|눈앞이 *어두워지다*|vision goes dark/to feel faint|날이 금세 *어두워졌다*|it got dark quickly
2947|9260|엊그제|부||B|a couple of days ago|*엊그제* 본 것 같다|feels like I saw it just the other day|바로 *엊그제* 일|something that happened just a few days ago|*엊그제*부터 아프다|to be sick since a few days ago
2948|9261|여고생|명|女高生|B|female high school student|발랄한 *여고생*|cheerful high school girl|*여고생* 시절|high school girl days|*여고생* 교복|high school girl's uniform
2949|9271|예약|명|豫約|B|reservation|식당 *예약*|restaurant reservation|*예약*을 확인하다|to check a reservation|*예약*이 찼다|the reservations are full
2950|9294|이곳저곳|명||B|here and there|*이곳저곳*을 다니다|to go here and there|*이곳저곳* 구경하다|to sightsee here and there|*이곳저곳* 흩어지다|to scatter here and there
2951|9305|일회용품|명|一回用品|B|disposable item|*일회용품*을 줄이다|to reduce disposable items|편리한 *일회용품*|convenient disposables|*일회용품* 쓰레기|disposable waste
2952|9306|읽히다01|동|'읽다'의 피동사|B|to be read|잘 *읽히는* 책|a book that reads well|많은 사람에게 *읽히다*|to be read by many people|쉽게 *읽히다*|to be easily read
2953|9325|저런02|감||B|Oh my/Goodness|*저런*, 안됐군요|Oh dear, that's too bad|*저런* 일이 다 있나|How can such a thing happen?|*저런*, 조심하지|Oh my, you should be careful
2954|9328|점심때|명|點心-|B|lunchtime|*점심때* 밥 먹자|let's eat at lunchtime|바쁜 *점심때*|busy lunchtime|*점심때*가 지났다|lunchtime has passed
2955|9345|즐거워하다|동||B|to be joyful|아이들이 *즐거워하다*|children are joyful|모두가 *즐거워하는* 분위기|an atmosphere everyone enjoys|소식을 듣고 *즐거워했다*|was joyful after hearing the news
2956|9370|초보01|명|初步|B|beginner|운전 *초보*|novice driver|*초보* 단계|beginner stage|*초보*에서 탈출하다|to escape the beginner level
2957|9409|해외여행|명|海外旅行|B|overseas trip|*해외여행*을 가다|to go on a trip abroad|처음 가는 *해외여행*|first overseas trip|*해외여행* 가방|overseas travel bag
2958|9500|깜빡|부||B|with a blink/forgetfully|눈을 *깜빡*이다|to blink one's eyes|이름을 *깜빡* 잊다|to clean forget a name|정신이 *깜빡*하다|to have a memory lapse
2959|9527|대중교통|명|大衆交通|B|public transport|*대중교통*을 이용하다|to use public transport|*대중교통* 요금|public transport fare|편리한 *대중교통*|convenient public transport
2960|9529|데려오다|동||B|to bring (someone)|친구를 *데려오다*|to bring a friend|집으로 *데려오다*|to bring (someone) home|강아지를 *데려왔다*|brought a puppy
2961|9542|뛰어오다|동||B|to come running|학교로 *뛰어오다*|to come running to school|멀리서 *뛰어오다*|to come running from afar|숨차게 *뛰어왔다*|came running breathlessly
2962|9557|명함|명|名銜|B|business card|*명함*을 주다|to give a business card|*명함*을 교환하다|to exchange business cards|직함이 적힌 *명함*|business card with a title
2963|9616|사자11|명|獅子|B|lion|동물의 왕 *사자*|lion, the king of animals|*사자*가 포효하다|a lion roars|암*사자*와 수사자|lioness and lion
2964|9628|새소리|명||B|birdsong|맑은 *새소리*|clear birdsong|*새소리*가 들리다|birdsong is heard|아침을 알리는 *새소리*|birdsong announcing the morning
2965|9660|시부모|명|媤父母|B|parents-in-law (for wife)|*시부모*님을 모시다|to live with one's parents-in-law|친절한 *시부모*님|kind parents-in-law|*시부모*님 댁|parents-in-law's house
2966|9670|실수하다|동|失手-|B|to make a mistake|계산에서 *실수하다*|to make a mistake in calculation|말을 *실수했다*|made a slip of the tongue|자주 *실수하다*|to make mistakes often
2967|9714|외출하다|동|外出-|B|to go out|밖으로 *외출하다*|to go out|가족과 *외출하다*|to go out with family|잠시 *외출했다*|went out for a moment
2968|9724|위아래|명||B|up and down/above and below|*위아래*를 훑어보다|to look someone up and down|*위아래* 층|upper and lower floors|*위아래*가 바뀌다|top and bottom are reversed
2969|9738|이발소|명|理髮所|B|barbershop|*이발소*에서 머리를 깎다|to get a haircut at a barbershop|동네 *이발소*|neighborhood barbershop|낡은 *이발소* 간판|old barbershop sign
2970|9757|재작년|명|再昨年|B|the year before last|*재작년* 겨울|winter of the year before last|*재작년*에 만났다|met the year before last|벌써 *재작년* 일이다|it's already been two years
2971|9758|재채기|명||B|sneeze|*재채기*가 나오다|to sneeze|에취 하고 *재채기*하다|to go "achoo" and sneeze|연속으로 *재채기*하다|to sneeze repeatedly
2972|9769|정거장|명|停車場|B|stop/station|버스 *정거장*|bus stop|다음 *정거장*|next stop|*정거장*에서 내리다|to get off at the stop
2973|9778|존댓말|명|尊待-|B|honorifics|*존댓말*을 쓰다|to use honorifics|어른께 *존댓말*하다|to speak politely to an elder|*존댓말*과 반말|honorifics and informal speech
2974|9811|초보자|명|初步者|B|beginner|*초보자* 교육|beginner training|*초보자*용 교재|textbook for beginners|컴퓨터 *초보자*|computer beginner
2975|9812|초청장|명|招請狀|B|invitation|결혼 *초청장*|wedding invitation|*초청장*을 보내다|to send an invitation|*초청장*을 받다|to receive an invitation
2976|9816|카레|명|curry|B|curry|*카레* 라이스|curry rice|매운 *카레*|spicy curry|*카레*를 만들다|to make curry
2977|9823|킬로|의|kilo|B|kilogram/kilometer|오 *킬로*|five kilos|몇 *킬로*예요?|how many kilos is it?|십 *킬로*를 걷다|to walk ten kilometers
2978|9830|티셔츠|명|T-shirts|B|T-shirt|하얀 *티셔츠*|white T-shirt|*티셔츠*를 입다|to wear a T-shirt|반팔 *티셔츠*|short-sleeved T-shirt
2979|9855|한둘|수||B|one or two|*한둘*이 아니다|to be more than one or two|*한둘*씩 모이다|to gather one by one or in twos|사람이 *한둘* 보인다|can see one or two people
2980|9901|거리02|의|반찬~|B|material/stuff|반찬 *거리*|ingredients for side dishes|국 *거리* 고기|meat for soup|일*거리*가 많다|to have a lot of work/tasks
2981|9916|고춧가루|명||B|chili powder|*고춧가루*를 뿌리다|to sprinkle chili powder|매운 *고춧가루*|spicy chili powder|*고춧가루* 양념|chili powder seasoning
2982|9934|국립|명|國立|B|national|*국립* 대학교|national university|*국립* 공원|national park|*국립* 박물관|national museum
2983|9968|농구07|명|籠球|B|basketball|*농구*를 하다|to play basketball|*농구* 선수|basketball player|*농구* 골대|basketball hoop
2984|9995|디자이너|명|designer|B|designer|패션 *디자이너*|fashion designer|유명한 *디자이너*|famous designer|*디자이너* 브랜드|designer brand
2985|9998|뛰어나가다|동||B|to run out|밖으로 *뛰어나가다*|to run outside|대문 밖으로 *뛰어나갔다*|ran out the front gate|급히 *뛰어나가다*|to run out in a hurry
2986|10041|밤낮|명||B|day and night|*밤낮* 없이 일하다|to work day and night|*밤낮*이 바뀌다|to have one's day and night reversed|*밤낮*으로 공부하다|to study day and night
2987|10043|배구06|명|排球|B|volleyball|*배구* 경기|volleyball match|*배구*를 하다|to play volleyball|*배구* 공|volleyball (ball)
2988|10068|부지런하다|형||B|to be diligent|성격이 *부지런하다*|to have a diligent personality|*부지런하게* 일하다|to work diligently|참 *부지런한* 사람|a very diligent person
2989|10100|선풍기|명|扇風機|B|electric fan|*선풍기*를 켜다|to turn on the fan|시원한 *선풍기* 바람|cool fan breeze|*선풍기* 날개|fan blades
2990|10105|세로01|명||B|length/vertical|*세로* 줄|vertical line|*세로*로 길다|to be vertically long|*세로* 방향|vertical direction
2991|10136|싫어지다|동||B|to come to dislike|공부가 *싫어지다*|to grow tired of studying|점점 *싫어졌다*|gradually came to dislike it|그 사람이 *싫어지다*|to lose interest in/come to dislike that person
2992|10153|여직원|명|女職員|B|female employee|친절한 *여직원*|kind female employee|*여직원* 휴게실|female employees' lounge|새로 온 *여직원*|new female staff member
2993|10159|열리다01|동|열매가 ~|B|to bear fruit|열매가 *열리다*|fruit is borne|사과가 *열렸다*|apples have grown|주렁주렁 *열리다*|to hang in clusters (fruit)
2994|10162|옆방|명|-방|B|next room|*옆방* 사람|person in the next room|*옆방*에서 들리는 소리|sound from the next room|*옆방*으로 옮기다|to move to the next room
2995|10167|오피스텔|명|office hotel|B|officetel|*오피스텔*에 살다|to live in an officetel|깔끔한 *오피스텔*|clean officetel|역세권 *오피스텔*|officetel near the station
2996|10182|원피스|명|one-piece|B|one-piece dress|꽃무늬 *원피스*|floral dress|*원피스*를 입다|to wear a dress|예쁜 *원피스*|pretty one-piece dress
2997|10196|이혼하다|동|離婚-|B|to get divorced|남편과 *이혼하다*|to divorce one's husband|부부가 *이혼했다*|the couple got divorced|작년에 *이혼하다*|to get divorced last year
2998|10245|종이컵|명|-cup|B|paper cup|*종이컵*에 물을 마시다|to drink water from a paper cup|일회용 *종이컵*|disposable paper cup|*종이컵*을 사용하다|to use paper cups
2999|10292|코끼리|명||B|elephant|코가 긴 *코끼리*|long-nosed elephant|*코끼리* 아저씨|Mr. Elephant|아기 *코끼리*|baby elephant
3000|10293|콘서트|명|concert|B|concert|가수 *콘서트*|singer's concert|*콘서트* 티켓|concert ticket|*콘서트*를 관람하다|to watch a concert
3001|10294|큰소리01|명||B|loud voice|*큰소리*로 외치다|to shout in a loud voice|*큰소리*를 내다|to make a loud noise|*큰소리*를 치다|to talk big
3002|10314|평일|명|平日|B|weekday|*평일* 오후|weekday afternoon|*평일*에는 바쁘다|to be busy on weekdays|*평일* 요금|weekday rates
3003|10384|걱정되다|동||B|to be worried|건강이 *걱정되다*|to be worried about health|시험이 *걱정된다*|I am worried about the exam|부모님이 *걱정되다*|to be worried about one's parents
3004|10482|된장찌개|명|-醬-|B|soybean paste stew|*된장찌개*를 끓이다|to cook soybean paste stew|맛있는 *된장찌개*|delicious soybean paste stew|보글보글 *된장찌개*|bubbling soybean paste stew
3005|10505|목걸이01|명||B|necklace|금 *목걸이*|gold necklace|*목걸이*를 걸다|to wear a necklace|진주 *목걸이*|pearl necklace
3006|10634|스키장|명|ski場|B|ski resort|*스키장*에 가다|to go to a ski resort|겨울철 *스키장*|ski resort in winter|*스키장* 아르바이트|working at a ski resort
3007|10658|쓰다06|형|나물이 ~|B|to be bitter|약이 아주 *쓰다*|the medicine is very bitter|맛이 *쓰다*|the taste is bitter|*쓴* 커피|bitter coffee
3008|10808|책방01|명|冊房|B|bookstore|동네 *책방*|neighborhood bookstore|*책방*에서 책을 사다|to buy a book at a bookstore|헌 *책방*|used bookstore
3009|11024|나흘|명||B|four days|*나흘* 동안|for four days|*나흘*이 걸리다|to take four days|*나흘* 전|four days ago
3010|11043|다이어트|명|diet|B|diet|*다이어트*를 하다|to go on a diet|*다이어트* 식단|diet menu|성공적인 *다이어트*|successful diet
3011|11408|중국집|명|中國-|B|Chinese restaurant|*중국집* 배달|Chinese restaurant delivery|단골 *중국집*|regular Chinese restaurant|*중국집*에서 짜장면|black bean noodles at a Chinese restaurant
3012|11424|지하도|명|地下道|B|underpass|*지하도*를 건너다|to cross the underpass|어두운 *지하도*|dark underpass|*지하도* 입구|underpass entrance
3013|11580|고속버스|명|高速bus|B|express bus|*고속버스*를 타다|to take an express bus|*고속버스* 터미널|express bus terminal|심야 *고속버스*|late-night express bus
3014|11721|뚱뚱하다|형||B|to be fat|몸이 *뚱뚱하다*|the body is fat|*뚱뚱한* 고양이|fat cat|예전보다 *뚱뚱해지다*|to get fatter than before
3015|11884|소포01|명|小包|B|parcel|*소포*를 보내다|to send a parcel|*소포*를 받다|to receive a parcel|우체국 *소포*|post office parcel
3016|11888|손녀|명|孫女|B|granddaughter|귀여운 *손녀*|cute granddaughter|*손녀*를 돌보다|to look after one's granddaughter|첫째 *손녀*|first granddaughter
3017|11936|아래층|명|-層|B|downstairs|*아래층* 이웃|downstairs neighbor|*아래층*으로 내려가다|to go downstairs|*아래층* 소음|downstairs noise
3018|12049|잠옷|명||B|pajamas|실크 *잠옷*|silk pajamas|*잠옷*을 입다|to put on pajamas|편한 *잠옷*|comfortable pajamas
3019|12051|장갑01|명|掌匣|B|gloves|가죽 *장갑*|leather gloves|*장갑*을 끼다|to wear gloves|털 *장갑*|wool gloves
3020|12428|동물원|명|動物園|B|zoo|*동물원* 구경|looking around the zoo|*동물원*에 가다|to go to the zoo|서울대공원 *동물원*|Seoul Grand Park Zoo
3021|12460|모레|명||B|the day after tomorrow|*모레* 아침|the morning of the day after tomorrow|*모레* 만나요|let's meet the day after tomorrow|내일이나 *모레*|tomorrow or the day after
3022|12576|생신02|명|生辰|B|birthday (honorific)|할머니 *생신*|grandmother's birthday|*생신* 축하드려요|happy birthday (to an elder)|어머니의 *생신*|mother's birthday
3023|12628|시내버스|명|市內bus|B|city bus|*시내버스* 요금|city bus fare|*시내버스*를 기다리다|to wait for the city bus|파란색 *시내버스*|blue city bus
3024|12746|우표|명|郵票|B|stamp|*우표*를 붙이다|to stick a stamp|*우표* 수집|stamp collecting|기념 *우표*|commemorative stamp
3025|13235|독일어|명|獨逸語|B|German language|*독일어*를 배우다|to learn German|*독일어* 전공|German major|쉬운 *독일어*|easy German
3026|13255|떡볶이|명||B|Tteokbokki|매운 *떡볶이*|spicy Tteokbokki|*떡볶이* 1인분|one serving of Tteokbokki|길거리 *떡볶이*|street Tteokbokki
3027|13671|이따가|부||B|later|*이따가* 봐요|see you later|*이따가* 전화할게|I'll call you later|*이따가* 오세요|please come later
3028|14028|강아지|명||B|puppy|귀여운 *강아지*|cute puppy|*강아지*를 키우다|to raise a puppy|강아지가 *짖다*|the puppy barks
3029|14205|닷새|명||B|five days|*닷새* 동안|for five days|*닷새*째 비가 오다|it's been raining for five days|*닷새* 만에|in five days
3030|14862|주차04|명|駐車|B|parking|*주차* 금지|no parking|*주차* 공간|parking space|*주차* 위반|parking violation
3031|15078|홍차|명|紅茶|B|black tea|따뜻한 *홍차*|warm black tea|*홍차* 한 잔|a cup of black tea|*홍차*에 설탕|sugar in black tea
3032|15856|연락처|명|連絡處|B|contact information|*연락처*를 남기다|to leave contact info|*연락처*가 바뀌다|contact info changed|*연락처*를 묻다|to ask for contact info
3033|15860|연세02|명|年歲|B|age (honorific)|*연세*가 많으시다|to be old (honorific)|*연세*가 어떻게 되세요?|how old are you? (honorific)|*연세*에 비해 젊다|to look young for one's age
3034|15946|위층|명|-層|B|upstairs|*위층* 사람|upstairs person|*위층*으로 올라가다|to go upstairs|*위층*에서 소음|noise from upstairs
3035|15996|인삼차|명|人蔘茶|B|ginseng tea|따뜻한 *인삼차*|warm ginseng tea|*인삼차*를 마시다|to drink ginseng tea|건강에 좋은 *인삼차*|healthy ginseng tea
3036|16217|초록색|명|草綠色|B|green|*초록색* 숲|green forest|*초록색* 잎|green leaf|*초록색*으로 칠하다|to paint in green
3037|16227|축구공|명|蹴球-|B|soccer ball|*축구공*을 차다|to kick a soccer ball|새 *축구공*|new soccer ball|*축구공*을 사다|to buy a soccer ball
3038|16599|김치찌개|명||B|Kimchi stew|*김치찌개*를 주문하다|to order Kimchi stew|얼큰한 *김치찌개*|spicy Kimchi stew|참치 *김치찌개*|tuna Kimchi stew
3039|16643|녹차01|명|綠茶|B|green tea|*녹차* 티백|green tea bag|*녹차* 아이스크림|green tea ice cream|진한 *녹차*|strong green tea
3040|16774|만두01|명|饅頭|B|dumpling|군*만두*|fried dumpling|*만두*를 빚다|to make dumplings|고기 *만두*|meat dumpling
3041|16889|발음하다01|동|發音-|B|to pronounce|정확하게 *발음하다*|to pronounce accurately|이름을 *발음하다*|to pronounce a name|*발음하기* 어렵다|to be hard to pronounce
3042|16943|복습하다|동|復習-|B|to review|수업을 *복습하다*|to review the lesson|매일 *복습하다*|to review every day|집에서 *복습했다*|reviewed at home
3043|17164|스케이트|명|skate|B|skates/skating|*스케이트*를 타다|to skate|아이스 *스케이트*|ice skates|*스케이트* 선수|skater
3044|18638|복습|명|復習|B|review|예습과 *복습*|preview and review|철저한 *복습*|thorough review|*복습* 시간|review time
3045|18828|성함|명|姓銜|B|name (honorific)|*성함*이 어떻게 되세요?|what is your name? (honorific)|*성함*을 적다|to write down the name|*성함*을 여쭈다|to ask for a name (honorific)
3046|18841|세탁소|명|洗濯所|B|laundry/dry cleaner|*세탁소*에 맡기다|to leave at the laundry|*세탁소* 아저씨|laundry shop owner|근처 *세탁소*|nearby laundry
3047|19150|운동복|명|運動服|B|sportswear/tracksuit|*운동복*을 입다|to wear sportswear|편한 *운동복*|comfortable tracksuit|*운동복* 차림|dressed in sports clothes
3048|19443|주차하다01|동|駐車-|B|to park|지하에 *주차하다*|to park in the basement|여기에 *주차해도* 돼요?|can I park here?|차를 *주차하다*|to park a car
3049|19549|청소기80|명|淸掃機|B|vacuum cleaner|*청소기*를 돌리다|to run the vacuum|무선 *청소기*|cordless vacuum|로봇 *청소기*|robot vacuum
3050|19748|필통|명|筆筒|B|pencil case|*필통*에 넣다|to put in a pencil case|예쁜 *필통*|pretty pencil case|*필통*을 열다|to open a pencil case
3051|19755|학생증|명|學生證|B|student ID|*학생증*을 보여주다|to show student ID|*학생증* 사진|student ID photo|*학생증*을 잃어버리다|to lose student ID
3052|20070|공항버스|명|空港bus|B|airport bus|*공항버스* 정류장|airport bus stop|*공항버스*를 놓치다|to miss the airport bus|인천 *공항버스*|Incheon airport bus
3053|23197|메일|명|mail|B|email|*메일*을 보내다|to send an email|*메일*을 확인하다|to check email|스팸 *메일*|spam email
3054|23601|빗01|명|~으로 빗다|B|comb|*빗*으로 머리를 빗다|to comb hair with a comb|나무 *빗*|wooden comb|*빗*을 사다|to buy a comb
3055|23768|설렁탕|명|-湯|B|Seolleongtang|*설렁탕* 한 그릇|a bowl of Seolleongtang|진한 *설렁탕* 국물|rich Seolleongtang broth|*설렁탕* 전문점|Seolleongtang specialty shop
3056|26135|까만색|명|-色|B|black|*까만색* 구두|black shoes|*까만색* 머리|black hair|*까만색*으로 칠하다|to paint in black
3057|27910|시아버지|명|媤-|B|father-in-law (for wife)|*시아버지*와 시어머니|father-in-law and mother-in-law|친절한 *시아버지*|kind father-in-law|*시아버지* 댁|father-in-law's house
3058|28328|영상03|명|零上|B|above zero|*영상* 십 도|ten degrees above zero|*영상* 날씨|weather above freezing|온도가 *영상*으로 올라가다|temperature rises above zero
3059|28328|예매하다01|동|豫買-|B|to book in advance|기차표를 *예매하다*|to book a train ticket|미리 *예매하다*|to book in advance|영화를 *예매했다*|booked a movie
3060|34770|억04|수|億|B|hundred million|일 *억* 원|one hundred million won|*억* 소리가 나다|to be a staggering amount|몇 *억*|hundreds of millions
3061|38470|갈비탕|명|-湯|B|short rib soup|뜨거운 *갈비탕*|hot short rib soup|*갈비탕*을 먹다|to eat short rib soup|고소한 *갈비탕*|savory short rib soup
3062|38923|검정색|명|-色|B|black|*검정색* 옷|black clothes|*검정색* 펜|black pen|*검정색* 자동차|black car
3063|57151|하얀색|명|-色|B|white|*하얀색* 셔츠|white shirt|*하얀색* 구름|white cloud|*하얀색* 눈|white snow
3064||강원도|고|江原道|B|Gangwon-do|*강원도* 여행|trip to Gangwon-do|*강원도* 감자|Gangwon-do potato|*강원도* 산불|Gangwon-do forest fire
3065||경기도|고|京畿道|B|Gyeonggi-do|*경기도* 주민|Gyeonggi-do resident|*경기도* 외곽|outskirts of Gyeonggi-do|*경기도*에 살다|to live in Gyeonggi-do
3066||경상도|고|慶尙道|B|Gyeongsang-do|*경상도* 사투리|Gyeongsang-do dialect|*경상도* 음식|Gyeongsang-do food|*경상도* 지방|Gyeongsang-do region
3067||광주|고|光州|B|Gwangju|*광주* 광역시|Gwangju Metropolitan City|*광주* 비엔날레|Gwangju Biennale|*광주*의 역사|history of Gwangju
3068||그렇게|불|그러하게|B|like that/so|*그렇게* 해|do it like that|*그렇게* 맵지 않아요|it's not that spicy|*그렇게* 생각하다|to think so
3069||김포공항|고|金浦空港|B|Gimpo Airport|*김포공항* 국내선|Gimpo Airport domestic line|*김포공항*에 도착하다|to arrive at Gimpo Airport|*김포공항*역|Gimpo Airport Station
3070||남산|고|南山|B|Namsan|*남산* 타워|Namsan Tower|*남산* 케이블카|Namsan cable car|*남산*에 오르다|to climb Namsan
3071||뉴욕|고|New York|B|New York|*뉴욕* 타임스|The New York Times|*뉴욕* 시내|downtown New York|*뉴욕*에 가고 싶다|to want to go to New York
3072||대구|고|大邱|B|Daegu|*대구* 사과|Daegu apple|*대구*의 더위|the heat of Daegu|*대구* 광역시|Daegu Metropolitan City
3073||대전|고|大田|B|Daejeon|*대전* 엑스포|Daejeon Expo|*대전*역|Daejeon Station|*대전*의 명물|Daejeon's famous thing
3074||대한민국|고|大韓民國|B|Republic of Korea|*대한민국* 국민|citizen of the Republic of Korea|*대한민국* 정부|Korean government|아름다운 *대한민국*|beautiful Republic of Korea
3075||덕수궁|고|德壽宮|B|Deoksugung|*덕수궁* 돌담길|Deoksugung stone wall path|*덕수궁* 관람|visiting Deoksugung|*덕수궁* 미술관|Deoksugung museum
3076||도쿄(동경)|고|東京|B|Tokyo|*도쿄* 도심|downtown Tokyo|*도쿄* 타워|Tokyo Tower|*도쿄* 여행|Tokyo trip
3077||동대문|고|東大門|B|Dongdaemun|*동대문* 근처|near Dongdaemun|*동대문* 역사문화공원|Dongdaemun History & Culture Park|*동대문*을 보다|to see Dongdaemun
3078||동대문시장|고|東大門市場|B|Dongdaemun Market|*동대문시장* 쇼핑|shopping at Dongdaemun Market|*동대문시장* 옷|clothes from Dongdaemun Market|밤의 *동대문시장*|Dongdaemun Market at night
3079||런던|고|London|B|London|*런던* 올림픽|London Olympics|*런던* 다리|London Bridge|*런던*의 날씨|London weather
3080||베이징(북경)|고|北京|B|Beijing|*베이징* 덕|Beijing duck|*베이징* 올림픽|Beijing Olympics|*베이징*의 역사|history of Beijing
3081||북한|고|北韓|B|North Korea|*북한* 핵|North Korean nuclear|*북한* 주민|North Korean residents|*북한*을 방문하다|to visit North Korea
3082||아시아|고|Asia|B|Asia|동*아시아*|East Asia|*아시아* 대륙|Asian continent|*아시아* 문화|Asian culture
3083||아프리카|고|Africa|B|Africa|*아프리카* 여행|Africa trip|*아프리카* 동물|African animals|*아프리카* 대륙|African continent
3084||울산|고|蔚山|B|Ulsan|*울산* 공업 단지|Ulsan industrial complex|*울산* 바다|Ulsan sea|*울산* 광역시|Ulsan Metropolitan City
3085||유럽|고|Europe|B|Europe|*유럽* 여행|Europe trip|동*유럽*|Eastern Europe|*유럽* 연합|European Union
3086||이렇게|불|이러하게|B|like this/in this way|*이렇게* 해봐|try doing it like this|*이렇게* 추운 날|such a cold day like this|*이렇게* 예쁘다니|to be this pretty
3087||인천공항|고|仁川空港|B|Incheon Airport|*인천공항* 면세점|Incheon Airport duty-free shop|*인천공항* 제2터미널|Incheon Airport Terminal 2|*인천공항* 버스|Incheon Airport bus
3088||저렇게|불|저러하게|B|like that/in that way|*저렇게* 멀리|so far away like that|*저렇게* 하지 마|don't do it like that|*저렇게* 생기다|to look like that
3089||전라도|고|全羅道|B|Jeolla-do|*전라도* 음식|Jeolla-do food|*전라도* 사투리|Jeolla-do dialect|*전라도* 지방|Jeolla-do region
3090||종로|고|鍾路|B|Jongno|*종로* 삼가|Jongno 3-ga|*종로* 거리|Jongno street|*종로*에 가다|to go to Jongno
3091||충청도|고|忠淸道|B|Chungcheong-do|*충청도* 인심|Chungcheong-do hospitality|*충청도* 양반|Chungcheong-do gentleman|*충청도* 말씨|Chungcheong-do accent
3092||파리|고|Paris|B|Paris|*파리*의 연인|Lovers in Paris|*파리* 에펠탑|Paris Eiffel Tower|*파리* 패션 위크|Paris Fashion Week
3093||한라산|고|漢拏山|B|Hallasan|*한라산* 등반|climbing Hallasan|제주도 *한라산*|Hallasan on Jeju Island|*한라산* 백록담|Baengnokdam of Hallasan
3094|69|그녀|대|-女|C|she/her|*그녀*의 목소리|her voice|*그녀*를 사랑하다|to love her|*그녀*는 학생이다|she is a student
3095|79|그러다|동||C|to do so|자꾸 *그러면* 안 돼|you shouldn't keep doing that|왜 *그러니*?|why are you doing that?|나도 *그럴* 생각이었다|I was planning to do so too
3096|136|정부08|명|政府|C|government|*정부* 기관|government agency|*정부*의 발표|government's announcement|지방 *정부*|local government
3097|180|새롭다|형||C|to be new|*새로운* 시작|new beginning|기분이 *새롭다*|to feel refreshed|*새롭게* 태어나다|to be born anew
3098|188|과정03|명|過程|C|process/course|제작 *과정*|production process|교육 *과정*|educational curriculum|복잡한 *과정*|complex process
3099|189|삶|명||C|life|행복한 *삶*|happy life|우리의 *삶*|our lives|*삶*의 지혜|wisdom of life
3100|236|생명|명|生命|C|life|*생명* 보험|life insurance|*생명*을 구하다|to save a life|소중한 *생명*|precious life
