Index|Korean|어/아/여|습니다/ㅂ니다|다/ㄴ다/는다|면/으면|English|Frequency|Korean Example Sentence|English Example Sentence Translation
2급 문법 5과 8항 8단어|보다|봐|봅니다|본다|보면|to see (whether it is properly seasoned) (간을 보다 means to taste something to see how it is seasoned)|13|요리할 때 간을 봐야 음식이 맛있어져요.|When cooking, you need to taste for seasoning so the food becomes delicious.
2급 문법 7과 9항 15단어|이렇다|이래|이렇습니다|이렇다|이러면|to be like this|17|날씨가 계속 이렇다면 소풍을 못 갈 것 같아요.|If the weather continues to be like this, I don't think we can go on the picnic.
2급 문법 7과 9항 10단어|그렇다|그래|그렇습니다|그렇다|그러면|to be like that|23|친구가 말한 것이 그렇다면 우리도 일찍 가야겠어요.|If what my friend said is like that, then we should also go early.
2급 문법 7과 9항 13단어|어떻다|어때|어떻습니다|어떻다|어떠면|how (it) is|31|새로 이사한 집이 어떤지 궁금해요.|I'm curious about how the newly moved house is.
2급 읽이 7과 2항 3단어|맞다 1|맞아|맞습니다|맞는다|맞으면|to fit|40|이 신발이 발에 맞는지 신어 볼까요?|Shall I try on these shoes to see if they fit my feet?
2급 문법 7과 9항 5단어|맞다 2|맞아|맞습니다|맞는다|맞으면|to be right or correct|40|선생님이 말씀하신 것이 맞다고 생각해요.|I think what the teacher said is correct.
2급 문법 20과 1항 3단어|그냥|||||just|45|시간이 없어서 그냥 편의점에서 샀어요.|I didn't have time so I just bought it at the convenience store.
2급 읽이 17과 1항 15단어|등|||||etc.|51|과일, 채소 등을 많이 먹어야 건강해져요.|You should eat a lot of fruits, vegetables, etc. to become healthy.
2급 읽이 6과 1항 9단어|여러분|||||all of you; ladies and gentlemen|73|여러분, 오늘 수업을 시작하겠습니다.|Everyone, let's begin today's class.
2급 문법 6과 3항 9단어|소리|||||sound|76|밤에 이상한 소리가 들려서 잠을 못 잤어요.|I couldn't sleep because I heard strange sounds at night.
2급 문법 2과 3항 7단어|마음|||||heart|80|마음이 편해지도록 음악을 들었어요.|I listened to music so my heart would feel at ease.
2급 읽이 1과 1항 7단어|처음|||||first|89|한국에 처음 왔을 때가 생각나요.|I remember when I first came to Korea.
2급 읽이 9과 1항 2단어|저희|||||we|91|저희가 준비한 음식을 드셔 보세요.|Please try the food that we prepared.
2급 읽이 5과 1항 22단어|말다 1|말아|맙니다 |만다|말면|to put into soup or mix with|95|밥을 국에 말아서 먹는 것을 좋아해요.|I like to mix rice into soup and eat it.
2급 문법 5과 3항 14단어|말다 2|말아|맙니다 |만다|말면|to roll|95|김밥을 만들 때 김을 꽉 말아야 해요.|When making gimbap, you need to roll the seaweed tightly.
2급 문법 18과 2항 4단어|정도|||||around|96|한 시간 정도 걸릴 것 같아요.|It will probably take around one hour.
2급 문법 6과 9항 13단어|들다 1|들어|듭니다|든다|들면|to hold|102|무거운 짐을 들고 계단을 올라갔어요.|I went up the stairs holding heavy luggage.
2급 문법 8과 3항 12단어|들다 2|들어|듭니다|든다|들면|to join|102|동아리에 들어가서 많은 친구를 만났어요.|I joined a club and met many friends.
2급 문법 8과 2항 4단어|시작하다|시작해|시작합니다|시작한다|시작하면|to start|103|새 학기가 시작하면 열심히 공부할 거예요.|When the new semester starts, I will study diligently.
2급 문법 20과 1항 1단어|계속|||||continuously|108|비가 계속 와서 소풍을 연기했어요.|The picnic was postponed because it kept raining continuously.
2급 읽이 5과 1항 5단어|넣다|넣어|넣습니다|넣는다|넣으면|to add or put in|109|요리에 소금을 좀 더 넣어 주세요.|Please add a little more salt to the dish.
2급 읽이 17과 2항 17단어|모습|||||appearance|118|할머니의 젊었을 때 모습이 궁금해요.|I'm curious about my grandmother's appearance when she was young.
2급 문법 4과 8항 7단어|놓다|놓아|놓습니다|놓는다|놓으면|to put or place|122|책상 위에 컴퓨터를 놓고 공부했어요.|I put the computer on the desk and studied.
2급 문법 10과 3항 6단어|잡다|잡아|잡습니다|잡는다|잡으면|to grasp or catch|135|넘어질 뻔해서 친구 손을 잡았어요.|I almost fell so I grabbed my friend's hand.
2급 읽이 4과 1항 19단어|중요하다|중요해|중요합니다|중요하다|중요하면|to be important|140|건강이 돈보다 더 중요하다고 생각해요.|I think health is more important than money.
2급 문법 2과 3항 10단어|얼굴|||||face|147|거울을 보면서 얼굴을 씻었어요.|I washed my face while looking in the mirror.
2급 문법 15과 1항 10단어|말 1|||||the end|154|영화가 끝날 말에 감동적인 장면이 나와요.|A touching scene appears at the end of the movie.
2급 문법 9과 3항 3단어|말 2|||||word|154|어려운 말보다 쉬운 말을 사용하세요.|Use simple words rather than difficult words.
2급 읽이 12과 1항 1단어|끝나다|끝나|끝납니다|끝난다|끝나면|to finish|155|숙제가 끝나면 친구와 놀 거예요.|When my homework is finished, I will play with my friend.
2급 문법 2과 3항 9단어|손|||||hand|156|찬물에 손을 넣었더니 너무 차가웠어요.|When I put my hand in cold water, it was very cold.
2급 읽이 16과 1항 1단어|속|||||inside or stomach|157|가방 속에서 열쇠를 찾을 수 없었어요.|I couldn't find the keys inside my bag.
2급 문법 15과 2항 2단어|이상 1|||||something wrong|158|컴퓨터에 이상이 생겨서 수리를 맡겼어요.|Something went wrong with my computer so I had it repaired.
2급 문법 16과 2항 14단어|이상 2|||||the above|158|위에서 말한 이상의 내용은 모두 중요해요.|All the content mentioned above is important.
2급 읽이 13과 2항 12단어|이상 3|||||past or above|158|한 시간 이상 기다렸지만 친구가 오지 않았어요.|I waited for more than an hour but my friend didn't come.
2급 문법 15과 1항 9단어|마지막|||||last|159|마지막 기회니까 열심히 해 보세요.|It's the last chance so please try your best.
2급 문법 11과 1항 18단어|줄|||||line|160|지하철역에서 표를 사려고 줄을 섰어요.|I stood in line to buy tickets at the subway station.
2급 문법 20과 1항 15단어|영상 1|||||video|161|유튜브에서 재미있는 영상을 봤어요.|I watched an interesting video on YouTube.
2급 읽이 20과 1항 19단어|영상 2|||||above zero degrees|161|내일 기온이 영상으로 올라갈 예정이에요.|The temperature is expected to rise above zero tomorrow.
2급 읽이 14과 2항 9단어|꼭|||||surely|163|약속 시간에 꼭 와야 해요.|You must surely come at the appointment time.
2급 읽이 5과 1항 6단어|찍다|찍어|찍습니다|찍는다|찍으면|to dip|168|과자를 커피에 찍어서 먹어 봤어요.|I tried dipping cookies in coffee and eating them.
2급 읽이 7과 2항 17단어|올리다 1|올려|올립니다|올린다|올리면|to place on top of something|170|책상 위에 꽃병을 올려 놓았어요.|I placed a flower vase on top of the desk.
2급 문법 17과 2항 19단어|올리다 2|올려|올립니다|올린다|올리면|to raise or lift up|170|무거운 상자를 높은 곳에 올렸어요.|I lifted the heavy box to a high place.
2급 읽이 8과 2항 11단어|끝|||||end|171|길의 끝에서 친구가 기다리고 있었어요.|My friend was waiting at the end of the road.
2급 읽이 10과 2항 2단어|저기|||||excuse me|180|저기, 실례합니다만 길 좀 물어봐도 될까요?|Excuse me, may I ask for directions?
2급 문법 7과 8항 6단어|첫|||||first|190|첫 인상이 정말 중요하다고 들었어요.|I heard that first impressions are really important.
2급 읽이 9과 2항 12단어|갑자기|||||suddenly or unexpectedly|195|갑자기 비가 내려서 우산을 샀어요.|It suddenly started raining so I bought an umbrella.
2급 문법 5과 9항 25단어|버리다|버려|버립니다|버린다|버리면|to throw away|196|쓰지 않는 옷을 버리려고 해요.|I'm planning to throw away clothes I don't wear.
2급 문법 13과 2항 19단어|높다|높아|높습니다|높다|높으면|to be high or tall|200|이 건물은 너무 높아서 올라가기 힘들어요.|This building is so high that it's difficult to go up.
2급 문법 15과 2항 15단어|아까|||||a short while ago|202|아까 전화하신 분이 다시 연락 드릴 거예요.|The person who called a short while ago will contact you again.
2급 읽이 5과 2항 16단어|방법|||||method|203|한국어를 빨리 배우는 방법을 알고 싶어요.|I want to know a method for learning Korean quickly.
2급 읽이 3과 2항 13단어|세계|||||world|205|전 세계에서 온 친구들을 만났어요.|I met friends from all over the world.
2급 문법 11과 1항 5단어|쪽|||||direction|210|학교 쪽으로 걸어가고 있었어요.|I was walking in the direction of the school.
2급 읽이 17과 1항 3단어|웃다|웃어|웃습니다|웃는다|웃으면|to laugh|216|재미있는 이야기를 들으면 웃게 돼요.|When I hear funny stories, I end up laughing.
2급 읽이 17과 1항 17단어|이후|||||after|217|졸업 이후에 취직 준비를 할 거예요.|After graduation, I will prepare for finding a job.
2급 읽이 4과 2항 14단어|사용하다|사용해|사용합니다|사용한다|사용하면|to use|224|새로운 앱을 사용해 보고 싶어요.|I want to try using a new app.
2급 읽이 5과 1항 12단어|직접|||||directly or personally|232|직접 만나서 이야기하는 것이 좋겠어요.|It would be better to meet directly and talk.
2급 문법 11과 1항 22단어|내다 1|내|냅니다|낸다|내면|to pay|236|카페에서 계산을 내고 나왔어요.|I paid the bill at the cafe and came out.
2급 문법 12과 2항 4단어|내다 2|내|냅니다|낸다|내면|to turn in|236|숙제를 선생님께 내야 해요.|I need to turn in my homework to the teacher.
2급 읽이 17과 1항 4단어|세상|||||world|246|이 세상에는 좋은 사람들이 많아요.|There are many good people in this world.
2급 문법 15과 2항 10단어|현재|||||present|247|현재 상황을 정확히 파악해야 해요.|We need to accurately understand the present situation.
2급 읽이 9과 1항 7단어|너희|||||you|248|너희는 언제 집에 갈 거야?|When are you going home?
2급 읽이 13과 2항 18단어|하루|||||one day|249|하루에 세 번 약을 먹어야 해요.|You need to take medicine three times a day.
2급 읽이 1과 2항 17단어|필요하다|필요해|필요합니다|필요하다|필요하면|to need|254|여행갈 때 여권이 필요해요.|You need a passport when traveling.
2급 문법 18과 1항 5단어|밤|||||night|261|밤에 공부하면 집중이 잘 돼요.|I can concentrate well when studying at night.
2급 읽이 6과 1항 12단어|특히|||||especially|262|한국 음식 중에서 특히 김치를 좋아해요.|Among Korean foods, I especially like kimchi.
2급 문법 2과 3항 2단어|목소리|||||voice|264|감기에 걸려서 목소리가 이상해요.|My voice is strange because I caught a cold.
2급 읽이 2과 1항 7단어|귀엽다|귀여워|귀엽습니다|귀엽다|귀여우면|to be cute|270|새로 태어난 아기가 정말 귀여워요.|The newborn baby is really cute.
2급 읽이 16과 2항 18단어|어린이|||||child|272|어린이들이 공원에서 즐겁게 놀고 있어요.|The children are playing happily in the park.
2급 읽이 10과 2항 3단어|음|||||um|277|음... 그 문제는 좀 어려워 보이네요.|Um... that problem looks a bit difficult.
2급 문법 9과 8항 3단어|후|||||after|279|식사 후에 커피를 마시는 습관이 있어요.|I have a habit of drinking coffee after meals.
2급 읽이 9과 2항 11단어|지키다|지켜|지킵니다|지킨다|지키면|to keep|284|약속 시간을 잘 지키는 사람이에요.|He's a person who keeps appointment times well.
2급 읽이 1과 1항 16단어|다니다|다녀|다닙니다|다닌다|다니면|to attend|285|대학교에 다니면서 아르바이트도 해요.|I work part-time while attending university.
2급 읽이 1과 1항 9단어|열심히|||||diligently|291|시험을 위해 열심히 공부하고 있어요.|I'm studying diligently for the exam.
2급 문법 14과 2항 11단어|확인하다|확인해|확인합니다|확인한다|확인하면|to confirm|292|예약을 확인하고 싶은데요.|I'd like to confirm my reservation.
2급 문법 13과 1항 5단어|잠시|||||a little while or moment|302|잠시만 기다려 주세요.|Please wait for just a moment.
2급 문법 6과 8항 3단어|항상|||||always|309|운동 후에는 항상 물을 마셔요.|I always drink water after exercising.
2급 읽이 7과 2항 2단어|비슷하다|비슷해|비슷합니다|비슷하다|비슷하면|to be similar|311|우리 취미가 비슷해서 대화가 잘 돼요.|Our hobbies are similar so we have good conversations.
2급 문법 15과 1항 6단어|남다|남아|남습니다|남는다|남으면|to remain|312|음식이 많이 남아서 냉장고에 넣었어요.|A lot of food remained so I put it in the refrigerator.
2급 읽이 13과 2항 13단어|가격|||||price|315|이 가방의 가격이 얼마인지 물어봤어요.|I asked how much the price of this bag is.
2급 읽이 9과 1항 14단어|원하다|원해|원합니다|원한다|원하면|to want|334|새로운 경험을 원하는 마음이 커요.|My desire to want new experiences is growing.
2급 읽이 7과 2항 19단어|넘다|넘어|넘습니다|넘는다|넘으면|to go over or exceed|335|예상보다 시간이 넘어서 늦었어요.|I was late because it went over the expected time.
2급 읽이 15과 1항 14단어|알리다|알려|알립니다|알린다|알리면|to let know or inform|338|중요한 소식을 친구들에게 알렸어요.|I informed my friends of the important news.
2급 문법 10과 3항 4단어|늘다|늘어|늡니다|는다|늘면|to increase or improve|340|한국어 실력이 점점 늘고 있어요.|My Korean skills are gradually improving.
2급 문법 20과 2항 3단어|오르다|올라|오릅니다|오른다|오르면|to go up|350|계단을 오르다가 숨이 찼어요.|I got out of breath while going up the stairs.
2급 읽이 7과 1항 16단어|모양|||||Appearance, form or shape|358|구름의 모양이 동물 같아 보여요.|The shape of the clouds looks like animals.
2급 읽이 9과 1항 3단어|선배|||||upperclassman or senior|359|대학교 선배에게 조언을 구했어요.|I asked my university senior for advice.
2급 문법 8과 8항 1단어|선배|||||senior|359|회사 선배가 점심을 사 주셨어요.|My senior at work bought me lunch.
2급 문법 10과 8항 5단어|전하다|전해|전합니다|전한다|전하면|to deliver or hand over|360|어머니의 안부를 친구에게 전했어요.|I delivered my mother's regards to my friend.
2급 읽이 9과 1항 4단어|전혀|||||entirely or not at all|364|그 영화는 전혀 재미있지 않았어요.|That movie was not interesting at all.
2급 읽이 1과 2항 21단어|관심|||||interest|366|환경 문제에 관심이 많아요.|I have a lot of interest in environmental issues.
2급 읽이 1과 1항 17단어|걱정|||||worry|367|시험 결과가 걱정이 돼요.|I'm worried about the exam results.
2급 문법 16과 1항 4단어|나다|나|납니다|난다|나면|to have|373|감기에 걸려서 열이 나요.|I have a fever because I caught a cold.
2급 읽이 7과 2항 13단어|의미|||||meaning|380|이 단어의 의미를 모르겠어요.|I don't know the meaning of this word.
2급 읽이 1과 2항 12단어|교수|||||professor|384|교수님께서 흥미로운 강의를 해 주셨어요.|The professor gave an interesting lecture.
2급 읽이 19과 1항 1단어|주변|||||nearby, the surroundings|392|학교 주변에 맛있는 식당이 많아요.|There are many delicious restaurants nearby the school.
2급 문법 10과 2항 3단어|설명하다|설명해|설명합니다|설명한다|설명하면|to explain|394|복잡한 문제를 쉽게 설명해 주세요.|Please explain the complex problem in an easy way.
2급 읽이 19과 1항 9단어|이용하다|이용해|이용합니다|이용한다|이용하면|to use|400|대중교통을 이용해서 학교에 다녀요.|I go to school using public transportation.
2급 읽이 3과 2항 2단어|행복하다|행복해|행복합니다|행복하다|행복하면|to be happy|401|가족과 함께 있을 때 행복해요.|I'm happy when I'm with my family.
2급 읽이 9과 1항 8단어|벌써|||||already|402|벌써 한 시간이 지났네요.|An hour has already passed.
2급 문법 2과 2항 4단어|도와주다|도와줘|도와줍니다|도와준다|도와주면|to help|404|무거운 짐을 들어서 도와줬어요.|I helped by carrying the heavy luggage.
2급 읽이 17과 1항 11단어|이상하다|이상해|이상합니다|이상하다|이상하면|to be strange|405|오늘 날씨가 이상해서 우산을 가져갔어요.|The weather is strange today so I brought an umbrella.
2급 문법 14과 2항 10단어|싸우다|싸워|싸웁니다|싸운다|싸우면|to fight|406|형제끼리 싸우지 말고 사이좋게 지내세요.|Don't fight between siblings and get along well.
2급 읽이 15과 2항 13단어|거리 1|||||distance|408|집에서 학교까지의 거리가 가까워요.|The distance from home to school is close.
2급 문법 3과 3항 1단어|거리 2|||||road or street|408|이 거리에는 카페가 많이 있어요.|There are many cafes on this street.
2급 읽이 1과 1항 12단어|곧|||||soon|410|곧 버스가 올 것 같아요.|I think the bus will come soon.
2급 문법 11과 2항 1단어|기사 1|||||driver|415|택시 기사님이 친절하게 설명해 주셨어요.|The taxi driver kindly explained to me.
2급 읽이 14과 1항 9단어|기사 2|||||news or article|415|신문에서 흥미로운 기사를 읽었어요.|I read an interesting article in the newspaper.
2급 읽이 3과 2항 16단어|냄새|||||smell or odor|416|맛있는 음식 냄새가 나서 배가 고파졌어요.|I got hungry because of the smell of delicious food.
2급 읽이 15과 1항 1단어|기회|||||opportunity|417|외국어를 배울 기회가 생겼어요.|I got an opportunity to learn a foreign language.
2급 문법 15과 1항 16단어|초|||||the beginning|419|영화 초부터 끝까지 재미있었어요.|The movie was interesting from the beginning to the end.
2급 문법 4과 9항 10단어|걸다|걸어|겁니다|건다|걸면|to hang|421|옷장에 코트를 걸어 놓았어요.|I hung the coat in the closet.
2급 읽이 12과 2항 15단어|편|||||counting word for movies, poems, or musicals|422|오늘 영화 두 편을 연속으로 봤어요.|I watched two movies in a row today.
2급 읽이 4과 1항 14단어|알아보다|알아봐|알아봅니다|알아본다|알아보면|to search or look into|429|새 아파트를 알아보러 부동산에 갔어요.|I went to a real estate office to look into a new apartment.
2급 문법 19과 2항 4단어|옛날|||||ancient times, long ago|436|옛날에는 편지로 소식을 전했어요.|In ancient times, people delivered news by letter.
2급 문법 2과 3항 11단어|입|||||mouth|439|뜨거운 음식을 먹어서 입이 아파요.|My mouth hurts because I ate hot food.
2급 읽이 13과 1항 7단어|뽑다|뽑아|뽑습니다|뽑는다|뽑으면|to pull out|444|은행에서 돈을 뽑으려고 갔어요.|I went to the bank to pull out money.
2급 읽이 17과 1항 13단어|즐기다|즐겨|즐깁니다|즐긴다|즐기면|to enjoy or have a good time|445|친구들과 함께 파티를 즐겼어요.|I enjoyed the party with my friends.
2급 문법 12과 1항 1단어|자꾸|||||frequently|455|자꾸 같은 실수를 반복하고 있어요.|I'm frequently repeating the same mistake.
2급 읽이 18과 2항 7단어|관계|||||relationship|458|좋은 관계를 유지하는 것이 중요해요.|It's important to maintain good relationships.
2급 문법 12과 2항 5단어|결과|||||result|459|열심히 공부한 결과 좋은 성적을 받았어요.|As a result of studying hard, I got good grades.
2급 문법 17과 2항 18단어|키우다|키워|키웁니다|키운다|키우면|to bring up or raise|461|강아지를 키우는 것이 쉽지 않아요.|Raising a puppy is not easy.
2급 읽이 1과 2항 24단어|이해하다|이해해|이해합니다|이해한다|이해하면|to understand|466|선생님의 설명을 이해할 수 있었어요.|I was able to understand the teacher's explanation.
2급 읽이 15과 1항 4단어|분위기|||||atmosphere|469|카페의 분위기가 아늑하고 좋아요.|The atmosphere of the cafe is cozy and nice.
2급 문법 9과 2항 4단어|지나다|지나|지납니다|지난다|지나면|to pass|470|시간이 너무 빨리 지나가는 것 같아요.|It seems like time passes by too quickly.
2급 문법 15과 1항 18단어|꺼내다|꺼내|꺼냅니다|꺼낸다|꺼내면|to take out or bring up|483|가방에서 열쇠를 꺼내려고 했어요.|I tried to take out the keys from my bag.
2급 읽이 16과 1항 4단어|환자|||||patient|489|병원에 환자가 많이 와서 기다렸어요.|Many patients came to the hospital so I waited.
2급 읽이 16과 1항 11단어|검사|||||exam|495|건강 검사를 받으러 병원에 갔어요.|I went to the hospital to receive a health exam.
2급 읽이 11과 2항 18단어|돌리다|돌려|돌립니다|돌린다|돌리면|to turn around|497|문 손잡이를 돌려서 문을 열었어요.|I turned the door handle and opened the door.
2급 읽이 1과 2항 14단어|멋있다|멋있어|멋있습니다|멋있다|멋있으면|to be fashionable, cool or gorgeous|498|새로 산 옷이 정말 멋있어요.|The newly bought clothes are really cool.
2급 읽이 7과 1항 8단어|어울리다|어울려|어울립니다|어울린다|어울리면|to match with or go together|499|그 색깔이 당신에게 잘 어울려요.|That color matches you well.
2급 문법 14과 2항 1단어|방금|||||just now|507|방금 친구에게서 전화가 왔어요.|I just received a call from my friend.
2급 읽이 4과 1항 13단어|잊다|잊어|잊습니다|잊는다|잊으면|to forget|509|중요한 약속을 잊어버릴 뻔했어요.|I almost forgot an important appointment.
2급 읽이 20과 2항 13단어|짜증나다|짜증나|짜증납니다|짜증난다|짜증나면|to be irritated|512.424780405127|교통이 막혀서 짜증이 나요.|I'm irritated because the traffic is jammed.
2급 문법 17과 2항 2단어|치다|쳐|칩니다|친다|치면|to play (the piano)|513|어렸을 때 피아노를 치는 것을 좋아했어요.|I liked playing the piano when I was young.
2급 읽이 20과 2항 12단어|방송|||||broadcasting|515|저녁 뉴스 방송을 보는 습관이 있어요.|I have a habit of watching the evening news broadcast.
2급 읽이 4과 2항 7단어|새로|||||newly|515.009138849564|새로 이사한 집이 마음에 들어요.|I like the newly moved house.
2급 읽이 19과 2항 14단어|마을|||||village|519|할머니께서 사시는 마을에 놀러 갔어요.|I went to visit the village where my grandmother lives.
2급 문법 9과 2항 5단어|그래|||||yes|522.503819665872|친구가 도와달라고 해서 그래라고 했어요.|My friend asked for help so I said yes.
2급 문법 1과 2항 4단어|점점|||||eventually|524|한국어가 점점 늘고 있는 것 같아요.|It seems like my Korean is gradually improving.
2급 문법 17과 1항 3단어|아무리|||||no matter how|525|아무리 바빠도 건강을 챙겨야 해요.|No matter how busy you are, you need to take care of your health.
2급 읽이 1과 1항 21단어|일기|||||journal|528.823341592215|매일 일기를 쓰는 습관을 만들고 싶어요.|I want to develop a habit of writing a journal every day.
2급 읽이 19과 2항 2단어|단체 관광|||||group tour|529.190927161835|단체 관광으로 제주도에 다녀왔어요.|I went to Jeju Island on a group tour.
2급 읽이 6과 1항 8단어|손님|||||customer|531|식당에 손님이 많아서 기다려야 했어요.|There were many customers at the restaurant so we had to wait.
2급 문법 13과 2항 11단어|우편번호|||||zip code|538.46462292131|택배를 보낼 때 우편번호를 정확히 써야 해요.|You need to write the zip code correctly when sending a package.
2급 문법 19과 2항 11단어|자유여행|||||free traveling|541.84854158666|이번에는 자유여행으로 유럽에 가고 싶어요.|This time I want to go to Europe on a free travel trip.
2급 문법 20과 2항 18단어|왜냐하면|||||because|544|늦었어요. 왜냐하면 버스가 오지 않았거든요.|I was late because the bus didn't come.
2급 문법 11과 1항 9단어|노약자석|||||seats for the elderly|545.637251925655|지하철에서 노약자석에 앉으면 안 돼요.|You shouldn't sit in the seats for the elderly on the subway.
2급 읽이 19과 1항 3단어|여행 기간|||||travel period|545.799456420355|여행 기간이 짧아서 아쉬웠어요.|The travel period was short so it was disappointing.
2급 읽이 11과 2항 16단어|주차료|||||parking fee|547.955959918909|백화점 주차료가 너무 비싸서 놀랐어요.|I was surprised because the department store parking fee was too expensive.
2급 읽이 16과 1항 17단어|콧물이 나다|콧물이 나|콧물이 납니다|콧물이 난다|콧물이 나면|to have a runny nose|549.926495994441|감기에 걸려서 콧물이 나요.|I have a runny nose because I caught a cold.
2급 읽이 1과 2항 4단어|천문우주학|||||astronomy|550.908058299683|어릴 때부터 천문우주학에 관심이 많았어요.|I've been interested in astronomy since I was young.
2급 문법 17과 1항 13단어|만화영화|||||animated film|553.623889223672|주말에 아이들과 만화영화를 봤어요.|I watched an animated film with the children on the weekend.
2급 읽이 5과 1항 31단어|프라이드치킨|||||fried chicken|554.915496031754|친구들과 프라이드치킨을 시켜서 먹었어요.|I ordered fried chicken with my friends and ate it.
2급 읽이 4과 1항 4단어|싸다 1|싸|쌉니다|싼다|싸면|to pack|555|여행갈 때 옷을 가방에 싸야 해요.|You need to pack clothes in your bag when traveling.
2급 문법 4과 3항 8단어|싸다 2|싸|쌉니다|싼다|싸면|to be cheap|555|이 가게 물건이 다른 곳보다 싸요.|The items in this store are cheaper than other places.
2급 읽이 14과 1항 11단어|위험하다|위험해|위험합니다|위험하다|위험하면|to be dangerous|561|혼자 밤늦게 다니는 것은 위험해요.|Walking alone late at night is dangerous.
2급 문법 13과 1항 17단어|(돈을) 찾다|(돈을) 찾아|(돈을) 찾습니다|(돈을) 찾는다|(돈을) 찾으면|to withdraw (money)|562.174478895031|은행에서 돈을 찾으려고 갔어요.|I went to the bank to withdraw money.
2급 문법 7과 9항 16단어|저렇다|저래|저렇습니다|저렇다|저러면|to be like that|563|날씨가 저렇다면 우산을 가져가야겠어요.|If the weather is like that, I should bring an umbrella.
2급 읽이 5과 2항 1단어|면|||||noodles|566|점심으로 면을 끓여서 먹었어요.|I boiled noodles and ate them for lunch.
2급 읽이 10과 1항 14단어|적다|적어|적습니다|적는다|적으면|to write|568|중요한 내용을 공책에 적어 뒀어요.|I wrote down important content in my notebook.
2급 읽이 19과 1항 4단어|-박 -일|||||_days and _ nights|570.346147404052|제주도에 2박 3일로 여행을 갔어요.|I went on a 2 nights 3 days trip to Jeju Island.
2급 읽이 13과 1항 13단어|인터넷 전문은행|||||Internet-only bank|572.218322544359|인터넷 전문은행을 이용하면 편리해요.|It's convenient to use an Internet-only bank.
2급 읽이 11과 2항 13단어|기억에 남다|기억에 남아|기억에 남습니다|기억에 남는다|기억에 남으면|to remain in one's memory|574.939801241271|첫 해외여행이 아직도 기억에 남아요.|My first overseas trip still remains in my memory.
2급 문법 12과 1항 10단어|대답하다|대답해|대답합니다|대답한다|대답하면|to reply or answer|576|선생님 질문에 정확히 대답했어요.|I answered the teacher's question accurately.
2급 읽이 1과 1항 8단어|즐겁다|즐거워|즐겁습니다|즐겁다|즐거우면|to be happy, enjoyable or fun|577|친구들과 보낸 시간이 정말 즐거웠어요.|The time spent with friends was really enjoyable.
2급 읽이 10과 2항 8단어|체크카드|||||debit card|578.687406494282|현금 대신 체크카드로 계산했어요.|I paid with a debit card instead of cash.
2급 읽이 15과 1항 11단어|성함|||||name|579.440335859545|성함이 어떻게 되세요?|What is your name?
2급 읽이 2과 1항 12단어|교육학|||||educational studies|582.086590002291|대학교에서 교육학을 전공하고 있어요.|I'm majoring in educational studies at university.
2급 읽이 10과 1항 1단어|부탁을 하다|부탁을 해|부탁을 합니다|부탁을 한다|부탁을 하면|to ask a favor or make a request|582.461110665463|친구에게 숙제 도움을 부탁했어요.|I asked my friend for help with homework.
2급 읽이 4과 1항 18단어|밝다|밝아|밝습니다|밝다|밝으면|to be bright|583|이 방은 창문이 커서 밝아요.|This room is bright because the windows are large.
2급 읽이 1과 2항 25단어|생기다|생겨|생깁니다|생긴다|생기면|to come into being|595|새로운 친구가 생겨서 기뻐요.|I'm happy because I made a new friend.
2급 문법 11과 1항 2단어|을지로입구역|||||Euljiro-ipgu Station|595.070413430221|을지로입구역에서 친구를 만났어요.|I met my friend at Euljiro-ipgu Station.
2급 읽이 2과 1항 10단어|안경을 끼다|안경을 껴|안경을 낍니다|안경을 낀다|안경을 끼면|to wear glasses|595.35186982248|책을 읽을 때 안경을 껴야 해요.|I need to wear glasses when reading books.
2급 문법 18과 2항 10단어|매달|||||every month|595.913263852708|매달 용돈을 받아서 저축하고 있어요.|I receive allowance every month and am saving it.
2급 읽이 13과 1항 1단어|현금 자동 인출기|||||automatic teller machine (ATM)|597.801450989209|현금 자동 인출기에서 돈을 뽑았어요.|I withdrew money from the ATM.
2급 문법 16과 2항 2단어|다치다|다쳐|다칩니다|다친다|다치면|to get hurt or injured|599|운동하다가 다쳐서 병원에 갔어요.|I got injured while exercising so I went to the hospital.
2급 문법 1과 2항 2단어|오랜만이다|오랜만이야|오랜만입니다|오랜만이다|오랜만이면|long time no see|600.958345574327|친구를 만나니까 정말 오랜만이에요.|It's really been a long time since I met my friend.
2급 읽이 12과 1항 13단어|천천히|||||slowly|602|길이 미끄러우니까 천천히 걸으세요.|The road is slippery so please walk slowly.
2급 읽이 3과 2항 15단어|와이키키 해변|||||Waikiki beach|602.854346041568|하와이 여행에서 와이키키 해변에 갔어요.|I went to Waikiki beach during my Hawaii trip.
2급 읽이 16과 2항 13단어|평소|||||usually|606|평소보다 일찍 일어났어요.|I woke up earlier than usual.
2급 읽이 10과 1항 4단어|부탁을 들어주다|부탁을 들어줘|부탁을 들어줍니다|부탁을 들어준다|부탁을 들어주면|to do a favor or fulfill a request|606.430481770076|친구의 부탁을 들어줘서 고마웠어요.|I was grateful to fulfill my friend's request.
2급 읽이 10과 2항 18단어|지나가다|지나가|지나갑니다|지나간다|지나가면|to go past|607|버스 정류장을 지나가서 돌아와야 했어요.|I had to come back because I went past the bus stop.
2급 읽이 12과 2항 13단어|오리엔테이션|||||orientation|611.242129583843|새 학기 오리엔테이션에 참석했어요.|I attended the new semester orientation.
2급 문법 12과 1항 7단어|기억하다|기억해|기억합니다|기억한다|기억하면|to remember|612|어릴 때 일을 잘 기억해요.|I remember things from when I was young well.
2급 문법 16과 2항 6단어|바르다|발라|바릅니다|바른다|바르면|to apply|613|햇볕에 나가기 전에 선크림을 발랐어요.|I applied sunscreen before going out in the sun.
2급 문법 15과 2항 7단어|과거|||||past|615|과거의 경험이 지금에 도움이 돼요.|Past experiences help me now.
2급 문법 8과 9항 3단어|샤부샤부|||||shabu shabu|615.695919957943|친구들과 샤부샤부를 먹으러 갔어요.|I went to eat shabu shabu with my friends.
2급 읽이 10과 1항 9단어|설명|||||explanation|616|복잡한 설명을 듣고 이해했어요.|I understood after hearing the complex explanation.
2급 문법 16과 2항 5단어|건강보험|||||health insurance|616.873375489377|직장인은 건강보험에 가입해야 해요.|Office workers must enroll in health insurance.
2급 읽이 1과 1항 15단어|오랜만|||||after a long time|618|오랜만에 고향에 가서 부모님을 뵈었어요.|I visited my hometown after a long time and met my parents.
2급 문법 8과 9항 1단어|꽃바구니|||||flower basket|618.585433461703|졸업식에 꽃바구니를 선물받았어요.|I received a flower basket as a gift at the graduation ceremony.
2급 읽이 10과 1항 11단어|걱정하다|걱정해|걱정합니다|걱정한다|걱정하면|to worry|622|시험 결과를 걱정하고 있어요.|I'm worrying about the exam results.
2급 읽이 12과 2항 4단어|신청 결과|||||registration result|622.085326001979|대학교 신청 결과를 기다리고 있어요.|I'm waiting for the university application result.
2급 문법 12과 1항 12단어|발표하다|발표해|발표합니다|발표한다|발표하면|to announce or make a presentation|623|다음 주에 프로젝트를 발표해야 해요.|I need to make a presentation on the project next week.
2급 읽이 7과 1항 9단어|에스엔에스(SNS)|||||social networking service|623.381552635692|에스엔에스에서 친구들의 소식을 봐요.|I see my friends' news on social networking services.
2급 읽이 1과 2항 3단어|국어국문학|||||Korean language and literature|629.268102697097|대학교에서 국어국문학을 공부했어요.|I studied Korean language and literature at university.
2급 문법 19과 1항 19단어|팬|||||fan|630|그 가수의 열성적인 팬이에요.|I'm an enthusiastic fan of that singer.
2급 읽이 16과 1항 9단어|열이 나다|열이 나|열이 납니다|열이 난다|열이 나면|to have a fever|631.793793407269|아이가 열이 나서 병원에 갔어요.|The child had a fever so we went to the hospital.
2급 문법 8과 8항 5단어|주방용품|||||kitchen products|637.957607046701|새 집으로 이사해서 주방용품을 샀어요.|I moved to a new house and bought kitchen products.
2급 읽이 3과 1항 5단어|도시|||||city|638|시골보다 도시가 편리해요.|Cities are more convenient than the countryside.
2급 읽이 20과 1항 11단어|차이|||||difference|641|두 제품의 차이를 비교해 봤어요.|I compared the difference between the two products.
2급 읽이 5과 2항 9단어|따로|||||separately|642|음식을 따로 포장해 달라고 했어요.|I asked them to pack the food separately.
2급 읽이 2과 2항 15단어|태어나다|태어나|태어납니다|태어난다|태어나면|to be born|643|한국에서 태어나서 한국어를 잘해요.|I was born in Korea so I speak Korean well.
2급 읽이 20과 2항 16단어|땀 흘리다|땀 흘려|땀 흘립니다|땀 흘린다|땀 흘리면|to sweat|644.095927593298|운동을 열심히 해서 땀을 많이 흘렸어요.|I exercised hard and sweated a lot.
2급 문법 15과 2항 16단어|앞으로|||||in the future|648.472490604036|앞으로 더 열심히 공부할 계획이에요.|I plan to study harder in the future.
2급 읽이 12과 2항 12단어|정확하다|정확해|정확합니다|정확하다|정확하면|to be correct or exact|656|시간을 정확히 지키는 것이 중요해요.|It's important to keep time exactly.
2급 읽이 2과 1항 4단어|목소리가 좋다|목소리가 좋아|목소리가 좋습니다|목소리가 좋다|목소리가 좋으면|to have a good voice|656.716656987555|그 가수는 목소리가 좋아서 인기가 많아요.|That singer is popular because they have a good voice.
2급 읽이 9과 1항 12단어|드디어|||||finally|657|드디어 시험이 끝나서 기뻐요.|I'm happy because the exam is finally over.
2급 문법 11과 1항 12단어|스크린도어|||||screen door|659.296070807613|지하철역에 스크린도어가 설치되어 있어요.|Screen doors are installed at the subway station.
2급 문법 14과 2항 12단어|가까이|||||near or nearby|661|학교 가까이에 살고 있어요.|I live near the school.
2급 읽이 12과 2항 16단어|관심이 있다|관심이 있어|관심이 있습니다|관심이 있다|관심이 있으면|to have an interest|663.180673844181|음악에 관심이 있어서 악기를 배우고 있어요.|I have an interest in music so I'm learning an instrument.
2급 읽이 2과 1항 15단어|성격이 밝다|성격이 밝아|성격이 밝습니다|성격이 밝다|성격이 밝으면|to have a bright personality|663.195893052034|친구는 성격이 밝아서 사람들이 좋아해요.|People like my friend because they have a bright personality.
2급 읽이 20과 2항 9단어|여의도공원|||||Yeouido Park|664.620520197786|주말에 여의도공원에서 산책했어요.|I took a walk in Yeouido Park on the weekend.
2급 문법 16과 1항 2단어|두통|||||headache|665.168128558435|스트레스를 받으면 두통이 생겨요.|I get headaches when I'm stressed.
2급 문법 3과 9항 7단어|화가 나다|화가 나|화가 납니다|화가 난다|화가 나면|to be angry|665.717429597862|친구가 약속을 안 지켜서 화가 났어요.|I got angry because my friend didn't keep their promise.
2급 문법 8과 9항 5단어|세제|||||detergent|665.893891709857|설거지할 때 세제를 사용해요.|I use detergent when washing dishes.
2급 문법 18과 1항 1단어|경험|||||experience|668|외국에서 살아본 경험이 있어요.|I have experience living in a foreign country.
2급 문법 2과 8항 3단어|이모|||||aunt on the mother's side|668.43415342737|이모가 맛있는 음식을 만들어 주셨어요.|My aunt made delicious food for me.
2급 읽이 4과 1항 15단어|마음에 들다|마음에 들어|마음에 듭니다|마음에 든다|마음에 들면|to like|668.828904978|새로 산 옷이 마음에 들어요.|I like the newly bought clothes.
2급 읽이 1과 2항 5단어|돕다|도와|돕습니다|돕는다|도우면|to help|669|어려운 일이 있으면 도와드릴게요.|If you have any difficulties, I'll help you.
2급 읽이 11과 1항 8단어|특실|||||first class|673.409621347673|기차 특실 표를 예약했어요.|I reserved a first class train ticket.
2급 읽이 9과 1항 22단어|살|||||years or age|675|우리 아이가 올해 다섯 살이에요.|Our child is five years old this year.
2급 읽이 9과 2항 9단어|살|||||years old|675|형은 저보다 세 살 많아요.|My older brother is three years older than me.
2급 문법 13과 1항 7단어|공과금|||||utility bill|675.535370712169|매달 공과금을 인터넷으로 납부해요.|I pay utility bills online every month.
2급 문법 16과 2항 9단어|기침약|||||cough medicine|676.499302615412|기침이 심해서 기침약을 샀어요.|My cough was severe so I bought cough medicine.
2급 문법 19과 2항 5단어|신기하다|신기해|신기합니다|신기하다|신기하면|to be wonderful or marvelous|679|마술쇼를 보니까 정말 신기했어요.|The magic show was really wonderful to watch.
2급 읽이 5과 1항 29단어|선택하다|선택해|선택합니다|선택한다|선택하면|to choose|684|메뉴가 많아서 선택하기 어려워요.|There are many menu items so it's difficult to choose.
2급 문법 13과 1항 6단어|계좌번호|||||account number|689.399320050143|송금할 때 계좌번호를 정확히 써야 해요.|You need to write the account number correctly when transferring money.
2급 읽이 1과 2항 18단어|및|||||and|691|학생 및 학부모님들이 참석하실 예정입니다.|Students and parents are expected to attend.
2급 문법 16과 1항 16단어|뜨겁다|뜨거워|뜨겁습니다|뜨겁다|뜨거우면|to be hot|692|커피가 너무 뜨거워서 식혀서 마셨어요.|The coffee was too hot so I let it cool before drinking.
2급 읽이 15과 2항 16단어|배달비|||||delivery fee|692.212484660558|배달비가 비싸서 직접 가서 사왔어요.|The delivery fee was expensive so I went and bought it myself.
2급 문법 17과 1항 14단어|전쟁영화|||||war movie|693.057935801335|아버지는 전쟁영화를 좋아하세요.|My father likes war movies.
2급 문법 11과 2항 7단어|세우다|세워|세웁니다|세운다|세우면|to stop|694|빨간불에서 차를 세워야 해요.|You need to stop the car at a red light.
2급 문법 18과 1항 7단어|낮|||||day, daytime|695|낮에는 따뜻하지만 밤에는 추워요.|It's warm during the day but cold at night.
2급 문법 1과 9항 8단어|영문학|||||English literature|697.77840457391|대학교에서 영문학을 전공했어요.|I majored in English literature at university.
2급 읽이 8과 1항 14단어|미리|||||in advance, ahead of time|698|시험을 미리 준비해서 걱정이 없어요.|I prepared for the exam in advance so I'm not worried.
2급 읽이 10과 1항 6단어|고장 나다|고장 나|고장 납니다|고장 난다|고장 나면|to break|702.245963388123|세탁기가 고장 나서 수리를 맡겼어요.|The washing machine broke so I had it repaired.
2급 읽이 4과 2항 6단어|나중에|||||later|703.250835533254|시간이 없어서 나중에 하기로 했어요.|I don't have time so I decided to do it later.
2급 읽이 5과 2항 17단어|두부|||||tofu|704.860517871566|채식주의자라서 두부를 자주 먹어요.|I'm a vegetarian so I often eat tofu.
2급 읽이 20과 1항 20단어|도|||||degree|705|오늘 기온이 영하 5도까지 내려갔어요.|Today's temperature dropped to minus 5 degrees.
2급 문법 20과 1항 7단어|미세먼지|||||fine dust|706.842020037584|미세먼지가 심해서 마스크를 썼어요.|The fine dust was severe so I wore a mask.
2급 문법 15과 1항 5단어|선택|||||selection or choice|709|어려운 선택을 해야 하는 상황이에요.|It's a situation where I have to make a difficult choice.
2급 읽이 16과 1항 13단어|짓다|지어|짓습니다|짓는다|지으면|to make or build|711|새 집을 짓는 데 1년이 걸렸어요.|It took one year to build a new house.
2급 문법 2과 3항 4단어|어깨|||||shoulder|713|무거운 가방을 메고 어깨가 아파요.|My shoulder hurts from carrying a heavy bag.
2급 읽이 2과 2항 8단어|이모|||||aunt (sister of one's mother)|724.003003793769|이모 집에 놀러 가는 것이 즐거워요.|It's fun to visit my aunt's house.
2급 문법 16과 1항 3단어|붓다¹|부어|붓습니다|붓는다|부으면|to swell up|725.68393999245|다쳐서 발목이 부어올랐어요.|My ankle swelled up because I got injured.
2급 문법 14과 1항 6단어|속도|||||speed|727|차의 속도를 줄여서 천천히 갔어요.|I reduced the car's speed and went slowly.
2급 읽이 2과 2항 4단어|큰어머니|||||aunt (wife of one's father's older brother)|730.050443788059|추석에 큰어머니 댁에 갔어요.|I went to my aunt's house during Chuseok.
2급 문법 18과 1항 3단어|벌다|벌어|법니다 |번다|벌면|to make or earn (money)|733|아르바이트를 해서 용돈을 벌고 있어요.|I'm earning pocket money by working part-time.
2급 읽이 17과 1항 5단어|장면|||||scene|738|영화에서 가장 감동적인 장면이었어요.|It was the most touching scene in the movie.
2급 읽이 16과 1항 8단어|기침을 하다|기침을 해|기침을 합니다|기침을 한다|기침을 하면|to cough|741.912474273704|감기에 걸려서 계속 기침을 해요.|I keep coughing because I caught a cold.
2급 읽이 16과 1항 14단어|낫다|나아|낫습니다|낫는다|나으면|to recover or get well|744|약을 먹으니까 감기가 나았어요.|My cold got better after taking medicine.
2급 문법 17과 1항 8단어|동물|||||animal|745|동물원에서 여러 동물을 봤어요.|I saw various animals at the zoo.
2급 읽이 6과 2항 5단어|축구화|||||soccer shoes|748.721306561492|축구를 하려면 축구화가 필요해요.|You need soccer shoes to play soccer.
2급 문법 16과 1항 23단어|피|||||blood|750|다쳐서 피가 나고 있어요.|I'm bleeding because I got hurt.
2급 문법 9과 9항 13단어|일흔|||||seventy|753.287823754363|할아버지는 올해 일흔 살이세요.|My grandfather is seventy years old this year.
2급 읽이 5과 1항 10단어|만두|||||steamed bun or dumpling|759.081537253223|추운 날에는 따뜻한 만두가 맛있어요.|Hot dumplings are delicious on cold days.
2급 문법 19과 2항 6단어|가족여행|||||family trip|760.208384715952|여름휴가 때 가족여행을 계획하고 있어요.|I'm planning a family trip during summer vacation.
2급 문법 18과 2항 8단어|매주|||||every week|765.572301927023|매주 토요일에 테니스를 쳐요.|I play tennis every Saturday.
2급 읽이 9과 1항 9단어|그래|||||yes or okay|770.259956945665|친구가 같이 가자고 해서 그래라고 했어요.|My friend suggested going together so I said okay.
2급 문법 7과 2항 3단어|유행이다|유행이야|유행입니다|유행이다|유행이면|to be in fashion|774.950555409305|요즘 긴 머리가 유행이에요.|Long hair is in fashion these days.
2급 읽이 9과 2항 16단어|금방|||||soon or at once|778|숙제를 금방 끝낼 수 있을 것 같아요.|I think I can finish my homework soon.
2급 문법 15과 2항 6단어|금방|||||right away|778|금방 돌아올 테니까 기다려 주세요.|I'll be back right away so please wait.
2급 문법 6과 3항 7단어|대회|||||conference or convention|788|다음 달에 수학 대회가 있어요.|There's a math competition next month.
2급 읽이 1과 2항 11단어|컴퓨터공학|||||computer engineering|788.205530145206|동생이 컴퓨터공학을 전공하고 있어요.|My younger sibling is majoring in computer engineering.
2급 읽이 4과 1항 17단어|어둡다|어두워|어둡습니다|어둡다|어두우면|to be dark|790|밤이 어두워서 손전등을 켰어요.|The night was dark so I turned on a flashlight.
2급 읽이 4과 2항 13단어|건물|||||building|792|우리 학교는 새 건물이 생겼어요.|Our school has a new building.
2급 읽이 18과 2항 8단어|걱정이 되다|걱정이 돼|걱정이 됩니다|걱정이 된다|걱정이 되면|to be worried|792.795875458978|시험 결과가 걱정이 돼요.|I'm worried about the exam results.
2급 문법 7과 3항 13단어|뛰다|뛰어|뜁니다|뛴다|뛰면|to run or jump|793|버스를 놓칠까 봐 뛰어갔어요.|I ran because I was afraid of missing the bus.
2급 읽이 18과 2항 4단어|사업을 하다|사업을 해|사업을 합니다|사업을 한다|사업을 하면|to do business|794.103031628765|아버지는 음식점 사업을 하세요.|My father does restaurant business.
2급 읽이 3과 2항 18단어|특별하다|특별해|특별합니다|특별하다|특별하면|to be special|796|오늘은 특별한 날이라서 케이크를 샀어요.|Today is a special day so I bought a cake.
2급 문법 1과 3항 1단어|광고 회사|||||advertising company|797.503045178019|친구가 광고 회사에서 일하고 있어요.|My friend works at an advertising company.
2급 읽이 10과 2항 12단어|출입국관리사무소|||||Immigration Office|797.731836210005|비자 연장을 위해 출입국관리사무소에 갔어요.|I went to the Immigration Office for visa extension.
2급 문법 8과 9항 15단어|박수를 치다|박수를 쳐|박수를 칩니다|박수를 친다|박수를 치면|to applaud|798.253833432682|공연이 끝나자 모두 박수를 쳤어요.|Everyone applauded when the performance ended.
2급 문법 7과 3항 2단어|색깔|||||color|802|무슨 색깔을 좋아하세요?|What color do you like?
2급 문법 14과 2항 14단어|멀리|||||far away|805|집이 학교에서 멀리 있어서 버스를 타고 다녀요.|My house is far away from school so I take the bus.
2급 읽이 19과 2항 6단어|오페라하우스|||||Opera House|805.927742854692|시드니 오페라하우스를 구경했어요.|I visited the Sydney Opera House.
2급 읽이 15과 2항 11단어|간단하다|간단해|간단합니다|간단하다|간단하면|to be simple or easy|807|이 요리법은 간단해서 쉽게 만들 수 있어요.|This recipe is simple so you can make it easily.
2급 읽이 3과 1항 9단어|위치|||||position|809|병원의 위치를 찾고 있어요.|I'm looking for the location of the hospital.
2급 문법 16과 2항 15단어|토픽(TOPIK)|||||Test of Proficiency in Korean|814.855968230404|토픽 시험을 보려고 열심히 공부하고 있어요.|I'm studying hard to take the TOPIK test.
2급 읽이 5과 2항 36단어|담다|담아|담습니다|담는다|담으면|to put in|818|그릇에 밥을 담아서 드세요.|Put rice in the bowl and eat.
2급 읽이 10과 2항 14단어|재학증명서|||||certificate of student registration|820.521150366403|장학금 신청을 위해 재학증명서가 필요해요.|I need a certificate of student registration for scholarship application.
2급 문법 20과 1항 2단어|강하다|강해|강합니다|강하다|강하면|to be strong|822|운동을 해서 몸이 강해졌어요.|My body became strong from exercising.
2급 읽이 1과 1항 14단어|다녀오다|다녀와|다녀옵니다|다녀온다|다녀오면|to go and then come back|826|은행에 다녀오겠습니다.|I'll go to the bank and come back.
2급 문법 3과 2항 1단어|다녀오다|다녀와|다녀옵니다|다녀온다|다녀오면|to go and return|826|잠깐 마트에 다녀올게요.|I'll quickly go to the mart and return.
2급 문법 5과 9항 24단어|두다|둬|둡니다|둔다|두면|to put or place|829|책을 책상 위에 두고 갔어요.|I left the book on the desk and went.
2급 문법 20과 2항 6단어|선크림|||||sunblock|834.03422718402|바다에 가기 전에 선크림을 발랐어요.|I applied sunblock before going to the beach.
2급 읽이 15과 2항 6단어|신용 카드|||||credit card|835.726969991811|온라인 쇼핑할 때 신용 카드를 사용해요.|I use a credit card when shopping online.
2급 문법 6과 9항 14단어|쓰다|써|씁니다|쓴다|쓰면|to use|840|연필을 써서 편지를 썼어요.|I wrote a letter using a pencil.
2급 읽이 4과 1항 6단어|불편하다|불편해|불편합니다|불편하다|불편하면|to be inconvenient or uncomfortable|841|신발이 작아서 불편해요.|The shoes are small so they're uncomfortable.
2급 문법 15과 1항 2단어|서비스|||||service|842|이 호텔은 서비스가 정말 좋아요.|This hotel has really good service.
2급 문법 18과 2항 1단어|결정하다|결정해|결정합니다|결정한다|결정하면|to decide|852|어느 대학교에 갈지 결정해야 해요.|I need to decide which university to go to.
2급 문법 16과 1항 22단어|상처|||||injury or wound|853|넘어져서 무릎에 상처가 났어요.|I fell and got a wound on my knee.
2급 읽이 5과 1항 26단어|치맥|||||chicken and beer|853.291448089294|친구들과 치맥을 즐겼어요.|I enjoyed chicken and beer with my friends.
2급 읽이 13과 2항 10단어|국제 특급|||||Express Mail Service|855.743343592621|중요한 서류를 국제 특급으로 보냈어요.|I sent important documents by Express Mail Service.
2급 읽이 9과 2항 5단어|연습|||||practice|858|피아노 연습을 매일 하고 있어요.|I practice piano every day.
2급 읽이 8과 2항 2단어|와인|||||wine|862|저녁 식사와 함께 와인을 마셨어요.|I drank wine with dinner.
2급 문법 2과 3항 1단어|귀|||||ear|864|음악을 크게 들으면 귀가 아파요.|My ears hurt when I listen to music loudly.
2급 읽이 7과 2항 14단어|홈쇼핑|||||home shopping|864.751903922297|홈쇼핑에서 옷을 주문했어요.|I ordered clothes from home shopping.
2급 문법 20과 1항 4단어|내리다|내려|내립니다|내린다|내리면|to come down|865|비가 내리기 시작했어요.|It started to rain.
2급 읽이 11과 1항 10단어|을지로 3가역|||||Euljiro 3(sam)-ga station|865.300550241955|을지로 3가역에서 내려서 걸었어요.|I got off at Euljiro 3-ga station and walked.
2급 읽이 17과 1항 18단어|드라마|||||drama|866|한국 드라마를 보면서 한국어를 배워요.|I learn Korean while watching Korean dramas.
2급 문법 19과 1항 1단어|-박|||||nights|866.359051899053|제주도에 2박으로 여행을 갔어요.|I went on a 2-night trip to Jeju Island.
2급 읽이 15과 1항 5단어|카페|||||café|868|친구와 카페에서 만나기로 했어요.|I decided to meet my friend at a café.
2급 읽이 4과 2항 5단어|정리하다|정리해|정리합니다|정리한다|정리하면|to arrange or organize|869|방을 깨끗하게 정리했어요.|I organized my room cleanly.
2급 문법 4과 3항 11단어|정리하다|정리해|정리합니다|정리한다|정리하면|to organize|869|수업 내용을 노트에 정리했어요.|I organized the class content in my notebook.
2급 읽이 12과 1항 8단어|학생증|||||student ID|871.542475069873|도서관에 들어갈 때 학생증이 필요해요.|You need a student ID to enter the library.
2급 읽이 13과 1항 15단어|다운로드받다|다운로드받아|다운로드받습니다|다운로드받는다|다운로드받으면|to download|878.786293440498|새 앱을 다운로드받아서 사용해 봤어요.|I downloaded a new app and tried using it.
2급 읽이 14과 1항 8단어|기능|||||skill or function|881|이 휴대폰은 카메라 기능이 좋아요.|This phone has good camera functions.
2급 문법 20과 2항 19단어|그러나|||||but or however|885.344946174882|열심히 공부했다. 그러나 시험이 어려웠다.|I studied hard. However, the test was difficult.
2급 문법 4과 9항 5단어|벽|||||wall|886|방 벽에 그림을 걸어 놓았어요.|I hung a picture on the room wall.
2급 읽이 2과 2항 5단어|삼촌|||||uncle (brother of one's father)|886.327533400618|삼촌이 선물을 사 주셨어요.|My uncle bought me a present.
2급 읽이 10과 1항 8단어|문화|||||culture|888|한국 문화에 대해 배우고 있어요.|I'm learning about Korean culture.
2급 읽이 13과 2항 19단어|팔다|팔아|팝니다|판다|팔면|to sell|893|중고 책을 온라인에서 팔았어요.|I sold used books online.
2급 문법 19과 2항 7단어|국내여행|||||domestic trip|897.50768255908|이번 휴가에는 국내여행을 할 계획이에요.|I plan to take a domestic trip this vacation.
2급 문법 11과 2항 12단어|막히다|막혀|막힙니다|막힌다|막히면|to be stuck|905|출근 시간에 길이 막혀서 늦었어요.|I was late because the road was stuck during rush hour.
2급 문법 20과 1항 6단어|남이섬|||||Nami Island|905.006716144271|가을에 남이섬에 가서 단풍을 봤어요.|I went to Nami Island in autumn and saw the autumn leaves.
2급 문법 15과 2항 14단어|늘|||||always|910.080097033642|그 사람은 늘 웃고 있어요.|That person is always smiling.
2급 문법 16과 1항 18단어|몸이 떨리다|몸이 떨려|몸이 떨립니다|몸이 떨린다|몸이 떨리면|to tremble in the body|917.171036708169|너무 추워서 몸이 떨려요.|My body is trembling because it's so cold.
2급 문법 17과 1항 5단어|가족영화|||||family movie|917.318692547269|주말에 아이들과 가족영화를 봤어요.|I watched a family movie with the children on the weekend.
2급 문법 18과 2항 13단어|초등학교|||||elementary school|922|초등학교 때 친구를 아직도 만나요.|I still meet friends from elementary school.
2급 문법 13과 2항 8단어|국제특급|||||Express Mail Service|924.682755372487|해외로 소포를 국제특급으로 보냈어요.|I sent a package overseas by Express Mail Service.
2급 문법 8과 3항 10단어|환영회|||||welcoming reception|925.935004954226|새로운 직원을 위한 환영회를 열었어요.|We held a welcoming reception for the new employee.
2급 문법 16과 1항 5단어|심하다|심해|심합니다|심하다|심하면|to be severe|931|어제 비가 심하게 내렸어요.|It rained severely yesterday.
2급 읽이 2과 1항 11단어|성격이 좋다|성격이 좋아|성격이 좋습니다|성격이 좋다|성격이 좋으면|to have a good personality|935.274349874817|우리 선생님은 성격이 좋아서 학생들이 좋아해요.|Our teacher has a good personality so students like her.
2급 문법 9과 9항 12단어|예순|||||sixty|937.186667579226|할머니는 올해 예순 살이세요.|My grandmother is sixty years old this year.
2급 문법 13과 1항 14단어|현금자동인출기|||||automatic teller machine (ATM)|939.488347969018|현금자동인출기에서 돈을 뽑으려고 줄을 섰어요.|I stood in line to withdraw money from the ATM.
2급 읽이 8과 1항 15단어|다들|||||everyone|940.291584585793|다들 시험 공부하느라 바쁘세요.|Everyone is busy studying for exams.
2급 읽이 14과 1항 4단어|동영상을 보다|동영상을 봐|동영상을 봅니다|동영상을 본다|동영상을 보면|to watch a video|943.801672779955|유튜브에서 요리 동영상을 봤어요.|I watched a cooking video on YouTube.
2급 읽이 20과 2항 17단어|목이 마르다|목이 말라|목이 마릅니다|목이 마른다|목이 마르면|to be thirsty|950.291084009223|운동 후에 목이 말라서 물을 마셨어요.|I was thirsty after exercising so I drank water.
2급 문법 2과 3항 6단어|코|||||nose|956|감기에 걸려서 코가 막혔어요.|My nose is stuffy because I caught a cold.
2급 읽이 18과 1항 8단어|순서대로|||||in order|958.751863450743|번호 순서대로 줄을 서 주세요.|Please line up in number order.
2급 읽이 1과 2항 16단어|자기소개서|||||personal statement|960.141227697022|취업을 위해 자기소개서를 썼어요.|I wrote a personal statement for employment.
2급 문법 16과 2항 10단어|두통약|||||headache medicine|961.086363415234|머리가 아파서 두통약을 먹었어요.|I took headache medicine because my head hurt.
2급 읽이 10과 1항 2단어|부탁이 있다|부탁이 있어|부탁이 있습니다|부탁이 있다|부탁이 있으면|to have a request|964.137240196578|친구에게 부탁이 있어서 전화했어요.|I called my friend because I have a request.
2급 문법 5과 8항 1단어|고기|||||meat|965.919683338143|채식주의자라서 고기를 먹지 않아요.|I don't eat meat because I'm a vegetarian.
2급 문법 2과 3항 8단어|무릎|||||knee|969|계단을 올라가다가 무릎이 아팠어요.|My knee hurt while going up the stairs.
2급 문법 16과 2항 4단어|치료|||||treatment|974|병원에서 치료를 받고 있어요.|I'm receiving treatment at the hospital.
2급 문법 14과 1항 2단어|고장나다|고장나|고장납니다|고장난다|고장나면|to break down or be broken|977.603159029968|컴퓨터가 고장나서 수리 맡겼어요.|My computer broke down so I had it repaired.
2급 문법 11과 1항 19단어|홍대입구역|||||Hongdae-ipgu Station|977.951461798511|홍대입구역에서 친구들과 만났어요.|I met my friends at Hongdae-ipgu Station.
2급 읽이 12과 1항 15단어|중간시험|||||midterm|982.516807387583|다음 주에 중간시험이 있어요.|I have midterm exams next week.
2급 문법 5과 9항 13단어|쓰레기|||||trash|984|쓰레기를 분리수거해서 버렸어요.|I separated and threw away the trash.
2급 문법 20과 2항 5단어|마스크|||||mask|987|미세먼지 때문에 마스크를 써요.|I wear a mask because of fine dust.
2급 문법 17과 1항 10단어|멜로영화|||||melodramatic movie|987.598911277019|여자 친구와 멜로영화를 봤어요.|I watched a melodramatic movie with my girlfriend.
2급 문법 2과 2항 2단어|성격|||||personality|994|성격이 비슷한 친구와 잘 지내요.|I get along well with friends who have similar personalities.
2급 문법 11과 1항 7단어|교통카드|||||transportation card|994.927233667113|지하철을 탈 때 교통카드를 사용해요.|I use a transportation card when taking the subway.
2급 읽이 17과 2항 4단어|강아지|||||puppy|995|귀여운 강아지를 키우고 싶어요.|I want to raise a cute puppy.
2급 읽이 7과 1항 17단어|매우|||||very or excessively|997.87359253969|오늘 날씨가 매우 춥네요.|The weather is very cold today.
2급 문법 11과 1항 23단어|누르다|눌러|누릅니다|누른다|누르면|to press or push|999|엘리베이터 버튼을 눌러 주세요.|Please press the elevator button.
2급 문법 16과 1항 8단어|감기|||||cold|999.564238707535|환절기에는 감기에 걸리기 쉬워요.|It's easy to catch a cold during seasonal changes.
2급 읽이 7과 1항 11단어|디자인|||||design|1001|이 옷의 디자인이 독특해서 마음에 들어요.|I like this clothing because its design is unique.
2급 읽이 12과 2항 9단어|휴학하다|휴학해|휴학합니다|휴학한다|휴학하면|to take time off from school|1004.26299974788|군대에 가기 위해 휴학했어요.|I took time off from school to go to the military.
2급 읽이 16과 2항 20단어|흔들다|흔들어|흔듭니다|흔든다|흔들면|to shake|1005|지진이 나서 건물이 흔들렸어요.|The building shook because of the earthquake.
2급 읽이 9과 2항 14단어|몸|||||body|1008|운동을 해서 몸이 건강해졌어요.|My body became healthy from exercising.
2급 읽이 11과 1항 9단어|당산역|||||Dangsan station|1008.64249409642|당산역에서 버스로 환승했어요.|I transferred to a bus at Dangsan station.
2급 문법 18과 1항 12단어|어른|||||adult|1010|어른들께 인사를 드렸어요.|I greeted the adults.
2급 문법 8과 9항 16단어|발로 차다|발로 차|발로 찹니다|발로 찬다|발로 차면|to kick|1013.71817023028|축구공을 발로 찼어요.|I kicked the soccer ball.
2급 문법 3과 3항 4단어|숲|||||forest|1014|주말에 숲에서 산책했어요.|I took a walk in the forest on the weekend.
2급 읽이 15과 2항 12단어|종류|||||type or sort|1018|과일 종류가 정말 많네요.|There are really many types of fruits.
2급 문법 19과 1항 9단어|교통편|||||transportation|1022.15146680828|공항까지 가는 교통편을 알아봤어요.|I looked into transportation to the airport.
2급 문법 3과 9항 4단어|불안하다|불안해|불안합니다|불안하다|불안하면|to be anxious|1025|시험 결과가 나올 때까지 불안해요.|I'm anxious until the test results come out.
2급 문법 16과 1항 20단어|낫다 2|나아|낫습니다|낫는다|나으면|to get well or recover|1025.79808572773|약을 먹으니까 몸이 나아졌어요.|My body got better after taking medicine.
2급 문법 4과 9항 7단어|수건|||||towel|1029.39661603887|샤워 후에 수건으로 몸을 닦았어요.|I dried my body with a towel after showering.
2급 문법 20과 1항 5단어|기온|||||temperature|1035|내일 기온이 많이 올라갈 예정이에요.|The temperature is expected to rise a lot tomorrow.
2급 읽이 11과 1항 16단어|사인회|||||autograph convention|1036.70922189485|좋아하는 가수의 사인회에 갔어요.|I went to my favorite singer's autograph convention.
2급 읽이 19과 2항 9단어|한옥 마을|||||Hanok Village|1039.53378775623|전주 한옥 마을을 구경했어요.|I toured Jeonju Hanok Village.
2급 읽이 9과 1항 23단어|씻다|씻어|씻습니다|씻는다|씻으면|to wash or cleanse|1040|잠자기 전에 얼굴을 씻어야 해요.|You need to wash your face before sleeping.
2급 읽이 9과 2항 4단어|씻다|씻어|씻습니다|씻는다|씻으면|to wash|1040|더러워진 옷을 깨끗하게 씻었어요.|I washed the dirty clothes clean.
2급 문법 19과 1항 2단어|-일|||||days|1041.24690999743|제주도에 3일 동안 있었어요.|I stayed in Jeju Island for 3 days.
2급 읽이 8과 2항 12단어|디퓨저|||||diffuser|1045.13321246486|방에서 향기 나는 디퓨저를 사용해요.|I use a fragrant diffuser in my room.
2급 읽이 12과 2항 3단어|신청 기간|||||registration period|1045.40663270745|수강 신청 기간이 다음 주까지예요.|The course registration period is until next week.
2급 문법 19과 1항 16단어|전망|||||view|1049|호텔 방에서 바다 전망이 보여요.|I can see the ocean view from the hotel room.
2급 읽이 6과 1항 11단어|장을 보다|장을 봐|장을 봅니다|장을 본다|장을 보면|to go grocery shopping|1050.68989552092|주말에 시장에서 장을 봤어요.|I went grocery shopping at the market on the weekend.
2급 읽이 12과 1항 10단어|점|||||point|1052|시험에서 좋은 점수를 받았어요.|I got good points on the exam.
2급 읽이 5과 2항 10단어|실수|||||mistake|1053|계산할 때 실수를 했어요.|I made a mistake while calculating.
2급 읽이 1과 1항 6단어|지내다|지내|지냅니다|지낸다|지내면|to spend one's time|1054|방학을 어떻게 지낼 예정이에요?|How do you plan to spend your vacation?
2급 읽이 17과 1항 7단어|공상 과학|||||science fiction|1057.01771646272|공상 과학 소설을 읽는 것을 좋아해요.|I like reading science fiction novels.
2급 읽이 8과 2항 8단어|급하다|급해|급합니다|급하다|급하면|to be in a hurry|1058|급한 일이 생겨서 먼저 가야 해요.|An urgent matter came up so I have to leave first.
2급 문법 9과 8항 2단어|급하다|급해|급합니다|급하다|급하면|to be urgent|1058|이 일은 급하니까 빨리 해 주세요.|This work is urgent so please do it quickly.
2급 문법 9과 9항 4단어|쉰|||||fifty|1058.84868151043|아버지는 올해 쉰 살이세요.|My father is fifty years old this year.
2급 문법 20과 2항 17단어|그래도|||||but|1059.77169389371|비가 와도 그래도 나가야 해요.|Even though it's raining, I still have to go out.
2급 읽이 20과 2항 14단어|공기 청정기|||||air purifier|1059.81043924112|미세먼지 때문에 공기 청정기를 샀어요.|I bought an air purifier because of fine dust.
2급 문법 13과 2항 12단어|크기|||||size|1063.23612586129|옷의 크기가 맞는지 확인해 보세요.|Please check if the size of the clothes fits.
2급 문법 14과 2항 7단어|남기다|남겨|남깁니다|남긴다|남기면|to leave|1066|음식을 남기지 말고 다 드세요.|Don't leave any food and eat it all.
2급 읽이 11과 1항 14단어|압구정역|||||Apgujeong station|1066.17015379015|압구정역 근처에서 쇼핑했어요.|I shopped near Apgujeong station.
2급 문법 20과 1항 19단어|태풍|||||typhoon|1069|올해 태풍이 많이 올 것 같아요.|I think there will be many typhoons this year.
2급 읽이 1과 1항 11단어|건강하다|건강해|건강합니다|건강하다|건강하면|to be healthy|1070|매일 운동해서 몸이 건강해요.|I exercise every day so my body is healthy.
2급 읽이 15과 2항 4단어|배달 시키다|배달 시켜|배달 시킵니다|배달 시킨다|배달 시키면|to order for delivery|1074.69825574663|비가 와서 피자를 배달 시켰어요.|It was raining so I ordered pizza for delivery.
2급 읽이 8과 1항 6단어|환영회|||||reception|1075.32856671605|새 학기 환영회에 참석했어요.|I attended the new semester reception.
2급 읽이 14과 2항 8단어|기쁘다|기뻐|기쁩니다|기쁘다|기쁘면|to be joyful|1077|좋은 소식을 들어서 기뻐요.|I'm joyful because I heard good news.
2급 문법 10과 2항 2단어|들어주다|들어줘|들어줍니다|들어준다|들어주면|to do (a favor)|1084.32842290495|친구의 부탁을 들어줬어요.|I did a favor for my friend.
2급 읽이 14과 2항 2단어|출발하다|출발해|출발합니다|출발한다|출발하면|to depart|1090|기차가 10분 후에 출발해요.|The train departs in 10 minutes.
2급 문법 15과 2항 1단어|신용카드|||||credit card|1090.78104037326|온라인 결제할 때 신용카드를 써요.|I use a credit card for online payments.
2급 문법 1과 3항 2단어|무역 회사|||||trading company|1091.86270053033|형이 무역 회사에서 일하고 있어요.|My older brother works at a trading company.
2급 읽이 17과 2항 14단어|펜팔|||||penpal|1094.88513914403|외국인 펜팔과 편지를 주고받아요.|I exchange letters with a foreign penpal.
2급 문법 16과 1항 21단어|낫다 1|나아|낫습니다|낫는다|나으면|to be better|1095.83076566923|이 방법이 저 방법보다 나아요.|This method is better than that method.
2급 읽이 6과 1항 10단어|방문하다|방문해|방문합니다|방문한다|방문하면|to visit|1096|할머니 댁을 방문해서 안부를 여쭸어요.|I visited my grandmother's house and asked about her well-being.
2급 문법 6과 9항 9단어|여성복|||||women's clothing|1100.87290976662|백화점 여성복 매장에서 옷을 샀어요.|I bought clothes at the women's clothing store in the department store.
2급 읽이 3과 2항 10단어|캘리포니아|||||California|1101.2818190502|캘리포니아에서 유학생활을 했어요.|I studied abroad in California.
2급 문법 13과 1항 13단어|저금|||||savings or deposit|1107.67404723447|매달 일정 금액을 저금하고 있어요.|I'm saving a certain amount every month.
2급 읽이 5과 1항 13단어|소스|||||sauce|1108|파스타에 토마토 소스를 넣었어요.|I put tomato sauce in the pasta.
2급 문법 4과 9항 6단어|서재|||||a study or library|1121.92788545508|아버지는 서재에서 책을 읽으세요.|My father reads books in his study.
2급 읽이 6과 2항 1단어|패션잡화|||||fashion goods|1129.58211486693|패션잡화 매장에서 가방을 샀어요.|I bought a bag at the fashion goods store.
2급 문법 8과 9항 8단어|앨범|||||album|1132|가수의 새 앨범이 나왔어요.|The singer's new album came out.
2급 읽이 6과 2항 12단어|비교하다|비교해|비교합니다|비교한다|비교하면|to compare|1133|두 제품의 가격을 비교해 봤어요.|I compared the prices of the two products.
2급 문법 11과 1항 6단어|노선도|||||route map|1133.63573502284|지하철 노선도를 보고 길을 찾았어요.|I found the way by looking at the subway route map.
2급 문법 15과 1항 15단어|예약석|||||reserved seats|1134.37210896518|기차 예약석을 미리 예매했어요.|I booked reserved train seats in advance.
2급 문법 10과 3항 3단어|벗다|벗어|벗습니다|벗는다|벗으면|to take off|1135|집에 들어가기 전에 신발을 벗었어요.|I took off my shoes before entering the house.
2급 읽이 8과 2항 1단어|집들이|||||housewarming party|1135.59241977055|새 집으로 이사해서 집들이를 했어요.|I moved to a new house and had a housewarming party.
2급 읽이 5과 1항 30단어|메뉴|||||menu|1137|식당 메뉴를 보고 주문했어요.|I looked at the restaurant menu and ordered.
2급 문법 15과 2항 12단어|배달시키다|배달시켜|배달시킵니다|배달시킨다|배달시키면|to order for delivery|1137.58356904145|중국음식을 배달시켜서 먹었어요.|I ordered Chinese food for delivery and ate it.
2급 읽이 18과 1항 9단어|계획대로|||||as planned|1137.90970330592|모든 일이 계획대로 진행되고 있어요.|Everything is proceeding as planned.
2급 읽이 5과 1항 27단어|대구|||||Daegu|1139|대구에 살고 있는 친구를 만나러 갔어요.|I went to meet a friend who lives in Daegu.
2급 문법 5과 9항 17단어|굽다|구워|굽습니다|굽는다|구우면|to grill|1140|고기를 불에 구워서 먹었어요.|I grilled meat over fire and ate it.
2급 읽이 1과 1항 1단어|잡지사|||||magazine company|1142.66276999842|언니가 잡지사에서 기자로 일해요.|My older sister works as a reporter at a magazine company.
2급 읽이 9과 1항 21단어|이틀|||||two days|1143|이틀 동안 부산에 여행을 갔어요.|I went on a trip to Busan for two days.
2급 읽이 1과 2항 22단어|자세히|||||in detail|1145|선생님이 문법을 자세히 설명해 주셨어요.|The teacher explained the grammar in detail.
2급 읽이 1과 2항 9단어|신문방송학|||||journalism and mass communication|1145.16790944617|대학교에서 신문방송학을 전공했어요.|I majored in journalism and mass communication at university.
2급 문법 16과 1항 17단어|목이 쉬다|목이 쉬어|목이 쉽니다|목이 쉰다|목이 쉬면|to have a hoarse throat|1146.15856565069|노래를 많이 불러서 목이 쉬었어요.|My throat became hoarse from singing a lot.
2급 문법 2과 3항 3단어|발|||||foot|1148|새 신발을 신어서 발이 아파요.|My feet hurt because I wore new shoes.
2급 문법 12과 2항 6단어|기간|||||time period|1149|방학 기간이 한 달이에요.|The vacation period is one month.
2급 읽이 5과 2항 23단어|재료|||||ingredient|1150|요리에 필요한 재료를 사러 갔어요.|I went to buy ingredients needed for cooking.
2급 읽이 19과 1항 5단어|숙박 시설|||||accommodations|1152.10715180729|여행지에서 좋은 숙박 시설을 찾았어요.|I found good accommodations at the travel destination.
2급 문법 13과 2항 14단어|높이|||||height|1158|이 건물의 높이가 얼마나 돼요?|What is the height of this building?
2급 문법 12과 2항 7단어|홈페이지|||||homepage|1159|학교 홈페이지에서 공지사항을 확인했어요.|I checked the announcements on the school homepage.
2급 문법 13과 2항 18단어|낮다 3|낮아|낮습니다|낮다|낮으면|to be low or short|1171|이 책상은 제게 너무 낮아요.|This desk is too low for me.
2급 문법 20과 2항 13단어|다림질하다|다림질해|다림질합니다|다림질한다|다림질하면|to iron|1171.57296685036|주름진 셔츠를 다림질했어요.|I ironed the wrinkled shirt.
2급 문법 15과 1항 1단어|팀장|||||manager|1175|우리 팀장님은 정말 친절하세요.|Our team manager is really kind.
2급 문법 11과 1항 20단어|안전선|||||safety line|1175.44186755549|지하철에서 안전선 밖으로 나가지 마세요.|Don't go outside the safety line on the subway.
2급 문법 11과 2항 14단어|주차금지|||||no parking|1182.10800446104|이 곳은 주차금지 구역이에요.|This is a no parking zone.
2급 문법 13과 1항 11단어|부부|||||husband and wife|1197|행복한 부부가 되고 싶어요.|I want to become a happy married couple.
2급 읽이 3과 2항 12단어|호놀룰루|||||Honolulu|1202.95021554921|하와이 호놀룰루에서 휴가를 보냈어요.|I spent my vacation in Honolulu, Hawaii.
2급 문법 16과 2항 19단어|점수|||||score or point|1203|시험에서 높은 점수를 받았어요.|I got a high score on the exam.
2급 읽이 6과 2항 7단어|인터넷쇼핑|||||internet shopping|1205.32927138265|인터넷쇼핑으로 옷을 주문했어요.|I ordered clothes through internet shopping.
2급 읽이 20과 2항 15단어|창문|||||window|1206|창문을 열어서 환기를 시켰어요.|I opened the window and ventilated the room.
2급 문법 20과 2항 1단어|종일|||||all day|1206.75408036914|종일 비가 내려서 집에 있었어요.|It rained all day so I stayed home.
2급 읽이 2과 2항 2단어|외숙모|||||aunt (wife of one's mother's brother)|1209.1199712595|외숙모께서 선물을 보내 주셨어요.|My aunt sent me a present.
2급 문법 12과 1항 8단어|버튼|||||button|1211|엘리베이터 버튼을 눌러 주세요.|Please press the elevator button.
2급 문법 6과 8항 5단어|상품|||||products|1212|새로운 상품이 많이 나왔어요.|Many new products came out.
2급 문법 20과 2항 12단어|걸레질하다|걸레질해|걸레질합니다|걸레질한다|걸레질하면|to wipe with a damp cloth|1214.68838804867|바닥을 걸레질해서 깨끗하게 만들었어요.|I wiped the floor with a damp cloth and made it clean.
2급 문법 18과 1항 2단어|쌓다|쌓아|쌓습니다|쌓는다|쌓으면|to accumulate or gain|1224|돈을 조금씩 쌓아서 저축하고 있어요.|I'm saving by accumulating money little by little.
2급 문법 5과 3항 16단어|섞다|섞어|섞습니다|섞는다|섞으면|to mix or blend|1227|밀가루와 물을 섞어서 반죽을 만들었어요.|I mixed flour and water to make dough.
2급 문법 10과 3항 8단어|줄다|줄어|줍니다|준다|줄면|to decrease or be reduced|1233|운동을 해서 몸무게가 줄었어요.|My weight decreased from exercising.
2급 문법 11과 1항 26단어|열리다|열려|열립니다|열린다|열리면|to be opened|1234|9시에 은행 문이 열려요.|The bank door opens at 9 o'clock.
2급 읽이 7과 1항 13단어|유행이다|유행이야|유행입니다|유행이다|유행이면|to be in fashion or popular|1241.22489464935|요즘 짧은 치마가 유행이에요.|Short skirts are in fashion these days.
2급 읽이 1과 1항 18단어|글|||||text|1246|재미있는 글을 읽었어요.|I read an interesting text.
2급 읽이 3과 1항 7단어|유명하다|유명해|유명합니다|유명하다|유명하면|to be famous|1247|이 식당은 맛있는 음식으로 유명해요.|This restaurant is famous for delicious food.
2급 문법 14과 2항 8단어|지우다|지워|지웁니다|지운다|지우면|to erase|1249.81526669581|칠판에 쓴 글씨를 지웠어요.|I erased the writing on the blackboard.
2급 문법 3과 8항 5단어|오래되다|오래돼|오래됩니다|오래된다|오래되면|to be a long time|1250|이 건물은 오래되어서 수리가 필요해요.|This building is old and needs repair.
2급 읽이 7과 2항 1단어|사이즈|||||size|1251|옷의 사이즈가 맞지 않아서 바꿨어요.|The size of the clothes didn't fit so I exchanged them.
2급 문법 11과 1항 4단어|반대|||||opposite|1255|제 의견과 반대되는 생각이에요.|It's an opinion opposite to mine.
2급 문법 17과 2항 3단어|조깅하다|조깅해|조깅합니다|조깅한다|조깅하면|to go jogging|1255.66051190253|매일 아침 공원에서 조깅해요.|I go jogging in the park every morning.
2급 읽이 10과 2항 19단어|음성안내기|||||voice guide|1262.53829791676|지하철 음성안내기가 다음 역을 알려줘요.|The subway voice guide announces the next station.
2급 읽이 16과 2항 10단어|수술을 받다|수술을 받아|수술을 받습니다|수술을 받는다|수술을 받으면|to get a surgery|1266.29993028473|다리를 다쳐서 수술을 받았어요.|I had surgery because I injured my leg.
2급 문법 20과 2항 20단어|하지만|||||but or however|1271.82016673032|열심히 공부했어요. 하지만 시험이 어려웠어요.|I studied hard. However, the exam was difficult.
2급 문법 10과 8항 2단어|이미|||||already|1274.4973275112|숙제를 이미 끝냈어요.|I already finished my homework.
2급 문법 2과 3항 12단어|허리|||||waist|1275|무거운 것을 들다가 허리가 아팠어요.|My waist hurt while lifting something heavy.
2급 문법 9과 3항 8단어|진지|||||meal or food in honorific form|1275.6414070027|어르신들께서 진지를 드시고 계세요.|The elderly are having their meal.
2급 문법 20과 2항 8단어|비옷|||||raincoat|1279.20963231009|비가 와서 비옷을 입고 나갔어요.|It was raining so I went out wearing a raincoat.
2급 읽이 8과 1항 12단어|맛집|||||popular local restaurant|1281.58978826832|친구가 추천한 맛집에 갔어요.|I went to a popular restaurant my friend recommended.
2급 읽이 12과 2항 10단어|언어 교환|||||language exchange|1285.45383585151|외국인과 언어 교환을 하고 있어요.|I'm doing language exchange with a foreigner.
2급 문법 20과 2항 2단어|그러면|||||then|1286.07105708215|시간이 없으면 그러면 내일 만날까요?|If you don't have time, then shall we meet tomorrow?
2급 읽이 16과 1항 5단어|배탈나다|배탈나|배탈납니다|배탈난다|배탈나면|to have a stomach disorder|1293.42758387793|상한 음식을 먹어서 배탈났어요.|I got a stomach disorder from eating spoiled food.
2급 문법 11과 1항 1단어|이태원역|||||Itaewon Station|1294.31084834505|이태원역에서 외국인 친구들을 만났어요.|I met foreign friends at Itaewon Station.
2급 읽이 6과 2항 3단어|스포츠용품|||||sporting goods|1297.43016476277|스포츠용품 매장에서 운동화를 샀어요.|I bought sneakers at the sporting goods store.
2급 읽이 5과 1항 15단어|무료|||||free of charge|1303|이 박물관은 입장료가 무료예요.|This museum has free admission.
2급 문법 17과 1항 4단어|무료|||||free|1303|무료 와이파이를 사용할 수 있어요.|You can use free WiFi.
2급 읽이 15과 1항 10단어|잠시만요|||||please hold|1305.97654066514|전화 받고 있으니까 잠시만요.|I'm answering the phone, so please hold.
2급 문법 18과 1항 4단어|학원|||||academy|1307|영어 학원에 다니고 있어요.|I'm attending an English academy.
2급 읽이 5과 2항 19단어|끓이다|끓여|끓입니다|끓인다|끓이면|to boil|1308|라면을 끓여서 먹었어요.|I boiled ramen and ate it.
2급 문법 5과 9항 22단어|끓이다|끓여|끓입니다|끓인다|끓이면|to boil or heat|1308|물을 끓여서 차를 만들었어요.|I boiled water and made tea.
2급 읽이 4과 1항 2단어|이삿짐센터|||||moving company|1309.934481862|이삿짐센터에 전화해서 이사 날짜를 정했어요.|I called the moving company and set the moving date.
2급 문법 1과 3항 11단어|그만두다|그만둬|그만둡니다|그만둔다|그만두면|to quit|1310|담배를 그만두려고 노력하고 있어요.|I'm trying to quit smoking.
2급 읽이 8과 1항 5단어|송별회|||||farewell party|1311.24064244796|회사를 떠나는 동료를 위해 송별회를 했어요.|We had a farewell party for a colleague leaving the company.
2급 읽이 17과 1항 10단어|거의|||||almost or hardly|1323.7570450874|숙제를 거의 다 끝냈어요.|I almost finished my homework.
2급 문법 4과 3항 2단어|약도|||||map|1328.34753545467|친구가 집 약도를 그려 줬어요.|My friend drew a map of their house for me.
2급 읽이 9과 1항 1단어|아/야|||||used after a name when being called|1328.5802268656|민수야, 어서 와!|Minsu, welcome!
2급 문법 5과 3항 11단어|인사동|||||Insa-dong|1329.10002896097|인사동에서 전통 차를 마셨어요.|I drank traditional tea in Insa-dong.
2급 문법 4과 8항 1단어|거의|||||almost or mostly|1329.84927704092|거의 모든 사람이 그 영화를 봤어요.|Almost everyone watched that movie.
2급 문법 16과 2항 12단어|변비약|||||constipation medicine|1332.69737695809|변비가 심해서 변비약을 샀어요.|My constipation was severe so I bought constipation medicine.
2급 문법 13과 2항 2단어|상자|||||box|1335|택배 상자를 열어 봤어요.|I opened the delivery box.
2급 읽이 10과 1항 10단어|사이|||||between|1347|우리 사이에는 비밀이 없어요.|There are no secrets between us.
2급 문법 11과 2항 5단어|삼거리|||||three-way intersection|1350.06712155882|삼거리에서 오른쪽으로 가세요.|Go right at the three-way intersection.
2급 읽이 20과 1항 21단어|일기예보|||||weather forecast|1356.50000267196|내일 일기예보를 확인해 봤어요.|I checked tomorrow's weather forecast.
2급 문법 13과 2항 10단어|무게|||||weight|1357|이 짐의 무게가 얼마나 돼요?|What is the weight of this luggage?
2급 문법 10과 2항 1단어|부탁|||||request or favor|1360|친구에게 부탁이 있어서 연락했어요.|I contacted my friend because I have a request.
2급 읽이 9과 1항 5단어|앞으로|||||from now on or in the future|1365.42925809044|앞으로 더 열심히 살겠어요.|I will live more diligently from now on.
2급 읽이 1과 1항 5단어|스튜어디스|||||flight attendant|1365.84751366172|비행기에서 스튜어디스가 친절하게 도와줬어요.|The flight attendant kindly helped me on the plane.
2급 읽이 12과 2항 14단어|모든|||||all|1369.17608079966|모든 학생이 시험을 잘 봤어요.|All students did well on the exam.
2급 읽이 10과 1항 3단어|부탁을 받다|부탁을 받아|부탁을 받습니다|부탁을 받는다|부탁을 받으면|be asked a favor or receive a request|1371.67422159109|친구에게 부탁을 받아서 도와줬어요.|I received a request from my friend and helped them.
2급 읽이 6과 2항 10단어|고속터미널|||||express bus terminal|1373.04162990768|부산 가는 버스를 고속터미널에서 탔어요.|I took a bus to Busan at the express bus terminal.
2급 읽이 13과 1항 14단어|앱|||||application|1374|새로운 게임 앱을 다운로드했어요.|I downloaded a new game app.
2급 문법 16과 1항 24단어|붓다²|부어|붓습니다|붓는다|부으면|to pour|1375.91514235828|컵에 물을 부어 주세요.|Please pour water into the cup.
2급 문법 8과 8항 4단어|부인|||||wife|1378|친구의 부인을 처음 만났어요.|I met my friend's wife for the first time.
2급 읽이 18과 1항 7단어|케이티엑스|||||KTX(Korea Train eXpress)|1379.77536127437|케이티엑스를 타고 부산에 갔어요.|I went to Busan by KTX.
2급 문법 19과 1항 6단어|그렇게|||||like that|1387.88709987421|그렇게 화내지 마세요.|Don't get angry like that.
2급 문법 9과 9항 9단어|아흔|||||ninety|1388.60548951197|할아버지는 올해 아흔 살이세요.|My grandfather is ninety years old this year.
2급 문법 12과 1항 3단어|연습하다|연습해|연습합니다|연습한다|연습하면|to practice|1394|매일 한국어 발음을 연습해요.|I practice Korean pronunciation every day.
2급 읽이 7과 2항 9단어|빨갛다|빨개|빨갛습니다|빨갛다|빨가면|to be red|1396|빨간 장미꽃이 아름다워요.|The red roses are beautiful.
2급 문법 5과 3항 7단어|스트레스|||||stress|1399|일 때문에 스트레스를 많이 받아요.|I get a lot of stress because of work.
2급 읽이 14과 1항 5단어|음성 메시지|||||voice message|1399.99580371659|친구가 음성 메시지를 보냈어요.|My friend sent a voice message.
2급 문법 17과 1항 7단어|공포영화|||||horror movie|1404.86338071059|공포영화를 보면 무서워서 잠을 못 자요.|I can't sleep because I'm scared after watching horror movies.
2급 읽이 10과 2항 5단어|자|||||okay|1411|자, 이제 시작해 볼까요?|Okay, shall we start now?
2급 읽이 2과 2항 18단어|작은어머니|||||aunt (wife of one's father's younger brother)|1412.70777781028|작은어머니께서 맛있는 음식을 만들어 주셨어요.|My aunt made delicious food for me.
2급 읽이 10과 1항 12단어|서비스센터|||||service center|1416.73994262237|휴대폰이 고장나서 서비스센터에 갔어요.|My phone broke so I went to the service center.
2급 문법 13과 1항 15단어|환전|||||exchange of money|1418.68767363485|달러를 원화로 환전했어요.|I exchanged dollars for Korean won.
2급 읽이 12과 1항 11단어|문장|||||sentence|1422|어려운 문장을 쉽게 설명해 주세요.|Please explain the difficult sentence in an easy way.
2급 읽이 1과 1항 4단어|무역회사|||||trade company|1423.00743365195|아버지가 무역회사를 운영하세요.|My father runs a trade company.
2급 문법 14과 2항 3단어|캠핑장|||||camping site|1425.41936051566|주말에 가족과 캠핑장에 갔어요.|I went to a camping site with my family on the weekend.
2급 읽이 16과 1항 3단어|감기에 걸리다|감기에 걸려|감기에 걸립니다|감기에 걸린다|감기에 걸리면|to catch a cold|1426.34483671281|날씨가 추워서 감기에 걸렸어요.|I caught a cold because the weather was cold.
2급 문법 6과 9항 5단어|남성복|||||men's clothing|1433.2166678505|남성복 매장에서 정장을 샀어요.|I bought a suit at the men's clothing store.
2급 문법 11과 2항 8단어|광장시장|||||Gwangjang market|1435.87484804448|광장시장에서 빈대떡을 먹었어요.|I ate bindaetteok at Gwangjang market.
2급 읽이 19과 1항 12단어|여행 일정|||||itinerary|1435.97241712268|여행 일정을 미리 계획했어요.|I planned the travel itinerary in advance.
2급 읽이 9과 2항 13단어|어쩔 수 없다|어쩔 수 없어|어쩔 수 없습니다|어쩔 수 없다|어쩔 수 없으면|there is nothing one can do about something|1436.88351742458|비가 와서 소풍이 취소됐어요. 어쩔 수 없어요.|The picnic was cancelled because of rain. There's nothing we can do.
2급 문법 19과 1항 17단어|편도|||||one-way|1441.91560742911|서울에서 부산까지 편도 표를 샀어요.|I bought a one-way ticket from Seoul to Busan.
2급 문법 17과 2항 12단어|물고기|||||fish|1442|수족관에서 예쁜 물고기를 봤어요.|I saw beautiful fish at the aquarium.
2급 읽이 3과 1항 16단어|구경거리|||||tourist attraction|1444.00476256851|제주도에는 구경거리가 많아요.|There are many tourist attractions in Jeju Island.
2급 읽이 11과 1항 6단어|교통 카드|||||transportation card|1445.39952476043|교통 카드로 지하철을 탔어요.|I took the subway with a transportation card.
2급 읽이 3과 2항 5단어|이렇게|||||like this|1448.81966349203|이렇게 좋은 날씨는 처음이에요.|It's the first time having such nice weather like this.
2급 읽이 13과 1항 9단어|인터넷 뱅킹|||||online banking|1453.02362681832|인터넷 뱅킹으로 돈을 송금했어요.|I transferred money through online banking.
2급 문법 13과 2항 7단어|배편|||||by ship|1453.40674032923|제주도에 배편으로 갔어요.|I went to Jeju Island by ship.
2급 문법 11과 1항 15단어|여의도역|||||Yeouido Station|1458.53142428678|여의도역에서 친구와 만났어요.|I met my friend at Yeouido Station.
2급 읽이 5과 1항 18단어|중에서|||||from among|1459.33915826026|여러 음식 중에서 불고기를 선택했어요.|I chose bulgogi from among various foods.
2급 읽이 18과 2항 2단어|유학하다|유학해|유학합니다|유학한다|유학하면|to study abroad|1461.30663610529|미국에서 유학하고 싶어요.|I want to study abroad in America.
2급 문법 5과 3항 4단어|삼성역|||||Samseong subway station|1462.23628812004|삼성역에서 내려서 코엑스에 갔어요.|I got off at Samseong station and went to COEX.
2급 읽이 6과 1항 3단어|냉동식품|||||frozen food|1466.80304512847|편의점에서 냉동식품을 샀어요.|I bought frozen food at the convenience store.
2급 읽이 12과 2항 8단어|등록취소|||||cancellation of registration|1469.41992559005|수업 등록취소를 했어요.|I cancelled my course registration.
2급 읽이 16과 1항 12단어|깁스를 하다|깁스를 해|깁스를 합니다|깁스를 한다|깁스를 하면|to wear a cast|1472.34268265311|팔이 부러져서 깁스를 했어요.|I wore a cast because my arm was broken.
2급 읽이 3과 2항 8단어|해운대|||||Haeundae|1473.31237734761|부산 해운대 해수욕장에 갔어요.|I went to Haeundae Beach in Busan.
2급 문법 17과 1항 6단어|공상과학영화|||||science fiction movie|1476.74755996559|공상과학영화를 보는 것을 좋아해요.|I like watching science fiction movies.
2급 문법 19과 2항 9단어|배낭여행|||||backpacking|1477.07333310973|유럽으로 배낭여행을 떠날 예정이에요.|I plan to go backpacking to Europe.
2급 문법 19과 2항 8단어|단체관광|||||group tour|1481.4990152372|할머니께서 단체관광으로 중국에 다녀오셨어요.|My grandmother went to China on a group tour.
2급 문법 19과 1항 12단어|여행자보험|||||traveler's insurance|1483.23266708758|해외여행 전에 여행자보험에 가입했어요.|I signed up for traveler's insurance before traveling abroad.
2급 읽이 9과 1항 10단어|이가/가|||||placed after a name used as a subject of a sentence|1488.74144267757|민수가 학교에 갔어요.|Minsu went to school.
2급 읽이 5과 1항 23단어|소금|||||salt|1490|음식에 소금을 조금 넣었어요.|I added a little salt to the food.
2급 문법 9과 9항 5단어|여든|||||eighty|1492.56615887862|증조할머니는 올해 여든 살이세요.|My great-grandmother is eighty years old this year.
2급 읽이 5과 1항 4단어|뿌리다|뿌려|뿌립니다|뿌린다|뿌리면|to sprinkle|1493|샐러드 위에 치즈 가루를 뿌렸어요.|I sprinkled cheese powder on top of the salad.
2급 읽이 1과 2항 7단어|고등학교|||||senior high school|1497|고등학교 때 친구들과 아직도 연락해요.|I still keep in touch with friends from senior high school.
2급 읽이 17과 2항 9단어|모으다|모아|모읍니다|모은다|모으면|to collect or gather|1500|동전을 모으는 취미가 있어요.|I have a hobby of collecting coins.
2급 읽이 19과 2항 15단어|편안하다|편안해|편안합니다|편안하다|편안하면|to be comfortable|1502|이 의자는 앉기가 편안해요.|This chair is comfortable to sit in.
2급 문법 14과 1항 4단어|고치다|고쳐|고칩니다|고친다|고치면|to repair or fix|1511|고장난 시계를 고쳐 달라고 했어요.|I asked them to fix the broken watch.
2급 문법 15과 2항 5단어|지난번|||||last time|1514|지난번에 만난 친구가 연락했어요.|The friend I met last time contacted me.
2급 읽이 18과 1항 11단어|도전하다|도전해|도전합니다|도전한다|도전하면|to challenge|1531|새로운 일에 도전하고 싶어요.|I want to challenge myself with new work.
2급 읽이 10과 2항 15단어|뵙다|뵈어/봬|뵙습니다|뵌다|뵈면|to meet (used when meeting people above you)|1537|선생님을 뵙고 인사드렸어요.|I met the teacher and greeted them.
2급 문법 9과 8항 6단어|뵙다|뵈어/봬|뵙습니다|뵌다|뵈면|to meet (honorific form)|1537|할아버지를 뵙고 안부를 여쭸어요.|I met my grandfather and asked about his well-being.
2급 읽이 2과 1항 1단어|잘생기다|잘생겨|잘생깁니다|잘생긴다|잘생기면|to be good-looking|1539|그 배우는 정말 잘생겼어요.|That actor is really good-looking.
2급 문법 20과 1항 12단어|그치다|그쳐|그칩니다|그친다|그치면|to stop|1543|비가 그쳐서 밖에 나갔어요.|The rain stopped so I went outside.
2급 읽이 15과 2항 1단어|주문하다|주문해|주문합니다|주문한다|주문하면|to order|1549|온라인으로 책을 주문했어요.|I ordered a book online.
2급 읽이 17과 1항 2단어|공포|||||horror|1557|공포 영화를 보면 무서워요.|I get scared when I watch horror movies.
2급 읽이 7과 2항 4단어|화려하다|화려해|화려합니다|화려하다|화려하면|to be ornate or gorgeous|1560|결혼식 드레스가 정말 화려했어요.|The wedding dress was really gorgeous.
2급 읽이 1과 2항 15단어|소개|||||introduction|1562|친구에게 새로운 사람을 소개받았어요.|I was introduced to a new person by my friend.
2급 문법 5과 8항 7단어|간|||||saltiness|1571|이 국은 간이 좀 센 것 같아요.|This soup seems a bit too salty.
2급 문법 12과 1항 9단어|끝내다|끝내|끝냅니다|끝낸다|끝내면|to end or finish|1589|드디어 프로젝트를 끝냈어요.|I finally finished the project.
2급 문법 20과 1항 8단어|습관|||||habit|1590|매일 운동하는 습관을 기르고 있어요.|I'm developing a habit of exercising every day.
2급 읽이 14과 1항 10단어|청소년|||||adolescents or teenagers|1599|청소년들이 인터넷을 많이 사용해요.|Adolescents use the internet a lot.
2급 읽이 5과 2항 11단어|잃어버리다|잃어버려|잃어버립니다|잃어버린다|잃어버리면|to lose|1605|지갑을 잃어버려서 신용카드를 정지시켰어요.|I lost my wallet so I suspended my credit card.
2급 문법 11과 1항 21단어|깨다|깨어|깹니다|깬다|깨면|to wake up|1607|알람 소리에 깨어서 일어났어요.|I woke up to the sound of the alarm and got up.
2급 읽이 7과 2항 16단어|단순하다|단순해|단순합니다|단순하다|단순하면|to be simple|1618|이 문제는 생각보다 단순해요.|This problem is simpler than I thought.
2급 문법 7과 9항 4단어|단순하다|단순해|단순합니다|단순하다|단순하면|to be simple or plain|1618|단순한 디자인의 옷을 좋아해요.|I like clothes with simple designs.
2급 문법 19과 1항 4단어|시설|||||facility|1621|이 호텔은 편의 시설이 잘 되어 있어요.|This hotel has good facilities.
2급 읽이 3과 2항 7단어|풍경|||||scenery|1625|산에서 본 풍경이 아름다웠어요.|The scenery viewed from the mountain was beautiful.
2급 문법 9과 9항 15단어|세다|세어|셉니다|센다|세면|to count|1630|하나씩 세어 보세요.|Please count them one by one.
2급 읽이 1과 2항 19단어|학습|||||learning or study|1631|외국어 학습이 어렵지만 재미있어요.|Foreign language learning is difficult but interesting.
2급 읽이 16과 1항 2단어|붓다|부어|붓습니다|붓는다|부으면|to swell up|1651|벌에 쏘여서 손이 부었어요.|My hand swelled up because I was stung by a bee.
2급 읽이 16과 1항 15단어|차다|차|찹니다|찬다|차면|to be cold|1665|겨울 바람이 너무 차요.|The winter wind is too cold.
2급 문법 6과 9항 16단어|차다|차|찹니다|찬다|차면|to wear (a watch)|1665|새로 산 시계를 차고 나갔어요.|I went out wearing my newly bought watch.
2급 문법 3과 9항 2단어|부끄럽다|부끄러워|부끄럽습니다|부끄럽다|부끄러우면|to feel shameful or embarrassed|1673|실수를 해서 부끄러웠어요.|I felt embarrassed because I made a mistake.
2급 읽이 1과 1항 10단어|익숙하다|익숙해|익숙합니다|익숙하다|익숙하면|to be used to|1685|한국 생활에 익숙해졌어요.|I got used to life in Korea.
2급 읽이 16과 1항 10단어|넘어지다|넘어져|넘어집니다|넘어진다|넘어지면|to fall down|1704|빙판길에서 넘어져서 다쳤어요.|I fell down on the icy road and got hurt.
2급 읽이 3과 2항 14단어|물론|||||of course or undoubtedly|1723|물론 도와드릴게요.|Of course I'll help you.
2급 문법 17과 1항 12단어|달리다|달려|달립니다|달린다|달리면|to run|1725|매일 아침 공원에서 달려요.|I run in the park every morning.
2급 문법 16과 1항 11단어|푹|||||completely or entirely|1731|어젯밤에 푹 잤어요.|I slept soundly last night.
2급 문법 2과 8항 5단어|공무원|||||public service worker|1738|아버지는 공무원으로 일하세요.|My father works as a public service worker.
2급 문법 7과 8항 4단어|주머니|||||pocket|1742|바지 주머니에서 동전을 꺼냈어요.|I took out coins from my pants pocket.
2급 문법 20과 1항 21단어|끼다|껴|낍니다|낀다|끼면|to gather or envelop|1764|안개가 끼어서 앞이 잘 안 보여요.|Fog has gathered so I can't see ahead well.
2급 문법 1과 3항 8단어|직장|||||job|1766|새로운 직장을 구하고 있어요.|I'm looking for a new job.
2급 문법 18과 2항 12단어|중학교|||||middle school|1773|중학교 때부터 영어를 배웠어요.|I've been learning English since middle school.
2급 문법 11과 1항 25단어|서다|서|섭니다|선다|서면|to stand|1775|오래 서 있어서 다리가 아파요.|My legs hurt from standing for a long time.
2급 문법 12과 2항 1단어|신청하다|신청해|신청합니다|신청한다|신청하면|to apply|1787|장학금을 신청했어요.|I applied for a scholarship.
2급 문법 18과 2항 9단어|매년|||||every year|1788|매년 가족과 함께 여행을 가요.|I travel with my family every year.
2급 읽이 5과 1항 32단어|콘서트|||||concert|1822|좋아하는 가수의 콘서트에 갔어요.|I went to my favorite singer's concert.
2급 문법 20과 1항 17단어|최고|||||highest, best or maximum|1835|이 식당 음식이 최고예요.|This restaurant's food is the best.
2급 문법 10과 9항 1단어|부장|||||head of a department or director|1846|우리 부장님은 정말 친절하세요.|Our department head is really kind.
2급 읽이 10과 2항 17단어|신청|||||registration|1849|수강 신청을 했어요.|I did course registration.
2급 문법 5과 9항 21단어|꽂다|꽂아|꽂습니다|꽂는다|꽂으면|to stick (in/into)|1860|꽃병에 꽃을 꽂았어요.|I stuck flowers into the vase.
2급 문법 14과 1항 7단어|동영상|||||video file|1873|재미있는 동영상을 친구들과 공유했어요.|I shared an interesting video with my friends.
2급 문법 7과 2항 1단어|특별히|||||especially|1885|특별히 좋아하는 음식이 있어요.|There's food I especially like.
2급 문법 18과 1항 9단어|바깥|||||outside|1888|바깥 날씨가 너무 추워요.|The weather outside is too cold.
2급 읽이 9과 1항 11단어|무척|||||very or extremely|1892|오늘 시험이 무척 어려웠어요.|Today's exam was very difficult.
2급 읽이 3과 2항 4단어|외롭다|외로워|외롭습니다|외롭다|외로우면|to be lonely|1931|혼자 있으면 가끔 외로워요.|I sometimes feel lonely when I'm alone.
2급 문법 14과 2항 5단어|데려오다|데려와|데려옵니다|데려온다|데려오면|to bring someone|1937|친구를 파티에 데려왔어요.|I brought my friend to the party.
2급 읽이 4과 2항 9단어|동네|||||neighborhood|1938|우리 동네에는 공원이 많아요.|There are many parks in our neighborhood.
2급 읽이 20과 1항 7단어|불다|불어|붑니다|분다|불면|to blow|1947|바람이 세게 불고 있어요.|The wind is blowing strongly.
2급 문법 8과 9항 2단어|떡|||||rice cake|1962|설날에는 떡국을 먹어요.|We eat rice cake soup on New Year's Day.
2급 문법 7과 3항 14단어|만지다|만져|만집니다|만진다|만지면|to touch|1977|뜨거우니까 만지지 마세요.|Don't touch it because it's hot.
2급 읽이 5과 1항 11단어|양념|||||seasoning|1991|고기에 양념을 해서 구웠어요.|I seasoned the meat and grilled it.
2급 읽이 8과 1항 7단어|환영하다|환영해|환영합니다|환영한다|환영하면|to welcome|1995|새로운 학생을 환영해요.|I welcome the new student.
2급 읽이 3과 2항 3단어|부럽다|부러워|부럽습니다|부럽다|부러우면|to be envious|1996|친구의 성공이 부러워요.|I'm envious of my friend's success.
2급 문법 6과 8항 2단어|매장|||||store|2012|새로운 매장이 문을 열었어요.|A new store opened.
2급 읽이 2과 2항 14단어|장난감|||||toy|2014|아이들이 장난감으로 놀고 있어요.|The children are playing with toys.
2급 읽이 17과 1항 6단어|액션|||||action|2025|액션 영화를 보는 것을 좋아해요.|I like watching action movies.
2급 읽이 5과 2항 18단어|마늘|||||garlic|2027|요리에 마늘을 넣으면 맛있어요.|Food tastes good when you add garlic.
2급 읽이 4과 1항 8단어|트럭|||||truck|2041|이사할 때 트럭을 빌렸어요.|I rented a truck when moving.
2급 읽이 15과 2항 5단어|판|||||counting word for a whole pizza|2075|피자 한 판을 주문했어요.|I ordered one whole pizza.
2급 문법 16과 1항 26단어|젓다|저어|젓습니다|젓는다|저으면|to stir|2078|요리할 때 계속 저어야 해요.|You need to keep stirring while cooking.
2급 읽이 10과 2항 13단어|서류|||||document|2080|중요한 서류를 분실했어요.|I lost important documents.
2급 읽이 1과 1항 13단어|연휴|||||consecutive holidays|2090|긴 연휴에 여행을 갈 계획이에요.|I plan to travel during the long consecutive holidays.
2급 문법 14과 1항 1단어|이전|||||before|2116|이전에 살던 집이 그리워요.|I miss the house I lived in before.
2급 문법 8과 9항 14단어|씹다|씹어|씹습니다|씹는다|씹으면|to chew|2123|음식을 천천히 씹어서 드세요.|Please chew your food slowly.
2급 문법 15과 2항 3단어|현금|||||cash|2130|현금으로 계산하겠습니다.|I'll pay with cash.
2급 읽이 2과 1항 3단어|똑똑하다|똑똑해|똑똑합니다|똑똑하다|똑똑하면|to be smart|2139|우리 반에서 가장 똑똑한 학생이에요.|He's the smartest student in our class.
2급 문법 17과 2항 13단어|새 1|||||bird|2143|공원에서 예쁜 새를 봤어요.|I saw a beautiful bird in the park.
2급 문법 1과 9항 9단어|새 2|||||new|2143|새 학기가 시작됐어요.|The new semester has started.
2급 문법 11과 2항 11단어|주차장|||||parking lot|2157|주차장에 자리가 없어서 길에 댔어요.|There was no space in the parking lot so I parked on the street.
2급 문법 1과 3항 9단어|사귀다|사귀어|사귑니다|사귄다|사귀면|to make friends|2166|대학교에서 좋은 친구들을 사귀었어요.|I made good friends at university.
2급 읽이 5과 1항 3단어|설탕|||||sugar|2179|커피에 설탕을 넣어 주세요.|Please add sugar to the coffee.
2급 문법 15과 1항 8단어|날짜|||||date|2187|약속 날짜를 확인해 보세요.|Please check the appointment date.
2급 문법 5과 3항 12단어|깎다|깎아|깎습니다|깎는다|깎으면|to cut|2191|과일을 깎아서 먹었어요.|I peeled fruit and ate it.
2급 읽이 9과 1항 13단어|학기|||||semester|2192|이번 학기에 열심히 공부할 거예요.|I will study hard this semester.
2급 문법 10과 3항 2단어|당기다|당겨|당깁니다|당긴다|당기면|to pull|2198|문을 당겨서 열어 주세요.|Please pull the door to open it.
2급 읽이 1과 2항 20단어|아시아|||||Asia|2214|아시아 여러 나라를 여행하고 싶어요.|I want to travel to various countries in Asia.
2급 읽이 5과 2항 21단어|햄|||||ham|2217|샌드위치에 햄을 넣었어요.|I put ham in the sandwich.
2급 문법 17과 2항 5단어|기타|||||guitar|2243|기타를 배우고 싶어요.|I want to learn guitar.
2급 문법 20과 1항 14단어|안개|||||mist or fog|2267|안개가 껴서 운전하기 어려웠어요.|It was difficult to drive because of the fog.
2급 읽이 4과 1항 7단어|별로|||||not much, not really|2277|그 영화는 별로 재미없었어요.|That movie wasn't really interesting.
2급 문법 6과 9항 6단어|반지|||||ring|2284|결혼반지를 잃어버렸어요.|I lost my wedding ring.
2급 읽이 9과 1항 15단어|사흘|||||four days|2292|사흘 동안 부산에 있었어요.|I was in Busan for four days.
2급 읽이 9과 2항 1단어|사흘|||||three days|2292|사흘 후에 시험이 있어요.|There's an exam in three days.
2급 읽이 5과 1항 14단어|음료|||||drink or beverage|2306|목이 마르니까 음료를 사 주세요.|I'm thirsty so please buy me a drink.
2급 읽이 20과 2항 8단어|실내|||||indoor|2308|실내에서 담배를 피우면 안 돼요.|You can't smoke indoors.
2급 문법 10과 3항 7단어|접다|접어|접습니다|접는다|접으면|to fold|2319|종이를 반으로 접었어요.|I folded the paper in half.
2급 읽이 7과 1항 2단어|흰색|||||white|2326|흰색 셔츠를 입고 있어요.|I'm wearing a white shirt.
2급 읽이 5과 1항 9단어|채소|||||vegetables|2342|건강을 위해 채소를 많이 먹어요.|I eat a lot of vegetables for my health.
2급 문법 16과 2항 17단어|줄이다|줄여|줄입니다|줄인다|줄이면|to reduce|2350|체중을 줄이려고 운동하고 있어요.|I'm exercising to reduce my weight.
2급 읽이 1과 1항 20단어|잊어버리다|잊어버려|잊어버립니다|잊어버린다|잊어버리면|to forget|2354|친구의 생일을 잊어버렸어요.|I forgot my friend's birthday.
2급 문법 20과 2항 4단어|햇빛|||||sunlight or sunshine|2360|햇빛이 너무 강해서 선글라스를 썼어요.|The sunlight was too strong so I wore sunglasses.
2급 문법 6과 2항 3단어|마트|||||market|2368|마트에서 생필품을 샀어요.|I bought daily necessities at the market.
2급 읽이 17과 2항 11단어|소파|||||sofa|2383|거실 소파에서 텔레비전을 봤어요.|I watched TV on the living room sofa.
2급 문법 14과 1항 9단어|계산하다|계산해|계산합니다|계산한다|계산하면|to calculate|2385|수학 문제를 계산했어요.|I calculated the math problem.
2급 읽이 5과 2항 27단어|양파|||||onion|2412|요리할 때 양파를 많이 써요.|I use a lot of onions when cooking.
2급 문법 13과 1항 12단어|순서|||||order or sequence|2429|일을 순서대로 해 주세요.|Please do the work in order.
2급 읽이 3과 1항 12단어|남쪽|||||the south|2445|제주도는 한국의 남쪽에 있어요.|Jeju Island is in the south of Korea.
2급 읽이 5과 2항 28단어|달걀|||||egg|2446|아침에 달걀을 삶아서 먹었어요.|I boiled eggs and ate them for breakfast.
2급 읽이 5과 2항 6단어|썰다|썰어|썹니다|썬다|썰면|to cut or chop|2450|야채를 썰어서 볶았어요.|I chopped vegetables and stir-fried them.
2급 읽이 3과 1항 2단어|섬|||||island|2467|여름휴가 때 섬에 가고 싶어요.|I want to go to an island during summer vacation.
2급 읽이 1과 2항 6단어|별|||||star|2473|밤하늘에 별이 많이 보여요.|Many stars are visible in the night sky.
2급 문법 18과 1항 6단어|겉 1|||||surface|2480|사과의 겉을 깨끗하게 씻었어요.|I washed the surface of the apple clean.
2급 읽이 20과 1항 10단어|겉 2|||||outside|2480|겉은 차갑지만 속은 따뜻해요.|The outside is cold but the inside is warm.
2급 문법 18과 2항 11단어|유치원|||||Kindergarten|2483|아이가 유치원에 다니고 있어요.|My child is attending kindergarten.
2급 문법 17과 2항 15단어|오토바이|||||motorcycle|2493|오토바이를 타고 출근해요.|I commute to work by motorcycle.
2급 읽이 5과 2항 5단어|접시|||||plate|2500|음식을 접시에 담아서 내놓았어요.|I put the food on a plate and served it.
2급 읽이 6과 2항 15단어|회원|||||member|2511|헬스장 회원이 되었어요.|I became a gym member.
2급 읽이 3과 2항 11단어|서쪽|||||the west|2512|해가 서쪽으로 지고 있어요.|The sun is setting in the west.
2급 문법 7과 3항 12단어|떠들다|떠들어|떠듭니다|떠든다|떠들면|to chatter|2535|도서관에서 떠들면 안 돼요.|You shouldn't chatter in the library.
2급 읽이 10과 2항 10단어|글쎄요|||||well, let me see|2539|글쎄요, 잘 모르겠어요.|Well, I'm not sure.
2급 문법 13과 2항 15단어|봉투|||||envelope|2542|편지를 봉투에 넣어서 보냈어요.|I put the letter in an envelope and sent it.
2급 문법 7과 2항 5단어|갈아입다|갈아입어|갈아입습니다|갈아입는다|갈아입으면|to change clothes|2548|운동 후에 옷을 갈아입었어요.|I changed clothes after exercising.
2급 문법 7과 8항 5단어|월급|||||salary or paycheck|2573|이번 달 월급을 받았어요.|I received this month's salary.
2급 읽이 6과 1항 14단어|택배|||||package|2576|택배가 도착했다는 연락을 받았어요.|I received a notice that the package arrived.
2급 읽이 10과 1항 7단어|그대로|||||as it is|2594|모든 것을 그대로 두고 나왔어요.|I left everything as it is and came out.
2급 문법 10과 2항 5단어|빌려주다|빌려줘|빌려줍니다|빌려준다|빌려주면|to borrow|2599|친구에게 책을 빌려줬어요.|I lent a book to my friend.
2급 읽이 3과 1항 6단어|북쪽|||||the north|2629|북쪽에서 찬 바람이 불어와요.|Cold wind blows from the north.
2급 읽이 17과 1항 14단어|세|||||years old, age, years|2639|우리 아이가 다섯 세예요.|Our child is five years old.
2급 읽이 17과 2항 12단어|밴드|||||band|2644|좋아하는 밴드의 공연을 봤어요.|I saw a performance by my favorite band.
2급 읽이 6과 1항 13단어|도시락|||||packed lunch|2658|어머니가 도시락을 싸 주셨어요.|My mother packed a lunch for me.
2급 문법 16과 1항 19단어|긋다|그어|긋습니다|긋는다|그으면|to draw a line|2668|종이에 선을 그었어요.|I drew a line on the paper.
2급 문법 2과 2항 5단어|연예인|||||entertainer|2702|유명한 연예인을 우연히 만났어요.|I accidentally met a famous entertainer.
2급 문법 13과 2항 5단어|올려놓다|올려놔|올려놓습니다|올려놓는다|올려놓으면|to place on top of something|2703|책상 위에 컴퓨터를 올려놓았어요.|I placed the computer on top of the desk.
2급 문법 6과 3항 14단어|토마토|||||tomato|2706|샐러드에 토마토를 넣었어요.|I put tomatoes in the salad.
2급 읽이 14과 1항 12단어|글씨|||||letter or writing|2718|한글 글씨를 예쁘게 쓰고 싶어요.|I want to write Korean letters beautifully.
2급 읽이 4과 2항 1단어|거실|||||living room|2726|거실에서 가족과 함께 시간을 보내요.|I spend time with my family in the living room.
2급 읽이 5과 2항 3단어|볶다|볶아|볶습니다|볶는다|볶으면|to stir-fry, fry or roast|2731|야채를 볶아서 반찬을 만들었어요.|I stir-fried vegetables and made a side dish.
2급 문법 12과 1항 11단어|마치다|마쳐|마칩니다|마친다|마치면|to end or finish|2739|회의를 마치고 집에 갔어요.|I finished the meeting and went home.
2급 문법 17과 2항 1단어|피아노|||||piano|2758|어릴 때부터 피아노를 배웠어요.|I've been learning piano since I was young.
2급 문법 14과 1항 5단어|검색하다|검색해|검색합니다|검색한다|검색하면|to search|2771|인터넷에서 정보를 검색했어요.|I searched for information on the internet.
2급 읽이 3과 1항 15단어|동쪽|||||the east|2776|해가 동쪽에서 떠올라요.|The sun rises in the east.
2급 문법 12과 1항 4단어|외우다|외워|외웁니다|외운다|외우면|to memorize|2809|영어 단어를 외우고 있어요.|I'm memorizing English words.
2급 문법 18과 1항 14단어|연기하다|연기해|연기합니다|연기한다|연기하면|to postpone|2825|비 때문에 소풍을 연기했어요.|We postponed the picnic because of rain.
2급 문법 10과 3항 5단어|밀다|밀어|밉니다|민다|밀면|to push|2881|무거운 상자를 밀어서 옮겼어요.|I pushed the heavy box to move it.
2급 읽이 5과 1항 20단어|소고기|||||beef|2884|소고기로 불고기를 만들었어요.|I made bulgogi with beef.
2급 문법 13과 2항 9단어|길이|||||length|2901|이 책상의 길이가 얼마나 돼요?|What is the length of this desk?
2급 문법 12과 1항 14단어|질문하다|질문해|질문합니다|질문한다|질문하면|to ask a question|2924|궁금한 것이 있으면 질문하세요.|If you have questions, please ask.
2급 읽이 5과 2항 25단어|버섯|||||mushroom|2947|버섯을 넣어서 찌개를 끓였어요.|I made stew by adding mushrooms.
2급 문법 10과 3항 9단어|펴다|펴|펍니다|편다|펴면|to unfold or spread|2977|신문을 펴서 뉴스를 읽었어요.|I unfolded the newspaper and read the news.
2급 읽이 3과 2항 6단어|신선하다|신선해|신선합니다|신선하다|신선하면|to be fresh|2979|이 생선은 아주 신선해요.|This fish is very fresh.
2급 읽이 4과 2항 2단어|부엌|||||kitchen|2984|부엌에서 저녁을 준비하고 있어요.|I'm preparing dinner in the kitchen.
2급 읽이 19과 1항 18단어|해변|||||seashore or beach|2999|여름에는 해변에서 수영해요.|I swim at the beach in summer.
2급 읽이 10과 2항 16단어|퇴근하다|퇴근해|퇴근합니다|퇴근한다|퇴근하면|to leave one's office or get off from work|3001|6시에 퇴근해서 집에 갔어요.|I left work at 6 o'clock and went home.
2급 문법 4과 9항 4단어|식탁|||||table|3006|식탁에 앉아서 밥을 먹었어요.|I sat at the table and ate rice.
2급 문법 17과 2항 9단어|연극|||||play|3015|주말에 연극을 보러 갔어요.|I went to see a play on the weekend.
2급 읽이 18과 1항 2단어|취소하다|취소해|취소합니다|취소한다|취소하면|to cancel|3028|비행기 표를 취소했어요.|I cancelled the plane ticket.
2급 읽이 6과 2항 4단어|장갑|||||gloves|3047|추워서 장갑을 끼고 나갔어요.|It was cold so I went out wearing gloves.
2급 읽이 9과 2항 10단어|취소|||||cancellation|3049|예약 취소를 하고 싶어요.|I want to make a reservation cancellation.
2급 읽이 4과 1항 11단어|에어컨|||||air conditioner|3071|더워서 에어컨을 켰어요.|It was hot so I turned on the air conditioner.
2급 읽이 13과 1항 3단어|계좌|||||account|3091|새로운 은행 계좌를 만들었어요.|I created a new bank account.
2급 읽이 3과 2항 1단어|그립다|그리워|그립습니다|그립다|그리우면|to miss or long for|3117|고향이 그리워서 편지를 썼어요.|I missed my hometown so I wrote a letter.
2급 읽이 11과 2항 3단어|주차|||||parking|3123|주차할 곳을 찾고 있어요.|I'm looking for a place to park.
2급 문법 6과 9항 3단어|목걸이|||||necklace|3142|어머니께 목걸이를 선물드렸어요.|I gave my mother a necklace as a gift.
2급 읽이 7과 1항 15단어|베스트|||||best|3162|이번 시험에서 베스트를 다했어요.|I did my best on this exam.
2급 읽이 16과 2항 19단어|알|||||pill|3165|하루에 세 번 알을 먹어야 해요.|You need to take pills three times a day.
2급 읽이 11과 2항 8단어|퇴근|||||leave one's office or get off of work|3184|퇴근 시간이 되어서 집에 갔어요.|It was time to get off work so I went home.
2급 읽이 8과 1항 8단어|초대하다|초대해|초대합니다|초대한다|초대하면|to invite|3190|친구들을 생일파티에 초대했어요.|I invited friends to my birthday party.
2급 읽이 7과 2항 8단어|하얗다|하얘|하얗습니다|하얗다|하야면|to be white|3192|눈이 와서 길이 하얗게 변했어요.|It snowed so the road turned white.
2급 읽이 2과 2항 16단어|대전|||||Daejeon|3227|대전에 사는 친구를 만나러 갔어요.|I went to meet a friend who lives in Daejeon.
2급 읽이 1과 2항 8단어|졸업하다|졸업해|졸업합니다|졸업한다|졸업하면|to graduate|3239|내년에 대학교를 졸업할 예정이에요.|I plan to graduate from university next year.
2급 문법 11과 1항 16단어|요금|||||rate or fee|3245|버스 요금이 올라서 부담스러워요.|The bus fare went up so it's burdensome.
2급 읽이 19과 1항 11단어|요금|||||charge or rate|3245|호텔 요금을 미리 확인해 보세요.|Please check the hotel rates in advance.
2급 읽이 15과 2항 15단어|파스타|||||pasta|3249|이탈리아 식당에서 파스타를 먹었어요.|I ate pasta at an Italian restaurant.
2급 문법 14과 1항 11단어|통화하다|통화해|통화합니다|통화한다|통화하면|to speak over the phone|3278|친구와 한 시간 동안 통화했어요.|I spoke with my friend on the phone for an hour.
2급 읽이 5과 2항 33단어|끓다|끓어|끓습니다|끓는다|끓으면|to boil|3296|물이 끓으면 라면을 넣으세요.|When the water boils, add the ramen.
2급 읽이 8과 2항 10단어|샐러드|||||salad|3298|다이어트를 위해 샐러드만 먹었어요.|I only ate salad for my diet.
2급 읽이 2과 2항 1단어|조카|||||nephew or niece|3333|조카가 너무 귀여워요.|My nephew/niece is so cute.
2급 문법 2과 8항 2단어|조카|||||niece|3333|조카를 돌봐주러 언니 집에 갔어요.|I went to my sister's house to take care of my niece.
2급 읽이 2과 1항 6단어|착하다|착해|착합니다|착하다|착하면|to be good-natured or nice|3347|우리 반 친구들은 모두 착해요.|All the friends in our class are good-natured.
2급 문법 11과 1항 13단어|손잡이|||||doorknob|3358|문 손잡이가 고장나서 문을 열 수 없어요.|The doorknob is broken so I can't open the door.
2급 읽이 4과 1항 10단어|싣다|실어|싣습니다|싣는다|실으면|to load up|3375|트럭에 짐을 실어서 이사했어요.|I loaded luggage onto the truck and moved.
2급 읽이 8과 1항 1단어|동아리|||||student club|3393|대학교에서 음악 동아리에 들어갔어요.|I joined a music club at university.
2급 읽이 7과 2항 12단어|갈색|||||brown|3432|갈색 코트를 입고 있어요.|I'm wearing a brown coat.
2급 읽이 17과 2항 13단어|악기|||||musical instrument|3440|피아노는 제가 좋아하는 악기예요.|Piano is my favorite musical instrument.
2급 문법 12과 1항 15단어|출석하다|출석해|출석합니다|출석한다|출석하면|to attend or be present|3452|모든 수업에 출석해야 해요.|You must attend all classes.
2급 읽이 7과 2항 6단어|까맣다|까매|까맣습니다|까맣다|까마면|to be black|3485|밤하늘이 까매서 별이 잘 보여요.|The night sky is black so the stars are clearly visible.
2급 문법 16과 1항 25단어|잇다|이어|잇습니다|잇는다|이으면|to join or connect|3516|두 도시를 잇는 다리가 있어요.|There's a bridge that connects the two cities.
2급 읽이 9과 2항 15단어|일주일|||||one week|3538|일주일 후에 시험이 있어요.|There's an exam in one week.
2급 읽이 19과 2항 8단어|전주|||||Jeonju|3553|전주 비빔밥이 유명해요.|Jeonju bibimbap is famous.
2급 문법 12과 2항 9단어|등록|||||registration|3558|수강 등록을 마쳤어요.|I completed course registration.
2급 읽이 3과 1항 1단어|빌딩|||||building|3569|우리 회사는 새 빌딩으로 이사했어요.|Our company moved to a new building.
2급 읽이 19과 2항 5단어|가이드|||||tour guide|3625|여행 가이드가 친절하게 설명해 줬어요.|The tour guide kindly explained to us.
2급 읽이 6과 2항 11단어|상가|||||shopping mall|3627|지하 상가에서 쇼핑했어요.|I shopped at the underground shopping mall.
2급 읽이 5과 1항 7단어|비비다|비벼|비빕니다|비빈다|비비면|to mix|3635|비빔밥을 잘 비벼서 드세요.|Please mix the bibimbap well and eat it.
2급 읽이 10과 2항 1단어|실례하다|실례해|실례합니다|실례한다|실례하면|excuse me|3655|실례합니다만, 길을 물어봐도 될까요?|Excuse me, may I ask for directions?
2급 읽이 1과 2항 26단어|유학|||||study abroad, international study|3693|미국으로 유학을 가고 싶어요.|I want to go study abroad in America.
2급 문법 13과 1항 3단어|우선|||||first|3696|우선 숙제부터 끝내세요.|First finish your homework.
2급 읽이 5과 2항 20단어|돼지고기|||||pork|3710|돼지고기로 제육볶음을 만들었어요.|I made stir-fried pork with pork.
2급 문법 2과 8항 1단어|친척|||||relatives|3722|추석에는 친척들과 만나요.|I meet relatives during Chuseok.
2급 문법 8과 9항 11단어|휴지|||||toilet paper or tissue|3740|감기에 걸려서 휴지가 많이 필요해요.|I caught a cold so I need a lot of tissues.
2급 읽이 8과 1항 10단어|보라색|||||purple|3747|보라색 꽃이 아름다워요.|The purple flowers are beautiful.
2급 문법 19과 1항 7단어|객실|||||guestroom|3750|호텔 객실이 깨끗하고 넓어요.|The hotel guestroom is clean and spacious.
2급 읽이 2과 1항 14단어|지루하다|지루해|지루합니다|지루하다|지루하면|to be boring or tedious|3755|그 영화는 너무 지루했어요.|That movie was too boring.
2급 읽이 5과 2항 4단어|냄비|||||pot|3790|냄비에 물을 끓이고 있어요.|I'm boiling water in the pot.
2급 읽이 5과 2항 8단어|덜다|덜어|덥니다 |던다 |덜면|to put|3795|그릇에 밥을 덜어 주세요.|Please put rice in the bowl.
2급 문법 6과 3항 8단어|배추|||||Chinese cabbage|3801|김치를 담그려면 배추가 필요해요.|You need Chinese cabbage to make kimchi.
2급 문법 2과 9항 1단어|고모|||||aunt on the father's side|3812|고모께서 선물을 보내 주셨어요.|My aunt sent me a present.
2급 문법 5과 9항 1단어|감자|||||potato|3818|감자를 삶아서 먹었어요.|I boiled potatoes and ate them.
2급 읽이 5과 1항 24단어|반찬|||||side dish|3820|어머니가 맛있는 반찬을 만들어 주셨어요.|My mother made delicious side dishes.
2급 문법 13과 1항 9단어|도장|||||seal or stamp|3841|서류에 도장을 찍어야 해요.|You need to stamp the documents.
2급 읽이 7과 1항 10단어|회색|||||gray|3856|회색 양복을 입고 회사에 갔어요.|I wore a gray suit and went to the company.
2급 읽이 16과 2항 14단어|도움|||||help|3887|친구의 도움으로 숙제를 끝냈어요.|I finished my homework with my friend's help.
2급 읽이 3과 1항 18단어|네덜란드|||||Netherlands|3938|네덜란드에서 온 친구가 있어요.|I have a friend from the Netherlands.
2급 읽이 7과 2항 10단어|사실|||||fact|3965|사실을 말해 주세요.|Please tell me the facts.
2급 문법 6과 3항 15단어|포스터|||||poster|3973|벽에 영화 포스터를 붙였어요.|I put a movie poster on the wall.
2급 문법 16과 2항 11단어|몸무게|||||person's weight|3977|다이어트해서 몸무게가 줄었어요.|I lost weight from dieting.
2급 문법 15과 1항 11단어|연락처|||||contact information|3989|친구의 연락처를 잃어버렸어요.|I lost my friend's contact information.
2급 읽이 5과 1항 21단어|국|||||soup or broth|3993|추운 날에는 따뜻한 국이 맛있어요.|Hot soup is delicious on cold days.
2급 읽이 5과 2항 31단어|참기름|||||sesame oil|4010|나물에 참기름을 넣어서 무쳤어요.|I seasoned the vegetables with sesame oil.
2급 문법 14과 1항 10단어|녹음하다|녹음해|녹음합니다|녹음한다|녹음하면|to record|4012|수업 내용을 녹음했어요.|I recorded the class content.
2급 문법 5과 3항 1단어|고추장|||||gochujang (red pepper paste)|4019|비빔밥에 고추장을 넣어서 비볐어요.|I mixed bibimbap with gochujang.
2급 문법 15과 1항 12단어|연말|||||end of the year|4032|연말에는 모임이 많아요.|There are many gatherings at the end of the year.
2급 읽이 5과 2항 2단어|삶다|삶아|삶습니다|삶는다|삶으면|to boil|4061|계란을 삶아서 먹었어요.|I boiled eggs and ate them.
2급 읽이 1과 1항 2단어|방송국|||||broadcasting station|4065|언니가 방송국에서 아나운서로 일해요.|My sister works as an announcer at a broadcasting station.
2급 읽이 9과 1항 18단어|모이다|모여|모입니다|모인다|모이면|to gather, to get together|4069|친구들이 카페에서 모였어요.|Friends gathered at the cafe.
2급 읽이 8과 1항 9단어|서두르다|서둘러|서두릅니다|서두른다|서두르면|to hurry|4089|늦을까 봐 서둘러서 나왔어요.|I hurried out because I was afraid of being late.
2급 문법 13과 1항 8단어|비밀번호|||||password|4099|컴퓨터 비밀번호를 바꿨어요.|I changed my computer password.
2급 문법 20과 2항 14단어|쓸다|쓸어|씁니다 |쓴다|쓸면|to sweep|4105|마당을 빗자루로 쓸었어요.|I swept the yard with a broom.
2급 읽이 7과 2항 15단어|무늬|||||pattern|4135|이 옷의 무늬가 예뻐요.|The pattern on this clothing is pretty.
2급 문법 16과 1항 6단어|기침|||||cough|4146|감기에 걸려서 기침이 나요.|I have a cough because I caught a cold.
2급 읽이 5과 2항 32단어|후추|||||black pepper|4157|스테이크에 후추를 뿌렸어요.|I sprinkled black pepper on the steak.
2급 읽이 9과 1항 20단어|열흘|||||ten days|4176|열흘 동안 일본에 여행을 갔어요.|I went on a trip to Japan for ten days.
2급 문법 15과 2항 8단어|외출|||||going out|4177|외출할 때는 문을 꼭 잠그세요.|When going out, make sure to lock the door.
2급 문법 2과 8항 4단어|시청|||||city hall|4196|민원 업무를 보러 시청에 갔어요.|I went to city hall for civil affairs.
2급 읽이 3과 1항 3단어|시골|||||countryside|4210|시골에서 자란 할머니는 자연을 좋아하세요.|Grandmother, who grew up in the countryside, likes nature.
2급 읽이 20과 2항 6단어|선글라스|||||sunglasses|4274|햇빛이 강해서 선글라스를 썼어요.|The sunlight was strong so I wore sunglasses.
2급 읽이 11과 2항 6단어|체육관|||||gym|4278|체육관에서 운동하고 있어요.|I'm exercising at the gym.
2급 읽이 1과 1항 22단어|메모|||||memo|4283|중요한 내용을 메모해 두었어요.|I made a memo of important content.
2급 문법 9과 8항 7단어|섭섭하다|섭섭해|섭섭합니다|섭섭하다|섭섭하면|to be sad or disappointed|4287|친구가 약속을 취소해서 섭섭해요.|I'm disappointed because my friend cancelled our appointment.
2급 문법 13과 1항 2단어|통장|||||bankbook|4338|통장을 잃어버려서 은행에 신고했어요.|I lost my bankbook so I reported it to the bank.
2급 문법 17과 2항 6단어|동전|||||copper coin|4346|자판기에 동전을 넣었어요.|I put coins into the vending machine.
2급 읽이 5과 2항 30단어|다지다|다져|다집니다|다진다|다지면|to mince|4376|마늘을 다져서 요리에 넣었어요.|I minced garlic and put it in the dish.
2급 문법 9과 9항 1단어|나흘|||||four days|4379|나흘 후에 출장을 갈 예정이에요.|I plan to go on a business trip in four days.
2급 읽이 14과 2항 7단어|깜빡하다|깜빡해|깜빡합니다|깜빡한다|깜빡하면|to forget|4402|약속을 깜빡해서 친구에게 사과했어요.|I forgot the appointment so I apologized to my friend.
2급 읽이 16과 2항 12단어|입원|||||admittance to the hospital|4440|아버지가 수술을 위해 입원하셨어요.|My father was admitted to the hospital for surgery.
2급 문법 4과 8항 4단어|욕실|||||bathroom|4447|욕실에서 샤워를 했어요.|I took a shower in the bathroom.
2급 문법 5과 9항 10단어|쓰레기통|||||trash can|4525|쓰레기통에 휴지를 버렸어요.|I threw tissues in the trash can.
2급 문법 1과 3항 6단어|출판사|||||publishing company|4541|동생이 출판사에서 편집자로 일해요.|My younger sibling works as an editor at a publishing company.
2급 읽이 9과 1항 19단어|인턴|||||intern or internship|4548|대학생 때 회사에서 인턴을 했어요.|I did an internship at a company when I was a college student.
2급 문법 4과 8항 5단어|세탁기|||||washing machine|4586|세탁기에 옷을 넣고 빨았어요.|I put clothes in the washing machine and washed them.
2급 문법 4과 9항 8단어|옷장|||||closet|4599|옷장에서 코트를 꺼냈어요.|I took out a coat from the closet.
2급 읽이 15과 1항 15단어|뷔페|||||buffet|4602|호텔 뷔페에서 아침을 먹었어요.|I ate breakfast at the hotel buffet.
2급 문법 5과 3항 2단어|된장|||||doenjang (fermented soybean paste)|4624|된장찌개를 끓여서 먹었어요.|I made doenjang stew and ate it.
2급 읽이 10과 1항 5단어|입국|||||entry into a country or immigration|4629|공항에서 입국 수속을 했어요.|I went through immigration procedures at the airport.
2급 문법 16과 1항 10단어|소화|||||digestion|4649|기름진 음식을 먹으면 소화가 안 돼요.|I have trouble digesting when I eat greasy food.
2급 읽이 1과 2항 10단어|전공|||||major|4650|대학교에서 경제학을 전공했어요.|I majored in economics at university.
2급 문법 20과 2항 16단어|졸리다|졸려|졸립니다|졸린다|졸리면|to become sleepy|4720|밤늦게 공부하니까 졸려요.|I'm sleepy because I'm studying late at night.
2급 읽이 4과 2항 8단어|편리하다|편리해|편리합니다|편리하다|편리하면|to be convenient|4780|지하철이 집 근처에 있어서 편리해요.|It's convenient because the subway is near my house.
2급 읽이 1과 1항 3단어|항공사|||||airline company|4790|외국 항공사를 이용해서 여행했어요.|I traveled using a foreign airline company.
2급 문법 19과 2항 3단어|유물|||||relic|4794|박물관에서 고대 유물을 봤어요.|I saw ancient relics at the museum.
2급 문법 11과 1항 8단어|광화문|||||Gwanghwamun|4830|광화문 광장에서 친구와 만났어요.|I met my friend at Gwanghwamun Square.
2급 읽이 4과 1항 3단어|짐|||||goods or luggage|4848|여행가기 전에 짐을 쌌어요.|I packed my luggage before traveling.
2급 문법 4과 9항 9단어|현관|||||entrance or front door|4897|현관에서 신발을 벗고 들어오세요.|Please take off your shoes at the entrance and come in.
2급 읽이 3과 1항 4단어|해산물|||||seafood|4905|부산에서 신선한 해산물을 먹었어요.|I ate fresh seafood in Busan.
2급 문법 5과 9항 20단어|튀기다|튀겨|튀깁니다|튀긴다|튀기면|to deep fry|4920|감자를 튀겨서 감자튀김을 만들었어요.|I deep fried potatoes and made french fries.
2급 문법 13과 2항 3단어|포장하다|포장해|포장합니다|포장한다|포장하면|to wrap|4925|선물을 예쁘게 포장했어요.|I wrapped the gift beautifully.
2급 읽이 1과 2항 23단어|입학하다|입학해|입학합니다|입학한다|입학하면|to enter a school|4930|내년에 대학교에 입학할 예정이에요.|I plan to enter university next year.
2급 문법 18과 2항 14단어|입학하다|입학해|입학합니다|입학한다|입학하면|to enter into a school|4930|좋은 대학교에 입학하고 싶어요.|I want to enter a good university.
2급 문법 5과 2항 3단어|명절|||||holiday|4942|추석은 한국의 대표적인 명절이에요.|Chuseok is Korea's representative holiday.
2급 문법 5과 9항 27단어|찌다|쪄|찝니다|찐다|찌면|to steam|4951|만두를 쪄서 먹었어요.|I steamed dumplings and ate them.
2급 문법 2과 3항 5단어|이마|||||forehead|4962|열이 나는지 이마를 만져봤어요.|I touched my forehead to see if I had a fever.
2급 문법 14과 2항 9단어|답장|||||answer or reply|4968|편지를 받고 답장을 썼어요.|I received a letter and wrote a reply.
2급 문법 17과 1항 9단어|록|||||rock|4971|록 음악을 들으면서 운동해요.|I exercise while listening to rock music.
2급 읽이 11과 2항 14단어|건너편|||||opposite side|4988|건너편에 있는 카페에서 만날까요?|Shall we meet at the cafe on the opposite side?
2급 문법 14과 2항 2단어|함께|||||with, together|5008|가족과 함께 저녁을 먹었어요.|I ate dinner together with my family.
2급 읽이 4과 1항 5단어|계약하다|계약해|계약합니다|계약한다|계약하면|to make a contract|5014|새 집 임대 계약을 했어요.|I made a rental contract for a new house.
2급 읽이 8과 1항 4단어|모임|||||meeting or gathering|5033|동창 모임에 참석했어요.|I attended an alumni gathering.
2급 읽이 10과 2항 9단어|신분증|||||identification card|5050|여권이나 신분증을 지참해 주세요.|Please bring your passport or identification card.
2급 읽이 17과 2항 16단어|책장|||||bookshelf|5060|책장에 좋아하는 책들을 정리했어요.|I organized my favorite books on the bookshelf.
2급 읽이 8과 2항 5단어|샴페인|||||champagne|5116|결혼식에서 샴페인을 마셨어요.|I drank champagne at the wedding.
2급 읽이 10과 2항 11단어|연장하다|연장해|연장합니다|연장한다|연장하면|to extend or prolong|5148|비자를 연장해야 해요.|I need to extend my visa.
2급 읽이 12과 2항 1단어|등록하다|등록해|등록합니다|등록한다|등록하면|to register|5149|수강신청을 위해 먼저 등록해야 해요.|You need to register first for course registration.
2급 읽이 7과 1항 5단어|원피스|||||one-piece dress|5154|파티에 입을 원피스를 샀어요.|I bought a one-piece dress to wear to the party.
2급 문법 6과 8항 1단어|할인|||||discount|5193|세일 기간에 할인을 많이 받았어요.|I got a big discount during the sale period.
2급 문법 16과 1항 15단어|사고|||||accident|5198|교통사고를 목격했어요.|I witnessed a traffic accident.
2급 읽이 3과 1항 8단어|관광지|||||tourist destination|5215|제주도는 유명한 관광지예요.|Jeju Island is a famous tourist destination.
2급 읽이 6과 2항 9단어|쿠폰|||||coupon|5218|할인 쿠폰을 사용해서 저렴하게 샀어요.|I bought it cheaply using a discount coupon.
2급 읽이 5과 2항 35단어|부치다|부쳐|부칩니다|부친다|부치면|to fry or griddle|5229|전을 부쳐서 명절 음식을 준비했어요.|I prepared holiday food by making pancakes.
2급 문법 13과 2항 13단어|부치다|부쳐|부칩니다|부친다|부치면|to send or ship|5229|고향에 선물을 부쳤어요.|I sent a gift to my hometown.
2급 읽이 5과 2항 26단어|당근|||||carrot|5235|당근을 썰어서 볶음에 넣었어요.|I chopped carrots and put them in the stir-fry.
2급 읽이 5과 1항 28단어|페스티벌|||||festival|5246|음악 페스티벌에 가서 공연을 봤어요.|I went to a music festival and watched performances.
2급 읽이 16과 2항 8단어|종합|||||comprehensive|5283|종합병원에서 건강검진을 받았어요.|I received a comprehensive health checkup at the general hospital.
2급 읽이 15과 2항 2단어|배달하다|배달해|배달합니다|배달한다|배달하면|to deliver|5301|피자를 집까지 배달해 주세요.|Please deliver the pizza to my house.
2급 문법 6과 2항 1단어|비누|||||soap|5332|손을 비누로 깨끗하게 씻었어요.|I washed my hands clean with soap.
2급 문법 7과 3항 5단어|청바지|||||blue jeans|5404|편안한 청바지를 입고 나갔어요.|I went out wearing comfortable blue jeans.
2급 읽이 12과 2항 11단어|외국어|||||foreign language|5408|외국어를 배우는 것이 어려워요.|Learning foreign languages is difficult.
2급 읽이 5과 1항 2단어|식초|||||vinegar|5490|샐러드에 식초를 넣어서 새콤하게 만들었어요.|I added vinegar to the salad to make it tangy.
2급 읽이 4과 2항 10단어|미용실|||||hair salon|5526|머리를 자르러 미용실에 갔어요.|I went to the hair salon to get my hair cut.
2급 문법 6과 9항 4단어|배낭|||||backpack|5600|여행할 때 배낭에 필요한 물건을 넣었어요.|I put necessary items in my backpack when traveling.
2급 문법 3과 3항 7단어|서해|||||West Sea|5615|서해에서 해넘이를 봤어요.|I watched the sunset at the West Sea.
2급 읽이 7과 1항 4단어|분홍색|||||pink|5634|분홍색 꽃이 예뻐서 사진을 찍었어요.|I took a picture because the pink flowers were pretty.
2급 읽이 9과 1항 17단어|서른|||||thirty|5649|형은 올해 서른 살이에요.|My older brother is thirty years old this year.
2급 문법 20과 1항 10단어|춘천|||||Chuncheon|5654|춘천 닭갈비가 맛있기로 유명해요.|Chuncheon dakgalbi is famous for being delicious.
2급 읽이 3과 1항 13단어|노르웨이|||||Norway|5683|노르웨이에서 온 교환학생을 만났어요.|I met an exchange student from Norway.
2급 읽이 3과 2항 9단어|하와이|||||Hawaii|5685|신혼여행으로 하와이에 갔어요.|I went to Hawaii for my honeymoon.
2급 문법 16과 2항 13단어|선풍기|||||electric fan|5695|더워서 선풍기를 켰어요.|It was hot so I turned on the electric fan.
2급 읽이 2과 1항 9단어|뚱뚱하다|뚱뚱해|뚱뚱합니다|뚱뚱하다|뚱뚱하면|to be fat|5712|다이어트를 해서 뚱뚱하지 않게 되었어요.|I dieted so I'm no longer fat.
2급 읽이 19과 1항 2단어|여행지|||||travel destination|5726|인기 있는 여행지를 추천해 주세요.|Please recommend popular travel destinations.
2급 문법 11과 2항 2단어|경복궁|||||Gyeongbok Palace|5776|경복궁에서 전통 문화를 체험했어요.|I experienced traditional culture at Gyeongbok Palace.
2급 읽이 7과 1항 1단어|양복|||||a suit|5894|면접을 위해 양복을 입었어요.|I wore a suit for the interview.
2급 문법 7과 3항 8단어|양복|||||suit|5894|결혼식에 입을 양복을 맞췄어요.|I had a suit tailored for the wedding.
2급 읽이 9과 1항 16단어|닷새|||||five days|5924|닷새 동안 제주도에 머물렀어요.|I stayed in Jeju Island for five days.
2급 읽이 13과 1항 11단어|환율|||||exchange rate|5960|환율이 좋을 때 달러를 바꿨어요.|I exchanged dollars when the exchange rate was good.
2급 문법 4과 3항 6단어|주유소|||||gas station|6005|기름이 떨어져서 주유소에 들렀어요.|I stopped at a gas station because I ran out of gas.
2급 읽이 20과 1항 16단어|최저|||||lowest or minimum|6089|오늘 최저 기온이 영하 10도예요.|Today's minimum temperature is minus 10 degrees.
2급 읽이 20과 1항 9단어|비구름|||||rain cloud|6126|하늘에 비구름이 끼어서 비가 올 것 같아요.|Rain clouds have gathered in the sky so it looks like it will rain.
2급 읽이 13과 1항 8단어|서명|||||signature|6140|계약서에 서명을 했어요.|I signed the contract.
2급 읽이 20과 1항 22단어|외출하다|외출해|외출합니다|외출한다|외출하면|to go out|6141|친구를 만나러 외출했어요.|I went out to meet my friend.
2급 읽이 8과 2항 7단어|화분|||||flowerpot|6190|화분에 예쁜 꽃을 심었어요.|I planted pretty flowers in the flowerpot.
2급 문법 11과 1항 17단어|종로|||||Jongno|6234|종로에서 전통 찻집을 찾았어요.|I found a traditional tea house in Jongno.
2급 문법 17과 2항 7단어|만화책|||||comic book|6252|어릴 때 만화책을 많이 읽었어요.|I read a lot of comic books when I was young.
2급 읽이 20과 1항 17단어|평년|||||common year|6315|올해는 평년보다 더 더운 것 같아요.|This year seems hotter than a common year.
2급 문법 11과 1항 3단어|홍대|||||Hongdae|6325|홍대에서 친구들과 놀았어요.|I hung out with friends in Hongdae.
2급 읽이 6과 2항 14단어|클릭|||||click|6397|링크를 클릭해서 웹사이트에 들어갔어요.|I clicked the link and entered the website.
2급 문법 8과 9항 13단어|졸다|졸아|좁니다|존다|졸면|to doze|6420|수업 시간에 졸면 안 돼요.|You shouldn't doze during class.
2급 읽이 17과 1항 1단어|코미디|||||comedy|6435|재미있는 코미디 영화를 봤어요.|I watched a funny comedy movie.
2급 문법 8과 3항 2단어|동창|||||schoolmate|6472|고등학교 동창을 우연히 만났어요.|I accidentally met a high school schoolmate.
2급 문법 17과 2항 11단어|드럼|||||drum|6546|밴드에서 드럼을 연주해요.|I play drums in a band.
2급 읽이 2과 2항 6단어|외할머니|||||maternal grandmother|6633|외할머니께서 맛있는 음식을 해 주셨어요.|My maternal grandmother made delicious food for me.
2급 읽이 2과 2항 7단어|외삼촌|||||uncle (brother of one's mother)|6649|외삼촌이 결혼하셔서 축하했어요.|My uncle got married so I congratulated him.
2급 읽이 5과 1항 8단어|닭고기|||||chicken|6662|닭고기로 찜을 만들어서 먹었어요.|I made steamed chicken and ate it.
2급 문법 11과 1항 11단어|벨|||||bell|6685|엘리베이터 벨을 눌러서 호출했어요.|I pressed the elevator bell to call it.
2급 읽이 13과 2항 8단어|우편|||||mail service|6728|중요한 서류를 우편으로 보냈어요.|I sent important documents by mail service.
2급 읽이 18과 1항 10단어|게으르다|게을러|게으릅니다|게으른다|게으르면|to be lazy|6783|게으르지 말고 열심히 공부하세요.|Don't be lazy and study hard.
2급 문법 19과 1항 8단어|기념품|||||souvenir|6807|여행에서 기념품을 사 왔어요.|I bought souvenirs from the trip.
2급 문법 1과 8항 1단어|대학원|||||graduate school|6824|대학원에서 석사 과정을 밟고 있어요.|I'm pursuing a master's degree in graduate school.
2급 문법 15과 2항 4단어|결제하다|결제해|결제합니다|결제한다|결제하면|to make a payment|6851|온라인으로 결제했어요.|I made a payment online.
2급 읽이 6과 2항 8단어|빙수|||||shaved ice with syrup|6952|더운 여름에 빙수를 먹었어요.|I ate shaved ice with syrup in the hot summer.
2급 문법 20과 2항 10단어|집안일|||||household matters|6958|주말에는 집안일을 해야 해요.|I need to do household chores on weekends.
2급 문법 16과 1항 1단어|열|||||fever|6984|아이가 열이 나서 병원에 갔어요.|The child had a fever so we went to the hospital.
2급 문법 6과 9항 2단어|귀걸이|||||earring|7021|어머니께 귀걸이를 선물드렸어요.|I gave my mother earrings as a gift.
2급 문법 19과 2항 2단어|볼거리|||||things to see|7067|이 도시에는 볼거리가 많아요.|There are many things to see in this city.
2급 문법 5과 8항 4단어|프라이팬|||||fry pan|7082|프라이팬에 계란을 부쳤어요.|I fried eggs in the fry pan.
2급 문법 16과 1항 7단어|콧물|||||nose runnings or drippings|7095|감기에 걸려서 콧물이 계속 나와요.|I have a cold so my nose keeps running.
2급 문법 15과 1항 17단어|평일|||||weekday|7114|평일에는 일하고 주말에는 쉬어요.|I work on weekdays and rest on weekends.
2급 문법 6과 3항 3단어|칫솔|||||toothbrush|7127|새 칫솔로 이를 닦았어요.|I brushed my teeth with a new toothbrush.
2급 문법 19과 2항 1단어|해외여행|||||overseas trip|7160|해외여행을 가기 위해 돈을 모으고 있어요.|I'm saving money to go on an overseas trip.
2급 문법 15과 1항 19단어|비다|비어|빕니다|빈다|비면|to be empty|7172|냉장고가 비어서 장을 보러 갔어요.|The refrigerator was empty so I went grocery shopping.
2급 읽이 4과 1항 1단어|이사하다|이사해|이사합니다|이사한다|이사하면|to move|7251|더 넓은 집으로 이사했어요.|I moved to a bigger house.
2급 읽이 1과 2항 1단어|의학|||||medical science|7344|의학을 전공해서 의사가 되었어요.|I majored in medical science and became a doctor.
2급 읽이 6과 1항 5단어|치약|||||toothpaste|7384|치약을 짜서 이를 닦았어요.|I squeezed toothpaste and brushed my teeth.
2급 읽이 3과 1항 19단어|속초|||||Sokcho|7401|속초에서 신선한 오징어를 먹었어요.|I ate fresh squid in Sokcho.
2급 문법 1과 8항 3단어|전공하다|전공해|전공합니다|전공한다|전공하면|to major in|7430|무엇을 전공할지 고민하고 있어요.|I'm thinking about what to major in.
2급 문법 7과 2항 2단어|반바지|||||shorts|7433|더운 여름에는 반바지를 입어요.|I wear shorts in the hot summer.
2급 문법 3과 3항 10단어|한라산|||||Halla Mountain|7483|제주도에서 한라산에 올라갔어요.|I climbed Halla Mountain in Jeju Island.
2급 문법 5과 8항 3단어|기름|||||oil|7491|요리할 때 기름을 적게 써요.|I use less oil when cooking.
2급 문법 11과 1항 24단어|대다|대|댑니다|댄다|대면|to put or apply|7493|상처에 연고를 대서 치료했어요.|I treated the wound by applying ointment.
2급 문법 6과 3항 4단어|포도|||||grapes|7556|달콤한 포도를 사서 먹었어요.|I bought sweet grapes and ate them.
2급 문법 16과 1항 12단어|땀|||||sweat|7576|운동을 해서 땀을 많이 흘렸어요.|I sweated a lot from exercising.
2급 문법 20과 2항 11단어|환기|||||ventilation|7583|방이 답답해서 창문을 열어 환기시켰어요.|The room was stuffy so I opened the window for ventilation.
2급 문법 19과 1항 15단어|왕복|||||roundtrip|7670|서울에서 부산까지 왕복 표를 샀어요.|I bought a roundtrip ticket from Seoul to Busan.
2급 읽이 4과 2항 4단어|베란다|||||veranda|7683|베란다에서 빨래를 널어 말렸어요.|I hung and dried laundry on the veranda.
2급 문법 13과 2항 6단어|항공편|||||by airmail|7716|급한 서류를 항공편으로 보냈어요.|I sent urgent documents by airmail.
2급 읽이 4과 1항 12단어|원룸|||||studio apartment|7726|대학생 때 원룸에서 혼자 살았어요.|I lived alone in a studio apartment when I was a college student.
2급 읽이 5과 2항 29단어|시금치|||||spinach|7761|시금치를 무쳐서 나물을 만들었어요.|I seasoned spinach and made a vegetable side dish.
2급 읽이 10과 1항 13단어|동양|||||Oriental|7826|동양 문화에 관심이 많아요.|I'm very interested in Oriental culture.
2급 읽이 7과 1항 14단어|로션|||||lotion|7901|건조한 피부에 로션을 발랐어요.|I applied lotion to my dry skin.
2급 문법 20과 2항 7단어|장화|||||boots|7950|비가 와서 장화를 신고 나갔어요.|It was raining so I went out wearing boots.
2급 문법 19과 2항 10단어|수학여행|||||school trip|7956|고등학교 때 수학여행으로 경주에 갔어요.|I went to Gyeongju on a school trip in high school.
2급 읽이 7과 1항 12단어|립스틱|||||lipstick|7967|화장할 때 립스틱을 발랐어요.|I applied lipstick when putting on makeup.
2급 문법 7과 3항 10단어|조끼|||||vest|7990|양복 위에 조끼를 입었어요.|I wore a vest over my suit.
2급 읽이 19과 2항 13단어|야경|||||night view|8010|부산 해운대 야경이 아름다워요.|The night view of Haeundae in Busan is beautiful.
2급 읽이 3과 2항 17단어|서핑|||||surfing|8011|하와이에서 서핑을 배웠어요.|I learned surfing in Hawaii.
2급 읽이 4과 2항 11단어|찜질방|||||jjimjilbang (Korean dry sauna)|8042|친구들과 찜질방에 가서 밤을 샜어요.|I went to a jjimjilbang with friends and stayed up all night.
2급 읽이 6과 1항 4단어|생수|||||spring water|8045|목이 말라서 생수를 마셨어요.|I was thirsty so I drank spring water.
2급 문법 11과 2항 16단어|주차하다|주차해|주차합니다|주차한다|주차하면|to park|8060|백화점 지하에 차를 주차했어요.|I parked my car in the department store basement.
2급 읽이 5과 2항 22단어|잡채|||||japchae (clear noodles stir-fried with beef and vegetables)|8071|명절에 잡채를 만들어서 가족과 함께 먹었어요.|I made japchae during the holiday and ate it with my family.
2급 문법 8과 9항 9단어|잡채|||||japchae(clear noodles stir-fried with beef and vegetables)|8071|한국 전통 음식인 잡채를 좋아해요.|I like japchae, which is traditional Korean food.
2급 문법 13과 1항 4단어|서명하다|서명해|서명합니다|서명한다|서명하면|to sign one's name|8186|계약서에 서명하고 도장을 찍었어요.|I signed my name on the contract and stamped it.
2급 읽이 6과 1항 7단어|라면|||||ramen|8199|밤늦게 배가 고파서 라면을 끓여 먹었어요.|I was hungry late at night so I boiled ramen and ate it.
2급 읽이 20과 1항 8단어|목도리|||||scarf|8250|추운 겨울에 목도리를 둘러쌌어요.|I wrapped a scarf around my neck in the cold winter.
2급 읽이 19과 1항 13단어|체크인|||||check-in|8275|호텔에 도착해서 체크인을 했어요.|I arrived at the hotel and checked in.
2급 읽이 7과 1항 6단어|하늘색|||||sky-blue|8319|하늘색 셔츠가 시원해 보여요.|The sky-blue shirt looks cool.
2급 읽이 14과 2항 5단어|서울역|||||Seoul Station|8342|KTX를 타기 위해 서울역에 갔어요.|I went to Seoul Station to take the KTX.
2급 문법 11과 2항 4단어|밀리다|밀려|밀립니다|밀린다|밀리면|to be backed up|8359|출근 시간에 차가 밀려서 지각했어요.|I was late because traffic was backed up during rush hour.
2급 읽이 3과 1항 10단어|하노이|||||Hanoi|8406|베트남 하노이에서 맛있는 쌀국수를 먹었어요.|I ate delicious rice noodles in Hanoi, Vietnam.
2급 문법 11과 2항 3단어|출퇴근|||||enter and leave one's office|8411|출퇴근 시간에는 지하철이 복잡해요.|The subway is crowded during commuting hours.
2급 읽이 2과 1항 8단어|어리다|어려|어립니다|어린다|어리면|to be young|8434|어린 시절의 추억이 그리워요.|I miss memories from when I was young.
2급 읽이 3과 1항 20단어|동해|||||East Sea|8462|강원도에서 동해 바다를 구경했어요.|I saw the East Sea in Gangwon Province.
2급 문법 18과 2항 5단어|출국하다|출국해|출국합니다|출국한다|출국하면|to depart from a country|8464|유학을 위해 한국을 출국했어요.|I departed from Korea to study abroad.
2급 문법 6과 9항 7단어|수영복|||||swimsuit|8504|해수욕장에 가기 위해 수영복을 샀어요.|I bought a swimsuit to go to the beach.
2급 읽이 5과 1항 25단어|깍두기|||||Kkakdugi (diced radish kimchi)|8544|깍두기와 함께 고기를 먹으면 맛있어요.|It's delicious to eat meat with kkakdugi.
2급 읽이 18과 2항 9단어|증권사|||||securities company|8623|아버지는 증권사에서 일하세요.|My father works at a securities company.
2급 문법 13과 2항 16단어|우표|||||stamp|8680|편지에 붙일 우표를 샀어요.|I bought stamps to put on the letter.
2급 문법 20과 1항 13단어|습하다|습해|습합니다|습하다|습하면|to be humid|8708|여름에는 날씨가 덥고 습해요.|The weather is hot and humid in summer.
2급 문법 3과 3항 9단어|온천|||||hot spring or spa|8709|온천에 가서 피로를 풀었어요.|I went to a hot spring and relieved my fatigue.
2급 문법 12과 2항 10단어|등록금|||||registration fee|8722|대학교 등록금이 너무 비싸요.|University registration fees are too expensive.
2급 문법 9과 3항 6단어|연세|||||age in honorific form|8755|할아버지의 연세가 어떻게 되세요?|What is your grandfather's age?
2급 읽이 8과 2항 4단어|찻잔|||||tea set or teacup|8762|예쁜 찻잔에 차를 따라 마셨어요.|I poured tea into a pretty teacup and drank it.
2급 문법 17과 2항 17단어|매다|매어|맵니다|맨다|매면|to tie up|8784|신발끈을 단단히 매고 운동했어요.|I tied my shoelaces tightly and exercised.
2급 읽이 5과 2항 24단어|당면|||||clear noodles|8851|잡채를 만들 때 당면을 사용해요.|I use clear noodles when making japchae.
2급 문법 17과 2항 4단어|낚시하다|낚시해|낚시합니다|낚시한다|낚시하면|to fish|8863|주말에 강에서 낚시했어요.|I went fishing at the river on the weekend.
2급 문법 3과 3항 6단어|롤러코스터|||||roller coaster|8871|롤러코스터를 타면서 소리를 질렀어요.|I screamed while riding the roller coaster.
2급 읽이 8과 2항 16단어|빈손|||||empty-handed|8962|선물을 깜빡해서 빈손으로 갔어요.|I forgot the gift so I went empty-handed.
2급 읽이 2과 2항 3단어|이모부|||||uncle (husband of one's mother's sister)|8966|이모부께서 좋은 직장을 소개해 주셨어요.|My uncle introduced me to a good job.
2급 읽이 7과 2항 7단어|파랗다|파래|파랗습니다|파랗다|파라면|to be blue|8979|파란 하늘을 보면 기분이 좋아져요.|I feel good when I see the blue sky.
2급 읽이 3과 1항 17단어|케이블카|||||cable car|8991|산 정상까지 케이블카를 타고 올라갔어요.|I took a cable car to the top of the mountain.
2급 읽이 2과 1항 2단어|날씬하다|날씬해|날씬합니다|날씬하다|날씬하면|to be slim|9005|다이어트를 해서 날씬해졌어요.|I became slim from dieting.
2급 문법 16과 2항 7단어|치료비|||||medical fee|9100|병원 치료비가 너무 비싸서 부담스러워요.|Hospital medical fees are so expensive that it's burdensome.
2급 문법 19과 1항 18단어|일정|||||itinerary|9157|여행 일정을 미리 계획해야 해요.|You need to plan the travel itinerary in advance.
2급 문법 7과 9항 12단어|노랗다|노래|노랗습니다|노랗다|노라면|to be yellow|9163|가을에 은행나무 잎이 노래져요.|Ginkgo tree leaves turn yellow in autumn.
2급 읽이 12과 1항 14단어|마다|||||each|9174|학생마다 다른 취미를 가지고 있어요.|Each student has different hobbies.
2급 문법 1과 3항 4단어|신문사|||||newspaper publishing company|9208|형이 신문사에서 기자로 일해요.|My older brother works as a reporter at a newspaper company.
2급 문법 6과 9항 15단어|메다|메어|멥니다|멘다|메면|to carry|9236|어깨에 가방을 메고 학교에 갔어요.|I carried a bag on my shoulder and went to school.
2급 문법 14과 2항 4단어|바비큐|||||barbeque|9252|주말에 가족과 바비큐 파티를 했어요.|I had a barbecue party with my family on the weekend.
2급 읽이 11과 2항 12단어|내비게이션|||||navigation|9276|내비게이션을 보고 길을 찾았어요.|I found the way by looking at the navigation.
2급 읽이 19과 2항 7단어|국립|||||National|9279|국립박물관에서 역사를 공부했어요.|I studied history at the National Museum.
2급 문법 12과 1항 13단어|지각하다|지각해|지각합니다|지각한다|지각하면|to be tardy or late|9303|알람이 안 울려서 수업에 지각했어요.|The alarm didn't go off so I was late for class.
2급 문법 11과 1항 10단어|단말기|||||card reader|9308|지하철에서 교통카드를 단말기에 찍었어요.|I tapped my transportation card on the card reader in the subway.
2급 문법 7과 3항 4단어|점퍼|||||jacket|9351|쌀쌀한 날씨에 점퍼를 입었어요.|I wore a jacket in the chilly weather.
2급 읽이 13과 1항 12단어|원화|||||the Korean won|9385|달러를 원화로 환전했어요.|I exchanged dollars for Korean won.
2급 문법 3과 2항 2단어|남해|||||Southern Sea|9427|남해에서 아름다운 일몰을 봤어요.|I saw a beautiful sunset at the Southern Sea.
2급 문법 11과 1항 14단어|승강장|||||platform|9435|지하철 승강장에서 친구를 기다렸어요.|I waited for my friend on the subway platform.
2급 문법 12과 2항 8단어|교환|||||exchange|9462|외국 학생과 언어 교환을 했어요.|I did language exchange with a foreign student.
2급 읽이 5과 1항 17단어|파|||||green onion|9473|파를 송송 썰어서 국에 넣었어요.|I chopped green onions finely and put them in the soup.
2급 읽이 15과 2항 17단어|장바구니|||||shopping cart|9506|마트에서 장바구니에 물건을 담았어요.|I put items in the shopping cart at the mart.
2급 읽이 1과 2항 2단어|경제학|||||economics|9519|대학교에서 경제학을 전공했어요.|I majored in economics at university.
2급 문법 17과 2항 16단어|팩스|||||fax|9555|중요한 서류를 팩스로 보냈어요.|I sent important documents by fax.
2급 읽이 8과 1항 13단어|초대장|||||invitation card|9583|결혼식 초대장을 친구들에게 보냈어요.|I sent wedding invitation cards to my friends.
2급 문법 9과 9항 2단어|마흔|||||forty|9620|어머니는 올해 마흔 살이세요.|My mother is forty years old this year.
2급 읽이 17과 1항 9단어|로맨틱하다|로맨틱해|로맨틱합니다|로맨틱하다|로맨틱하면|to be romantic|9710|촛불 저녁 식사가 너무 로맨틱했어요.|The candlelight dinner was so romantic.
2급 읽이 9과 2항 6단어|축하|||||celebration or congratulations|9731|친구의 졸업을 축하해 줬어요.|I congratulated my friend on their graduation.
2급 읽이 2과 1항 5단어|아나운서|||||newscaster|9739|텔레비전에서 유명한 아나운서를 봤어요.|I saw a famous newscaster on television.
2급 문법 15과 1항 7단어|공휴일|||||legal holiday|9835|공휴일에는 은행이 문을 닫아요.|Banks are closed on legal holidays.
2급 읽이 8과 2항 9단어|갈비찜|||||galbi-jjim|9921|추석에 갈비찜을 만들어서 가족과 함께 먹었어요.|I made galbi-jjim during Chuseok and ate it with my family.
2급 문법 5과 2항 1단어|갈비찜|||||galbi-jjim(braised short ribs)|9921|할머니가 만든 갈비찜이 정말 맛있어요.|The galbi-jjim my grandmother made is really delicious.
2급 읽이 8과 2항 14단어|두루마리|||||roll of paper|9972|화장지 두루마리를 새로 샀어요.|I bought a new roll of toilet paper.
2급 문법 15과 1항 13단어|연초|||||beginning of the year|10039|연초에 새로운 목표를 세웠어요.|I set new goals at the beginning of the year.
2급 읽이 4과 2항 12단어|세탁소|||||laundry or dry cleaner's|10055|정장을 세탁소에 맡겼어요.|I left my suit at the dry cleaner's.
2급 문법 19과 1항 14단어|예절|||||courtesy or manners|10066|어른께 인사하는 예절을 배웠어요.|I learned the manners of greeting elders.
2급 읽이 1과 1항 19단어|편지|||||letter|10141|할머니께 편지를 써서 보냈어요.|I wrote and sent a letter to my grandmother.
2급 문법 17과 2항 8단어|볼링|||||bowling|10224|친구들과 볼링을 치러 갔어요.|I went bowling with my friends.
2급 읽이 5과 2항 13단어|삼계탕|||||samgyetang (ginseng chicken broth)|10394|여름에 보양식으로 삼계탕을 먹었어요.|I ate samgyetang as a nutritious food in summer.
2급 문법 16과 2항 1단어|약사|||||pharmacist|10414|약사에게 감기약을 추천받았어요.|I got a recommendation for cold medicine from the pharmacist.
2급 문법 11과 2항 9단어|우회전|||||right turn|10431|교차로에서 우회전해서 갔어요.|I made a right turn at the intersection and went.
2급 읽이 6과 1항 1단어|식료품|||||groceries|10524|주말에 식료품을 사러 마트에 갔어요.|I went to the mart to buy groceries on the weekend.
2급 문법 15과 2항 9단어|미래|||||future|10539|미래에 대한 꿈을 가지고 있어요.|I have dreams about the future.
2급 읽이 3과 1항 21단어|푸르다|푸르러|푸릅니다|푸른다|푸르면|to be blue|10582|바다가 푸르러서 아름다워요.|The sea is beautiful because it's blue.
2급 읽이 8과 1항 3단어|동호회|||||workplace club|10612|회사 동호회에서 등산을 갔어요.|I went hiking with the workplace club.
2급 읽이 4과 2항 15단어|룸메이트|||||roommate|10615|대학교 기숙사에서 룸메이트와 함께 살았어요.|I lived with a roommate in the university dormitory.
2급 읽이 2과 2항 9단어|외할아버지|||||maternal grandfather|10631|외할아버지께서 용돈을 주셨어요.|My maternal grandfather gave me allowance.
2급 문법 6과 3항 2단어|참외|||||Korean melon|10671|여름에 시원한 참외를 먹었어요.|I ate cool Korean melon in summer.
2급 문법 11과 2항 10단어|좌회전|||||left turn|10699|신호등에서 좌회전했어요.|I made a left turn at the traffic light.
2급 읽이 6과 2항 2단어|가전제품|||||electric home appliances|10716|새 집으로 이사해서 가전제품을 샀어요.|I moved to a new house and bought electric home appliances.
2급 문법 19과 1항 20단어|항공권|||||airline ticket|10726|여행을 위해 항공권을 예약했어요.|I booked airline tickets for travel.
2급 문법 19과 1항 10단어|렌터카|||||rental car|10741|제주도에서 렌터카를 빌려서 여행했어요.|I rented a rental car and traveled in Jeju Island.
2급 문법 12과 2항 11단어|시간표|||||time schedule|10817|기차 시간표를 확인하고 표를 샀어요.|I checked the train schedule and bought tickets.
2급 읽이 14과 2항 4단어|남산|||||Namsan|10947|남산타워에 올라가서 서울 야경을 봤어요.|I went up Namsan Tower and saw Seoul's night view.
2급 읽이 11과 1항 13단어|열차|||||train|11066|열차를 타고 부산에 갔어요.|I took a train and went to Busan.
2급 문법 20과 1항 20단어|개다|개어|갭니다|갠다|개면|to clear up|11122|비가 그치고 하늘이 개었어요.|The rain stopped and the sky cleared up.
2급 읽이 8과 1항 2단어|동창회|||||alumni association|11196|고등학교 동창회에 참석했어요.|I attended my high school alumni association meeting.
2급 읽이 7과 2항 5단어|쇼핑백|||||shopping bag|11211|쇼핑백에 산 물건을 담았어요.|I put the purchased items in the shopping bag.
2급 읽이 2과 1항 13단어|경주|||||Gyeongju|11223|경주에서 불국사를 구경했어요.|I visited Bulguksa Temple in Gyeongju.
2급 읽이 12과 1항 9단어|시험장|||||examination hall|11224|시험장에 일찍 도착해서 준비했어요.|I arrived early at the examination hall and prepared.
2급 문법 17과 2항 14단어|엽서|||||postcard|11435|여행지에서 친구에게 엽서를 보냈어요.|I sent a postcard to my friend from the travel destination.
2급 읽이 5과 1항 19단어|설렁탕|||||Seolleongtang (beef and rice soup)|11594|설렁탕에 밥을 말아서 먹었어요.|I mixed rice into the seolleongtang and ate it.
2급 읽이 5과 2항 15단어|대추|||||jujube|11617|대추차를 끓여서 마셨어요.|I boiled jujube tea and drank it.
2급 문법 2과 9항 3단어|큰아버지|||||uncle (father's older brother)|11731|큰아버지께서 결혼식에 오셨어요.|My uncle came to the wedding.
2급 읽이 5과 2항 14단어|인삼|||||ginseng|11763|건강을 위해 인삼차를 마셔요.|I drink ginseng tea for my health.
2급 문법 15과 2항 11단어|배달되다|배달돼|배달됩니다|배달된다|배달되면|to be delivered|12065|주문한 음식이 30분 후에 배달됐어요.|The food I ordered was delivered after 30 minutes.
2급 읽이 9과 1항 6단어|바로|||||immediately|12117|바로 병원에 가서 치료를 받았어요.|I immediately went to the hospital and received treatment.
2급 문법 9과 2항 6단어|바로|||||right|12117|바로 앞에 편의점이 있어요.|There's a convenience store right in front.
2급 읽이 7과 1항 3단어|블라우스|||||blouse|12169|흰색 블라우스를 입고 회사에 갔어요.|I wore a white blouse and went to work.
2급 문법 6과 9항 12단어|핸드백|||||handbag|12185|어머니께 핸드백을 선물드렸어요.|I gave my mother a handbag as a gift.
2급 읽이 19과 2항 11단어|먹을거리|||||things to eat|12202|시장에는 맛있는 먹을거리가 많아요.|There are many delicious things to eat at the market.
2급 읽이 19과 1항 15단어|프런트|||||front desk|12265|호텔 프런트에서 체크인을 했어요.|I checked in at the hotel front desk.
2급 문법 6과 2항 5단어|방석|||||sitting cushion|12305|바닥에 방석을 깔고 앉았어요.|I laid a sitting cushion on the floor and sat down.
2급 읽이 2과 2항 13단어|돌잔치|||||baby's first year birthday party|12313|조카의 돌잔치에 참석했어요.|I attended my nephew's first birthday party.
2급 문법 16과 1항 14단어|변비|||||constipation|12345|변비 때문에 병원에 갔어요.|I went to the hospital because of constipation.
2급 읽이 7과 1항 7단어|운동복|||||sportswear|12365|헬스장에서 운동복을 입고 운동했어요.|I wore sportswear and exercised at the gym.
2급 문법 13과 2항 1단어|소포|||||package or parcel|12441|고향에서 소포가 도착했어요.|A package arrived from my hometown.
2급 읽이 4과 1항 16단어|관리비|||||management expenses or utilities|12505|아파트 관리비가 매달 나와요.|Apartment management fees come out every month.
2급 문법 4과 3항 3단어|분식집|||||snack shop|12623|학교 앞 분식집에서 떡볶이를 먹었어요.|I ate tteokbokki at the snack shop in front of school.
2급 읽이 6과 2항 13단어|생필품|||||daily necessity|12652|생필품을 사러 마트에 갔어요.|I went to the mart to buy daily necessities.
2급 문법 19과 1항 11단어|리포터|||||reporter|12799|뉴스 리포터가 현장에서 중계하고 있어요.|The news reporter is broadcasting live from the scene.
2급 읽이 15과 2항 8단어|팥빙수|||||adzuki bean sherbert|12804|더운 여름에 시원한 팥빙수를 먹었어요.|I ate cool adzuki bean sherbert in the hot summer.
2급 문법 12과 2항 3단어|신청서|||||application or registration form|12844|장학금 신청서를 작성했어요.|I filled out a scholarship application form.
2급 문법 6과 8항 4단어|세일하다|세일해|세일합니다|세일한다|세일하면|to be on sale; to have a sale|12891|백화점에서 옷을 세일하고 있어요.|The department store is having a sale on clothes.
2급 문법 20과 2항 15단어|설거지하다|설거지해|설거지합니다|설거지한다|설거지하면|to wash dishes|12910|저녁 먹고 설거지를 했어요.|I washed dishes after dinner.
2급 문법 17과 2항 10단어|당구|||||billiards|12970|친구들과 당구장에서 당구를 쳤어요.|I played billiards with friends at the billiards hall.
2급 문법 16과 2항 16단어|한약|||||herbal medicine|13008|몸이 안 좋아서 한약을 먹고 있어요.|I'm taking herbal medicine because I'm not feeling well.
2급 문법 13과 2항 4단어|저울|||||scale|13083|몸무게를 재려고 저울에 올라갔어요.|I stepped on the scale to weigh myself.
2급 읽이 6과 1항 2단어|생활용품|||||living products|13221|새 집에 필요한 생활용품을 샀어요.|I bought living products needed for the new house.
2급 읽이 19과 2항 12단어|교통수단|||||transportation|13283|서울에는 다양한 교통수단이 있어요.|There are various types of transportation in Seoul.
2급 문법 12과 2항 13단어|휴학|||||temporary absence from school|13577|군대에 가기 위해 휴학을 했어요.|I took a temporary absence from school to go to the military.
2급 문법 6과 3항 1단어|감|||||persimmon|13600|가을에 달콤한 감을 먹었어요.|I ate sweet persimmons in autumn.
2급 읽이 19과 1항 14단어|체크아웃|||||check-out|13685|호텔에서 체크아웃하고 공항으로 갔어요.|I checked out of the hotel and went to the airport.
2급 문법 18과 1항 13단어|윗사람|||||one's senior or elders|13905|윗사람께 존댓말을 써야 해요.|You should use honorific language to your seniors or elders.
2급 읽이 11과 1항 11단어|전동차|||||electric train|13913|전동차를 타고 인천에 갔어요.|I took an electric train and went to Incheon.
2급 읽이 8과 2항 3단어|병문안|||||visiting someone who is sick|13982|아픈 친구를 병문안하러 병원에 갔어요.|I went to the hospital to visit my sick friend.
2급 문법 11과 2항 15단어|직진|||||straight ahead|14035|교차로에서 직진해서 가세요.|Go straight ahead at the intersection.
2급 문법 18과 2항 6단어|계획표|||||time schedule|14469|일주일 계획표를 만들어서 공부했어요.|I made a weekly schedule and studied.
2급 읽이 13과 2항 5단어|등기|||||registration|14648|중요한 서류를 등기로 보냈어요.|I sent important documents by registered mail.
2급 문법 4과 3항 4단어|이삿짐|||||goods to be moved|14936|이삿짐을 포장해서 트럭에 실었어요.|I packed the moving goods and loaded them onto the truck.
2급 읽이 2과 2항 10단어|생신|||||birthday in honorific form|14996|할아버지 생신에 가족이 모였어요.|The family gathered for grandfather's birthday.
2급 문법 16과 2항 8단어|감기약|||||cold medicine|15236|약국에서 감기약을 사서 먹었어요.|I bought cold medicine at the pharmacy and took it.
2급 읽이 2과 2항 17단어|고모부|||||uncle (husband of one's father's sister)|15578|고모부께서 취직을 축하해 주셨어요.|My uncle congratulated me on getting a job.
2급 읽이 11과 2항 9단어|제시간|||||on time|15669|약속에 제시간에 도착했어요.|I arrived on time for the appointment.
2급 읽이 8과 1항 11단어|뒤풀이|||||afterparty|15708|공연 후에 배우들과 뒤풀이를 했어요.|We had an afterparty with the actors after the performance.
2급 읽이 20과 1항 14단어|나들이|||||outing|15800|봄날에 가족과 나들이를 갔어요.|I went on an outing with my family on a spring day.
2급 읽이 1과 2항 13단어|경영학|||||business administration|15853|대학교에서 경영학을 전공했어요.|I majored in business administration at university.
2급 문법 8과 3항 11단어|회비|||||membership fee|15908|동아리 회비를 납부했어요.|I paid the club membership fee.
2급 읽이 11과 1항 1단어|하차|||||getting off|15987|다음 정류장에서 하차하겠습니다.|I will get off at the next stop.
2급 문법 14과 2항 6단어|농구공|||||basketball|16173|친구들과 농구공으로 농구를 했어요.|I played basketball with a basketball with my friends.
2급 문법 5과 9항 11단어|요리법|||||recipe|16266|어머니에게 김치찌개 요리법을 배웠어요.|I learned the kimchi stew recipe from my mother.
2급 문법 18과 1항 11단어|아랫사람|||||one's junior or subordinate|16324|아랫사람에게도 예의를 지켜야 해요.|You should be polite to your juniors or subordinates too.
2급 읽이 20과 2항 10단어|불국사|||||Bulguksa|17012|경주에서 불국사를 구경했어요.|I visited Bulguksa in Gyeongju.
2급 읽이 4과 1항 9단어|하숙집|||||boardinghouse|17036|대학생 때 하숙집에서 살았어요.|I lived in a boardinghouse when I was a college student.
2급 읽이 6과 1항 6단어|이불|||||blanket|17096|추운 밤에 따뜻한 이불을 덮고 잤어요.|I slept covered with a warm blanket on the cold night.
2급 문법 20과 1항 9단어|열쇠고리|||||keychain|17158|기념품으로 열쇠고리를 샀어요.|I bought a keychain as a souvenir.
2급 읽이 5과 1항 16단어|파전|||||Pajeon (green onion pan-fried in batter)|17176|비 오는 날에는 파전이 생각나요.|I think of pajeon on rainy days.
2급 읽이 20과 2항 11단어|석굴암|||||Seokguram|17335|석굴암에서 불상을 구경했어요.|I looked at the Buddha statue at Seokguram.
2급 문법 16과 2항 18단어|소화제|||||digestion medicine|17361|식사 후에 소화제를 먹었어요.|I took digestion medicine after the meal.
2급 문법 16과 1항 13단어|배탈|||||stomach disorder|17642|상한 음식을 먹어서 배탈이 났어요.|I got a stomach disorder from eating spoiled food.
2급 문법 11과 2항 13단어|유턴|||||U-turn|17721|길을 잘못 들어서 유턴을 했어요.|I made a wrong turn so I made a U-turn.
2급 문법 13과 1항 10단어|번호표|||||number ticket|17885|은행에서 번호표를 뽑고 기다렸어요.|I pulled a number ticket at the bank and waited.
2급 문법 19과 1항 3단어|숙박하다|숙박해|숙박합니다|숙박한다|숙박하면|to lodge in or stay at|18133|제주도에서 펜션에 숙박했어요.|I stayed at a pension in Jeju Island.
2급 읽이 3과 1항 14단어|오슬로|||||Oslo|18137|노르웨이의 수도 오슬로를 방문했어요.|I visited Oslo, the capital of Norway.
2급 문법 8과 9항 6단어|부케|||||bouquet|18185|결혼식에서 신부가 부케를 던졌어요.|The bride threw a bouquet at the wedding.
2급 문법 20과 1항 16단어|영하|||||sub-zero temperature|18297|내일 기온이 영하로 떨어질 예정이에요.|The temperature is expected to drop below zero tomorrow.
2급 문법 16과 2항 3단어|소독약|||||antiseptic|18406|상처에 소독약을 발라서 치료했어요.|I treated the wound by applying antiseptic.
2급 문법 8과 2항 3단어|기대|||||anticipation or expectation|18543|새 학기에 대한 기대가 커요.|My anticipation for the new semester is growing.
2급 문법 5과 2항 4단어|양념하다|양념해|양념합니다|양념한다|양념하면|to season or flavor|18816|고기에 양념해서 하루 동안 재웠어요.|I seasoned the meat and marinated it for a day.
2급 읽이 13과 2항 17단어|할인율|||||discount rate|18914|세일 기간에 할인율이 50%였어요.|The discount rate was 50% during the sale period.
2급 읽이 14과 2항 6단어|낮잠|||||nap|19251|점심 먹고 잠깐 낮잠을 잤어요.|I took a short nap after lunch.
2급 읽이 3과 1항 11단어|호찌민|||||Ho Chi Minh|19317|베트남 호찌민시를 여행했어요.|I traveled to Ho Chi Minh City in Vietnam.
2급 읽이 7과 2항 18단어|체크무늬|||||checkered pattern|19451|체크무늬 셔츠를 입고 나갔어요.|I went out wearing a checkered pattern shirt.
2급 읽이 11과 2항 15단어|톨게이트|||||tollgate|19476|고속도로 톨게이트에서 통행료를 냈어요.|I paid the toll at the highway tollgate.
2급 문법 10과 2항 4단어|결석하다|결석해|결석합니다|결석한다|결석하면|to be absent|19579|감기에 걸려서 수업을 결석했어요.|I was absent from class because I caught a cold.
2급 읽이 8과 2항 13단어|벽시계|||||wall clock|19822|거실 벽에 벽시계를 걸었어요.|I hung a wall clock on the living room wall.
2급 읽이 8과 2항 15단어|향초|||||scented candle|19921|방에서 향초를 켜고 휴식했어요.|I lit a scented candle in my room and relaxed.
2급 문법 11과 2항 6단어|좌회전하다|좌회전해|좌회전합니다|좌회전한다|좌회전하면|to make a left turn|19958|신호등에서 좌회전했어요.|I made a left turn at the traffic light.
2급 읽이 8과 2항 6단어|디지털카메라|||||digital camera|20056|여행갈 때 디지털카메라를 가져갔어요.|I brought a digital camera when traveling.
2급 문법 18과 2항 2단어|한|||||about|20100|한 시간 정도 걸릴 것 같아요.|It will probably take about an hour.
2급 문법 1과 9항 5단어|법학|||||law|20265|아버지는 법학을 전공하셨어요.|My father majored in law.
2급 읽이 6과 2항 6단어|식당가|||||food court|20903|백화점 식당가에서 점심을 먹었어요.|I ate lunch at the department store food court.
